customer_id,first_name,last_name,email,gender,birth_year,city,state,region,acquisition_channel,signup_date
10001,Ananya,Mishra,ananya.mishra1@gmail.com,F,1998,Mumbai,Maharashtra,West,Email,2024-01-01
10002,Pooja,Nair,pooja.nair2@gmail.com,F,1989,Gurugram,Haryana,North,Referral,2024-01-01
10003,Arjun,Nair,arjun.nair3@gmail.com,M,2001,Pune,Maharashtra,West,Organic Search,2024-01-01
10004,Aadhya,Pillai,aadhya.pillai4@gmail.com,M,2004,Mumbai,Maharashtra,West,Paid Social,2024-01-01
10005,Pari,Chopra,pari.chopra5@yahoo.in,M,1994,Bengaluru,Karnataka,South,Email,2024-01-01
10006,Neha,Reddy,neha.reddy6@yahoo.in,M,1997,Delhi,Delhi,North,Paid Social,2024-01-01
10007,Simran,Iyer,simran.iyer7@gmail.com,F,1992,Chennai,Tamil Nadu,South,Organic Search,2024-01-01
10008,Aarav,Sharma,aarav.sharma8@gmail.com,M,1991,Kolkata,West Bengal,East,Paid Social,2024-01-02
10009,Neha,Patel,neha.patel9@gmail.com,F,2004,Noida,Uttar Pradesh,North,Referral,2024-01-02
10010,Aman,Das,aman.das10@gmail.com,M,1987,Bengaluru,Karnataka,South,Organic Search,2024-01-02
10011,Kabir,Banerjee,kabir.banerjee11@outlook.com,F,2000,Hyderabad,Telangana,South,Paid Social,2024-01-02
10012,Aman,Patel,aman.patel12@gmail.com,M,1990,Ahmedabad,Gujarat,West,Paid Social,2024-01-02
10013,Arjun,Mishra,arjun.mishra13@outlook.com,M,1987,Kolkata,West Bengal,East,Paid Social,2024-01-03
10014,Rahul,Bose,rahul.bose14@gmail.com,F,2002,Pune,Maharashtra,West,Organic Search,2024-01-03
10015,Manish,Banerjee,manish.banerjee15@gmail.com,M,1999,Jaipur,Rajasthan,North,Organic Search,2024-01-03
10016,Myra,Kapoor,myra.kapoor16@gmail.com,M,1988,Pune,Maharashtra,West,Paid Social,2024-01-03
10017,Karan,Iyer,karan.iyer17@gmail.com,M,1992,Pune,Maharashtra,West,Organic Search,2024-01-03
10018,Krishna,Rao,krishna.rao18@gmail.com,F,1993,Lucknow,Uttar Pradesh,North,Paid Search,2024-01-03
10019,Kiara,Bose,kiara.bose19@gmail.com,F,1995,Hyderabad,Telangana,South,Paid Search,2024-01-04
10020,Arjun,Malhotra,arjun.malhotra20@gmail.com,F,1990,Indore,Madhya Pradesh,West,Organic Search,2024-01-04
10021,Sai,Iyer,sai.iyer21@gmail.com,F,2006,Mumbai,Maharashtra,West,Paid Social,2024-01-04
10022,Aadhya,Agarwal,aadhya.agarwal22@gmail.com,M,1985,Mumbai,Maharashtra,West,Affiliate,2024-01-04
10023,Manish,Gupta,manish.gupta23@outlook.com,M,1981,Mumbai,Maharashtra,West,Paid Search,2024-01-04
10024,Deepak,Das,deepak.das24@outlook.com,M,1993,Mumbai,Maharashtra,West,Organic Search,2024-01-04
10025,Aditya,Mishra,aditya.mishra25@gmail.com,M,1978,Pune,Maharashtra,West,Organic Search,2024-01-04
10026,Aditya,Rao,aditya.rao26@gmail.com,F,1987,Chandigarh,Chandigarh,North,Paid Social,2024-01-04
10027,Tanvi,Nair,tanvi.nair27@gmail.com,F,1988,Hyderabad,Telangana,South,Paid Search,2024-01-04
10028,Deepak,Banerjee,deepak.banerjee28@outlook.com,M,1994,Kochi,Kerala,South,Email,2024-01-04
10029,Rahul,Banerjee,rahul.banerjee29@yahoo.in,F,1992,Pune,Maharashtra,West,Paid Social,2024-01-05
10030,Amit,Banerjee,amit.banerjee30@yahoo.in,M,1995,Bengaluru,Karnataka,South,Paid Search,2024-01-05
10031,Vikram,Patel,vikram.patel31@yahoo.in,F,1987,Kolkata,West Bengal,East,Paid Search,2024-01-05
10032,Isha,Bose,isha.bose32@yahoo.in,F,1990,Noida,Uttar Pradesh,North,Paid Social,2024-01-05
10033,Riya,Gupta,riya.gupta33@gmail.com,F,1998,Gurugram,Haryana,North,Organic Search,2024-01-05
10034,Sai,Bose,sai.bose34@gmail.com,F,1975,Delhi,Delhi,North,Paid Search,2024-01-05
10035,Aditya,Khan,aditya.khan35@outlook.com,M,1997,Mumbai,Maharashtra,West,Paid Search,2024-01-05
10036,Aditya,Banerjee,aditya.banerjee36@gmail.com,M,1976,Chandigarh,Chandigarh,North,Paid Social,2024-01-05
10037,Rohan,Bose,rohan.bose37@gmail.com,F,1994,Ahmedabad,Gujarat,West,Paid Social,2024-01-05
10038,Amit,Shah,amit.shah38@outlook.com,M,1998,Mumbai,Maharashtra,West,Email,2024-01-05
10039,Ananya,Banerjee,ananya.banerjee39@yahoo.in,F,1996,Noida,Uttar Pradesh,North,Organic Search,2024-01-05
10040,Pooja,Khan,pooja.khan40@gmail.com,M,1989,Mumbai,Maharashtra,West,Email,2024-01-05
10041,Aarav,Mehta,aarav.mehta41@gmail.com,M,1996,Delhi,Delhi,North,Paid Social,2024-01-05
10042,Isha,Joshi,isha.joshi42@gmail.com,F,1986,Pune,Maharashtra,West,Referral,2024-01-06
10043,Reyansh,Nair,reyansh.nair43@gmail.com,F,2005,Jaipur,Rajasthan,North,Paid Social,2024-01-06
10044,Diya,Joshi,diya.joshi44@gmail.com,F,2000,Delhi,Delhi,North,Referral,2024-01-06
10045,Karan,Sharma,karan.sharma45@yahoo.in,F,1986,Delhi,Delhi,North,Paid Social,2024-01-06
10046,Aarav,Bose,aarav.bose46@gmail.com,M,2005,Bengaluru,Karnataka,South,Organic Search,2024-01-06
10047,Farhan,Gupta,farhan.gupta47@yahoo.in,F,1995,Lucknow,Uttar Pradesh,North,Paid Search,2024-01-06
10048,Ananya,Menon,ananya.menon48@gmail.com,F,1984,Bengaluru,Karnataka,South,Affiliate,2024-01-06
10049,Harpreet,Das,harpreet.das49@gmail.com,M,2003,Hyderabad,Telangana,South,Paid Search,2024-01-06
10050,Nikhil,Pillai,nikhil.pillai50@gmail.com,F,2006,Pune,Maharashtra,West,Referral,2024-01-07
10051,Lakshmi,Sharma,lakshmi.sharma51@yahoo.in,F,1991,Delhi,Delhi,North,Email,2024-01-07
10052,Vikram,Nair,vikram.nair52@rediffmail.com,F,1996,Indore,Madhya Pradesh,West,Paid Search,2024-01-07
10053,Kiara,Shah,kiara.shah53@gmail.com,M,1993,Delhi,Delhi,North,Email,2024-01-07
10054,Krishna,Joshi,krishna.joshi54@gmail.com,M,1998,Hyderabad,Telangana,South,Paid Search,2024-01-07
10055,Aditya,Mehta,aditya.mehta55@gmail.com,M,2000,Hyderabad,Telangana,South,Organic Search,2024-01-07
10056,Zoya,Iyer,zoya.iyer56@gmail.com,F,2001,Mumbai,Maharashtra,West,Paid Social,2024-01-08
10057,Karan,Pillai,karan.pillai57@gmail.com,F,1979,Lucknow,Uttar Pradesh,North,Referral,2024-01-08
10058,Reyansh,Rao,reyansh.rao58@gmail.com,M,1989,Bengaluru,Karnataka,South,Paid Search,2024-01-08
10059,Arjun,Khan,arjun.khan59@outlook.com,M,2001,Ahmedabad,Gujarat,West,Organic Search,2024-01-08
10060,Zoya,Menon,zoya.menon60@gmail.com,F,1988,Gurugram,Haryana,North,Paid Social,2024-01-08
10061,Aditya,Khan,aditya.khan61@outlook.com,M,1996,Hyderabad,Telangana,South,Referral,2024-01-08
10062,Rahul,Mishra,rahul.mishra62@outlook.com,F,1986,Chandigarh,Chandigarh,North,Paid Social,2024-01-09
10063,Aadhya,Mehta,aadhya.mehta63@yahoo.in,F,1999,Chennai,Tamil Nadu,South,Paid Search,2024-01-09
10064,Nikhil,Mehta,nikhil.mehta64@gmail.com,F,1994,Hyderabad,Telangana,South,Paid Search,2024-01-09
10065,Aditya,Chopra,aditya.chopra65@gmail.com,M,1998,Jaipur,Rajasthan,North,Paid Social,2024-01-09
10066,Arjun,Nair,arjun.nair66@gmail.com,M,1997,Lucknow,Uttar Pradesh,North,Organic Search,2024-01-09
10067,Reyansh,Bose,reyansh.bose67@gmail.com,F,1982,Mumbai,Maharashtra,West,Email,2024-01-09
10068,Riya,Mehta,riya.mehta68@gmail.com,F,2006,Hyderabad,Telangana,South,Organic Search,2024-01-10
10069,Nikhil,Reddy,nikhil.reddy69@gmail.com,F,1983,Delhi,Delhi,North,Paid Social,2024-01-10
10070,Nikhil,Iyer,nikhil.iyer70@gmail.com,F,2006,Chandigarh,Chandigarh,North,Email,2024-01-10
10071,Pooja,Nair,pooja.nair71@gmail.com,F,1976,Bengaluru,Karnataka,South,Paid Social,2024-01-10
10072,Ishaan,Menon,ishaan.menon72@gmail.com,F,1994,Delhi,Delhi,North,Referral,2024-01-10
10073,Kabir,Iyer,kabir.iyer73@gmail.com,M,1982,Delhi,Delhi,North,Organic Search,2024-01-10
10074,Reyansh,Patel,reyansh.patel74@gmail.com,M,2006,Hyderabad,Telangana,South,Paid Search,2024-01-10
10075,Reyansh,Pillai,reyansh.pillai75@gmail.com,M,1985,Pune,Maharashtra,West,Paid Social,2024-01-10
10076,Riya,Kapoor,riya.kapoor76@gmail.com,M,1985,Ahmedabad,Gujarat,West,Email,2024-01-11
10077,Priya,Banerjee,priya.banerjee77@outlook.com,M,1994,Lucknow,Uttar Pradesh,North,Paid Social,2024-01-11
10078,Kiara,Banerjee,kiara.banerjee78@yahoo.in,M,2005,Pune,Maharashtra,West,Organic Search,2024-01-11
10079,Reyansh,Malhotra,reyansh.malhotra79@outlook.com,M,2003,Ahmedabad,Gujarat,West,Organic Search,2024-01-11
10080,Karan,Rao,karan.rao80@gmail.com,F,1992,Mumbai,Maharashtra,West,Email,2024-01-11
10081,Simran,Gupta,simran.gupta81@outlook.com,F,1991,Kolkata,West Bengal,East,Paid Social,2024-01-11
10082,Aarav,Shah,aarav.shah82@yahoo.in,M,1998,Delhi,Delhi,North,Organic Search,2024-01-12
10083,Deepak,Das,deepak.das83@outlook.com,M,1993,Mumbai,Maharashtra,West,Paid Social,2024-01-12
10084,Ishaan,Chopra,ishaan.chopra84@gmail.com,F,1994,Chennai,Tamil Nadu,South,Organic Search,2024-01-12
10085,Lakshmi,Verma,lakshmi.verma85@yahoo.in,M,1992,Noida,Uttar Pradesh,North,Organic Search,2024-01-12
10086,Riya,Malhotra,riya.malhotra86@gmail.com,M,1998,Kolkata,West Bengal,East,Email,2024-01-13
10087,Arnav,Gupta,arnav.gupta87@gmail.com,F,1997,Mumbai,Maharashtra,West,Paid Social,2024-01-13
10088,Ishaan,Sharma,ishaan.sharma88@gmail.com,F,2006,Gurugram,Haryana,North,Organic Search,2024-01-13
10089,Sneha,Shah,sneha.shah89@gmail.com,M,1988,Delhi,Delhi,North,Email,2024-01-13
10090,Arjun,Singh,arjun.singh90@outlook.com,F,1988,Chandigarh,Chandigarh,North,Affiliate,2024-01-13
10091,Isha,Agarwal,isha.agarwal91@outlook.com,F,1993,Kochi,Kerala,South,Email,2024-01-13
10092,Ishaan,Khan,ishaan.khan92@gmail.com,M,1992,Kolkata,West Bengal,East,Referral,2024-01-14
10093,Aditya,Reddy,aditya.reddy93@gmail.com,M,2000,Ahmedabad,Gujarat,West,Affiliate,2024-01-14
10094,Simran,Das,simran.das94@gmail.com,F,1985,Delhi,Delhi,North,Organic Search,2024-01-14
10095,Farhan,Singh,farhan.singh95@gmail.com,F,2004,Mumbai,Maharashtra,West,Email,2024-01-15
10096,Saanvi,Malhotra,saanvi.malhotra96@gmail.com,F,1991,Mumbai,Maharashtra,West,Paid Search,2024-01-15
10097,Kiara,Kapoor,kiara.kapoor97@gmail.com,M,2003,Lucknow,Uttar Pradesh,North,Organic Search,2024-01-15
10098,Amit,Das,amit.das98@gmail.com,M,2006,Delhi,Delhi,North,Organic Search,2024-01-15
10099,Vikram,Shah,vikram.shah99@gmail.com,M,2002,Mumbai,Maharashtra,West,Organic Search,2024-01-15
10100,Pooja,Kumar,pooja.kumar100@gmail.com,M,1998,Mumbai,Maharashtra,West,Referral,2024-01-15
10101,Aadhya,Shah,aadhya.shah101@gmail.com,F,2002,Bengaluru,Karnataka,South,Email,2024-01-15
10102,Pari,Bose,pari.bose102@gmail.com,M,1991,Mumbai,Maharashtra,West,Organic Search,2024-01-15
10103,Manish,Verma,manish.verma103@outlook.com,M,1996,Delhi,Delhi,North,Email,2024-01-16
10104,Arjun,Mishra,arjun.mishra104@gmail.com,M,1988,Delhi,Delhi,North,Referral,2024-01-16
10105,Kiara,Verma,kiara.verma105@gmail.com,M,1989,Bengaluru,Karnataka,South,Organic Search,2024-01-16
10106,Ananya,Menon,ananya.menon106@gmail.com,F,1996,Bengaluru,Karnataka,South,Referral,2024-01-16
10107,Kabir,Rao,kabir.rao107@yahoo.in,M,1994,Gurugram,Haryana,North,Organic Search,2024-01-16
10108,Krishna,Patel,krishna.patel108@gmail.com,M,1997,Chennai,Tamil Nadu,South,Organic Search,2024-01-17
10109,Arjun,Yadav,arjun.yadav109@gmail.com,F,1995,Bengaluru,Karnataka,South,Paid Social,2024-01-17
10110,Lakshmi,Iyer,lakshmi.iyer110@gmail.com,M,1991,Gurugram,Haryana,North,Email,2024-01-17
10111,Harpreet,Gupta,harpreet.gupta111@gmail.com,F,2001,Jaipur,Rajasthan,North,Organic Search,2024-01-17
10112,Riya,Iyer,riya.iyer112@yahoo.in,F,1989,Kolkata,West Bengal,East,Paid Search,2024-01-17
10113,Deepak,Mishra,deepak.mishra113@outlook.com,F,1996,Mumbai,Maharashtra,West,Paid Social,2024-01-17
10114,Aman,Shah,aman.shah114@gmail.com,M,2003,Lucknow,Uttar Pradesh,North,Referral,2024-01-17
10115,Reyansh,Shah,reyansh.shah115@gmail.com,F,1999,Pune,Maharashtra,West,Email,2024-01-17
10116,Aman,Chopra,aman.chopra116@gmail.com,M,1993,Noida,Uttar Pradesh,North,Paid Search,2024-01-17
10117,Aman,Kumar,aman.kumar117@yahoo.in,F,1979,Hyderabad,Telangana,South,Email,2024-01-17
10118,Aarav,Shah,aarav.shah118@gmail.com,F,1991,Hyderabad,Telangana,South,Paid Social,2024-01-17
10119,Arnav,Khan,arnav.khan119@yahoo.in,F,2006,Hyderabad,Telangana,South,Organic Search,2024-01-18
10120,Riya,Yadav,riya.yadav120@yahoo.in,F,1992,Indore,Madhya Pradesh,West,Paid Social,2024-01-18
10121,Manish,Gupta,manish.gupta121@gmail.com,M,1993,Bengaluru,Karnataka,South,Paid Search,2024-01-18
10122,Neha,Reddy,neha.reddy122@gmail.com,M,1995,Chandigarh,Chandigarh,North,Paid Social,2024-01-18
10123,Riya,Patel,riya.patel123@gmail.com,M,1997,Chennai,Tamil Nadu,South,Paid Search,2024-01-18
10124,Farhan,Banerjee,farhan.banerjee124@gmail.com,M,1988,Gurugram,Haryana,North,Organic Search,2024-01-18
10125,Meera,Mishra,meera.mishra125@rediffmail.com,F,2000,Lucknow,Uttar Pradesh,North,Affiliate,2024-01-18
10126,Kavya,Banerjee,kavya.banerjee126@gmail.com,F,1997,Kolkata,West Bengal,East,Email,2024-01-18
10127,Reyansh,Malhotra,reyansh.malhotra127@gmail.com,F,1980,Kolkata,West Bengal,East,Paid Search,2024-01-19
10128,Pari,Joshi,pari.joshi128@gmail.com,M,1973,Pune,Maharashtra,West,Referral,2024-01-19
10129,Arjun,Shah,arjun.shah129@gmail.com,M,1989,Pune,Maharashtra,West,Affiliate,2024-01-19
10130,Vikram,Menon,vikram.menon130@gmail.com,M,1984,Delhi,Delhi,North,Organic Search,2024-01-19
10131,Aarav,Mishra,aarav.mishra131@rediffmail.com,F,1996,Bengaluru,Karnataka,South,Paid Social,2024-01-19
10132,Aadhya,Kumar,aadhya.kumar132@gmail.com,M,1991,Delhi,Delhi,North,Organic Search,2024-01-20
10133,Riya,Mishra,riya.mishra133@gmail.com,M,1997,Chandigarh,Chandigarh,North,Referral,2024-01-20
10134,Arnav,Bose,arnav.bose134@rediffmail.com,F,1997,Mumbai,Maharashtra,West,Organic Search,2024-01-20
10135,Rohan,Nair,rohan.nair135@gmail.com,F,1985,Chennai,Tamil Nadu,South,Referral,2024-01-20
10136,Ananya,Patel,ananya.patel136@gmail.com,M,1991,Kolkata,West Bengal,East,Organic Search,2024-01-20
10137,Vivaan,Menon,vivaan.menon137@outlook.com,M,1989,Kolkata,West Bengal,East,Paid Search,2024-01-20
10138,Pari,Agarwal,pari.agarwal138@gmail.com,M,2001,Hyderabad,Telangana,South,Referral,2024-01-20
10139,Nikhil,Reddy,nikhil.reddy139@outlook.com,M,1992,Jaipur,Rajasthan,North,Organic Search,2024-01-20
10140,Arnav,Patel,arnav.patel140@outlook.com,M,2004,Delhi,Delhi,North,Affiliate,2024-01-20
10141,Kiara,Chopra,kiara.chopra141@gmail.com,M,2004,Mumbai,Maharashtra,West,Organic Search,2024-01-20
10142,Sai,Khan,sai.khan142@gmail.com,F,1992,Jaipur,Rajasthan,North,Paid Social,2024-01-21
10143,Aadhya,Kapoor,aadhya.kapoor143@yahoo.in,F,1989,Bengaluru,Karnataka,South,Referral,2024-01-21
10144,Neha,Rao,neha.rao144@gmail.com,F,1986,Mumbai,Maharashtra,West,Organic Search,2024-01-21
10145,Vikram,Kapoor,vikram.kapoor145@outlook.com,M,1999,Chennai,Tamil Nadu,South,Paid Social,2024-01-22
10146,Pooja,Banerjee,pooja.banerjee146@yahoo.in,F,1993,Mumbai,Maharashtra,West,Paid Social,2024-01-22
10147,Aman,Menon,aman.menon147@gmail.com,M,1988,Mumbai,Maharashtra,West,Paid Social,2024-01-22
10148,Pooja,Menon,pooja.menon148@gmail.com,F,2001,Hyderabad,Telangana,South,Paid Social,2024-01-22
10149,Kiara,Shah,kiara.shah149@gmail.com,M,2001,Indore,Madhya Pradesh,West,Paid Search,2024-01-22
10150,Sai,Pillai,sai.pillai150@gmail.com,M,1986,Lucknow,Uttar Pradesh,North,Paid Search,2024-01-23
10151,Deepak,Das,deepak.das151@gmail.com,F,1996,Bengaluru,Karnataka,South,Organic Search,2024-01-23
10152,Vivaan,Singh,vivaan.singh152@gmail.com,M,1998,Ahmedabad,Gujarat,West,Affiliate,2024-01-23
10153,Saanvi,Khan,saanvi.khan153@gmail.com,M,2006,Delhi,Delhi,North,Paid Search,2024-01-23
10154,Kiara,Das,kiara.das154@gmail.com,F,1992,Mumbai,Maharashtra,West,Paid Search,2024-01-23
10155,Arnav,Kumar,arnav.kumar155@gmail.com,F,1994,Kochi,Kerala,South,Organic Search,2024-01-23
10156,Priya,Iyer,priya.iyer156@outlook.com,M,1999,Noida,Uttar Pradesh,North,Referral,2024-01-23
10157,Kiara,Kapoor,kiara.kapoor157@outlook.com,M,2004,Mumbai,Maharashtra,West,Paid Social,2024-01-23
10158,Deepak,Iyer,deepak.iyer158@gmail.com,M,1997,Jaipur,Rajasthan,North,Organic Search,2024-01-24
10159,Pari,Gupta,pari.gupta159@gmail.com,F,1995,Pune,Maharashtra,West,Email,2024-01-24
10160,Farhan,Patel,farhan.patel160@outlook.com,F,1989,Kolkata,West Bengal,East,Affiliate,2024-01-24
10161,Vivaan,Kumar,vivaan.kumar161@gmail.com,F,1991,Jaipur,Rajasthan,North,Email,2024-01-24
10162,Pooja,Kumar,pooja.kumar162@yahoo.in,M,1992,Chennai,Tamil Nadu,South,Paid Social,2024-01-24
10163,Riya,Banerjee,riya.banerjee163@gmail.com,M,1999,Chennai,Tamil Nadu,South,Paid Search,2024-01-24
10164,Rohan,Mishra,rohan.mishra164@gmail.com,M,1997,Lucknow,Uttar Pradesh,North,Organic Search,2024-01-25
10165,Farhan,Das,farhan.das165@gmail.com,M,1988,Hyderabad,Telangana,South,Paid Search,2024-01-25
10166,Lakshmi,Menon,lakshmi.menon166@gmail.com,F,2000,Kolkata,West Bengal,East,Paid Social,2024-01-25
10167,Aditya,Mishra,aditya.mishra167@yahoo.in,F,1992,Kolkata,West Bengal,East,Organic Search,2024-01-25
10168,Ishaan,Kumar,ishaan.kumar168@rediffmail.com,F,1992,Indore,Madhya Pradesh,West,Paid Search,2024-01-25
10169,Reyansh,Malhotra,reyansh.malhotra169@gmail.com,M,2000,Gurugram,Haryana,North,Paid Social,2024-01-26
10170,Deepak,Bose,deepak.bose170@gmail.com,M,2001,Delhi,Delhi,North,Referral,2024-01-26
10171,Diya,Pillai,diya.pillai171@yahoo.in,M,1996,Lucknow,Uttar Pradesh,North,Organic Search,2024-01-26
10172,Deepak,Patel,deepak.patel172@yahoo.in,F,2006,Indore,Madhya Pradesh,West,Email,2024-01-26
10173,Myra,Pillai,myra.pillai173@gmail.com,M,1979,Mumbai,Maharashtra,West,Paid Search,2024-01-26
10174,Manish,Khan,manish.khan174@gmail.com,M,2001,Bengaluru,Karnataka,South,Paid Social,2024-01-27
10175,Sneha,Patel,sneha.patel175@gmail.com,F,1986,Hyderabad,Telangana,South,Affiliate,2024-01-27
10176,Diya,Kumar,diya.kumar176@gmail.com,M,1993,Gurugram,Haryana,North,Organic Search,2024-01-27
10177,Rahul,Das,rahul.das177@yahoo.in,F,1994,Kochi,Kerala,South,Email,2024-01-27
10178,Reyansh,Reddy,reyansh.reddy178@outlook.com,M,1993,Delhi,Delhi,North,Referral,2024-01-27
10179,Ishaan,Khan,ishaan.khan179@outlook.com,M,1986,Lucknow,Uttar Pradesh,North,Affiliate,2024-01-27
10180,Karan,Banerjee,karan.banerjee180@gmail.com,M,1983,Hyderabad,Telangana,South,Paid Search,2024-01-27
10181,Farhan,Gupta,farhan.gupta181@yahoo.in,M,1978,Gurugram,Haryana,North,Organic Search,2024-01-27
10182,Kiara,Pillai,kiara.pillai182@gmail.com,M,1992,Noida,Uttar Pradesh,North,Organic Search,2024-01-27
10183,Harpreet,Verma,harpreet.verma183@gmail.com,M,1995,Kolkata,West Bengal,East,Referral,2024-01-28
10184,Myra,Mehta,myra.mehta184@gmail.com,F,1998,Kochi,Kerala,South,Organic Search,2024-01-28
10185,Pari,Verma,pari.verma185@gmail.com,M,2003,Hyderabad,Telangana,South,Paid Search,2024-01-28
10186,Sneha,Kapoor,sneha.kapoor186@outlook.com,F,2000,Gurugram,Haryana,North,Affiliate,2024-01-28
10187,Myra,Nair,myra.nair187@yahoo.in,F,2001,Lucknow,Uttar Pradesh,North,Paid Search,2024-01-28
10188,Tanvi,Gupta,tanvi.gupta188@gmail.com,M,1986,Lucknow,Uttar Pradesh,North,Organic Search,2024-01-28
10189,Lakshmi,Reddy,lakshmi.reddy189@gmail.com,F,2002,Gurugram,Haryana,North,Referral,2024-01-28
10190,Saanvi,Chopra,saanvi.chopra190@gmail.com,F,1997,Kolkata,West Bengal,East,Organic Search,2024-01-28
10191,Neha,Bose,neha.bose191@gmail.com,M,1983,Gurugram,Haryana,North,Paid Social,2024-01-28
10192,Saanvi,Gupta,saanvi.gupta192@gmail.com,F,2002,Bengaluru,Karnataka,South,Organic Search,2024-01-28
10193,Pooja,Iyer,pooja.iyer193@outlook.com,M,1987,Delhi,Delhi,North,Paid Search,2024-01-29
10194,Vikram,Gupta,vikram.gupta194@gmail.com,F,1985,Ahmedabad,Gujarat,West,Organic Search,2024-01-29
10195,Priya,Reddy,priya.reddy195@yahoo.in,F,2006,Delhi,Delhi,North,Referral,2024-01-29
10196,Aditya,Iyer,aditya.iyer196@yahoo.in,M,1995,Delhi,Delhi,North,Paid Search,2024-01-30
10197,Deepak,Chopra,deepak.chopra197@gmail.com,M,1985,Lucknow,Uttar Pradesh,North,Paid Search,2024-01-30
10198,Tanvi,Gupta,tanvi.gupta198@gmail.com,M,1989,Kochi,Kerala,South,Affiliate,2024-01-30
10199,Nikhil,Malhotra,nikhil.malhotra199@gmail.com,F,2002,Bengaluru,Karnataka,South,Referral,2024-01-30
10200,Zoya,Bose,zoya.bose200@gmail.com,F,1984,Bengaluru,Karnataka,South,Paid Social,2024-01-30
10201,Vivaan,Shah,vivaan.shah201@outlook.com,F,1992,Jaipur,Rajasthan,North,Affiliate,2024-01-30
10202,Arnav,Joshi,arnav.joshi202@gmail.com,M,1992,Bengaluru,Karnataka,South,Organic Search,2024-01-30
10203,Arjun,Joshi,arjun.joshi203@yahoo.in,M,2006,Bengaluru,Karnataka,South,Paid Social,2024-01-31
10204,Farhan,Rao,farhan.rao204@gmail.com,F,1982,Mumbai,Maharashtra,West,Affiliate,2024-01-31
10205,Kavya,Menon,kavya.menon205@gmail.com,F,1982,Bengaluru,Karnataka,South,Paid Social,2024-01-31
10206,Rahul,Verma,rahul.verma206@gmail.com,M,1989,Chennai,Tamil Nadu,South,Paid Search,2024-01-31
10207,Nikhil,Kumar,nikhil.kumar207@yahoo.in,M,1988,Kolkata,West Bengal,East,Referral,2024-01-31
10208,Harpreet,Patel,harpreet.patel208@gmail.com,M,1994,Kolkata,West Bengal,East,Organic Search,2024-01-31
10209,Sneha,Kumar,sneha.kumar209@outlook.com,M,1990,Pune,Maharashtra,West,Organic Search,2024-01-31
10210,Neha,Khan,neha.khan210@gmail.com,M,2000,Delhi,Delhi,North,Referral,2024-01-31
10211,Aman,Verma,aman.verma211@gmail.com,F,1994,Noida,Uttar Pradesh,North,Organic Search,2024-01-31
10212,Zoya,Gupta,zoya.gupta212@gmail.com,M,1986,Noida,Uttar Pradesh,North,Organic Search,2024-02-01
10213,Arjun,Rao,arjun.rao213@gmail.com,F,1992,Jaipur,Rajasthan,North,Paid Search,2024-02-01
10214,Aditya,Kumar,aditya.kumar214@yahoo.in,F,1991,Mumbai,Maharashtra,West,Paid Search,2024-02-02
10215,Nikhil,Nair,nikhil.nair215@gmail.com,F,2003,Bengaluru,Karnataka,South,Paid Search,2024-02-02
10216,Nikhil,Sharma,nikhil.sharma216@gmail.com,M,2000,Pune,Maharashtra,West,Referral,2024-02-02
10217,Aman,Bose,aman.bose217@gmail.com,M,1999,Bengaluru,Karnataka,South,Paid Social,2024-02-02
10218,Arjun,Yadav,arjun.yadav218@gmail.com,F,1988,Kolkata,West Bengal,East,Paid Social,2024-02-02
10219,Krishna,Pillai,krishna.pillai219@gmail.com,F,1996,Delhi,Delhi,North,Organic Search,2024-02-02
10220,Vivaan,Banerjee,vivaan.banerjee220@gmail.com,M,1984,Delhi,Delhi,North,Paid Search,2024-02-02
10221,Diya,Das,diya.das221@gmail.com,M,1999,Bengaluru,Karnataka,South,Affiliate,2024-02-03
10222,Rahul,Verma,rahul.verma222@gmail.com,F,2003,Ahmedabad,Gujarat,West,Paid Search,2024-02-03
10223,Pari,Reddy,pari.reddy223@gmail.com,M,1977,Pune,Maharashtra,West,Organic Search,2024-02-03
10224,Sai,Mehta,sai.mehta224@outlook.com,F,1993,Chennai,Tamil Nadu,South,Affiliate,2024-02-03
10225,Sneha,Verma,sneha.verma225@gmail.com,M,1993,Gurugram,Haryana,North,Paid Search,2024-02-03
10226,Saanvi,Yadav,saanvi.yadav226@gmail.com,M,2001,Ahmedabad,Gujarat,West,Paid Search,2024-02-03
10227,Diya,Malhotra,diya.malhotra227@gmail.com,M,1989,Kolkata,West Bengal,East,Organic Search,2024-02-03
10228,Farhan,Kumar,farhan.kumar228@gmail.com,F,1989,Mumbai,Maharashtra,West,Paid Social,2024-02-04
10229,Aadhya,Yadav,aadhya.yadav229@gmail.com,F,1995,Ahmedabad,Gujarat,West,Organic Search,2024-02-04
10230,Sneha,Patel,sneha.patel230@gmail.com,F,1999,Delhi,Delhi,North,Paid Social,2024-02-04
10231,Aditya,Rao,aditya.rao231@gmail.com,F,1995,Mumbai,Maharashtra,West,Referral,2024-02-04
10232,Riya,Menon,riya.menon232@gmail.com,M,2001,Delhi,Delhi,North,Paid Social,2024-02-04
10233,Amit,Das,amit.das233@gmail.com,F,1999,Ahmedabad,Gujarat,West,Organic Search,2024-02-05
10234,Zoya,Mishra,zoya.mishra234@gmail.com,F,1990,Indore,Madhya Pradesh,West,Organic Search,2024-02-05
10235,Aadhya,Shah,aadhya.shah235@gmail.com,M,1994,Kolkata,West Bengal,East,Email,2024-02-05
10236,Neha,Khan,neha.khan236@gmail.com,F,1998,Bengaluru,Karnataka,South,Email,2024-02-05
10237,Isha,Rao,isha.rao237@outlook.com,F,1987,Delhi,Delhi,North,Organic Search,2024-02-05
10238,Manish,Kumar,manish.kumar238@gmail.com,F,1988,Chennai,Tamil Nadu,South,Paid Search,2024-02-05
10239,Sai,Mishra,sai.mishra239@gmail.com,M,1982,Chandigarh,Chandigarh,North,Paid Social,2024-02-05
10240,Rohan,Patel,rohan.patel240@gmail.com,M,2003,Bengaluru,Karnataka,South,Referral,2024-02-05
10241,Kavya,Iyer,kavya.iyer241@gmail.com,F,2006,Lucknow,Uttar Pradesh,North,Email,2024-02-05
10242,Arjun,Mishra,arjun.mishra242@gmail.com,F,1988,Hyderabad,Telangana,South,Paid Social,2024-02-06
10243,Diya,Patel,diya.patel243@gmail.com,M,1998,Kochi,Kerala,South,Organic Search,2024-02-06
10244,Aadhya,Rao,aadhya.rao244@gmail.com,M,2004,Delhi,Delhi,North,Referral,2024-02-06
10245,Zoya,Das,zoya.das245@gmail.com,F,1984,Ahmedabad,Gujarat,West,Email,2024-02-06
10246,Farhan,Nair,farhan.nair246@gmail.com,M,1996,Ahmedabad,Gujarat,West,Paid Search,2024-02-06
10247,Harpreet,Yadav,harpreet.yadav247@gmail.com,F,2004,Jaipur,Rajasthan,North,Paid Social,2024-02-07
10248,Arjun,Sharma,arjun.sharma248@gmail.com,F,1992,Mumbai,Maharashtra,West,Organic Search,2024-02-07
10249,Rohan,Agarwal,rohan.agarwal249@gmail.com,M,1993,Bengaluru,Karnataka,South,Paid Search,2024-02-07
10250,Priya,Singh,priya.singh250@outlook.com,F,2005,Jaipur,Rajasthan,North,Email,2024-02-07
10251,Riya,Kapoor,riya.kapoor251@gmail.com,F,1990,Delhi,Delhi,North,Organic Search,2024-02-08
10252,Sneha,Agarwal,sneha.agarwal252@yahoo.in,F,1989,Hyderabad,Telangana,South,Referral,2024-02-08
10253,Rahul,Malhotra,rahul.malhotra253@gmail.com,F,1992,Bengaluru,Karnataka,South,Organic Search,2024-02-08
10254,Aman,Rao,aman.rao254@gmail.com,F,2006,Lucknow,Uttar Pradesh,North,Paid Search,2024-02-08
10255,Ishaan,Sharma,ishaan.sharma255@yahoo.in,F,2000,Kolkata,West Bengal,East,Paid Social,2024-02-08
10256,Simran,Nair,simran.nair256@gmail.com,M,1998,Chennai,Tamil Nadu,South,Organic Search,2024-02-09
10257,Meera,Agarwal,meera.agarwal257@outlook.com,F,1998,Kolkata,West Bengal,East,Paid Social,2024-02-09
10258,Kabir,Chopra,kabir.chopra258@yahoo.in,M,1985,Pune,Maharashtra,West,Paid Search,2024-02-09
10259,Isha,Kumar,isha.kumar259@gmail.com,M,1998,Lucknow,Uttar Pradesh,North,Referral,2024-02-09
10260,Ananya,Agarwal,ananya.agarwal260@gmail.com,M,1990,Gurugram,Haryana,North,Affiliate,2024-02-09
10261,Aadhya,Iyer,aadhya.iyer261@gmail.com,M,1992,Kolkata,West Bengal,East,Paid Search,2024-02-09
10262,Tanvi,Rao,tanvi.rao262@gmail.com,F,1992,Chennai,Tamil Nadu,South,Organic Search,2024-02-09
10263,Aadhya,Malhotra,aadhya.malhotra263@yahoo.in,M,2002,Bengaluru,Karnataka,South,Email,2024-02-10
10264,Harpreet,Patel,harpreet.patel264@gmail.com,M,2006,Pune,Maharashtra,West,Organic Search,2024-02-10
10265,Arjun,Verma,arjun.verma265@gmail.com,F,1987,Mumbai,Maharashtra,West,Organic Search,2024-02-10
10266,Krishna,Shah,krishna.shah266@gmail.com,F,2003,Bengaluru,Karnataka,South,Email,2024-02-10
10267,Lakshmi,Agarwal,lakshmi.agarwal267@gmail.com,F,1993,Delhi,Delhi,North,Organic Search,2024-02-10
10268,Nikhil,Sharma,nikhil.sharma268@gmail.com,M,2000,Pune,Maharashtra,West,Paid Social,2024-02-10
10269,Isha,Kumar,isha.kumar269@gmail.com,M,1997,Bengaluru,Karnataka,South,Organic Search,2024-02-10
10270,Kabir,Khan,kabir.khan270@gmail.com,F,1989,Hyderabad,Telangana,South,Paid Social,2024-02-10
10271,Ananya,Yadav,ananya.yadav271@yahoo.in,M,1989,Mumbai,Maharashtra,West,Paid Social,2024-02-10
10272,Ishaan,Patel,ishaan.patel272@gmail.com,M,1993,Bengaluru,Karnataka,South,Paid Social,2024-02-10
10273,Arnav,Khan,arnav.khan273@gmail.com,M,1997,Delhi,Delhi,North,Paid Social,2024-02-10
10274,Saanvi,Pillai,saanvi.pillai274@gmail.com,F,1998,Lucknow,Uttar Pradesh,North,Organic Search,2024-02-10
10275,Deepak,Mishra,deepak.mishra275@outlook.com,F,2006,Gurugram,Haryana,North,Organic Search,2024-02-10
10276,Zoya,Chopra,zoya.chopra276@yahoo.in,M,1999,Chandigarh,Chandigarh,North,Referral,2024-02-11
10277,Pari,Banerjee,pari.banerjee277@gmail.com,M,1984,Mumbai,Maharashtra,West,Email,2024-02-11
10278,Riya,Kumar,riya.kumar278@outlook.com,M,2004,Mumbai,Maharashtra,West,Referral,2024-02-11
10279,Neha,Khan,neha.khan279@outlook.com,M,1999,Mumbai,Maharashtra,West,Paid Social,2024-02-11
10280,Neha,Joshi,neha.joshi280@gmail.com,F,1993,Mumbai,Maharashtra,West,Paid Search,2024-02-11
10281,Farhan,Yadav,farhan.yadav281@yahoo.in,M,1986,Pune,Maharashtra,West,Paid Social,2024-02-11
10282,Nikhil,Joshi,nikhil.joshi282@rediffmail.com,F,1992,Hyderabad,Telangana,South,Paid Social,2024-02-11
10283,Rohan,Bose,rohan.bose283@gmail.com,M,2004,Gurugram,Haryana,North,Organic Search,2024-02-11
10284,Kiara,Banerjee,kiara.banerjee284@gmail.com,F,1998,Mumbai,Maharashtra,West,Paid Search,2024-02-12
10285,Deepak,Joshi,deepak.joshi285@gmail.com,F,2005,Delhi,Delhi,North,Organic Search,2024-02-12
10286,Rohan,Verma,rohan.verma286@gmail.com,F,2005,Delhi,Delhi,North,Paid Search,2024-02-12
10287,Nikhil,Joshi,nikhil.joshi287@rediffmail.com,M,1996,Indore,Madhya Pradesh,West,Referral,2024-02-13
10288,Simran,Patel,simran.patel288@gmail.com,M,1969,Chennai,Tamil Nadu,South,Paid Search,2024-02-13
10289,Vikram,Nair,vikram.nair289@yahoo.in,M,1987,Jaipur,Rajasthan,North,Referral,2024-02-13
10290,Aditya,Menon,aditya.menon290@yahoo.in,M,1982,Mumbai,Maharashtra,West,Affiliate,2024-02-13
10291,Harpreet,Rao,harpreet.rao291@gmail.com,M,2006,Noida,Uttar Pradesh,North,Affiliate,2024-02-13
10292,Lakshmi,Kumar,lakshmi.kumar292@gmail.com,M,1999,Gurugram,Haryana,North,Referral,2024-02-13
10293,Karan,Khan,karan.khan293@gmail.com,F,1993,Chennai,Tamil Nadu,South,Email,2024-02-13
10294,Zoya,Mehta,zoya.mehta294@gmail.com,F,1990,Ahmedabad,Gujarat,West,Paid Search,2024-02-14
10295,Vivaan,Agarwal,vivaan.agarwal295@gmail.com,F,2003,Bengaluru,Karnataka,South,Referral,2024-02-14
10296,Nikhil,Iyer,nikhil.iyer296@gmail.com,F,1987,Chennai,Tamil Nadu,South,Paid Social,2024-02-14
10297,Aman,Rao,aman.rao297@gmail.com,F,1984,Ahmedabad,Gujarat,West,Affiliate,2024-02-14
10298,Sneha,Agarwal,sneha.agarwal298@gmail.com,F,1983,Gurugram,Haryana,North,Paid Social,2024-02-14
10299,Rahul,Agarwal,rahul.agarwal299@outlook.com,M,1995,Bengaluru,Karnataka,South,Paid Search,2024-02-14
10300,Aman,Chopra,aman.chopra300@gmail.com,M,1988,Bengaluru,Karnataka,South,Referral,2024-02-15
10301,Meera,Sharma,meera.sharma301@gmail.com,M,2002,Mumbai,Maharashtra,West,Referral,2024-02-15
10302,Vivaan,Pillai,vivaan.pillai302@gmail.com,F,1994,Indore,Madhya Pradesh,West,Organic Search,2024-02-15
10303,Ishaan,Menon,ishaan.menon303@gmail.com,F,1983,Pune,Maharashtra,West,Paid Social,2024-02-15
10304,Pooja,Malhotra,pooja.malhotra304@gmail.com,F,1992,Chandigarh,Chandigarh,North,Paid Social,2024-02-15
10305,Vikram,Chopra,vikram.chopra305@gmail.com,M,1986,Bengaluru,Karnataka,South,Paid Social,2024-02-15
10306,Ananya,Joshi,ananya.joshi306@outlook.com,F,1993,Lucknow,Uttar Pradesh,North,Affiliate,2024-02-15
10307,Reyansh,Gupta,reyansh.gupta307@gmail.com,M,2003,Chandigarh,Chandigarh,North,Paid Social,2024-02-15
10308,Karan,Menon,karan.menon308@gmail.com,F,1993,Mumbai,Maharashtra,West,Email,2024-02-15
10309,Aadhya,Das,aadhya.das309@gmail.com,M,1989,Indore,Madhya Pradesh,West,Paid Search,2024-02-15
10310,Meera,Pillai,meera.pillai310@outlook.com,F,1998,Chennai,Tamil Nadu,South,Organic Search,2024-02-15
10311,Meera,Khan,meera.khan311@gmail.com,F,1991,Indore,Madhya Pradesh,West,Paid Search,2024-02-16
10312,Rohan,Pillai,rohan.pillai312@outlook.com,M,1998,Bengaluru,Karnataka,South,Paid Social,2024-02-16
10313,Farhan,Gupta,farhan.gupta313@gmail.com,F,1997,Jaipur,Rajasthan,North,Referral,2024-02-16
10314,Krishna,Pillai,krishna.pillai314@gmail.com,F,1986,Ahmedabad,Gujarat,West,Paid Social,2024-02-16
10315,Myra,Khan,myra.khan315@gmail.com,M,1984,Delhi,Delhi,North,Paid Search,2024-02-16
10316,Pooja,Mehta,pooja.mehta316@yahoo.in,F,1991,Mumbai,Maharashtra,West,Paid Search,2024-02-17
10317,Arnav,Agarwal,arnav.agarwal317@outlook.com,M,1997,Bengaluru,Karnataka,South,Affiliate,2024-02-17
10318,Deepak,Rao,deepak.rao318@gmail.com,M,2006,Gurugram,Haryana,North,Organic Search,2024-02-17
10319,Tanvi,Agarwal,tanvi.agarwal319@gmail.com,M,1985,Kochi,Kerala,South,Organic Search,2024-02-17
10320,Meera,Malhotra,meera.malhotra320@gmail.com,M,1986,Mumbai,Maharashtra,West,Paid Social,2024-02-17
10321,Rahul,Bose,rahul.bose321@outlook.com,F,2002,Bengaluru,Karnataka,South,Paid Social,2024-02-17
10322,Neha,Yadav,neha.yadav322@yahoo.in,M,1995,Mumbai,Maharashtra,West,Paid Search,2024-02-17
10323,Sneha,Kapoor,sneha.kapoor323@gmail.com,M,1992,Bengaluru,Karnataka,South,Organic Search,2024-02-17
10324,Deepak,Menon,deepak.menon324@gmail.com,F,1999,Ahmedabad,Gujarat,West,Paid Social,2024-02-17
10325,Meera,Khan,meera.khan325@gmail.com,M,2004,Delhi,Delhi,North,Organic Search,2024-02-17
10326,Aman,Joshi,aman.joshi326@outlook.com,F,2002,Kochi,Kerala,South,Organic Search,2024-02-17
10327,Sneha,Verma,sneha.verma327@gmail.com,M,1988,Bengaluru,Karnataka,South,Paid Search,2024-02-17
10328,Riya,Malhotra,riya.malhotra328@gmail.com,F,1997,Pune,Maharashtra,West,Organic Search,2024-02-18
10329,Harpreet,Pillai,harpreet.pillai329@yahoo.in,F,2003,Bengaluru,Karnataka,South,Paid Search,2024-02-18
10330,Isha,Iyer,isha.iyer330@gmail.com,F,1992,Lucknow,Uttar Pradesh,North,Referral,2024-02-18
10331,Karan,Verma,karan.verma331@gmail.com,F,1997,Hyderabad,Telangana,South,Organic Search,2024-02-18
10332,Neha,Mishra,neha.mishra332@gmail.com,M,1989,Mumbai,Maharashtra,West,Paid Social,2024-02-18
10333,Rahul,Singh,rahul.singh333@yahoo.in,M,1986,Hyderabad,Telangana,South,Paid Social,2024-02-18
10334,Ananya,Pillai,ananya.pillai334@gmail.com,F,1997,Jaipur,Rajasthan,North,Organic Search,2024-02-18
10335,Simran,Menon,simran.menon335@gmail.com,F,2001,Hyderabad,Telangana,South,Referral,2024-02-19
10336,Aman,Shah,aman.shah336@outlook.com,M,2000,Kochi,Kerala,South,Organic Search,2024-02-19
10337,Lakshmi,Patel,lakshmi.patel337@outlook.com,M,1983,Kolkata,West Bengal,East,Affiliate,2024-02-19
10338,Diya,Malhotra,diya.malhotra338@gmail.com,M,2004,Hyderabad,Telangana,South,Paid Social,2024-02-19
10339,Manish,Shah,manish.shah339@gmail.com,M,1999,Bengaluru,Karnataka,South,Paid Search,2024-02-19
10340,Nikhil,Pillai,nikhil.pillai340@gmail.com,F,2003,Pune,Maharashtra,West,Affiliate,2024-02-19
10341,Saanvi,Iyer,saanvi.iyer341@gmail.com,F,1987,Delhi,Delhi,North,Paid Search,2024-02-19
10342,Harpreet,Gupta,harpreet.gupta342@gmail.com,F,2001,Ahmedabad,Gujarat,West,Organic Search,2024-02-20
10343,Sneha,Joshi,sneha.joshi343@gmail.com,M,1999,Ahmedabad,Gujarat,West,Paid Search,2024-02-20
10344,Sneha,Malhotra,sneha.malhotra344@gmail.com,F,1984,Delhi,Delhi,North,Paid Social,2024-02-20
10345,Farhan,Kumar,farhan.kumar345@yahoo.in,F,1998,Bengaluru,Karnataka,South,Referral,2024-02-20
10346,Krishna,Das,krishna.das346@outlook.com,M,1986,Gurugram,Haryana,North,Paid Social,2024-02-20
10347,Priya,Banerjee,priya.banerjee347@gmail.com,F,1994,Indore,Madhya Pradesh,West,Affiliate,2024-02-20
10348,Aarav,Joshi,aarav.joshi348@yahoo.in,F,2006,Pune,Maharashtra,West,Affiliate,2024-02-20
10349,Isha,Verma,isha.verma349@gmail.com,F,1996,Chennai,Tamil Nadu,South,Organic Search,2024-02-20
10350,Meera,Nair,meera.nair350@gmail.com,F,1993,Lucknow,Uttar Pradesh,North,Email,2024-02-21
10351,Manish,Mishra,manish.mishra351@gmail.com,M,1982,Gurugram,Haryana,North,Organic Search,2024-02-21
10352,Rohan,Iyer,rohan.iyer352@gmail.com,M,1996,Ahmedabad,Gujarat,West,Affiliate,2024-02-21
10353,Arnav,Kapoor,arnav.kapoor353@yahoo.in,F,1993,Mumbai,Maharashtra,West,Organic Search,2024-02-21
10354,Vivaan,Kapoor,vivaan.kapoor354@gmail.com,F,1978,Gurugram,Haryana,North,Organic Search,2024-02-22
10355,Aarav,Mishra,aarav.mishra355@outlook.com,M,1985,Indore,Madhya Pradesh,West,Paid Search,2024-02-22
10356,Saanvi,Khan,saanvi.khan356@gmail.com,M,2001,Kochi,Kerala,South,Organic Search,2024-02-22
10357,Diya,Das,diya.das357@gmail.com,F,2004,Bengaluru,Karnataka,South,Referral,2024-02-22
10358,Pooja,Reddy,pooja.reddy358@gmail.com,M,1995,Noida,Uttar Pradesh,North,Organic Search,2024-02-22
10359,Ishaan,Khan,ishaan.khan359@gmail.com,M,2002,Lucknow,Uttar Pradesh,North,Paid Search,2024-02-22
10360,Sneha,Bose,sneha.bose360@gmail.com,F,1994,Ahmedabad,Gujarat,West,Email,2024-02-22
10361,Manish,Kapoor,manish.kapoor361@gmail.com,M,1988,Bengaluru,Karnataka,South,Paid Social,2024-02-22
10362,Krishna,Verma,krishna.verma362@gmail.com,M,2006,Kolkata,West Bengal,East,Paid Social,2024-02-22
10363,Isha,Shah,isha.shah363@gmail.com,F,1983,Delhi,Delhi,North,Affiliate,2024-02-22
10364,Vikram,Iyer,vikram.iyer364@gmail.com,M,1997,Ahmedabad,Gujarat,West,Organic Search,2024-02-22
10365,Isha,Reddy,isha.reddy365@rediffmail.com,M,1989,Kolkata,West Bengal,East,Paid Search,2024-02-22
10366,Kiara,Nair,kiara.nair366@gmail.com,F,1992,Delhi,Delhi,North,Organic Search,2024-02-22
10367,Vivaan,Das,vivaan.das367@gmail.com,M,2006,Kolkata,West Bengal,East,Organic Search,2024-02-22
10368,Neha,Kumar,neha.kumar368@outlook.com,F,1994,Mumbai,Maharashtra,West,Organic Search,2024-02-23
10369,Deepak,Nair,deepak.nair369@gmail.com,F,1991,Bengaluru,Karnataka,South,Paid Social,2024-02-23
10370,Harpreet,Mishra,harpreet.mishra370@gmail.com,M,1990,Mumbai,Maharashtra,West,Organic Search,2024-02-23
10371,Zoya,Sharma,zoya.sharma371@yahoo.in,M,1999,Chennai,Tamil Nadu,South,Paid Social,2024-02-23
10372,Arjun,Rao,arjun.rao372@gmail.com,F,1986,Kochi,Kerala,South,Referral,2024-02-23
10373,Reyansh,Mishra,reyansh.mishra373@gmail.com,M,1995,Gurugram,Haryana,North,Paid Search,2024-02-23
10374,Amit,Rao,amit.rao374@gmail.com,F,1993,Bengaluru,Karnataka,South,Paid Social,2024-02-23
10375,Diya,Mehta,diya.mehta375@yahoo.in,F,1988,Delhi,Delhi,North,Organic Search,2024-02-24
10376,Krishna,Chopra,krishna.chopra376@gmail.com,F,1983,Jaipur,Rajasthan,North,Referral,2024-02-24
10377,Ishaan,Khan,ishaan.khan377@yahoo.in,M,1994,Ahmedabad,Gujarat,West,Paid Search,2024-02-24
10378,Ishaan,Das,ishaan.das378@rediffmail.com,F,1991,Indore,Madhya Pradesh,West,Referral,2024-02-24
10379,Arjun,Mishra,arjun.mishra379@yahoo.in,F,1996,Mumbai,Maharashtra,West,Paid Social,2024-02-24
10380,Vikram,Rao,vikram.rao380@gmail.com,M,1977,Jaipur,Rajasthan,North,Paid Social,2024-02-24
10381,Kiara,Verma,kiara.verma381@yahoo.in,M,1990,Gurugram,Haryana,North,Paid Search,2024-02-24
10382,Meera,Agarwal,meera.agarwal382@outlook.com,F,2001,Lucknow,Uttar Pradesh,North,Paid Search,2024-02-24
10383,Rohan,Reddy,rohan.reddy383@gmail.com,M,1981,Delhi,Delhi,North,Paid Search,2024-02-24
10384,Vikram,Khan,vikram.khan384@gmail.com,F,2006,Lucknow,Uttar Pradesh,North,Paid Social,2024-02-24
10385,Ishaan,Kumar,ishaan.kumar385@gmail.com,F,1997,Hyderabad,Telangana,South,Paid Social,2024-02-24
10386,Lakshmi,Mehta,lakshmi.mehta386@gmail.com,M,1993,Jaipur,Rajasthan,North,Referral,2024-02-24
10387,Krishna,Singh,krishna.singh387@yahoo.in,F,1995,Kochi,Kerala,South,Organic Search,2024-02-25
10388,Zoya,Patel,zoya.patel388@gmail.com,M,1987,Lucknow,Uttar Pradesh,North,Email,2024-02-25
10389,Tanvi,Mishra,tanvi.mishra389@gmail.com,M,2005,Pune,Maharashtra,West,Affiliate,2024-02-25
10390,Ishaan,Gupta,ishaan.gupta390@gmail.com,M,1995,Gurugram,Haryana,North,Organic Search,2024-02-25
10391,Arjun,Iyer,arjun.iyer391@gmail.com,F,1995,Delhi,Delhi,North,Organic Search,2024-02-25
10392,Karan,Verma,karan.verma392@yahoo.in,F,2002,Bengaluru,Karnataka,South,Paid Social,2024-02-26
10393,Vivaan,Kumar,vivaan.kumar393@outlook.com,F,1997,Chandigarh,Chandigarh,North,Organic Search,2024-02-26
10394,Vikram,Pillai,vikram.pillai394@gmail.com,F,1989,Mumbai,Maharashtra,West,Organic Search,2024-02-26
10395,Tanvi,Khan,tanvi.khan395@rediffmail.com,M,1994,Mumbai,Maharashtra,West,Paid Social,2024-02-27
10396,Karan,Nair,karan.nair396@gmail.com,F,1999,Hyderabad,Telangana,South,Paid Social,2024-02-27
10397,Manish,Gupta,manish.gupta397@gmail.com,F,1994,Mumbai,Maharashtra,West,Organic Search,2024-02-27
10398,Isha,Pillai,isha.pillai398@yahoo.in,F,1983,Delhi,Delhi,North,Affiliate,2024-02-27
10399,Rahul,Reddy,rahul.reddy399@gmail.com,F,2005,Jaipur,Rajasthan,North,Organic Search,2024-02-27
10400,Deepak,Joshi,deepak.joshi400@outlook.com,F,1995,Ahmedabad,Gujarat,West,Organic Search,2024-02-27
10401,Harpreet,Singh,harpreet.singh401@gmail.com,M,1991,Kolkata,West Bengal,East,Organic Search,2024-02-27
10402,Priya,Mehta,priya.mehta402@gmail.com,F,1999,Gurugram,Haryana,North,Affiliate,2024-02-27
10403,Kiara,Mishra,kiara.mishra403@gmail.com,M,1990,Chandigarh,Chandigarh,North,Email,2024-02-27
10404,Zoya,Malhotra,zoya.malhotra404@gmail.com,M,1982,Pune,Maharashtra,West,Organic Search,2024-02-27
10405,Sneha,Mehta,sneha.mehta405@gmail.com,M,1994,Kolkata,West Bengal,East,Referral,2024-02-28
10406,Neha,Kumar,neha.kumar406@gmail.com,M,1999,Delhi,Delhi,North,Organic Search,2024-02-28
10407,Aman,Reddy,aman.reddy407@gmail.com,M,1992,Hyderabad,Telangana,South,Organic Search,2024-02-28
10408,Zoya,Menon,zoya.menon408@gmail.com,F,1992,Bengaluru,Karnataka,South,Organic Search,2024-02-28
10409,Kiara,Shah,kiara.shah409@yahoo.in,F,1992,Jaipur,Rajasthan,North,Referral,2024-02-28
10410,Myra,Nair,myra.nair410@outlook.com,M,1993,Hyderabad,Telangana,South,Paid Search,2024-02-28
10411,Meera,Rao,meera.rao411@gmail.com,M,1995,Ahmedabad,Gujarat,West,Paid Social,2024-02-28
10412,Aarav,Bose,aarav.bose412@gmail.com,M,2000,Gurugram,Haryana,North,Organic Search,2024-02-28
10413,Zoya,Banerjee,zoya.banerjee413@gmail.com,F,2000,Jaipur,Rajasthan,North,Email,2024-02-28
10414,Neha,Reddy,neha.reddy414@gmail.com,M,2006,Chandigarh,Chandigarh,North,Affiliate,2024-02-29
10415,Harpreet,Nair,harpreet.nair415@gmail.com,M,2006,Chandigarh,Chandigarh,North,Organic Search,2024-02-29
10416,Amit,Mehta,amit.mehta416@gmail.com,F,1987,Bengaluru,Karnataka,South,Paid Social,2024-02-29
10417,Myra,Das,myra.das417@gmail.com,F,1992,Bengaluru,Karnataka,South,Paid Social,2024-02-29
10418,Sai,Joshi,sai.joshi418@gmail.com,F,2000,Hyderabad,Telangana,South,Affiliate,2024-02-29
10419,Aarav,Singh,aarav.singh419@gmail.com,F,1980,Pune,Maharashtra,West,Paid Social,2024-02-29
10420,Meera,Iyer,meera.iyer420@outlook.com,F,1996,Mumbai,Maharashtra,West,Organic Search,2024-03-01
10421,Ishaan,Kumar,ishaan.kumar421@gmail.com,F,1987,Delhi,Delhi,North,Paid Search,2024-03-01
10422,Harpreet,Nair,harpreet.nair422@gmail.com,M,1994,Hyderabad,Telangana,South,Paid Social,2024-03-01
10423,Neha,Iyer,neha.iyer423@gmail.com,F,1994,Delhi,Delhi,North,Paid Search,2024-03-01
10424,Harpreet,Banerjee,harpreet.banerjee424@outlook.com,M,1980,Jaipur,Rajasthan,North,Organic Search,2024-03-01
10425,Priya,Menon,priya.menon425@gmail.com,F,2006,Bengaluru,Karnataka,South,Referral,2024-03-01
10426,Myra,Kapoor,myra.kapoor426@yahoo.in,M,1990,Hyderabad,Telangana,South,Email,2024-03-01
10427,Reyansh,Malhotra,reyansh.malhotra427@gmail.com,F,2005,Delhi,Delhi,North,Paid Search,2024-03-01
10428,Kiara,Joshi,kiara.joshi428@gmail.com,F,1981,Indore,Madhya Pradesh,West,Paid Social,2024-03-01
10429,Aman,Nair,aman.nair429@gmail.com,M,1989,Delhi,Delhi,North,Paid Social,2024-03-01
10430,Harpreet,Gupta,harpreet.gupta430@yahoo.in,F,2000,Hyderabad,Telangana,South,Paid Social,2024-03-01
10431,Neha,Malhotra,neha.malhotra431@outlook.com,F,1992,Bengaluru,Karnataka,South,Organic Search,2024-03-01
10432,Manish,Patel,manish.patel432@gmail.com,F,2000,Bengaluru,Karnataka,South,Paid Search,2024-03-01
10433,Vivaan,Sharma,vivaan.sharma433@rediffmail.com,M,1999,Delhi,Delhi,North,Paid Search,2024-03-02
10434,Aditya,Menon,aditya.menon434@gmail.com,M,1987,Ahmedabad,Gujarat,West,Affiliate,2024-03-02
10435,Aditya,Patel,aditya.patel435@gmail.com,F,2004,Lucknow,Uttar Pradesh,North,Organic Search,2024-03-02
10436,Aditya,Gupta,aditya.gupta436@outlook.com,M,1998,Pune,Maharashtra,West,Paid Search,2024-03-02
10437,Aarav,Chopra,aarav.chopra437@gmail.com,F,1982,Kolkata,West Bengal,East,Paid Social,2024-03-02
10438,Aditya,Rao,aditya.rao438@yahoo.in,M,1995,Delhi,Delhi,North,Email,2024-03-02
10439,Zoya,Reddy,zoya.reddy439@gmail.com,M,1999,Indore,Madhya Pradesh,West,Paid Search,2024-03-02
10440,Priya,Patel,priya.patel440@gmail.com,F,1993,Gurugram,Haryana,North,Paid Search,2024-03-02
10441,Zoya,Singh,zoya.singh441@gmail.com,M,1994,Pune,Maharashtra,West,Paid Social,2024-03-02
10442,Zoya,Banerjee,zoya.banerjee442@outlook.com,M,1998,Pune,Maharashtra,West,Paid Search,2024-03-03
10443,Tanvi,Banerjee,tanvi.banerjee443@outlook.com,M,1981,Mumbai,Maharashtra,West,Paid Social,2024-03-03
10444,Arjun,Nair,arjun.nair444@rediffmail.com,M,1992,Bengaluru,Karnataka,South,Paid Social,2024-03-03
10445,Sai,Shah,sai.shah445@gmail.com,M,1991,Kolkata,West Bengal,East,Paid Social,2024-03-03
10446,Tanvi,Menon,tanvi.menon446@gmail.com,M,2000,Hyderabad,Telangana,South,Paid Social,2024-03-04
10447,Kavya,Mishra,kavya.mishra447@gmail.com,F,1989,Kolkata,West Bengal,East,Organic Search,2024-03-04
10448,Krishna,Khan,krishna.khan448@gmail.com,M,2006,Gurugram,Haryana,North,Paid Social,2024-03-04
10449,Karan,Menon,karan.menon449@gmail.com,F,1989,Kolkata,West Bengal,East,Affiliate,2024-03-04
10450,Vivaan,Reddy,vivaan.reddy450@gmail.com,M,1985,Jaipur,Rajasthan,North,Paid Social,2024-03-04
10451,Ishaan,Agarwal,ishaan.agarwal451@gmail.com,M,2004,Delhi,Delhi,North,Referral,2024-03-04
10452,Pooja,Malhotra,pooja.malhotra452@gmail.com,F,1999,Mumbai,Maharashtra,West,Paid Social,2024-03-04
10453,Meera,Malhotra,meera.malhotra453@gmail.com,M,1997,Lucknow,Uttar Pradesh,North,Paid Social,2024-03-05
10454,Pooja,Verma,pooja.verma454@yahoo.in,M,1992,Hyderabad,Telangana,South,Paid Search,2024-03-05
10455,Priya,Singh,priya.singh455@outlook.com,M,1991,Delhi,Delhi,North,Affiliate,2024-03-05
10456,Diya,Shah,diya.shah456@gmail.com,F,1997,Ahmedabad,Gujarat,West,Organic Search,2024-03-05
10457,Zoya,Reddy,zoya.reddy457@gmail.com,M,1989,Jaipur,Rajasthan,North,Organic Search,2024-03-05
10458,Aadhya,Nair,aadhya.nair458@gmail.com,F,2006,Noida,Uttar Pradesh,North,Organic Search,2024-03-05
10459,Nikhil,Pillai,nikhil.pillai459@gmail.com,M,1996,Chennai,Tamil Nadu,South,Paid Social,2024-03-06
10460,Pari,Yadav,pari.yadav460@gmail.com,F,1992,Pune,Maharashtra,West,Paid Social,2024-03-06
10461,Rahul,Das,rahul.das461@yahoo.in,F,1990,Chandigarh,Chandigarh,North,Paid Social,2024-03-06
10462,Deepak,Kapoor,deepak.kapoor462@gmail.com,M,1984,Bengaluru,Karnataka,South,Organic Search,2024-03-06
10463,Myra,Malhotra,myra.malhotra463@gmail.com,F,1999,Chennai,Tamil Nadu,South,Paid Social,2024-03-06
10464,Harpreet,Kumar,harpreet.kumar464@gmail.com,F,1987,Mumbai,Maharashtra,West,Organic Search,2024-03-06
10465,Aditya,Khan,aditya.khan465@rediffmail.com,M,1992,Gurugram,Haryana,North,Referral,2024-03-06
10466,Amit,Menon,amit.menon466@yahoo.in,F,2006,Kolkata,West Bengal,East,Organic Search,2024-03-06
10467,Rahul,Menon,rahul.menon467@yahoo.in,F,1979,Mumbai,Maharashtra,West,Paid Search,2024-03-06
10468,Kavya,Menon,kavya.menon468@gmail.com,M,1993,Noida,Uttar Pradesh,North,Paid Search,2024-03-06
10469,Ananya,Verma,ananya.verma469@gmail.com,F,1983,Delhi,Delhi,North,Paid Search,2024-03-07
10470,Pooja,Kapoor,pooja.kapoor470@gmail.com,F,1989,Delhi,Delhi,North,Referral,2024-03-07
10471,Pooja,Mehta,pooja.mehta471@gmail.com,F,1992,Kolkata,West Bengal,East,Affiliate,2024-03-07
10472,Sai,Mehta,sai.mehta472@gmail.com,F,1983,Kolkata,West Bengal,East,Paid Social,2024-03-07
10473,Manish,Banerjee,manish.banerjee473@gmail.com,M,1997,Pune,Maharashtra,West,Paid Search,2024-03-07
10474,Neha,Rao,neha.rao474@outlook.com,M,2005,Bengaluru,Karnataka,South,Paid Search,2024-03-07
10475,Isha,Joshi,isha.joshi475@gmail.com,M,1996,Chennai,Tamil Nadu,South,Paid Social,2024-03-07
10476,Arnav,Gupta,arnav.gupta476@gmail.com,F,2000,Ahmedabad,Gujarat,West,Paid Search,2024-03-07
10477,Aditya,Das,aditya.das477@gmail.com,M,2006,Bengaluru,Karnataka,South,Referral,2024-03-07
10478,Meera,Shah,meera.shah478@gmail.com,F,1998,Kolkata,West Bengal,East,Paid Social,2024-03-08
10479,Aarav,Singh,aarav.singh479@gmail.com,M,1975,Gurugram,Haryana,North,Paid Search,2024-03-08
10480,Kavya,Patel,kavya.patel480@rediffmail.com,M,1995,Delhi,Delhi,North,Affiliate,2024-03-08
10481,Aman,Gupta,aman.gupta481@gmail.com,F,1973,Hyderabad,Telangana,South,Organic Search,2024-03-08
10482,Amit,Pillai,amit.pillai482@yahoo.in,F,1988,Bengaluru,Karnataka,South,Paid Social,2024-03-08
10483,Myra,Kapoor,myra.kapoor483@yahoo.in,M,1982,Gurugram,Haryana,North,Paid Search,2024-03-08
10484,Lakshmi,Kapoor,lakshmi.kapoor484@gmail.com,F,1996,Jaipur,Rajasthan,North,Organic Search,2024-03-08
10485,Kabir,Verma,kabir.verma485@gmail.com,F,1986,Bengaluru,Karnataka,South,Organic Search,2024-03-08
10486,Farhan,Menon,farhan.menon486@gmail.com,M,1996,Pune,Maharashtra,West,Paid Social,2024-03-08
10487,Kiara,Yadav,kiara.yadav487@outlook.com,M,2000,Chennai,Tamil Nadu,South,Organic Search,2024-03-09
10488,Aman,Kapoor,aman.kapoor488@yahoo.in,M,1986,Chennai,Tamil Nadu,South,Email,2024-03-09
10489,Riya,Mishra,riya.mishra489@gmail.com,M,1996,Pune,Maharashtra,West,Paid Search,2024-03-09
10490,Manish,Kapoor,manish.kapoor490@gmail.com,M,1973,Bengaluru,Karnataka,South,Paid Search,2024-03-09
10491,Vikram,Sharma,vikram.sharma491@gmail.com,M,1982,Bengaluru,Karnataka,South,Paid Social,2024-03-09
10492,Aadhya,Pillai,aadhya.pillai492@gmail.com,M,2004,Delhi,Delhi,North,Organic Search,2024-03-09
10493,Arnav,Yadav,arnav.yadav493@gmail.com,F,1986,Mumbai,Maharashtra,West,Organic Search,2024-03-09
10494,Karan,Chopra,karan.chopra494@gmail.com,F,1989,Mumbai,Maharashtra,West,Paid Search,2024-03-09
10495,Nikhil,Yadav,nikhil.yadav495@rediffmail.com,M,1987,Chennai,Tamil Nadu,South,Paid Social,2024-03-09
10496,Ananya,Verma,ananya.verma496@outlook.com,M,1980,Chennai,Tamil Nadu,South,Paid Search,2024-03-10
10497,Amit,Chopra,amit.chopra497@gmail.com,F,1985,Delhi,Delhi,North,Paid Search,2024-03-10
10498,Harpreet,Menon,harpreet.menon498@rediffmail.com,M,1993,Chennai,Tamil Nadu,South,Paid Social,2024-03-10
10499,Pari,Chopra,pari.chopra499@gmail.com,F,1990,Indore,Madhya Pradesh,West,Email,2024-03-10
10500,Pooja,Mehta,pooja.mehta500@gmail.com,M,2002,Delhi,Delhi,North,Paid Search,2024-03-10
10501,Rohan,Iyer,rohan.iyer501@gmail.com,F,1989,Mumbai,Maharashtra,West,Referral,2024-03-10
10502,Ishaan,Bose,ishaan.bose502@gmail.com,M,1993,Chennai,Tamil Nadu,South,Organic Search,2024-03-10
10503,Farhan,Shah,farhan.shah503@yahoo.in,M,1989,Mumbai,Maharashtra,West,Paid Social,2024-03-11
10504,Kiara,Das,kiara.das504@outlook.com,M,2001,Bengaluru,Karnataka,South,Paid Search,2024-03-11
10505,Rohan,Joshi,rohan.joshi505@gmail.com,M,1982,Ahmedabad,Gujarat,West,Paid Search,2024-03-11
10506,Ishaan,Mehta,ishaan.mehta506@gmail.com,F,1997,Ahmedabad,Gujarat,West,Organic Search,2024-03-11
10507,Sai,Malhotra,sai.malhotra507@gmail.com,F,1997,Pune,Maharashtra,West,Organic Search,2024-03-11
10508,Priya,Mehta,priya.mehta508@gmail.com,M,1987,Pune,Maharashtra,West,Paid Search,2024-03-11
10509,Aadhya,Agarwal,aadhya.agarwal509@gmail.com,M,1993,Kochi,Kerala,South,Organic Search,2024-03-11
10510,Arjun,Menon,arjun.menon510@gmail.com,M,1997,Mumbai,Maharashtra,West,Paid Search,2024-03-12
10511,Neha,Iyer,neha.iyer511@gmail.com,M,1988,Noida,Uttar Pradesh,North,Paid Search,2024-03-12
10512,Kavya,Patel,kavya.patel512@gmail.com,F,1988,Mumbai,Maharashtra,West,Organic Search,2024-03-12
10513,Manish,Khan,manish.khan513@gmail.com,M,1984,Bengaluru,Karnataka,South,Paid Social,2024-03-12
10514,Pooja,Joshi,pooja.joshi514@gmail.com,F,2006,Pune,Maharashtra,West,Paid Search,2024-03-12
10515,Pooja,Banerjee,pooja.banerjee515@gmail.com,M,1990,Bengaluru,Karnataka,South,Organic Search,2024-03-12
10516,Manish,Singh,manish.singh516@outlook.com,M,1984,Lucknow,Uttar Pradesh,North,Organic Search,2024-03-12
10517,Farhan,Gupta,farhan.gupta517@yahoo.in,M,1979,Ahmedabad,Gujarat,West,Paid Social,2024-03-13
10518,Krishna,Joshi,krishna.joshi518@yahoo.in,F,1987,Chennai,Tamil Nadu,South,Paid Social,2024-03-13
10519,Amit,Agarwal,amit.agarwal519@gmail.com,M,1996,Pune,Maharashtra,West,Referral,2024-03-13
10520,Myra,Khan,myra.khan520@gmail.com,M,1991,Bengaluru,Karnataka,South,Organic Search,2024-03-13
10521,Reyansh,Bose,reyansh.bose521@gmail.com,M,1996,Bengaluru,Karnataka,South,Paid Social,2024-03-13
10522,Deepak,Singh,deepak.singh522@gmail.com,F,1999,Bengaluru,Karnataka,South,Paid Search,2024-03-13
10523,Pooja,Shah,pooja.shah523@gmail.com,F,1992,Mumbai,Maharashtra,West,Email,2024-03-13
10524,Tanvi,Pillai,tanvi.pillai524@gmail.com,M,1992,Bengaluru,Karnataka,South,Referral,2024-03-13
10525,Zoya,Rao,zoya.rao525@outlook.com,M,2006,Mumbai,Maharashtra,West,Organic Search,2024-03-14
10526,Aditya,Kapoor,aditya.kapoor526@outlook.com,F,1999,Mumbai,Maharashtra,West,Affiliate,2024-03-14
10527,Aadhya,Shah,aadhya.shah527@outlook.com,F,1997,Pune,Maharashtra,West,Paid Search,2024-03-14
10528,Arnav,Kapoor,arnav.kapoor528@gmail.com,F,1991,Mumbai,Maharashtra,West,Affiliate,2024-03-14
10529,Rohan,Joshi,rohan.joshi529@gmail.com,M,1999,Delhi,Delhi,North,Paid Search,2024-03-14
10530,Ishaan,Agarwal,ishaan.agarwal530@gmail.com,F,1996,Bengaluru,Karnataka,South,Paid Search,2024-03-15
10531,Vikram,Banerjee,vikram.banerjee531@gmail.com,F,1996,Ahmedabad,Gujarat,West,Paid Social,2024-03-15
10532,Ananya,Singh,ananya.singh532@gmail.com,F,1999,Delhi,Delhi,North,Organic Search,2024-03-15
10533,Simran,Menon,simran.menon533@gmail.com,F,1996,Lucknow,Uttar Pradesh,North,Paid Social,2024-03-15
10534,Riya,Malhotra,riya.malhotra534@gmail.com,F,1981,Indore,Madhya Pradesh,West,Organic Search,2024-03-15
10535,Farhan,Bose,farhan.bose535@gmail.com,M,1994,Pune,Maharashtra,West,Organic Search,2024-03-15
10536,Nikhil,Pillai,nikhil.pillai536@gmail.com,M,1985,Bengaluru,Karnataka,South,Paid Search,2024-03-16
10537,Reyansh,Nair,reyansh.nair537@gmail.com,F,1999,Pune,Maharashtra,West,Affiliate,2024-03-16
10538,Meera,Agarwal,meera.agarwal538@gmail.com,M,1981,Chennai,Tamil Nadu,South,Affiliate,2024-03-16
10539,Krishna,Nair,krishna.nair539@outlook.com,M,1993,Delhi,Delhi,North,Paid Social,2024-03-16
10540,Aarav,Pillai,aarav.pillai540@gmail.com,M,1994,Indore,Madhya Pradesh,West,Paid Social,2024-03-16
10541,Manish,Kapoor,manish.kapoor541@gmail.com,F,1984,Mumbai,Maharashtra,West,Organic Search,2024-03-16
10542,Kabir,Malhotra,kabir.malhotra542@outlook.com,M,1993,Jaipur,Rajasthan,North,Paid Search,2024-03-17
10543,Tanvi,Mehta,tanvi.mehta543@outlook.com,M,2000,Kolkata,West Bengal,East,Affiliate,2024-03-17
10544,Saanvi,Agarwal,saanvi.agarwal544@gmail.com,M,1989,Chennai,Tamil Nadu,South,Referral,2024-03-17
10545,Nikhil,Verma,nikhil.verma545@yahoo.in,M,1996,Gurugram,Haryana,North,Paid Social,2024-03-17
10546,Kiara,Mishra,kiara.mishra546@gmail.com,F,1998,Delhi,Delhi,North,Organic Search,2024-03-17
10547,Isha,Joshi,isha.joshi547@gmail.com,F,1985,Chennai,Tamil Nadu,South,Referral,2024-03-17
10548,Aditya,Chopra,aditya.chopra548@outlook.com,M,1994,Gurugram,Haryana,North,Affiliate,2024-03-17
10549,Priya,Patel,priya.patel549@gmail.com,F,1992,Kochi,Kerala,South,Affiliate,2024-03-17
10550,Tanvi,Singh,tanvi.singh550@gmail.com,F,1993,Jaipur,Rajasthan,North,Paid Social,2024-03-17
10551,Nikhil,Das,nikhil.das551@gmail.com,M,1981,Mumbai,Maharashtra,West,Organic Search,2024-03-18
10552,Arnav,Kapoor,arnav.kapoor552@yahoo.in,M,1982,Delhi,Delhi,North,Affiliate,2024-03-18
10553,Pooja,Sharma,pooja.sharma553@outlook.com,M,2003,Pune,Maharashtra,West,Paid Social,2024-03-18
10554,Manish,Rao,manish.rao554@gmail.com,M,2000,Gurugram,Haryana,North,Organic Search,2024-03-18
10555,Karan,Menon,karan.menon555@gmail.com,F,1995,Mumbai,Maharashtra,West,Organic Search,2024-03-18
10556,Zoya,Pillai,zoya.pillai556@gmail.com,M,2001,Kochi,Kerala,South,Paid Social,2024-03-18
10557,Reyansh,Iyer,reyansh.iyer557@gmail.com,M,1983,Lucknow,Uttar Pradesh,North,Referral,2024-03-18
10558,Rohan,Iyer,rohan.iyer558@gmail.com,F,1992,Bengaluru,Karnataka,South,Affiliate,2024-03-18
10559,Pooja,Nair,pooja.nair559@gmail.com,M,1991,Noida,Uttar Pradesh,North,Affiliate,2024-03-18
10560,Rahul,Singh,rahul.singh560@gmail.com,F,1987,Indore,Madhya Pradesh,West,Paid Social,2024-03-19
10561,Neha,Chopra,neha.chopra561@gmail.com,M,1984,Jaipur,Rajasthan,North,Affiliate,2024-03-19
10562,Lakshmi,Bose,lakshmi.bose562@yahoo.in,M,2004,Bengaluru,Karnataka,South,Organic Search,2024-03-19
10563,Neha,Joshi,neha.joshi563@gmail.com,M,1988,Hyderabad,Telangana,South,Organic Search,2024-03-19
10564,Aditya,Verma,aditya.verma564@gmail.com,F,1997,Chennai,Tamil Nadu,South,Organic Search,2024-03-19
10565,Rahul,Mishra,rahul.mishra565@gmail.com,F,1996,Kochi,Kerala,South,Referral,2024-03-19
10566,Kabir,Banerjee,kabir.banerjee566@gmail.com,M,2002,Lucknow,Uttar Pradesh,North,Email,2024-03-19
10567,Vivaan,Joshi,vivaan.joshi567@yahoo.in,F,1999,Delhi,Delhi,North,Referral,2024-03-20
10568,Ananya,Joshi,ananya.joshi568@outlook.com,F,1991,Delhi,Delhi,North,Affiliate,2024-03-20
10569,Aarav,Malhotra,aarav.malhotra569@gmail.com,M,1983,Bengaluru,Karnataka,South,Paid Social,2024-03-20
10570,Vikram,Sharma,vikram.sharma570@outlook.com,M,2001,Gurugram,Haryana,North,Referral,2024-03-20
10571,Priya,Reddy,priya.reddy571@outlook.com,M,2003,Hyderabad,Telangana,South,Paid Search,2024-03-20
10572,Kavya,Chopra,kavya.chopra572@gmail.com,F,2006,Kolkata,West Bengal,East,Referral,2024-03-20
10573,Aditya,Das,aditya.das573@yahoo.in,M,2001,Gurugram,Haryana,North,Referral,2024-03-21
10574,Neha,Gupta,neha.gupta574@gmail.com,M,1988,Jaipur,Rajasthan,North,Paid Search,2024-03-21
10575,Lakshmi,Yadav,lakshmi.yadav575@yahoo.in,M,1989,Pune,Maharashtra,West,Organic Search,2024-03-21
10576,Sneha,Reddy,sneha.reddy576@yahoo.in,F,1977,Mumbai,Maharashtra,West,Organic Search,2024-03-21
10577,Pari,Patel,pari.patel577@rediffmail.com,M,1987,Mumbai,Maharashtra,West,Email,2024-03-22
10578,Karan,Menon,karan.menon578@gmail.com,M,1983,Noida,Uttar Pradesh,North,Paid Social,2024-03-22
10579,Ananya,Patel,ananya.patel579@yahoo.in,F,1998,Chennai,Tamil Nadu,South,Paid Search,2024-03-22
10580,Harpreet,Chopra,harpreet.chopra580@gmail.com,M,2001,Bengaluru,Karnataka,South,Affiliate,2024-03-22
10581,Meera,Joshi,meera.joshi581@outlook.com,M,2006,Gurugram,Haryana,North,Paid Search,2024-03-22
10582,Diya,Menon,diya.menon582@gmail.com,F,2006,Delhi,Delhi,North,Paid Search,2024-03-23
10583,Arjun,Shah,arjun.shah583@gmail.com,M,1995,Hyderabad,Telangana,South,Referral,2024-03-23
10584,Karan,Joshi,karan.joshi584@outlook.com,F,1989,Delhi,Delhi,North,Paid Search,2024-03-23
10585,Arnav,Verma,arnav.verma585@gmail.com,F,1990,Chennai,Tamil Nadu,South,Paid Search,2024-03-23
10586,Deepak,Kapoor,deepak.kapoor586@gmail.com,M,1988,Pune,Maharashtra,West,Referral,2024-03-23
10587,Meera,Rao,meera.rao587@gmail.com,F,2006,Kolkata,West Bengal,East,Paid Search,2024-03-23
10588,Deepak,Sharma,deepak.sharma588@gmail.com,M,1971,Hyderabad,Telangana,South,Paid Search,2024-03-23
10589,Aman,Singh,aman.singh589@outlook.com,M,2006,Chennai,Tamil Nadu,South,Organic Search,2024-03-23
10590,Myra,Iyer,myra.iyer590@outlook.com,F,1986,Bengaluru,Karnataka,South,Email,2024-03-24
10591,Simran,Mishra,simran.mishra591@gmail.com,F,1990,Ahmedabad,Gujarat,West,Paid Social,2024-03-24
10592,Sai,Iyer,sai.iyer592@yahoo.in,F,1973,Gurugram,Haryana,North,Email,2024-03-24
10593,Arnav,Yadav,arnav.yadav593@gmail.com,M,2002,Bengaluru,Karnataka,South,Paid Social,2024-03-24
10594,Lakshmi,Verma,lakshmi.verma594@outlook.com,F,2000,Indore,Madhya Pradesh,West,Organic Search,2024-03-24
10595,Sneha,Joshi,sneha.joshi595@yahoo.in,M,1985,Mumbai,Maharashtra,West,Paid Search,2024-03-24
10596,Lakshmi,Shah,lakshmi.shah596@gmail.com,M,2002,Ahmedabad,Gujarat,West,Paid Search,2024-03-24
10597,Reyansh,Rao,reyansh.rao597@gmail.com,M,2001,Lucknow,Uttar Pradesh,North,Referral,2024-03-24
10598,Arjun,Joshi,arjun.joshi598@gmail.com,M,1989,Mumbai,Maharashtra,West,Paid Social,2024-03-24
10599,Saanvi,Das,saanvi.das599@outlook.com,M,1977,Delhi,Delhi,North,Paid Social,2024-03-24
10600,Arjun,Chopra,arjun.chopra600@gmail.com,F,1992,Mumbai,Maharashtra,West,Referral,2024-03-25
10601,Kabir,Reddy,kabir.reddy601@gmail.com,F,2002,Mumbai,Maharashtra,West,Organic Search,2024-03-25
10602,Ishaan,Khan,ishaan.khan602@gmail.com,F,1986,Chennai,Tamil Nadu,South,Email,2024-03-25
10603,Priya,Verma,priya.verma603@yahoo.in,M,2002,Pune,Maharashtra,West,Paid Search,2024-03-25
10604,Karan,Reddy,karan.reddy604@gmail.com,M,1987,Kochi,Kerala,South,Paid Social,2024-03-25
10605,Ishaan,Agarwal,ishaan.agarwal605@gmail.com,F,1993,Kolkata,West Bengal,East,Organic Search,2024-03-25
10606,Aadhya,Shah,aadhya.shah606@gmail.com,F,1988,Delhi,Delhi,North,Organic Search,2024-03-25
10607,Riya,Banerjee,riya.banerjee607@gmail.com,F,1995,Indore,Madhya Pradesh,West,Referral,2024-03-25
10608,Kabir,Rao,kabir.rao608@gmail.com,F,2000,Jaipur,Rajasthan,North,Paid Search,2024-03-25
10609,Saanvi,Mehta,saanvi.mehta609@rediffmail.com,F,2006,Chennai,Tamil Nadu,South,Email,2024-03-25
10610,Zoya,Singh,zoya.singh610@outlook.com,M,1995,Pune,Maharashtra,West,Paid Social,2024-03-26
10611,Myra,Menon,myra.menon611@gmail.com,M,1981,Delhi,Delhi,North,Paid Social,2024-03-26
10612,Kabir,Mehta,kabir.mehta612@gmail.com,M,1999,Noida,Uttar Pradesh,North,Paid Search,2024-03-26
10613,Aman,Gupta,aman.gupta613@gmail.com,F,1991,Bengaluru,Karnataka,South,Email,2024-03-26
10614,Kavya,Sharma,kavya.sharma614@yahoo.in,F,1991,Delhi,Delhi,North,Affiliate,2024-03-27
10615,Lakshmi,Patel,lakshmi.patel615@gmail.com,F,1994,Mumbai,Maharashtra,West,Organic Search,2024-03-27
10616,Isha,Rao,isha.rao616@gmail.com,F,1998,Chennai,Tamil Nadu,South,Paid Social,2024-03-27
10617,Aarav,Nair,aarav.nair617@gmail.com,F,1990,Delhi,Delhi,North,Email,2024-03-27
10618,Kiara,Khan,kiara.khan618@gmail.com,M,1998,Bengaluru,Karnataka,South,Organic Search,2024-03-27
10619,Farhan,Kumar,farhan.kumar619@gmail.com,M,1997,Bengaluru,Karnataka,South,Paid Search,2024-03-27
10620,Deepak,Yadav,deepak.yadav620@rediffmail.com,M,1998,Chandigarh,Chandigarh,North,Affiliate,2024-03-28
10621,Aditya,Menon,aditya.menon621@gmail.com,M,2001,Delhi,Delhi,North,Paid Social,2024-03-28
10622,Sai,Shah,sai.shah622@yahoo.in,M,1976,Delhi,Delhi,North,Affiliate,2024-03-28
10623,Diya,Malhotra,diya.malhotra623@outlook.com,M,1990,Kolkata,West Bengal,East,Paid Search,2024-03-28
10624,Sai,Gupta,sai.gupta624@gmail.com,F,1992,Bengaluru,Karnataka,South,Paid Social,2024-03-28
10625,Ishaan,Gupta,ishaan.gupta625@gmail.com,F,1992,Mumbai,Maharashtra,West,Paid Search,2024-03-28
10626,Isha,Gupta,isha.gupta626@gmail.com,M,1987,Chennai,Tamil Nadu,South,Paid Search,2024-03-28
10627,Ananya,Joshi,ananya.joshi627@gmail.com,M,1988,Delhi,Delhi,North,Email,2024-03-28
10628,Pooja,Yadav,pooja.yadav628@gmail.com,M,1998,Delhi,Delhi,North,Paid Social,2024-03-30
10629,Deepak,Bose,deepak.bose629@outlook.com,M,1997,Noida,Uttar Pradesh,North,Affiliate,2024-03-30
10630,Rahul,Joshi,rahul.joshi630@yahoo.in,M,1994,Hyderabad,Telangana,South,Paid Search,2024-03-30
10631,Rahul,Agarwal,rahul.agarwal631@yahoo.in,F,1985,Mumbai,Maharashtra,West,Affiliate,2024-03-30
10632,Kavya,Mehta,kavya.mehta632@yahoo.in,F,2000,Bengaluru,Karnataka,South,Paid Social,2024-03-30
10633,Vikram,Malhotra,vikram.malhotra633@gmail.com,F,2000,Lucknow,Uttar Pradesh,North,Organic Search,2024-03-30
10634,Manish,Chopra,manish.chopra634@yahoo.in,F,2002,Hyderabad,Telangana,South,Paid Search,2024-03-30
10635,Lakshmi,Malhotra,lakshmi.malhotra635@gmail.com,M,1987,Hyderabad,Telangana,South,Organic Search,2024-03-30
10636,Vivaan,Mehta,vivaan.mehta636@gmail.com,F,2006,Mumbai,Maharashtra,West,Organic Search,2024-03-30
10637,Deepak,Agarwal,deepak.agarwal637@gmail.com,M,1995,Noida,Uttar Pradesh,North,Affiliate,2024-03-30
10638,Krishna,Malhotra,krishna.malhotra638@gmail.com,M,1987,Bengaluru,Karnataka,South,Affiliate,2024-03-31
10639,Ananya,Reddy,ananya.reddy639@gmail.com,M,2006,Lucknow,Uttar Pradesh,North,Organic Search,2024-03-31
10640,Sneha,Shah,sneha.shah640@gmail.com,M,1999,Gurugram,Haryana,North,Organic Search,2024-03-31
10641,Farhan,Joshi,farhan.joshi641@gmail.com,M,1995,Indore,Madhya Pradesh,West,Organic Search,2024-03-31
10642,Kavya,Malhotra,kavya.malhotra642@rediffmail.com,M,1996,Pune,Maharashtra,West,Email,2024-03-31
10643,Priya,Khan,priya.khan643@gmail.com,M,2004,Hyderabad,Telangana,South,Paid Social,2024-03-31
10644,Diya,Nair,diya.nair644@gmail.com,F,1996,Jaipur,Rajasthan,North,Paid Social,2024-03-31
10645,Myra,Gupta,myra.gupta645@gmail.com,M,1980,Noida,Uttar Pradesh,North,Paid Social,2024-04-01
10646,Pari,Patel,pari.patel646@gmail.com,M,1993,Bengaluru,Karnataka,South,Affiliate,2024-04-01
10647,Diya,Shah,diya.shah647@outlook.com,F,2001,Bengaluru,Karnataka,South,Organic Search,2024-04-01
10648,Kabir,Menon,kabir.menon648@gmail.com,F,1993,Mumbai,Maharashtra,West,Organic Search,2024-04-01
10649,Nikhil,Kumar,nikhil.kumar649@gmail.com,F,1986,Mumbai,Maharashtra,West,Paid Social,2024-04-01
10650,Kavya,Chopra,kavya.chopra650@gmail.com,F,1993,Delhi,Delhi,North,Affiliate,2024-04-01
10651,Pooja,Reddy,pooja.reddy651@gmail.com,M,2000,Mumbai,Maharashtra,West,Paid Social,2024-04-02
10652,Krishna,Chopra,krishna.chopra652@yahoo.in,M,2004,Kolkata,West Bengal,East,Email,2024-04-02
10653,Meera,Rao,meera.rao653@gmail.com,F,1985,Delhi,Delhi,North,Email,2024-04-02
10654,Sneha,Sharma,sneha.sharma654@yahoo.in,F,1984,Ahmedabad,Gujarat,West,Organic Search,2024-04-02
10655,Kiara,Shah,kiara.shah655@gmail.com,M,1993,Delhi,Delhi,North,Paid Social,2024-04-03
10656,Aarav,Yadav,aarav.yadav656@yahoo.in,M,1988,Chandigarh,Chandigarh,North,Email,2024-04-03
10657,Zoya,Shah,zoya.shah657@gmail.com,F,1989,Hyderabad,Telangana,South,Organic Search,2024-04-03
10658,Vikram,Mehta,vikram.mehta658@gmail.com,M,1991,Ahmedabad,Gujarat,West,Paid Social,2024-04-03
10659,Kabir,Pillai,kabir.pillai659@gmail.com,F,2000,Delhi,Delhi,North,Organic Search,2024-04-03
10660,Myra,Menon,myra.menon660@gmail.com,F,1987,Mumbai,Maharashtra,West,Referral,2024-04-03
10661,Amit,Kumar,amit.kumar661@gmail.com,F,1984,Delhi,Delhi,North,Organic Search,2024-04-03
10662,Sneha,Kumar,sneha.kumar662@yahoo.in,F,1988,Mumbai,Maharashtra,West,Paid Search,2024-04-03
10663,Meera,Kapoor,meera.kapoor663@outlook.com,F,1981,Hyderabad,Telangana,South,Paid Social,2024-04-03
10664,Arjun,Nair,arjun.nair664@gmail.com,F,1994,Lucknow,Uttar Pradesh,North,Paid Social,2024-04-03
10665,Amit,Kumar,amit.kumar665@gmail.com,F,1994,Mumbai,Maharashtra,West,Organic Search,2024-04-03
10666,Arjun,Patel,arjun.patel666@gmail.com,M,2002,Pune,Maharashtra,West,Organic Search,2024-04-03
10667,Krishna,Pillai,krishna.pillai667@outlook.com,M,1985,Chennai,Tamil Nadu,South,Email,2024-04-03
10668,Arjun,Das,arjun.das668@gmail.com,M,1994,Delhi,Delhi,North,Affiliate,2024-04-04
10669,Vikram,Iyer,vikram.iyer669@gmail.com,F,1996,Ahmedabad,Gujarat,West,Paid Social,2024-04-04
10670,Simran,Menon,simran.menon670@outlook.com,F,1981,Delhi,Delhi,North,Organic Search,2024-04-04
10671,Kavya,Menon,kavya.menon671@gmail.com,F,1995,Delhi,Delhi,North,Referral,2024-04-04
10672,Nikhil,Banerjee,nikhil.banerjee672@yahoo.in,F,1996,Noida,Uttar Pradesh,North,Paid Social,2024-04-04
10673,Zoya,Patel,zoya.patel673@gmail.com,M,1992,Bengaluru,Karnataka,South,Paid Search,2024-04-04
10674,Reyansh,Kapoor,reyansh.kapoor674@gmail.com,M,1983,Delhi,Delhi,North,Organic Search,2024-04-05
10675,Aarav,Agarwal,aarav.agarwal675@gmail.com,F,1993,Kolkata,West Bengal,East,Organic Search,2024-04-05
10676,Aadhya,Agarwal,aadhya.agarwal676@outlook.com,F,1978,Mumbai,Maharashtra,West,Organic Search,2024-04-05
10677,Pari,Patel,pari.patel677@gmail.com,M,1996,Chennai,Tamil Nadu,South,Paid Social,2024-04-05
10678,Isha,Iyer,isha.iyer678@gmail.com,M,1999,Noida,Uttar Pradesh,North,Paid Search,2024-04-05
10679,Meera,Gupta,meera.gupta679@yahoo.in,M,1992,Chandigarh,Chandigarh,North,Paid Social,2024-04-05
10680,Arjun,Chopra,arjun.chopra680@gmail.com,F,2004,Bengaluru,Karnataka,South,Paid Social,2024-04-06
10681,Sai,Verma,sai.verma681@gmail.com,M,1988,Mumbai,Maharashtra,West,Paid Social,2024-04-06
10682,Simran,Mishra,simran.mishra682@gmail.com,M,1988,Pune,Maharashtra,West,Paid Social,2024-04-06
10683,Pooja,Iyer,pooja.iyer683@gmail.com,M,1991,Hyderabad,Telangana,South,Paid Social,2024-04-06
10684,Pari,Malhotra,pari.malhotra684@rediffmail.com,F,2006,Bengaluru,Karnataka,South,Organic Search,2024-04-06
10685,Simran,Kumar,simran.kumar685@gmail.com,M,1991,Chennai,Tamil Nadu,South,Organic Search,2024-04-06
10686,Meera,Reddy,meera.reddy686@gmail.com,F,2006,Delhi,Delhi,North,Paid Social,2024-04-06
10687,Simran,Reddy,simran.reddy687@gmail.com,F,1993,Indore,Madhya Pradesh,West,Paid Search,2024-04-06
10688,Karan,Mishra,karan.mishra688@gmail.com,M,1987,Indore,Madhya Pradesh,West,Paid Search,2024-04-07
10689,Rahul,Menon,rahul.menon689@outlook.com,M,2006,Indore,Madhya Pradesh,West,Paid Search,2024-04-07
10690,Lakshmi,Khan,lakshmi.khan690@gmail.com,M,1995,Ahmedabad,Gujarat,West,Organic Search,2024-04-07
10691,Manish,Gupta,manish.gupta691@gmail.com,M,1991,Bengaluru,Karnataka,South,Organic Search,2024-04-07
10692,Riya,Menon,riya.menon692@gmail.com,M,2000,Chennai,Tamil Nadu,South,Paid Social,2024-04-07
10693,Karan,Iyer,karan.iyer693@gmail.com,F,2003,Noida,Uttar Pradesh,North,Paid Social,2024-04-07
10694,Vivaan,Rao,vivaan.rao694@yahoo.in,M,1989,Delhi,Delhi,North,Paid Social,2024-04-08
10695,Harpreet,Patel,harpreet.patel695@gmail.com,M,2001,Delhi,Delhi,North,Organic Search,2024-04-08
10696,Krishna,Mehta,krishna.mehta696@yahoo.in,M,1992,Gurugram,Haryana,North,Referral,2024-04-08
10697,Vivaan,Sharma,vivaan.sharma697@yahoo.in,M,1986,Bengaluru,Karnataka,South,Paid Search,2024-04-08
10698,Isha,Banerjee,isha.banerjee698@rediffmail.com,M,1988,Mumbai,Maharashtra,West,Paid Social,2024-04-08
10699,Arjun,Rao,arjun.rao699@gmail.com,M,1984,Mumbai,Maharashtra,West,Paid Search,2024-04-08
10700,Arjun,Yadav,arjun.yadav700@gmail.com,F,1994,Kochi,Kerala,South,Paid Search,2024-04-08
10701,Priya,Shah,priya.shah701@gmail.com,M,1994,Kochi,Kerala,South,Referral,2024-04-09
10702,Myra,Menon,myra.menon702@yahoo.in,F,2003,Pune,Maharashtra,West,Organic Search,2024-04-09
10703,Reyansh,Menon,reyansh.menon703@gmail.com,F,2000,Mumbai,Maharashtra,West,Organic Search,2024-04-09
10704,Manish,Banerjee,manish.banerjee704@gmail.com,F,1990,Jaipur,Rajasthan,North,Organic Search,2024-04-09
10705,Rohan,Reddy,rohan.reddy705@yahoo.in,F,1992,Mumbai,Maharashtra,West,Affiliate,2024-04-09
10706,Rohan,Kumar,rohan.kumar706@gmail.com,M,1988,Mumbai,Maharashtra,West,Affiliate,2024-04-09
10707,Aman,Kumar,aman.kumar707@gmail.com,F,1994,Delhi,Delhi,North,Paid Social,2024-04-09
10708,Nikhil,Sharma,nikhil.sharma708@yahoo.in,M,1992,Hyderabad,Telangana,South,Paid Search,2024-04-10
10709,Pari,Pillai,pari.pillai709@rediffmail.com,F,1994,Mumbai,Maharashtra,West,Organic Search,2024-04-10
10710,Ananya,Nair,ananya.nair710@yahoo.in,F,2005,Noida,Uttar Pradesh,North,Referral,2024-04-10
10711,Lakshmi,Joshi,lakshmi.joshi711@gmail.com,M,2006,Bengaluru,Karnataka,South,Organic Search,2024-04-10
10712,Vivaan,Nair,vivaan.nair712@gmail.com,F,1989,Mumbai,Maharashtra,West,Organic Search,2024-04-11
10713,Karan,Khan,karan.khan713@gmail.com,F,2000,Chandigarh,Chandigarh,North,Email,2024-04-11
10714,Arjun,Banerjee,arjun.banerjee714@gmail.com,F,1999,Lucknow,Uttar Pradesh,North,Organic Search,2024-04-11
10715,Aarav,Chopra,aarav.chopra715@yahoo.in,F,1989,Delhi,Delhi,North,Email,2024-04-11
10716,Sai,Singh,sai.singh716@gmail.com,M,2005,Pune,Maharashtra,West,Referral,2024-04-11
10717,Sneha,Yadav,sneha.yadav717@yahoo.in,F,1982,Mumbai,Maharashtra,West,Referral,2024-04-11
10718,Diya,Joshi,diya.joshi718@yahoo.in,M,2002,Delhi,Delhi,North,Paid Social,2024-04-11
10719,Tanvi,Pillai,tanvi.pillai719@gmail.com,M,1993,Hyderabad,Telangana,South,Paid Search,2024-04-11
10720,Kavya,Shah,kavya.shah720@yahoo.in,M,1985,Hyderabad,Telangana,South,Paid Social,2024-04-11
10721,Vivaan,Gupta,vivaan.gupta721@gmail.com,M,1992,Pune,Maharashtra,West,Referral,2024-04-12
10722,Vikram,Patel,vikram.patel722@gmail.com,F,2006,Chennai,Tamil Nadu,South,Referral,2024-04-12
10723,Lakshmi,Khan,lakshmi.khan723@gmail.com,M,2006,Pune,Maharashtra,West,Email,2024-04-12
10724,Sai,Pillai,sai.pillai724@yahoo.in,F,1987,Gurugram,Haryana,North,Affiliate,2024-04-12
10725,Kiara,Mehta,kiara.mehta725@rediffmail.com,M,1993,Pune,Maharashtra,West,Paid Social,2024-04-12
10726,Aditya,Sharma,aditya.sharma726@outlook.com,F,1992,Chandigarh,Chandigarh,North,Affiliate,2024-04-12
10727,Sai,Pillai,sai.pillai727@gmail.com,M,1993,Mumbai,Maharashtra,West,Organic Search,2024-04-12
10728,Kavya,Rao,kavya.rao728@rediffmail.com,M,2006,Kolkata,West Bengal,East,Affiliate,2024-04-12
10729,Ananya,Sharma,ananya.sharma729@outlook.com,F,1990,Mumbai,Maharashtra,West,Email,2024-04-12
10730,Krishna,Shah,krishna.shah730@gmail.com,M,1987,Noida,Uttar Pradesh,North,Organic Search,2024-04-12
10731,Arnav,Yadav,arnav.yadav731@gmail.com,F,1990,Delhi,Delhi,North,Paid Social,2024-04-13
10732,Ananya,Iyer,ananya.iyer732@rediffmail.com,M,1992,Chennai,Tamil Nadu,South,Paid Social,2024-04-13
10733,Diya,Malhotra,diya.malhotra733@gmail.com,M,2000,Delhi,Delhi,North,Referral,2024-04-13
10734,Simran,Kapoor,simran.kapoor734@rediffmail.com,F,1995,Kochi,Kerala,South,Organic Search,2024-04-13
10735,Farhan,Mehta,farhan.mehta735@gmail.com,M,1999,Delhi,Delhi,North,Paid Social,2024-04-13
10736,Sneha,Gupta,sneha.gupta736@gmail.com,M,2002,Hyderabad,Telangana,South,Paid Social,2024-04-13
10737,Simran,Banerjee,simran.banerjee737@gmail.com,F,1991,Jaipur,Rajasthan,North,Paid Search,2024-04-13
10738,Kabir,Nair,kabir.nair738@gmail.com,M,1993,Lucknow,Uttar Pradesh,North,Affiliate,2024-04-13
10739,Zoya,Kapoor,zoya.kapoor739@yahoo.in,F,1997,Gurugram,Haryana,North,Paid Social,2024-04-13
10740,Meera,Sharma,meera.sharma740@gmail.com,F,1989,Delhi,Delhi,North,Paid Search,2024-04-13
10741,Sneha,Shah,sneha.shah741@gmail.com,F,1994,Delhi,Delhi,North,Email,2024-04-13
10742,Pari,Nair,pari.nair742@outlook.com,M,2002,Gurugram,Haryana,North,Organic Search,2024-04-14
10743,Sai,Das,sai.das743@gmail.com,F,1994,Ahmedabad,Gujarat,West,Paid Search,2024-04-14
10744,Pooja,Iyer,pooja.iyer744@gmail.com,M,2004,Ahmedabad,Gujarat,West,Organic Search,2024-04-14
10745,Aman,Sharma,aman.sharma745@outlook.com,M,1986,Jaipur,Rajasthan,North,Affiliate,2024-04-14
10746,Arjun,Pillai,arjun.pillai746@outlook.com,M,1996,Bengaluru,Karnataka,South,Email,2024-04-14
10747,Krishna,Agarwal,krishna.agarwal747@yahoo.in,F,1998,Hyderabad,Telangana,South,Paid Social,2024-04-14
10748,Arnav,Iyer,arnav.iyer748@gmail.com,F,1996,Kolkata,West Bengal,East,Paid Search,2024-04-14
10749,Harpreet,Singh,harpreet.singh749@gmail.com,F,1991,Mumbai,Maharashtra,West,Paid Search,2024-04-14
10750,Pooja,Kapoor,pooja.kapoor750@yahoo.in,M,1982,Mumbai,Maharashtra,West,Paid Social,2024-04-14
10751,Priya,Pillai,priya.pillai751@outlook.com,F,2002,Kolkata,West Bengal,East,Paid Social,2024-04-15
10752,Aarav,Iyer,aarav.iyer752@yahoo.in,F,1982,Kolkata,West Bengal,East,Organic Search,2024-04-15
10753,Lakshmi,Rao,lakshmi.rao753@gmail.com,F,1983,Kochi,Kerala,South,Organic Search,2024-04-15
10754,Sneha,Patel,sneha.patel754@gmail.com,F,1998,Indore,Madhya Pradesh,West,Email,2024-04-15
10755,Arjun,Malhotra,arjun.malhotra755@yahoo.in,F,1991,Indore,Madhya Pradesh,West,Paid Social,2024-04-15
10756,Pari,Joshi,pari.joshi756@outlook.com,F,1995,Kochi,Kerala,South,Organic Search,2024-04-15
10757,Simran,Kumar,simran.kumar757@gmail.com,M,1983,Pune,Maharashtra,West,Affiliate,2024-04-15
10758,Lakshmi,Rao,lakshmi.rao758@gmail.com,M,1996,Noida,Uttar Pradesh,North,Paid Search,2024-04-15
10759,Karan,Kumar,karan.kumar759@gmail.com,F,2000,Kolkata,West Bengal,East,Referral,2024-04-15
10760,Reyansh,Yadav,reyansh.yadav760@yahoo.in,M,1981,Chennai,Tamil Nadu,South,Organic Search,2024-04-16
10761,Krishna,Gupta,krishna.gupta761@outlook.com,F,1996,Delhi,Delhi,North,Affiliate,2024-04-16
10762,Saanvi,Kapoor,saanvi.kapoor762@gmail.com,M,2001,Delhi,Delhi,North,Organic Search,2024-04-16
10763,Farhan,Iyer,farhan.iyer763@gmail.com,F,1983,Chennai,Tamil Nadu,South,Affiliate,2024-04-16
10764,Farhan,Khan,farhan.khan764@gmail.com,M,1995,Jaipur,Rajasthan,North,Referral,2024-04-16
10765,Riya,Mishra,riya.mishra765@gmail.com,F,1994,Bengaluru,Karnataka,South,Organic Search,2024-04-16
10766,Kabir,Menon,kabir.menon766@yahoo.in,M,1996,Delhi,Delhi,North,Organic Search,2024-04-17
10767,Aadhya,Joshi,aadhya.joshi767@gmail.com,F,1991,Gurugram,Haryana,North,Referral,2024-04-17
10768,Aadhya,Iyer,aadhya.iyer768@outlook.com,M,1982,Bengaluru,Karnataka,South,Organic Search,2024-04-17
10769,Riya,Agarwal,riya.agarwal769@gmail.com,F,1990,Kolkata,West Bengal,East,Organic Search,2024-04-17
10770,Farhan,Menon,farhan.menon770@outlook.com,M,1989,Pune,Maharashtra,West,Paid Social,2024-04-17
10771,Vivaan,Iyer,vivaan.iyer771@gmail.com,M,1993,Delhi,Delhi,North,Organic Search,2024-04-17
10772,Nikhil,Das,nikhil.das772@gmail.com,F,2003,Lucknow,Uttar Pradesh,North,Paid Social,2024-04-17
10773,Myra,Kapoor,myra.kapoor773@gmail.com,F,1982,Noida,Uttar Pradesh,North,Paid Social,2024-04-17
10774,Pari,Reddy,pari.reddy774@gmail.com,M,2001,Kolkata,West Bengal,East,Organic Search,2024-04-17
10775,Rahul,Chopra,rahul.chopra775@gmail.com,F,2006,Mumbai,Maharashtra,West,Paid Search,2024-04-17
10776,Priya,Das,priya.das776@yahoo.in,F,2006,Kolkata,West Bengal,East,Organic Search,2024-04-18
10777,Manish,Joshi,manish.joshi777@gmail.com,M,2006,Chennai,Tamil Nadu,South,Affiliate,2024-04-18
10778,Sneha,Chopra,sneha.chopra778@outlook.com,M,1995,Mumbai,Maharashtra,West,Organic Search,2024-04-18
10779,Simran,Joshi,simran.joshi779@gmail.com,F,1994,Delhi,Delhi,North,Paid Social,2024-04-18
10780,Arnav,Mehta,arnav.mehta780@gmail.com,F,1979,Kolkata,West Bengal,East,Paid Social,2024-04-18
10781,Manish,Das,manish.das781@gmail.com,F,1992,Delhi,Delhi,North,Referral,2024-04-18
10782,Meera,Verma,meera.verma782@yahoo.in,M,2003,Chennai,Tamil Nadu,South,Paid Search,2024-04-18
10783,Deepak,Bose,deepak.bose783@gmail.com,F,1982,Mumbai,Maharashtra,West,Organic Search,2024-04-18
10784,Pooja,Nair,pooja.nair784@gmail.com,F,1987,Jaipur,Rajasthan,North,Paid Social,2024-04-18
10785,Pari,Verma,pari.verma785@gmail.com,M,1994,Mumbai,Maharashtra,West,Paid Social,2024-04-18
10786,Aman,Joshi,aman.joshi786@gmail.com,M,1980,Mumbai,Maharashtra,West,Referral,2024-04-19
10787,Arnav,Kapoor,arnav.kapoor787@gmail.com,F,2006,Bengaluru,Karnataka,South,Organic Search,2024-04-19
10788,Aadhya,Rao,aadhya.rao788@gmail.com,F,1998,Ahmedabad,Gujarat,West,Referral,2024-04-19
10789,Kavya,Chopra,kavya.chopra789@yahoo.in,M,1996,Lucknow,Uttar Pradesh,North,Organic Search,2024-04-19
10790,Isha,Shah,isha.shah790@gmail.com,M,2000,Pune,Maharashtra,West,Paid Social,2024-04-20
10791,Kabir,Rao,kabir.rao791@gmail.com,M,1991,Mumbai,Maharashtra,West,Paid Social,2024-04-20
10792,Tanvi,Shah,tanvi.shah792@gmail.com,F,1996,Kochi,Kerala,South,Organic Search,2024-04-20
10793,Kabir,Yadav,kabir.yadav793@gmail.com,M,1986,Chennai,Tamil Nadu,South,Affiliate,2024-04-20
10794,Kiara,Joshi,kiara.joshi794@gmail.com,M,1975,Indore,Madhya Pradesh,West,Paid Social,2024-04-20
10795,Amit,Verma,amit.verma795@yahoo.in,M,1993,Kolkata,West Bengal,East,Organic Search,2024-04-20
10796,Neha,Chopra,neha.chopra796@gmail.com,F,2006,Mumbai,Maharashtra,West,Organic Search,2024-04-20
10797,Sai,Shah,sai.shah797@yahoo.in,F,2006,Delhi,Delhi,North,Referral,2024-04-20
10798,Krishna,Pillai,krishna.pillai798@gmail.com,M,1992,Delhi,Delhi,North,Email,2024-04-20
10799,Arjun,Patel,arjun.patel799@outlook.com,F,1991,Chennai,Tamil Nadu,South,Organic Search,2024-04-20
10800,Vikram,Kapoor,vikram.kapoor800@gmail.com,F,1981,Mumbai,Maharashtra,West,Organic Search,2024-04-20
10801,Manish,Kapoor,manish.kapoor801@gmail.com,F,2002,Chennai,Tamil Nadu,South,Paid Social,2024-04-20
10802,Karan,Agarwal,karan.agarwal802@gmail.com,F,1997,Mumbai,Maharashtra,West,Paid Search,2024-04-21
10803,Sneha,Singh,sneha.singh803@yahoo.in,M,1992,Delhi,Delhi,North,Paid Search,2024-04-21
10804,Harpreet,Agarwal,harpreet.agarwal804@gmail.com,F,1978,Pune,Maharashtra,West,Paid Search,2024-04-21
10805,Aarav,Mishra,aarav.mishra805@gmail.com,F,1979,Indore,Madhya Pradesh,West,Paid Social,2024-04-21
10806,Arjun,Mehta,arjun.mehta806@gmail.com,M,1995,Mumbai,Maharashtra,West,Organic Search,2024-04-21
10807,Manish,Pillai,manish.pillai807@gmail.com,M,1981,Chennai,Tamil Nadu,South,Paid Search,2024-04-21
10808,Arnav,Mishra,arnav.mishra808@gmail.com,M,1998,Bengaluru,Karnataka,South,Organic Search,2024-04-21
10809,Sneha,Agarwal,sneha.agarwal809@outlook.com,F,1998,Mumbai,Maharashtra,West,Organic Search,2024-04-21
10810,Arjun,Rao,arjun.rao810@gmail.com,M,1983,Bengaluru,Karnataka,South,Affiliate,2024-04-22
10811,Ishaan,Banerjee,ishaan.banerjee811@gmail.com,F,1994,Chandigarh,Chandigarh,North,Organic Search,2024-04-22
10812,Riya,Singh,riya.singh812@yahoo.in,M,1986,Chennai,Tamil Nadu,South,Organic Search,2024-04-22
10813,Kabir,Reddy,kabir.reddy813@gmail.com,F,2001,Jaipur,Rajasthan,North,Email,2024-04-22
10814,Pooja,Chopra,pooja.chopra814@gmail.com,M,2006,Bengaluru,Karnataka,South,Affiliate,2024-04-22
10815,Farhan,Agarwal,farhan.agarwal815@gmail.com,F,1993,Mumbai,Maharashtra,West,Email,2024-04-22
10816,Kiara,Iyer,kiara.iyer816@yahoo.in,M,2005,Delhi,Delhi,North,Organic Search,2024-04-22
10817,Priya,Das,priya.das817@gmail.com,F,2002,Bengaluru,Karnataka,South,Paid Social,2024-04-22
10818,Lakshmi,Patel,lakshmi.patel818@gmail.com,F,1993,Mumbai,Maharashtra,West,Paid Social,2024-04-23
10819,Manish,Nair,manish.nair819@gmail.com,M,1998,Bengaluru,Karnataka,South,Referral,2024-04-23
10820,Priya,Rao,priya.rao820@gmail.com,F,1983,Pune,Maharashtra,West,Organic Search,2024-04-23
10821,Rohan,Sharma,rohan.sharma821@gmail.com,F,1995,Delhi,Delhi,North,Paid Search,2024-04-23
10822,Aarav,Rao,aarav.rao822@gmail.com,F,1991,Noida,Uttar Pradesh,North,Organic Search,2024-04-23
10823,Ishaan,Verma,ishaan.verma823@gmail.com,F,2004,Bengaluru,Karnataka,South,Paid Social,2024-04-23
10824,Rahul,Shah,rahul.shah824@gmail.com,F,1988,Mumbai,Maharashtra,West,Paid Search,2024-04-23
10825,Manish,Agarwal,manish.agarwal825@yahoo.in,F,1985,Mumbai,Maharashtra,West,Paid Social,2024-04-23
10826,Amit,Menon,amit.menon826@gmail.com,M,1985,Delhi,Delhi,North,Paid Social,2024-04-23
10827,Manish,Das,manish.das827@yahoo.in,M,2000,Jaipur,Rajasthan,North,Email,2024-04-23
10828,Riya,Banerjee,riya.banerjee828@gmail.com,M,1992,Bengaluru,Karnataka,South,Affiliate,2024-04-23
10829,Arjun,Joshi,arjun.joshi829@gmail.com,F,1980,Chennai,Tamil Nadu,South,Paid Social,2024-04-23
10830,Pari,Kumar,pari.kumar830@yahoo.in,M,2002,Ahmedabad,Gujarat,West,Organic Search,2024-04-24
10831,Pooja,Pillai,pooja.pillai831@gmail.com,M,1981,Ahmedabad,Gujarat,West,Email,2024-04-24
10832,Aditya,Singh,aditya.singh832@gmail.com,M,1989,Pune,Maharashtra,West,Organic Search,2024-04-24
10833,Aarav,Mishra,aarav.mishra833@gmail.com,F,1992,Bengaluru,Karnataka,South,Organic Search,2024-04-24
10834,Saanvi,Menon,saanvi.menon834@gmail.com,M,1985,Hyderabad,Telangana,South,Paid Search,2024-04-24
10835,Arnav,Reddy,arnav.reddy835@gmail.com,M,1980,Noida,Uttar Pradesh,North,Paid Social,2024-04-24
10836,Vikram,Das,vikram.das836@gmail.com,M,2000,Bengaluru,Karnataka,South,Organic Search,2024-04-24
10837,Rahul,Sharma,rahul.sharma837@outlook.com,F,1999,Lucknow,Uttar Pradesh,North,Paid Search,2024-04-24
10838,Amit,Nair,amit.nair838@outlook.com,M,1994,Delhi,Delhi,North,Organic Search,2024-04-24
10839,Amit,Patel,amit.patel839@outlook.com,F,1996,Delhi,Delhi,North,Paid Social,2024-04-24
10840,Simran,Malhotra,simran.malhotra840@gmail.com,F,1980,Delhi,Delhi,North,Paid Social,2024-04-25
10841,Aadhya,Bose,aadhya.bose841@yahoo.in,F,1998,Jaipur,Rajasthan,North,Paid Social,2024-04-25
10842,Ananya,Verma,ananya.verma842@yahoo.in,M,1997,Delhi,Delhi,North,Paid Search,2024-04-25
10843,Diya,Kumar,diya.kumar843@gmail.com,M,1997,Delhi,Delhi,North,Email,2024-04-25
10844,Sneha,Rao,sneha.rao844@gmail.com,F,1997,Gurugram,Haryana,North,Paid Search,2024-04-25
10845,Ananya,Mehta,ananya.mehta845@gmail.com,F,2001,Delhi,Delhi,North,Paid Search,2024-04-25
10846,Manish,Mishra,manish.mishra846@outlook.com,M,1993,Mumbai,Maharashtra,West,Paid Social,2024-04-25
10847,Tanvi,Bose,tanvi.bose847@gmail.com,M,1994,Hyderabad,Telangana,South,Paid Social,2024-04-25
10848,Aadhya,Agarwal,aadhya.agarwal848@gmail.com,M,1983,Ahmedabad,Gujarat,West,Referral,2024-04-25
10849,Ananya,Menon,ananya.menon849@gmail.com,M,1999,Delhi,Delhi,North,Organic Search,2024-04-25
10850,Isha,Banerjee,isha.banerjee850@outlook.com,F,1988,Mumbai,Maharashtra,West,Email,2024-04-25
10851,Harpreet,Rao,harpreet.rao851@gmail.com,F,1989,Mumbai,Maharashtra,West,Paid Search,2024-04-25
10852,Manish,Gupta,manish.gupta852@outlook.com,F,1990,Gurugram,Haryana,North,Email,2024-04-25
10853,Amit,Gupta,amit.gupta853@gmail.com,M,1985,Mumbai,Maharashtra,West,Paid Social,2024-04-26
10854,Reyansh,Reddy,reyansh.reddy854@rediffmail.com,M,1993,Chandigarh,Chandigarh,North,Paid Search,2024-04-26
10855,Vivaan,Iyer,vivaan.iyer855@gmail.com,F,2000,Pune,Maharashtra,West,Organic Search,2024-04-26
10856,Sneha,Reddy,sneha.reddy856@gmail.com,F,1985,Bengaluru,Karnataka,South,Paid Search,2024-04-26
10857,Vikram,Rao,vikram.rao857@outlook.com,F,1993,Pune,Maharashtra,West,Paid Social,2024-04-26
10858,Pari,Das,pari.das858@gmail.com,M,1999,Delhi,Delhi,North,Email,2024-04-26
10859,Arnav,Pillai,arnav.pillai859@gmail.com,F,1974,Delhi,Delhi,North,Email,2024-04-26
10860,Vivaan,Singh,vivaan.singh860@gmail.com,M,2006,Chennai,Tamil Nadu,South,Paid Social,2024-04-26
10861,Aadhya,Nair,aadhya.nair861@yahoo.in,F,1990,Bengaluru,Karnataka,South,Email,2024-04-26
10862,Farhan,Chopra,farhan.chopra862@gmail.com,F,1986,Bengaluru,Karnataka,South,Email,2024-04-26
10863,Kabir,Menon,kabir.menon863@gmail.com,F,1994,Kochi,Kerala,South,Affiliate,2024-04-26
10864,Ishaan,Das,ishaan.das864@gmail.com,F,1988,Ahmedabad,Gujarat,West,Paid Search,2024-04-26
10865,Riya,Chopra,riya.chopra865@outlook.com,F,1993,Delhi,Delhi,North,Organic Search,2024-04-26
10866,Arnav,Joshi,arnav.joshi866@outlook.com,F,1988,Bengaluru,Karnataka,South,Affiliate,2024-04-26
10867,Ishaan,Sharma,ishaan.sharma867@yahoo.in,M,2003,Gurugram,Haryana,North,Paid Social,2024-04-26
10868,Kiara,Iyer,kiara.iyer868@outlook.com,M,2006,Bengaluru,Karnataka,South,Paid Search,2024-04-27
10869,Kavya,Iyer,kavya.iyer869@gmail.com,M,1999,Mumbai,Maharashtra,West,Paid Search,2024-04-27
10870,Reyansh,Mehta,reyansh.mehta870@gmail.com,F,1995,Delhi,Delhi,North,Organic Search,2024-04-27
10871,Reyansh,Kumar,reyansh.kumar871@gmail.com,F,1989,Delhi,Delhi,North,Organic Search,2024-04-27
10872,Kabir,Pillai,kabir.pillai872@yahoo.in,M,2002,Mumbai,Maharashtra,West,Paid Search,2024-04-27
10873,Neha,Mehta,neha.mehta873@gmail.com,F,1987,Indore,Madhya Pradesh,West,Paid Social,2024-04-27
10874,Simran,Gupta,simran.gupta874@gmail.com,M,1996,Gurugram,Haryana,North,Paid Social,2024-04-27
10875,Isha,Nair,isha.nair875@gmail.com,M,1989,Delhi,Delhi,North,Paid Social,2024-04-27
10876,Pari,Joshi,pari.joshi876@rediffmail.com,F,1983,Mumbai,Maharashtra,West,Organic Search,2024-04-27
10877,Simran,Patel,simran.patel877@gmail.com,F,1992,Hyderabad,Telangana,South,Organic Search,2024-04-27
10878,Ananya,Malhotra,ananya.malhotra878@gmail.com,F,1986,Hyderabad,Telangana,South,Paid Search,2024-04-27
10879,Pari,Bose,pari.bose879@gmail.com,F,2005,Bengaluru,Karnataka,South,Organic Search,2024-04-27
10880,Kabir,Rao,kabir.rao880@gmail.com,F,1987,Mumbai,Maharashtra,West,Email,2024-04-28
10881,Sai,Rao,sai.rao881@gmail.com,M,1992,Mumbai,Maharashtra,West,Paid Search,2024-04-28
10882,Pooja,Shah,pooja.shah882@gmail.com,F,1988,Noida,Uttar Pradesh,North,Paid Search,2024-04-28
10883,Kavya,Khan,kavya.khan883@gmail.com,F,1984,Delhi,Delhi,North,Paid Social,2024-04-28
10884,Ananya,Bose,ananya.bose884@gmail.com,F,1999,Delhi,Delhi,North,Paid Social,2024-04-28
10885,Aditya,Nair,aditya.nair885@gmail.com,F,1993,Chennai,Tamil Nadu,South,Organic Search,2024-04-28
10886,Deepak,Agarwal,deepak.agarwal886@outlook.com,M,2006,Pune,Maharashtra,West,Referral,2024-04-28
10887,Sai,Chopra,sai.chopra887@yahoo.in,F,2002,Delhi,Delhi,North,Organic Search,2024-04-28
10888,Vivaan,Mishra,vivaan.mishra888@gmail.com,M,1994,Pune,Maharashtra,West,Paid Search,2024-04-28
10889,Riya,Verma,riya.verma889@gmail.com,M,1996,Lucknow,Uttar Pradesh,North,Paid Search,2024-04-28
10890,Krishna,Yadav,krishna.yadav890@gmail.com,M,1993,Mumbai,Maharashtra,West,Paid Social,2024-04-29
10891,Manish,Patel,manish.patel891@gmail.com,F,1985,Bengaluru,Karnataka,South,Paid Social,2024-04-29
10892,Isha,Kapoor,isha.kapoor892@gmail.com,F,1982,Hyderabad,Telangana,South,Referral,2024-04-29
10893,Meera,Das,meera.das893@gmail.com,M,1985,Bengaluru,Karnataka,South,Paid Social,2024-04-29
10894,Rohan,Malhotra,rohan.malhotra894@gmail.com,F,2004,Chennai,Tamil Nadu,South,Organic Search,2024-04-29
10895,Rohan,Nair,rohan.nair895@gmail.com,F,1996,Lucknow,Uttar Pradesh,North,Paid Social,2024-04-29
10896,Zoya,Mishra,zoya.mishra896@gmail.com,F,1998,Bengaluru,Karnataka,South,Paid Search,2024-04-29
10897,Rahul,Agarwal,rahul.agarwal897@gmail.com,M,2000,Chennai,Tamil Nadu,South,Paid Social,2024-04-29
10898,Lakshmi,Nair,lakshmi.nair898@gmail.com,M,1992,Jaipur,Rajasthan,North,Paid Search,2024-04-29
10899,Lakshmi,Singh,lakshmi.singh899@gmail.com,M,1989,Hyderabad,Telangana,South,Paid Search,2024-04-29
10900,Vikram,Shah,vikram.shah900@gmail.com,M,2006,Kolkata,West Bengal,East,Paid Social,2024-04-29
10901,Zoya,Menon,zoya.menon901@gmail.com,M,1998,Bengaluru,Karnataka,South,Paid Social,2024-04-29
10902,Harpreet,Kumar,harpreet.kumar902@gmail.com,M,1980,Gurugram,Haryana,North,Email,2024-04-29
10903,Pooja,Iyer,pooja.iyer903@gmail.com,F,1979,Lucknow,Uttar Pradesh,North,Referral,2024-04-30
10904,Aman,Patel,aman.patel904@outlook.com,F,2000,Bengaluru,Karnataka,South,Paid Search,2024-04-30
10905,Vivaan,Patel,vivaan.patel905@gmail.com,M,1986,Chennai,Tamil Nadu,South,Organic Search,2024-04-30
10906,Krishna,Singh,krishna.singh906@gmail.com,M,1992,Delhi,Delhi,North,Organic Search,2024-04-30
10907,Priya,Agarwal,priya.agarwal907@yahoo.in,M,1976,Chandigarh,Chandigarh,North,Organic Search,2024-04-30
10908,Arjun,Bose,arjun.bose908@gmail.com,F,1990,Lucknow,Uttar Pradesh,North,Paid Search,2024-04-30
10909,Priya,Malhotra,priya.malhotra909@gmail.com,F,2001,Mumbai,Maharashtra,West,Organic Search,2024-04-30
10910,Karan,Banerjee,karan.banerjee910@gmail.com,M,1989,Hyderabad,Telangana,South,Paid Social,2024-05-01
10911,Pari,Menon,pari.menon911@gmail.com,F,1984,Pune,Maharashtra,West,Paid Search,2024-05-01
10912,Manish,Agarwal,manish.agarwal912@gmail.com,M,1992,Pune,Maharashtra,West,Organic Search,2024-05-01
10913,Harpreet,Verma,harpreet.verma913@gmail.com,F,1994,Indore,Madhya Pradesh,West,Paid Search,2024-05-01
10914,Simran,Joshi,simran.joshi914@gmail.com,M,1991,Pune,Maharashtra,West,Referral,2024-05-01
10915,Nikhil,Kumar,nikhil.kumar915@gmail.com,F,1981,Bengaluru,Karnataka,South,Paid Search,2024-05-01
10916,Vikram,Banerjee,vikram.banerjee916@gmail.com,M,1997,Delhi,Delhi,North,Email,2024-05-01
10917,Meera,Das,meera.das917@outlook.com,M,1989,Delhi,Delhi,North,Email,2024-05-02
10918,Sai,Yadav,sai.yadav918@gmail.com,M,1995,Hyderabad,Telangana,South,Email,2024-05-02
10919,Deepak,Kapoor,deepak.kapoor919@gmail.com,F,1986,Pune,Maharashtra,West,Paid Social,2024-05-02
10920,Zoya,Banerjee,zoya.banerjee920@gmail.com,F,2003,Jaipur,Rajasthan,North,Referral,2024-05-02
10921,Diya,Bose,diya.bose921@outlook.com,F,1999,Mumbai,Maharashtra,West,Paid Search,2024-05-02
10922,Tanvi,Malhotra,tanvi.malhotra922@gmail.com,M,1991,Bengaluru,Karnataka,South,Paid Social,2024-05-02
10923,Kiara,Khan,kiara.khan923@gmail.com,F,1996,Delhi,Delhi,North,Organic Search,2024-05-02
10924,Deepak,Mishra,deepak.mishra924@gmail.com,M,2006,Pune,Maharashtra,West,Organic Search,2024-05-02
10925,Amit,Malhotra,amit.malhotra925@rediffmail.com,F,2003,Delhi,Delhi,North,Affiliate,2024-05-02
10926,Nikhil,Patel,nikhil.patel926@gmail.com,M,2006,Chennai,Tamil Nadu,South,Paid Social,2024-05-02
10927,Ishaan,Das,ishaan.das927@gmail.com,F,1998,Ahmedabad,Gujarat,West,Organic Search,2024-05-02
10928,Sai,Banerjee,sai.banerjee928@yahoo.in,M,1989,Hyderabad,Telangana,South,Organic Search,2024-05-02
10929,Lakshmi,Mishra,lakshmi.mishra929@gmail.com,F,1998,Bengaluru,Karnataka,South,Paid Search,2024-05-03
10930,Vikram,Singh,vikram.singh930@gmail.com,M,2006,Hyderabad,Telangana,South,Email,2024-05-03
10931,Meera,Mehta,meera.mehta931@gmail.com,M,1998,Mumbai,Maharashtra,West,Email,2024-05-03
10932,Kiara,Khan,kiara.khan932@yahoo.in,F,1987,Delhi,Delhi,North,Organic Search,2024-05-03
10933,Karan,Shah,karan.shah933@rediffmail.com,M,1994,Chennai,Tamil Nadu,South,Organic Search,2024-05-03
10934,Kiara,Bose,kiara.bose934@gmail.com,F,2000,Chennai,Tamil Nadu,South,Organic Search,2024-05-03
10935,Karan,Reddy,karan.reddy935@gmail.com,M,1995,Chennai,Tamil Nadu,South,Paid Social,2024-05-03
10936,Karan,Verma,karan.verma936@gmail.com,M,2000,Kolkata,West Bengal,East,Paid Social,2024-05-03
10937,Rohan,Singh,rohan.singh937@gmail.com,M,1989,Indore,Madhya Pradesh,West,Referral,2024-05-04
10938,Arnav,Verma,arnav.verma938@gmail.com,F,1992,Pune,Maharashtra,West,Paid Social,2024-05-04
10939,Deepak,Banerjee,deepak.banerjee939@outlook.com,F,1996,Hyderabad,Telangana,South,Organic Search,2024-05-04
10940,Farhan,Agarwal,farhan.agarwal940@gmail.com,M,1997,Delhi,Delhi,North,Organic Search,2024-05-04
10941,Aarav,Rao,aarav.rao941@gmail.com,F,1988,Hyderabad,Telangana,South,Paid Search,2024-05-04
10942,Aarav,Pillai,aarav.pillai942@gmail.com,M,1974,Hyderabad,Telangana,South,Paid Social,2024-05-04
10943,Aman,Khan,aman.khan943@yahoo.in,M,1970,Ahmedabad,Gujarat,West,Paid Social,2024-05-04
10944,Reyansh,Banerjee,reyansh.banerjee944@gmail.com,F,1993,Mumbai,Maharashtra,West,Affiliate,2024-05-04
10945,Manish,Kapoor,manish.kapoor945@gmail.com,F,1995,Bengaluru,Karnataka,South,Organic Search,2024-05-04
10946,Pari,Das,pari.das946@gmail.com,F,1992,Kochi,Kerala,South,Affiliate,2024-05-04
10947,Ishaan,Chopra,ishaan.chopra947@gmail.com,M,1994,Gurugram,Haryana,North,Organic Search,2024-05-05
10948,Tanvi,Iyer,tanvi.iyer948@outlook.com,M,2006,Chandigarh,Chandigarh,North,Paid Search,2024-05-05
10949,Tanvi,Das,tanvi.das949@gmail.com,M,1990,Bengaluru,Karnataka,South,Organic Search,2024-05-05
10950,Karan,Verma,karan.verma950@gmail.com,F,1996,Chennai,Tamil Nadu,South,Paid Search,2024-05-05
10951,Farhan,Malhotra,farhan.malhotra951@yahoo.in,F,2006,Bengaluru,Karnataka,South,Organic Search,2024-05-05
10952,Rahul,Joshi,rahul.joshi952@gmail.com,M,1985,Indore,Madhya Pradesh,West,Organic Search,2024-05-05
10953,Aadhya,Iyer,aadhya.iyer953@gmail.com,M,2006,Delhi,Delhi,North,Paid Social,2024-05-05
10954,Isha,Malhotra,isha.malhotra954@gmail.com,F,2001,Mumbai,Maharashtra,West,Referral,2024-05-05
10955,Karan,Singh,karan.singh955@outlook.com,F,1991,Chennai,Tamil Nadu,South,Referral,2024-05-05
10956,Zoya,Mishra,zoya.mishra956@gmail.com,F,1973,Mumbai,Maharashtra,West,Referral,2024-05-05
10957,Isha,Sharma,isha.sharma957@gmail.com,M,2005,Mumbai,Maharashtra,West,Referral,2024-05-05
10958,Arjun,Khan,arjun.khan958@rediffmail.com,F,2006,Mumbai,Maharashtra,West,Affiliate,2024-05-05
10959,Kiara,Reddy,kiara.reddy959@gmail.com,F,1988,Mumbai,Maharashtra,West,Organic Search,2024-05-05
10960,Pooja,Singh,pooja.singh960@gmail.com,M,2006,Mumbai,Maharashtra,West,Affiliate,2024-05-05
10961,Farhan,Kumar,farhan.kumar961@gmail.com,F,1980,Hyderabad,Telangana,South,Paid Search,2024-05-05
10962,Aman,Iyer,aman.iyer962@gmail.com,F,1996,Mumbai,Maharashtra,West,Paid Search,2024-05-06
10963,Zoya,Malhotra,zoya.malhotra963@gmail.com,M,1992,Indore,Madhya Pradesh,West,Paid Social,2024-05-06
10964,Ananya,Bose,ananya.bose964@gmail.com,M,1983,Mumbai,Maharashtra,West,Organic Search,2024-05-06
10965,Aarav,Shah,aarav.shah965@gmail.com,M,1992,Chennai,Tamil Nadu,South,Organic Search,2024-05-06
10966,Rohan,Malhotra,rohan.malhotra966@yahoo.in,M,1993,Gurugram,Haryana,North,Paid Search,2024-05-06
10967,Sai,Joshi,sai.joshi967@gmail.com,M,1984,Delhi,Delhi,North,Referral,2024-05-06
10968,Meera,Bose,meera.bose968@gmail.com,F,1999,Mumbai,Maharashtra,West,Email,2024-05-06
10969,Ananya,Kapoor,ananya.kapoor969@gmail.com,F,1988,Kolkata,West Bengal,East,Organic Search,2024-05-06
10970,Ishaan,Banerjee,ishaan.banerjee970@gmail.com,F,1991,Bengaluru,Karnataka,South,Organic Search,2024-05-07
10971,Amit,Banerjee,amit.banerjee971@outlook.com,M,2005,Indore,Madhya Pradesh,West,Paid Social,2024-05-07
10972,Neha,Verma,neha.verma972@yahoo.in,M,1988,Mumbai,Maharashtra,West,Paid Search,2024-05-07
10973,Nikhil,Sharma,nikhil.sharma973@gmail.com,M,1975,Jaipur,Rajasthan,North,Paid Search,2024-05-07
10974,Lakshmi,Yadav,lakshmi.yadav974@gmail.com,M,1991,Kolkata,West Bengal,East,Paid Search,2024-05-07
10975,Arjun,Mishra,arjun.mishra975@gmail.com,F,1994,Mumbai,Maharashtra,West,Paid Social,2024-05-07
10976,Aditya,Nair,aditya.nair976@gmail.com,F,1992,Bengaluru,Karnataka,South,Organic Search,2024-05-08
10977,Aman,Shah,aman.shah977@gmail.com,F,2000,Hyderabad,Telangana,South,Organic Search,2024-05-08
10978,Lakshmi,Gupta,lakshmi.gupta978@gmail.com,F,1997,Bengaluru,Karnataka,South,Organic Search,2024-05-08
10979,Saanvi,Shah,saanvi.shah979@gmail.com,F,1989,Lucknow,Uttar Pradesh,North,Paid Social,2024-05-08
10980,Ishaan,Chopra,ishaan.chopra980@gmail.com,M,1999,Jaipur,Rajasthan,North,Organic Search,2024-05-08
10981,Diya,Khan,diya.khan981@gmail.com,M,1997,Delhi,Delhi,North,Paid Social,2024-05-08
10982,Neha,Agarwal,neha.agarwal982@gmail.com,M,1997,Kolkata,West Bengal,East,Email,2024-05-09
10983,Aarav,Patel,aarav.patel983@outlook.com,F,1992,Chennai,Tamil Nadu,South,Paid Search,2024-05-09
10984,Reyansh,Mehta,reyansh.mehta984@outlook.com,M,1996,Mumbai,Maharashtra,West,Organic Search,2024-05-09
10985,Vivaan,Patel,vivaan.patel985@gmail.com,M,1994,Chennai,Tamil Nadu,South,Organic Search,2024-05-09
10986,Nikhil,Malhotra,nikhil.malhotra986@gmail.com,F,1991,Gurugram,Haryana,North,Affiliate,2024-05-09
10987,Isha,Banerjee,isha.banerjee987@gmail.com,F,1997,Delhi,Delhi,North,Paid Social,2024-05-09
10988,Manish,Banerjee,manish.banerjee988@outlook.com,M,1998,Delhi,Delhi,North,Referral,2024-05-09
10989,Isha,Agarwal,isha.agarwal989@gmail.com,M,1998,Chennai,Tamil Nadu,South,Email,2024-05-09
10990,Aadhya,Kapoor,aadhya.kapoor990@outlook.com,M,1998,Gurugram,Haryana,North,Affiliate,2024-05-10
10991,Aadhya,Mishra,aadhya.mishra991@gmail.com,M,1976,Delhi,Delhi,North,Email,2024-05-10
10992,Lakshmi,Bose,lakshmi.bose992@yahoo.in,M,2001,Gurugram,Haryana,North,Paid Search,2024-05-10
10993,Ishaan,Kumar,ishaan.kumar993@gmail.com,M,1986,Mumbai,Maharashtra,West,Paid Social,2024-05-10
10994,Riya,Pillai,riya.pillai994@gmail.com,F,2002,Pune,Maharashtra,West,Affiliate,2024-05-10
10995,Arnav,Pillai,arnav.pillai995@gmail.com,M,1983,Lucknow,Uttar Pradesh,North,Paid Social,2024-05-10
10996,Kavya,Sharma,kavya.sharma996@gmail.com,F,2006,Hyderabad,Telangana,South,Referral,2024-05-10
10997,Arjun,Kumar,arjun.kumar997@gmail.com,F,1976,Kolkata,West Bengal,East,Email,2024-05-10
10998,Meera,Joshi,meera.joshi998@outlook.com,F,1996,Jaipur,Rajasthan,North,Paid Social,2024-05-10
10999,Aman,Iyer,aman.iyer999@gmail.com,F,1991,Kolkata,West Bengal,East,Paid Social,2024-05-10
11000,Tanvi,Bose,tanvi.bose0@rediffmail.com,M,1997,Hyderabad,Telangana,South,Paid Social,2024-05-11
11001,Simran,Bose,simran.bose1@gmail.com,F,2006,Chennai,Tamil Nadu,South,Paid Search,2024-05-11
11002,Deepak,Reddy,deepak.reddy2@gmail.com,F,1995,Delhi,Delhi,North,Organic Search,2024-05-11
11003,Arnav,Sharma,arnav.sharma3@gmail.com,M,2001,Chennai,Tamil Nadu,South,Paid Social,2024-05-11
11004,Riya,Reddy,riya.reddy4@gmail.com,F,2006,Ahmedabad,Gujarat,West,Affiliate,2024-05-11
11005,Ishaan,Yadav,ishaan.yadav5@gmail.com,F,1989,Delhi,Delhi,North,Email,2024-05-11
11006,Simran,Yadav,simran.yadav6@gmail.com,M,1996,Hyderabad,Telangana,South,Organic Search,2024-05-11
11007,Tanvi,Joshi,tanvi.joshi7@gmail.com,M,2004,Lucknow,Uttar Pradesh,North,Email,2024-05-12
11008,Diya,Mishra,diya.mishra8@gmail.com,M,1996,Hyderabad,Telangana,South,Organic Search,2024-05-12
11009,Karan,Chopra,karan.chopra9@gmail.com,M,1989,Bengaluru,Karnataka,South,Paid Social,2024-05-12
11010,Krishna,Menon,krishna.menon10@gmail.com,M,1998,Pune,Maharashtra,West,Affiliate,2024-05-12
11011,Simran,Singh,simran.singh11@gmail.com,F,1994,Delhi,Delhi,North,Affiliate,2024-05-12
11012,Karan,Joshi,karan.joshi12@outlook.com,F,1998,Chennai,Tamil Nadu,South,Paid Social,2024-05-12
11013,Karan,Kumar,karan.kumar13@gmail.com,M,1989,Gurugram,Haryana,North,Paid Social,2024-05-12
11014,Ananya,Singh,ananya.singh14@gmail.com,F,1995,Hyderabad,Telangana,South,Paid Search,2024-05-12
11015,Krishna,Singh,krishna.singh15@outlook.com,F,1992,Bengaluru,Karnataka,South,Referral,2024-05-13
11016,Isha,Sharma,isha.sharma16@outlook.com,F,1990,Delhi,Delhi,North,Organic Search,2024-05-13
11017,Saanvi,Shah,saanvi.shah17@gmail.com,F,2004,Ahmedabad,Gujarat,West,Organic Search,2024-05-13
11018,Harpreet,Pillai,harpreet.pillai18@gmail.com,F,1989,Kolkata,West Bengal,East,Referral,2024-05-13
11019,Manish,Joshi,manish.joshi19@outlook.com,F,1987,Kochi,Kerala,South,Organic Search,2024-05-13
11020,Karan,Kapoor,karan.kapoor20@outlook.com,M,1984,Gurugram,Haryana,North,Paid Social,2024-05-13
11021,Zoya,Chopra,zoya.chopra21@rediffmail.com,M,1993,Gurugram,Haryana,North,Paid Search,2024-05-13
11022,Deepak,Banerjee,deepak.banerjee22@gmail.com,M,1992,Gurugram,Haryana,North,Organic Search,2024-05-13
11023,Riya,Joshi,riya.joshi23@gmail.com,M,1999,Hyderabad,Telangana,South,Organic Search,2024-05-13
11024,Pari,Banerjee,pari.banerjee24@gmail.com,M,1984,Gurugram,Haryana,North,Organic Search,2024-05-13
11025,Kabir,Banerjee,kabir.banerjee25@gmail.com,M,1980,Delhi,Delhi,North,Organic Search,2024-05-13
11026,Diya,Mishra,diya.mishra26@gmail.com,F,1979,Mumbai,Maharashtra,West,Paid Social,2024-05-13
11027,Aadhya,Menon,aadhya.menon27@gmail.com,M,1997,Kolkata,West Bengal,East,Paid Social,2024-05-14
11028,Rohan,Kumar,rohan.kumar28@outlook.com,F,2002,Jaipur,Rajasthan,North,Paid Search,2024-05-14
11029,Tanvi,Agarwal,tanvi.agarwal29@gmail.com,M,2001,Bengaluru,Karnataka,South,Email,2024-05-14
11030,Manish,Verma,manish.verma30@gmail.com,F,1989,Gurugram,Haryana,North,Referral,2024-05-14
11031,Ananya,Bose,ananya.bose31@gmail.com,F,1995,Bengaluru,Karnataka,South,Paid Social,2024-05-14
11032,Isha,Menon,isha.menon32@rediffmail.com,M,1976,Ahmedabad,Gujarat,West,Paid Social,2024-05-14
11033,Deepak,Agarwal,deepak.agarwal33@outlook.com,F,2006,Kochi,Kerala,South,Paid Social,2024-05-14
11034,Lakshmi,Khan,lakshmi.khan34@gmail.com,F,2003,Bengaluru,Karnataka,South,Organic Search,2024-05-14
11035,Vivaan,Shah,vivaan.shah35@gmail.com,F,2001,Delhi,Delhi,North,Organic Search,2024-05-14
11036,Saanvi,Bose,saanvi.bose36@rediffmail.com,F,1986,Mumbai,Maharashtra,West,Paid Search,2024-05-14
11037,Saanvi,Bose,saanvi.bose37@gmail.com,M,1991,Delhi,Delhi,North,Referral,2024-05-14
11038,Diya,Shah,diya.shah38@gmail.com,M,1992,Lucknow,Uttar Pradesh,North,Paid Search,2024-05-14
11039,Deepak,Khan,deepak.khan39@gmail.com,M,2006,Kolkata,West Bengal,East,Affiliate,2024-05-15
11040,Farhan,Kapoor,farhan.kapoor40@gmail.com,F,2001,Mumbai,Maharashtra,West,Organic Search,2024-05-15
11041,Aditya,Yadav,aditya.yadav41@gmail.com,F,1992,Chennai,Tamil Nadu,South,Paid Search,2024-05-15
11042,Vikram,Mehta,vikram.mehta42@gmail.com,M,1998,Delhi,Delhi,North,Organic Search,2024-05-15
11043,Pooja,Agarwal,pooja.agarwal43@gmail.com,F,1986,Chennai,Tamil Nadu,South,Referral,2024-05-16
11044,Rahul,Rao,rahul.rao44@yahoo.in,F,1982,Chennai,Tamil Nadu,South,Paid Search,2024-05-16
11045,Nikhil,Menon,nikhil.menon45@gmail.com,F,1993,Bengaluru,Karnataka,South,Paid Social,2024-05-16
11046,Isha,Malhotra,isha.malhotra46@gmail.com,F,1984,Delhi,Delhi,North,Paid Social,2024-05-17
11047,Nikhil,Agarwal,nikhil.agarwal47@gmail.com,M,1980,Chennai,Tamil Nadu,South,Organic Search,2024-05-17
11048,Priya,Shah,priya.shah48@gmail.com,M,1994,Chennai,Tamil Nadu,South,Referral,2024-05-17
11049,Deepak,Sharma,deepak.sharma49@gmail.com,F,1991,Noida,Uttar Pradesh,North,Referral,2024-05-17
11050,Simran,Singh,simran.singh50@yahoo.in,M,1985,Kolkata,West Bengal,East,Paid Social,2024-05-17
11051,Aditya,Nair,aditya.nair51@outlook.com,M,1990,Chennai,Tamil Nadu,South,Paid Search,2024-05-18
11052,Krishna,Pillai,krishna.pillai52@gmail.com,F,1997,Noida,Uttar Pradesh,North,Referral,2024-05-18
11053,Myra,Banerjee,myra.banerjee53@gmail.com,M,1992,Mumbai,Maharashtra,West,Paid Social,2024-05-18
11054,Aditya,Mishra,aditya.mishra54@gmail.com,M,1995,Chandigarh,Chandigarh,North,Email,2024-05-18
11055,Aditya,Verma,aditya.verma55@gmail.com,F,1992,Pune,Maharashtra,West,Organic Search,2024-05-18
11056,Aarav,Nair,aarav.nair56@gmail.com,M,2006,Chennai,Tamil Nadu,South,Email,2024-05-19
11057,Arnav,Singh,arnav.singh57@gmail.com,M,2004,Chennai,Tamil Nadu,South,Email,2024-05-19
11058,Neha,Pillai,neha.pillai58@yahoo.in,F,1994,Gurugram,Haryana,North,Paid Search,2024-05-19
11059,Zoya,Reddy,zoya.reddy59@yahoo.in,M,1987,Ahmedabad,Gujarat,West,Paid Social,2024-05-19
11060,Aman,Reddy,aman.reddy60@gmail.com,F,1989,Pune,Maharashtra,West,Organic Search,2024-05-19
11061,Krishna,Malhotra,krishna.malhotra61@rediffmail.com,F,1983,Mumbai,Maharashtra,West,Organic Search,2024-05-19
11062,Meera,Gupta,meera.gupta62@rediffmail.com,M,1987,Bengaluru,Karnataka,South,Paid Social,2024-05-20
11063,Vikram,Shah,vikram.shah63@gmail.com,F,1999,Bengaluru,Karnataka,South,Organic Search,2024-05-20
11064,Manish,Sharma,manish.sharma64@rediffmail.com,F,1989,Jaipur,Rajasthan,North,Organic Search,2024-05-20
11065,Harpreet,Nair,harpreet.nair65@gmail.com,F,1992,Mumbai,Maharashtra,West,Paid Social,2024-05-20
11066,Vikram,Khan,vikram.khan66@gmail.com,M,2003,Chennai,Tamil Nadu,South,Affiliate,2024-05-20
11067,Tanvi,Sharma,tanvi.sharma67@yahoo.in,F,1998,Chandigarh,Chandigarh,North,Organic Search,2024-05-20
11068,Rahul,Verma,rahul.verma68@gmail.com,M,1994,Mumbai,Maharashtra,West,Organic Search,2024-05-20
11069,Pooja,Menon,pooja.menon69@gmail.com,M,1993,Kolkata,West Bengal,East,Organic Search,2024-05-20
11070,Pooja,Chopra,pooja.chopra70@outlook.com,M,1992,Chennai,Tamil Nadu,South,Organic Search,2024-05-20
11071,Arnav,Sharma,arnav.sharma71@gmail.com,M,2001,Bengaluru,Karnataka,South,Affiliate,2024-05-20
11072,Arnav,Das,arnav.das72@gmail.com,M,1996,Jaipur,Rajasthan,North,Paid Search,2024-05-20
11073,Rohan,Nair,rohan.nair73@gmail.com,F,1991,Bengaluru,Karnataka,South,Paid Social,2024-05-21
11074,Aarav,Sharma,aarav.sharma74@gmail.com,M,1983,Bengaluru,Karnataka,South,Paid Search,2024-05-21
11075,Ananya,Chopra,ananya.chopra75@gmail.com,F,1997,Mumbai,Maharashtra,West,Affiliate,2024-05-21
11076,Priya,Patel,priya.patel76@yahoo.in,M,1996,Delhi,Delhi,North,Paid Search,2024-05-21
11077,Rohan,Rao,rohan.rao77@outlook.com,M,1981,Mumbai,Maharashtra,West,Affiliate,2024-05-22
11078,Kiara,Agarwal,kiara.agarwal78@gmail.com,F,1992,Pune,Maharashtra,West,Paid Social,2024-05-22
11079,Isha,Banerjee,isha.banerjee79@gmail.com,M,1996,Kolkata,West Bengal,East,Affiliate,2024-05-22
11080,Kavya,Das,kavya.das80@gmail.com,M,1991,Bengaluru,Karnataka,South,Paid Social,2024-05-22
11081,Isha,Malhotra,isha.malhotra81@gmail.com,M,2006,Delhi,Delhi,North,Email,2024-05-22
11082,Ishaan,Agarwal,ishaan.agarwal82@gmail.com,F,2006,Jaipur,Rajasthan,North,Paid Search,2024-05-22
11083,Kiara,Das,kiara.das83@gmail.com,M,1983,Pune,Maharashtra,West,Paid Social,2024-05-23
11084,Vivaan,Kapoor,vivaan.kapoor84@gmail.com,M,1992,Mumbai,Maharashtra,West,Paid Social,2024-05-23
11085,Vivaan,Iyer,vivaan.iyer85@gmail.com,M,2001,Delhi,Delhi,North,Paid Social,2024-05-23
11086,Karan,Bose,karan.bose86@gmail.com,F,1993,Kolkata,West Bengal,East,Paid Social,2024-05-23
11087,Ananya,Das,ananya.das87@gmail.com,F,1999,Kochi,Kerala,South,Organic Search,2024-05-23
11088,Karan,Rao,karan.rao88@yahoo.in,M,1988,Kochi,Kerala,South,Email,2024-05-23
11089,Vivaan,Menon,vivaan.menon89@yahoo.in,M,1981,Mumbai,Maharashtra,West,Paid Search,2024-05-23
11090,Aadhya,Agarwal,aadhya.agarwal90@gmail.com,M,1999,Chennai,Tamil Nadu,South,Organic Search,2024-05-23
11091,Sneha,Iyer,sneha.iyer91@outlook.com,M,1991,Bengaluru,Karnataka,South,Paid Social,2024-05-23
11092,Amit,Chopra,amit.chopra92@yahoo.in,M,2006,Pune,Maharashtra,West,Referral,2024-05-23
11093,Pooja,Patel,pooja.patel93@yahoo.in,M,2001,Delhi,Delhi,North,Organic Search,2024-05-23
11094,Pooja,Mehta,pooja.mehta94@yahoo.in,M,1985,Gurugram,Haryana,North,Paid Search,2024-05-23
11095,Aadhya,Malhotra,aadhya.malhotra95@yahoo.in,F,1999,Lucknow,Uttar Pradesh,North,Paid Social,2024-05-23
11096,Pari,Verma,pari.verma96@outlook.com,F,1993,Chennai,Tamil Nadu,South,Referral,2024-05-23
11097,Kiara,Das,kiara.das97@gmail.com,M,1998,Bengaluru,Karnataka,South,Paid Search,2024-05-23
11098,Kiara,Menon,kiara.menon98@gmail.com,M,1988,Kolkata,West Bengal,East,Paid Search,2024-05-24
11099,Zoya,Menon,zoya.menon99@outlook.com,F,1996,Ahmedabad,Gujarat,West,Referral,2024-05-24
11100,Reyansh,Mishra,reyansh.mishra100@gmail.com,F,2002,Delhi,Delhi,North,Organic Search,2024-05-24
11101,Sneha,Pillai,sneha.pillai101@gmail.com,F,2000,Pune,Maharashtra,West,Email,2024-05-24
11102,Farhan,Rao,farhan.rao102@gmail.com,M,2002,Delhi,Delhi,North,Referral,2024-05-24
11103,Saanvi,Khan,saanvi.khan103@gmail.com,M,2006,Kochi,Kerala,South,Email,2024-05-24
11104,Myra,Rao,myra.rao104@yahoo.in,M,1990,Jaipur,Rajasthan,North,Paid Search,2024-05-24
11105,Tanvi,Patel,tanvi.patel105@gmail.com,M,2006,Noida,Uttar Pradesh,North,Organic Search,2024-05-24
11106,Karan,Chopra,karan.chopra106@gmail.com,M,1996,Pune,Maharashtra,West,Paid Social,2024-05-24
11107,Sneha,Khan,sneha.khan107@outlook.com,F,1990,Hyderabad,Telangana,South,Organic Search,2024-05-24
11108,Isha,Gupta,isha.gupta108@gmail.com,F,1993,Pune,Maharashtra,West,Organic Search,2024-05-24
11109,Vivaan,Iyer,vivaan.iyer109@outlook.com,M,2001,Delhi,Delhi,North,Paid Search,2024-05-24
11110,Krishna,Iyer,krishna.iyer110@gmail.com,M,1991,Bengaluru,Karnataka,South,Paid Search,2024-05-24
11111,Neha,Pillai,neha.pillai111@gmail.com,F,1978,Delhi,Delhi,North,Paid Search,2024-05-25
11112,Nikhil,Nair,nikhil.nair112@gmail.com,M,2000,Indore,Madhya Pradesh,West,Paid Search,2024-05-25
11113,Rohan,Patel,rohan.patel113@gmail.com,M,1995,Indore,Madhya Pradesh,West,Organic Search,2024-05-25
11114,Kiara,Bose,kiara.bose114@outlook.com,F,1989,Noida,Uttar Pradesh,North,Paid Social,2024-05-25
11115,Kabir,Joshi,kabir.joshi115@gmail.com,F,1983,Mumbai,Maharashtra,West,Paid Search,2024-05-25
11116,Ishaan,Malhotra,ishaan.malhotra116@rediffmail.com,F,1997,Delhi,Delhi,North,Paid Social,2024-05-25
11117,Arnav,Nair,arnav.nair117@gmail.com,F,2004,Jaipur,Rajasthan,North,Referral,2024-05-25
11118,Deepak,Das,deepak.das118@gmail.com,F,1986,Indore,Madhya Pradesh,West,Paid Social,2024-05-25
11119,Manish,Chopra,manish.chopra119@gmail.com,M,1996,Jaipur,Rajasthan,North,Email,2024-05-25
11120,Arnav,Nair,arnav.nair120@gmail.com,M,2006,Delhi,Delhi,North,Affiliate,2024-05-26
11121,Kiara,Shah,kiara.shah121@gmail.com,M,2001,Bengaluru,Karnataka,South,Organic Search,2024-05-26
11122,Riya,Mishra,riya.mishra122@gmail.com,M,1994,Bengaluru,Karnataka,South,Paid Search,2024-05-26
11123,Diya,Menon,diya.menon123@gmail.com,M,1993,Chennai,Tamil Nadu,South,Referral,2024-05-26
11124,Pooja,Bose,pooja.bose124@gmail.com,M,1990,Chennai,Tamil Nadu,South,Referral,2024-05-26
11125,Ananya,Gupta,ananya.gupta125@yahoo.in,F,1994,Pune,Maharashtra,West,Organic Search,2024-05-26
11126,Karan,Kapoor,karan.kapoor126@gmail.com,F,1990,Mumbai,Maharashtra,West,Affiliate,2024-05-26
11127,Kiara,Reddy,kiara.reddy127@gmail.com,M,1991,Ahmedabad,Gujarat,West,Email,2024-05-26
11128,Pari,Das,pari.das128@gmail.com,M,1993,Hyderabad,Telangana,South,Email,2024-05-27
11129,Arjun,Banerjee,arjun.banerjee129@outlook.com,F,1981,Pune,Maharashtra,West,Organic Search,2024-05-27
11130,Ananya,Mehta,ananya.mehta130@gmail.com,M,1992,Kolkata,West Bengal,East,Paid Social,2024-05-27
11131,Isha,Kapoor,isha.kapoor131@gmail.com,M,2006,Bengaluru,Karnataka,South,Paid Search,2024-05-27
11132,Pooja,Chopra,pooja.chopra132@gmail.com,F,1983,Jaipur,Rajasthan,North,Paid Search,2024-05-27
11133,Simran,Khan,simran.khan133@rediffmail.com,F,2006,Hyderabad,Telangana,South,Organic Search,2024-05-27
11134,Riya,Kumar,riya.kumar134@gmail.com,M,2002,Gurugram,Haryana,North,Organic Search,2024-05-27
11135,Amit,Bose,amit.bose135@outlook.com,M,1999,Kolkata,West Bengal,East,Email,2024-05-27
11136,Neha,Das,neha.das136@gmail.com,F,1990,Mumbai,Maharashtra,West,Paid Social,2024-05-27
11137,Priya,Rao,priya.rao137@yahoo.in,M,2001,Bengaluru,Karnataka,South,Paid Social,2024-05-28
11138,Arnav,Joshi,arnav.joshi138@gmail.com,F,2006,Bengaluru,Karnataka,South,Organic Search,2024-05-28
11139,Simran,Rao,simran.rao139@gmail.com,M,2003,Delhi,Delhi,North,Affiliate,2024-05-28
11140,Myra,Rao,myra.rao140@rediffmail.com,M,1996,Bengaluru,Karnataka,South,Affiliate,2024-05-28
11141,Sneha,Khan,sneha.khan141@gmail.com,F,1994,Chandigarh,Chandigarh,North,Paid Social,2024-05-28
11142,Myra,Mehta,myra.mehta142@gmail.com,M,1989,Mumbai,Maharashtra,West,Paid Search,2024-05-28
11143,Sneha,Pillai,sneha.pillai143@rediffmail.com,M,1995,Delhi,Delhi,North,Organic Search,2024-05-28
11144,Isha,Singh,isha.singh144@gmail.com,F,1999,Hyderabad,Telangana,South,Paid Social,2024-05-29
11145,Harpreet,Menon,harpreet.menon145@outlook.com,F,1995,Chennai,Tamil Nadu,South,Referral,2024-05-29
11146,Nikhil,Banerjee,nikhil.banerjee146@gmail.com,M,1994,Delhi,Delhi,North,Affiliate,2024-05-29
11147,Krishna,Menon,krishna.menon147@gmail.com,M,1994,Hyderabad,Telangana,South,Organic Search,2024-05-29
11148,Vivaan,Khan,vivaan.khan148@gmail.com,M,2006,Chennai,Tamil Nadu,South,Paid Search,2024-05-29
11149,Kavya,Singh,kavya.singh149@yahoo.in,F,1996,Delhi,Delhi,North,Paid Search,2024-05-29
11150,Pari,Rao,pari.rao150@gmail.com,M,1996,Kolkata,West Bengal,East,Paid Search,2024-05-29
11151,Krishna,Joshi,krishna.joshi151@gmail.com,F,1975,Delhi,Delhi,North,Paid Social,2024-05-29
11152,Riya,Mishra,riya.mishra152@gmail.com,F,2002,Chennai,Tamil Nadu,South,Paid Social,2024-05-30
11153,Priya,Kapoor,priya.kapoor153@gmail.com,M,1999,Ahmedabad,Gujarat,West,Email,2024-05-30
11154,Sneha,Patel,sneha.patel154@gmail.com,M,1999,Kolkata,West Bengal,East,Organic Search,2024-05-30
11155,Karan,Bose,karan.bose155@gmail.com,F,1999,Chandigarh,Chandigarh,North,Paid Search,2024-05-30
11156,Aadhya,Khan,aadhya.khan156@gmail.com,F,1987,Mumbai,Maharashtra,West,Paid Social,2024-05-30
11157,Sneha,Mehta,sneha.mehta157@gmail.com,F,1992,Chennai,Tamil Nadu,South,Referral,2024-05-30
11158,Meera,Banerjee,meera.banerjee158@gmail.com,F,2006,Bengaluru,Karnataka,South,Referral,2024-05-30
11159,Vikram,Rao,vikram.rao159@outlook.com,M,1983,Indore,Madhya Pradesh,West,Email,2024-05-30
11160,Lakshmi,Pillai,lakshmi.pillai160@yahoo.in,M,1984,Bengaluru,Karnataka,South,Paid Social,2024-05-30
11161,Myra,Mishra,myra.mishra161@rediffmail.com,F,1983,Bengaluru,Karnataka,South,Organic Search,2024-05-30
11162,Rahul,Mishra,rahul.mishra162@yahoo.in,F,1993,Delhi,Delhi,North,Referral,2024-05-31
11163,Farhan,Reddy,farhan.reddy163@rediffmail.com,M,2006,Delhi,Delhi,North,Affiliate,2024-05-31
11164,Riya,Mehta,riya.mehta164@gmail.com,F,1997,Gurugram,Haryana,North,Paid Search,2024-05-31
11165,Manish,Menon,manish.menon165@gmail.com,F,2003,Gurugram,Haryana,North,Organic Search,2024-05-31
11166,Ishaan,Mishra,ishaan.mishra166@gmail.com,F,1978,Chennai,Tamil Nadu,South,Organic Search,2024-05-31
11167,Lakshmi,Mehta,lakshmi.mehta167@gmail.com,M,1988,Mumbai,Maharashtra,West,Paid Social,2024-05-31
11168,Priya,Sharma,priya.sharma168@outlook.com,M,1989,Pune,Maharashtra,West,Paid Social,2024-05-31
11169,Rohan,Patel,rohan.patel169@gmail.com,F,2006,Delhi,Delhi,North,Organic Search,2024-05-31
11170,Diya,Yadav,diya.yadav170@rediffmail.com,F,1995,Chennai,Tamil Nadu,South,Organic Search,2024-06-01
11171,Pari,Pillai,pari.pillai171@gmail.com,M,1994,Delhi,Delhi,North,Paid Social,2024-06-01
11172,Manish,Bose,manish.bose172@gmail.com,M,1996,Delhi,Delhi,North,Paid Search,2024-06-01
11173,Sai,Bose,sai.bose173@gmail.com,M,1992,Hyderabad,Telangana,South,Organic Search,2024-06-01
11174,Rohan,Singh,rohan.singh174@gmail.com,F,2006,Delhi,Delhi,North,Paid Social,2024-06-01
11175,Nikhil,Chopra,nikhil.chopra175@yahoo.in,F,2006,Hyderabad,Telangana,South,Organic Search,2024-06-01
11176,Deepak,Rao,deepak.rao176@gmail.com,M,2003,Mumbai,Maharashtra,West,Organic Search,2024-06-01
11177,Arjun,Gupta,arjun.gupta177@gmail.com,M,2002,Hyderabad,Telangana,South,Organic Search,2024-06-02
11178,Kiara,Joshi,kiara.joshi178@gmail.com,M,1990,Delhi,Delhi,North,Paid Search,2024-06-02
11179,Kiara,Reddy,kiara.reddy179@gmail.com,M,1998,Mumbai,Maharashtra,West,Organic Search,2024-06-02
11180,Neha,Menon,neha.menon180@yahoo.in,F,1978,Pune,Maharashtra,West,Organic Search,2024-06-02
11181,Farhan,Reddy,farhan.reddy181@gmail.com,F,1991,Bengaluru,Karnataka,South,Organic Search,2024-06-03
11182,Rahul,Iyer,rahul.iyer182@yahoo.in,M,1982,Chennai,Tamil Nadu,South,Referral,2024-06-03
11183,Reyansh,Yadav,reyansh.yadav183@gmail.com,F,1998,Lucknow,Uttar Pradesh,North,Referral,2024-06-03
11184,Kabir,Malhotra,kabir.malhotra184@gmail.com,F,1994,Bengaluru,Karnataka,South,Organic Search,2024-06-03
11185,Riya,Shah,riya.shah185@gmail.com,M,2000,Gurugram,Haryana,North,Paid Social,2024-06-03
11186,Kabir,Khan,kabir.khan186@gmail.com,M,2000,Hyderabad,Telangana,South,Organic Search,2024-06-03
11187,Neha,Kumar,neha.kumar187@gmail.com,F,2003,Kolkata,West Bengal,East,Email,2024-06-03
11188,Myra,Patel,myra.patel188@gmail.com,F,1988,Delhi,Delhi,North,Organic Search,2024-06-03
11189,Isha,Kumar,isha.kumar189@rediffmail.com,M,1980,Delhi,Delhi,North,Organic Search,2024-06-03
11190,Riya,Kapoor,riya.kapoor190@rediffmail.com,F,2006,Hyderabad,Telangana,South,Paid Search,2024-06-03
11191,Kabir,Sharma,kabir.sharma191@gmail.com,M,1990,Chennai,Tamil Nadu,South,Organic Search,2024-06-03
11192,Nikhil,Agarwal,nikhil.agarwal192@yahoo.in,M,1994,Bengaluru,Karnataka,South,Organic Search,2024-06-03
11193,Farhan,Mehta,farhan.mehta193@rediffmail.com,F,2003,Mumbai,Maharashtra,West,Paid Search,2024-06-03
11194,Manish,Khan,manish.khan194@gmail.com,F,1992,Hyderabad,Telangana,South,Paid Social,2024-06-04
11195,Priya,Kapoor,priya.kapoor195@gmail.com,M,1985,Jaipur,Rajasthan,North,Organic Search,2024-06-04
11196,Arjun,Shah,arjun.shah196@gmail.com,M,2006,Kolkata,West Bengal,East,Paid Search,2024-06-04
11197,Meera,Iyer,meera.iyer197@gmail.com,F,1990,Chennai,Tamil Nadu,South,Email,2024-06-04
11198,Farhan,Shah,farhan.shah198@outlook.com,F,2006,Chennai,Tamil Nadu,South,Organic Search,2024-06-04
11199,Vivaan,Yadav,vivaan.yadav199@gmail.com,M,1997,Chennai,Tamil Nadu,South,Organic Search,2024-06-05
11200,Ishaan,Kapoor,ishaan.kapoor200@gmail.com,F,2002,Kolkata,West Bengal,East,Paid Social,2024-06-05
11201,Saanvi,Singh,saanvi.singh201@yahoo.in,M,2002,Delhi,Delhi,North,Organic Search,2024-06-05
11202,Rahul,Singh,rahul.singh202@outlook.com,F,1991,Kochi,Kerala,South,Referral,2024-06-05
11203,Rahul,Sharma,rahul.sharma203@gmail.com,F,1999,Lucknow,Uttar Pradesh,North,Organic Search,2024-06-05
11204,Ishaan,Yadav,ishaan.yadav204@gmail.com,F,2006,Mumbai,Maharashtra,West,Organic Search,2024-06-05
11205,Ishaan,Shah,ishaan.shah205@gmail.com,M,2005,Mumbai,Maharashtra,West,Referral,2024-06-06
11206,Deepak,Iyer,deepak.iyer206@gmail.com,F,2004,Lucknow,Uttar Pradesh,North,Email,2024-06-06
11207,Nikhil,Khan,nikhil.khan207@gmail.com,M,2000,Mumbai,Maharashtra,West,Referral,2024-06-06
11208,Rahul,Chopra,rahul.chopra208@yahoo.in,M,1994,Pune,Maharashtra,West,Organic Search,2024-06-06
11209,Saanvi,Das,saanvi.das209@gmail.com,F,1988,Gurugram,Haryana,North,Paid Social,2024-06-06
11210,Priya,Menon,priya.menon210@gmail.com,M,2006,Mumbai,Maharashtra,West,Affiliate,2024-06-06
11211,Kavya,Shah,kavya.shah211@outlook.com,M,1990,Mumbai,Maharashtra,West,Paid Search,2024-06-06
11212,Aadhya,Patel,aadhya.patel212@rediffmail.com,F,1991,Bengaluru,Karnataka,South,Affiliate,2024-06-07
11213,Saanvi,Khan,saanvi.khan213@gmail.com,M,1995,Ahmedabad,Gujarat,West,Paid Social,2024-06-07
11214,Isha,Kumar,isha.kumar214@gmail.com,M,1983,Bengaluru,Karnataka,South,Email,2024-06-07
11215,Ishaan,Gupta,ishaan.gupta215@gmail.com,F,1991,Hyderabad,Telangana,South,Organic Search,2024-06-07
11216,Sai,Mishra,sai.mishra216@gmail.com,M,1988,Bengaluru,Karnataka,South,Affiliate,2024-06-07
11217,Arnav,Mishra,arnav.mishra217@gmail.com,M,1983,Lucknow,Uttar Pradesh,North,Email,2024-06-07
11218,Tanvi,Sharma,tanvi.sharma218@gmail.com,M,1984,Pune,Maharashtra,West,Referral,2024-06-07
11219,Saanvi,Khan,saanvi.khan219@gmail.com,M,1994,Mumbai,Maharashtra,West,Affiliate,2024-06-07
11220,Sneha,Kumar,sneha.kumar220@gmail.com,M,2003,Delhi,Delhi,North,Referral,2024-06-07
11221,Neha,Chopra,neha.chopra221@yahoo.in,M,1994,Chennai,Tamil Nadu,South,Paid Social,2024-06-07
11222,Arjun,Nair,arjun.nair222@gmail.com,M,1986,Delhi,Delhi,North,Paid Social,2024-06-07
11223,Farhan,Khan,farhan.khan223@gmail.com,F,1989,Kolkata,West Bengal,East,Referral,2024-06-07
11224,Sai,Agarwal,sai.agarwal224@gmail.com,M,1997,Delhi,Delhi,North,Referral,2024-06-08
11225,Sneha,Gupta,sneha.gupta225@gmail.com,M,2004,Bengaluru,Karnataka,South,Paid Social,2024-06-08
11226,Diya,Joshi,diya.joshi226@gmail.com,M,2002,Jaipur,Rajasthan,North,Paid Social,2024-06-08
11227,Isha,Nair,isha.nair227@gmail.com,M,1996,Kochi,Kerala,South,Email,2024-06-08
11228,Priya,Das,priya.das228@gmail.com,F,2006,Hyderabad,Telangana,South,Organic Search,2024-06-08
11229,Isha,Shah,isha.shah229@gmail.com,M,1990,Delhi,Delhi,North,Paid Social,2024-06-08
11230,Rohan,Yadav,rohan.yadav230@gmail.com,F,1985,Delhi,Delhi,North,Paid Social,2024-06-08
11231,Arjun,Rao,arjun.rao231@gmail.com,M,1992,Indore,Madhya Pradesh,West,Referral,2024-06-08
11232,Reyansh,Agarwal,reyansh.agarwal232@outlook.com,M,2004,Gurugram,Haryana,North,Organic Search,2024-06-09
11233,Riya,Das,riya.das233@outlook.com,M,2000,Delhi,Delhi,North,Paid Social,2024-06-09
11234,Arjun,Malhotra,arjun.malhotra234@gmail.com,M,2003,Kolkata,West Bengal,East,Organic Search,2024-06-09
11235,Rahul,Mehta,rahul.mehta235@gmail.com,F,1994,Bengaluru,Karnataka,South,Paid Social,2024-06-09
11236,Aadhya,Nair,aadhya.nair236@gmail.com,M,1996,Delhi,Delhi,North,Referral,2024-06-09
11237,Tanvi,Bose,tanvi.bose237@outlook.com,F,1993,Pune,Maharashtra,West,Paid Social,2024-06-09
11238,Karan,Mishra,karan.mishra238@gmail.com,M,1988,Gurugram,Haryana,North,Paid Social,2024-06-09
11239,Ishaan,Nair,ishaan.nair239@gmail.com,M,1995,Hyderabad,Telangana,South,Paid Search,2024-06-09
11240,Tanvi,Reddy,tanvi.reddy240@gmail.com,F,1993,Delhi,Delhi,North,Paid Social,2024-06-09
11241,Meera,Banerjee,meera.banerjee241@gmail.com,F,1991,Mumbai,Maharashtra,West,Email,2024-06-09
11242,Diya,Shah,diya.shah242@gmail.com,M,1999,Lucknow,Uttar Pradesh,North,Referral,2024-06-09
11243,Simran,Bose,simran.bose243@gmail.com,M,1995,Kolkata,West Bengal,East,Organic Search,2024-06-09
11244,Isha,Reddy,isha.reddy244@yahoo.in,F,2005,Delhi,Delhi,North,Paid Social,2024-06-10
11245,Vivaan,Malhotra,vivaan.malhotra245@gmail.com,F,1988,Bengaluru,Karnataka,South,Referral,2024-06-10
11246,Karan,Kapoor,karan.kapoor246@yahoo.in,F,1991,Pune,Maharashtra,West,Paid Social,2024-06-10
11247,Priya,Nair,priya.nair247@gmail.com,M,1980,Hyderabad,Telangana,South,Paid Social,2024-06-10
11248,Pari,Yadav,pari.yadav248@gmail.com,M,1987,Noida,Uttar Pradesh,North,Email,2024-06-10
11249,Priya,Shah,priya.shah249@outlook.com,F,1999,Chennai,Tamil Nadu,South,Email,2024-06-10
11250,Manish,Patel,manish.patel250@gmail.com,M,2001,Kolkata,West Bengal,East,Organic Search,2024-06-10
11251,Myra,Malhotra,myra.malhotra251@gmail.com,M,2000,Noida,Uttar Pradesh,North,Paid Social,2024-06-10
11252,Tanvi,Patel,tanvi.patel252@gmail.com,M,2005,Lucknow,Uttar Pradesh,North,Paid Social,2024-06-10
11253,Harpreet,Rao,harpreet.rao253@gmail.com,M,1999,Kolkata,West Bengal,East,Email,2024-06-10
11254,Pooja,Verma,pooja.verma254@yahoo.in,F,1995,Mumbai,Maharashtra,West,Organic Search,2024-06-10
11255,Arnav,Rao,arnav.rao255@rediffmail.com,F,2000,Chennai,Tamil Nadu,South,Organic Search,2024-06-10
11256,Neha,Nair,neha.nair256@gmail.com,M,1988,Chennai,Tamil Nadu,South,Paid Social,2024-06-10
11257,Kabir,Joshi,kabir.joshi257@gmail.com,F,1981,Chandigarh,Chandigarh,North,Paid Search,2024-06-10
11258,Neha,Joshi,neha.joshi258@yahoo.in,F,1991,Gurugram,Haryana,North,Organic Search,2024-06-11
11259,Sai,Menon,sai.menon259@gmail.com,M,1992,Mumbai,Maharashtra,West,Affiliate,2024-06-11
11260,Diya,Gupta,diya.gupta260@gmail.com,M,1995,Indore,Madhya Pradesh,West,Paid Search,2024-06-11
11261,Rohan,Chopra,rohan.chopra261@yahoo.in,M,1988,Pune,Maharashtra,West,Organic Search,2024-06-11
11262,Arjun,Singh,arjun.singh262@gmail.com,M,1990,Bengaluru,Karnataka,South,Organic Search,2024-06-11
11263,Krishna,Rao,krishna.rao263@gmail.com,F,2001,Ahmedabad,Gujarat,West,Organic Search,2024-06-11
11264,Simran,Banerjee,simran.banerjee264@gmail.com,M,1985,Hyderabad,Telangana,South,Organic Search,2024-06-11
11265,Harpreet,Kumar,harpreet.kumar265@gmail.com,M,1994,Delhi,Delhi,North,Paid Search,2024-06-12
11266,Lakshmi,Kumar,lakshmi.kumar266@outlook.com,F,1990,Mumbai,Maharashtra,West,Organic Search,2024-06-12
11267,Aarav,Singh,aarav.singh267@yahoo.in,M,1981,Delhi,Delhi,North,Paid Social,2024-06-12
11268,Kavya,Bose,kavya.bose268@yahoo.in,F,1991,Delhi,Delhi,North,Paid Search,2024-06-12
11269,Saanvi,Yadav,saanvi.yadav269@outlook.com,F,1987,Chandigarh,Chandigarh,North,Paid Social,2024-06-12
11270,Kiara,Nair,kiara.nair270@gmail.com,M,1991,Kochi,Kerala,South,Affiliate,2024-06-12
11271,Ishaan,Das,ishaan.das271@yahoo.in,F,1995,Mumbai,Maharashtra,West,Affiliate,2024-06-12
11272,Deepak,Verma,deepak.verma272@gmail.com,F,1977,Jaipur,Rajasthan,North,Paid Search,2024-06-13
11273,Manish,Kumar,manish.kumar273@yahoo.in,M,2003,Bengaluru,Karnataka,South,Paid Search,2024-06-13
11274,Nikhil,Singh,nikhil.singh274@gmail.com,F,2006,Bengaluru,Karnataka,South,Paid Social,2024-06-13
11275,Arjun,Shah,arjun.shah275@rediffmail.com,M,1987,Pune,Maharashtra,West,Paid Search,2024-06-13
11276,Kiara,Iyer,kiara.iyer276@yahoo.in,F,1990,Jaipur,Rajasthan,North,Referral,2024-06-13
11277,Diya,Bose,diya.bose277@gmail.com,M,1988,Jaipur,Rajasthan,North,Paid Social,2024-06-13
11278,Lakshmi,Singh,lakshmi.singh278@gmail.com,F,1986,Gurugram,Haryana,North,Organic Search,2024-06-13
11279,Meera,Kumar,meera.kumar279@gmail.com,F,2006,Mumbai,Maharashtra,West,Paid Search,2024-06-13
11280,Kavya,Patel,kavya.patel280@gmail.com,F,1992,Gurugram,Haryana,North,Email,2024-06-13
11281,Simran,Kumar,simran.kumar281@gmail.com,F,2000,Bengaluru,Karnataka,South,Paid Social,2024-06-13
11282,Amit,Patel,amit.patel282@gmail.com,M,2004,Chennai,Tamil Nadu,South,Paid Social,2024-06-13
11283,Diya,Iyer,diya.iyer283@yahoo.in,F,2003,Lucknow,Uttar Pradesh,North,Paid Social,2024-06-13
11284,Zoya,Banerjee,zoya.banerjee284@gmail.com,M,2004,Lucknow,Uttar Pradesh,North,Paid Social,2024-06-13
11285,Tanvi,Kumar,tanvi.kumar285@gmail.com,F,1984,Chennai,Tamil Nadu,South,Paid Search,2024-06-13
11286,Zoya,Khan,zoya.khan286@gmail.com,F,2002,Ahmedabad,Gujarat,West,Paid Social,2024-06-13
11287,Deepak,Das,deepak.das287@gmail.com,F,1991,Bengaluru,Karnataka,South,Organic Search,2024-06-14
11288,Vikram,Malhotra,vikram.malhotra288@gmail.com,M,2006,Chennai,Tamil Nadu,South,Paid Social,2024-06-14
11289,Meera,Chopra,meera.chopra289@gmail.com,M,1988,Bengaluru,Karnataka,South,Organic Search,2024-06-14
11290,Kiara,Yadav,kiara.yadav290@yahoo.in,F,1985,Bengaluru,Karnataka,South,Email,2024-06-14
11291,Neha,Malhotra,neha.malhotra291@gmail.com,F,1994,Mumbai,Maharashtra,West,Referral,2024-06-14
11292,Reyansh,Pillai,reyansh.pillai292@gmail.com,M,1999,Kolkata,West Bengal,East,Organic Search,2024-06-14
11293,Ishaan,Kapoor,ishaan.kapoor293@gmail.com,F,1980,Bengaluru,Karnataka,South,Referral,2024-06-15
11294,Manish,Kumar,manish.kumar294@outlook.com,F,1991,Delhi,Delhi,North,Referral,2024-06-15
11295,Ishaan,Mishra,ishaan.mishra295@gmail.com,F,1985,Indore,Madhya Pradesh,West,Referral,2024-06-15
11296,Aditya,Mehta,aditya.mehta296@gmail.com,F,2001,Delhi,Delhi,North,Paid Search,2024-06-15
11297,Zoya,Rao,zoya.rao297@gmail.com,M,1990,Pune,Maharashtra,West,Paid Social,2024-06-15
11298,Reyansh,Agarwal,reyansh.agarwal298@gmail.com,F,2003,Delhi,Delhi,North,Paid Social,2024-06-15
11299,Priya,Patel,priya.patel299@gmail.com,F,1988,Bengaluru,Karnataka,South,Paid Search,2024-06-15
11300,Pari,Khan,pari.khan300@gmail.com,M,1997,Mumbai,Maharashtra,West,Paid Social,2024-06-15
11301,Kiara,Iyer,kiara.iyer301@gmail.com,F,1983,Ahmedabad,Gujarat,West,Organic Search,2024-06-15
11302,Myra,Kumar,myra.kumar302@gmail.com,M,1993,Bengaluru,Karnataka,South,Email,2024-06-15
11303,Vivaan,Yadav,vivaan.yadav303@gmail.com,M,1985,Lucknow,Uttar Pradesh,North,Affiliate,2024-06-15
11304,Ananya,Bose,ananya.bose304@gmail.com,F,2006,Chandigarh,Chandigarh,North,Paid Search,2024-06-16
11305,Karan,Kumar,karan.kumar305@gmail.com,M,2003,Pune,Maharashtra,West,Paid Search,2024-06-16
11306,Arjun,Kumar,arjun.kumar306@gmail.com,F,1996,Ahmedabad,Gujarat,West,Organic Search,2024-06-16
11307,Ananya,Gupta,ananya.gupta307@gmail.com,M,2002,Kochi,Kerala,South,Email,2024-06-16
11308,Arnav,Nair,arnav.nair308@gmail.com,M,1990,Mumbai,Maharashtra,West,Organic Search,2024-06-16
11309,Meera,Reddy,meera.reddy309@gmail.com,M,1999,Indore,Madhya Pradesh,West,Referral,2024-06-16
11310,Rahul,Agarwal,rahul.agarwal310@outlook.com,F,1993,Kochi,Kerala,South,Referral,2024-06-16
11311,Amit,Banerjee,amit.banerjee311@outlook.com,M,1998,Bengaluru,Karnataka,South,Paid Search,2024-06-16
11312,Kavya,Menon,kavya.menon312@gmail.com,F,1995,Chandigarh,Chandigarh,North,Referral,2024-06-16
11313,Vivaan,Chopra,vivaan.chopra313@gmail.com,M,1994,Mumbai,Maharashtra,West,Paid Search,2024-06-16
11314,Arnav,Yadav,arnav.yadav314@gmail.com,M,1980,Chennai,Tamil Nadu,South,Paid Search,2024-06-16
11315,Neha,Gupta,neha.gupta315@gmail.com,F,1989,Mumbai,Maharashtra,West,Email,2024-06-16
11316,Neha,Menon,neha.menon316@gmail.com,F,2006,Lucknow,Uttar Pradesh,North,Paid Search,2024-06-16
11317,Kabir,Nair,kabir.nair317@gmail.com,F,1993,Pune,Maharashtra,West,Organic Search,2024-06-17
11318,Myra,Das,myra.das318@yahoo.in,F,1988,Gurugram,Haryana,North,Paid Social,2024-06-17
11319,Amit,Chopra,amit.chopra319@gmail.com,F,1995,Ahmedabad,Gujarat,West,Paid Social,2024-06-17
11320,Ananya,Banerjee,ananya.banerjee320@gmail.com,M,1982,Kolkata,West Bengal,East,Paid Social,2024-06-17
11321,Saanvi,Iyer,saanvi.iyer321@gmail.com,F,1990,Kolkata,West Bengal,East,Paid Search,2024-06-17
11322,Manish,Kumar,manish.kumar322@yahoo.in,F,1996,Indore,Madhya Pradesh,West,Paid Social,2024-06-17
11323,Aman,Banerjee,aman.banerjee323@gmail.com,F,1998,Chennai,Tamil Nadu,South,Paid Search,2024-06-18
11324,Vikram,Mehta,vikram.mehta324@gmail.com,M,1997,Hyderabad,Telangana,South,Paid Search,2024-06-18
11325,Diya,Singh,diya.singh325@gmail.com,M,2006,Kolkata,West Bengal,East,Organic Search,2024-06-18
11326,Simran,Bose,simran.bose326@gmail.com,M,1989,Chennai,Tamil Nadu,South,Paid Social,2024-06-18
11327,Harpreet,Kumar,harpreet.kumar327@gmail.com,M,1982,Chennai,Tamil Nadu,South,Referral,2024-06-18
11328,Manish,Verma,manish.verma328@gmail.com,M,1991,Noida,Uttar Pradesh,North,Organic Search,2024-06-18
11329,Meera,Nair,meera.nair329@gmail.com,M,1990,Gurugram,Haryana,North,Organic Search,2024-06-18
11330,Rohan,Iyer,rohan.iyer330@yahoo.in,F,1996,Delhi,Delhi,North,Referral,2024-06-18
11331,Myra,Iyer,myra.iyer331@gmail.com,M,1992,Bengaluru,Karnataka,South,Paid Search,2024-06-18
11332,Lakshmi,Shah,lakshmi.shah332@outlook.com,M,1995,Kolkata,West Bengal,East,Paid Search,2024-06-18
11333,Sai,Chopra,sai.chopra333@gmail.com,F,1995,Kolkata,West Bengal,East,Paid Social,2024-06-18
11334,Zoya,Kumar,zoya.kumar334@gmail.com,M,2001,Chennai,Tamil Nadu,South,Paid Social,2024-06-18
11335,Rahul,Joshi,rahul.joshi335@gmail.com,M,1994,Chennai,Tamil Nadu,South,Organic Search,2024-06-19
11336,Priya,Iyer,priya.iyer336@gmail.com,F,1996,Pune,Maharashtra,West,Referral,2024-06-19
11337,Krishna,Shah,krishna.shah337@yahoo.in,F,2006,Mumbai,Maharashtra,West,Organic Search,2024-06-19
11338,Deepak,Shah,deepak.shah338@gmail.com,M,1981,Bengaluru,Karnataka,South,Referral,2024-06-19
11339,Rohan,Chopra,rohan.chopra339@gmail.com,F,1996,Delhi,Delhi,North,Referral,2024-06-19
11340,Pooja,Nair,pooja.nair340@gmail.com,M,1993,Hyderabad,Telangana,South,Organic Search,2024-06-19
11341,Sneha,Singh,sneha.singh341@gmail.com,F,1994,Bengaluru,Karnataka,South,Referral,2024-06-19
11342,Myra,Kapoor,myra.kapoor342@gmail.com,M,1999,Gurugram,Haryana,North,Paid Social,2024-06-19
11343,Reyansh,Sharma,reyansh.sharma343@outlook.com,M,1987,Bengaluru,Karnataka,South,Affiliate,2024-06-20
11344,Krishna,Iyer,krishna.iyer344@gmail.com,F,1990,Indore,Madhya Pradesh,West,Paid Social,2024-06-20
11345,Karan,Khan,karan.khan345@gmail.com,M,2000,Hyderabad,Telangana,South,Paid Search,2024-06-20
11346,Riya,Reddy,riya.reddy346@gmail.com,F,1993,Chennai,Tamil Nadu,South,Paid Social,2024-06-20
11347,Kabir,Agarwal,kabir.agarwal347@outlook.com,M,1986,Lucknow,Uttar Pradesh,North,Paid Social,2024-06-20
11348,Farhan,Kumar,farhan.kumar348@outlook.com,M,2000,Hyderabad,Telangana,South,Referral,2024-06-20
11349,Tanvi,Mishra,tanvi.mishra349@yahoo.in,M,1999,Gurugram,Haryana,North,Paid Search,2024-06-20
11350,Rohan,Verma,rohan.verma350@gmail.com,M,1995,Mumbai,Maharashtra,West,Referral,2024-06-20
11351,Myra,Nair,myra.nair351@gmail.com,M,1997,Pune,Maharashtra,West,Paid Search,2024-06-20
11352,Pari,Banerjee,pari.banerjee352@yahoo.in,F,1999,Hyderabad,Telangana,South,Affiliate,2024-06-20
11353,Sneha,Menon,sneha.menon353@yahoo.in,F,1993,Kochi,Kerala,South,Paid Search,2024-06-21
11354,Aditya,Pillai,aditya.pillai354@gmail.com,F,1997,Delhi,Delhi,North,Organic Search,2024-06-21
11355,Kavya,Menon,kavya.menon355@yahoo.in,F,1985,Bengaluru,Karnataka,South,Organic Search,2024-06-21
11356,Sneha,Joshi,sneha.joshi356@yahoo.in,M,1992,Chennai,Tamil Nadu,South,Affiliate,2024-06-21
11357,Tanvi,Shah,tanvi.shah357@outlook.com,F,2002,Kolkata,West Bengal,East,Referral,2024-06-21
11358,Vikram,Banerjee,vikram.banerjee358@yahoo.in,M,2006,Lucknow,Uttar Pradesh,North,Paid Search,2024-06-22
11359,Myra,Sharma,myra.sharma359@yahoo.in,F,1995,Gurugram,Haryana,North,Email,2024-06-22
11360,Simran,Patel,simran.patel360@outlook.com,M,1987,Pune,Maharashtra,West,Organic Search,2024-06-22
11361,Aadhya,Das,aadhya.das361@gmail.com,F,1991,Kochi,Kerala,South,Organic Search,2024-06-22
11362,Vivaan,Pillai,vivaan.pillai362@gmail.com,M,1982,Chandigarh,Chandigarh,North,Organic Search,2024-06-22
11363,Sneha,Patel,sneha.patel363@outlook.com,F,1999,Pune,Maharashtra,West,Paid Search,2024-06-22
11364,Sai,Reddy,sai.reddy364@gmail.com,M,1994,Kolkata,West Bengal,East,Paid Social,2024-06-23
11365,Aman,Rao,aman.rao365@outlook.com,F,1986,Mumbai,Maharashtra,West,Organic Search,2024-06-23
11366,Vivaan,Sharma,vivaan.sharma366@gmail.com,M,1993,Bengaluru,Karnataka,South,Organic Search,2024-06-23
11367,Rohan,Yadav,rohan.yadav367@gmail.com,F,2000,Kolkata,West Bengal,East,Paid Search,2024-06-23
11368,Deepak,Menon,deepak.menon368@gmail.com,M,1994,Mumbai,Maharashtra,West,Organic Search,2024-06-23
11369,Ananya,Kapoor,ananya.kapoor369@gmail.com,M,1989,Jaipur,Rajasthan,North,Paid Social,2024-06-23
11370,Rahul,Shah,rahul.shah370@gmail.com,M,2002,Jaipur,Rajasthan,North,Paid Social,2024-06-23
11371,Harpreet,Kumar,harpreet.kumar371@gmail.com,F,1997,Indore,Madhya Pradesh,West,Organic Search,2024-06-23
11372,Kabir,Patel,kabir.patel372@gmail.com,F,1988,Gurugram,Haryana,North,Organic Search,2024-06-23
11373,Aadhya,Mishra,aadhya.mishra373@yahoo.in,M,1994,Gurugram,Haryana,North,Paid Social,2024-06-24
11374,Aarav,Patel,aarav.patel374@gmail.com,M,1977,Lucknow,Uttar Pradesh,North,Referral,2024-06-24
11375,Aman,Pillai,aman.pillai375@gmail.com,M,1996,Ahmedabad,Gujarat,West,Paid Social,2024-06-24
11376,Arjun,Chopra,arjun.chopra376@gmail.com,F,2006,Chennai,Tamil Nadu,South,Paid Social,2024-06-24
11377,Manish,Iyer,manish.iyer377@yahoo.in,M,2003,Pune,Maharashtra,West,Affiliate,2024-06-24
11378,Nikhil,Banerjee,nikhil.banerjee378@gmail.com,F,1993,Hyderabad,Telangana,South,Referral,2024-06-24
11379,Aadhya,Mehta,aadhya.mehta379@yahoo.in,M,1996,Kolkata,West Bengal,East,Paid Search,2024-06-25
11380,Neha,Yadav,neha.yadav380@gmail.com,F,1998,Bengaluru,Karnataka,South,Email,2024-06-25
11381,Rahul,Khan,rahul.khan381@yahoo.in,M,1999,Bengaluru,Karnataka,South,Paid Social,2024-06-25
11382,Riya,Banerjee,riya.banerjee382@gmail.com,F,1993,Delhi,Delhi,North,Paid Social,2024-06-25
11383,Pari,Rao,pari.rao383@yahoo.in,F,1977,Mumbai,Maharashtra,West,Paid Social,2024-06-25
11384,Ananya,Singh,ananya.singh384@gmail.com,F,1991,Lucknow,Uttar Pradesh,North,Paid Search,2024-06-25
11385,Reyansh,Nair,reyansh.nair385@outlook.com,M,1989,Pune,Maharashtra,West,Email,2024-06-25
11386,Isha,Khan,isha.khan386@gmail.com,M,1993,Kolkata,West Bengal,East,Organic Search,2024-06-26
11387,Neha,Malhotra,neha.malhotra387@gmail.com,M,1988,Chandigarh,Chandigarh,North,Paid Search,2024-06-26
11388,Vikram,Gupta,vikram.gupta388@gmail.com,M,1999,Gurugram,Haryana,North,Organic Search,2024-06-26
11389,Simran,Iyer,simran.iyer389@gmail.com,F,2006,Hyderabad,Telangana,South,Paid Social,2024-06-26
11390,Rohan,Mehta,rohan.mehta390@gmail.com,M,2002,Kolkata,West Bengal,East,Organic Search,2024-06-26
11391,Rohan,Sharma,rohan.sharma391@gmail.com,M,1993,Hyderabad,Telangana,South,Paid Search,2024-06-26
11392,Diya,Chopra,diya.chopra392@outlook.com,M,2006,Delhi,Delhi,North,Email,2024-06-26
11393,Krishna,Mishra,krishna.mishra393@gmail.com,M,2002,Ahmedabad,Gujarat,West,Organic Search,2024-06-26
11394,Reyansh,Shah,reyansh.shah394@gmail.com,M,2000,Mumbai,Maharashtra,West,Organic Search,2024-06-26
11395,Zoya,Rao,zoya.rao395@gmail.com,M,1989,Bengaluru,Karnataka,South,Paid Social,2024-06-26
11396,Nikhil,Iyer,nikhil.iyer396@gmail.com,F,1993,Bengaluru,Karnataka,South,Paid Search,2024-06-26
11397,Simran,Pillai,simran.pillai397@gmail.com,M,1999,Hyderabad,Telangana,South,Organic Search,2024-06-26
11398,Pooja,Rao,pooja.rao398@gmail.com,M,2006,Lucknow,Uttar Pradesh,North,Paid Search,2024-06-26
11399,Aman,Sharma,aman.sharma399@gmail.com,F,2005,Kolkata,West Bengal,East,Organic Search,2024-06-27
11400,Isha,Sharma,isha.sharma400@gmail.com,F,1999,Noida,Uttar Pradesh,North,Organic Search,2024-06-27
11401,Arnav,Menon,arnav.menon401@gmail.com,M,1995,Delhi,Delhi,North,Referral,2024-06-27
11402,Sneha,Mishra,sneha.mishra402@rediffmail.com,F,2000,Hyderabad,Telangana,South,Paid Search,2024-06-27
11403,Vivaan,Banerjee,vivaan.banerjee403@gmail.com,M,1998,Mumbai,Maharashtra,West,Paid Social,2024-06-27
11404,Krishna,Iyer,krishna.iyer404@gmail.com,M,2006,Pune,Maharashtra,West,Organic Search,2024-06-27
11405,Rahul,Gupta,rahul.gupta405@gmail.com,M,1985,Chandigarh,Chandigarh,North,Affiliate,2024-06-27
11406,Aman,Reddy,aman.reddy406@gmail.com,F,1994,Delhi,Delhi,North,Referral,2024-06-27
11407,Reyansh,Gupta,reyansh.gupta407@gmail.com,F,2000,Noida,Uttar Pradesh,North,Paid Search,2024-06-28
11408,Farhan,Gupta,farhan.gupta408@gmail.com,M,2005,Hyderabad,Telangana,South,Referral,2024-06-28
11409,Arnav,Mishra,arnav.mishra409@gmail.com,F,2006,Noida,Uttar Pradesh,North,Paid Search,2024-06-28
11410,Ishaan,Bose,ishaan.bose410@gmail.com,M,1982,Kolkata,West Bengal,East,Organic Search,2024-06-28
11411,Sneha,Bose,sneha.bose411@gmail.com,M,1988,Hyderabad,Telangana,South,Paid Search,2024-06-28
11412,Arnav,Verma,arnav.verma412@gmail.com,F,1993,Chennai,Tamil Nadu,South,Paid Social,2024-06-28
11413,Aadhya,Das,aadhya.das413@gmail.com,F,1984,Chennai,Tamil Nadu,South,Paid Search,2024-06-28
11414,Myra,Malhotra,myra.malhotra414@gmail.com,M,2006,Bengaluru,Karnataka,South,Paid Search,2024-06-28
11415,Isha,Khan,isha.khan415@gmail.com,F,1995,Mumbai,Maharashtra,West,Paid Social,2024-06-28
11416,Priya,Iyer,priya.iyer416@rediffmail.com,F,2003,Kochi,Kerala,South,Email,2024-06-29
11417,Saanvi,Banerjee,saanvi.banerjee417@gmail.com,F,1993,Mumbai,Maharashtra,West,Email,2024-06-29
11418,Amit,Pillai,amit.pillai418@rediffmail.com,M,1997,Delhi,Delhi,North,Paid Social,2024-06-29
11419,Ananya,Mishra,ananya.mishra419@gmail.com,M,1983,Indore,Madhya Pradesh,West,Paid Social,2024-06-29
11420,Zoya,Menon,zoya.menon420@gmail.com,F,1986,Delhi,Delhi,North,Paid Social,2024-06-29
11421,Tanvi,Pillai,tanvi.pillai421@gmail.com,M,1986,Bengaluru,Karnataka,South,Paid Search,2024-06-29
11422,Krishna,Reddy,krishna.reddy422@outlook.com,M,1980,Kolkata,West Bengal,East,Referral,2024-06-29
11423,Harpreet,Yadav,harpreet.yadav423@outlook.com,M,2002,Bengaluru,Karnataka,South,Organic Search,2024-06-29
11424,Ananya,Malhotra,ananya.malhotra424@gmail.com,F,1994,Noida,Uttar Pradesh,North,Email,2024-06-29
11425,Amit,Bose,amit.bose425@gmail.com,F,2002,Delhi,Delhi,North,Paid Search,2024-06-29
11426,Deepak,Das,deepak.das426@gmail.com,M,1993,Mumbai,Maharashtra,West,Organic Search,2024-06-30
11427,Tanvi,Khan,tanvi.khan427@outlook.com,F,2003,Gurugram,Haryana,North,Organic Search,2024-06-30
11428,Deepak,Joshi,deepak.joshi428@gmail.com,M,2002,Ahmedabad,Gujarat,West,Referral,2024-06-30
11429,Vikram,Agarwal,vikram.agarwal429@yahoo.in,M,1993,Hyderabad,Telangana,South,Organic Search,2024-06-30
11430,Aman,Gupta,aman.gupta430@gmail.com,F,1996,Bengaluru,Karnataka,South,Paid Social,2024-06-30
11431,Priya,Khan,priya.khan431@gmail.com,F,1997,Indore,Madhya Pradesh,West,Paid Search,2024-06-30
11432,Krishna,Patel,krishna.patel432@yahoo.in,F,2003,Mumbai,Maharashtra,West,Paid Social,2024-06-30
11433,Ishaan,Kumar,ishaan.kumar433@gmail.com,M,1994,Gurugram,Haryana,North,Paid Social,2024-06-30
11434,Pooja,Bose,pooja.bose434@outlook.com,F,1997,Bengaluru,Karnataka,South,Affiliate,2024-06-30
11435,Reyansh,Khan,reyansh.khan435@gmail.com,M,1982,Mumbai,Maharashtra,West,Paid Search,2024-07-01
11436,Isha,Nair,isha.nair436@gmail.com,M,1987,Jaipur,Rajasthan,North,Paid Search,2024-07-01
11437,Priya,Rao,priya.rao437@gmail.com,M,1988,Bengaluru,Karnataka,South,Organic Search,2024-07-01
11438,Arjun,Sharma,arjun.sharma438@gmail.com,M,1998,Mumbai,Maharashtra,West,Paid Search,2024-07-01
11439,Simran,Yadav,simran.yadav439@yahoo.in,M,1988,Gurugram,Haryana,North,Referral,2024-07-01
11440,Arjun,Nair,arjun.nair440@yahoo.in,M,1995,Pune,Maharashtra,West,Organic Search,2024-07-01
11441,Aadhya,Gupta,aadhya.gupta441@outlook.com,M,1993,Jaipur,Rajasthan,North,Affiliate,2024-07-01
11442,Harpreet,Rao,harpreet.rao442@gmail.com,M,1994,Bengaluru,Karnataka,South,Organic Search,2024-07-01
11443,Vivaan,Mishra,vivaan.mishra443@gmail.com,F,2001,Delhi,Delhi,North,Referral,2024-07-01
11444,Arjun,Menon,arjun.menon444@gmail.com,F,1995,Chennai,Tamil Nadu,South,Paid Social,2024-07-01
11445,Simran,Agarwal,simran.agarwal445@gmail.com,F,1992,Mumbai,Maharashtra,West,Email,2024-07-02
11446,Ananya,Mishra,ananya.mishra446@gmail.com,M,1997,Delhi,Delhi,North,Paid Social,2024-07-02
11447,Lakshmi,Iyer,lakshmi.iyer447@gmail.com,M,2006,Delhi,Delhi,North,Paid Social,2024-07-02
11448,Krishna,Agarwal,krishna.agarwal448@gmail.com,F,1994,Kolkata,West Bengal,East,Organic Search,2024-07-02
11449,Krishna,Sharma,krishna.sharma449@rediffmail.com,F,1984,Pune,Maharashtra,West,Paid Search,2024-07-02
11450,Pooja,Shah,pooja.shah450@gmail.com,M,1983,Hyderabad,Telangana,South,Referral,2024-07-02
11451,Kavya,Kapoor,kavya.kapoor451@yahoo.in,M,1991,Chennai,Tamil Nadu,South,Organic Search,2024-07-02
11452,Farhan,Rao,farhan.rao452@gmail.com,M,1984,Chandigarh,Chandigarh,North,Referral,2024-07-02
11453,Vikram,Shah,vikram.shah453@gmail.com,M,1974,Ahmedabad,Gujarat,West,Paid Search,2024-07-03
11454,Ananya,Joshi,ananya.joshi454@gmail.com,M,1991,Bengaluru,Karnataka,South,Paid Search,2024-07-03
11455,Aditya,Nair,aditya.nair455@outlook.com,M,1997,Chennai,Tamil Nadu,South,Paid Social,2024-07-03
11456,Zoya,Khan,zoya.khan456@gmail.com,M,2005,Mumbai,Maharashtra,West,Organic Search,2024-07-03
11457,Sai,Verma,sai.verma457@gmail.com,M,1993,Kolkata,West Bengal,East,Paid Social,2024-07-03
11458,Krishna,Shah,krishna.shah458@gmail.com,M,1996,Indore,Madhya Pradesh,West,Email,2024-07-03
11459,Isha,Joshi,isha.joshi459@outlook.com,M,1998,Chennai,Tamil Nadu,South,Organic Search,2024-07-04
11460,Pari,Sharma,pari.sharma460@gmail.com,M,1994,Delhi,Delhi,North,Organic Search,2024-07-04
11461,Harpreet,Malhotra,harpreet.malhotra461@yahoo.in,M,1988,Mumbai,Maharashtra,West,Organic Search,2024-07-04
11462,Kabir,Joshi,kabir.joshi462@gmail.com,M,2006,Gurugram,Haryana,North,Paid Social,2024-07-04
11463,Meera,Menon,meera.menon463@yahoo.in,F,1986,Kochi,Kerala,South,Referral,2024-07-04
11464,Priya,Bose,priya.bose464@gmail.com,M,1997,Lucknow,Uttar Pradesh,North,Affiliate,2024-07-04
11465,Kabir,Reddy,kabir.reddy465@gmail.com,M,1987,Bengaluru,Karnataka,South,Paid Search,2024-07-04
11466,Manish,Sharma,manish.sharma466@outlook.com,F,1994,Delhi,Delhi,North,Organic Search,2024-07-05
11467,Zoya,Banerjee,zoya.banerjee467@gmail.com,M,1997,Noida,Uttar Pradesh,North,Organic Search,2024-07-05
11468,Riya,Kapoor,riya.kapoor468@gmail.com,F,1992,Chandigarh,Chandigarh,North,Paid Search,2024-07-05
11469,Priya,Agarwal,priya.agarwal469@gmail.com,M,1984,Hyderabad,Telangana,South,Paid Social,2024-07-05
11470,Rohan,Mishra,rohan.mishra470@gmail.com,F,1991,Lucknow,Uttar Pradesh,North,Email,2024-07-05
11471,Karan,Kapoor,karan.kapoor471@gmail.com,F,2002,Hyderabad,Telangana,South,Organic Search,2024-07-05
11472,Kavya,Khan,kavya.khan472@gmail.com,M,1981,Hyderabad,Telangana,South,Referral,2024-07-05
11473,Ananya,Kapoor,ananya.kapoor473@gmail.com,F,2006,Kolkata,West Bengal,East,Paid Social,2024-07-06
11474,Tanvi,Kapoor,tanvi.kapoor474@gmail.com,M,1994,Bengaluru,Karnataka,South,Email,2024-07-06
11475,Harpreet,Gupta,harpreet.gupta475@gmail.com,F,1999,Bengaluru,Karnataka,South,Email,2024-07-06
11476,Priya,Singh,priya.singh476@gmail.com,F,1985,Indore,Madhya Pradesh,West,Email,2024-07-06
11477,Arjun,Patel,arjun.patel477@gmail.com,F,1992,Delhi,Delhi,North,Paid Search,2024-07-06
11478,Lakshmi,Shah,lakshmi.shah478@gmail.com,F,1988,Pune,Maharashtra,West,Paid Search,2024-07-06
11479,Sai,Mishra,sai.mishra479@rediffmail.com,M,1996,Chennai,Tamil Nadu,South,Organic Search,2024-07-06
11480,Farhan,Verma,farhan.verma480@gmail.com,M,1985,Delhi,Delhi,North,Organic Search,2024-07-06
11481,Neha,Shah,neha.shah481@gmail.com,M,1989,Delhi,Delhi,North,Paid Social,2024-07-06
11482,Riya,Sharma,riya.sharma482@rediffmail.com,F,2006,Indore,Madhya Pradesh,West,Affiliate,2024-07-06
11483,Nikhil,Bose,nikhil.bose483@outlook.com,F,1999,Chennai,Tamil Nadu,South,Paid Social,2024-07-06
11484,Rohan,Khan,rohan.khan484@outlook.com,F,1997,Jaipur,Rajasthan,North,Paid Search,2024-07-07
11485,Arjun,Rao,arjun.rao485@gmail.com,F,1996,Chennai,Tamil Nadu,South,Organic Search,2024-07-07
11486,Reyansh,Agarwal,reyansh.agarwal486@outlook.com,F,2005,Chandigarh,Chandigarh,North,Paid Social,2024-07-07
11487,Rohan,Mishra,rohan.mishra487@outlook.com,M,1992,Mumbai,Maharashtra,West,Organic Search,2024-07-07
11488,Harpreet,Pillai,harpreet.pillai488@gmail.com,F,2001,Kolkata,West Bengal,East,Organic Search,2024-07-08
11489,Arjun,Khan,arjun.khan489@gmail.com,F,1975,Mumbai,Maharashtra,West,Organic Search,2024-07-08
11490,Tanvi,Khan,tanvi.khan490@gmail.com,M,1993,Indore,Madhya Pradesh,West,Email,2024-07-08
11491,Myra,Menon,myra.menon491@gmail.com,F,1991,Kolkata,West Bengal,East,Paid Search,2024-07-08
11492,Aman,Bose,aman.bose492@gmail.com,F,1989,Lucknow,Uttar Pradesh,North,Affiliate,2024-07-09
11493,Pooja,Malhotra,pooja.malhotra493@gmail.com,F,1999,Delhi,Delhi,North,Paid Social,2024-07-09
11494,Farhan,Malhotra,farhan.malhotra494@rediffmail.com,M,1992,Kolkata,West Bengal,East,Paid Social,2024-07-09
11495,Simran,Iyer,simran.iyer495@outlook.com,F,1992,Ahmedabad,Gujarat,West,Referral,2024-07-09
11496,Lakshmi,Mishra,lakshmi.mishra496@outlook.com,F,1987,Kolkata,West Bengal,East,Email,2024-07-09
11497,Aman,Pillai,aman.pillai497@gmail.com,F,1990,Chennai,Tamil Nadu,South,Organic Search,2024-07-09
11498,Myra,Gupta,myra.gupta498@gmail.com,M,1977,Indore,Madhya Pradesh,West,Organic Search,2024-07-09
11499,Lakshmi,Bose,lakshmi.bose499@outlook.com,F,1991,Pune,Maharashtra,West,Organic Search,2024-07-09
11500,Pari,Menon,pari.menon500@gmail.com,F,1982,Pune,Maharashtra,West,Paid Search,2024-07-09
11501,Pooja,Agarwal,pooja.agarwal501@gmail.com,M,2006,Gurugram,Haryana,North,Organic Search,2024-07-09
11502,Kabir,Yadav,kabir.yadav502@gmail.com,M,1999,Mumbai,Maharashtra,West,Paid Social,2024-07-09
11503,Aman,Bose,aman.bose503@gmail.com,M,2001,Hyderabad,Telangana,South,Paid Search,2024-07-09
11504,Sai,Yadav,sai.yadav504@gmail.com,M,1983,Kolkata,West Bengal,East,Affiliate,2024-07-10
11505,Kavya,Chopra,kavya.chopra505@outlook.com,M,2000,Kolkata,West Bengal,East,Referral,2024-07-10
11506,Neha,Das,neha.das506@gmail.com,F,1988,Kolkata,West Bengal,East,Referral,2024-07-10
11507,Simran,Mehta,simran.mehta507@yahoo.in,F,1996,Delhi,Delhi,North,Paid Social,2024-07-10
11508,Neha,Shah,neha.shah508@gmail.com,F,1992,Pune,Maharashtra,West,Organic Search,2024-07-10
11509,Reyansh,Pillai,reyansh.pillai509@gmail.com,M,1982,Noida,Uttar Pradesh,North,Organic Search,2024-07-10
11510,Sai,Singh,sai.singh510@outlook.com,M,1985,Indore,Madhya Pradesh,West,Paid Search,2024-07-10
11511,Arnav,Das,arnav.das511@yahoo.in,M,1999,Kolkata,West Bengal,East,Email,2024-07-10
11512,Vikram,Verma,vikram.verma512@outlook.com,F,1999,Chennai,Tamil Nadu,South,Organic Search,2024-07-11
11513,Reyansh,Yadav,reyansh.yadav513@gmail.com,F,1983,Chennai,Tamil Nadu,South,Paid Search,2024-07-11
11514,Pari,Das,pari.das514@gmail.com,M,2003,Mumbai,Maharashtra,West,Referral,2024-07-11
11515,Sneha,Verma,sneha.verma515@outlook.com,F,1990,Pune,Maharashtra,West,Paid Search,2024-07-11
11516,Priya,Shah,priya.shah516@gmail.com,F,1983,Jaipur,Rajasthan,North,Affiliate,2024-07-11
11517,Aditya,Mishra,aditya.mishra517@yahoo.in,M,1989,Ahmedabad,Gujarat,West,Affiliate,2024-07-11
11518,Rahul,Menon,rahul.menon518@gmail.com,M,1983,Jaipur,Rajasthan,North,Organic Search,2024-07-12
11519,Krishna,Nair,krishna.nair519@yahoo.in,M,1988,Hyderabad,Telangana,South,Paid Social,2024-07-12
11520,Aadhya,Joshi,aadhya.joshi520@gmail.com,F,1990,Mumbai,Maharashtra,West,Organic Search,2024-07-12
11521,Meera,Joshi,meera.joshi521@gmail.com,F,1998,Bengaluru,Karnataka,South,Paid Search,2024-07-12
11522,Tanvi,Agarwal,tanvi.agarwal522@gmail.com,F,2000,Chennai,Tamil Nadu,South,Email,2024-07-12
11523,Arjun,Kapoor,arjun.kapoor523@outlook.com,F,2002,Jaipur,Rajasthan,North,Organic Search,2024-07-12
11524,Rahul,Khan,rahul.khan524@gmail.com,M,2000,Bengaluru,Karnataka,South,Affiliate,2024-07-12
11525,Ananya,Khan,ananya.khan525@gmail.com,F,1978,Chennai,Tamil Nadu,South,Affiliate,2024-07-12
11526,Isha,Gupta,isha.gupta526@gmail.com,F,1982,Kolkata,West Bengal,East,Paid Social,2024-07-13
11527,Aman,Kumar,aman.kumar527@gmail.com,F,2002,Gurugram,Haryana,North,Paid Search,2024-07-13
11528,Kiara,Rao,kiara.rao528@gmail.com,F,1990,Bengaluru,Karnataka,South,Organic Search,2024-07-13
11529,Pooja,Mehta,pooja.mehta529@gmail.com,F,1992,Mumbai,Maharashtra,West,Paid Search,2024-07-13
11530,Aarav,Singh,aarav.singh530@yahoo.in,F,1999,Jaipur,Rajasthan,North,Organic Search,2024-07-13
11531,Neha,Gupta,neha.gupta531@gmail.com,F,2004,Gurugram,Haryana,North,Organic Search,2024-07-13
11532,Farhan,Rao,farhan.rao532@gmail.com,F,1997,Ahmedabad,Gujarat,West,Organic Search,2024-07-13
11533,Karan,Yadav,karan.yadav533@yahoo.in,M,1987,Chandigarh,Chandigarh,North,Paid Social,2024-07-14
11534,Kavya,Reddy,kavya.reddy534@gmail.com,M,1984,Bengaluru,Karnataka,South,Organic Search,2024-07-14
11535,Zoya,Khan,zoya.khan535@gmail.com,M,1985,Jaipur,Rajasthan,North,Paid Search,2024-07-14
11536,Reyansh,Reddy,reyansh.reddy536@gmail.com,F,2003,Delhi,Delhi,North,Paid Social,2024-07-14
11537,Aditya,Kapoor,aditya.kapoor537@yahoo.in,F,2000,Hyderabad,Telangana,South,Organic Search,2024-07-14
11538,Diya,Rao,diya.rao538@outlook.com,M,1994,Gurugram,Haryana,North,Paid Search,2024-07-14
11539,Aman,Nair,aman.nair539@yahoo.in,F,1982,Lucknow,Uttar Pradesh,North,Organic Search,2024-07-14
11540,Simran,Mehta,simran.mehta540@outlook.com,M,2001,Lucknow,Uttar Pradesh,North,Organic Search,2024-07-14
11541,Riya,Khan,riya.khan541@gmail.com,F,1995,Mumbai,Maharashtra,West,Organic Search,2024-07-15
11542,Nikhil,Kapoor,nikhil.kapoor542@gmail.com,M,1987,Pune,Maharashtra,West,Organic Search,2024-07-15
11543,Meera,Joshi,meera.joshi543@yahoo.in,M,1993,Hyderabad,Telangana,South,Paid Search,2024-07-15
11544,Aadhya,Pillai,aadhya.pillai544@gmail.com,F,1998,Bengaluru,Karnataka,South,Organic Search,2024-07-15
11545,Tanvi,Mehta,tanvi.mehta545@yahoo.in,F,1990,Gurugram,Haryana,North,Paid Search,2024-07-15
11546,Karan,Iyer,karan.iyer546@gmail.com,M,1985,Gurugram,Haryana,North,Referral,2024-07-15
11547,Arjun,Malhotra,arjun.malhotra547@gmail.com,M,1995,Chennai,Tamil Nadu,South,Paid Social,2024-07-15
11548,Lakshmi,Bose,lakshmi.bose548@gmail.com,M,1996,Lucknow,Uttar Pradesh,North,Paid Search,2024-07-15
11549,Farhan,Menon,farhan.menon549@gmail.com,M,1978,Noida,Uttar Pradesh,North,Affiliate,2024-07-15
11550,Rohan,Verma,rohan.verma550@gmail.com,F,1993,Delhi,Delhi,North,Referral,2024-07-15
11551,Diya,Menon,diya.menon551@gmail.com,M,1987,Hyderabad,Telangana,South,Paid Social,2024-07-15
11552,Tanvi,Agarwal,tanvi.agarwal552@gmail.com,M,1997,Bengaluru,Karnataka,South,Paid Search,2024-07-15
11553,Kabir,Reddy,kabir.reddy553@gmail.com,M,1980,Mumbai,Maharashtra,West,Organic Search,2024-07-15
11554,Aman,Das,aman.das554@gmail.com,F,1983,Delhi,Delhi,North,Paid Search,2024-07-15
11555,Priya,Rao,priya.rao555@gmail.com,M,1975,Hyderabad,Telangana,South,Paid Social,2024-07-15
11556,Arjun,Iyer,arjun.iyer556@yahoo.in,F,1997,Delhi,Delhi,North,Affiliate,2024-07-15
11557,Tanvi,Nair,tanvi.nair557@gmail.com,M,1982,Mumbai,Maharashtra,West,Affiliate,2024-07-15
11558,Deepak,Khan,deepak.khan558@gmail.com,M,1983,Chennai,Tamil Nadu,South,Organic Search,2024-07-15
11559,Saanvi,Pillai,saanvi.pillai559@gmail.com,F,1993,Lucknow,Uttar Pradesh,North,Affiliate,2024-07-15
11560,Kavya,Yadav,kavya.yadav560@gmail.com,F,1992,Mumbai,Maharashtra,West,Referral,2024-07-16
11561,Nikhil,Mishra,nikhil.mishra561@rediffmail.com,F,1999,Bengaluru,Karnataka,South,Paid Social,2024-07-16
11562,Riya,Reddy,riya.reddy562@gmail.com,F,1999,Bengaluru,Karnataka,South,Email,2024-07-16
11563,Pari,Kumar,pari.kumar563@gmail.com,F,2003,Mumbai,Maharashtra,West,Paid Search,2024-07-16
11564,Rahul,Menon,rahul.menon564@outlook.com,F,2006,Mumbai,Maharashtra,West,Paid Search,2024-07-17
11565,Rohan,Shah,rohan.shah565@gmail.com,M,2002,Mumbai,Maharashtra,West,Email,2024-07-17
11566,Vikram,Chopra,vikram.chopra566@gmail.com,M,1996,Pune,Maharashtra,West,Organic Search,2024-07-17
11567,Harpreet,Pillai,harpreet.pillai567@yahoo.in,M,1995,Mumbai,Maharashtra,West,Paid Social,2024-07-17
11568,Karan,Reddy,karan.reddy568@gmail.com,M,1998,Lucknow,Uttar Pradesh,North,Referral,2024-07-17
11569,Harpreet,Malhotra,harpreet.malhotra569@gmail.com,F,1977,Chandigarh,Chandigarh,North,Email,2024-07-17
11570,Krishna,Pillai,krishna.pillai570@yahoo.in,M,1992,Pune,Maharashtra,West,Organic Search,2024-07-17
11571,Vikram,Iyer,vikram.iyer571@gmail.com,F,1979,Mumbai,Maharashtra,West,Paid Social,2024-07-17
11572,Diya,Agarwal,diya.agarwal572@gmail.com,F,1988,Ahmedabad,Gujarat,West,Organic Search,2024-07-17
11573,Sneha,Das,sneha.das573@gmail.com,F,1982,Bengaluru,Karnataka,South,Email,2024-07-17
11574,Sai,Khan,sai.khan574@yahoo.in,M,1997,Kolkata,West Bengal,East,Paid Social,2024-07-18
11575,Myra,Verma,myra.verma575@gmail.com,F,1998,Indore,Madhya Pradesh,West,Paid Social,2024-07-18
11576,Pari,Singh,pari.singh576@outlook.com,F,2003,Bengaluru,Karnataka,South,Email,2024-07-18
11577,Amit,Malhotra,amit.malhotra577@gmail.com,M,1986,Delhi,Delhi,North,Paid Social,2024-07-18
11578,Riya,Kapoor,riya.kapoor578@gmail.com,M,1988,Hyderabad,Telangana,South,Paid Social,2024-07-18
11579,Sneha,Chopra,sneha.chopra579@gmail.com,M,2002,Pune,Maharashtra,West,Paid Search,2024-07-18
11580,Arnav,Kapoor,arnav.kapoor580@gmail.com,F,1989,Chennai,Tamil Nadu,South,Paid Social,2024-07-18
11581,Diya,Kapoor,diya.kapoor581@outlook.com,F,1988,Kolkata,West Bengal,East,Paid Social,2024-07-18
11582,Pari,Bose,pari.bose582@gmail.com,F,1999,Lucknow,Uttar Pradesh,North,Referral,2024-07-18
11583,Priya,Kapoor,priya.kapoor583@gmail.com,F,1998,Kochi,Kerala,South,Organic Search,2024-07-18
11584,Vikram,Agarwal,vikram.agarwal584@outlook.com,M,2001,Bengaluru,Karnataka,South,Paid Search,2024-07-19
11585,Simran,Kapoor,simran.kapoor585@gmail.com,F,1997,Bengaluru,Karnataka,South,Paid Search,2024-07-19
11586,Pooja,Das,pooja.das586@gmail.com,F,1990,Pune,Maharashtra,West,Organic Search,2024-07-19
11587,Kavya,Das,kavya.das587@gmail.com,F,2004,Mumbai,Maharashtra,West,Referral,2024-07-19
11588,Priya,Joshi,priya.joshi588@gmail.com,M,2001,Hyderabad,Telangana,South,Paid Social,2024-07-19
11589,Amit,Khan,amit.khan589@yahoo.in,F,1993,Delhi,Delhi,North,Organic Search,2024-07-19
11590,Tanvi,Rao,tanvi.rao590@gmail.com,F,2001,Ahmedabad,Gujarat,West,Paid Social,2024-07-19
11591,Reyansh,Khan,reyansh.khan591@gmail.com,F,1993,Delhi,Delhi,North,Paid Search,2024-07-19
11592,Krishna,Kumar,krishna.kumar592@gmail.com,M,1986,Lucknow,Uttar Pradesh,North,Referral,2024-07-19
11593,Saanvi,Das,saanvi.das593@gmail.com,M,1994,Bengaluru,Karnataka,South,Organic Search,2024-07-19
11594,Aditya,Malhotra,aditya.malhotra594@outlook.com,M,2006,Hyderabad,Telangana,South,Organic Search,2024-07-20
11595,Kiara,Sharma,kiara.sharma595@rediffmail.com,M,2002,Chennai,Tamil Nadu,South,Organic Search,2024-07-20
11596,Saanvi,Gupta,saanvi.gupta596@gmail.com,M,1997,Bengaluru,Karnataka,South,Paid Search,2024-07-20
11597,Vikram,Shah,vikram.shah597@outlook.com,F,1986,Bengaluru,Karnataka,South,Referral,2024-07-20
11598,Kavya,Mishra,kavya.mishra598@gmail.com,M,1984,Kolkata,West Bengal,East,Paid Social,2024-07-20
11599,Sneha,Chopra,sneha.chopra599@outlook.com,F,1992,Pune,Maharashtra,West,Organic Search,2024-07-20
11600,Kavya,Gupta,kavya.gupta600@gmail.com,M,1989,Bengaluru,Karnataka,South,Paid Social,2024-07-20
11601,Vikram,Reddy,vikram.reddy601@gmail.com,M,1994,Chennai,Tamil Nadu,South,Paid Social,2024-07-20
11602,Karan,Bose,karan.bose602@gmail.com,M,1995,Hyderabad,Telangana,South,Referral,2024-07-20
11603,Simran,Agarwal,simran.agarwal603@gmail.com,M,1982,Hyderabad,Telangana,South,Organic Search,2024-07-20
11604,Pooja,Patel,pooja.patel604@gmail.com,F,1987,Pune,Maharashtra,West,Paid Social,2024-07-20
11605,Kavya,Verma,kavya.verma605@gmail.com,M,1991,Pune,Maharashtra,West,Paid Social,2024-07-20
11606,Karan,Shah,karan.shah606@gmail.com,F,1997,Bengaluru,Karnataka,South,Paid Social,2024-07-20
11607,Saanvi,Agarwal,saanvi.agarwal607@yahoo.in,M,1997,Bengaluru,Karnataka,South,Paid Search,2024-07-20
11608,Isha,Rao,isha.rao608@yahoo.in,F,1985,Ahmedabad,Gujarat,West,Organic Search,2024-07-21
11609,Karan,Mishra,karan.mishra609@gmail.com,M,1984,Gurugram,Haryana,North,Organic Search,2024-07-21
11610,Diya,Banerjee,diya.banerjee610@gmail.com,F,1986,Lucknow,Uttar Pradesh,North,Email,2024-07-21
11611,Riya,Gupta,riya.gupta611@gmail.com,M,2000,Pune,Maharashtra,West,Paid Social,2024-07-21
11612,Aarav,Verma,aarav.verma612@gmail.com,M,1990,Noida,Uttar Pradesh,North,Paid Social,2024-07-21
11613,Riya,Menon,riya.menon613@gmail.com,M,1994,Mumbai,Maharashtra,West,Paid Social,2024-07-21
11614,Aarav,Malhotra,aarav.malhotra614@gmail.com,F,1997,Gurugram,Haryana,North,Organic Search,2024-07-21
11615,Krishna,Agarwal,krishna.agarwal615@gmail.com,M,2003,Gurugram,Haryana,North,Paid Search,2024-07-21
11616,Kavya,Das,kavya.das616@gmail.com,F,1984,Chennai,Tamil Nadu,South,Paid Social,2024-07-21
11617,Simran,Gupta,simran.gupta617@yahoo.in,F,2003,Ahmedabad,Gujarat,West,Organic Search,2024-07-21
11618,Riya,Bose,riya.bose618@outlook.com,M,1998,Hyderabad,Telangana,South,Affiliate,2024-07-22
11619,Deepak,Bose,deepak.bose619@gmail.com,M,2006,Delhi,Delhi,North,Organic Search,2024-07-22
11620,Tanvi,Bose,tanvi.bose620@gmail.com,M,2005,Jaipur,Rajasthan,North,Paid Social,2024-07-22
11621,Sai,Joshi,sai.joshi621@rediffmail.com,M,1994,Delhi,Delhi,North,Paid Search,2024-07-22
11622,Simran,Pillai,simran.pillai622@gmail.com,M,1988,Delhi,Delhi,North,Email,2024-07-23
11623,Kabir,Iyer,kabir.iyer623@rediffmail.com,F,1999,Delhi,Delhi,North,Referral,2024-07-23
11624,Vikram,Reddy,vikram.reddy624@gmail.com,F,1985,Pune,Maharashtra,West,Paid Search,2024-07-23
11625,Arnav,Sharma,arnav.sharma625@yahoo.in,F,1995,Delhi,Delhi,North,Paid Search,2024-07-23
11626,Meera,Kumar,meera.kumar626@gmail.com,F,1988,Hyderabad,Telangana,South,Affiliate,2024-07-23
11627,Vivaan,Banerjee,vivaan.banerjee627@gmail.com,F,1992,Pune,Maharashtra,West,Paid Social,2024-07-23
11628,Zoya,Joshi,zoya.joshi628@gmail.com,F,1976,Lucknow,Uttar Pradesh,North,Organic Search,2024-07-23
11629,Aman,Mehta,aman.mehta629@gmail.com,M,1993,Chennai,Tamil Nadu,South,Referral,2024-07-23
11630,Reyansh,Mehta,reyansh.mehta630@gmail.com,M,1994,Pune,Maharashtra,West,Paid Search,2024-07-24
11631,Deepak,Patel,deepak.patel631@gmail.com,F,1989,Mumbai,Maharashtra,West,Organic Search,2024-07-24
11632,Ishaan,Rao,ishaan.rao632@gmail.com,F,1993,Ahmedabad,Gujarat,West,Referral,2024-07-24
11633,Aditya,Mehta,aditya.mehta633@outlook.com,M,1985,Bengaluru,Karnataka,South,Affiliate,2024-07-24
11634,Sneha,Khan,sneha.khan634@gmail.com,M,2000,Ahmedabad,Gujarat,West,Organic Search,2024-07-24
11635,Tanvi,Chopra,tanvi.chopra635@yahoo.in,M,1994,Kolkata,West Bengal,East,Paid Search,2024-07-24
11636,Arjun,Joshi,arjun.joshi636@gmail.com,F,2006,Mumbai,Maharashtra,West,Organic Search,2024-07-24
11637,Krishna,Khan,krishna.khan637@gmail.com,M,1996,Mumbai,Maharashtra,West,Email,2024-07-24
11638,Meera,Joshi,meera.joshi638@gmail.com,F,1997,Chennai,Tamil Nadu,South,Email,2024-07-24
11639,Arjun,Das,arjun.das639@yahoo.in,M,1990,Bengaluru,Karnataka,South,Email,2024-07-24
11640,Simran,Joshi,simran.joshi640@gmail.com,M,2003,Kolkata,West Bengal,East,Organic Search,2024-07-25
11641,Ananya,Pillai,ananya.pillai641@gmail.com,F,1990,Hyderabad,Telangana,South,Organic Search,2024-07-25
11642,Simran,Mishra,simran.mishra642@gmail.com,F,2006,Pune,Maharashtra,West,Paid Social,2024-07-25
11643,Riya,Gupta,riya.gupta643@rediffmail.com,F,2006,Bengaluru,Karnataka,South,Organic Search,2024-07-25
11644,Aadhya,Kumar,aadhya.kumar644@gmail.com,F,1989,Mumbai,Maharashtra,West,Organic Search,2024-07-25
11645,Zoya,Singh,zoya.singh645@gmail.com,M,1991,Delhi,Delhi,North,Organic Search,2024-07-25
11646,Rohan,Sharma,rohan.sharma646@gmail.com,F,1988,Mumbai,Maharashtra,West,Paid Social,2024-07-25
11647,Neha,Kapoor,neha.kapoor647@gmail.com,F,1983,Jaipur,Rajasthan,North,Paid Social,2024-07-25
11648,Kavya,Patel,kavya.patel648@gmail.com,F,1996,Bengaluru,Karnataka,South,Referral,2024-07-26
11649,Arnav,Iyer,arnav.iyer649@gmail.com,M,1994,Bengaluru,Karnataka,South,Organic Search,2024-07-26
11650,Lakshmi,Iyer,lakshmi.iyer650@gmail.com,F,1999,Kolkata,West Bengal,East,Referral,2024-07-26
11651,Reyansh,Mishra,reyansh.mishra651@gmail.com,F,1993,Delhi,Delhi,North,Paid Social,2024-07-27
11652,Aadhya,Malhotra,aadhya.malhotra652@gmail.com,F,2000,Mumbai,Maharashtra,West,Paid Search,2024-07-27
11653,Arjun,Gupta,arjun.gupta653@gmail.com,F,1993,Mumbai,Maharashtra,West,Paid Social,2024-07-27
11654,Arnav,Mishra,arnav.mishra654@yahoo.in,F,1992,Pune,Maharashtra,West,Referral,2024-07-27
11655,Zoya,Menon,zoya.menon655@gmail.com,M,1994,Delhi,Delhi,North,Organic Search,2024-07-27
11656,Arnav,Pillai,arnav.pillai656@gmail.com,M,2000,Pune,Maharashtra,West,Referral,2024-07-27
11657,Sai,Joshi,sai.joshi657@gmail.com,F,1991,Bengaluru,Karnataka,South,Paid Social,2024-07-27
11658,Saanvi,Menon,saanvi.menon658@yahoo.in,F,2001,Chandigarh,Chandigarh,North,Paid Social,2024-07-27
11659,Nikhil,Verma,nikhil.verma659@gmail.com,F,1988,Bengaluru,Karnataka,South,Email,2024-07-27
11660,Pari,Sharma,pari.sharma660@yahoo.in,F,1991,Lucknow,Uttar Pradesh,North,Paid Social,2024-07-27
11661,Diya,Bose,diya.bose661@gmail.com,M,1979,Mumbai,Maharashtra,West,Paid Social,2024-07-27
11662,Deepak,Kumar,deepak.kumar662@gmail.com,M,1991,Kochi,Kerala,South,Paid Search,2024-07-28
11663,Amit,Verma,amit.verma663@gmail.com,F,1985,Delhi,Delhi,North,Paid Social,2024-07-28
11664,Riya,Gupta,riya.gupta664@gmail.com,F,1998,Jaipur,Rajasthan,North,Referral,2024-07-28
11665,Farhan,Mehta,farhan.mehta665@gmail.com,F,1998,Kolkata,West Bengal,East,Affiliate,2024-07-28
11666,Vikram,Rao,vikram.rao666@gmail.com,F,2003,Gurugram,Haryana,North,Referral,2024-07-28
11667,Riya,Mehta,riya.mehta667@rediffmail.com,M,2006,Mumbai,Maharashtra,West,Referral,2024-07-28
11668,Kavya,Banerjee,kavya.banerjee668@gmail.com,M,1992,Mumbai,Maharashtra,West,Paid Social,2024-07-28
11669,Neha,Singh,neha.singh669@outlook.com,F,1988,Bengaluru,Karnataka,South,Referral,2024-07-28
11670,Harpreet,Iyer,harpreet.iyer670@outlook.com,F,1997,Indore,Madhya Pradesh,West,Organic Search,2024-07-28
11671,Aditya,Shah,aditya.shah671@gmail.com,M,1990,Bengaluru,Karnataka,South,Paid Search,2024-07-28
11672,Aditya,Iyer,aditya.iyer672@yahoo.in,M,1989,Kolkata,West Bengal,East,Paid Social,2024-07-28
11673,Myra,Nair,myra.nair673@gmail.com,F,1993,Mumbai,Maharashtra,West,Paid Social,2024-07-28
11674,Neha,Yadav,neha.yadav674@gmail.com,M,1989,Pune,Maharashtra,West,Paid Social,2024-07-28
11675,Saanvi,Verma,saanvi.verma675@yahoo.in,M,2006,Kolkata,West Bengal,East,Affiliate,2024-07-28
11676,Arnav,Verma,arnav.verma676@gmail.com,F,1991,Delhi,Delhi,North,Email,2024-07-29
11677,Aarav,Yadav,aarav.yadav677@gmail.com,M,1993,Kolkata,West Bengal,East,Referral,2024-07-29
11678,Sai,Iyer,sai.iyer678@gmail.com,M,2000,Kolkata,West Bengal,East,Referral,2024-07-29
11679,Karan,Patel,karan.patel679@rediffmail.com,F,2006,Kolkata,West Bengal,East,Referral,2024-07-29
11680,Aditya,Joshi,aditya.joshi680@gmail.com,M,1992,Delhi,Delhi,North,Paid Social,2024-07-29
11681,Ishaan,Sharma,ishaan.sharma681@gmail.com,F,1979,Ahmedabad,Gujarat,West,Organic Search,2024-07-29
11682,Harpreet,Banerjee,harpreet.banerjee682@gmail.com,F,1993,Chennai,Tamil Nadu,South,Email,2024-07-29
11683,Aman,Sharma,aman.sharma683@gmail.com,M,1980,Chandigarh,Chandigarh,North,Organic Search,2024-07-29
11684,Zoya,Pillai,zoya.pillai684@gmail.com,F,1989,Indore,Madhya Pradesh,West,Referral,2024-07-29
11685,Saanvi,Mishra,saanvi.mishra685@outlook.com,F,2005,Lucknow,Uttar Pradesh,North,Organic Search,2024-07-29
11686,Krishna,Malhotra,krishna.malhotra686@gmail.com,M,1987,Delhi,Delhi,North,Paid Social,2024-07-30
11687,Aadhya,Kumar,aadhya.kumar687@yahoo.in,M,1985,Chennai,Tamil Nadu,South,Paid Search,2024-07-30
11688,Ishaan,Kapoor,ishaan.kapoor688@gmail.com,F,2000,Kolkata,West Bengal,East,Paid Social,2024-07-30
11689,Kabir,Rao,kabir.rao689@gmail.com,M,1992,Delhi,Delhi,North,Email,2024-07-30
11690,Simran,Mishra,simran.mishra690@gmail.com,F,2003,Delhi,Delhi,North,Organic Search,2024-07-30
11691,Kabir,Yadav,kabir.yadav691@gmail.com,F,1991,Ahmedabad,Gujarat,West,Organic Search,2024-07-30
11692,Rohan,Das,rohan.das692@gmail.com,M,1999,Delhi,Delhi,North,Affiliate,2024-07-30
11693,Ananya,Menon,ananya.menon693@yahoo.in,M,1981,Bengaluru,Karnataka,South,Organic Search,2024-07-30
11694,Reyansh,Mishra,reyansh.mishra694@gmail.com,F,1986,Bengaluru,Karnataka,South,Referral,2024-07-30
11695,Harpreet,Chopra,harpreet.chopra695@outlook.com,F,1992,Mumbai,Maharashtra,West,Referral,2024-07-30
11696,Lakshmi,Malhotra,lakshmi.malhotra696@gmail.com,M,1990,Hyderabad,Telangana,South,Referral,2024-07-30
11697,Rohan,Mehta,rohan.mehta697@gmail.com,F,2006,Delhi,Delhi,North,Organic Search,2024-07-30
11698,Aman,Mishra,aman.mishra698@outlook.com,M,2002,Jaipur,Rajasthan,North,Referral,2024-07-31
11699,Ananya,Verma,ananya.verma699@rediffmail.com,M,2001,Hyderabad,Telangana,South,Affiliate,2024-07-31
11700,Kiara,Mehta,kiara.mehta700@gmail.com,M,1992,Delhi,Delhi,North,Paid Search,2024-07-31
11701,Manish,Gupta,manish.gupta701@gmail.com,M,1982,Jaipur,Rajasthan,North,Paid Social,2024-07-31
11702,Karan,Sharma,karan.sharma702@gmail.com,F,2006,Bengaluru,Karnataka,South,Organic Search,2024-07-31
11703,Aman,Shah,aman.shah703@yahoo.in,M,1981,Lucknow,Uttar Pradesh,North,Affiliate,2024-07-31
11704,Isha,Rao,isha.rao704@gmail.com,M,1989,Pune,Maharashtra,West,Organic Search,2024-07-31
11705,Vikram,Mehta,vikram.mehta705@gmail.com,M,1998,Chennai,Tamil Nadu,South,Paid Search,2024-07-31
11706,Ananya,Menon,ananya.menon706@gmail.com,F,2006,Lucknow,Uttar Pradesh,North,Organic Search,2024-07-31
11707,Riya,Gupta,riya.gupta707@yahoo.in,M,2006,Mumbai,Maharashtra,West,Affiliate,2024-07-31
11708,Manish,Shah,manish.shah708@gmail.com,M,1998,Delhi,Delhi,North,Paid Social,2024-08-01
11709,Krishna,Joshi,krishna.joshi709@gmail.com,M,2006,Bengaluru,Karnataka,South,Organic Search,2024-08-01
11710,Amit,Singh,amit.singh710@gmail.com,M,1990,Mumbai,Maharashtra,West,Organic Search,2024-08-01
11711,Ananya,Iyer,ananya.iyer711@yahoo.in,F,1997,Chennai,Tamil Nadu,South,Email,2024-08-01
11712,Karan,Joshi,karan.joshi712@gmail.com,M,2005,Delhi,Delhi,North,Organic Search,2024-08-01
11713,Priya,Kapoor,priya.kapoor713@gmail.com,M,1982,Hyderabad,Telangana,South,Paid Social,2024-08-01
11714,Kiara,Mishra,kiara.mishra714@gmail.com,M,1997,Hyderabad,Telangana,South,Paid Social,2024-08-01
11715,Myra,Singh,myra.singh715@gmail.com,F,1997,Hyderabad,Telangana,South,Referral,2024-08-01
11716,Rahul,Banerjee,rahul.banerjee716@gmail.com,F,1997,Bengaluru,Karnataka,South,Paid Social,2024-08-01
11717,Rohan,Banerjee,rohan.banerjee717@gmail.com,M,1985,Lucknow,Uttar Pradesh,North,Referral,2024-08-01
11718,Diya,Joshi,diya.joshi718@gmail.com,F,1997,Mumbai,Maharashtra,West,Organic Search,2024-08-02
11719,Aditya,Khan,aditya.khan719@yahoo.in,M,1996,Mumbai,Maharashtra,West,Paid Search,2024-08-02
11720,Isha,Menon,isha.menon720@gmail.com,M,1989,Lucknow,Uttar Pradesh,North,Organic Search,2024-08-02
11721,Vikram,Reddy,vikram.reddy721@rediffmail.com,F,2000,Pune,Maharashtra,West,Paid Search,2024-08-02
11722,Karan,Joshi,karan.joshi722@gmail.com,F,2004,Bengaluru,Karnataka,South,Paid Social,2024-08-02
11723,Rohan,Reddy,rohan.reddy723@gmail.com,F,1988,Pune,Maharashtra,West,Paid Social,2024-08-03
11724,Aman,Kumar,aman.kumar724@yahoo.in,F,1997,Kolkata,West Bengal,East,Affiliate,2024-08-03
11725,Kiara,Das,kiara.das725@outlook.com,F,2005,Bengaluru,Karnataka,South,Affiliate,2024-08-03
11726,Aman,Sharma,aman.sharma726@gmail.com,M,2005,Mumbai,Maharashtra,West,Paid Search,2024-08-03
11727,Aman,Bose,aman.bose727@yahoo.in,M,1992,Mumbai,Maharashtra,West,Paid Social,2024-08-03
11728,Aarav,Mehta,aarav.mehta728@yahoo.in,M,2002,Ahmedabad,Gujarat,West,Paid Social,2024-08-03
11729,Vivaan,Mehta,vivaan.mehta729@gmail.com,M,1992,Mumbai,Maharashtra,West,Affiliate,2024-08-03
11730,Amit,Joshi,amit.joshi730@gmail.com,M,2000,Noida,Uttar Pradesh,North,Organic Search,2024-08-03
11731,Simran,Joshi,simran.joshi731@gmail.com,F,1988,Pune,Maharashtra,West,Paid Social,2024-08-04
11732,Pari,Yadav,pari.yadav732@gmail.com,M,1981,Bengaluru,Karnataka,South,Paid Search,2024-08-04
11733,Vikram,Chopra,vikram.chopra733@gmail.com,F,1998,Mumbai,Maharashtra,West,Paid Search,2024-08-04
11734,Vikram,Bose,vikram.bose734@gmail.com,M,2001,Jaipur,Rajasthan,North,Paid Social,2024-08-04
11735,Farhan,Kapoor,farhan.kapoor735@gmail.com,M,1999,Noida,Uttar Pradesh,North,Organic Search,2024-08-04
11736,Arnav,Verma,arnav.verma736@gmail.com,F,1987,Mumbai,Maharashtra,West,Organic Search,2024-08-04
11737,Sneha,Kapoor,sneha.kapoor737@gmail.com,M,1974,Lucknow,Uttar Pradesh,North,Referral,2024-08-04
11738,Zoya,Kapoor,zoya.kapoor738@gmail.com,M,2000,Hyderabad,Telangana,South,Organic Search,2024-08-05
11739,Vikram,Malhotra,vikram.malhotra739@gmail.com,M,2005,Bengaluru,Karnataka,South,Paid Search,2024-08-05
11740,Saanvi,Verma,saanvi.verma740@gmail.com,F,1978,Jaipur,Rajasthan,North,Paid Social,2024-08-05
11741,Sneha,Sharma,sneha.sharma741@yahoo.in,F,1991,Kolkata,West Bengal,East,Paid Social,2024-08-05
11742,Riya,Sharma,riya.sharma742@rediffmail.com,F,1986,Bengaluru,Karnataka,South,Paid Social,2024-08-06
11743,Arnav,Pillai,arnav.pillai743@rediffmail.com,F,1995,Gurugram,Haryana,North,Affiliate,2024-08-06
11744,Sai,Khan,sai.khan744@gmail.com,M,2004,Hyderabad,Telangana,South,Paid Search,2024-08-06
11745,Saanvi,Das,saanvi.das745@gmail.com,F,1992,Hyderabad,Telangana,South,Organic Search,2024-08-06
11746,Reyansh,Khan,reyansh.khan746@gmail.com,F,1989,Pune,Maharashtra,West,Organic Search,2024-08-06
11747,Krishna,Mehta,krishna.mehta747@gmail.com,F,1997,Lucknow,Uttar Pradesh,North,Paid Social,2024-08-06
11748,Kabir,Iyer,kabir.iyer748@gmail.com,F,1977,Hyderabad,Telangana,South,Paid Search,2024-08-06
11749,Lakshmi,Bose,lakshmi.bose749@outlook.com,F,2000,Delhi,Delhi,North,Email,2024-08-06
11750,Myra,Mehta,myra.mehta750@gmail.com,F,2002,Mumbai,Maharashtra,West,Paid Social,2024-08-06
11751,Lakshmi,Khan,lakshmi.khan751@gmail.com,F,1994,Hyderabad,Telangana,South,Paid Search,2024-08-06
11752,Rahul,Shah,rahul.shah752@yahoo.in,M,1990,Hyderabad,Telangana,South,Email,2024-08-06
11753,Aarav,Yadav,aarav.yadav753@yahoo.in,F,1991,Bengaluru,Karnataka,South,Referral,2024-08-07
11754,Myra,Rao,myra.rao754@outlook.com,F,1991,Delhi,Delhi,North,Paid Social,2024-08-07
11755,Riya,Yadav,riya.yadav755@outlook.com,M,1993,Chandigarh,Chandigarh,North,Paid Social,2024-08-07
11756,Karan,Nair,karan.nair756@gmail.com,F,1981,Chennai,Tamil Nadu,South,Organic Search,2024-08-07
11757,Pari,Das,pari.das757@gmail.com,M,1997,Bengaluru,Karnataka,South,Paid Social,2024-08-07
11758,Sai,Shah,sai.shah758@gmail.com,M,1991,Hyderabad,Telangana,South,Organic Search,2024-08-07
11759,Farhan,Yadav,farhan.yadav759@rediffmail.com,M,1994,Delhi,Delhi,North,Paid Social,2024-08-07
11760,Rahul,Kumar,rahul.kumar760@gmail.com,F,1989,Kolkata,West Bengal,East,Email,2024-08-07
11761,Zoya,Sharma,zoya.sharma761@gmail.com,F,1997,Noida,Uttar Pradesh,North,Paid Social,2024-08-07
11762,Ananya,Kumar,ananya.kumar762@outlook.com,M,2004,Chandigarh,Chandigarh,North,Organic Search,2024-08-07
11763,Krishna,Agarwal,krishna.agarwal763@gmail.com,F,1995,Chennai,Tamil Nadu,South,Organic Search,2024-08-08
11764,Pari,Patel,pari.patel764@gmail.com,F,1980,Mumbai,Maharashtra,West,Email,2024-08-08
11765,Kabir,Menon,kabir.menon765@gmail.com,M,1994,Bengaluru,Karnataka,South,Organic Search,2024-08-08
11766,Rahul,Patel,rahul.patel766@gmail.com,F,1995,Ahmedabad,Gujarat,West,Paid Social,2024-08-08
11767,Rahul,Kumar,rahul.kumar767@gmail.com,M,1993,Chennai,Tamil Nadu,South,Referral,2024-08-08
11768,Reyansh,Verma,reyansh.verma768@gmail.com,M,1987,Gurugram,Haryana,North,Organic Search,2024-08-08
11769,Priya,Shah,priya.shah769@gmail.com,M,1993,Delhi,Delhi,North,Referral,2024-08-08
11770,Myra,Iyer,myra.iyer770@yahoo.in,F,2000,Bengaluru,Karnataka,South,Organic Search,2024-08-08
11771,Rahul,Kapoor,rahul.kapoor771@gmail.com,F,1991,Chennai,Tamil Nadu,South,Referral,2024-08-09
11772,Farhan,Khan,farhan.khan772@outlook.com,F,2005,Kochi,Kerala,South,Organic Search,2024-08-09
11773,Priya,Singh,priya.singh773@gmail.com,F,1988,Mumbai,Maharashtra,West,Organic Search,2024-08-09
11774,Diya,Patel,diya.patel774@outlook.com,M,1985,Bengaluru,Karnataka,South,Organic Search,2024-08-09
11775,Lakshmi,Gupta,lakshmi.gupta775@gmail.com,M,1992,Mumbai,Maharashtra,West,Email,2024-08-09
11776,Farhan,Gupta,farhan.gupta776@outlook.com,F,1977,Chandigarh,Chandigarh,North,Paid Social,2024-08-09
11777,Kavya,Kapoor,kavya.kapoor777@outlook.com,F,1993,Delhi,Delhi,North,Email,2024-08-09
11778,Kabir,Rao,kabir.rao778@gmail.com,M,1991,Lucknow,Uttar Pradesh,North,Paid Social,2024-08-09
11779,Vikram,Singh,vikram.singh779@rediffmail.com,F,1999,Gurugram,Haryana,North,Referral,2024-08-09
11780,Farhan,Banerjee,farhan.banerjee780@yahoo.in,F,1980,Lucknow,Uttar Pradesh,North,Paid Social,2024-08-09
11781,Arnav,Patel,arnav.patel781@rediffmail.com,M,2000,Jaipur,Rajasthan,North,Paid Search,2024-08-09
11782,Ishaan,Rao,ishaan.rao782@yahoo.in,M,1995,Chennai,Tamil Nadu,South,Paid Social,2024-08-09
11783,Ananya,Singh,ananya.singh783@outlook.com,F,2006,Noida,Uttar Pradesh,North,Paid Search,2024-08-10
11784,Kavya,Reddy,kavya.reddy784@gmail.com,M,1992,Hyderabad,Telangana,South,Email,2024-08-10
11785,Sneha,Rao,sneha.rao785@gmail.com,M,1996,Chennai,Tamil Nadu,South,Email,2024-08-10
11786,Krishna,Agarwal,krishna.agarwal786@gmail.com,M,1999,Mumbai,Maharashtra,West,Organic Search,2024-08-10
11787,Ishaan,Menon,ishaan.menon787@yahoo.in,F,1977,Bengaluru,Karnataka,South,Email,2024-08-10
11788,Manish,Menon,manish.menon788@gmail.com,M,2002,Chandigarh,Chandigarh,North,Organic Search,2024-08-10
11789,Arnav,Pillai,arnav.pillai789@gmail.com,M,1992,Delhi,Delhi,North,Paid Social,2024-08-10
11790,Kabir,Reddy,kabir.reddy790@gmail.com,F,1983,Bengaluru,Karnataka,South,Referral,2024-08-10
11791,Sneha,Kapoor,sneha.kapoor791@outlook.com,F,1993,Indore,Madhya Pradesh,West,Organic Search,2024-08-10
11792,Nikhil,Malhotra,nikhil.malhotra792@yahoo.in,F,2003,Mumbai,Maharashtra,West,Organic Search,2024-08-11
11793,Isha,Menon,isha.menon793@gmail.com,M,1991,Chennai,Tamil Nadu,South,Referral,2024-08-11
11794,Aadhya,Bose,aadhya.bose794@gmail.com,M,1994,Bengaluru,Karnataka,South,Paid Search,2024-08-11
11795,Nikhil,Kapoor,nikhil.kapoor795@rediffmail.com,F,1977,Mumbai,Maharashtra,West,Paid Social,2024-08-11
11796,Arjun,Khan,arjun.khan796@gmail.com,F,1987,Delhi,Delhi,North,Referral,2024-08-11
11797,Rohan,Kapoor,rohan.kapoor797@gmail.com,F,1999,Chennai,Tamil Nadu,South,Organic Search,2024-08-11
11798,Aarav,Iyer,aarav.iyer798@outlook.com,F,2002,Kolkata,West Bengal,East,Organic Search,2024-08-11
11799,Arnav,Gupta,arnav.gupta799@rediffmail.com,M,1995,Bengaluru,Karnataka,South,Affiliate,2024-08-12
11800,Reyansh,Patel,reyansh.patel800@gmail.com,M,1998,Hyderabad,Telangana,South,Paid Social,2024-08-12
11801,Harpreet,Chopra,harpreet.chopra801@gmail.com,F,1990,Pune,Maharashtra,West,Paid Social,2024-08-12
11802,Kiara,Rao,kiara.rao802@rediffmail.com,M,1994,Lucknow,Uttar Pradesh,North,Paid Search,2024-08-12
11803,Sai,Joshi,sai.joshi803@gmail.com,M,1985,Kochi,Kerala,South,Affiliate,2024-08-12
11804,Pooja,Mehta,pooja.mehta804@gmail.com,F,1990,Bengaluru,Karnataka,South,Organic Search,2024-08-12
11805,Aadhya,Kumar,aadhya.kumar805@yahoo.in,F,1993,Ahmedabad,Gujarat,West,Organic Search,2024-08-12
11806,Neha,Kapoor,neha.kapoor806@gmail.com,F,1981,Bengaluru,Karnataka,South,Paid Search,2024-08-13
11807,Manish,Patel,manish.patel807@gmail.com,M,2006,Pune,Maharashtra,West,Referral,2024-08-13
11808,Karan,Gupta,karan.gupta808@gmail.com,F,1988,Delhi,Delhi,North,Organic Search,2024-08-13
11809,Aarav,Singh,aarav.singh809@gmail.com,M,1995,Bengaluru,Karnataka,South,Paid Search,2024-08-13
11810,Arjun,Sharma,arjun.sharma810@gmail.com,M,1983,Delhi,Delhi,North,Paid Social,2024-08-13
11811,Farhan,Menon,farhan.menon811@gmail.com,F,1969,Noida,Uttar Pradesh,North,Paid Social,2024-08-13
11812,Tanvi,Das,tanvi.das812@gmail.com,F,2006,Gurugram,Haryana,North,Organic Search,2024-08-13
11813,Neha,Bose,neha.bose813@rediffmail.com,M,1994,Mumbai,Maharashtra,West,Paid Social,2024-08-13
11814,Zoya,Mehta,zoya.mehta814@outlook.com,F,1976,Kochi,Kerala,South,Paid Search,2024-08-13
11815,Rohan,Yadav,rohan.yadav815@outlook.com,F,1985,Delhi,Delhi,North,Paid Search,2024-08-14
11816,Kabir,Malhotra,kabir.malhotra816@yahoo.in,M,2006,Mumbai,Maharashtra,West,Organic Search,2024-08-14
11817,Kiara,Reddy,kiara.reddy817@gmail.com,M,1997,Hyderabad,Telangana,South,Affiliate,2024-08-14
11818,Zoya,Gupta,zoya.gupta818@gmail.com,M,1973,Chennai,Tamil Nadu,South,Paid Social,2024-08-14
11819,Manish,Kumar,manish.kumar819@yahoo.in,F,1989,Bengaluru,Karnataka,South,Organic Search,2024-08-14
11820,Ananya,Chopra,ananya.chopra820@rediffmail.com,F,1992,Kolkata,West Bengal,East,Paid Search,2024-08-14
11821,Vikram,Sharma,vikram.sharma821@gmail.com,F,1998,Bengaluru,Karnataka,South,Organic Search,2024-08-14
11822,Isha,Kapoor,isha.kapoor822@yahoo.in,F,1993,Bengaluru,Karnataka,South,Paid Social,2024-08-14
11823,Arnav,Iyer,arnav.iyer823@rediffmail.com,F,1980,Mumbai,Maharashtra,West,Paid Social,2024-08-14
11824,Aman,Yadav,aman.yadav824@gmail.com,M,1988,Jaipur,Rajasthan,North,Organic Search,2024-08-14
11825,Krishna,Singh,krishna.singh825@yahoo.in,F,1986,Mumbai,Maharashtra,West,Affiliate,2024-08-14
11826,Tanvi,Yadav,tanvi.yadav826@rediffmail.com,F,1999,Hyderabad,Telangana,South,Paid Search,2024-08-14
11827,Aarav,Mishra,aarav.mishra827@yahoo.in,M,1989,Bengaluru,Karnataka,South,Organic Search,2024-08-14
11828,Rahul,Joshi,rahul.joshi828@gmail.com,M,1989,Hyderabad,Telangana,South,Organic Search,2024-08-15
11829,Ananya,Mehta,ananya.mehta829@rediffmail.com,M,1991,Bengaluru,Karnataka,South,Organic Search,2024-08-15
11830,Pari,Yadav,pari.yadav830@yahoo.in,F,1987,Bengaluru,Karnataka,South,Email,2024-08-15
11831,Saanvi,Kapoor,saanvi.kapoor831@gmail.com,F,2006,Gurugram,Haryana,North,Paid Social,2024-08-15
11832,Sneha,Khan,sneha.khan832@rediffmail.com,M,2002,Chandigarh,Chandigarh,North,Referral,2024-08-15
11833,Simran,Nair,simran.nair833@gmail.com,M,2003,Ahmedabad,Gujarat,West,Organic Search,2024-08-15
11834,Rahul,Verma,rahul.verma834@outlook.com,F,1984,Delhi,Delhi,North,Paid Search,2024-08-15
11835,Harpreet,Shah,harpreet.shah835@outlook.com,M,1996,Kochi,Kerala,South,Paid Search,2024-08-16
11836,Kavya,Menon,kavya.menon836@gmail.com,M,2000,Lucknow,Uttar Pradesh,North,Paid Search,2024-08-16
11837,Rohan,Mishra,rohan.mishra837@outlook.com,F,1985,Delhi,Delhi,North,Organic Search,2024-08-16
11838,Simran,Sharma,simran.sharma838@gmail.com,M,1984,Bengaluru,Karnataka,South,Organic Search,2024-08-16
11839,Rohan,Banerjee,rohan.banerjee839@rediffmail.com,F,1986,Noida,Uttar Pradesh,North,Affiliate,2024-08-16
11840,Sai,Iyer,sai.iyer840@gmail.com,F,1982,Ahmedabad,Gujarat,West,Paid Social,2024-08-17
11841,Rohan,Banerjee,rohan.banerjee841@gmail.com,F,2002,Lucknow,Uttar Pradesh,North,Organic Search,2024-08-17
11842,Kiara,Verma,kiara.verma842@rediffmail.com,F,2001,Gurugram,Haryana,North,Referral,2024-08-17
11843,Krishna,Khan,krishna.khan843@gmail.com,F,1991,Bengaluru,Karnataka,South,Paid Search,2024-08-17
11844,Pooja,Khan,pooja.khan844@gmail.com,M,1993,Mumbai,Maharashtra,West,Referral,2024-08-18
11845,Pooja,Reddy,pooja.reddy845@yahoo.in,M,1988,Ahmedabad,Gujarat,West,Affiliate,2024-08-18
11846,Nikhil,Chopra,nikhil.chopra846@gmail.com,F,2006,Noida,Uttar Pradesh,North,Organic Search,2024-08-18
11847,Lakshmi,Khan,lakshmi.khan847@gmail.com,F,1990,Ahmedabad,Gujarat,West,Affiliate,2024-08-18
11848,Ishaan,Malhotra,ishaan.malhotra848@gmail.com,M,1989,Mumbai,Maharashtra,West,Organic Search,2024-08-18
11849,Manish,Patel,manish.patel849@gmail.com,F,1992,Delhi,Delhi,North,Paid Search,2024-08-18
11850,Simran,Singh,simran.singh850@gmail.com,F,1983,Bengaluru,Karnataka,South,Paid Social,2024-08-18
11851,Aditya,Nair,aditya.nair851@gmail.com,F,1996,Ahmedabad,Gujarat,West,Paid Social,2024-08-18
11852,Karan,Sharma,karan.sharma852@gmail.com,M,2005,Kochi,Kerala,South,Organic Search,2024-08-18
11853,Ananya,Pillai,ananya.pillai853@gmail.com,M,1992,Hyderabad,Telangana,South,Organic Search,2024-08-18
11854,Aditya,Reddy,aditya.reddy854@gmail.com,F,2000,Ahmedabad,Gujarat,West,Paid Search,2024-08-18
11855,Tanvi,Iyer,tanvi.iyer855@gmail.com,M,1978,Delhi,Delhi,North,Paid Search,2024-08-19
11856,Aditya,Verma,aditya.verma856@yahoo.in,M,1986,Hyderabad,Telangana,South,Paid Search,2024-08-19
11857,Ishaan,Khan,ishaan.khan857@gmail.com,M,1994,Ahmedabad,Gujarat,West,Organic Search,2024-08-19
11858,Tanvi,Sharma,tanvi.sharma858@rediffmail.com,M,1979,Chennai,Tamil Nadu,South,Affiliate,2024-08-19
11859,Arjun,Mehta,arjun.mehta859@gmail.com,F,1996,Ahmedabad,Gujarat,West,Referral,2024-08-19
11860,Farhan,Reddy,farhan.reddy860@gmail.com,F,1991,Delhi,Delhi,North,Affiliate,2024-08-19
11861,Vivaan,Malhotra,vivaan.malhotra861@yahoo.in,F,1996,Hyderabad,Telangana,South,Organic Search,2024-08-19
11862,Aadhya,Menon,aadhya.menon862@gmail.com,F,1992,Hyderabad,Telangana,South,Organic Search,2024-08-19
11863,Ananya,Chopra,ananya.chopra863@gmail.com,M,1992,Delhi,Delhi,North,Paid Social,2024-08-19
11864,Krishna,Kapoor,krishna.kapoor864@gmail.com,F,1973,Bengaluru,Karnataka,South,Paid Social,2024-08-20
11865,Amit,Kumar,amit.kumar865@rediffmail.com,M,1985,Pune,Maharashtra,West,Paid Social,2024-08-20
11866,Rohan,Das,rohan.das866@gmail.com,F,1998,Ahmedabad,Gujarat,West,Organic Search,2024-08-20
11867,Krishna,Kapoor,krishna.kapoor867@gmail.com,M,1982,Chennai,Tamil Nadu,South,Email,2024-08-20
11868,Myra,Das,myra.das868@gmail.com,F,1986,Lucknow,Uttar Pradesh,North,Paid Social,2024-08-20
11869,Neha,Shah,neha.shah869@gmail.com,M,1990,Delhi,Delhi,North,Paid Search,2024-08-20
11870,Karan,Shah,karan.shah870@outlook.com,M,1991,Noida,Uttar Pradesh,North,Paid Social,2024-08-20
11871,Arjun,Agarwal,arjun.agarwal871@outlook.com,M,1999,Kochi,Kerala,South,Organic Search,2024-08-20
11872,Ishaan,Rao,ishaan.rao872@yahoo.in,F,1995,Noida,Uttar Pradesh,North,Organic Search,2024-08-20
11873,Aditya,Nair,aditya.nair873@gmail.com,M,1988,Bengaluru,Karnataka,South,Affiliate,2024-08-20
11874,Zoya,Kapoor,zoya.kapoor874@gmail.com,M,1980,Hyderabad,Telangana,South,Paid Social,2024-08-20
11875,Sneha,Menon,sneha.menon875@gmail.com,M,2006,Hyderabad,Telangana,South,Organic Search,2024-08-20
11876,Kabir,Mishra,kabir.mishra876@gmail.com,F,1994,Delhi,Delhi,North,Paid Search,2024-08-21
11877,Amit,Nair,amit.nair877@gmail.com,F,2001,Delhi,Delhi,North,Organic Search,2024-08-21
11878,Aman,Kumar,aman.kumar878@gmail.com,M,1974,Kolkata,West Bengal,East,Affiliate,2024-08-21
11879,Farhan,Yadav,farhan.yadav879@gmail.com,F,1991,Pune,Maharashtra,West,Referral,2024-08-21
11880,Lakshmi,Sharma,lakshmi.sharma880@yahoo.in,M,1990,Delhi,Delhi,North,Paid Social,2024-08-21
11881,Kabir,Bose,kabir.bose881@gmail.com,M,1990,Delhi,Delhi,North,Affiliate,2024-08-21
11882,Krishna,Reddy,krishna.reddy882@gmail.com,F,2000,Hyderabad,Telangana,South,Paid Search,2024-08-21
11883,Farhan,Bose,farhan.bose883@gmail.com,F,1991,Kochi,Kerala,South,Email,2024-08-21
11884,Lakshmi,Chopra,lakshmi.chopra884@gmail.com,F,1990,Pune,Maharashtra,West,Paid Search,2024-08-21
11885,Ishaan,Gupta,ishaan.gupta885@gmail.com,F,1993,Mumbai,Maharashtra,West,Email,2024-08-21
11886,Nikhil,Yadav,nikhil.yadav886@gmail.com,M,1994,Bengaluru,Karnataka,South,Email,2024-08-22
11887,Sneha,Shah,sneha.shah887@gmail.com,F,1984,Delhi,Delhi,North,Paid Search,2024-08-22
11888,Arnav,Iyer,arnav.iyer888@outlook.com,M,2001,Chennai,Tamil Nadu,South,Organic Search,2024-08-22
11889,Ishaan,Singh,ishaan.singh889@gmail.com,F,1989,Lucknow,Uttar Pradesh,North,Organic Search,2024-08-22
11890,Saanvi,Mishra,saanvi.mishra890@yahoo.in,F,1993,Noida,Uttar Pradesh,North,Paid Search,2024-08-22
11891,Vikram,Banerjee,vikram.banerjee891@rediffmail.com,F,2005,Chandigarh,Chandigarh,North,Organic Search,2024-08-22
11892,Harpreet,Rao,harpreet.rao892@outlook.com,F,2006,Delhi,Delhi,North,Paid Search,2024-08-22
11893,Simran,Kapoor,simran.kapoor893@gmail.com,M,1997,Mumbai,Maharashtra,West,Paid Social,2024-08-23
11894,Neha,Rao,neha.rao894@gmail.com,F,1980,Bengaluru,Karnataka,South,Organic Search,2024-08-23
11895,Pari,Mehta,pari.mehta895@yahoo.in,F,1991,Pune,Maharashtra,West,Email,2024-08-23
11896,Ishaan,Pillai,ishaan.pillai896@gmail.com,M,2006,Bengaluru,Karnataka,South,Organic Search,2024-08-23
11897,Kiara,Gupta,kiara.gupta897@gmail.com,F,1992,Noida,Uttar Pradesh,North,Organic Search,2024-08-23
11898,Manish,Joshi,manish.joshi898@gmail.com,M,2000,Mumbai,Maharashtra,West,Organic Search,2024-08-23
11899,Kabir,Malhotra,kabir.malhotra899@gmail.com,F,2000,Pune,Maharashtra,West,Affiliate,2024-08-23
11900,Deepak,Rao,deepak.rao900@gmail.com,F,1988,Ahmedabad,Gujarat,West,Paid Search,2024-08-23
11901,Diya,Patel,diya.patel901@gmail.com,F,2006,Gurugram,Haryana,North,Organic Search,2024-08-23
11902,Sai,Bose,sai.bose902@yahoo.in,M,1997,Hyderabad,Telangana,South,Organic Search,2024-08-23
11903,Nikhil,Nair,nikhil.nair903@gmail.com,M,1993,Delhi,Delhi,North,Paid Search,2024-08-23
11904,Priya,Chopra,priya.chopra904@gmail.com,F,1992,Delhi,Delhi,North,Affiliate,2024-08-23
11905,Riya,Pillai,riya.pillai905@rediffmail.com,M,1984,Lucknow,Uttar Pradesh,North,Paid Social,2024-08-24
11906,Manish,Sharma,manish.sharma906@yahoo.in,M,1987,Bengaluru,Karnataka,South,Paid Search,2024-08-24
11907,Reyansh,Shah,reyansh.shah907@gmail.com,M,1985,Delhi,Delhi,North,Paid Search,2024-08-24
11908,Amit,Joshi,amit.joshi908@gmail.com,F,2006,Delhi,Delhi,North,Organic Search,2024-08-24
11909,Ananya,Sharma,ananya.sharma909@yahoo.in,F,2002,Pune,Maharashtra,West,Paid Social,2024-08-24
11910,Neha,Chopra,neha.chopra910@yahoo.in,M,1985,Mumbai,Maharashtra,West,Paid Search,2024-08-24
11911,Ananya,Reddy,ananya.reddy911@outlook.com,F,2006,Gurugram,Haryana,North,Referral,2024-08-24
11912,Ishaan,Mishra,ishaan.mishra912@gmail.com,M,2004,Bengaluru,Karnataka,South,Organic Search,2024-08-24
11913,Rahul,Kumar,rahul.kumar913@gmail.com,M,1988,Bengaluru,Karnataka,South,Organic Search,2024-08-25
11914,Kiara,Sharma,kiara.sharma914@gmail.com,F,1998,Delhi,Delhi,North,Paid Social,2024-08-25
11915,Farhan,Agarwal,farhan.agarwal915@rediffmail.com,F,1988,Noida,Uttar Pradesh,North,Referral,2024-08-25
11916,Neha,Verma,neha.verma916@gmail.com,F,2002,Mumbai,Maharashtra,West,Paid Social,2024-08-25
11917,Vikram,Kumar,vikram.kumar917@gmail.com,M,1997,Kolkata,West Bengal,East,Referral,2024-08-25
11918,Nikhil,Das,nikhil.das918@yahoo.in,M,1990,Hyderabad,Telangana,South,Email,2024-08-25
11919,Aditya,Mishra,aditya.mishra919@yahoo.in,M,1984,Chandigarh,Chandigarh,North,Email,2024-08-25
11920,Priya,Kapoor,priya.kapoor920@gmail.com,F,1993,Kolkata,West Bengal,East,Paid Search,2024-08-25
11921,Rahul,Malhotra,rahul.malhotra921@gmail.com,M,1997,Mumbai,Maharashtra,West,Email,2024-08-25
11922,Karan,Joshi,karan.joshi922@outlook.com,M,2004,Mumbai,Maharashtra,West,Paid Social,2024-08-25
11923,Vivaan,Rao,vivaan.rao923@gmail.com,M,1999,Kolkata,West Bengal,East,Paid Social,2024-08-25
11924,Sai,Iyer,sai.iyer924@gmail.com,F,2001,Bengaluru,Karnataka,South,Paid Social,2024-08-25
11925,Simran,Yadav,simran.yadav925@outlook.com,F,1987,Ahmedabad,Gujarat,West,Organic Search,2024-08-25
11926,Farhan,Pillai,farhan.pillai926@gmail.com,F,1978,Indore,Madhya Pradesh,West,Paid Social,2024-08-25
11927,Kiara,Chopra,kiara.chopra927@gmail.com,M,1980,Kolkata,West Bengal,East,Referral,2024-08-25
11928,Aarav,Joshi,aarav.joshi928@gmail.com,M,1991,Gurugram,Haryana,North,Affiliate,2024-08-26
11929,Ananya,Malhotra,ananya.malhotra929@gmail.com,M,1987,Mumbai,Maharashtra,West,Paid Search,2024-08-26
11930,Karan,Chopra,karan.chopra930@gmail.com,M,1993,Mumbai,Maharashtra,West,Affiliate,2024-08-26
11931,Tanvi,Pillai,tanvi.pillai931@gmail.com,F,1999,Kolkata,West Bengal,East,Organic Search,2024-08-26
11932,Simran,Banerjee,simran.banerjee932@gmail.com,F,1999,Delhi,Delhi,North,Affiliate,2024-08-26
11933,Sneha,Iyer,sneha.iyer933@gmail.com,F,1975,Delhi,Delhi,North,Paid Social,2024-08-26
11934,Farhan,Agarwal,farhan.agarwal934@gmail.com,F,2006,Mumbai,Maharashtra,West,Paid Social,2024-08-26
11935,Kabir,Iyer,kabir.iyer935@gmail.com,F,1997,Gurugram,Haryana,North,Paid Social,2024-08-26
11936,Reyansh,Sharma,reyansh.sharma936@gmail.com,F,1996,Bengaluru,Karnataka,South,Affiliate,2024-08-26
11937,Saanvi,Verma,saanvi.verma937@gmail.com,M,1992,Mumbai,Maharashtra,West,Organic Search,2024-08-27
11938,Simran,Sharma,simran.sharma938@gmail.com,F,1991,Chennai,Tamil Nadu,South,Paid Search,2024-08-27
11939,Arnav,Khan,arnav.khan939@gmail.com,M,2002,Bengaluru,Karnataka,South,Email,2024-08-27
11940,Arjun,Pillai,arjun.pillai940@yahoo.in,F,1986,Pune,Maharashtra,West,Organic Search,2024-08-27
11941,Ishaan,Iyer,ishaan.iyer941@gmail.com,M,1996,Chennai,Tamil Nadu,South,Paid Social,2024-08-27
11942,Aditya,Sharma,aditya.sharma942@rediffmail.com,M,2006,Delhi,Delhi,North,Paid Social,2024-08-27
11943,Farhan,Rao,farhan.rao943@gmail.com,F,1995,Ahmedabad,Gujarat,West,Referral,2024-08-27
11944,Aman,Nair,aman.nair944@rediffmail.com,F,1998,Indore,Madhya Pradesh,West,Email,2024-08-28
11945,Deepak,Bose,deepak.bose945@gmail.com,M,1982,Lucknow,Uttar Pradesh,North,Organic Search,2024-08-28
11946,Ishaan,Das,ishaan.das946@gmail.com,M,2000,Delhi,Delhi,North,Paid Social,2024-08-28
11947,Rahul,Rao,rahul.rao947@gmail.com,M,1996,Pune,Maharashtra,West,Paid Social,2024-08-28
11948,Isha,Malhotra,isha.malhotra948@gmail.com,F,1993,Pune,Maharashtra,West,Paid Social,2024-08-28
11949,Manish,Iyer,manish.iyer949@outlook.com,M,1999,Bengaluru,Karnataka,South,Organic Search,2024-08-28
11950,Deepak,Bose,deepak.bose950@gmail.com,M,1984,Noida,Uttar Pradesh,North,Organic Search,2024-08-28
11951,Simran,Kapoor,simran.kapoor951@gmail.com,M,2006,Gurugram,Haryana,North,Paid Social,2024-08-28
11952,Rohan,Kapoor,rohan.kapoor952@yahoo.in,M,2006,Kolkata,West Bengal,East,Organic Search,2024-08-28
11953,Saanvi,Iyer,saanvi.iyer953@gmail.com,M,1989,Delhi,Delhi,North,Paid Social,2024-08-28
11954,Zoya,Iyer,zoya.iyer954@gmail.com,F,2003,Kolkata,West Bengal,East,Organic Search,2024-08-28
11955,Vikram,Iyer,vikram.iyer955@gmail.com,M,1992,Bengaluru,Karnataka,South,Affiliate,2024-08-28
11956,Pooja,Kumar,pooja.kumar956@gmail.com,F,1984,Bengaluru,Karnataka,South,Email,2024-08-29
11957,Arjun,Mishra,arjun.mishra957@yahoo.in,F,2004,Chandigarh,Chandigarh,North,Paid Social,2024-08-29
11958,Kiara,Menon,kiara.menon958@gmail.com,M,1991,Chennai,Tamil Nadu,South,Email,2024-08-29
11959,Manish,Kapoor,manish.kapoor959@outlook.com,M,1998,Kochi,Kerala,South,Affiliate,2024-08-29
11960,Priya,Verma,priya.verma960@gmail.com,M,2006,Bengaluru,Karnataka,South,Referral,2024-08-29
11961,Arnav,Shah,arnav.shah961@gmail.com,M,1998,Bengaluru,Karnataka,South,Paid Social,2024-08-30
11962,Kiara,Kapoor,kiara.kapoor962@gmail.com,M,1995,Pune,Maharashtra,West,Paid Search,2024-08-30
11963,Simran,Verma,simran.verma963@yahoo.in,M,1986,Delhi,Delhi,North,Referral,2024-08-30
11964,Simran,Sharma,simran.sharma964@gmail.com,F,1986,Kolkata,West Bengal,East,Paid Social,2024-08-30
11965,Vikram,Reddy,vikram.reddy965@gmail.com,M,1992,Delhi,Delhi,North,Paid Search,2024-08-30
11966,Aman,Joshi,aman.joshi966@gmail.com,M,1990,Pune,Maharashtra,West,Paid Social,2024-08-31
11967,Vivaan,Nair,vivaan.nair967@gmail.com,F,1999,Mumbai,Maharashtra,West,Organic Search,2024-08-31
11968,Pari,Rao,pari.rao968@outlook.com,F,1985,Hyderabad,Telangana,South,Referral,2024-08-31
11969,Arjun,Pillai,arjun.pillai969@gmail.com,F,1987,Bengaluru,Karnataka,South,Email,2024-08-31
11970,Tanvi,Mehta,tanvi.mehta970@gmail.com,M,1992,Bengaluru,Karnataka,South,Organic Search,2024-08-31
11971,Diya,Das,diya.das971@gmail.com,F,1994,Delhi,Delhi,North,Organic Search,2024-08-31
11972,Amit,Chopra,amit.chopra972@gmail.com,M,1994,Lucknow,Uttar Pradesh,North,Affiliate,2024-08-31
11973,Simran,Gupta,simran.gupta973@yahoo.in,M,1992,Delhi,Delhi,North,Organic Search,2024-08-31
11974,Riya,Sharma,riya.sharma974@gmail.com,M,1987,Kolkata,West Bengal,East,Referral,2024-08-31
11975,Meera,Bose,meera.bose975@outlook.com,F,1998,Delhi,Delhi,North,Paid Social,2024-08-31
11976,Aditya,Singh,aditya.singh976@gmail.com,F,2003,Kolkata,West Bengal,East,Paid Social,2024-08-31
11977,Vikram,Menon,vikram.menon977@gmail.com,F,1996,Delhi,Delhi,North,Organic Search,2024-08-31
11978,Saanvi,Khan,saanvi.khan978@outlook.com,M,1989,Chennai,Tamil Nadu,South,Organic Search,2024-08-31
11979,Manish,Khan,manish.khan979@gmail.com,F,1978,Ahmedabad,Gujarat,West,Paid Social,2024-09-01
11980,Saanvi,Kapoor,saanvi.kapoor980@gmail.com,M,2006,Chennai,Tamil Nadu,South,Paid Search,2024-09-01
11981,Riya,Patel,riya.patel981@outlook.com,M,1992,Bengaluru,Karnataka,South,Referral,2024-09-01
11982,Pooja,Khan,pooja.khan982@outlook.com,F,2004,Hyderabad,Telangana,South,Affiliate,2024-09-01
11983,Saanvi,Mehta,saanvi.mehta983@rediffmail.com,M,2006,Bengaluru,Karnataka,South,Referral,2024-09-01
11984,Rohan,Joshi,rohan.joshi984@gmail.com,M,2000,Lucknow,Uttar Pradesh,North,Paid Search,2024-09-02
11985,Ananya,Shah,ananya.shah985@gmail.com,M,2001,Kolkata,West Bengal,East,Paid Social,2024-09-02
11986,Amit,Menon,amit.menon986@gmail.com,M,2001,Bengaluru,Karnataka,South,Organic Search,2024-09-02
11987,Arnav,Banerjee,arnav.banerjee987@gmail.com,M,1992,Noida,Uttar Pradesh,North,Paid Social,2024-09-02
11988,Manish,Das,manish.das988@gmail.com,F,1984,Jaipur,Rajasthan,North,Paid Search,2024-09-02
11989,Aadhya,Reddy,aadhya.reddy989@outlook.com,M,2000,Pune,Maharashtra,West,Email,2024-09-02
11990,Vivaan,Das,vivaan.das990@gmail.com,F,1981,Chennai,Tamil Nadu,South,Paid Social,2024-09-03
11991,Rohan,Banerjee,rohan.banerjee991@outlook.com,F,1990,Hyderabad,Telangana,South,Organic Search,2024-09-03
11992,Rahul,Verma,rahul.verma992@gmail.com,F,1988,Jaipur,Rajasthan,North,Paid Search,2024-09-03
11993,Kiara,Patel,kiara.patel993@gmail.com,M,1998,Bengaluru,Karnataka,South,Paid Social,2024-09-03
11994,Reyansh,Bose,reyansh.bose994@gmail.com,M,1995,Delhi,Delhi,North,Email,2024-09-03
11995,Krishna,Pillai,krishna.pillai995@gmail.com,F,1988,Chandigarh,Chandigarh,North,Paid Search,2024-09-04
11996,Pooja,Verma,pooja.verma996@gmail.com,M,1990,Chennai,Tamil Nadu,South,Paid Social,2024-09-04
11997,Ananya,Yadav,ananya.yadav997@gmail.com,M,2006,Gurugram,Haryana,North,Organic Search,2024-09-04
11998,Kabir,Singh,kabir.singh998@gmail.com,M,1987,Mumbai,Maharashtra,West,Email,2024-09-04
11999,Myra,Kumar,myra.kumar999@gmail.com,M,1992,Delhi,Delhi,North,Paid Social,2024-09-04
12000,Lakshmi,Verma,lakshmi.verma0@gmail.com,M,1998,Delhi,Delhi,North,Referral,2024-09-04
12001,Simran,Singh,simran.singh1@gmail.com,M,1994,Gurugram,Haryana,North,Paid Search,2024-09-04
12002,Aadhya,Kumar,aadhya.kumar2@gmail.com,M,1998,Delhi,Delhi,North,Affiliate,2024-09-04
12003,Farhan,Yadav,farhan.yadav3@outlook.com,M,2002,Pune,Maharashtra,West,Referral,2024-09-04
12004,Kavya,Banerjee,kavya.banerjee4@outlook.com,F,2005,Kochi,Kerala,South,Organic Search,2024-09-05
12005,Diya,Kumar,diya.kumar5@gmail.com,F,1994,Delhi,Delhi,North,Paid Social,2024-09-05
12006,Aarav,Verma,aarav.verma6@gmail.com,F,1997,Chennai,Tamil Nadu,South,Organic Search,2024-09-05
12007,Kabir,Reddy,kabir.reddy7@gmail.com,F,1995,Bengaluru,Karnataka,South,Referral,2024-09-05
12008,Simran,Banerjee,simran.banerjee8@yahoo.in,M,1986,Gurugram,Haryana,North,Referral,2024-09-05
12009,Sai,Mehta,sai.mehta9@gmail.com,F,1995,Jaipur,Rajasthan,North,Paid Social,2024-09-05
12010,Ananya,Joshi,ananya.joshi10@gmail.com,M,1980,Noida,Uttar Pradesh,North,Paid Search,2024-09-05
12011,Kavya,Patel,kavya.patel11@gmail.com,M,1996,Hyderabad,Telangana,South,Email,2024-09-06
12012,Rohan,Gupta,rohan.gupta12@yahoo.in,F,1976,Bengaluru,Karnataka,South,Email,2024-09-06
12013,Neha,Joshi,neha.joshi13@gmail.com,M,1986,Jaipur,Rajasthan,North,Paid Social,2024-09-06
12014,Arnav,Verma,arnav.verma14@gmail.com,M,2000,Delhi,Delhi,North,Paid Social,2024-09-06
12015,Simran,Yadav,simran.yadav15@gmail.com,M,1997,Gurugram,Haryana,North,Paid Search,2024-09-06
12016,Aadhya,Iyer,aadhya.iyer16@gmail.com,M,1993,Bengaluru,Karnataka,South,Paid Search,2024-09-06
12017,Kabir,Rao,kabir.rao17@gmail.com,M,1990,Delhi,Delhi,North,Affiliate,2024-09-06
12018,Pooja,Rao,pooja.rao18@gmail.com,F,1987,Pune,Maharashtra,West,Referral,2024-09-06
12019,Aadhya,Sharma,aadhya.sharma19@gmail.com,M,1989,Indore,Madhya Pradesh,West,Organic Search,2024-09-06
12020,Riya,Malhotra,riya.malhotra20@gmail.com,M,1999,Bengaluru,Karnataka,South,Paid Search,2024-09-07
12021,Tanvi,Malhotra,tanvi.malhotra21@gmail.com,F,1991,Delhi,Delhi,North,Paid Search,2024-09-07
12022,Kiara,Singh,kiara.singh22@gmail.com,M,1977,Mumbai,Maharashtra,West,Organic Search,2024-09-07
12023,Kiara,Chopra,kiara.chopra23@yahoo.in,F,1984,Mumbai,Maharashtra,West,Affiliate,2024-09-07
12024,Sai,Gupta,sai.gupta24@gmail.com,F,1987,Chennai,Tamil Nadu,South,Organic Search,2024-09-07
12025,Tanvi,Mehta,tanvi.mehta25@yahoo.in,M,1991,Mumbai,Maharashtra,West,Paid Search,2024-09-07
12026,Lakshmi,Kumar,lakshmi.kumar26@outlook.com,M,1991,Mumbai,Maharashtra,West,Email,2024-09-07
12027,Arnav,Nair,arnav.nair27@rediffmail.com,F,1985,Delhi,Delhi,North,Organic Search,2024-09-07
12028,Karan,Mishra,karan.mishra28@gmail.com,M,1998,Bengaluru,Karnataka,South,Paid Search,2024-09-07
12029,Riya,Yadav,riya.yadav29@outlook.com,F,1978,Indore,Madhya Pradesh,West,Paid Social,2024-09-08
12030,Arnav,Shah,arnav.shah30@gmail.com,M,1988,Bengaluru,Karnataka,South,Paid Search,2024-09-08
12031,Rohan,Shah,rohan.shah31@gmail.com,M,2000,Bengaluru,Karnataka,South,Paid Search,2024-09-08
12032,Farhan,Khan,farhan.khan32@gmail.com,M,1998,Chennai,Tamil Nadu,South,Paid Social,2024-09-08
12033,Sai,Mishra,sai.mishra33@gmail.com,M,1991,Chennai,Tamil Nadu,South,Affiliate,2024-09-08
12034,Farhan,Yadav,farhan.yadav34@gmail.com,F,2001,Jaipur,Rajasthan,North,Email,2024-09-08
12035,Rohan,Reddy,rohan.reddy35@outlook.com,M,1996,Gurugram,Haryana,North,Organic Search,2024-09-08
12036,Pooja,Singh,pooja.singh36@gmail.com,M,1994,Kochi,Kerala,South,Paid Social,2024-09-08
12037,Aarav,Das,aarav.das37@gmail.com,F,1998,Bengaluru,Karnataka,South,Paid Social,2024-09-09
12038,Aarav,Rao,aarav.rao38@outlook.com,M,1997,Kolkata,West Bengal,East,Paid Search,2024-09-09
12039,Karan,Gupta,karan.gupta39@gmail.com,F,2004,Pune,Maharashtra,West,Organic Search,2024-09-09
12040,Arnav,Rao,arnav.rao40@outlook.com,M,1991,Kolkata,West Bengal,East,Paid Social,2024-09-09
12041,Sai,Nair,sai.nair41@rediffmail.com,F,1992,Delhi,Delhi,North,Paid Search,2024-09-09
12042,Simran,Mehta,simran.mehta42@gmail.com,M,1995,Indore,Madhya Pradesh,West,Email,2024-09-09
12043,Farhan,Das,farhan.das43@gmail.com,M,1994,Pune,Maharashtra,West,Organic Search,2024-09-10
12044,Riya,Agarwal,riya.agarwal44@gmail.com,M,2006,Delhi,Delhi,North,Organic Search,2024-09-10
12045,Ananya,Nair,ananya.nair45@rediffmail.com,M,1998,Noida,Uttar Pradesh,North,Email,2024-09-10
12046,Arnav,Mehta,arnav.mehta46@gmail.com,F,1988,Gurugram,Haryana,North,Email,2024-09-10
12047,Vikram,Malhotra,vikram.malhotra47@gmail.com,F,1982,Delhi,Delhi,North,Paid Search,2024-09-10
12048,Ishaan,Mishra,ishaan.mishra48@gmail.com,M,2006,Kolkata,West Bengal,East,Referral,2024-09-10
12049,Arnav,Mehta,arnav.mehta49@gmail.com,F,1990,Kolkata,West Bengal,East,Email,2024-09-10
12050,Diya,Singh,diya.singh50@gmail.com,F,1996,Chennai,Tamil Nadu,South,Organic Search,2024-09-10
12051,Neha,Khan,neha.khan51@gmail.com,M,1993,Kolkata,West Bengal,East,Paid Social,2024-09-11
12052,Krishna,Sharma,krishna.sharma52@yahoo.in,M,2000,Chennai,Tamil Nadu,South,Referral,2024-09-11
12053,Myra,Rao,myra.rao53@yahoo.in,M,1989,Kolkata,West Bengal,East,Paid Search,2024-09-11
12054,Karan,Das,karan.das54@gmail.com,M,1994,Noida,Uttar Pradesh,North,Affiliate,2024-09-11
12055,Arnav,Rao,arnav.rao55@yahoo.in,M,1989,Lucknow,Uttar Pradesh,North,Affiliate,2024-09-11
12056,Isha,Singh,isha.singh56@gmail.com,M,2006,Chennai,Tamil Nadu,South,Paid Social,2024-09-11
12057,Vikram,Joshi,vikram.joshi57@gmail.com,M,1987,Pune,Maharashtra,West,Organic Search,2024-09-11
12058,Sai,Kumar,sai.kumar58@gmail.com,F,1998,Bengaluru,Karnataka,South,Email,2024-09-11
12059,Kabir,Khan,kabir.khan59@gmail.com,M,2006,Ahmedabad,Gujarat,West,Paid Social,2024-09-11
12060,Pooja,Verma,pooja.verma60@gmail.com,F,2002,Jaipur,Rajasthan,North,Organic Search,2024-09-11
12061,Vivaan,Khan,vivaan.khan61@gmail.com,F,1993,Jaipur,Rajasthan,North,Referral,2024-09-11
12062,Saanvi,Banerjee,saanvi.banerjee62@gmail.com,F,1995,Bengaluru,Karnataka,South,Paid Social,2024-09-11
12063,Aditya,Singh,aditya.singh63@gmail.com,F,1987,Pune,Maharashtra,West,Organic Search,2024-09-11
12064,Neha,Agarwal,neha.agarwal64@gmail.com,M,2006,Mumbai,Maharashtra,West,Organic Search,2024-09-11
12065,Ananya,Kapoor,ananya.kapoor65@outlook.com,M,1992,Indore,Madhya Pradesh,West,Email,2024-09-11
12066,Ananya,Khan,ananya.khan66@gmail.com,M,1993,Mumbai,Maharashtra,West,Affiliate,2024-09-12
12067,Priya,Khan,priya.khan67@gmail.com,M,1986,Pune,Maharashtra,West,Paid Search,2024-09-12
12068,Krishna,Nair,krishna.nair68@gmail.com,F,1991,Bengaluru,Karnataka,South,Organic Search,2024-09-12
12069,Farhan,Reddy,farhan.reddy69@yahoo.in,F,1994,Mumbai,Maharashtra,West,Paid Search,2024-09-12
12070,Priya,Sharma,priya.sharma70@gmail.com,F,2002,Kolkata,West Bengal,East,Paid Social,2024-09-12
12071,Lakshmi,Mehta,lakshmi.mehta71@gmail.com,F,1996,Pune,Maharashtra,West,Paid Search,2024-09-12
12072,Kabir,Joshi,kabir.joshi72@gmail.com,F,2002,Kolkata,West Bengal,East,Paid Social,2024-09-12
12073,Aditya,Sharma,aditya.sharma73@gmail.com,F,1975,Chennai,Tamil Nadu,South,Organic Search,2024-09-12
12074,Kiara,Nair,kiara.nair74@gmail.com,F,2005,Chennai,Tamil Nadu,South,Referral,2024-09-12
12075,Sai,Chopra,sai.chopra75@gmail.com,F,1983,Hyderabad,Telangana,South,Email,2024-09-12
12076,Myra,Patel,myra.patel76@yahoo.in,F,2000,Indore,Madhya Pradesh,West,Referral,2024-09-13
12077,Farhan,Chopra,farhan.chopra77@gmail.com,F,1969,Pune,Maharashtra,West,Paid Search,2024-09-13
12078,Deepak,Mehta,deepak.mehta78@outlook.com,F,1994,Ahmedabad,Gujarat,West,Paid Social,2024-09-13
12079,Priya,Shah,priya.shah79@gmail.com,F,2001,Noida,Uttar Pradesh,North,Paid Search,2024-09-13
12080,Ishaan,Kumar,ishaan.kumar80@gmail.com,F,1987,Noida,Uttar Pradesh,North,Paid Search,2024-09-13
12081,Myra,Sharma,myra.sharma81@outlook.com,M,1994,Delhi,Delhi,North,Paid Social,2024-09-13
12082,Diya,Nair,diya.nair82@gmail.com,F,2001,Bengaluru,Karnataka,South,Email,2024-09-13
12083,Sai,Kapoor,sai.kapoor83@outlook.com,F,1999,Delhi,Delhi,North,Referral,2024-09-13
12084,Zoya,Shah,zoya.shah84@gmail.com,M,1981,Ahmedabad,Gujarat,West,Organic Search,2024-09-13
12085,Riya,Malhotra,riya.malhotra85@gmail.com,M,2001,Delhi,Delhi,North,Paid Social,2024-09-13
12086,Diya,Malhotra,diya.malhotra86@outlook.com,M,2006,Delhi,Delhi,North,Organic Search,2024-09-13
12087,Neha,Agarwal,neha.agarwal87@gmail.com,F,2003,Pune,Maharashtra,West,Paid Social,2024-09-13
12088,Neha,Menon,neha.menon88@gmail.com,M,1984,Chennai,Tamil Nadu,South,Paid Search,2024-09-13
12089,Isha,Shah,isha.shah89@gmail.com,F,1985,Mumbai,Maharashtra,West,Referral,2024-09-14
12090,Farhan,Malhotra,farhan.malhotra90@gmail.com,M,1994,Kochi,Kerala,South,Affiliate,2024-09-14
12091,Tanvi,Nair,tanvi.nair91@gmail.com,M,1998,Delhi,Delhi,North,Paid Search,2024-09-14
12092,Aarav,Gupta,aarav.gupta92@yahoo.in,F,2000,Mumbai,Maharashtra,West,Email,2024-09-14
12093,Rohan,Kumar,rohan.kumar93@gmail.com,F,1987,Gurugram,Haryana,North,Referral,2024-09-14
12094,Kavya,Rao,kavya.rao94@gmail.com,F,1993,Chandigarh,Chandigarh,North,Paid Social,2024-09-14
12095,Kiara,Verma,kiara.verma95@yahoo.in,M,1987,Delhi,Delhi,North,Paid Social,2024-09-14
12096,Priya,Mishra,priya.mishra96@yahoo.in,M,1985,Delhi,Delhi,North,Paid Search,2024-09-14
12097,Farhan,Mehta,farhan.mehta97@rediffmail.com,M,1997,Bengaluru,Karnataka,South,Organic Search,2024-09-14
12098,Farhan,Yadav,farhan.yadav98@outlook.com,M,1993,Bengaluru,Karnataka,South,Organic Search,2024-09-14
12099,Sneha,Mishra,sneha.mishra99@gmail.com,F,1997,Noida,Uttar Pradesh,North,Paid Social,2024-09-14
12100,Lakshmi,Khan,lakshmi.khan100@gmail.com,F,1989,Kochi,Kerala,South,Organic Search,2024-09-14
12101,Pooja,Banerjee,pooja.banerjee101@yahoo.in,M,1999,Bengaluru,Karnataka,South,Paid Social,2024-09-14
12102,Arnav,Singh,arnav.singh102@gmail.com,F,1984,Chandigarh,Chandigarh,North,Email,2024-09-15
12103,Priya,Menon,priya.menon103@gmail.com,F,1990,Mumbai,Maharashtra,West,Paid Social,2024-09-15
12104,Rohan,Rao,rohan.rao104@outlook.com,F,1985,Jaipur,Rajasthan,North,Organic Search,2024-09-15
12105,Sai,Banerjee,sai.banerjee105@gmail.com,F,1996,Chennai,Tamil Nadu,South,Referral,2024-09-15
12106,Sneha,Singh,sneha.singh106@gmail.com,M,2006,Pune,Maharashtra,West,Organic Search,2024-09-15
12107,Arnav,Mishra,arnav.mishra107@gmail.com,F,1996,Delhi,Delhi,North,Referral,2024-09-15
12108,Kiara,Verma,kiara.verma108@gmail.com,F,1993,Noida,Uttar Pradesh,North,Organic Search,2024-09-15
12109,Riya,Rao,riya.rao109@gmail.com,F,1992,Jaipur,Rajasthan,North,Organic Search,2024-09-15
12110,Amit,Patel,amit.patel110@rediffmail.com,M,1989,Mumbai,Maharashtra,West,Affiliate,2024-09-16
12111,Aman,Malhotra,aman.malhotra111@gmail.com,F,2002,Indore,Madhya Pradesh,West,Paid Search,2024-09-16
12112,Zoya,Gupta,zoya.gupta112@gmail.com,F,1997,Kolkata,West Bengal,East,Organic Search,2024-09-16
12113,Tanvi,Kapoor,tanvi.kapoor113@gmail.com,F,1980,Lucknow,Uttar Pradesh,North,Organic Search,2024-09-16
12114,Pari,Mehta,pari.mehta114@gmail.com,F,2002,Chandigarh,Chandigarh,North,Paid Search,2024-09-16
12115,Kiara,Banerjee,kiara.banerjee115@gmail.com,M,1987,Delhi,Delhi,North,Referral,2024-09-16
12116,Neha,Shah,neha.shah116@gmail.com,F,1988,Mumbai,Maharashtra,West,Organic Search,2024-09-16
12117,Aman,Kumar,aman.kumar117@gmail.com,M,1997,Bengaluru,Karnataka,South,Organic Search,2024-09-16
12118,Vikram,Rao,vikram.rao118@gmail.com,M,1989,Kolkata,West Bengal,East,Email,2024-09-17
12119,Krishna,Chopra,krishna.chopra119@gmail.com,F,2006,Bengaluru,Karnataka,South,Paid Search,2024-09-17
12120,Ananya,Pillai,ananya.pillai120@gmail.com,M,1992,Delhi,Delhi,North,Organic Search,2024-09-17
12121,Aadhya,Rao,aadhya.rao121@gmail.com,F,1999,Chennai,Tamil Nadu,South,Organic Search,2024-09-17
12122,Vikram,Kapoor,vikram.kapoor122@gmail.com,M,1981,Chennai,Tamil Nadu,South,Email,2024-09-17
12123,Farhan,Nair,farhan.nair123@gmail.com,M,1989,Gurugram,Haryana,North,Paid Social,2024-09-17
12124,Reyansh,Patel,reyansh.patel124@gmail.com,F,1992,Kolkata,West Bengal,East,Paid Social,2024-09-17
12125,Nikhil,Rao,nikhil.rao125@gmail.com,M,2001,Bengaluru,Karnataka,South,Paid Social,2024-09-17
12126,Vikram,Chopra,vikram.chopra126@gmail.com,F,1985,Hyderabad,Telangana,South,Paid Social,2024-09-17
12127,Rohan,Yadav,rohan.yadav127@gmail.com,F,2003,Mumbai,Maharashtra,West,Referral,2024-09-17
12128,Reyansh,Pillai,reyansh.pillai128@gmail.com,F,1995,Noida,Uttar Pradesh,North,Email,2024-09-17
12129,Reyansh,Patel,reyansh.patel129@gmail.com,F,1996,Hyderabad,Telangana,South,Paid Social,2024-09-17
12130,Zoya,Iyer,zoya.iyer130@gmail.com,F,1988,Pune,Maharashtra,West,Email,2024-09-18
12131,Kabir,Pillai,kabir.pillai131@gmail.com,F,1986,Kolkata,West Bengal,East,Organic Search,2024-09-18
12132,Ishaan,Das,ishaan.das132@gmail.com,M,1976,Gurugram,Haryana,North,Paid Social,2024-09-18
12133,Kiara,Shah,kiara.shah133@outlook.com,M,1996,Mumbai,Maharashtra,West,Paid Social,2024-09-18
12134,Karan,Pillai,karan.pillai134@yahoo.in,M,1999,Bengaluru,Karnataka,South,Organic Search,2024-09-18
12135,Isha,Das,isha.das135@gmail.com,M,1991,Ahmedabad,Gujarat,West,Organic Search,2024-09-18
12136,Pooja,Kapoor,pooja.kapoor136@gmail.com,M,1981,Mumbai,Maharashtra,West,Organic Search,2024-09-18
12137,Pari,Pillai,pari.pillai137@rediffmail.com,M,1989,Bengaluru,Karnataka,South,Paid Search,2024-09-18
12138,Isha,Das,isha.das138@yahoo.in,F,1996,Bengaluru,Karnataka,South,Referral,2024-09-18
12139,Pooja,Banerjee,pooja.banerjee139@gmail.com,M,1995,Ahmedabad,Gujarat,West,Organic Search,2024-09-18
12140,Karan,Malhotra,karan.malhotra140@gmail.com,F,1999,Chandigarh,Chandigarh,North,Paid Social,2024-09-18
12141,Riya,Reddy,riya.reddy141@outlook.com,M,1981,Indore,Madhya Pradesh,West,Organic Search,2024-09-19
12142,Simran,Rao,simran.rao142@gmail.com,M,1990,Ahmedabad,Gujarat,West,Paid Social,2024-09-19
12143,Saanvi,Nair,saanvi.nair143@gmail.com,M,1993,Hyderabad,Telangana,South,Organic Search,2024-09-19
12144,Sai,Shah,sai.shah144@gmail.com,F,1999,Bengaluru,Karnataka,South,Organic Search,2024-09-19
12145,Arjun,Chopra,arjun.chopra145@gmail.com,F,1989,Pune,Maharashtra,West,Paid Search,2024-09-19
12146,Tanvi,Bose,tanvi.bose146@gmail.com,F,1998,Delhi,Delhi,North,Organic Search,2024-09-19
12147,Isha,Khan,isha.khan147@yahoo.in,M,1986,Gurugram,Haryana,North,Paid Search,2024-09-19
12148,Kiara,Kumar,kiara.kumar148@gmail.com,M,1995,Chandigarh,Chandigarh,North,Paid Social,2024-09-19
12149,Riya,Rao,riya.rao149@gmail.com,F,1991,Indore,Madhya Pradesh,West,Affiliate,2024-09-19
12150,Meera,Malhotra,meera.malhotra150@outlook.com,M,1991,Hyderabad,Telangana,South,Paid Social,2024-09-19
12151,Lakshmi,Singh,lakshmi.singh151@gmail.com,F,2006,Kolkata,West Bengal,East,Paid Social,2024-09-20
12152,Arnav,Shah,arnav.shah152@gmail.com,M,1991,Indore,Madhya Pradesh,West,Paid Social,2024-09-20
12153,Riya,Gupta,riya.gupta153@gmail.com,M,1990,Bengaluru,Karnataka,South,Paid Search,2024-09-20
12154,Meera,Das,meera.das154@gmail.com,M,1982,Bengaluru,Karnataka,South,Paid Social,2024-09-20
12155,Arnav,Singh,arnav.singh155@gmail.com,M,2001,Mumbai,Maharashtra,West,Paid Social,2024-09-20
12156,Krishna,Bose,krishna.bose156@yahoo.in,M,1989,Indore,Madhya Pradesh,West,Paid Social,2024-09-20
12157,Kavya,Banerjee,kavya.banerjee157@gmail.com,M,1993,Mumbai,Maharashtra,West,Referral,2024-09-20
12158,Kiara,Khan,kiara.khan158@gmail.com,M,1987,Mumbai,Maharashtra,West,Paid Search,2024-09-20
12159,Kabir,Yadav,kabir.yadav159@gmail.com,M,1997,Kochi,Kerala,South,Organic Search,2024-09-20
12160,Amit,Banerjee,amit.banerjee160@gmail.com,M,2001,Ahmedabad,Gujarat,West,Paid Social,2024-09-20
12161,Arnav,Joshi,arnav.joshi161@gmail.com,F,2004,Delhi,Delhi,North,Referral,2024-09-20
12162,Reyansh,Chopra,reyansh.chopra162@rediffmail.com,F,1993,Pune,Maharashtra,West,Referral,2024-09-20
12163,Krishna,Shah,krishna.shah163@gmail.com,F,1989,Kolkata,West Bengal,East,Organic Search,2024-09-20
12164,Karan,Banerjee,karan.banerjee164@gmail.com,M,1988,Delhi,Delhi,North,Paid Social,2024-09-21
12165,Meera,Reddy,meera.reddy165@gmail.com,F,1994,Kolkata,West Bengal,East,Affiliate,2024-09-21
12166,Nikhil,Iyer,nikhil.iyer166@gmail.com,F,1996,Kolkata,West Bengal,East,Organic Search,2024-09-21
12167,Arnav,Khan,arnav.khan167@gmail.com,M,1998,Ahmedabad,Gujarat,West,Paid Social,2024-09-21
12168,Farhan,Bose,farhan.bose168@gmail.com,M,1987,Chandigarh,Chandigarh,North,Paid Search,2024-09-21
12169,Aman,Mishra,aman.mishra169@gmail.com,F,1995,Delhi,Delhi,North,Referral,2024-09-21
12170,Sai,Khan,sai.khan170@yahoo.in,M,1985,Delhi,Delhi,North,Paid Search,2024-09-21
12171,Pari,Mehta,pari.mehta171@gmail.com,F,1992,Mumbai,Maharashtra,West,Referral,2024-09-21
12172,Nikhil,Shah,nikhil.shah172@gmail.com,M,2005,Hyderabad,Telangana,South,Organic Search,2024-09-21
12173,Aman,Rao,aman.rao173@rediffmail.com,M,1992,Kolkata,West Bengal,East,Organic Search,2024-09-21
12174,Pari,Sharma,pari.sharma174@gmail.com,F,1986,Gurugram,Haryana,North,Organic Search,2024-09-21
12175,Pooja,Rao,pooja.rao175@gmail.com,M,1996,Pune,Maharashtra,West,Organic Search,2024-09-21
12176,Rohan,Bose,rohan.bose176@gmail.com,M,2001,Pune,Maharashtra,West,Email,2024-09-22
12177,Harpreet,Bose,harpreet.bose177@gmail.com,M,1987,Mumbai,Maharashtra,West,Organic Search,2024-09-22
12178,Rahul,Singh,rahul.singh178@gmail.com,F,1983,Pune,Maharashtra,West,Organic Search,2024-09-22
12179,Arjun,Joshi,arjun.joshi179@gmail.com,F,1987,Kochi,Kerala,South,Email,2024-09-22
12180,Sneha,Bose,sneha.bose180@yahoo.in,M,1990,Mumbai,Maharashtra,West,Paid Search,2024-09-22
12181,Ananya,Shah,ananya.shah181@gmail.com,M,2006,Delhi,Delhi,North,Paid Social,2024-09-22
12182,Priya,Mishra,priya.mishra182@gmail.com,M,1982,Bengaluru,Karnataka,South,Organic Search,2024-09-22
12183,Saanvi,Bose,saanvi.bose183@gmail.com,F,1980,Delhi,Delhi,North,Email,2024-09-22
12184,Simran,Bose,simran.bose184@yahoo.in,F,1996,Kolkata,West Bengal,East,Paid Social,2024-09-22
12185,Simran,Nair,simran.nair185@gmail.com,M,1988,Kolkata,West Bengal,East,Organic Search,2024-09-22
12186,Krishna,Chopra,krishna.chopra186@gmail.com,M,1986,Delhi,Delhi,North,Paid Social,2024-09-22
12187,Aadhya,Sharma,aadhya.sharma187@gmail.com,F,1999,Ahmedabad,Gujarat,West,Paid Search,2024-09-22
12188,Kiara,Singh,kiara.singh188@gmail.com,M,1994,Hyderabad,Telangana,South,Paid Search,2024-09-23
12189,Harpreet,Reddy,harpreet.reddy189@gmail.com,M,2002,Mumbai,Maharashtra,West,Paid Search,2024-09-23
12190,Ananya,Menon,ananya.menon190@gmail.com,M,1999,Pune,Maharashtra,West,Paid Social,2024-09-23
12191,Nikhil,Reddy,nikhil.reddy191@gmail.com,F,1984,Kolkata,West Bengal,East,Paid Social,2024-09-23
12192,Vivaan,Nair,vivaan.nair192@outlook.com,F,1980,Lucknow,Uttar Pradesh,North,Organic Search,2024-09-23
12193,Kavya,Kapoor,kavya.kapoor193@rediffmail.com,M,2002,Pune,Maharashtra,West,Referral,2024-09-23
12194,Saanvi,Sharma,saanvi.sharma194@gmail.com,F,1993,Delhi,Delhi,North,Organic Search,2024-09-23
12195,Ananya,Kumar,ananya.kumar195@yahoo.in,M,2006,Jaipur,Rajasthan,North,Paid Social,2024-09-23
12196,Nikhil,Sharma,nikhil.sharma196@gmail.com,F,2001,Chennai,Tamil Nadu,South,Organic Search,2024-09-23
12197,Vikram,Chopra,vikram.chopra197@yahoo.in,M,2004,Bengaluru,Karnataka,South,Paid Search,2024-09-23
12198,Rahul,Agarwal,rahul.agarwal198@gmail.com,F,1986,Indore,Madhya Pradesh,West,Paid Social,2024-09-23
12199,Deepak,Shah,deepak.shah199@gmail.com,F,1993,Delhi,Delhi,North,Paid Social,2024-09-24
12200,Kiara,Kapoor,kiara.kapoor200@gmail.com,F,2000,Chennai,Tamil Nadu,South,Referral,2024-09-24
12201,Amit,Agarwal,amit.agarwal201@gmail.com,M,1993,Jaipur,Rajasthan,North,Paid Social,2024-09-24
12202,Priya,Kapoor,priya.kapoor202@gmail.com,M,1994,Pune,Maharashtra,West,Email,2024-09-24
12203,Krishna,Yadav,krishna.yadav203@gmail.com,M,1995,Lucknow,Uttar Pradesh,North,Affiliate,2024-09-24
12204,Aadhya,Khan,aadhya.khan204@yahoo.in,F,1988,Pune,Maharashtra,West,Affiliate,2024-09-24
12205,Vikram,Singh,vikram.singh205@outlook.com,M,1986,Ahmedabad,Gujarat,West,Paid Search,2024-09-24
12206,Sai,Malhotra,sai.malhotra206@gmail.com,F,1992,Mumbai,Maharashtra,West,Organic Search,2024-09-24
12207,Riya,Iyer,riya.iyer207@gmail.com,M,1990,Pune,Maharashtra,West,Paid Social,2024-09-24
12208,Pooja,Yadav,pooja.yadav208@yahoo.in,M,1986,Mumbai,Maharashtra,West,Organic Search,2024-09-24
12209,Karan,Khan,karan.khan209@gmail.com,M,1992,Bengaluru,Karnataka,South,Referral,2024-09-25
12210,Aman,Rao,aman.rao210@gmail.com,M,1983,Ahmedabad,Gujarat,West,Organic Search,2024-09-25
12211,Neha,Joshi,neha.joshi211@gmail.com,F,2000,Chennai,Tamil Nadu,South,Referral,2024-09-25
12212,Zoya,Nair,zoya.nair212@gmail.com,M,1998,Delhi,Delhi,North,Organic Search,2024-09-25
12213,Riya,Yadav,riya.yadav213@gmail.com,F,1999,Delhi,Delhi,North,Email,2024-09-25
12214,Kabir,Shah,kabir.shah214@gmail.com,M,1987,Gurugram,Haryana,North,Paid Social,2024-09-25
12215,Ananya,Yadav,ananya.yadav215@gmail.com,F,1986,Delhi,Delhi,North,Organic Search,2024-09-25
12216,Isha,Menon,isha.menon216@yahoo.in,F,2004,Pune,Maharashtra,West,Paid Social,2024-09-25
12217,Arjun,Sharma,arjun.sharma217@outlook.com,M,1992,Noida,Uttar Pradesh,North,Paid Social,2024-09-26
12218,Sneha,Malhotra,sneha.malhotra218@outlook.com,M,1998,Delhi,Delhi,North,Email,2024-09-26
12219,Lakshmi,Banerjee,lakshmi.banerjee219@gmail.com,F,1984,Jaipur,Rajasthan,North,Paid Social,2024-09-26
12220,Aman,Chopra,aman.chopra220@yahoo.in,F,1991,Pune,Maharashtra,West,Paid Social,2024-09-26
12221,Riya,Mehta,riya.mehta221@gmail.com,M,2003,Bengaluru,Karnataka,South,Paid Search,2024-09-26
12222,Ishaan,Shah,ishaan.shah222@gmail.com,M,1995,Mumbai,Maharashtra,West,Referral,2024-09-26
12223,Aman,Kapoor,aman.kapoor223@gmail.com,M,1992,Kolkata,West Bengal,East,Organic Search,2024-09-26
12224,Reyansh,Bose,reyansh.bose224@gmail.com,F,1998,Noida,Uttar Pradesh,North,Affiliate,2024-09-26
12225,Kiara,Rao,kiara.rao225@gmail.com,F,1996,Pune,Maharashtra,West,Paid Social,2024-09-26
12226,Deepak,Gupta,deepak.gupta226@outlook.com,M,2006,Lucknow,Uttar Pradesh,North,Email,2024-09-26
12227,Farhan,Kumar,farhan.kumar227@gmail.com,F,1994,Hyderabad,Telangana,South,Referral,2024-09-26
12228,Reyansh,Shah,reyansh.shah228@gmail.com,M,1999,Gurugram,Haryana,North,Organic Search,2024-09-26
12229,Rahul,Verma,rahul.verma229@yahoo.in,F,1992,Kolkata,West Bengal,East,Paid Search,2024-09-27
12230,Manish,Agarwal,manish.agarwal230@yahoo.in,F,1986,Bengaluru,Karnataka,South,Organic Search,2024-09-27
12231,Isha,Chopra,isha.chopra231@gmail.com,F,1997,Ahmedabad,Gujarat,West,Organic Search,2024-09-27
12232,Pooja,Agarwal,pooja.agarwal232@gmail.com,M,1982,Pune,Maharashtra,West,Organic Search,2024-09-27
12233,Myra,Menon,myra.menon233@yahoo.in,F,2001,Mumbai,Maharashtra,West,Referral,2024-09-27
12234,Neha,Banerjee,neha.banerjee234@gmail.com,F,1983,Delhi,Delhi,North,Paid Social,2024-09-27
12235,Rahul,Chopra,rahul.chopra235@gmail.com,M,1986,Kochi,Kerala,South,Paid Social,2024-09-27
12236,Ishaan,Sharma,ishaan.sharma236@rediffmail.com,M,1986,Hyderabad,Telangana,South,Paid Social,2024-09-27
12237,Deepak,Nair,deepak.nair237@yahoo.in,M,1998,Delhi,Delhi,North,Organic Search,2024-09-27
12238,Harpreet,Reddy,harpreet.reddy238@gmail.com,F,1985,Delhi,Delhi,North,Paid Search,2024-09-27
12239,Sai,Kapoor,sai.kapoor239@outlook.com,F,1998,Jaipur,Rajasthan,North,Paid Search,2024-09-27
12240,Krishna,Nair,krishna.nair240@gmail.com,M,1988,Hyderabad,Telangana,South,Email,2024-09-27
12241,Karan,Iyer,karan.iyer241@gmail.com,F,1993,Pune,Maharashtra,West,Paid Social,2024-09-27
12242,Kiara,Mehta,kiara.mehta242@gmail.com,M,1989,Bengaluru,Karnataka,South,Organic Search,2024-09-28
12243,Tanvi,Chopra,tanvi.chopra243@gmail.com,M,2006,Delhi,Delhi,North,Paid Social,2024-09-28
12244,Vivaan,Pillai,vivaan.pillai244@gmail.com,M,1980,Kochi,Kerala,South,Paid Social,2024-09-28
12245,Farhan,Menon,farhan.menon245@gmail.com,M,1997,Gurugram,Haryana,North,Organic Search,2024-09-28
12246,Aarav,Mehta,aarav.mehta246@gmail.com,M,1993,Chandigarh,Chandigarh,North,Organic Search,2024-09-28
12247,Ishaan,Malhotra,ishaan.malhotra247@gmail.com,M,1987,Kolkata,West Bengal,East,Organic Search,2024-09-28
12248,Riya,Das,riya.das248@yahoo.in,F,1997,Bengaluru,Karnataka,South,Referral,2024-09-28
12249,Saanvi,Chopra,saanvi.chopra249@gmail.com,F,1986,Pune,Maharashtra,West,Referral,2024-09-29
12250,Rohan,Reddy,rohan.reddy250@outlook.com,F,1985,Chennai,Tamil Nadu,South,Paid Social,2024-09-29
12251,Arnav,Patel,arnav.patel251@outlook.com,M,1984,Delhi,Delhi,North,Organic Search,2024-09-29
12252,Vikram,Bose,vikram.bose252@outlook.com,M,1994,Delhi,Delhi,North,Paid Search,2024-09-29
12253,Diya,Rao,diya.rao253@gmail.com,M,1989,Gurugram,Haryana,North,Paid Search,2024-09-29
12254,Nikhil,Bose,nikhil.bose254@gmail.com,M,1987,Lucknow,Uttar Pradesh,North,Paid Search,2024-09-29
12255,Reyansh,Agarwal,reyansh.agarwal255@gmail.com,M,1996,Bengaluru,Karnataka,South,Paid Social,2024-09-29
12256,Neha,Das,neha.das256@outlook.com,F,2002,Pune,Maharashtra,West,Organic Search,2024-09-29
12257,Ishaan,Bose,ishaan.bose257@yahoo.in,M,1982,Mumbai,Maharashtra,West,Organic Search,2024-09-29
12258,Meera,Patel,meera.patel258@gmail.com,F,1996,Hyderabad,Telangana,South,Paid Social,2024-09-30
12259,Ananya,Sharma,ananya.sharma259@yahoo.in,M,1998,Chandigarh,Chandigarh,North,Organic Search,2024-09-30
12260,Kabir,Patel,kabir.patel260@gmail.com,M,2004,Delhi,Delhi,North,Paid Social,2024-09-30
12261,Ananya,Pillai,ananya.pillai261@gmail.com,F,1991,Mumbai,Maharashtra,West,Referral,2024-09-30
12262,Aman,Rao,aman.rao262@gmail.com,M,2006,Hyderabad,Telangana,South,Paid Social,2024-09-30
12263,Harpreet,Agarwal,harpreet.agarwal263@gmail.com,F,1998,Pune,Maharashtra,West,Affiliate,2024-09-30
12264,Rohan,Bose,rohan.bose264@gmail.com,M,1978,Kolkata,West Bengal,East,Paid Social,2024-09-30
12265,Krishna,Patel,krishna.patel265@gmail.com,M,1996,Chennai,Tamil Nadu,South,Referral,2024-09-30
12266,Pooja,Bose,pooja.bose266@gmail.com,F,1993,Hyderabad,Telangana,South,Paid Social,2024-10-01
12267,Karan,Mehta,karan.mehta267@gmail.com,M,2001,Hyderabad,Telangana,South,Referral,2024-10-01
12268,Simran,Mishra,simran.mishra268@gmail.com,F,2003,Ahmedabad,Gujarat,West,Paid Search,2024-10-01
12269,Aman,Sharma,aman.sharma269@outlook.com,M,1986,Kochi,Kerala,South,Paid Search,2024-10-01
12270,Zoya,Agarwal,zoya.agarwal270@outlook.com,F,2001,Ahmedabad,Gujarat,West,Paid Search,2024-10-01
12271,Vivaan,Pillai,vivaan.pillai271@gmail.com,M,1992,Mumbai,Maharashtra,West,Paid Social,2024-10-01
12272,Aditya,Joshi,aditya.joshi272@gmail.com,M,1988,Noida,Uttar Pradesh,North,Paid Search,2024-10-01
12273,Ishaan,Mishra,ishaan.mishra273@gmail.com,M,2005,Hyderabad,Telangana,South,Affiliate,2024-10-02
12274,Pari,Reddy,pari.reddy274@gmail.com,M,1990,Mumbai,Maharashtra,West,Paid Social,2024-10-02
12275,Riya,Das,riya.das275@yahoo.in,F,1994,Hyderabad,Telangana,South,Paid Search,2024-10-02
12276,Harpreet,Das,harpreet.das276@gmail.com,M,1993,Kolkata,West Bengal,East,Paid Social,2024-10-02
12277,Nikhil,Joshi,nikhil.joshi277@gmail.com,M,1998,Mumbai,Maharashtra,West,Referral,2024-10-02
12278,Harpreet,Iyer,harpreet.iyer278@gmail.com,M,2004,Mumbai,Maharashtra,West,Referral,2024-10-02
12279,Pari,Rao,pari.rao279@outlook.com,M,2006,Gurugram,Haryana,North,Paid Social,2024-10-03
12280,Karan,Gupta,karan.gupta280@gmail.com,M,2001,Pune,Maharashtra,West,Organic Search,2024-10-03
12281,Reyansh,Sharma,reyansh.sharma281@outlook.com,M,1980,Bengaluru,Karnataka,South,Email,2024-10-03
12282,Sai,Singh,sai.singh282@gmail.com,M,2005,Chandigarh,Chandigarh,North,Email,2024-10-03
12283,Simran,Mehta,simran.mehta283@gmail.com,F,1998,Pune,Maharashtra,West,Email,2024-10-03
12284,Kiara,Sharma,kiara.sharma284@gmail.com,M,2002,Pune,Maharashtra,West,Paid Social,2024-10-03
12285,Riya,Malhotra,riya.malhotra285@gmail.com,F,1991,Jaipur,Rajasthan,North,Organic Search,2024-10-03
12286,Kavya,Kumar,kavya.kumar286@gmail.com,M,1993,Delhi,Delhi,North,Affiliate,2024-10-03
12287,Sneha,Agarwal,sneha.agarwal287@gmail.com,F,2001,Noida,Uttar Pradesh,North,Organic Search,2024-10-04
12288,Sai,Kapoor,sai.kapoor288@gmail.com,M,2006,Hyderabad,Telangana,South,Organic Search,2024-10-04
12289,Meera,Mishra,meera.mishra289@gmail.com,M,1995,Jaipur,Rajasthan,North,Paid Social,2024-10-04
12290,Aman,Khan,aman.khan290@gmail.com,F,1984,Delhi,Delhi,North,Paid Search,2024-10-04
12291,Diya,Khan,diya.khan291@gmail.com,M,1998,Mumbai,Maharashtra,West,Referral,2024-10-04
12292,Kiara,Das,kiara.das292@gmail.com,M,1992,Bengaluru,Karnataka,South,Paid Social,2024-10-05
12293,Karan,Singh,karan.singh293@gmail.com,M,1985,Hyderabad,Telangana,South,Organic Search,2024-10-05
12294,Riya,Patel,riya.patel294@gmail.com,M,1992,Mumbai,Maharashtra,West,Paid Social,2024-10-05
12295,Ishaan,Reddy,ishaan.reddy295@gmail.com,M,1997,Ahmedabad,Gujarat,West,Email,2024-10-05
12296,Aditya,Chopra,aditya.chopra296@outlook.com,F,2002,Bengaluru,Karnataka,South,Email,2024-10-05
12297,Karan,Sharma,karan.sharma297@gmail.com,F,1990,Chennai,Tamil Nadu,South,Organic Search,2024-10-05
12298,Aarav,Menon,aarav.menon298@yahoo.in,F,1990,Bengaluru,Karnataka,South,Paid Search,2024-10-05
12299,Priya,Gupta,priya.gupta299@gmail.com,F,1993,Bengaluru,Karnataka,South,Organic Search,2024-10-05
12300,Aadhya,Nair,aadhya.nair300@outlook.com,F,2006,Delhi,Delhi,North,Referral,2024-10-05
12301,Isha,Nair,isha.nair301@gmail.com,F,2004,Mumbai,Maharashtra,West,Paid Social,2024-10-05
12302,Harpreet,Mishra,harpreet.mishra302@outlook.com,M,1998,Chennai,Tamil Nadu,South,Paid Social,2024-10-05
12303,Deepak,Malhotra,deepak.malhotra303@outlook.com,F,1998,Gurugram,Haryana,North,Paid Search,2024-10-06
12304,Tanvi,Shah,tanvi.shah304@gmail.com,F,1991,Jaipur,Rajasthan,North,Referral,2024-10-06
12305,Pari,Yadav,pari.yadav305@gmail.com,M,2000,Bengaluru,Karnataka,South,Referral,2024-10-06
12306,Vikram,Bose,vikram.bose306@gmail.com,M,1986,Kochi,Kerala,South,Paid Social,2024-10-06
12307,Reyansh,Singh,reyansh.singh307@gmail.com,M,1997,Delhi,Delhi,North,Organic Search,2024-10-06
12308,Manish,Chopra,manish.chopra308@gmail.com,F,1977,Chennai,Tamil Nadu,South,Paid Search,2024-10-06
12309,Harpreet,Chopra,harpreet.chopra309@gmail.com,M,1980,Noida,Uttar Pradesh,North,Email,2024-10-06
12310,Saanvi,Iyer,saanvi.iyer310@gmail.com,F,1978,Chennai,Tamil Nadu,South,Paid Social,2024-10-06
12311,Aarav,Sharma,aarav.sharma311@gmail.com,F,2006,Chennai,Tamil Nadu,South,Referral,2024-10-07
12312,Harpreet,Sharma,harpreet.sharma312@gmail.com,F,1992,Hyderabad,Telangana,South,Paid Search,2024-10-07
12313,Vivaan,Das,vivaan.das313@gmail.com,M,1983,Kochi,Kerala,South,Paid Search,2024-10-07
12314,Sai,Agarwal,sai.agarwal314@gmail.com,F,2006,Kolkata,West Bengal,East,Organic Search,2024-10-07
12315,Aarav,Kumar,aarav.kumar315@gmail.com,M,1987,Kochi,Kerala,South,Paid Search,2024-10-07
12316,Krishna,Shah,krishna.shah316@gmail.com,F,1998,Pune,Maharashtra,West,Organic Search,2024-10-07
12317,Lakshmi,Iyer,lakshmi.iyer317@outlook.com,F,1987,Mumbai,Maharashtra,West,Paid Social,2024-10-08
12318,Neha,Pillai,neha.pillai318@yahoo.in,M,2000,Delhi,Delhi,North,Paid Search,2024-10-08
12319,Krishna,Verma,krishna.verma319@rediffmail.com,F,1993,Noida,Uttar Pradesh,North,Referral,2024-10-08
12320,Kavya,Sharma,kavya.sharma320@gmail.com,M,1988,Bengaluru,Karnataka,South,Paid Search,2024-10-08
12321,Kiara,Joshi,kiara.joshi321@gmail.com,M,1983,Delhi,Delhi,North,Organic Search,2024-10-08
12322,Nikhil,Singh,nikhil.singh322@gmail.com,M,1988,Kolkata,West Bengal,East,Organic Search,2024-10-09
12323,Amit,Malhotra,amit.malhotra323@gmail.com,M,1985,Noida,Uttar Pradesh,North,Organic Search,2024-10-09
12324,Sai,Das,sai.das324@outlook.com,F,1979,Delhi,Delhi,North,Paid Social,2024-10-09
12325,Nikhil,Patel,nikhil.patel325@gmail.com,F,1999,Lucknow,Uttar Pradesh,North,Paid Social,2024-10-09
12326,Kavya,Menon,kavya.menon326@rediffmail.com,F,2002,Delhi,Delhi,North,Paid Social,2024-10-09
12327,Manish,Das,manish.das327@outlook.com,M,1988,Gurugram,Haryana,North,Email,2024-10-09
12328,Farhan,Gupta,farhan.gupta328@gmail.com,M,1977,Ahmedabad,Gujarat,West,Organic Search,2024-10-09
12329,Meera,Singh,meera.singh329@gmail.com,F,1996,Jaipur,Rajasthan,North,Paid Search,2024-10-09
12330,Riya,Iyer,riya.iyer330@gmail.com,F,1995,Hyderabad,Telangana,South,Organic Search,2024-10-10
12331,Kavya,Joshi,kavya.joshi331@yahoo.in,M,1985,Mumbai,Maharashtra,West,Organic Search,2024-10-10
12332,Sneha,Khan,sneha.khan332@gmail.com,M,1993,Bengaluru,Karnataka,South,Paid Search,2024-10-10
12333,Lakshmi,Mehta,lakshmi.mehta333@gmail.com,F,1971,Bengaluru,Karnataka,South,Paid Social,2024-10-10
12334,Myra,Gupta,myra.gupta334@outlook.com,F,1994,Delhi,Delhi,North,Referral,2024-10-10
12335,Aadhya,Reddy,aadhya.reddy335@yahoo.in,F,1992,Delhi,Delhi,North,Paid Search,2024-10-10
12336,Sai,Gupta,sai.gupta336@outlook.com,F,2004,Chennai,Tamil Nadu,South,Paid Search,2024-10-10
12337,Priya,Joshi,priya.joshi337@gmail.com,F,1996,Bengaluru,Karnataka,South,Email,2024-10-10
12338,Vikram,Verma,vikram.verma338@yahoo.in,M,1994,Gurugram,Haryana,North,Referral,2024-10-10
12339,Kiara,Bose,kiara.bose339@gmail.com,F,2006,Bengaluru,Karnataka,South,Paid Social,2024-10-10
12340,Reyansh,Joshi,reyansh.joshi340@gmail.com,M,1987,Chandigarh,Chandigarh,North,Paid Search,2024-10-10
12341,Isha,Iyer,isha.iyer341@gmail.com,F,1982,Delhi,Delhi,North,Paid Search,2024-10-11
12342,Pooja,Iyer,pooja.iyer342@gmail.com,M,2001,Noida,Uttar Pradesh,North,Referral,2024-10-11
12343,Sai,Sharma,sai.sharma343@gmail.com,F,2002,Hyderabad,Telangana,South,Organic Search,2024-10-11
12344,Amit,Sharma,amit.sharma344@gmail.com,F,2002,Mumbai,Maharashtra,West,Paid Social,2024-10-11
12345,Myra,Rao,myra.rao345@outlook.com,F,1992,Ahmedabad,Gujarat,West,Organic Search,2024-10-11
12346,Pooja,Joshi,pooja.joshi346@rediffmail.com,M,1988,Delhi,Delhi,North,Paid Social,2024-10-11
12347,Aarav,Singh,aarav.singh347@gmail.com,M,1984,Delhi,Delhi,North,Paid Social,2024-10-11
12348,Simran,Agarwal,simran.agarwal348@gmail.com,M,1986,Lucknow,Uttar Pradesh,North,Organic Search,2024-10-11
12349,Myra,Menon,myra.menon349@gmail.com,F,1981,Pune,Maharashtra,West,Paid Search,2024-10-11
12350,Kiara,Rao,kiara.rao350@gmail.com,M,1990,Chennai,Tamil Nadu,South,Organic Search,2024-10-11
12351,Sai,Yadav,sai.yadav351@outlook.com,M,2006,Hyderabad,Telangana,South,Referral,2024-10-11
12352,Isha,Pillai,isha.pillai352@outlook.com,F,1989,Gurugram,Haryana,North,Email,2024-10-11
12353,Myra,Shah,myra.shah353@rediffmail.com,F,1995,Delhi,Delhi,North,Paid Search,2024-10-11
12354,Aditya,Khan,aditya.khan354@gmail.com,M,1998,Noida,Uttar Pradesh,North,Organic Search,2024-10-11
12355,Pooja,Kapoor,pooja.kapoor355@yahoo.in,M,1991,Chennai,Tamil Nadu,South,Email,2024-10-11
12356,Diya,Bose,diya.bose356@gmail.com,M,1991,Pune,Maharashtra,West,Email,2024-10-12
12357,Pari,Nair,pari.nair357@yahoo.in,M,2004,Hyderabad,Telangana,South,Referral,2024-10-12
12358,Arjun,Verma,arjun.verma358@gmail.com,F,1995,Mumbai,Maharashtra,West,Paid Search,2024-10-12
12359,Karan,Banerjee,karan.banerjee359@gmail.com,M,2003,Indore,Madhya Pradesh,West,Organic Search,2024-10-12
12360,Reyansh,Kumar,reyansh.kumar360@rediffmail.com,F,2006,Indore,Madhya Pradesh,West,Affiliate,2024-10-12
12361,Pooja,Mishra,pooja.mishra361@gmail.com,F,1987,Bengaluru,Karnataka,South,Paid Social,2024-10-12
12362,Isha,Pillai,isha.pillai362@outlook.com,F,1992,Pune,Maharashtra,West,Paid Search,2024-10-12
12363,Riya,Yadav,riya.yadav363@gmail.com,M,1992,Lucknow,Uttar Pradesh,North,Referral,2024-10-12
12364,Kiara,Nair,kiara.nair364@outlook.com,M,1990,Mumbai,Maharashtra,West,Paid Social,2024-10-12
12365,Meera,Khan,meera.khan365@outlook.com,F,1990,Kolkata,West Bengal,East,Organic Search,2024-10-12
12366,Deepak,Patel,deepak.patel366@gmail.com,F,2005,Jaipur,Rajasthan,North,Affiliate,2024-10-12
12367,Ananya,Mehta,ananya.mehta367@gmail.com,M,1994,Bengaluru,Karnataka,South,Paid Social,2024-10-12
12368,Sai,Sharma,sai.sharma368@yahoo.in,M,2006,Kolkata,West Bengal,East,Organic Search,2024-10-12
12369,Vikram,Nair,vikram.nair369@gmail.com,F,1990,Ahmedabad,Gujarat,West,Organic Search,2024-10-12
12370,Reyansh,Mishra,reyansh.mishra370@gmail.com,M,2006,Pune,Maharashtra,West,Paid Social,2024-10-12
12371,Rohan,Malhotra,rohan.malhotra371@gmail.com,M,2006,Delhi,Delhi,North,Paid Social,2024-10-13
12372,Farhan,Kapoor,farhan.kapoor372@gmail.com,M,1993,Hyderabad,Telangana,South,Organic Search,2024-10-13
12373,Tanvi,Bose,tanvi.bose373@gmail.com,M,1997,Kochi,Kerala,South,Paid Social,2024-10-13
12374,Aarav,Verma,aarav.verma374@gmail.com,M,2001,Kolkata,West Bengal,East,Paid Search,2024-10-13
12375,Pooja,Mehta,pooja.mehta375@gmail.com,F,1989,Noida,Uttar Pradesh,North,Paid Search,2024-10-13
12376,Meera,Iyer,meera.iyer376@rediffmail.com,F,2006,Kochi,Kerala,South,Affiliate,2024-10-13
12377,Aadhya,Gupta,aadhya.gupta377@gmail.com,M,1987,Mumbai,Maharashtra,West,Paid Search,2024-10-13
12378,Riya,Patel,riya.patel378@gmail.com,F,1989,Indore,Madhya Pradesh,West,Email,2024-10-13
12379,Nikhil,Sharma,nikhil.sharma379@yahoo.in,M,1989,Noida,Uttar Pradesh,North,Paid Search,2024-10-13
12380,Karan,Patel,karan.patel380@yahoo.in,M,1995,Lucknow,Uttar Pradesh,North,Organic Search,2024-10-13
12381,Ananya,Rao,ananya.rao381@gmail.com,M,1996,Indore,Madhya Pradesh,West,Organic Search,2024-10-13
12382,Diya,Reddy,diya.reddy382@gmail.com,M,1988,Pune,Maharashtra,West,Affiliate,2024-10-14
12383,Amit,Agarwal,amit.agarwal383@gmail.com,M,1993,Kolkata,West Bengal,East,Organic Search,2024-10-14
12384,Sai,Iyer,sai.iyer384@rediffmail.com,F,1985,Lucknow,Uttar Pradesh,North,Organic Search,2024-10-14
12385,Kiara,Verma,kiara.verma385@outlook.com,F,2003,Chennai,Tamil Nadu,South,Paid Search,2024-10-14
12386,Manish,Pillai,manish.pillai386@gmail.com,M,1999,Mumbai,Maharashtra,West,Paid Social,2024-10-14
12387,Karan,Kumar,karan.kumar387@gmail.com,M,1991,Delhi,Delhi,North,Paid Search,2024-10-14
12388,Harpreet,Menon,harpreet.menon388@yahoo.in,M,1992,Lucknow,Uttar Pradesh,North,Organic Search,2024-10-14
12389,Aadhya,Banerjee,aadhya.banerjee389@outlook.com,F,1988,Hyderabad,Telangana,South,Paid Social,2024-10-15
12390,Riya,Verma,riya.verma390@gmail.com,M,1986,Hyderabad,Telangana,South,Email,2024-10-15
12391,Riya,Patel,riya.patel391@rediffmail.com,M,1985,Delhi,Delhi,North,Email,2024-10-15
12392,Ishaan,Nair,ishaan.nair392@yahoo.in,M,1986,Mumbai,Maharashtra,West,Affiliate,2024-10-15
12393,Rohan,Joshi,rohan.joshi393@gmail.com,F,2001,Pune,Maharashtra,West,Paid Search,2024-10-15
12394,Isha,Rao,isha.rao394@gmail.com,M,2002,Indore,Madhya Pradesh,West,Organic Search,2024-10-15
12395,Karan,Iyer,karan.iyer395@gmail.com,M,1983,Bengaluru,Karnataka,South,Organic Search,2024-10-15
12396,Nikhil,Iyer,nikhil.iyer396@yahoo.in,F,1999,Chennai,Tamil Nadu,South,Email,2024-10-15
12397,Manish,Shah,manish.shah397@gmail.com,M,1984,Jaipur,Rajasthan,North,Referral,2024-10-15
12398,Sai,Kumar,sai.kumar398@yahoo.in,M,2000,Delhi,Delhi,North,Paid Social,2024-10-15
12399,Karan,Agarwal,karan.agarwal399@outlook.com,F,1994,Gurugram,Haryana,North,Paid Social,2024-10-15
12400,Kavya,Kumar,kavya.kumar400@yahoo.in,F,1989,Kolkata,West Bengal,East,Paid Search,2024-10-16
12401,Krishna,Reddy,krishna.reddy401@gmail.com,F,1997,Ahmedabad,Gujarat,West,Paid Social,2024-10-16
12402,Kavya,Chopra,kavya.chopra402@gmail.com,M,2004,Noida,Uttar Pradesh,North,Paid Search,2024-10-16
12403,Simran,Gupta,simran.gupta403@gmail.com,M,1979,Hyderabad,Telangana,South,Paid Search,2024-10-16
12404,Krishna,Singh,krishna.singh404@gmail.com,F,2003,Ahmedabad,Gujarat,West,Organic Search,2024-10-16
12405,Rohan,Mishra,rohan.mishra405@gmail.com,F,1987,Mumbai,Maharashtra,West,Organic Search,2024-10-16
12406,Ishaan,Gupta,ishaan.gupta406@gmail.com,M,2005,Delhi,Delhi,North,Organic Search,2024-10-16
12407,Arjun,Singh,arjun.singh407@gmail.com,F,2000,Hyderabad,Telangana,South,Affiliate,2024-10-16
12408,Pari,Agarwal,pari.agarwal408@gmail.com,M,1985,Bengaluru,Karnataka,South,Affiliate,2024-10-16
12409,Isha,Mehta,isha.mehta409@gmail.com,M,1989,Lucknow,Uttar Pradesh,North,Referral,2024-10-16
12410,Priya,Nair,priya.nair410@outlook.com,F,1997,Lucknow,Uttar Pradesh,North,Referral,2024-10-16
12411,Simran,Kapoor,simran.kapoor411@gmail.com,M,2001,Jaipur,Rajasthan,North,Organic Search,2024-10-16
12412,Isha,Yadav,isha.yadav412@gmail.com,F,1997,Bengaluru,Karnataka,South,Organic Search,2024-10-17
12413,Ishaan,Gupta,ishaan.gupta413@outlook.com,M,1997,Jaipur,Rajasthan,North,Organic Search,2024-10-17
12414,Tanvi,Joshi,tanvi.joshi414@gmail.com,F,1988,Chandigarh,Chandigarh,North,Organic Search,2024-10-17
12415,Karan,Shah,karan.shah415@gmail.com,M,1994,Mumbai,Maharashtra,West,Referral,2024-10-17
12416,Priya,Singh,priya.singh416@gmail.com,M,1993,Kolkata,West Bengal,East,Organic Search,2024-10-17
12417,Karan,Banerjee,karan.banerjee417@gmail.com,M,1981,Mumbai,Maharashtra,West,Affiliate,2024-10-17
12418,Ishaan,Kumar,ishaan.kumar418@yahoo.in,M,1996,Mumbai,Maharashtra,West,Paid Social,2024-10-17
12419,Zoya,Singh,zoya.singh419@outlook.com,M,1991,Pune,Maharashtra,West,Organic Search,2024-10-17
12420,Ananya,Yadav,ananya.yadav420@yahoo.in,F,2005,Bengaluru,Karnataka,South,Referral,2024-10-17
12421,Vivaan,Rao,vivaan.rao421@gmail.com,M,2003,Chennai,Tamil Nadu,South,Referral,2024-10-17
12422,Kiara,Singh,kiara.singh422@gmail.com,F,1995,Kolkata,West Bengal,East,Paid Social,2024-10-17
12423,Kabir,Nair,kabir.nair423@gmail.com,M,2002,Pune,Maharashtra,West,Organic Search,2024-10-17
12424,Rahul,Iyer,rahul.iyer424@gmail.com,F,1998,Mumbai,Maharashtra,West,Paid Search,2024-10-17
12425,Priya,Shah,priya.shah425@outlook.com,M,1993,Chandigarh,Chandigarh,North,Paid Social,2024-10-17
12426,Lakshmi,Iyer,lakshmi.iyer426@gmail.com,M,1982,Hyderabad,Telangana,South,Referral,2024-10-18
12427,Kiara,Gupta,kiara.gupta427@gmail.com,M,1992,Bengaluru,Karnataka,South,Paid Search,2024-10-18
12428,Arjun,Menon,arjun.menon428@yahoo.in,M,1991,Mumbai,Maharashtra,West,Email,2024-10-18
12429,Rahul,Verma,rahul.verma429@gmail.com,M,1993,Pune,Maharashtra,West,Organic Search,2024-10-18
12430,Aman,Menon,aman.menon430@rediffmail.com,M,1992,Noida,Uttar Pradesh,North,Affiliate,2024-10-18
12431,Ananya,Nair,ananya.nair431@rediffmail.com,F,2002,Bengaluru,Karnataka,South,Organic Search,2024-10-18
12432,Aadhya,Pillai,aadhya.pillai432@gmail.com,M,2003,Lucknow,Uttar Pradesh,North,Referral,2024-10-18
12433,Ishaan,Khan,ishaan.khan433@outlook.com,F,1990,Mumbai,Maharashtra,West,Organic Search,2024-10-18
12434,Riya,Patel,riya.patel434@rediffmail.com,M,1983,Delhi,Delhi,North,Referral,2024-10-19
12435,Krishna,Khan,krishna.khan435@outlook.com,M,1986,Noida,Uttar Pradesh,North,Email,2024-10-19
12436,Ananya,Kumar,ananya.kumar436@outlook.com,M,2003,Noida,Uttar Pradesh,North,Paid Search,2024-10-19
12437,Arjun,Joshi,arjun.joshi437@gmail.com,F,2001,Bengaluru,Karnataka,South,Organic Search,2024-10-19
12438,Myra,Verma,myra.verma438@gmail.com,F,1984,Bengaluru,Karnataka,South,Affiliate,2024-10-19
12439,Harpreet,Patel,harpreet.patel439@outlook.com,M,1982,Pune,Maharashtra,West,Affiliate,2024-10-19
12440,Isha,Verma,isha.verma440@gmail.com,F,1989,Mumbai,Maharashtra,West,Referral,2024-10-19
12441,Sai,Malhotra,sai.malhotra441@outlook.com,M,2006,Chennai,Tamil Nadu,South,Paid Search,2024-10-19
12442,Farhan,Shah,farhan.shah442@gmail.com,F,1997,Chennai,Tamil Nadu,South,Organic Search,2024-10-19
12443,Pari,Verma,pari.verma443@gmail.com,F,1992,Indore,Madhya Pradesh,West,Paid Search,2024-10-19
12444,Krishna,Malhotra,krishna.malhotra444@outlook.com,F,1992,Bengaluru,Karnataka,South,Referral,2024-10-19
12445,Aarav,Joshi,aarav.joshi445@gmail.com,F,1978,Hyderabad,Telangana,South,Organic Search,2024-10-19
12446,Saanvi,Kumar,saanvi.kumar446@gmail.com,F,1991,Bengaluru,Karnataka,South,Organic Search,2024-10-20
12447,Krishna,Pillai,krishna.pillai447@yahoo.in,M,2003,Noida,Uttar Pradesh,North,Email,2024-10-20
12448,Amit,Bose,amit.bose448@gmail.com,F,1990,Pune,Maharashtra,West,Paid Social,2024-10-20
12449,Isha,Shah,isha.shah449@outlook.com,F,1992,Gurugram,Haryana,North,Paid Social,2024-10-20
12450,Meera,Verma,meera.verma450@outlook.com,F,1996,Hyderabad,Telangana,South,Affiliate,2024-10-20
12451,Ananya,Kumar,ananya.kumar451@gmail.com,M,1985,Bengaluru,Karnataka,South,Paid Social,2024-10-20
12452,Arjun,Khan,arjun.khan452@gmail.com,F,1996,Kolkata,West Bengal,East,Paid Search,2024-10-20
12453,Sai,Bose,sai.bose453@gmail.com,M,1987,Delhi,Delhi,North,Email,2024-10-20
12454,Arjun,Kumar,arjun.kumar454@yahoo.in,M,1990,Pune,Maharashtra,West,Affiliate,2024-10-20
12455,Ananya,Nair,ananya.nair455@gmail.com,F,1990,Bengaluru,Karnataka,South,Organic Search,2024-10-20
12456,Nikhil,Mehta,nikhil.mehta456@gmail.com,M,1990,Chennai,Tamil Nadu,South,Paid Search,2024-10-20
12457,Amit,Rao,amit.rao457@outlook.com,M,1994,Chennai,Tamil Nadu,South,Paid Search,2024-10-21
12458,Pari,Patel,pari.patel458@gmail.com,M,1993,Noida,Uttar Pradesh,North,Organic Search,2024-10-21
12459,Kabir,Iyer,kabir.iyer459@outlook.com,F,1992,Kolkata,West Bengal,East,Organic Search,2024-10-21
12460,Krishna,Singh,krishna.singh460@gmail.com,M,1994,Kolkata,West Bengal,East,Organic Search,2024-10-21
12461,Reyansh,Patel,reyansh.patel461@outlook.com,M,1986,Kolkata,West Bengal,East,Paid Social,2024-10-21
12462,Ananya,Shah,ananya.shah462@gmail.com,F,1976,Indore,Madhya Pradesh,West,Organic Search,2024-10-21
12463,Neha,Agarwal,neha.agarwal463@gmail.com,M,1993,Chennai,Tamil Nadu,South,Email,2024-10-21
12464,Pooja,Yadav,pooja.yadav464@gmail.com,M,1988,Delhi,Delhi,North,Paid Social,2024-10-21
12465,Deepak,Shah,deepak.shah465@yahoo.in,M,1997,Lucknow,Uttar Pradesh,North,Paid Search,2024-10-21
12466,Kavya,Joshi,kavya.joshi466@gmail.com,M,1989,Delhi,Delhi,North,Referral,2024-10-21
12467,Ananya,Kumar,ananya.kumar467@yahoo.in,F,1978,Pune,Maharashtra,West,Paid Social,2024-10-21
12468,Riya,Bose,riya.bose468@outlook.com,M,1993,Kolkata,West Bengal,East,Referral,2024-10-21
12469,Reyansh,Menon,reyansh.menon469@yahoo.in,F,2002,Bengaluru,Karnataka,South,Email,2024-10-21
12470,Zoya,Patel,zoya.patel470@gmail.com,M,1996,Mumbai,Maharashtra,West,Referral,2024-10-21
12471,Deepak,Bose,deepak.bose471@outlook.com,M,1982,Hyderabad,Telangana,South,Referral,2024-10-21
12472,Vikram,Das,vikram.das472@yahoo.in,M,1988,Ahmedabad,Gujarat,West,Referral,2024-10-22
12473,Amit,Shah,amit.shah473@yahoo.in,F,1990,Mumbai,Maharashtra,West,Paid Search,2024-10-22
12474,Pari,Patel,pari.patel474@outlook.com,F,1992,Bengaluru,Karnataka,South,Paid Social,2024-10-22
12475,Arnav,Rao,arnav.rao475@gmail.com,M,1989,Pune,Maharashtra,West,Paid Social,2024-10-22
12476,Kavya,Gupta,kavya.gupta476@gmail.com,F,1979,Bengaluru,Karnataka,South,Affiliate,2024-10-22
12477,Nikhil,Shah,nikhil.shah477@gmail.com,F,1992,Hyderabad,Telangana,South,Paid Social,2024-10-22
12478,Arjun,Banerjee,arjun.banerjee478@yahoo.in,M,2005,Mumbai,Maharashtra,West,Organic Search,2024-10-22
12479,Arnav,Joshi,arnav.joshi479@gmail.com,F,1988,Mumbai,Maharashtra,West,Paid Search,2024-10-22
12480,Aman,Agarwal,aman.agarwal480@yahoo.in,M,1984,Ahmedabad,Gujarat,West,Paid Search,2024-10-22
12481,Pari,Patel,pari.patel481@gmail.com,M,2005,Kochi,Kerala,South,Paid Search,2024-10-22
12482,Ananya,Agarwal,ananya.agarwal482@gmail.com,M,2006,Mumbai,Maharashtra,West,Paid Social,2024-10-22
12483,Farhan,Gupta,farhan.gupta483@gmail.com,M,1990,Chennai,Tamil Nadu,South,Affiliate,2024-10-22
12484,Vikram,Mehta,vikram.mehta484@gmail.com,F,1995,Indore,Madhya Pradesh,West,Paid Search,2024-10-23
12485,Farhan,Nair,farhan.nair485@gmail.com,F,1995,Delhi,Delhi,North,Affiliate,2024-10-23
12486,Manish,Mehta,manish.mehta486@gmail.com,F,2001,Pune,Maharashtra,West,Referral,2024-10-23
12487,Pari,Chopra,pari.chopra487@gmail.com,M,1985,Noida,Uttar Pradesh,North,Organic Search,2024-10-23
12488,Simran,Malhotra,simran.malhotra488@yahoo.in,F,1993,Gurugram,Haryana,North,Paid Search,2024-10-23
12489,Priya,Patel,priya.patel489@gmail.com,M,1985,Lucknow,Uttar Pradesh,North,Email,2024-10-23
12490,Harpreet,Shah,harpreet.shah490@gmail.com,F,1996,Bengaluru,Karnataka,South,Referral,2024-10-23
12491,Kabir,Rao,kabir.rao491@gmail.com,M,2006,Bengaluru,Karnataka,South,Organic Search,2024-10-23
12492,Aman,Singh,aman.singh492@gmail.com,F,1996,Pune,Maharashtra,West,Paid Social,2024-10-23
12493,Nikhil,Singh,nikhil.singh493@outlook.com,M,1987,Pune,Maharashtra,West,Organic Search,2024-10-23
12494,Priya,Banerjee,priya.banerjee494@rediffmail.com,M,2001,Mumbai,Maharashtra,West,Paid Social,2024-10-23
12495,Lakshmi,Menon,lakshmi.menon495@gmail.com,F,1989,Chennai,Tamil Nadu,South,Organic Search,2024-10-24
12496,Myra,Yadav,myra.yadav496@gmail.com,M,1997,Kolkata,West Bengal,East,Paid Search,2024-10-24
12497,Riya,Reddy,riya.reddy497@yahoo.in,F,1987,Hyderabad,Telangana,South,Paid Search,2024-10-24
12498,Rahul,Khan,rahul.khan498@rediffmail.com,F,1983,Jaipur,Rajasthan,North,Paid Social,2024-10-24
12499,Reyansh,Nair,reyansh.nair499@gmail.com,M,1987,Kochi,Kerala,South,Organic Search,2024-10-24
12500,Diya,Bose,diya.bose500@yahoo.in,F,1972,Hyderabad,Telangana,South,Referral,2024-10-24
12501,Aman,Agarwal,aman.agarwal501@gmail.com,F,1985,Delhi,Delhi,North,Referral,2024-10-24
12502,Neha,Mehta,neha.mehta502@gmail.com,F,2006,Mumbai,Maharashtra,West,Paid Social,2024-10-25
12503,Harpreet,Nair,harpreet.nair503@gmail.com,M,1971,Chandigarh,Chandigarh,North,Email,2024-10-25
12504,Reyansh,Shah,reyansh.shah504@gmail.com,M,1981,Bengaluru,Karnataka,South,Referral,2024-10-25
12505,Farhan,Banerjee,farhan.banerjee505@gmail.com,F,2006,Pune,Maharashtra,West,Organic Search,2024-10-25
12506,Arnav,Yadav,arnav.yadav506@gmail.com,F,1986,Lucknow,Uttar Pradesh,North,Organic Search,2024-10-25
12507,Manish,Sharma,manish.sharma507@gmail.com,M,1990,Lucknow,Uttar Pradesh,North,Paid Social,2024-10-25
12508,Riya,Mehta,riya.mehta508@gmail.com,M,1993,Mumbai,Maharashtra,West,Referral,2024-10-25
12509,Priya,Khan,priya.khan509@gmail.com,F,1980,Bengaluru,Karnataka,South,Affiliate,2024-10-25
12510,Aditya,Sharma,aditya.sharma510@gmail.com,F,2002,Pune,Maharashtra,West,Organic Search,2024-10-25
12511,Rohan,Verma,rohan.verma511@gmail.com,M,1993,Lucknow,Uttar Pradesh,North,Organic Search,2024-10-25
12512,Meera,Chopra,meera.chopra512@gmail.com,F,1988,Indore,Madhya Pradesh,West,Referral,2024-10-25
12513,Arnav,Agarwal,arnav.agarwal513@gmail.com,M,2001,Kolkata,West Bengal,East,Email,2024-10-25
12514,Farhan,Patel,farhan.patel514@outlook.com,M,1983,Gurugram,Haryana,North,Paid Search,2024-10-25
12515,Vikram,Yadav,vikram.yadav515@yahoo.in,M,1994,Pune,Maharashtra,West,Paid Social,2024-10-25
12516,Harpreet,Reddy,harpreet.reddy516@gmail.com,M,1985,Mumbai,Maharashtra,West,Email,2024-10-25
12517,Aadhya,Verma,aadhya.verma517@outlook.com,M,1983,Noida,Uttar Pradesh,North,Paid Search,2024-10-25
12518,Saanvi,Banerjee,saanvi.banerjee518@gmail.com,M,2006,Chennai,Tamil Nadu,South,Referral,2024-10-25
12519,Arjun,Gupta,arjun.gupta519@gmail.com,M,1995,Kolkata,West Bengal,East,Affiliate,2024-10-25
12520,Karan,Mehta,karan.mehta520@yahoo.in,M,2001,Mumbai,Maharashtra,West,Organic Search,2024-10-25
12521,Ishaan,Sharma,ishaan.sharma521@rediffmail.com,F,1989,Mumbai,Maharashtra,West,Organic Search,2024-10-25
12522,Diya,Mishra,diya.mishra522@gmail.com,M,1985,Delhi,Delhi,North,Affiliate,2024-10-26
12523,Arjun,Rao,arjun.rao523@gmail.com,F,1969,Indore,Madhya Pradesh,West,Paid Search,2024-10-26
12524,Simran,Sharma,simran.sharma524@yahoo.in,F,1991,Delhi,Delhi,North,Organic Search,2024-10-26
12525,Rohan,Shah,rohan.shah525@gmail.com,F,1980,Pune,Maharashtra,West,Paid Social,2024-10-26
12526,Arnav,Iyer,arnav.iyer526@outlook.com,M,1994,Gurugram,Haryana,North,Paid Social,2024-10-26
12527,Kabir,Joshi,kabir.joshi527@gmail.com,M,1983,Bengaluru,Karnataka,South,Organic Search,2024-10-26
12528,Arjun,Malhotra,arjun.malhotra528@rediffmail.com,M,1997,Kochi,Kerala,South,Referral,2024-10-26
12529,Manish,Banerjee,manish.banerjee529@gmail.com,M,2006,Delhi,Delhi,North,Organic Search,2024-10-26
12530,Diya,Malhotra,diya.malhotra530@outlook.com,F,2006,Hyderabad,Telangana,South,Organic Search,2024-10-26
12531,Nikhil,Singh,nikhil.singh531@yahoo.in,F,1996,Chennai,Tamil Nadu,South,Organic Search,2024-10-26
12532,Sai,Iyer,sai.iyer532@rediffmail.com,F,1993,Gurugram,Haryana,North,Paid Social,2024-10-26
12533,Ishaan,Rao,ishaan.rao533@gmail.com,F,1988,Kochi,Kerala,South,Email,2024-10-26
12534,Myra,Kumar,myra.kumar534@gmail.com,M,1987,Bengaluru,Karnataka,South,Paid Social,2024-10-26
12535,Farhan,Iyer,farhan.iyer535@gmail.com,F,1986,Pune,Maharashtra,West,Email,2024-10-26
12536,Aarav,Reddy,aarav.reddy536@outlook.com,M,2005,Bengaluru,Karnataka,South,Organic Search,2024-10-26
12537,Karan,Singh,karan.singh537@gmail.com,F,1990,Jaipur,Rajasthan,North,Paid Search,2024-10-26
12538,Zoya,Yadav,zoya.yadav538@gmail.com,F,2006,Delhi,Delhi,North,Paid Search,2024-10-26
12539,Sai,Menon,sai.menon539@gmail.com,F,1986,Mumbai,Maharashtra,West,Referral,2024-10-27
12540,Isha,Reddy,isha.reddy540@yahoo.in,M,1992,Bengaluru,Karnataka,South,Paid Social,2024-10-27
12541,Deepak,Mishra,deepak.mishra541@yahoo.in,F,1983,Kochi,Kerala,South,Referral,2024-10-27
12542,Amit,Joshi,amit.joshi542@gmail.com,F,1998,Mumbai,Maharashtra,West,Paid Search,2024-10-27
12543,Farhan,Patel,farhan.patel543@gmail.com,F,1992,Lucknow,Uttar Pradesh,North,Affiliate,2024-10-27
12544,Riya,Shah,riya.shah544@gmail.com,F,1993,Delhi,Delhi,North,Referral,2024-10-27
12545,Kiara,Singh,kiara.singh545@rediffmail.com,M,1991,Kolkata,West Bengal,East,Email,2024-10-27
12546,Nikhil,Gupta,nikhil.gupta546@outlook.com,M,1998,Lucknow,Uttar Pradesh,North,Organic Search,2024-10-27
12547,Deepak,Banerjee,deepak.banerjee547@gmail.com,F,1999,Kochi,Kerala,South,Organic Search,2024-10-27
12548,Aadhya,Mishra,aadhya.mishra548@gmail.com,F,2000,Gurugram,Haryana,North,Paid Social,2024-10-27
12549,Vivaan,Iyer,vivaan.iyer549@gmail.com,M,1986,Delhi,Delhi,North,Paid Social,2024-10-27
12550,Zoya,Agarwal,zoya.agarwal550@yahoo.in,F,1996,Noida,Uttar Pradesh,North,Referral,2024-10-27
12551,Aadhya,Mishra,aadhya.mishra551@outlook.com,F,1990,Pune,Maharashtra,West,Organic Search,2024-10-27
12552,Karan,Joshi,karan.joshi552@gmail.com,M,2004,Mumbai,Maharashtra,West,Paid Social,2024-10-27
12553,Krishna,Singh,krishna.singh553@gmail.com,M,1995,Kochi,Kerala,South,Organic Search,2024-10-27
12554,Rohan,Shah,rohan.shah554@gmail.com,M,1996,Ahmedabad,Gujarat,West,Paid Social,2024-10-27
12555,Farhan,Kapoor,farhan.kapoor555@gmail.com,M,1991,Delhi,Delhi,North,Organic Search,2024-10-27
12556,Vivaan,Verma,vivaan.verma556@rediffmail.com,F,1987,Bengaluru,Karnataka,South,Email,2024-10-27
12557,Neha,Chopra,neha.chopra557@outlook.com,M,1994,Mumbai,Maharashtra,West,Organic Search,2024-10-27
12558,Farhan,Mishra,farhan.mishra558@gmail.com,F,2003,Bengaluru,Karnataka,South,Paid Social,2024-10-27
12559,Priya,Chopra,priya.chopra559@gmail.com,F,1987,Hyderabad,Telangana,South,Organic Search,2024-10-27
12560,Krishna,Kumar,krishna.kumar560@gmail.com,F,2004,Kolkata,West Bengal,East,Organic Search,2024-10-28
12561,Karan,Shah,karan.shah561@gmail.com,F,1998,Ahmedabad,Gujarat,West,Paid Social,2024-10-28
12562,Sai,Nair,sai.nair562@yahoo.in,F,1977,Mumbai,Maharashtra,West,Organic Search,2024-10-28
12563,Pooja,Sharma,pooja.sharma563@gmail.com,F,1986,Mumbai,Maharashtra,West,Paid Social,2024-10-28
12564,Kiara,Singh,kiara.singh564@gmail.com,M,2006,Mumbai,Maharashtra,West,Organic Search,2024-10-28
12565,Amit,Mehta,amit.mehta565@gmail.com,F,1993,Mumbai,Maharashtra,West,Referral,2024-10-28
12566,Lakshmi,Joshi,lakshmi.joshi566@gmail.com,M,1986,Delhi,Delhi,North,Email,2024-10-28
12567,Arnav,Malhotra,arnav.malhotra567@gmail.com,M,1987,Lucknow,Uttar Pradesh,North,Referral,2024-10-28
12568,Nikhil,Kumar,nikhil.kumar568@gmail.com,M,1992,Kolkata,West Bengal,East,Organic Search,2024-10-28
12569,Neha,Gupta,neha.gupta569@gmail.com,M,2001,Kochi,Kerala,South,Paid Social,2024-10-28
12570,Zoya,Reddy,zoya.reddy570@outlook.com,M,1991,Delhi,Delhi,North,Organic Search,2024-10-28
12571,Sai,Verma,sai.verma571@gmail.com,F,1987,Kolkata,West Bengal,East,Paid Search,2024-10-28
12572,Ananya,Verma,ananya.verma572@gmail.com,F,1975,Hyderabad,Telangana,South,Referral,2024-10-28
12573,Priya,Malhotra,priya.malhotra573@gmail.com,F,1986,Delhi,Delhi,North,Organic Search,2024-10-28
12574,Simran,Iyer,simran.iyer574@yahoo.in,M,1988,Kochi,Kerala,South,Organic Search,2024-10-28
12575,Myra,Singh,myra.singh575@gmail.com,F,1996,Kolkata,West Bengal,East,Referral,2024-10-28
12576,Kiara,Kumar,kiara.kumar576@gmail.com,F,1997,Bengaluru,Karnataka,South,Paid Search,2024-10-28
12577,Kavya,Bose,kavya.bose577@gmail.com,F,2005,Hyderabad,Telangana,South,Organic Search,2024-10-28
12578,Manish,Pillai,manish.pillai578@outlook.com,M,1984,Chandigarh,Chandigarh,North,Affiliate,2024-10-28
12579,Vivaan,Verma,vivaan.verma579@gmail.com,F,1995,Ahmedabad,Gujarat,West,Organic Search,2024-10-28
12580,Sneha,Malhotra,sneha.malhotra580@gmail.com,M,1995,Bengaluru,Karnataka,South,Referral,2024-10-28
12581,Tanvi,Malhotra,tanvi.malhotra581@gmail.com,M,1986,Ahmedabad,Gujarat,West,Organic Search,2024-10-28
12582,Vikram,Rao,vikram.rao582@gmail.com,M,2001,Jaipur,Rajasthan,North,Affiliate,2024-10-28
12583,Kavya,Bose,kavya.bose583@outlook.com,M,2006,Bengaluru,Karnataka,South,Referral,2024-10-29
12584,Lakshmi,Rao,lakshmi.rao584@outlook.com,F,1994,Chennai,Tamil Nadu,South,Organic Search,2024-10-29
12585,Ananya,Pillai,ananya.pillai585@yahoo.in,F,1990,Chennai,Tamil Nadu,South,Affiliate,2024-10-29
12586,Deepak,Gupta,deepak.gupta586@gmail.com,F,2005,Delhi,Delhi,North,Organic Search,2024-10-29
12587,Kiara,Yadav,kiara.yadav587@outlook.com,M,1997,Mumbai,Maharashtra,West,Email,2024-10-29
12588,Aarav,Patel,aarav.patel588@gmail.com,F,1984,Delhi,Delhi,North,Paid Social,2024-10-29
12589,Pari,Agarwal,pari.agarwal589@gmail.com,F,1992,Bengaluru,Karnataka,South,Organic Search,2024-10-29
12590,Kabir,Agarwal,kabir.agarwal590@gmail.com,F,1991,Lucknow,Uttar Pradesh,North,Paid Social,2024-10-29
12591,Deepak,Joshi,deepak.joshi591@gmail.com,F,1987,Kolkata,West Bengal,East,Organic Search,2024-10-29
12592,Vikram,Joshi,vikram.joshi592@gmail.com,F,1987,Indore,Madhya Pradesh,West,Paid Social,2024-10-29
12593,Aadhya,Yadav,aadhya.yadav593@gmail.com,M,1988,Mumbai,Maharashtra,West,Paid Social,2024-10-30
12594,Aarav,Malhotra,aarav.malhotra594@outlook.com,M,2000,Bengaluru,Karnataka,South,Paid Search,2024-10-30
12595,Pari,Reddy,pari.reddy595@gmail.com,M,1991,Noida,Uttar Pradesh,North,Referral,2024-10-30
12596,Aadhya,Verma,aadhya.verma596@outlook.com,M,1994,Delhi,Delhi,North,Affiliate,2024-10-30
12597,Isha,Singh,isha.singh597@gmail.com,M,2001,Delhi,Delhi,North,Paid Social,2024-10-30
12598,Ishaan,Das,ishaan.das598@gmail.com,F,1991,Ahmedabad,Gujarat,West,Paid Social,2024-10-30
12599,Amit,Rao,amit.rao599@gmail.com,F,1984,Chennai,Tamil Nadu,South,Organic Search,2024-10-30
12600,Rahul,Banerjee,rahul.banerjee600@yahoo.in,F,2001,Noida,Uttar Pradesh,North,Affiliate,2024-10-30
12601,Nikhil,Bose,nikhil.bose601@gmail.com,M,1990,Hyderabad,Telangana,South,Email,2024-10-30
12602,Pooja,Pillai,pooja.pillai602@gmail.com,F,2006,Delhi,Delhi,North,Affiliate,2024-10-30
12603,Riya,Pillai,riya.pillai603@gmail.com,F,2002,Mumbai,Maharashtra,West,Referral,2024-10-30
12604,Ishaan,Yadav,ishaan.yadav604@yahoo.in,F,1998,Bengaluru,Karnataka,South,Paid Search,2024-10-30
12605,Reyansh,Gupta,reyansh.gupta605@gmail.com,F,1995,Hyderabad,Telangana,South,Organic Search,2024-10-31
12606,Amit,Chopra,amit.chopra606@gmail.com,F,2002,Kolkata,West Bengal,East,Paid Social,2024-10-31
12607,Manish,Nair,manish.nair607@outlook.com,F,1995,Bengaluru,Karnataka,South,Organic Search,2024-10-31
12608,Myra,Bose,myra.bose608@rediffmail.com,F,1976,Mumbai,Maharashtra,West,Paid Social,2024-10-31
12609,Riya,Kapoor,riya.kapoor609@yahoo.in,M,1993,Delhi,Delhi,North,Paid Search,2024-10-31
12610,Manish,Rao,manish.rao610@gmail.com,M,1998,Jaipur,Rajasthan,North,Referral,2024-10-31
12611,Arjun,Agarwal,arjun.agarwal611@yahoo.in,F,1985,Kochi,Kerala,South,Paid Social,2024-10-31
12612,Aditya,Yadav,aditya.yadav612@gmail.com,M,2006,Ahmedabad,Gujarat,West,Organic Search,2024-10-31
12613,Meera,Khan,meera.khan613@gmail.com,M,1992,Mumbai,Maharashtra,West,Referral,2024-10-31
12614,Simran,Kapoor,simran.kapoor614@gmail.com,F,1998,Lucknow,Uttar Pradesh,North,Paid Search,2024-10-31
12615,Meera,Gupta,meera.gupta615@rediffmail.com,M,2003,Delhi,Delhi,North,Organic Search,2024-10-31
12616,Manish,Reddy,manish.reddy616@gmail.com,F,1998,Hyderabad,Telangana,South,Paid Search,2024-10-31
12617,Vivaan,Yadav,vivaan.yadav617@gmail.com,M,1993,Mumbai,Maharashtra,West,Organic Search,2024-10-31
12618,Amit,Patel,amit.patel618@gmail.com,F,1997,Kolkata,West Bengal,East,Paid Search,2024-10-31
12619,Nikhil,Sharma,nikhil.sharma619@gmail.com,F,1992,Mumbai,Maharashtra,West,Organic Search,2024-10-31
12620,Tanvi,Yadav,tanvi.yadav620@yahoo.in,M,1993,Hyderabad,Telangana,South,Organic Search,2024-10-31
12621,Vivaan,Nair,vivaan.nair621@gmail.com,M,1984,Delhi,Delhi,North,Paid Search,2024-10-31
12622,Reyansh,Chopra,reyansh.chopra622@gmail.com,M,1991,Gurugram,Haryana,North,Paid Search,2024-10-31
12623,Manish,Bose,manish.bose623@outlook.com,M,1984,Jaipur,Rajasthan,North,Referral,2024-10-31
12624,Pari,Mehta,pari.mehta624@outlook.com,F,1993,Noida,Uttar Pradesh,North,Organic Search,2024-10-31
12625,Ishaan,Sharma,ishaan.sharma625@outlook.com,M,1990,Kolkata,West Bengal,East,Paid Search,2024-11-01
12626,Ishaan,Pillai,ishaan.pillai626@gmail.com,F,1998,Hyderabad,Telangana,South,Organic Search,2024-11-01
12627,Krishna,Rao,krishna.rao627@outlook.com,F,1982,Mumbai,Maharashtra,West,Organic Search,2024-11-01
12628,Pooja,Iyer,pooja.iyer628@gmail.com,F,1986,Pune,Maharashtra,West,Paid Search,2024-11-01
12629,Rahul,Rao,rahul.rao629@gmail.com,F,1986,Pune,Maharashtra,West,Paid Social,2024-11-01
12630,Deepak,Kapoor,deepak.kapoor630@gmail.com,F,1993,Indore,Madhya Pradesh,West,Referral,2024-11-01
12631,Neha,Menon,neha.menon631@rediffmail.com,M,1992,Delhi,Delhi,North,Referral,2024-11-01
12632,Vivaan,Khan,vivaan.khan632@gmail.com,F,2002,Mumbai,Maharashtra,West,Email,2024-11-01
12633,Amit,Verma,amit.verma633@rediffmail.com,M,1994,Delhi,Delhi,North,Email,2024-11-01
12634,Neha,Mishra,neha.mishra634@rediffmail.com,M,1994,Kochi,Kerala,South,Organic Search,2024-11-02
12635,Saanvi,Banerjee,saanvi.banerjee635@outlook.com,M,1985,Mumbai,Maharashtra,West,Organic Search,2024-11-02
12636,Nikhil,Rao,nikhil.rao636@gmail.com,M,1991,Bengaluru,Karnataka,South,Paid Social,2024-11-02
12637,Deepak,Yadav,deepak.yadav637@gmail.com,F,1983,Kochi,Kerala,South,Paid Social,2024-11-02
12638,Isha,Reddy,isha.reddy638@gmail.com,M,1997,Jaipur,Rajasthan,North,Paid Social,2024-11-02
12639,Riya,Sharma,riya.sharma639@gmail.com,F,2000,Delhi,Delhi,North,Paid Social,2024-11-02
12640,Amit,Menon,amit.menon640@gmail.com,F,1981,Chandigarh,Chandigarh,North,Affiliate,2024-11-02
12641,Riya,Kumar,riya.kumar641@gmail.com,M,1994,Bengaluru,Karnataka,South,Paid Social,2024-11-02
12642,Priya,Banerjee,priya.banerjee642@outlook.com,M,1993,Pune,Maharashtra,West,Affiliate,2024-11-02
12643,Ananya,Bose,ananya.bose643@outlook.com,F,2003,Delhi,Delhi,North,Affiliate,2024-11-02
12644,Pooja,Bose,pooja.bose644@gmail.com,F,1986,Delhi,Delhi,North,Paid Search,2024-11-02
12645,Myra,Kumar,myra.kumar645@gmail.com,F,1987,Bengaluru,Karnataka,South,Organic Search,2024-11-02
12646,Aditya,Reddy,aditya.reddy646@gmail.com,F,1996,Bengaluru,Karnataka,South,Paid Search,2024-11-02
12647,Riya,Pillai,riya.pillai647@outlook.com,F,1990,Delhi,Delhi,North,Paid Search,2024-11-02
12648,Amit,Banerjee,amit.banerjee648@gmail.com,M,1990,Hyderabad,Telangana,South,Email,2024-11-02
12649,Vikram,Joshi,vikram.joshi649@gmail.com,M,1990,Mumbai,Maharashtra,West,Affiliate,2024-11-02
12650,Rahul,Agarwal,rahul.agarwal650@gmail.com,F,1998,Delhi,Delhi,North,Organic Search,2024-11-03
12651,Arnav,Mishra,arnav.mishra651@yahoo.in,F,2003,Chandigarh,Chandigarh,North,Organic Search,2024-11-03
12652,Ishaan,Pillai,ishaan.pillai652@gmail.com,M,1993,Bengaluru,Karnataka,South,Referral,2024-11-03
12653,Arjun,Kumar,arjun.kumar653@rediffmail.com,M,1991,Bengaluru,Karnataka,South,Paid Social,2024-11-03
12654,Amit,Shah,amit.shah654@rediffmail.com,M,1999,Pune,Maharashtra,West,Referral,2024-11-03
12655,Harpreet,Chopra,harpreet.chopra655@outlook.com,M,1995,Jaipur,Rajasthan,North,Paid Search,2024-11-03
12656,Priya,Bose,priya.bose656@gmail.com,M,1995,Mumbai,Maharashtra,West,Organic Search,2024-11-03
12657,Kiara,Malhotra,kiara.malhotra657@outlook.com,F,2003,Mumbai,Maharashtra,West,Organic Search,2024-11-03
12658,Pooja,Nair,pooja.nair658@gmail.com,M,1985,Mumbai,Maharashtra,West,Organic Search,2024-11-03
12659,Saanvi,Rao,saanvi.rao659@gmail.com,M,1991,Pune,Maharashtra,West,Paid Search,2024-11-03
12660,Sneha,Mishra,sneha.mishra660@gmail.com,M,1986,Mumbai,Maharashtra,West,Organic Search,2024-11-04
12661,Kavya,Kapoor,kavya.kapoor661@gmail.com,M,1989,Delhi,Delhi,North,Paid Search,2024-11-04
12662,Kiara,Shah,kiara.shah662@gmail.com,M,1983,Jaipur,Rajasthan,North,Referral,2024-11-04
12663,Neha,Verma,neha.verma663@gmail.com,F,1990,Delhi,Delhi,North,Organic Search,2024-11-04
12664,Zoya,Shah,zoya.shah664@rediffmail.com,F,1996,Indore,Madhya Pradesh,West,Email,2024-11-04
12665,Meera,Nair,meera.nair665@gmail.com,M,1972,Mumbai,Maharashtra,West,Organic Search,2024-11-04
12666,Pari,Yadav,pari.yadav666@gmail.com,F,1991,Bengaluru,Karnataka,South,Paid Social,2024-11-04
12667,Rahul,Khan,rahul.khan667@outlook.com,M,1993,Delhi,Delhi,North,Organic Search,2024-11-04
12668,Priya,Pillai,priya.pillai668@outlook.com,M,1991,Mumbai,Maharashtra,West,Email,2024-11-04
12669,Myra,Bose,myra.bose669@gmail.com,M,1980,Gurugram,Haryana,North,Organic Search,2024-11-04
12670,Isha,Bose,isha.bose670@gmail.com,M,2001,Delhi,Delhi,North,Paid Search,2024-11-04
12671,Aarav,Iyer,aarav.iyer671@gmail.com,M,2001,Hyderabad,Telangana,South,Affiliate,2024-11-04
12672,Neha,Rao,neha.rao672@gmail.com,M,2003,Delhi,Delhi,North,Organic Search,2024-11-04
12673,Aadhya,Chopra,aadhya.chopra673@gmail.com,M,1989,Gurugram,Haryana,North,Referral,2024-11-04
12674,Aman,Iyer,aman.iyer674@gmail.com,F,1995,Mumbai,Maharashtra,West,Referral,2024-11-04
12675,Karan,Sharma,karan.sharma675@gmail.com,M,1988,Jaipur,Rajasthan,North,Paid Search,2024-11-04
12676,Nikhil,Kapoor,nikhil.kapoor676@gmail.com,M,1985,Kochi,Kerala,South,Organic Search,2024-11-04
12677,Ananya,Banerjee,ananya.banerjee677@gmail.com,F,1985,Kolkata,West Bengal,East,Referral,2024-11-05
12678,Vivaan,Patel,vivaan.patel678@gmail.com,M,1995,Mumbai,Maharashtra,West,Email,2024-11-05
12679,Myra,Nair,myra.nair679@gmail.com,F,2000,Noida,Uttar Pradesh,North,Organic Search,2024-11-05
12680,Neha,Banerjee,neha.banerjee680@gmail.com,F,2004,Pune,Maharashtra,West,Email,2024-11-05
12681,Isha,Menon,isha.menon681@yahoo.in,M,1993,Pune,Maharashtra,West,Referral,2024-11-05
12682,Sai,Nair,sai.nair682@rediffmail.com,F,1988,Mumbai,Maharashtra,West,Paid Social,2024-11-05
12683,Rohan,Singh,rohan.singh683@gmail.com,F,1993,Delhi,Delhi,North,Referral,2024-11-05
12684,Riya,Kumar,riya.kumar684@gmail.com,F,2001,Delhi,Delhi,North,Organic Search,2024-11-05
12685,Lakshmi,Yadav,lakshmi.yadav685@yahoo.in,M,2006,Gurugram,Haryana,North,Paid Social,2024-11-05
12686,Manish,Bose,manish.bose686@gmail.com,F,2003,Mumbai,Maharashtra,West,Affiliate,2024-11-05
12687,Rahul,Sharma,rahul.sharma687@gmail.com,M,2002,Ahmedabad,Gujarat,West,Referral,2024-11-05
12688,Vikram,Mehta,vikram.mehta688@yahoo.in,M,2004,Chennai,Tamil Nadu,South,Organic Search,2024-11-05
12689,Vikram,Reddy,vikram.reddy689@gmail.com,M,1994,Noida,Uttar Pradesh,North,Paid Social,2024-11-05
12690,Myra,Khan,myra.khan690@gmail.com,M,1996,Hyderabad,Telangana,South,Organic Search,2024-11-05
12691,Saanvi,Malhotra,saanvi.malhotra691@gmail.com,M,2002,Noida,Uttar Pradesh,North,Organic Search,2024-11-05
12692,Aditya,Joshi,aditya.joshi692@gmail.com,F,1998,Delhi,Delhi,North,Organic Search,2024-11-05
12693,Vivaan,Joshi,vivaan.joshi693@gmail.com,M,2000,Bengaluru,Karnataka,South,Organic Search,2024-11-05
12694,Saanvi,Pillai,saanvi.pillai694@gmail.com,M,1989,Noida,Uttar Pradesh,North,Paid Social,2024-11-05
12695,Pari,Pillai,pari.pillai695@gmail.com,M,2005,Kochi,Kerala,South,Paid Search,2024-11-05
12696,Amit,Kumar,amit.kumar696@gmail.com,M,1990,Kolkata,West Bengal,East,Referral,2024-11-06
12697,Kavya,Pillai,kavya.pillai697@gmail.com,F,2002,Delhi,Delhi,North,Email,2024-11-06
12698,Arnav,Joshi,arnav.joshi698@gmail.com,F,1993,Noida,Uttar Pradesh,North,Paid Social,2024-11-06
12699,Ishaan,Banerjee,ishaan.banerjee699@gmail.com,M,1989,Noida,Uttar Pradesh,North,Organic Search,2024-11-06
12700,Rahul,Reddy,rahul.reddy700@gmail.com,F,1978,Kochi,Kerala,South,Affiliate,2024-11-06
12701,Sneha,Khan,sneha.khan701@outlook.com,F,1992,Delhi,Delhi,North,Organic Search,2024-11-06
12702,Manish,Menon,manish.menon702@gmail.com,M,1984,Hyderabad,Telangana,South,Paid Social,2024-11-07
12703,Kiara,Mehta,kiara.mehta703@outlook.com,M,1986,Jaipur,Rajasthan,North,Organic Search,2024-11-07
12704,Pari,Verma,pari.verma704@rediffmail.com,F,1998,Ahmedabad,Gujarat,West,Affiliate,2024-11-07
12705,Farhan,Reddy,farhan.reddy705@gmail.com,F,1981,Gurugram,Haryana,North,Paid Search,2024-11-07
12706,Aarav,Shah,aarav.shah706@gmail.com,M,2003,Hyderabad,Telangana,South,Affiliate,2024-11-07
12707,Arjun,Kapoor,arjun.kapoor707@gmail.com,M,2006,Bengaluru,Karnataka,South,Affiliate,2024-11-07
12708,Karan,Verma,karan.verma708@outlook.com,M,1990,Delhi,Delhi,North,Affiliate,2024-11-07
12709,Saanvi,Kapoor,saanvi.kapoor709@rediffmail.com,F,2003,Lucknow,Uttar Pradesh,North,Referral,2024-11-07
12710,Rohan,Gupta,rohan.gupta710@gmail.com,F,1982,Mumbai,Maharashtra,West,Referral,2024-11-07
12711,Simran,Iyer,simran.iyer711@outlook.com,M,1997,Pune,Maharashtra,West,Affiliate,2024-11-08
12712,Kabir,Yadav,kabir.yadav712@yahoo.in,M,1996,Hyderabad,Telangana,South,Organic Search,2024-11-08
12713,Vivaan,Rao,vivaan.rao713@gmail.com,F,2006,Mumbai,Maharashtra,West,Referral,2024-11-08
12714,Aarav,Rao,aarav.rao714@outlook.com,F,1991,Kochi,Kerala,South,Organic Search,2024-11-08
12715,Lakshmi,Patel,lakshmi.patel715@gmail.com,M,1997,Noida,Uttar Pradesh,North,Paid Search,2024-11-08
12716,Amit,Nair,amit.nair716@gmail.com,F,1992,Chennai,Tamil Nadu,South,Paid Search,2024-11-08
12717,Aarav,Gupta,aarav.gupta717@yahoo.in,M,1991,Kochi,Kerala,South,Affiliate,2024-11-08
12718,Kabir,Chopra,kabir.chopra718@yahoo.in,F,1992,Bengaluru,Karnataka,South,Paid Search,2024-11-08
12719,Saanvi,Joshi,saanvi.joshi719@gmail.com,M,1992,Kolkata,West Bengal,East,Paid Social,2024-11-08
12720,Manish,Kumar,manish.kumar720@gmail.com,F,1988,Mumbai,Maharashtra,West,Paid Social,2024-11-08
12721,Amit,Iyer,amit.iyer721@gmail.com,F,1996,Bengaluru,Karnataka,South,Paid Social,2024-11-08
12722,Simran,Verma,simran.verma722@gmail.com,F,1986,Delhi,Delhi,North,Organic Search,2024-11-09
12723,Isha,Verma,isha.verma723@gmail.com,F,1990,Jaipur,Rajasthan,North,Paid Social,2024-11-09
12724,Nikhil,Verma,nikhil.verma724@gmail.com,M,2006,Ahmedabad,Gujarat,West,Paid Social,2024-11-09
12725,Vivaan,Nair,vivaan.nair725@gmail.com,F,1993,Chennai,Tamil Nadu,South,Email,2024-11-09
12726,Pari,Reddy,pari.reddy726@gmail.com,F,2001,Kolkata,West Bengal,East,Affiliate,2024-11-09
12727,Priya,Kumar,priya.kumar727@gmail.com,M,1993,Ahmedabad,Gujarat,West,Organic Search,2024-11-09
12728,Aditya,Kumar,aditya.kumar728@outlook.com,M,2000,Chennai,Tamil Nadu,South,Organic Search,2024-11-09
12729,Ananya,Shah,ananya.shah729@gmail.com,M,1992,Hyderabad,Telangana,South,Paid Social,2024-11-09
12730,Meera,Banerjee,meera.banerjee730@gmail.com,F,1973,Hyderabad,Telangana,South,Paid Social,2024-11-10
12731,Tanvi,Joshi,tanvi.joshi731@gmail.com,M,1993,Delhi,Delhi,North,Referral,2024-11-10
12732,Aarav,Mishra,aarav.mishra732@gmail.com,M,1985,Pune,Maharashtra,West,Email,2024-11-10
12733,Ananya,Menon,ananya.menon733@gmail.com,F,1991,Pune,Maharashtra,West,Organic Search,2024-11-10
12734,Isha,Das,isha.das734@outlook.com,M,1999,Hyderabad,Telangana,South,Email,2024-11-10
12735,Ananya,Bose,ananya.bose735@gmail.com,M,2006,Ahmedabad,Gujarat,West,Organic Search,2024-11-10
12736,Aditya,Das,aditya.das736@gmail.com,M,1982,Hyderabad,Telangana,South,Affiliate,2024-11-10
12737,Vivaan,Reddy,vivaan.reddy737@yahoo.in,M,1992,Kolkata,West Bengal,East,Paid Search,2024-11-10
12738,Sneha,Singh,sneha.singh738@gmail.com,F,1994,Ahmedabad,Gujarat,West,Email,2024-11-10
12739,Pari,Nair,pari.nair739@outlook.com,F,1994,Hyderabad,Telangana,South,Organic Search,2024-11-11
12740,Sneha,Menon,sneha.menon740@outlook.com,M,1994,Ahmedabad,Gujarat,West,Paid Social,2024-11-11
12741,Nikhil,Kumar,nikhil.kumar741@gmail.com,F,1998,Bengaluru,Karnataka,South,Organic Search,2024-11-11
12742,Amit,Singh,amit.singh742@yahoo.in,M,1990,Pune,Maharashtra,West,Referral,2024-11-11
12743,Sneha,Reddy,sneha.reddy743@outlook.com,F,1992,Kolkata,West Bengal,East,Affiliate,2024-11-11
12744,Nikhil,Nair,nikhil.nair744@outlook.com,F,1997,Hyderabad,Telangana,South,Email,2024-11-11
12745,Ishaan,Das,ishaan.das745@gmail.com,F,1988,Hyderabad,Telangana,South,Paid Social,2024-11-11
12746,Kabir,Shah,kabir.shah746@gmail.com,F,1989,Chandigarh,Chandigarh,North,Organic Search,2024-11-11
12747,Riya,Shah,riya.shah747@gmail.com,F,1993,Pune,Maharashtra,West,Affiliate,2024-11-11
12748,Kabir,Mehta,kabir.mehta748@gmail.com,M,1989,Chennai,Tamil Nadu,South,Paid Search,2024-11-11
12749,Harpreet,Yadav,harpreet.yadav749@gmail.com,M,1986,Kolkata,West Bengal,East,Paid Social,2024-11-11
12750,Kiara,Nair,kiara.nair750@gmail.com,M,1985,Kolkata,West Bengal,East,Organic Search,2024-11-11
12751,Arjun,Das,arjun.das751@gmail.com,M,1993,Bengaluru,Karnataka,South,Referral,2024-11-12
12752,Nikhil,Pillai,nikhil.pillai752@gmail.com,F,2004,Bengaluru,Karnataka,South,Paid Search,2024-11-12
12753,Isha,Mishra,isha.mishra753@gmail.com,M,1997,Delhi,Delhi,North,Paid Search,2024-11-12
12754,Sai,Sharma,sai.sharma754@gmail.com,F,1986,Hyderabad,Telangana,South,Organic Search,2024-11-12
12755,Rohan,Chopra,rohan.chopra755@gmail.com,F,2006,Mumbai,Maharashtra,West,Paid Social,2024-11-12
12756,Arnav,Nair,arnav.nair756@gmail.com,F,1989,Chennai,Tamil Nadu,South,Organic Search,2024-11-12
12757,Priya,Das,priya.das757@gmail.com,M,2006,Delhi,Delhi,North,Affiliate,2024-11-12
12758,Ananya,Chopra,ananya.chopra758@gmail.com,F,1993,Kolkata,West Bengal,East,Referral,2024-11-12
12759,Amit,Joshi,amit.joshi759@gmail.com,F,1996,Pune,Maharashtra,West,Affiliate,2024-11-12
12760,Reyansh,Menon,reyansh.menon760@gmail.com,F,1991,Delhi,Delhi,North,Paid Search,2024-11-12
12761,Myra,Mehta,myra.mehta761@gmail.com,F,1991,Indore,Madhya Pradesh,West,Paid Social,2024-11-12
12762,Pooja,Menon,pooja.menon762@gmail.com,F,2005,Bengaluru,Karnataka,South,Paid Search,2024-11-13
12763,Kavya,Rao,kavya.rao763@gmail.com,F,1992,Hyderabad,Telangana,South,Email,2024-11-13
12764,Diya,Malhotra,diya.malhotra764@gmail.com,M,2001,Bengaluru,Karnataka,South,Paid Search,2024-11-13
12765,Simran,Khan,simran.khan765@rediffmail.com,M,1994,Ahmedabad,Gujarat,West,Paid Search,2024-11-13
12766,Kiara,Nair,kiara.nair766@yahoo.in,M,1993,Delhi,Delhi,North,Paid Search,2024-11-13
12767,Arnav,Chopra,arnav.chopra767@outlook.com,M,1998,Chennai,Tamil Nadu,South,Paid Social,2024-11-13
12768,Aditya,Khan,aditya.khan768@gmail.com,M,1993,Kolkata,West Bengal,East,Email,2024-11-13
12769,Reyansh,Gupta,reyansh.gupta769@gmail.com,F,1987,Hyderabad,Telangana,South,Organic Search,2024-11-13
12770,Priya,Shah,priya.shah770@gmail.com,F,1987,Delhi,Delhi,North,Paid Social,2024-11-13
12771,Zoya,Yadav,zoya.yadav771@gmail.com,M,1998,Hyderabad,Telangana,South,Paid Search,2024-11-13
12772,Aadhya,Rao,aadhya.rao772@gmail.com,M,1976,Lucknow,Uttar Pradesh,North,Organic Search,2024-11-13
12773,Sai,Rao,sai.rao773@gmail.com,F,1997,Kolkata,West Bengal,East,Affiliate,2024-11-13
12774,Krishna,Singh,krishna.singh774@gmail.com,F,1982,Delhi,Delhi,North,Referral,2024-11-13
12775,Diya,Chopra,diya.chopra775@yahoo.in,M,1995,Delhi,Delhi,North,Affiliate,2024-11-13
12776,Myra,Menon,myra.menon776@gmail.com,M,2004,Gurugram,Haryana,North,Paid Search,2024-11-13
12777,Sneha,Singh,sneha.singh777@gmail.com,F,1986,Hyderabad,Telangana,South,Referral,2024-11-13
12778,Farhan,Yadav,farhan.yadav778@gmail.com,F,1998,Bengaluru,Karnataka,South,Paid Social,2024-11-14
12779,Reyansh,Nair,reyansh.nair779@gmail.com,M,2002,Bengaluru,Karnataka,South,Paid Social,2024-11-14
12780,Farhan,Patel,farhan.patel780@gmail.com,F,1989,Mumbai,Maharashtra,West,Organic Search,2024-11-14
12781,Manish,Yadav,manish.yadav781@gmail.com,M,1988,Chennai,Tamil Nadu,South,Organic Search,2024-11-14
12782,Pari,Rao,pari.rao782@gmail.com,F,1997,Mumbai,Maharashtra,West,Organic Search,2024-11-14
12783,Rohan,Kapoor,rohan.kapoor783@gmail.com,F,2003,Delhi,Delhi,North,Referral,2024-11-14
12784,Kavya,Mishra,kavya.mishra784@gmail.com,M,2006,Hyderabad,Telangana,South,Referral,2024-11-14
12785,Lakshmi,Sharma,lakshmi.sharma785@gmail.com,M,1988,Pune,Maharashtra,West,Paid Social,2024-11-14
12786,Reyansh,Patel,reyansh.patel786@gmail.com,M,1999,Indore,Madhya Pradesh,West,Organic Search,2024-11-14
12787,Simran,Patel,simran.patel787@gmail.com,M,1990,Mumbai,Maharashtra,West,Referral,2024-11-14
12788,Harpreet,Shah,harpreet.shah788@gmail.com,M,1984,Bengaluru,Karnataka,South,Organic Search,2024-11-14
12789,Aadhya,Khan,aadhya.khan789@yahoo.in,M,1992,Delhi,Delhi,North,Email,2024-11-15
12790,Manish,Kumar,manish.kumar790@gmail.com,F,1992,Pune,Maharashtra,West,Paid Search,2024-11-15
12791,Ishaan,Pillai,ishaan.pillai791@gmail.com,M,1994,Mumbai,Maharashtra,West,Referral,2024-11-15
12792,Sneha,Nair,sneha.nair792@gmail.com,M,1997,Bengaluru,Karnataka,South,Organic Search,2024-11-15
12793,Nikhil,Chopra,nikhil.chopra793@gmail.com,M,1995,Lucknow,Uttar Pradesh,North,Paid Search,2024-11-15
12794,Aditya,Shah,aditya.shah794@gmail.com,F,2003,Lucknow,Uttar Pradesh,North,Paid Social,2024-11-15
12795,Lakshmi,Reddy,lakshmi.reddy795@yahoo.in,M,2006,Chandigarh,Chandigarh,North,Paid Social,2024-11-15
12796,Lakshmi,Shah,lakshmi.shah796@gmail.com,M,1994,Pune,Maharashtra,West,Organic Search,2024-11-15
12797,Myra,Agarwal,myra.agarwal797@gmail.com,F,1990,Noida,Uttar Pradesh,North,Paid Social,2024-11-15
12798,Isha,Sharma,isha.sharma798@gmail.com,M,1992,Bengaluru,Karnataka,South,Organic Search,2024-11-15
12799,Pari,Das,pari.das799@gmail.com,F,1992,Chandigarh,Chandigarh,North,Affiliate,2024-11-15
12800,Krishna,Mishra,krishna.mishra800@gmail.com,M,1989,Mumbai,Maharashtra,West,Paid Search,2024-11-15
12801,Arnav,Mishra,arnav.mishra801@rediffmail.com,M,1982,Ahmedabad,Gujarat,West,Paid Search,2024-11-16
12802,Arnav,Pillai,arnav.pillai802@gmail.com,M,1983,Mumbai,Maharashtra,West,Paid Social,2024-11-16
12803,Sneha,Pillai,sneha.pillai803@gmail.com,M,1999,Bengaluru,Karnataka,South,Referral,2024-11-16
12804,Isha,Mishra,isha.mishra804@gmail.com,M,1999,Bengaluru,Karnataka,South,Organic Search,2024-11-16
12805,Tanvi,Singh,tanvi.singh805@gmail.com,M,1996,Hyderabad,Telangana,South,Paid Social,2024-11-16
12806,Neha,Mehta,neha.mehta806@gmail.com,F,1992,Pune,Maharashtra,West,Email,2024-11-16
12807,Farhan,Nair,farhan.nair807@outlook.com,M,1989,Mumbai,Maharashtra,West,Paid Search,2024-11-16
12808,Sneha,Menon,sneha.menon808@gmail.com,M,1983,Noida,Uttar Pradesh,North,Organic Search,2024-11-16
12809,Krishna,Bose,krishna.bose809@outlook.com,F,1988,Mumbai,Maharashtra,West,Organic Search,2024-11-17
12810,Lakshmi,Agarwal,lakshmi.agarwal810@gmail.com,F,1988,Chennai,Tamil Nadu,South,Affiliate,2024-11-17
12811,Isha,Gupta,isha.gupta811@gmail.com,M,1982,Delhi,Delhi,North,Organic Search,2024-11-17
12812,Rahul,Agarwal,rahul.agarwal812@gmail.com,M,1995,Noida,Uttar Pradesh,North,Organic Search,2024-11-17
12813,Meera,Kapoor,meera.kapoor813@gmail.com,F,1988,Bengaluru,Karnataka,South,Affiliate,2024-11-17
12814,Arnav,Banerjee,arnav.banerjee814@gmail.com,M,1994,Ahmedabad,Gujarat,West,Email,2024-11-17
12815,Kiara,Mishra,kiara.mishra815@gmail.com,M,1982,Kochi,Kerala,South,Paid Search,2024-11-17
12816,Krishna,Das,krishna.das816@gmail.com,M,1998,Delhi,Delhi,North,Organic Search,2024-11-17
12817,Sai,Rao,sai.rao817@gmail.com,F,1997,Chennai,Tamil Nadu,South,Paid Social,2024-11-17
12818,Vikram,Patel,vikram.patel818@gmail.com,M,1989,Bengaluru,Karnataka,South,Referral,2024-11-18
12819,Kiara,Joshi,kiara.joshi819@gmail.com,F,2004,Hyderabad,Telangana,South,Paid Search,2024-11-18
12820,Amit,Verma,amit.verma820@gmail.com,F,1993,Mumbai,Maharashtra,West,Organic Search,2024-11-18
12821,Simran,Gupta,simran.gupta821@rediffmail.com,F,1995,Jaipur,Rajasthan,North,Email,2024-11-18
12822,Saanvi,Yadav,saanvi.yadav822@outlook.com,M,1981,Delhi,Delhi,North,Referral,2024-11-18
12823,Karan,Pillai,karan.pillai823@gmail.com,F,1987,Hyderabad,Telangana,South,Paid Search,2024-11-18
12824,Rohan,Chopra,rohan.chopra824@yahoo.in,M,1988,Gurugram,Haryana,North,Email,2024-11-18
12825,Tanvi,Banerjee,tanvi.banerjee825@gmail.com,M,2000,Noida,Uttar Pradesh,North,Paid Social,2024-11-18
12826,Aditya,Khan,aditya.khan826@gmail.com,M,2001,Jaipur,Rajasthan,North,Affiliate,2024-11-18
12827,Rohan,Pillai,rohan.pillai827@yahoo.in,F,1989,Chennai,Tamil Nadu,South,Organic Search,2024-11-18
12828,Ananya,Nair,ananya.nair828@gmail.com,F,1995,Jaipur,Rajasthan,North,Paid Search,2024-11-19
12829,Ishaan,Nair,ishaan.nair829@yahoo.in,M,2000,Mumbai,Maharashtra,West,Paid Social,2024-11-19
12830,Tanvi,Agarwal,tanvi.agarwal830@gmail.com,M,1991,Bengaluru,Karnataka,South,Paid Search,2024-11-19
12831,Myra,Khan,myra.khan831@outlook.com,F,1982,Chennai,Tamil Nadu,South,Paid Search,2024-11-19
12832,Diya,Banerjee,diya.banerjee832@gmail.com,M,1999,Hyderabad,Telangana,South,Paid Social,2024-11-19
12833,Ananya,Mehta,ananya.mehta833@gmail.com,F,1997,Pune,Maharashtra,West,Paid Social,2024-11-20
12834,Riya,Kapoor,riya.kapoor834@gmail.com,F,1996,Delhi,Delhi,North,Paid Search,2024-11-20
12835,Amit,Joshi,amit.joshi835@gmail.com,M,2001,Gurugram,Haryana,North,Paid Search,2024-11-20
12836,Arnav,Verma,arnav.verma836@gmail.com,F,2002,Lucknow,Uttar Pradesh,North,Paid Social,2024-11-20
12837,Rahul,Kapoor,rahul.kapoor837@gmail.com,F,1998,Mumbai,Maharashtra,West,Paid Social,2024-11-20
12838,Tanvi,Reddy,tanvi.reddy838@gmail.com,F,1984,Mumbai,Maharashtra,West,Paid Search,2024-11-20
12839,Lakshmi,Verma,lakshmi.verma839@gmail.com,F,1981,Pune,Maharashtra,West,Organic Search,2024-11-20
12840,Aman,Iyer,aman.iyer840@gmail.com,M,1996,Mumbai,Maharashtra,West,Organic Search,2024-11-20
12841,Farhan,Gupta,farhan.gupta841@gmail.com,M,1994,Bengaluru,Karnataka,South,Email,2024-11-20
12842,Sneha,Sharma,sneha.sharma842@gmail.com,M,1995,Delhi,Delhi,North,Referral,2024-11-20
12843,Harpreet,Pillai,harpreet.pillai843@gmail.com,M,2006,Kolkata,West Bengal,East,Paid Social,2024-11-21
12844,Deepak,Rao,deepak.rao844@yahoo.in,F,2001,Chennai,Tamil Nadu,South,Paid Social,2024-11-21
12845,Sai,Iyer,sai.iyer845@gmail.com,M,1992,Chandigarh,Chandigarh,North,Organic Search,2024-11-21
12846,Farhan,Pillai,farhan.pillai846@gmail.com,F,1988,Mumbai,Maharashtra,West,Paid Search,2024-11-21
12847,Aarav,Sharma,aarav.sharma847@outlook.com,F,1999,Kolkata,West Bengal,East,Paid Social,2024-11-21
12848,Aadhya,Banerjee,aadhya.banerjee848@gmail.com,F,1997,Kolkata,West Bengal,East,Paid Search,2024-11-21
12849,Aman,Chopra,aman.chopra849@gmail.com,F,1992,Mumbai,Maharashtra,West,Organic Search,2024-11-21
12850,Nikhil,Bose,nikhil.bose850@gmail.com,F,1972,Delhi,Delhi,North,Organic Search,2024-11-21
12851,Vikram,Reddy,vikram.reddy851@outlook.com,F,1986,Kolkata,West Bengal,East,Affiliate,2024-11-21
12852,Meera,Shah,meera.shah852@yahoo.in,M,2000,Bengaluru,Karnataka,South,Paid Social,2024-11-22
12853,Krishna,Das,krishna.das853@gmail.com,M,1983,Bengaluru,Karnataka,South,Email,2024-11-22
12854,Farhan,Agarwal,farhan.agarwal854@yahoo.in,F,1998,Jaipur,Rajasthan,North,Paid Social,2024-11-22
12855,Sai,Kumar,sai.kumar855@gmail.com,M,1997,Hyderabad,Telangana,South,Referral,2024-11-22
12856,Aadhya,Rao,aadhya.rao856@yahoo.in,F,1986,Ahmedabad,Gujarat,West,Organic Search,2024-11-22
12857,Arjun,Chopra,arjun.chopra857@outlook.com,F,2001,Pune,Maharashtra,West,Organic Search,2024-11-22
12858,Rahul,Mehta,rahul.mehta858@gmail.com,M,1993,Bengaluru,Karnataka,South,Paid Social,2024-11-22
12859,Harpreet,Reddy,harpreet.reddy859@gmail.com,F,1992,Mumbai,Maharashtra,West,Paid Social,2024-11-22
12860,Arnav,Khan,arnav.khan860@gmail.com,F,1984,Mumbai,Maharashtra,West,Organic Search,2024-11-23
12861,Aarav,Banerjee,aarav.banerjee861@gmail.com,F,2004,Bengaluru,Karnataka,South,Paid Social,2024-11-23
12862,Manish,Iyer,manish.iyer862@gmail.com,M,1984,Bengaluru,Karnataka,South,Organic Search,2024-11-23
12863,Rohan,Khan,rohan.khan863@gmail.com,M,1984,Kolkata,West Bengal,East,Organic Search,2024-11-23
12864,Pari,Reddy,pari.reddy864@rediffmail.com,M,1995,Ahmedabad,Gujarat,West,Affiliate,2024-11-23
12865,Diya,Rao,diya.rao865@gmail.com,F,1986,Chandigarh,Chandigarh,North,Paid Social,2024-11-23
12866,Neha,Sharma,neha.sharma866@gmail.com,F,2006,Jaipur,Rajasthan,North,Paid Search,2024-11-24
12867,Aarav,Reddy,aarav.reddy867@gmail.com,F,1986,Pune,Maharashtra,West,Organic Search,2024-11-24
12868,Saanvi,Joshi,saanvi.joshi868@rediffmail.com,M,2000,Delhi,Delhi,North,Email,2024-11-24
12869,Aadhya,Singh,aadhya.singh869@yahoo.in,M,2006,Ahmedabad,Gujarat,West,Affiliate,2024-11-24
12870,Nikhil,Patel,nikhil.patel870@yahoo.in,F,1999,Mumbai,Maharashtra,West,Organic Search,2024-11-24
12871,Harpreet,Banerjee,harpreet.banerjee871@gmail.com,F,1987,Mumbai,Maharashtra,West,Paid Search,2024-11-24
12872,Vivaan,Mehta,vivaan.mehta872@gmail.com,F,1996,Noida,Uttar Pradesh,North,Paid Social,2024-11-24
12873,Kiara,Nair,kiara.nair873@gmail.com,M,2004,Pune,Maharashtra,West,Organic Search,2024-11-24
12874,Kavya,Kapoor,kavya.kapoor874@yahoo.in,M,1982,Delhi,Delhi,North,Paid Social,2024-11-25
12875,Deepak,Joshi,deepak.joshi875@gmail.com,F,2002,Indore,Madhya Pradesh,West,Organic Search,2024-11-25
12876,Amit,Das,amit.das876@gmail.com,M,1997,Jaipur,Rajasthan,North,Organic Search,2024-11-25
12877,Farhan,Joshi,farhan.joshi877@gmail.com,F,2006,Kochi,Kerala,South,Paid Social,2024-11-25
12878,Ananya,Nair,ananya.nair878@gmail.com,F,1997,Pune,Maharashtra,West,Paid Search,2024-11-25
12879,Aman,Verma,aman.verma879@gmail.com,M,1995,Hyderabad,Telangana,South,Paid Social,2024-11-25
12880,Vivaan,Mehta,vivaan.mehta880@gmail.com,M,1999,Chennai,Tamil Nadu,South,Organic Search,2024-11-25
12881,Rahul,Das,rahul.das881@gmail.com,M,1984,Chennai,Tamil Nadu,South,Paid Social,2024-11-25
12882,Sneha,Joshi,sneha.joshi882@outlook.com,F,1987,Chennai,Tamil Nadu,South,Affiliate,2024-11-25
12883,Krishna,Joshi,krishna.joshi883@gmail.com,M,1994,Noida,Uttar Pradesh,North,Paid Social,2024-11-26
12884,Pooja,Reddy,pooja.reddy884@gmail.com,F,1989,Jaipur,Rajasthan,North,Paid Social,2024-11-26
12885,Deepak,Mehta,deepak.mehta885@gmail.com,M,1989,Bengaluru,Karnataka,South,Paid Social,2024-11-26
12886,Tanvi,Chopra,tanvi.chopra886@yahoo.in,F,2006,Pune,Maharashtra,West,Email,2024-11-26
12887,Reyansh,Reddy,reyansh.reddy887@outlook.com,F,2006,Indore,Madhya Pradesh,West,Paid Social,2024-11-26
12888,Amit,Sharma,amit.sharma888@gmail.com,M,1973,Bengaluru,Karnataka,South,Organic Search,2024-11-26
12889,Nikhil,Kumar,nikhil.kumar889@gmail.com,M,1994,Delhi,Delhi,North,Organic Search,2024-11-26
12890,Rahul,Joshi,rahul.joshi890@yahoo.in,F,1984,Gurugram,Haryana,North,Paid Social,2024-11-26
12891,Krishna,Pillai,krishna.pillai891@gmail.com,M,2003,Bengaluru,Karnataka,South,Referral,2024-11-26
12892,Aadhya,Rao,aadhya.rao892@gmail.com,M,1995,Bengaluru,Karnataka,South,Organic Search,2024-11-26
12893,Priya,Bose,priya.bose893@gmail.com,M,2005,Hyderabad,Telangana,South,Paid Social,2024-11-27
12894,Ishaan,Mehta,ishaan.mehta894@yahoo.in,F,1987,Bengaluru,Karnataka,South,Paid Social,2024-11-27
12895,Kiara,Mishra,kiara.mishra895@yahoo.in,M,1986,Noida,Uttar Pradesh,North,Paid Search,2024-11-27
12896,Ananya,Menon,ananya.menon896@gmail.com,F,1992,Delhi,Delhi,North,Paid Social,2024-11-27
12897,Reyansh,Sharma,reyansh.sharma897@gmail.com,F,1989,Mumbai,Maharashtra,West,Paid Search,2024-11-27
12898,Pari,Singh,pari.singh898@rediffmail.com,F,1993,Mumbai,Maharashtra,West,Paid Social,2024-11-27
12899,Aarav,Das,aarav.das899@gmail.com,M,2003,Hyderabad,Telangana,South,Referral,2024-11-27
12900,Farhan,Mehta,farhan.mehta900@gmail.com,F,1997,Bengaluru,Karnataka,South,Affiliate,2024-11-27
12901,Vivaan,Patel,vivaan.patel901@rediffmail.com,M,1991,Chennai,Tamil Nadu,South,Paid Social,2024-11-27
12902,Sai,Iyer,sai.iyer902@yahoo.in,M,1994,Pune,Maharashtra,West,Paid Search,2024-11-27
12903,Aadhya,Verma,aadhya.verma903@gmail.com,F,1981,Jaipur,Rajasthan,North,Referral,2024-11-27
12904,Karan,Yadav,karan.yadav904@yahoo.in,F,1978,Pune,Maharashtra,West,Referral,2024-11-27
12905,Isha,Bose,isha.bose905@gmail.com,F,2003,Noida,Uttar Pradesh,North,Paid Search,2024-11-28
12906,Vivaan,Kumar,vivaan.kumar906@gmail.com,M,1987,Delhi,Delhi,North,Paid Search,2024-11-28
12907,Saanvi,Banerjee,saanvi.banerjee907@gmail.com,M,2005,Pune,Maharashtra,West,Organic Search,2024-11-28
12908,Vivaan,Khan,vivaan.khan908@outlook.com,F,1991,Mumbai,Maharashtra,West,Paid Social,2024-11-28
12909,Isha,Mehta,isha.mehta909@gmail.com,F,1995,Delhi,Delhi,North,Paid Search,2024-11-28
12910,Ananya,Banerjee,ananya.banerjee910@gmail.com,F,2000,Bengaluru,Karnataka,South,Organic Search,2024-11-28
12911,Arnav,Khan,arnav.khan911@gmail.com,F,2001,Bengaluru,Karnataka,South,Paid Social,2024-11-28
12912,Pari,Yadav,pari.yadav912@gmail.com,F,1989,Delhi,Delhi,North,Affiliate,2024-11-28
12913,Pooja,Khan,pooja.khan913@gmail.com,M,1994,Bengaluru,Karnataka,South,Organic Search,2024-11-29
12914,Ishaan,Khan,ishaan.khan914@gmail.com,M,1993,Delhi,Delhi,North,Paid Social,2024-11-29
12915,Neha,Reddy,neha.reddy915@yahoo.in,M,1997,Pune,Maharashtra,West,Affiliate,2024-11-29
12916,Arnav,Mehta,arnav.mehta916@gmail.com,F,1995,Bengaluru,Karnataka,South,Affiliate,2024-11-29
12917,Vivaan,Rao,vivaan.rao917@outlook.com,M,1988,Pune,Maharashtra,West,Paid Search,2024-11-29
12918,Aadhya,Chopra,aadhya.chopra918@outlook.com,F,1995,Bengaluru,Karnataka,South,Organic Search,2024-11-29
12919,Pari,Joshi,pari.joshi919@gmail.com,F,1982,Mumbai,Maharashtra,West,Paid Search,2024-11-29
12920,Priya,Pillai,priya.pillai920@gmail.com,M,1994,Noida,Uttar Pradesh,North,Paid Search,2024-11-29
12921,Kiara,Patel,kiara.patel921@gmail.com,F,1994,Pune,Maharashtra,West,Paid Social,2024-11-29
12922,Manish,Sharma,manish.sharma922@gmail.com,F,1986,Mumbai,Maharashtra,West,Paid Social,2024-11-30
12923,Reyansh,Iyer,reyansh.iyer923@gmail.com,M,1991,Gurugram,Haryana,North,Referral,2024-11-30
12924,Ananya,Reddy,ananya.reddy924@gmail.com,F,1989,Pune,Maharashtra,West,Paid Social,2024-11-30
12925,Priya,Yadav,priya.yadav925@gmail.com,F,1990,Noida,Uttar Pradesh,North,Email,2024-11-30
12926,Vikram,Patel,vikram.patel926@yahoo.in,M,2000,Pune,Maharashtra,West,Referral,2024-11-30
12927,Arjun,Yadav,arjun.yadav927@outlook.com,M,1997,Indore,Madhya Pradesh,West,Paid Social,2024-11-30
12928,Riya,Banerjee,riya.banerjee928@gmail.com,F,2001,Hyderabad,Telangana,South,Organic Search,2024-11-30
12929,Amit,Pillai,amit.pillai929@gmail.com,F,2006,Chennai,Tamil Nadu,South,Referral,2024-12-01
12930,Ananya,Chopra,ananya.chopra930@gmail.com,F,2002,Bengaluru,Karnataka,South,Paid Social,2024-12-01
12931,Myra,Sharma,myra.sharma931@gmail.com,M,1981,Chennai,Tamil Nadu,South,Paid Search,2024-12-01
12932,Aditya,Yadav,aditya.yadav932@yahoo.in,M,1988,Ahmedabad,Gujarat,West,Organic Search,2024-12-01
12933,Meera,Mehta,meera.mehta933@yahoo.in,M,2004,Bengaluru,Karnataka,South,Paid Social,2024-12-01
12934,Zoya,Chopra,zoya.chopra934@gmail.com,M,1990,Hyderabad,Telangana,South,Organic Search,2024-12-01
12935,Manish,Reddy,manish.reddy935@gmail.com,M,1990,Hyderabad,Telangana,South,Referral,2024-12-02
12936,Diya,Kumar,diya.kumar936@rediffmail.com,F,1996,Hyderabad,Telangana,South,Organic Search,2024-12-02
12937,Ananya,Sharma,ananya.sharma937@gmail.com,M,1991,Kochi,Kerala,South,Paid Social,2024-12-02
12938,Aadhya,Khan,aadhya.khan938@gmail.com,M,2006,Pune,Maharashtra,West,Paid Search,2024-12-02
12939,Reyansh,Iyer,reyansh.iyer939@rediffmail.com,F,1992,Kolkata,West Bengal,East,Paid Search,2024-12-02
12940,Kiara,Banerjee,kiara.banerjee940@outlook.com,F,2006,Mumbai,Maharashtra,West,Referral,2024-12-02
12941,Sai,Menon,sai.menon941@gmail.com,M,1989,Delhi,Delhi,North,Paid Search,2024-12-02
12942,Vivaan,Rao,vivaan.rao942@gmail.com,M,1988,Gurugram,Haryana,North,Organic Search,2024-12-02
12943,Saanvi,Agarwal,saanvi.agarwal943@yahoo.in,M,1987,Ahmedabad,Gujarat,West,Organic Search,2024-12-03
12944,Harpreet,Malhotra,harpreet.malhotra944@gmail.com,M,1987,Delhi,Delhi,North,Organic Search,2024-12-03
12945,Kavya,Kumar,kavya.kumar945@gmail.com,F,1999,Gurugram,Haryana,North,Paid Search,2024-12-03
12946,Harpreet,Rao,harpreet.rao946@gmail.com,M,1983,Mumbai,Maharashtra,West,Organic Search,2024-12-03
12947,Kavya,Yadav,kavya.yadav947@gmail.com,M,1985,Bengaluru,Karnataka,South,Paid Search,2024-12-03
12948,Harpreet,Menon,harpreet.menon948@gmail.com,F,1998,Gurugram,Haryana,North,Paid Social,2024-12-03
12949,Meera,Verma,meera.verma949@gmail.com,F,1976,Ahmedabad,Gujarat,West,Email,2024-12-04
12950,Ishaan,Sharma,ishaan.sharma950@gmail.com,M,1982,Bengaluru,Karnataka,South,Organic Search,2024-12-04
12951,Aman,Menon,aman.menon951@yahoo.in,F,1993,Hyderabad,Telangana,South,Email,2024-12-04
12952,Manish,Bose,manish.bose952@outlook.com,M,1997,Bengaluru,Karnataka,South,Affiliate,2024-12-04
12953,Neha,Sharma,neha.sharma953@yahoo.in,M,1991,Lucknow,Uttar Pradesh,North,Paid Social,2024-12-04
12954,Meera,Mishra,meera.mishra954@gmail.com,M,1997,Kolkata,West Bengal,East,Referral,2024-12-04
12955,Myra,Shah,myra.shah955@rediffmail.com,F,1987,Chennai,Tamil Nadu,South,Paid Social,2024-12-04
12956,Pooja,Reddy,pooja.reddy956@rediffmail.com,M,2006,Mumbai,Maharashtra,West,Organic Search,2024-12-04
12957,Aarav,Patel,aarav.patel957@gmail.com,M,2001,Delhi,Delhi,North,Affiliate,2024-12-04
12958,Nikhil,Agarwal,nikhil.agarwal958@rediffmail.com,F,1987,Pune,Maharashtra,West,Affiliate,2024-12-04
12959,Rahul,Iyer,rahul.iyer959@gmail.com,F,1992,Chennai,Tamil Nadu,South,Paid Search,2024-12-04
12960,Farhan,Gupta,farhan.gupta960@gmail.com,F,1978,Hyderabad,Telangana,South,Organic Search,2024-12-04
12961,Pari,Pillai,pari.pillai961@gmail.com,F,2001,Chennai,Tamil Nadu,South,Organic Search,2024-12-04
12962,Kiara,Khan,kiara.khan962@gmail.com,F,1983,Kolkata,West Bengal,East,Paid Social,2024-12-05
12963,Reyansh,Reddy,reyansh.reddy963@outlook.com,F,1989,Bengaluru,Karnataka,South,Affiliate,2024-12-05
12964,Pooja,Nair,pooja.nair964@gmail.com,M,1991,Gurugram,Haryana,North,Organic Search,2024-12-05
12965,Lakshmi,Mehta,lakshmi.mehta965@yahoo.in,M,1982,Delhi,Delhi,North,Paid Social,2024-12-05
12966,Pooja,Patel,pooja.patel966@yahoo.in,F,1987,Gurugram,Haryana,North,Referral,2024-12-05
12967,Arnav,Verma,arnav.verma967@gmail.com,F,1996,Noida,Uttar Pradesh,North,Paid Search,2024-12-05
12968,Aarav,Rao,aarav.rao968@gmail.com,M,1990,Delhi,Delhi,North,Paid Social,2024-12-05
12969,Riya,Iyer,riya.iyer969@gmail.com,M,2000,Mumbai,Maharashtra,West,Paid Search,2024-12-06
12970,Aarav,Banerjee,aarav.banerjee970@gmail.com,M,1999,Hyderabad,Telangana,South,Organic Search,2024-12-06
12971,Isha,Iyer,isha.iyer971@gmail.com,F,1987,Delhi,Delhi,North,Paid Social,2024-12-06
12972,Priya,Kumar,priya.kumar972@outlook.com,F,1990,Hyderabad,Telangana,South,Organic Search,2024-12-06
12973,Priya,Khan,priya.khan973@gmail.com,M,1990,Kochi,Kerala,South,Paid Social,2024-12-07
12974,Sneha,Malhotra,sneha.malhotra974@gmail.com,M,1990,Gurugram,Haryana,North,Paid Search,2024-12-07
12975,Farhan,Joshi,farhan.joshi975@gmail.com,M,2005,Delhi,Delhi,North,Referral,2024-12-07
12976,Nikhil,Joshi,nikhil.joshi976@gmail.com,F,1995,Pune,Maharashtra,West,Paid Social,2024-12-07
12977,Aditya,Pillai,aditya.pillai977@yahoo.in,F,1980,Chennai,Tamil Nadu,South,Affiliate,2024-12-07
12978,Farhan,Verma,farhan.verma978@outlook.com,M,1988,Bengaluru,Karnataka,South,Referral,2024-12-07
12979,Myra,Bose,myra.bose979@yahoo.in,M,1990,Delhi,Delhi,North,Referral,2024-12-07
12980,Pooja,Kapoor,pooja.kapoor980@gmail.com,M,1997,Bengaluru,Karnataka,South,Paid Search,2024-12-07
12981,Lakshmi,Singh,lakshmi.singh981@outlook.com,F,2006,Hyderabad,Telangana,South,Paid Search,2024-12-07
12982,Diya,Menon,diya.menon982@yahoo.in,F,2000,Jaipur,Rajasthan,North,Referral,2024-12-07
12983,Vikram,Mehta,vikram.mehta983@gmail.com,F,1993,Bengaluru,Karnataka,South,Referral,2024-12-07
12984,Vikram,Nair,vikram.nair984@yahoo.in,M,1987,Pune,Maharashtra,West,Paid Social,2024-12-08
12985,Rahul,Iyer,rahul.iyer985@gmail.com,F,2005,Noida,Uttar Pradesh,North,Organic Search,2024-12-08
12986,Ananya,Menon,ananya.menon986@gmail.com,F,1991,Kochi,Kerala,South,Organic Search,2024-12-08
12987,Riya,Khan,riya.khan987@gmail.com,F,1982,Noida,Uttar Pradesh,North,Organic Search,2024-12-08
12988,Aman,Menon,aman.menon988@yahoo.in,M,1996,Chennai,Tamil Nadu,South,Organic Search,2024-12-08
12989,Deepak,Pillai,deepak.pillai989@gmail.com,F,1984,Bengaluru,Karnataka,South,Referral,2024-12-08
12990,Kiara,Mehta,kiara.mehta990@outlook.com,F,1999,Noida,Uttar Pradesh,North,Paid Social,2024-12-08
12991,Reyansh,Sharma,reyansh.sharma991@gmail.com,F,1990,Bengaluru,Karnataka,South,Paid Social,2024-12-08
12992,Arnav,Shah,arnav.shah992@gmail.com,M,1991,Delhi,Delhi,North,Organic Search,2024-12-09
12993,Vikram,Patel,vikram.patel993@gmail.com,F,1972,Lucknow,Uttar Pradesh,North,Referral,2024-12-09
12994,Reyansh,Bose,reyansh.bose994@gmail.com,M,2002,Jaipur,Rajasthan,North,Organic Search,2024-12-09
12995,Zoya,Singh,zoya.singh995@gmail.com,M,1984,Chennai,Tamil Nadu,South,Organic Search,2024-12-09
12996,Nikhil,Kapoor,nikhil.kapoor996@gmail.com,F,1988,Kochi,Kerala,South,Referral,2024-12-09
12997,Simran,Sharma,simran.sharma997@gmail.com,M,1995,Jaipur,Rajasthan,North,Paid Social,2024-12-09
12998,Isha,Singh,isha.singh998@outlook.com,F,1992,Pune,Maharashtra,West,Organic Search,2024-12-09
12999,Priya,Iyer,priya.iyer999@gmail.com,M,2006,Kolkata,West Bengal,East,Organic Search,2024-12-09
13000,Reyansh,Bose,reyansh.bose0@gmail.com,M,1980,Bengaluru,Karnataka,South,Paid Search,2024-12-09
13001,Isha,Menon,isha.menon1@gmail.com,F,1990,Delhi,Delhi,North,Paid Social,2024-12-09
13002,Sneha,Patel,sneha.patel2@rediffmail.com,F,2000,Mumbai,Maharashtra,West,Organic Search,2024-12-09
13003,Harpreet,Chopra,harpreet.chopra3@gmail.com,M,1990,Mumbai,Maharashtra,West,Paid Social,2024-12-10
13004,Rohan,Agarwal,rohan.agarwal4@gmail.com,F,1993,Jaipur,Rajasthan,North,Paid Search,2024-12-10
13005,Vivaan,Yadav,vivaan.yadav5@gmail.com,M,2006,Pune,Maharashtra,West,Paid Social,2024-12-10
13006,Diya,Patel,diya.patel6@gmail.com,M,1994,Bengaluru,Karnataka,South,Referral,2024-12-10
13007,Rohan,Gupta,rohan.gupta7@gmail.com,M,2005,Bengaluru,Karnataka,South,Email,2024-12-10
13008,Priya,Bose,priya.bose8@outlook.com,F,1999,Mumbai,Maharashtra,West,Organic Search,2024-12-10
13009,Nikhil,Sharma,nikhil.sharma9@gmail.com,F,1999,Bengaluru,Karnataka,South,Organic Search,2024-12-10
13010,Pari,Yadav,pari.yadav10@gmail.com,M,1992,Pune,Maharashtra,West,Organic Search,2024-12-10
13011,Saanvi,Banerjee,saanvi.banerjee11@gmail.com,M,1980,Hyderabad,Telangana,South,Organic Search,2024-12-10
13012,Myra,Joshi,myra.joshi12@outlook.com,F,2002,Delhi,Delhi,North,Paid Search,2024-12-10
13013,Manish,Joshi,manish.joshi13@gmail.com,F,1998,Mumbai,Maharashtra,West,Organic Search,2024-12-10
13014,Myra,Banerjee,myra.banerjee14@gmail.com,M,1998,Mumbai,Maharashtra,West,Referral,2024-12-11
13015,Nikhil,Sharma,nikhil.sharma15@gmail.com,F,1992,Mumbai,Maharashtra,West,Email,2024-12-11
13016,Aarav,Singh,aarav.singh16@gmail.com,M,1988,Bengaluru,Karnataka,South,Paid Social,2024-12-11
13017,Sai,Nair,sai.nair17@gmail.com,M,2004,Ahmedabad,Gujarat,West,Paid Search,2024-12-11
13018,Pari,Patel,pari.patel18@gmail.com,F,1996,Mumbai,Maharashtra,West,Paid Social,2024-12-11
13019,Amit,Kapoor,amit.kapoor19@gmail.com,F,1979,Pune,Maharashtra,West,Paid Social,2024-12-11
13020,Myra,Menon,myra.menon20@gmail.com,M,1993,Bengaluru,Karnataka,South,Paid Social,2024-12-12
13021,Ananya,Patel,ananya.patel21@gmail.com,M,1991,Bengaluru,Karnataka,South,Organic Search,2024-12-12
13022,Pooja,Agarwal,pooja.agarwal22@gmail.com,M,1972,Hyderabad,Telangana,South,Email,2024-12-12
13023,Ananya,Joshi,ananya.joshi23@gmail.com,F,1988,Chennai,Tamil Nadu,South,Paid Search,2024-12-12
13024,Neha,Bose,neha.bose24@rediffmail.com,F,2006,Bengaluru,Karnataka,South,Organic Search,2024-12-12
13025,Sai,Bose,sai.bose25@gmail.com,F,1975,Gurugram,Haryana,North,Paid Search,2024-12-12
13026,Krishna,Kapoor,krishna.kapoor26@yahoo.in,F,1984,Chennai,Tamil Nadu,South,Organic Search,2024-12-12
13027,Lakshmi,Menon,lakshmi.menon27@gmail.com,F,1974,Chandigarh,Chandigarh,North,Affiliate,2024-12-12
13028,Pooja,Chopra,pooja.chopra28@gmail.com,M,1981,Bengaluru,Karnataka,South,Paid Social,2024-12-12
13029,Aadhya,Shah,aadhya.shah29@rediffmail.com,F,1979,Kolkata,West Bengal,East,Email,2024-12-12
13030,Vivaan,Mehta,vivaan.mehta30@gmail.com,F,1984,Jaipur,Rajasthan,North,Affiliate,2024-12-12
13031,Zoya,Verma,zoya.verma31@gmail.com,F,2006,Jaipur,Rajasthan,North,Paid Social,2024-12-12
13032,Saanvi,Nair,saanvi.nair32@gmail.com,M,2001,Gurugram,Haryana,North,Referral,2024-12-12
13033,Priya,Pillai,priya.pillai33@yahoo.in,F,1991,Kolkata,West Bengal,East,Email,2024-12-12
13034,Vikram,Sharma,vikram.sharma34@outlook.com,M,2006,Mumbai,Maharashtra,West,Organic Search,2024-12-12
13035,Aditya,Kapoor,aditya.kapoor35@gmail.com,M,1990,Hyderabad,Telangana,South,Organic Search,2024-12-12
13036,Vikram,Kapoor,vikram.kapoor36@gmail.com,M,1986,Delhi,Delhi,North,Paid Search,2024-12-12
13037,Manish,Patel,manish.patel37@outlook.com,F,1990,Gurugram,Haryana,North,Paid Social,2024-12-12
13038,Ishaan,Mishra,ishaan.mishra38@gmail.com,M,1981,Delhi,Delhi,North,Referral,2024-12-13
13039,Deepak,Bose,deepak.bose39@gmail.com,F,1978,Hyderabad,Telangana,South,Paid Search,2024-12-13
13040,Saanvi,Nair,saanvi.nair40@gmail.com,F,1999,Delhi,Delhi,North,Email,2024-12-13
13041,Aarav,Shah,aarav.shah41@gmail.com,M,1996,Kochi,Kerala,South,Paid Social,2024-12-13
13042,Priya,Joshi,priya.joshi42@gmail.com,M,1983,Bengaluru,Karnataka,South,Paid Search,2024-12-13
13043,Rohan,Mehta,rohan.mehta43@gmail.com,F,1997,Kochi,Kerala,South,Paid Social,2024-12-13
13044,Kiara,Chopra,kiara.chopra44@gmail.com,M,1998,Mumbai,Maharashtra,West,Email,2024-12-14
13045,Krishna,Menon,krishna.menon45@gmail.com,M,1989,Pune,Maharashtra,West,Paid Search,2024-12-14
13046,Tanvi,Rao,tanvi.rao46@gmail.com,M,1986,Delhi,Delhi,North,Paid Search,2024-12-14
13047,Pari,Joshi,pari.joshi47@yahoo.in,M,2000,Mumbai,Maharashtra,West,Paid Social,2024-12-14
13048,Riya,Rao,riya.rao48@yahoo.in,F,1997,Indore,Madhya Pradesh,West,Paid Search,2024-12-14
13049,Rohan,Agarwal,rohan.agarwal49@gmail.com,F,2006,Delhi,Delhi,North,Organic Search,2024-12-14
13050,Vivaan,Kumar,vivaan.kumar50@gmail.com,F,1997,Kolkata,West Bengal,East,Email,2024-12-14
13051,Saanvi,Khan,saanvi.khan51@outlook.com,F,1979,Delhi,Delhi,North,Organic Search,2024-12-14
13052,Riya,Pillai,riya.pillai52@gmail.com,M,1981,Lucknow,Uttar Pradesh,North,Organic Search,2024-12-14
13053,Manish,Kumar,manish.kumar53@outlook.com,M,1992,Indore,Madhya Pradesh,West,Email,2024-12-14
13054,Arnav,Agarwal,arnav.agarwal54@rediffmail.com,F,2000,Pune,Maharashtra,West,Paid Social,2024-12-15
13055,Aarav,Sharma,aarav.sharma55@gmail.com,M,1996,Lucknow,Uttar Pradesh,North,Paid Search,2024-12-15
13056,Lakshmi,Sharma,lakshmi.sharma56@gmail.com,F,1989,Kolkata,West Bengal,East,Paid Search,2024-12-15
13057,Myra,Das,myra.das57@gmail.com,M,1980,Gurugram,Haryana,North,Organic Search,2024-12-15
13058,Aditya,Malhotra,aditya.malhotra58@gmail.com,F,2005,Ahmedabad,Gujarat,West,Organic Search,2024-12-15
13059,Kabir,Gupta,kabir.gupta59@gmail.com,M,2005,Delhi,Delhi,North,Email,2024-12-15
13060,Arnav,Banerjee,arnav.banerjee60@gmail.com,M,1982,Delhi,Delhi,North,Organic Search,2024-12-15
13061,Pooja,Kumar,pooja.kumar61@rediffmail.com,F,1999,Pune,Maharashtra,West,Organic Search,2024-12-15
13062,Krishna,Yadav,krishna.yadav62@gmail.com,F,1996,Hyderabad,Telangana,South,Referral,2024-12-15
13063,Zoya,Agarwal,zoya.agarwal63@rediffmail.com,M,1999,Pune,Maharashtra,West,Email,2024-12-15
13064,Saanvi,Shah,saanvi.shah64@gmail.com,F,2006,Jaipur,Rajasthan,North,Paid Social,2024-12-15
13065,Sai,Das,sai.das65@gmail.com,F,2005,Delhi,Delhi,North,Organic Search,2024-12-16
13066,Myra,Chopra,myra.chopra66@gmail.com,M,1998,Kolkata,West Bengal,East,Organic Search,2024-12-16
13067,Farhan,Nair,farhan.nair67@yahoo.in,M,1992,Noida,Uttar Pradesh,North,Affiliate,2024-12-16
13068,Diya,Das,diya.das68@gmail.com,M,1991,Ahmedabad,Gujarat,West,Paid Social,2024-12-16
13069,Krishna,Khan,krishna.khan69@outlook.com,M,1992,Delhi,Delhi,North,Referral,2024-12-16
13070,Diya,Shah,diya.shah70@gmail.com,F,2006,Delhi,Delhi,North,Paid Search,2024-12-16
13071,Zoya,Mishra,zoya.mishra71@gmail.com,M,1994,Gurugram,Haryana,North,Referral,2024-12-16
13072,Krishna,Reddy,krishna.reddy72@gmail.com,F,2000,Delhi,Delhi,North,Affiliate,2024-12-16
13073,Priya,Iyer,priya.iyer73@gmail.com,M,1997,Pune,Maharashtra,West,Paid Search,2024-12-16
13074,Meera,Joshi,meera.joshi74@yahoo.in,M,1986,Mumbai,Maharashtra,West,Paid Search,2024-12-17
13075,Aditya,Agarwal,aditya.agarwal75@gmail.com,M,1997,Hyderabad,Telangana,South,Organic Search,2024-12-17
13076,Pooja,Nair,pooja.nair76@outlook.com,M,1988,Delhi,Delhi,North,Referral,2024-12-17
13077,Zoya,Verma,zoya.verma77@gmail.com,M,1986,Mumbai,Maharashtra,West,Organic Search,2024-12-17
13078,Vikram,Singh,vikram.singh78@gmail.com,M,1998,Mumbai,Maharashtra,West,Organic Search,2024-12-17
13079,Ishaan,Das,ishaan.das79@rediffmail.com,F,1983,Lucknow,Uttar Pradesh,North,Paid Social,2024-12-17
13080,Rahul,Yadav,rahul.yadav80@yahoo.in,F,2001,Delhi,Delhi,North,Referral,2024-12-17
13081,Lakshmi,Pillai,lakshmi.pillai81@gmail.com,M,1998,Delhi,Delhi,North,Paid Search,2024-12-17
13082,Rohan,Reddy,rohan.reddy82@gmail.com,M,2004,Delhi,Delhi,North,Affiliate,2024-12-17
13083,Krishna,Chopra,krishna.chopra83@outlook.com,M,1997,Mumbai,Maharashtra,West,Organic Search,2024-12-17
13084,Pooja,Bose,pooja.bose84@gmail.com,F,1986,Delhi,Delhi,North,Paid Social,2024-12-18
13085,Kiara,Reddy,kiara.reddy85@gmail.com,F,2002,Mumbai,Maharashtra,West,Paid Social,2024-12-18
13086,Meera,Agarwal,meera.agarwal86@gmail.com,M,2003,Mumbai,Maharashtra,West,Paid Social,2024-12-18
13087,Vikram,Rao,vikram.rao87@gmail.com,M,2001,Mumbai,Maharashtra,West,Paid Social,2024-12-18
13088,Aditya,Rao,aditya.rao88@gmail.com,F,1999,Noida,Uttar Pradesh,North,Paid Social,2024-12-18
13089,Riya,Singh,riya.singh89@gmail.com,F,1982,Pune,Maharashtra,West,Referral,2024-12-18
13090,Manish,Gupta,manish.gupta90@gmail.com,F,2000,Mumbai,Maharashtra,West,Referral,2024-12-18
13091,Reyansh,Mehta,reyansh.mehta91@gmail.com,F,1984,Kolkata,West Bengal,East,Affiliate,2024-12-18
13092,Pooja,Banerjee,pooja.banerjee92@gmail.com,M,1989,Delhi,Delhi,North,Affiliate,2024-12-18
13093,Pari,Iyer,pari.iyer93@gmail.com,F,1987,Delhi,Delhi,North,Paid Social,2024-12-18
13094,Karan,Shah,karan.shah94@gmail.com,F,1981,Hyderabad,Telangana,South,Paid Social,2024-12-18
13095,Pooja,Reddy,pooja.reddy95@gmail.com,F,1995,Lucknow,Uttar Pradesh,North,Paid Search,2024-12-19
13096,Sneha,Das,sneha.das96@gmail.com,M,1993,Gurugram,Haryana,North,Paid Social,2024-12-19
13097,Reyansh,Verma,reyansh.verma97@yahoo.in,M,2004,Chennai,Tamil Nadu,South,Organic Search,2024-12-19
13098,Tanvi,Sharma,tanvi.sharma98@gmail.com,M,2003,Pune,Maharashtra,West,Paid Search,2024-12-19
13099,Meera,Nair,meera.nair99@gmail.com,M,1995,Indore,Madhya Pradesh,West,Email,2024-12-19
13100,Meera,Agarwal,meera.agarwal100@yahoo.in,F,2000,Delhi,Delhi,North,Paid Social,2024-12-19
13101,Ishaan,Chopra,ishaan.chopra101@gmail.com,M,1993,Lucknow,Uttar Pradesh,North,Organic Search,2024-12-19
13102,Zoya,Pillai,zoya.pillai102@gmail.com,F,1993,Lucknow,Uttar Pradesh,North,Paid Social,2024-12-19
13103,Rohan,Agarwal,rohan.agarwal103@yahoo.in,F,1995,Hyderabad,Telangana,South,Paid Search,2024-12-19
13104,Krishna,Chopra,krishna.chopra104@gmail.com,F,1992,Mumbai,Maharashtra,West,Referral,2024-12-19
13105,Saanvi,Mehta,saanvi.mehta105@gmail.com,M,1995,Ahmedabad,Gujarat,West,Organic Search,2024-12-19
13106,Krishna,Das,krishna.das106@outlook.com,F,1999,Kolkata,West Bengal,East,Paid Social,2024-12-19
13107,Saanvi,Sharma,saanvi.sharma107@gmail.com,F,1984,Kolkata,West Bengal,East,Paid Social,2024-12-20
13108,Rohan,Nair,rohan.nair108@gmail.com,F,1990,Delhi,Delhi,North,Paid Social,2024-12-20
13109,Arjun,Joshi,arjun.joshi109@gmail.com,M,2000,Ahmedabad,Gujarat,West,Organic Search,2024-12-20
13110,Kavya,Patel,kavya.patel110@rediffmail.com,F,1989,Bengaluru,Karnataka,South,Referral,2024-12-20
13111,Tanvi,Singh,tanvi.singh111@gmail.com,F,1989,Hyderabad,Telangana,South,Referral,2024-12-20
13112,Pari,Chopra,pari.chopra112@outlook.com,F,2002,Kochi,Kerala,South,Paid Search,2024-12-20
13113,Myra,Joshi,myra.joshi113@gmail.com,F,1988,Bengaluru,Karnataka,South,Organic Search,2024-12-20
13114,Aadhya,Menon,aadhya.menon114@outlook.com,M,1997,Bengaluru,Karnataka,South,Paid Social,2024-12-20
13115,Riya,Kapoor,riya.kapoor115@yahoo.in,F,1995,Delhi,Delhi,North,Paid Search,2024-12-21
13116,Kabir,Bose,kabir.bose116@gmail.com,F,2001,Ahmedabad,Gujarat,West,Paid Search,2024-12-21
13117,Arjun,Joshi,arjun.joshi117@gmail.com,M,1993,Indore,Madhya Pradesh,West,Paid Search,2024-12-21
13118,Neha,Rao,neha.rao118@gmail.com,M,1987,Bengaluru,Karnataka,South,Paid Search,2024-12-21
13119,Rohan,Yadav,rohan.yadav119@gmail.com,M,1988,Ahmedabad,Gujarat,West,Referral,2024-12-21
13120,Lakshmi,Chopra,lakshmi.chopra120@gmail.com,F,2006,Mumbai,Maharashtra,West,Affiliate,2024-12-21
13121,Pari,Reddy,pari.reddy121@yahoo.in,F,1989,Pune,Maharashtra,West,Paid Social,2024-12-21
13122,Meera,Pillai,meera.pillai122@gmail.com,M,1989,Kolkata,West Bengal,East,Organic Search,2024-12-21
13123,Myra,Gupta,myra.gupta123@gmail.com,F,1990,Chandigarh,Chandigarh,North,Paid Search,2024-12-21
13124,Ishaan,Joshi,ishaan.joshi124@yahoo.in,F,1991,Hyderabad,Telangana,South,Organic Search,2024-12-21
13125,Aadhya,Mishra,aadhya.mishra125@gmail.com,M,1990,Indore,Madhya Pradesh,West,Paid Social,2024-12-22
13126,Simran,Mishra,simran.mishra126@gmail.com,F,1998,Mumbai,Maharashtra,West,Paid Social,2024-12-22
13127,Arjun,Bose,arjun.bose127@gmail.com,M,1994,Mumbai,Maharashtra,West,Affiliate,2024-12-22
13128,Deepak,Chopra,deepak.chopra128@gmail.com,M,1989,Pune,Maharashtra,West,Paid Search,2024-12-22
13129,Aarav,Nair,aarav.nair129@gmail.com,M,1999,Hyderabad,Telangana,South,Organic Search,2024-12-22
13130,Nikhil,Reddy,nikhil.reddy130@gmail.com,M,1996,Delhi,Delhi,North,Paid Social,2024-12-22
13131,Tanvi,Joshi,tanvi.joshi131@gmail.com,M,2004,Kochi,Kerala,South,Paid Search,2024-12-22
13132,Pooja,Chopra,pooja.chopra132@gmail.com,M,1996,Hyderabad,Telangana,South,Organic Search,2024-12-22
13133,Aditya,Iyer,aditya.iyer133@gmail.com,M,1992,Mumbai,Maharashtra,West,Paid Search,2024-12-22
13134,Meera,Reddy,meera.reddy134@outlook.com,F,1992,Delhi,Delhi,North,Organic Search,2024-12-22
13135,Aditya,Bose,aditya.bose135@yahoo.in,F,1995,Delhi,Delhi,North,Organic Search,2024-12-22
13136,Riya,Khan,riya.khan136@rediffmail.com,M,1996,Gurugram,Haryana,North,Paid Social,2024-12-22
13137,Zoya,Joshi,zoya.joshi137@gmail.com,F,1993,Delhi,Delhi,North,Referral,2024-12-22
13138,Harpreet,Kapoor,harpreet.kapoor138@gmail.com,F,1990,Delhi,Delhi,North,Email,2024-12-22
13139,Myra,Menon,myra.menon139@gmail.com,M,1999,Kolkata,West Bengal,East,Organic Search,2024-12-22
13140,Meera,Agarwal,meera.agarwal140@gmail.com,F,1997,Bengaluru,Karnataka,South,Paid Search,2024-12-23
13141,Ishaan,Bose,ishaan.bose141@yahoo.in,M,1994,Hyderabad,Telangana,South,Email,2024-12-23
13142,Amit,Reddy,amit.reddy142@gmail.com,M,1999,Ahmedabad,Gujarat,West,Affiliate,2024-12-23
13143,Nikhil,Mishra,nikhil.mishra143@gmail.com,F,1993,Indore,Madhya Pradesh,West,Email,2024-12-23
13144,Ishaan,Agarwal,ishaan.agarwal144@gmail.com,F,1994,Chennai,Tamil Nadu,South,Paid Social,2024-12-23
13145,Simran,Chopra,simran.chopra145@gmail.com,M,1999,Lucknow,Uttar Pradesh,North,Email,2024-12-23
13146,Pari,Singh,pari.singh146@gmail.com,F,2000,Bengaluru,Karnataka,South,Paid Social,2024-12-23
13147,Deepak,Khan,deepak.khan147@gmail.com,F,1999,Chennai,Tamil Nadu,South,Organic Search,2024-12-23
13148,Arjun,Rao,arjun.rao148@gmail.com,F,1987,Kolkata,West Bengal,East,Organic Search,2024-12-23
13149,Rohan,Kumar,rohan.kumar149@gmail.com,F,1997,Mumbai,Maharashtra,West,Affiliate,2024-12-23
13150,Riya,Iyer,riya.iyer150@rediffmail.com,M,1994,Chennai,Tamil Nadu,South,Affiliate,2024-12-23
13151,Ishaan,Bose,ishaan.bose151@gmail.com,F,1997,Pune,Maharashtra,West,Paid Search,2024-12-24
13152,Manish,Malhotra,manish.malhotra152@gmail.com,M,2006,Lucknow,Uttar Pradesh,North,Paid Social,2024-12-24
13153,Deepak,Patel,deepak.patel153@gmail.com,M,1992,Lucknow,Uttar Pradesh,North,Paid Search,2024-12-24
13154,Arjun,Mishra,arjun.mishra154@gmail.com,F,1994,Mumbai,Maharashtra,West,Paid Social,2024-12-24
13155,Simran,Mishra,simran.mishra155@gmail.com,F,1989,Lucknow,Uttar Pradesh,North,Paid Search,2024-12-24
13156,Isha,Singh,isha.singh156@gmail.com,F,1992,Delhi,Delhi,North,Paid Search,2024-12-24
13157,Simran,Verma,simran.verma157@gmail.com,M,1988,Delhi,Delhi,North,Paid Search,2024-12-24
13158,Nikhil,Pillai,nikhil.pillai158@gmail.com,F,1985,Chennai,Tamil Nadu,South,Paid Search,2024-12-24
13159,Aadhya,Verma,aadhya.verma159@gmail.com,M,1978,Chennai,Tamil Nadu,South,Affiliate,2024-12-24
13160,Vivaan,Pillai,vivaan.pillai160@yahoo.in,M,1988,Chennai,Tamil Nadu,South,Email,2024-12-24
13161,Aadhya,Khan,aadhya.khan161@gmail.com,M,1988,Ahmedabad,Gujarat,West,Organic Search,2024-12-25
13162,Isha,Agarwal,isha.agarwal162@gmail.com,M,1993,Kolkata,West Bengal,East,Organic Search,2024-12-25
13163,Amit,Sharma,amit.sharma163@gmail.com,F,1989,Pune,Maharashtra,West,Paid Search,2024-12-25
13164,Zoya,Menon,zoya.menon164@yahoo.in,F,2002,Mumbai,Maharashtra,West,Organic Search,2024-12-25
13165,Aman,Gupta,aman.gupta165@rediffmail.com,F,1995,Pune,Maharashtra,West,Paid Social,2024-12-25
13166,Diya,Joshi,diya.joshi166@gmail.com,M,1999,Lucknow,Uttar Pradesh,North,Paid Social,2024-12-25
13167,Ishaan,Kapoor,ishaan.kapoor167@gmail.com,F,2001,Indore,Madhya Pradesh,West,Organic Search,2024-12-25
13168,Meera,Singh,meera.singh168@gmail.com,M,2005,Mumbai,Maharashtra,West,Affiliate,2024-12-26
13169,Riya,Agarwal,riya.agarwal169@gmail.com,M,2001,Kolkata,West Bengal,East,Referral,2024-12-26
13170,Vikram,Pillai,vikram.pillai170@gmail.com,M,1986,Gurugram,Haryana,North,Organic Search,2024-12-26
13171,Vikram,Mishra,vikram.mishra171@gmail.com,F,2000,Delhi,Delhi,North,Paid Social,2024-12-26
13172,Nikhil,Khan,nikhil.khan172@gmail.com,F,1996,Mumbai,Maharashtra,West,Paid Search,2024-12-26
13173,Kiara,Iyer,kiara.iyer173@gmail.com,F,2004,Noida,Uttar Pradesh,North,Paid Social,2024-12-26
13174,Kabir,Kapoor,kabir.kapoor174@gmail.com,F,1994,Kolkata,West Bengal,East,Paid Search,2024-12-26
13175,Zoya,Singh,zoya.singh175@gmail.com,M,2003,Ahmedabad,Gujarat,West,Organic Search,2024-12-26
13176,Krishna,Bose,krishna.bose176@gmail.com,F,1994,Mumbai,Maharashtra,West,Paid Search,2024-12-27
13177,Aditya,Kumar,aditya.kumar177@gmail.com,M,1995,Bengaluru,Karnataka,South,Affiliate,2024-12-27
13178,Aarav,Agarwal,aarav.agarwal178@outlook.com,M,1999,Mumbai,Maharashtra,West,Referral,2024-12-27
13179,Myra,Verma,myra.verma179@gmail.com,F,1991,Noida,Uttar Pradesh,North,Paid Social,2024-12-27
13180,Neha,Das,neha.das180@outlook.com,M,1998,Mumbai,Maharashtra,West,Email,2024-12-27
13181,Amit,Yadav,amit.yadav181@rediffmail.com,F,1981,Jaipur,Rajasthan,North,Referral,2024-12-27
13182,Ishaan,Mehta,ishaan.mehta182@gmail.com,M,1997,Bengaluru,Karnataka,South,Email,2024-12-27
13183,Isha,Sharma,isha.sharma183@outlook.com,M,1983,Hyderabad,Telangana,South,Organic Search,2024-12-27
13184,Meera,Yadav,meera.yadav184@gmail.com,M,1998,Lucknow,Uttar Pradesh,North,Organic Search,2024-12-27
13185,Diya,Chopra,diya.chopra185@gmail.com,M,1969,Bengaluru,Karnataka,South,Referral,2024-12-27
13186,Amit,Banerjee,amit.banerjee186@gmail.com,F,1979,Bengaluru,Karnataka,South,Affiliate,2024-12-27
13187,Ananya,Yadav,ananya.yadav187@gmail.com,F,1994,Mumbai,Maharashtra,West,Paid Social,2024-12-27
13188,Simran,Chopra,simran.chopra188@gmail.com,M,1994,Pune,Maharashtra,West,Affiliate,2024-12-27
13189,Isha,Chopra,isha.chopra189@outlook.com,M,1991,Mumbai,Maharashtra,West,Paid Social,2024-12-28
13190,Aman,Pillai,aman.pillai190@rediffmail.com,M,1999,Mumbai,Maharashtra,West,Organic Search,2024-12-28
13191,Saanvi,Kumar,saanvi.kumar191@gmail.com,F,2001,Mumbai,Maharashtra,West,Affiliate,2024-12-28
13192,Pari,Gupta,pari.gupta192@yahoo.in,M,2006,Jaipur,Rajasthan,North,Referral,2024-12-28
13193,Farhan,Malhotra,farhan.malhotra193@gmail.com,F,1994,Pune,Maharashtra,West,Paid Social,2024-12-28
13194,Diya,Bose,diya.bose194@gmail.com,M,2002,Hyderabad,Telangana,South,Referral,2024-12-28
13195,Nikhil,Menon,nikhil.menon195@gmail.com,F,1987,Mumbai,Maharashtra,West,Paid Search,2024-12-28
13196,Arjun,Sharma,arjun.sharma196@gmail.com,M,1989,Kolkata,West Bengal,East,Paid Social,2024-12-28
13197,Simran,Verma,simran.verma197@gmail.com,M,1987,Noida,Uttar Pradesh,North,Paid Search,2024-12-29
13198,Farhan,Menon,farhan.menon198@yahoo.in,M,1993,Mumbai,Maharashtra,West,Paid Social,2024-12-29
13199,Sneha,Kumar,sneha.kumar199@gmail.com,M,1995,Indore,Madhya Pradesh,West,Paid Social,2024-12-29
13200,Neha,Chopra,neha.chopra200@yahoo.in,F,2002,Ahmedabad,Gujarat,West,Organic Search,2024-12-29
13201,Pari,Mehta,pari.mehta201@gmail.com,F,1996,Kolkata,West Bengal,East,Organic Search,2024-12-29
13202,Saanvi,Kumar,saanvi.kumar202@gmail.com,M,2004,Chandigarh,Chandigarh,North,Organic Search,2024-12-29
13203,Aadhya,Bose,aadhya.bose203@outlook.com,F,2004,Mumbai,Maharashtra,West,Paid Social,2024-12-29
13204,Nikhil,Bose,nikhil.bose204@gmail.com,M,1994,Indore,Madhya Pradesh,West,Paid Search,2024-12-30
13205,Rohan,Iyer,rohan.iyer205@yahoo.in,F,1993,Indore,Madhya Pradesh,West,Paid Social,2024-12-30
13206,Ananya,Mishra,ananya.mishra206@gmail.com,F,1981,Hyderabad,Telangana,South,Paid Social,2024-12-30
13207,Myra,Malhotra,myra.malhotra207@gmail.com,M,1989,Hyderabad,Telangana,South,Organic Search,2024-12-30
13208,Neha,Patel,neha.patel208@outlook.com,F,1987,Delhi,Delhi,North,Referral,2024-12-31
13209,Ananya,Reddy,ananya.reddy209@gmail.com,F,1987,Hyderabad,Telangana,South,Paid Social,2024-12-31
13210,Isha,Verma,isha.verma210@gmail.com,M,1990,Bengaluru,Karnataka,South,Paid Social,2024-12-31
13211,Aman,Chopra,aman.chopra211@gmail.com,M,1998,Ahmedabad,Gujarat,West,Organic Search,2024-12-31
13212,Ananya,Khan,ananya.khan212@gmail.com,F,1996,Chandigarh,Chandigarh,North,Paid Social,2024-12-31
13213,Krishna,Kumar,krishna.kumar213@rediffmail.com,F,2001,Kochi,Kerala,South,Paid Social,2024-12-31
13214,Zoya,Rao,zoya.rao214@gmail.com,M,1997,Bengaluru,Karnataka,South,Referral,2024-12-31
13215,Ananya,Iyer,ananya.iyer215@gmail.com,M,1989,Lucknow,Uttar Pradesh,North,Organic Search,2024-12-31
13216,Nikhil,Kumar,nikhil.kumar216@gmail.com,M,2000,Jaipur,Rajasthan,North,Referral,2024-12-31
13217,Kavya,Kumar,kavya.kumar217@gmail.com,M,1983,Bengaluru,Karnataka,South,Affiliate,2024-12-31
13218,Rahul,Chopra,rahul.chopra218@gmail.com,F,2001,Kochi,Kerala,South,Email,2024-12-31
13219,Amit,Shah,amit.shah219@gmail.com,F,1987,Pune,Maharashtra,West,Email,2024-12-31
13220,Tanvi,Khan,tanvi.khan220@gmail.com,M,1975,Chennai,Tamil Nadu,South,Organic Search,2025-01-01
13221,Reyansh,Malhotra,reyansh.malhotra221@gmail.com,F,1998,Mumbai,Maharashtra,West,Paid Social,2025-01-01
13222,Arjun,Mishra,arjun.mishra222@gmail.com,M,1991,Mumbai,Maharashtra,West,Organic Search,2025-01-01
13223,Ishaan,Rao,ishaan.rao223@outlook.com,M,2003,Bengaluru,Karnataka,South,Paid Social,2025-01-01
13224,Isha,Kapoor,isha.kapoor224@gmail.com,F,2001,Delhi,Delhi,North,Paid Social,2025-01-01
13225,Simran,Khan,simran.khan225@gmail.com,F,1986,Delhi,Delhi,North,Referral,2025-01-02
13226,Vikram,Singh,vikram.singh226@gmail.com,M,2006,Bengaluru,Karnataka,South,Affiliate,2025-01-02
13227,Harpreet,Rao,harpreet.rao227@gmail.com,M,1978,Lucknow,Uttar Pradesh,North,Affiliate,2025-01-02
13228,Myra,Pillai,myra.pillai228@gmail.com,F,1997,Gurugram,Haryana,North,Organic Search,2025-01-02
13229,Aman,Mehta,aman.mehta229@gmail.com,M,2005,Delhi,Delhi,North,Email,2025-01-02
13230,Nikhil,Joshi,nikhil.joshi230@rediffmail.com,F,1985,Noida,Uttar Pradesh,North,Email,2025-01-02
13231,Sai,Gupta,sai.gupta231@yahoo.in,F,2006,Lucknow,Uttar Pradesh,North,Referral,2025-01-02
13232,Rahul,Mehta,rahul.mehta232@gmail.com,F,1995,Mumbai,Maharashtra,West,Organic Search,2025-01-02
13233,Karan,Shah,karan.shah233@gmail.com,F,1996,Kolkata,West Bengal,East,Organic Search,2025-01-02
13234,Myra,Kumar,myra.kumar234@yahoo.in,F,2003,Bengaluru,Karnataka,South,Paid Search,2025-01-03
13235,Farhan,Rao,farhan.rao235@gmail.com,M,1997,Bengaluru,Karnataka,South,Organic Search,2025-01-03
13236,Kiara,Agarwal,kiara.agarwal236@gmail.com,F,1983,Delhi,Delhi,North,Paid Search,2025-01-03
13237,Nikhil,Pillai,nikhil.pillai237@gmail.com,F,1968,Noida,Uttar Pradesh,North,Organic Search,2025-01-03
13238,Nikhil,Mishra,nikhil.mishra238@outlook.com,M,1986,Chennai,Tamil Nadu,South,Paid Social,2025-01-03
13239,Rohan,Kumar,rohan.kumar239@gmail.com,M,1986,Bengaluru,Karnataka,South,Paid Social,2025-01-03
13240,Aditya,Patel,aditya.patel240@yahoo.in,F,1986,Hyderabad,Telangana,South,Organic Search,2025-01-03
13241,Arnav,Nair,arnav.nair241@outlook.com,M,1988,Mumbai,Maharashtra,West,Email,2025-01-03
13242,Simran,Sharma,simran.sharma242@gmail.com,F,1971,Ahmedabad,Gujarat,West,Organic Search,2025-01-03
13243,Kavya,Sharma,kavya.sharma243@rediffmail.com,M,1984,Pune,Maharashtra,West,Paid Search,2025-01-04
13244,Aditya,Malhotra,aditya.malhotra244@gmail.com,F,1998,Noida,Uttar Pradesh,North,Paid Social,2025-01-04
13245,Tanvi,Iyer,tanvi.iyer245@yahoo.in,F,2002,Hyderabad,Telangana,South,Paid Social,2025-01-04
13246,Reyansh,Menon,reyansh.menon246@gmail.com,F,1988,Chandigarh,Chandigarh,North,Paid Search,2025-01-04
13247,Neha,Mishra,neha.mishra247@gmail.com,F,1999,Mumbai,Maharashtra,West,Paid Social,2025-01-04
13248,Aman,Rao,aman.rao248@gmail.com,M,1973,Delhi,Delhi,North,Paid Search,2025-01-04
13249,Ananya,Kapoor,ananya.kapoor249@gmail.com,M,1996,Bengaluru,Karnataka,South,Organic Search,2025-01-04
13250,Pari,Reddy,pari.reddy250@gmail.com,M,2003,Hyderabad,Telangana,South,Paid Search,2025-01-04
13251,Neha,Pillai,neha.pillai251@gmail.com,F,1998,Mumbai,Maharashtra,West,Organic Search,2025-01-04
13252,Priya,Mishra,priya.mishra252@gmail.com,M,1993,Kolkata,West Bengal,East,Affiliate,2025-01-04
13253,Aarav,Singh,aarav.singh253@rediffmail.com,F,1973,Lucknow,Uttar Pradesh,North,Paid Social,2025-01-04
13254,Pari,Khan,pari.khan254@yahoo.in,M,2006,Chennai,Tamil Nadu,South,Organic Search,2025-01-04
13255,Simran,Menon,simran.menon255@gmail.com,F,2006,Bengaluru,Karnataka,South,Referral,2025-01-05
13256,Arjun,Joshi,arjun.joshi256@gmail.com,M,1999,Kochi,Kerala,South,Referral,2025-01-05
13257,Saanvi,Kapoor,saanvi.kapoor257@outlook.com,F,2004,Bengaluru,Karnataka,South,Paid Search,2025-01-05
13258,Vikram,Verma,vikram.verma258@yahoo.in,M,1994,Pune,Maharashtra,West,Affiliate,2025-01-05
13259,Myra,Nair,myra.nair259@gmail.com,F,2000,Mumbai,Maharashtra,West,Paid Social,2025-01-05
13260,Tanvi,Verma,tanvi.verma260@yahoo.in,M,2000,Hyderabad,Telangana,South,Organic Search,2025-01-05
13261,Ananya,Pillai,ananya.pillai261@gmail.com,F,1993,Chennai,Tamil Nadu,South,Referral,2025-01-05
13262,Ishaan,Chopra,ishaan.chopra262@gmail.com,F,1987,Ahmedabad,Gujarat,West,Affiliate,2025-01-05
13263,Lakshmi,Kumar,lakshmi.kumar263@gmail.com,M,2001,Bengaluru,Karnataka,South,Organic Search,2025-01-05
13264,Farhan,Kapoor,farhan.kapoor264@gmail.com,M,2006,Mumbai,Maharashtra,West,Organic Search,2025-01-05
13265,Diya,Khan,diya.khan265@yahoo.in,F,2003,Noida,Uttar Pradesh,North,Paid Social,2025-01-05
13266,Arjun,Agarwal,arjun.agarwal266@yahoo.in,M,1996,Delhi,Delhi,North,Referral,2025-01-05
13267,Isha,Pillai,isha.pillai267@outlook.com,M,1996,Bengaluru,Karnataka,South,Organic Search,2025-01-06
13268,Farhan,Shah,farhan.shah268@gmail.com,F,1996,Bengaluru,Karnataka,South,Affiliate,2025-01-06
13269,Vikram,Patel,vikram.patel269@yahoo.in,F,1975,Bengaluru,Karnataka,South,Organic Search,2025-01-06
13270,Nikhil,Joshi,nikhil.joshi270@rediffmail.com,F,1993,Ahmedabad,Gujarat,West,Referral,2025-01-06
13271,Amit,Kumar,amit.kumar271@gmail.com,F,1992,Mumbai,Maharashtra,West,Email,2025-01-06
13272,Lakshmi,Malhotra,lakshmi.malhotra272@gmail.com,F,1984,Lucknow,Uttar Pradesh,North,Organic Search,2025-01-06
13273,Sai,Das,sai.das273@outlook.com,M,2002,Delhi,Delhi,North,Paid Social,2025-01-07
13274,Aman,Malhotra,aman.malhotra274@gmail.com,M,1996,Gurugram,Haryana,North,Organic Search,2025-01-07
13275,Kavya,Verma,kavya.verma275@yahoo.in,F,1973,Bengaluru,Karnataka,South,Paid Social,2025-01-07
13276,Simran,Das,simran.das276@gmail.com,F,1995,Hyderabad,Telangana,South,Paid Social,2025-01-07
13277,Diya,Mehta,diya.mehta277@gmail.com,F,2004,Kochi,Kerala,South,Referral,2025-01-07
13278,Kavya,Sharma,kavya.sharma278@outlook.com,F,1989,Delhi,Delhi,North,Paid Social,2025-01-07
13279,Kavya,Singh,kavya.singh279@gmail.com,M,1985,Hyderabad,Telangana,South,Paid Search,2025-01-07
13280,Simran,Kapoor,simran.kapoor280@gmail.com,F,1983,Indore,Madhya Pradesh,West,Organic Search,2025-01-07
13281,Aadhya,Joshi,aadhya.joshi281@gmail.com,F,1994,Jaipur,Rajasthan,North,Organic Search,2025-01-07
13282,Zoya,Verma,zoya.verma282@gmail.com,M,1988,Bengaluru,Karnataka,South,Paid Social,2025-01-07
13283,Harpreet,Singh,harpreet.singh283@gmail.com,F,1982,Kolkata,West Bengal,East,Email,2025-01-07
13284,Ishaan,Shah,ishaan.shah284@gmail.com,M,2006,Mumbai,Maharashtra,West,Referral,2025-01-07
13285,Ananya,Kumar,ananya.kumar285@gmail.com,M,1995,Bengaluru,Karnataka,South,Paid Search,2025-01-07
13286,Farhan,Mishra,farhan.mishra286@gmail.com,M,1989,Lucknow,Uttar Pradesh,North,Affiliate,2025-01-07
13287,Aman,Reddy,aman.reddy287@gmail.com,F,2006,Noida,Uttar Pradesh,North,Organic Search,2025-01-08
13288,Karan,Gupta,karan.gupta288@yahoo.in,M,1996,Gurugram,Haryana,North,Affiliate,2025-01-08
13289,Amit,Kapoor,amit.kapoor289@gmail.com,F,1992,Delhi,Delhi,North,Organic Search,2025-01-08
13290,Kavya,Singh,kavya.singh290@outlook.com,F,1995,Bengaluru,Karnataka,South,Organic Search,2025-01-08
13291,Saanvi,Kapoor,saanvi.kapoor291@outlook.com,F,1989,Gurugram,Haryana,North,Email,2025-01-08
13292,Nikhil,Agarwal,nikhil.agarwal292@gmail.com,M,1992,Bengaluru,Karnataka,South,Paid Search,2025-01-08
13293,Kavya,Menon,kavya.menon293@gmail.com,F,1998,Chennai,Tamil Nadu,South,Email,2025-01-08
13294,Ananya,Khan,ananya.khan294@yahoo.in,F,2006,Chennai,Tamil Nadu,South,Referral,2025-01-08
13295,Aditya,Shah,aditya.shah295@gmail.com,F,1989,Jaipur,Rajasthan,North,Organic Search,2025-01-08
13296,Krishna,Rao,krishna.rao296@outlook.com,M,1999,Delhi,Delhi,North,Organic Search,2025-01-08
13297,Meera,Sharma,meera.sharma297@rediffmail.com,M,1982,Mumbai,Maharashtra,West,Paid Search,2025-01-08
13298,Diya,Iyer,diya.iyer298@gmail.com,M,1998,Gurugram,Haryana,North,Paid Social,2025-01-09
13299,Nikhil,Sharma,nikhil.sharma299@gmail.com,M,2006,Mumbai,Maharashtra,West,Paid Search,2025-01-09
13300,Neha,Yadav,neha.yadav300@gmail.com,F,1994,Ahmedabad,Gujarat,West,Organic Search,2025-01-09
13301,Harpreet,Banerjee,harpreet.banerjee301@gmail.com,F,1989,Bengaluru,Karnataka,South,Organic Search,2025-01-09
13302,Meera,Khan,meera.khan302@gmail.com,M,1989,Noida,Uttar Pradesh,North,Paid Social,2025-01-09
13303,Pooja,Kapoor,pooja.kapoor303@yahoo.in,F,1997,Noida,Uttar Pradesh,North,Organic Search,2025-01-09
13304,Rohan,Chopra,rohan.chopra304@gmail.com,M,1994,Chennai,Tamil Nadu,South,Paid Search,2025-01-09
13305,Saanvi,Shah,saanvi.shah305@gmail.com,F,1990,Kolkata,West Bengal,East,Organic Search,2025-01-09
13306,Kabir,Menon,kabir.menon306@gmail.com,M,1999,Bengaluru,Karnataka,South,Email,2025-01-09
13307,Aditya,Patel,aditya.patel307@gmail.com,M,1986,Ahmedabad,Gujarat,West,Paid Social,2025-01-09
13308,Aadhya,Bose,aadhya.bose308@yahoo.in,F,2000,Bengaluru,Karnataka,South,Organic Search,2025-01-09
13309,Deepak,Kumar,deepak.kumar309@outlook.com,M,1991,Delhi,Delhi,North,Referral,2025-01-09
13310,Aman,Pillai,aman.pillai310@gmail.com,F,1999,Chennai,Tamil Nadu,South,Paid Social,2025-01-09
13311,Kabir,Khan,kabir.khan311@gmail.com,F,2000,Noida,Uttar Pradesh,North,Paid Social,2025-01-09
13312,Pari,Mishra,pari.mishra312@gmail.com,M,1978,Bengaluru,Karnataka,South,Organic Search,2025-01-09
13313,Nikhil,Kumar,nikhil.kumar313@gmail.com,M,1993,Noida,Uttar Pradesh,North,Paid Search,2025-01-10
13314,Arjun,Menon,arjun.menon314@outlook.com,F,1981,Bengaluru,Karnataka,South,Email,2025-01-10
13315,Nikhil,Joshi,nikhil.joshi315@yahoo.in,F,1980,Hyderabad,Telangana,South,Organic Search,2025-01-10
13316,Amit,Kapoor,amit.kapoor316@gmail.com,F,1992,Bengaluru,Karnataka,South,Paid Social,2025-01-10
13317,Nikhil,Kapoor,nikhil.kapoor317@gmail.com,F,1996,Mumbai,Maharashtra,West,Organic Search,2025-01-10
13318,Aarav,Kapoor,aarav.kapoor318@rediffmail.com,M,1981,Indore,Madhya Pradesh,West,Paid Search,2025-01-10
13319,Deepak,Reddy,deepak.reddy319@gmail.com,M,1996,Indore,Madhya Pradesh,West,Paid Social,2025-01-10
13320,Meera,Kumar,meera.kumar320@gmail.com,F,1987,Bengaluru,Karnataka,South,Organic Search,2025-01-10
13321,Krishna,Gupta,krishna.gupta321@gmail.com,F,1994,Pune,Maharashtra,West,Organic Search,2025-01-10
13322,Simran,Mishra,simran.mishra322@gmail.com,M,2006,Pune,Maharashtra,West,Paid Social,2025-01-10
13323,Vivaan,Malhotra,vivaan.malhotra323@outlook.com,M,1991,Bengaluru,Karnataka,South,Paid Search,2025-01-10
13324,Krishna,Yadav,krishna.yadav324@gmail.com,M,1984,Gurugram,Haryana,North,Affiliate,2025-01-10
13325,Zoya,Nair,zoya.nair325@gmail.com,M,1993,Bengaluru,Karnataka,South,Paid Social,2025-01-11
13326,Simran,Chopra,simran.chopra326@gmail.com,M,1992,Gurugram,Haryana,North,Email,2025-01-11
13327,Arjun,Verma,arjun.verma327@gmail.com,F,1991,Bengaluru,Karnataka,South,Affiliate,2025-01-11
13328,Tanvi,Rao,tanvi.rao328@gmail.com,M,1994,Mumbai,Maharashtra,West,Organic Search,2025-01-11
13329,Aman,Yadav,aman.yadav329@gmail.com,M,1992,Chennai,Tamil Nadu,South,Email,2025-01-11
13330,Arjun,Malhotra,arjun.malhotra330@gmail.com,M,1984,Delhi,Delhi,North,Affiliate,2025-01-11
13331,Aditya,Mishra,aditya.mishra331@gmail.com,M,2000,Mumbai,Maharashtra,West,Paid Search,2025-01-11
13332,Kabir,Khan,kabir.khan332@yahoo.in,M,2004,Gurugram,Haryana,North,Paid Social,2025-01-11
13333,Rohan,Banerjee,rohan.banerjee333@outlook.com,M,1991,Chennai,Tamil Nadu,South,Paid Search,2025-01-11
13334,Kabir,Kumar,kabir.kumar334@gmail.com,F,1996,Delhi,Delhi,North,Organic Search,2025-01-12
13335,Zoya,Reddy,zoya.reddy335@gmail.com,M,1977,Pune,Maharashtra,West,Organic Search,2025-01-12
13336,Rohan,Rao,rohan.rao336@gmail.com,M,1993,Delhi,Delhi,North,Organic Search,2025-01-12
13337,Amit,Das,amit.das337@outlook.com,M,2006,Hyderabad,Telangana,South,Paid Social,2025-01-12
13338,Saanvi,Das,saanvi.das338@gmail.com,F,2000,Jaipur,Rajasthan,North,Paid Social,2025-01-12
13339,Aadhya,Khan,aadhya.khan339@yahoo.in,F,1995,Indore,Madhya Pradesh,West,Organic Search,2025-01-12
13340,Lakshmi,Khan,lakshmi.khan340@gmail.com,F,1993,Gurugram,Haryana,North,Organic Search,2025-01-12
13341,Aadhya,Kapoor,aadhya.kapoor341@gmail.com,M,1991,Mumbai,Maharashtra,West,Organic Search,2025-01-12
13342,Rohan,Yadav,rohan.yadav342@gmail.com,M,1997,Delhi,Delhi,North,Affiliate,2025-01-12
13343,Kabir,Singh,kabir.singh343@rediffmail.com,M,2002,Ahmedabad,Gujarat,West,Referral,2025-01-12
13344,Deepak,Gupta,deepak.gupta344@gmail.com,F,1989,Delhi,Delhi,North,Organic Search,2025-01-13
13345,Simran,Kapoor,simran.kapoor345@gmail.com,M,2000,Kolkata,West Bengal,East,Referral,2025-01-13
13346,Amit,Shah,amit.shah346@outlook.com,M,1987,Mumbai,Maharashtra,West,Referral,2025-01-13
13347,Sneha,Khan,sneha.khan347@gmail.com,M,1990,Bengaluru,Karnataka,South,Referral,2025-01-13
13348,Rahul,Chopra,rahul.chopra348@outlook.com,M,1985,Jaipur,Rajasthan,North,Email,2025-01-13
13349,Pooja,Agarwal,pooja.agarwal349@outlook.com,M,1995,Lucknow,Uttar Pradesh,North,Paid Search,2025-01-13
13350,Meera,Shah,meera.shah350@yahoo.in,M,1994,Chennai,Tamil Nadu,South,Organic Search,2025-01-13
13351,Aditya,Nair,aditya.nair351@gmail.com,F,1997,Hyderabad,Telangana,South,Email,2025-01-13
13352,Aman,Patel,aman.patel352@rediffmail.com,M,1996,Bengaluru,Karnataka,South,Referral,2025-01-14
13353,Farhan,Kapoor,farhan.kapoor353@gmail.com,F,1999,Hyderabad,Telangana,South,Organic Search,2025-01-14
13354,Kavya,Verma,kavya.verma354@gmail.com,M,2006,Gurugram,Haryana,North,Paid Social,2025-01-14
13355,Isha,Gupta,isha.gupta355@yahoo.in,M,1999,Kolkata,West Bengal,East,Paid Social,2025-01-14
13356,Aarav,Malhotra,aarav.malhotra356@gmail.com,M,1978,Mumbai,Maharashtra,West,Paid Social,2025-01-14
13357,Pari,Iyer,pari.iyer357@gmail.com,M,1992,Chennai,Tamil Nadu,South,Paid Social,2025-01-14
13358,Myra,Khan,myra.khan358@gmail.com,M,1993,Bengaluru,Karnataka,South,Organic Search,2025-01-14
13359,Vikram,Joshi,vikram.joshi359@gmail.com,M,1981,Jaipur,Rajasthan,North,Paid Search,2025-01-14
13360,Ishaan,Agarwal,ishaan.agarwal360@gmail.com,F,2000,Ahmedabad,Gujarat,West,Organic Search,2025-01-14
13361,Arjun,Kumar,arjun.kumar361@gmail.com,F,2006,Kolkata,West Bengal,East,Organic Search,2025-01-14
13362,Krishna,Malhotra,krishna.malhotra362@outlook.com,M,1987,Delhi,Delhi,North,Paid Social,2025-01-14
13363,Tanvi,Agarwal,tanvi.agarwal363@gmail.com,M,2004,Mumbai,Maharashtra,West,Paid Search,2025-01-15
13364,Reyansh,Joshi,reyansh.joshi364@gmail.com,F,2002,Bengaluru,Karnataka,South,Paid Search,2025-01-15
13365,Karan,Iyer,karan.iyer365@gmail.com,F,1996,Chandigarh,Chandigarh,North,Organic Search,2025-01-15
13366,Nikhil,Yadav,nikhil.yadav366@outlook.com,F,2000,Chandigarh,Chandigarh,North,Paid Social,2025-01-15
13367,Sneha,Singh,sneha.singh367@gmail.com,M,1987,Bengaluru,Karnataka,South,Organic Search,2025-01-15
13368,Aditya,Nair,aditya.nair368@gmail.com,M,2003,Kochi,Kerala,South,Organic Search,2025-01-15
13369,Sai,Khan,sai.khan369@outlook.com,F,2004,Pune,Maharashtra,West,Referral,2025-01-15
13370,Simran,Reddy,simran.reddy370@gmail.com,F,1997,Kolkata,West Bengal,East,Paid Social,2025-01-15
13371,Vikram,Rao,vikram.rao371@gmail.com,F,1996,Delhi,Delhi,North,Paid Social,2025-01-15
13372,Farhan,Kapoor,farhan.kapoor372@rediffmail.com,F,1987,Noida,Uttar Pradesh,North,Paid Social,2025-01-15
13373,Deepak,Khan,deepak.khan373@gmail.com,F,2001,Delhi,Delhi,North,Paid Search,2025-01-15
13374,Kiara,Nair,kiara.nair374@gmail.com,M,1994,Mumbai,Maharashtra,West,Organic Search,2025-01-15
13375,Arnav,Malhotra,arnav.malhotra375@gmail.com,M,1992,Bengaluru,Karnataka,South,Paid Search,2025-01-16
13376,Isha,Chopra,isha.chopra376@gmail.com,F,2001,Noida,Uttar Pradesh,North,Referral,2025-01-16
13377,Lakshmi,Kapoor,lakshmi.kapoor377@gmail.com,F,1991,Mumbai,Maharashtra,West,Paid Social,2025-01-16
13378,Tanvi,Malhotra,tanvi.malhotra378@yahoo.in,M,1988,Bengaluru,Karnataka,South,Referral,2025-01-16
13379,Rohan,Sharma,rohan.sharma379@gmail.com,F,2002,Bengaluru,Karnataka,South,Email,2025-01-16
13380,Aarav,Iyer,aarav.iyer380@gmail.com,F,1981,Bengaluru,Karnataka,South,Organic Search,2025-01-16
13381,Lakshmi,Das,lakshmi.das381@outlook.com,F,1999,Indore,Madhya Pradesh,West,Email,2025-01-16
13382,Myra,Nair,myra.nair382@yahoo.in,M,1984,Kolkata,West Bengal,East,Paid Social,2025-01-16
13383,Harpreet,Mishra,harpreet.mishra383@gmail.com,F,1979,Bengaluru,Karnataka,South,Paid Social,2025-01-16
13384,Ishaan,Verma,ishaan.verma384@gmail.com,M,1999,Kochi,Kerala,South,Paid Social,2025-01-16
13385,Priya,Agarwal,priya.agarwal385@gmail.com,M,1996,Kolkata,West Bengal,East,Paid Search,2025-01-16
13386,Ishaan,Reddy,ishaan.reddy386@gmail.com,F,1988,Chennai,Tamil Nadu,South,Organic Search,2025-01-17
13387,Sai,Khan,sai.khan387@outlook.com,M,1984,Delhi,Delhi,North,Organic Search,2025-01-17
13388,Sneha,Nair,sneha.nair388@gmail.com,M,1996,Pune,Maharashtra,West,Paid Search,2025-01-17
13389,Isha,Verma,isha.verma389@gmail.com,M,1990,Mumbai,Maharashtra,West,Organic Search,2025-01-17
13390,Kabir,Sharma,kabir.sharma390@yahoo.in,F,2000,Delhi,Delhi,North,Organic Search,2025-01-17
13391,Saanvi,Das,saanvi.das391@rediffmail.com,F,1989,Ahmedabad,Gujarat,West,Organic Search,2025-01-17
13392,Myra,Kapoor,myra.kapoor392@gmail.com,M,1990,Noida,Uttar Pradesh,North,Affiliate,2025-01-17
13393,Rohan,Nair,rohan.nair393@gmail.com,F,2002,Ahmedabad,Gujarat,West,Organic Search,2025-01-17
13394,Nikhil,Yadav,nikhil.yadav394@yahoo.in,M,1985,Hyderabad,Telangana,South,Affiliate,2025-01-17
13395,Diya,Yadav,diya.yadav395@rediffmail.com,M,1982,Mumbai,Maharashtra,West,Paid Social,2025-01-17
13396,Vikram,Kumar,vikram.kumar396@yahoo.in,M,1986,Kolkata,West Bengal,East,Organic Search,2025-01-18
13397,Riya,Kapoor,riya.kapoor397@gmail.com,M,1995,Hyderabad,Telangana,South,Organic Search,2025-01-18
13398,Saanvi,Malhotra,saanvi.malhotra398@gmail.com,M,2006,Hyderabad,Telangana,South,Organic Search,2025-01-18
13399,Aditya,Khan,aditya.khan399@rediffmail.com,M,1995,Delhi,Delhi,North,Paid Search,2025-01-18
13400,Vivaan,Mehta,vivaan.mehta400@yahoo.in,M,1987,Kolkata,West Bengal,East,Organic Search,2025-01-18
13401,Pooja,Shah,pooja.shah401@gmail.com,F,1987,Delhi,Delhi,North,Referral,2025-01-18
13402,Vivaan,Singh,vivaan.singh402@outlook.com,F,1997,Chennai,Tamil Nadu,South,Paid Search,2025-01-18
13403,Sai,Sharma,sai.sharma403@outlook.com,F,1980,Delhi,Delhi,North,Paid Social,2025-01-18
13404,Neha,Sharma,neha.sharma404@gmail.com,F,1978,Gurugram,Haryana,North,Paid Social,2025-01-18
13405,Diya,Yadav,diya.yadav405@gmail.com,M,1995,Chandigarh,Chandigarh,North,Paid Social,2025-01-18
13406,Kiara,Rao,kiara.rao406@gmail.com,M,2001,Bengaluru,Karnataka,South,Affiliate,2025-01-18
13407,Nikhil,Joshi,nikhil.joshi407@outlook.com,F,2001,Chennai,Tamil Nadu,South,Paid Search,2025-01-18
13408,Zoya,Verma,zoya.verma408@gmail.com,M,1996,Bengaluru,Karnataka,South,Paid Search,2025-01-18
13409,Myra,Singh,myra.singh409@gmail.com,M,2003,Bengaluru,Karnataka,South,Affiliate,2025-01-18
13410,Arjun,Yadav,arjun.yadav410@gmail.com,M,1992,Jaipur,Rajasthan,North,Affiliate,2025-01-18
13411,Ishaan,Mishra,ishaan.mishra411@gmail.com,M,1990,Kolkata,West Bengal,East,Referral,2025-01-18
13412,Simran,Bose,simran.bose412@gmail.com,M,1993,Mumbai,Maharashtra,West,Referral,2025-01-18
13413,Aarav,Mishra,aarav.mishra413@outlook.com,M,1996,Kochi,Kerala,South,Paid Search,2025-01-19
13414,Rohan,Agarwal,rohan.agarwal414@gmail.com,M,2006,Hyderabad,Telangana,South,Paid Social,2025-01-19
13415,Kavya,Agarwal,kavya.agarwal415@outlook.com,F,1992,Mumbai,Maharashtra,West,Paid Search,2025-01-19
13416,Pari,Mishra,pari.mishra416@gmail.com,F,1995,Mumbai,Maharashtra,West,Paid Social,2025-01-19
13417,Vivaan,Mehta,vivaan.mehta417@gmail.com,M,2006,Bengaluru,Karnataka,South,Referral,2025-01-19
13418,Harpreet,Gupta,harpreet.gupta418@gmail.com,M,1998,Kolkata,West Bengal,East,Paid Search,2025-01-19
13419,Riya,Gupta,riya.gupta419@gmail.com,M,1980,Bengaluru,Karnataka,South,Paid Social,2025-01-19
13420,Simran,Malhotra,simran.malhotra420@gmail.com,M,2006,Chennai,Tamil Nadu,South,Referral,2025-01-19
13421,Tanvi,Kumar,tanvi.kumar421@gmail.com,F,1996,Kolkata,West Bengal,East,Organic Search,2025-01-19
13422,Rahul,Patel,rahul.patel422@gmail.com,F,1971,Chandigarh,Chandigarh,North,Paid Social,2025-01-19
13423,Nikhil,Yadav,nikhil.yadav423@gmail.com,M,1990,Pune,Maharashtra,West,Referral,2025-01-19
13424,Arjun,Joshi,arjun.joshi424@rediffmail.com,M,1988,Indore,Madhya Pradesh,West,Organic Search,2025-01-19
13425,Sai,Mehta,sai.mehta425@gmail.com,M,1990,Noida,Uttar Pradesh,North,Organic Search,2025-01-20
13426,Pooja,Nair,pooja.nair426@yahoo.in,F,1993,Hyderabad,Telangana,South,Organic Search,2025-01-20
13427,Priya,Reddy,priya.reddy427@outlook.com,M,1999,Lucknow,Uttar Pradesh,North,Organic Search,2025-01-20
13428,Farhan,Singh,farhan.singh428@rediffmail.com,F,2004,Bengaluru,Karnataka,South,Paid Search,2025-01-20
13429,Deepak,Shah,deepak.shah429@gmail.com,M,2004,Pune,Maharashtra,West,Paid Social,2025-01-20
13430,Ananya,Agarwal,ananya.agarwal430@gmail.com,F,2006,Chennai,Tamil Nadu,South,Paid Search,2025-01-20
13431,Saanvi,Mishra,saanvi.mishra431@gmail.com,M,1992,Pune,Maharashtra,West,Paid Social,2025-01-20
13432,Ishaan,Iyer,ishaan.iyer432@yahoo.in,F,1977,Ahmedabad,Gujarat,West,Organic Search,2025-01-20
13433,Aman,Gupta,aman.gupta433@outlook.com,M,1973,Gurugram,Haryana,North,Referral,2025-01-20
13434,Neha,Singh,neha.singh434@gmail.com,F,2000,Hyderabad,Telangana,South,Paid Search,2025-01-20
13435,Saanvi,Menon,saanvi.menon435@yahoo.in,F,1993,Mumbai,Maharashtra,West,Paid Social,2025-01-20
13436,Riya,Mishra,riya.mishra436@rediffmail.com,F,2005,Ahmedabad,Gujarat,West,Organic Search,2025-01-20
13437,Priya,Shah,priya.shah437@gmail.com,F,1997,Chennai,Tamil Nadu,South,Referral,2025-01-20
13438,Rahul,Singh,rahul.singh438@gmail.com,M,1979,Pune,Maharashtra,West,Paid Social,2025-01-20
13439,Simran,Banerjee,simran.banerjee439@gmail.com,M,1989,Jaipur,Rajasthan,North,Affiliate,2025-01-21
13440,Kabir,Patel,kabir.patel440@gmail.com,M,1997,Lucknow,Uttar Pradesh,North,Paid Search,2025-01-21
13441,Meera,Chopra,meera.chopra441@yahoo.in,M,1985,Ahmedabad,Gujarat,West,Email,2025-01-21
13442,Harpreet,Sharma,harpreet.sharma442@gmail.com,F,2006,Jaipur,Rajasthan,North,Paid Search,2025-01-21
13443,Arnav,Das,arnav.das443@gmail.com,F,1990,Chandigarh,Chandigarh,North,Organic Search,2025-01-21
13444,Harpreet,Joshi,harpreet.joshi444@outlook.com,F,1991,Lucknow,Uttar Pradesh,North,Paid Social,2025-01-21
13445,Rohan,Reddy,rohan.reddy445@gmail.com,F,1981,Mumbai,Maharashtra,West,Organic Search,2025-01-21
13446,Meera,Kapoor,meera.kapoor446@gmail.com,F,2006,Mumbai,Maharashtra,West,Referral,2025-01-21
13447,Sneha,Verma,sneha.verma447@gmail.com,F,1992,Pune,Maharashtra,West,Paid Search,2025-01-21
13448,Aditya,Mishra,aditya.mishra448@rediffmail.com,F,1996,Indore,Madhya Pradesh,West,Referral,2025-01-21
13449,Amit,Sharma,amit.sharma449@gmail.com,F,1987,Ahmedabad,Gujarat,West,Paid Social,2025-01-21
13450,Kabir,Agarwal,kabir.agarwal450@outlook.com,F,1990,Mumbai,Maharashtra,West,Paid Social,2025-01-21
13451,Rahul,Rao,rahul.rao451@gmail.com,F,1996,Kochi,Kerala,South,Referral,2025-01-22
13452,Vikram,Mehta,vikram.mehta452@gmail.com,M,1997,Pune,Maharashtra,West,Paid Social,2025-01-22
13453,Tanvi,Verma,tanvi.verma453@gmail.com,F,1998,Chennai,Tamil Nadu,South,Paid Social,2025-01-22
13454,Zoya,Yadav,zoya.yadav454@gmail.com,F,2002,Ahmedabad,Gujarat,West,Paid Social,2025-01-22
13455,Pooja,Yadav,pooja.yadav455@outlook.com,M,1999,Mumbai,Maharashtra,West,Paid Social,2025-01-22
13456,Priya,Bose,priya.bose456@gmail.com,M,1998,Bengaluru,Karnataka,South,Referral,2025-01-22
13457,Kavya,Shah,kavya.shah457@gmail.com,F,1988,Gurugram,Haryana,North,Paid Search,2025-01-22
13458,Aadhya,Yadav,aadhya.yadav458@gmail.com,F,1992,Kolkata,West Bengal,East,Organic Search,2025-01-22
13459,Diya,Kapoor,diya.kapoor459@gmail.com,F,1984,Ahmedabad,Gujarat,West,Referral,2025-01-22
13460,Arnav,Patel,arnav.patel460@gmail.com,F,1990,Delhi,Delhi,North,Paid Social,2025-01-22
13461,Kavya,Kapoor,kavya.kapoor461@yahoo.in,F,1997,Mumbai,Maharashtra,West,Email,2025-01-22
13462,Myra,Malhotra,myra.malhotra462@gmail.com,F,1997,Bengaluru,Karnataka,South,Affiliate,2025-01-22
13463,Harpreet,Verma,harpreet.verma463@outlook.com,F,1999,Delhi,Delhi,North,Email,2025-01-22
13464,Lakshmi,Sharma,lakshmi.sharma464@gmail.com,F,2005,Lucknow,Uttar Pradesh,North,Paid Social,2025-01-22
13465,Harpreet,Reddy,harpreet.reddy465@gmail.com,M,1983,Kochi,Kerala,South,Referral,2025-01-23
13466,Amit,Khan,amit.khan466@gmail.com,F,1979,Mumbai,Maharashtra,West,Paid Search,2025-01-23
13467,Farhan,Menon,farhan.menon467@outlook.com,F,1991,Gurugram,Haryana,North,Organic Search,2025-01-23
13468,Vikram,Mishra,vikram.mishra468@gmail.com,M,2005,Delhi,Delhi,North,Referral,2025-01-23
13469,Vivaan,Menon,vivaan.menon469@gmail.com,F,2005,Indore,Madhya Pradesh,West,Referral,2025-01-23
13470,Sai,Agarwal,sai.agarwal470@yahoo.in,F,1995,Ahmedabad,Gujarat,West,Organic Search,2025-01-23
13471,Deepak,Singh,deepak.singh471@gmail.com,F,1991,Bengaluru,Karnataka,South,Email,2025-01-23
13472,Ananya,Bose,ananya.bose472@gmail.com,M,1996,Kolkata,West Bengal,East,Email,2025-01-23
13473,Krishna,Das,krishna.das473@outlook.com,M,2002,Delhi,Delhi,North,Paid Search,2025-01-23
13474,Kavya,Iyer,kavya.iyer474@gmail.com,M,1987,Noida,Uttar Pradesh,North,Organic Search,2025-01-23
13475,Saanvi,Khan,saanvi.khan475@yahoo.in,M,1989,Lucknow,Uttar Pradesh,North,Email,2025-01-24
13476,Nikhil,Das,nikhil.das476@gmail.com,M,1994,Mumbai,Maharashtra,West,Organic Search,2025-01-24
13477,Zoya,Malhotra,zoya.malhotra477@yahoo.in,F,2002,Delhi,Delhi,North,Organic Search,2025-01-24
13478,Neha,Menon,neha.menon478@yahoo.in,M,2000,Mumbai,Maharashtra,West,Paid Social,2025-01-24
13479,Karan,Nair,karan.nair479@gmail.com,M,1978,Hyderabad,Telangana,South,Referral,2025-01-24
13480,Rahul,Reddy,rahul.reddy480@outlook.com,F,2000,Gurugram,Haryana,North,Referral,2025-01-24
13481,Priya,Menon,priya.menon481@gmail.com,F,1993,Kochi,Kerala,South,Paid Social,2025-01-24
13482,Arjun,Gupta,arjun.gupta482@outlook.com,F,1999,Kochi,Kerala,South,Referral,2025-01-24
13483,Sai,Mishra,sai.mishra483@gmail.com,F,1992,Pune,Maharashtra,West,Paid Social,2025-01-24
13484,Zoya,Das,zoya.das484@yahoo.in,M,1997,Chennai,Tamil Nadu,South,Paid Social,2025-01-24
13485,Harpreet,Menon,harpreet.menon485@rediffmail.com,M,1994,Bengaluru,Karnataka,South,Organic Search,2025-01-24
13486,Aditya,Bose,aditya.bose486@yahoo.in,F,1989,Mumbai,Maharashtra,West,Paid Search,2025-01-24
13487,Aadhya,Singh,aadhya.singh487@outlook.com,F,1987,Ahmedabad,Gujarat,West,Paid Search,2025-01-24
13488,Myra,Khan,myra.khan488@gmail.com,M,1992,Delhi,Delhi,North,Organic Search,2025-01-24
13489,Vivaan,Reddy,vivaan.reddy489@yahoo.in,F,1983,Pune,Maharashtra,West,Paid Search,2025-01-25
13490,Kiara,Verma,kiara.verma490@gmail.com,F,1990,Hyderabad,Telangana,South,Organic Search,2025-01-25
13491,Kavya,Malhotra,kavya.malhotra491@gmail.com,M,1991,Ahmedabad,Gujarat,West,Organic Search,2025-01-25
13492,Vikram,Rao,vikram.rao492@gmail.com,M,2002,Mumbai,Maharashtra,West,Paid Social,2025-01-25
13493,Lakshmi,Kapoor,lakshmi.kapoor493@gmail.com,M,1999,Bengaluru,Karnataka,South,Organic Search,2025-01-25
13494,Kiara,Agarwal,kiara.agarwal494@outlook.com,F,2006,Kolkata,West Bengal,East,Organic Search,2025-01-25
13495,Farhan,Malhotra,farhan.malhotra495@yahoo.in,M,1980,Delhi,Delhi,North,Referral,2025-01-25
13496,Kavya,Malhotra,kavya.malhotra496@outlook.com,M,1991,Chandigarh,Chandigarh,North,Referral,2025-01-25
13497,Amit,Malhotra,amit.malhotra497@gmail.com,M,2003,Gurugram,Haryana,North,Paid Social,2025-01-26
13498,Zoya,Kumar,zoya.kumar498@outlook.com,F,1996,Kolkata,West Bengal,East,Organic Search,2025-01-26
13499,Ishaan,Malhotra,ishaan.malhotra499@gmail.com,F,1992,Ahmedabad,Gujarat,West,Paid Social,2025-01-26
13500,Kavya,Kumar,kavya.kumar500@gmail.com,F,1986,Delhi,Delhi,North,Paid Social,2025-01-26
13501,Manish,Chopra,manish.chopra501@gmail.com,F,1999,Indore,Madhya Pradesh,West,Organic Search,2025-01-26
13502,Rahul,Banerjee,rahul.banerjee502@gmail.com,F,1995,Pune,Maharashtra,West,Organic Search,2025-01-26
13503,Sai,Mishra,sai.mishra503@gmail.com,M,1991,Delhi,Delhi,North,Paid Search,2025-01-27
13504,Aadhya,Nair,aadhya.nair504@yahoo.in,M,2002,Chennai,Tamil Nadu,South,Paid Search,2025-01-27
13505,Aadhya,Sharma,aadhya.sharma505@gmail.com,M,2006,Bengaluru,Karnataka,South,Organic Search,2025-01-27
13506,Manish,Gupta,manish.gupta506@rediffmail.com,F,1986,Delhi,Delhi,North,Organic Search,2025-01-27
13507,Aditya,Patel,aditya.patel507@outlook.com,F,1998,Kolkata,West Bengal,East,Paid Social,2025-01-27
13508,Arjun,Mishra,arjun.mishra508@gmail.com,F,1995,Gurugram,Haryana,North,Paid Social,2025-01-27
13509,Simran,Agarwal,simran.agarwal509@gmail.com,F,1999,Delhi,Delhi,North,Paid Social,2025-01-27
13510,Deepak,Shah,deepak.shah510@gmail.com,F,2004,Mumbai,Maharashtra,West,Affiliate,2025-01-27
13511,Ananya,Agarwal,ananya.agarwal511@yahoo.in,F,2005,Gurugram,Haryana,North,Organic Search,2025-01-27
13512,Arjun,Singh,arjun.singh512@gmail.com,F,1990,Ahmedabad,Gujarat,West,Referral,2025-01-28
13513,Deepak,Verma,deepak.verma513@gmail.com,F,1980,Chandigarh,Chandigarh,North,Paid Search,2025-01-28
13514,Aman,Chopra,aman.chopra514@outlook.com,M,1993,Gurugram,Haryana,North,Referral,2025-01-28
13515,Riya,Khan,riya.khan515@gmail.com,M,1993,Kolkata,West Bengal,East,Referral,2025-01-28
13516,Zoya,Banerjee,zoya.banerjee516@gmail.com,M,1971,Chandigarh,Chandigarh,North,Paid Social,2025-01-28
13517,Deepak,Chopra,deepak.chopra517@outlook.com,M,2002,Mumbai,Maharashtra,West,Paid Social,2025-01-28
13518,Meera,Banerjee,meera.banerjee518@gmail.com,F,1989,Jaipur,Rajasthan,North,Paid Social,2025-01-28
13519,Sai,Patel,sai.patel519@outlook.com,F,1993,Chennai,Tamil Nadu,South,Referral,2025-01-28
13520,Zoya,Chopra,zoya.chopra520@gmail.com,M,1989,Noida,Uttar Pradesh,North,Organic Search,2025-01-29
13521,Arjun,Das,arjun.das521@gmail.com,F,1992,Delhi,Delhi,North,Paid Search,2025-01-29
13522,Arjun,Mehta,arjun.mehta522@rediffmail.com,M,2004,Chennai,Tamil Nadu,South,Email,2025-01-29
13523,Neha,Kapoor,neha.kapoor523@gmail.com,F,1994,Gurugram,Haryana,North,Paid Social,2025-01-29
13524,Pari,Mehta,pari.mehta524@gmail.com,M,2006,Chennai,Tamil Nadu,South,Organic Search,2025-01-29
13525,Sneha,Shah,sneha.shah525@gmail.com,F,1999,Ahmedabad,Gujarat,West,Affiliate,2025-01-29
13526,Saanvi,Singh,saanvi.singh526@rediffmail.com,F,1999,Hyderabad,Telangana,South,Affiliate,2025-01-29
13527,Simran,Rao,simran.rao527@gmail.com,M,1992,Delhi,Delhi,North,Paid Social,2025-01-29
13528,Manish,Pillai,manish.pillai528@gmail.com,F,1993,Kolkata,West Bengal,East,Paid Social,2025-01-30
13529,Kavya,Gupta,kavya.gupta529@gmail.com,M,2002,Jaipur,Rajasthan,North,Paid Search,2025-01-30
13530,Priya,Chopra,priya.chopra530@gmail.com,M,2003,Delhi,Delhi,North,Paid Social,2025-01-30
13531,Amit,Pillai,amit.pillai531@gmail.com,M,1996,Hyderabad,Telangana,South,Affiliate,2025-01-30
13532,Vivaan,Verma,vivaan.verma532@gmail.com,F,1998,Gurugram,Haryana,North,Organic Search,2025-01-30
13533,Arnav,Kapoor,arnav.kapoor533@gmail.com,M,1992,Mumbai,Maharashtra,West,Paid Search,2025-01-30
13534,Ananya,Das,ananya.das534@gmail.com,F,1995,Indore,Madhya Pradesh,West,Email,2025-01-30
13535,Kabir,Rao,kabir.rao535@gmail.com,F,1994,Delhi,Delhi,North,Paid Search,2025-01-30
13536,Simran,Patel,simran.patel536@gmail.com,M,1994,Noida,Uttar Pradesh,North,Affiliate,2025-01-30
13537,Manish,Singh,manish.singh537@gmail.com,F,2002,Pune,Maharashtra,West,Paid Search,2025-01-30
13538,Arnav,Das,arnav.das538@outlook.com,M,1993,Mumbai,Maharashtra,West,Organic Search,2025-01-30
13539,Aarav,Singh,aarav.singh539@gmail.com,M,1988,Ahmedabad,Gujarat,West,Affiliate,2025-01-30
13540,Deepak,Gupta,deepak.gupta540@yahoo.in,M,1991,Bengaluru,Karnataka,South,Organic Search,2025-01-31
13541,Kiara,Chopra,kiara.chopra541@gmail.com,M,1991,Mumbai,Maharashtra,West,Paid Social,2025-01-31
13542,Reyansh,Malhotra,reyansh.malhotra542@outlook.com,F,1997,Mumbai,Maharashtra,West,Organic Search,2025-01-31
13543,Krishna,Shah,krishna.shah543@yahoo.in,M,1989,Jaipur,Rajasthan,North,Referral,2025-01-31
13544,Tanvi,Chopra,tanvi.chopra544@gmail.com,F,2003,Chandigarh,Chandigarh,North,Organic Search,2025-01-31
13545,Aman,Khan,aman.khan545@gmail.com,F,1991,Delhi,Delhi,North,Referral,2025-01-31
13546,Kiara,Chopra,kiara.chopra546@gmail.com,F,2006,Ahmedabad,Gujarat,West,Affiliate,2025-01-31
13547,Vikram,Menon,vikram.menon547@rediffmail.com,F,1994,Gurugram,Haryana,North,Organic Search,2025-01-31
13548,Riya,Das,riya.das548@gmail.com,F,1998,Bengaluru,Karnataka,South,Paid Search,2025-01-31
13549,Kiara,Pillai,kiara.pillai549@gmail.com,M,2001,Delhi,Delhi,North,Paid Social,2025-01-31
13550,Aman,Agarwal,aman.agarwal550@gmail.com,M,2003,Delhi,Delhi,North,Affiliate,2025-01-31
13551,Diya,Kumar,diya.kumar551@gmail.com,F,1999,Jaipur,Rajasthan,North,Paid Search,2025-01-31
13552,Ananya,Mishra,ananya.mishra552@gmail.com,F,2006,Mumbai,Maharashtra,West,Affiliate,2025-01-31
13553,Neha,Banerjee,neha.banerjee553@gmail.com,F,1994,Bengaluru,Karnataka,South,Email,2025-01-31
13554,Rahul,Banerjee,rahul.banerjee554@gmail.com,M,1981,Bengaluru,Karnataka,South,Paid Social,2025-01-31
13555,Aadhya,Patel,aadhya.patel555@gmail.com,F,1993,Kolkata,West Bengal,East,Paid Search,2025-01-31
13556,Saanvi,Banerjee,saanvi.banerjee556@gmail.com,F,2000,Mumbai,Maharashtra,West,Paid Social,2025-01-31
13557,Aadhya,Chopra,aadhya.chopra557@yahoo.in,M,1997,Delhi,Delhi,North,Referral,2025-02-01
13558,Priya,Yadav,priya.yadav558@gmail.com,M,1985,Chennai,Tamil Nadu,South,Paid Social,2025-02-01
13559,Tanvi,Iyer,tanvi.iyer559@rediffmail.com,F,1991,Bengaluru,Karnataka,South,Paid Search,2025-02-01
13560,Diya,Malhotra,diya.malhotra560@gmail.com,M,1987,Delhi,Delhi,North,Paid Social,2025-02-01
13561,Tanvi,Mishra,tanvi.mishra561@gmail.com,F,1988,Delhi,Delhi,North,Referral,2025-02-01
13562,Saanvi,Joshi,saanvi.joshi562@gmail.com,M,1993,Pune,Maharashtra,West,Paid Search,2025-02-01
13563,Ishaan,Kumar,ishaan.kumar563@gmail.com,M,1997,Mumbai,Maharashtra,West,Paid Social,2025-02-01
13564,Ananya,Agarwal,ananya.agarwal564@outlook.com,F,1988,Indore,Madhya Pradesh,West,Paid Search,2025-02-02
13565,Aman,Chopra,aman.chopra565@gmail.com,M,1988,Noida,Uttar Pradesh,North,Organic Search,2025-02-02
13566,Diya,Iyer,diya.iyer566@gmail.com,M,1999,Kolkata,West Bengal,East,Organic Search,2025-02-02
13567,Karan,Mishra,karan.mishra567@gmail.com,M,1987,Pune,Maharashtra,West,Paid Search,2025-02-02
13568,Pooja,Sharma,pooja.sharma568@gmail.com,F,1986,Hyderabad,Telangana,South,Paid Social,2025-02-02
13569,Tanvi,Menon,tanvi.menon569@yahoo.in,M,2006,Delhi,Delhi,North,Referral,2025-02-02
13570,Vikram,Pillai,vikram.pillai570@yahoo.in,M,1989,Indore,Madhya Pradesh,West,Organic Search,2025-02-02
13571,Manish,Pillai,manish.pillai571@yahoo.in,F,1979,Chennai,Tamil Nadu,South,Paid Search,2025-02-02
13572,Lakshmi,Rao,lakshmi.rao572@gmail.com,M,1984,Delhi,Delhi,North,Referral,2025-02-02
13573,Aadhya,Menon,aadhya.menon573@gmail.com,M,1978,Pune,Maharashtra,West,Organic Search,2025-02-02
13574,Myra,Banerjee,myra.banerjee574@yahoo.in,M,2006,Lucknow,Uttar Pradesh,North,Affiliate,2025-02-02
13575,Pari,Menon,pari.menon575@gmail.com,F,1993,Pune,Maharashtra,West,Paid Social,2025-02-02
13576,Meera,Verma,meera.verma576@gmail.com,F,1985,Hyderabad,Telangana,South,Affiliate,2025-02-03
13577,Neha,Shah,neha.shah577@outlook.com,F,1998,Bengaluru,Karnataka,South,Referral,2025-02-03
13578,Kavya,Shah,kavya.shah578@gmail.com,M,2006,Hyderabad,Telangana,South,Affiliate,2025-02-03
13579,Nikhil,Reddy,nikhil.reddy579@gmail.com,M,1992,Noida,Uttar Pradesh,North,Paid Social,2025-02-03
13580,Priya,Agarwal,priya.agarwal580@rediffmail.com,F,2006,Chennai,Tamil Nadu,South,Organic Search,2025-02-03
13581,Aadhya,Das,aadhya.das581@outlook.com,F,1991,Indore,Madhya Pradesh,West,Referral,2025-02-03
13582,Zoya,Das,zoya.das582@gmail.com,M,1984,Delhi,Delhi,North,Organic Search,2025-02-03
13583,Simran,Khan,simran.khan583@outlook.com,F,2006,Chennai,Tamil Nadu,South,Paid Social,2025-02-03
13584,Kavya,Patel,kavya.patel584@gmail.com,F,1988,Delhi,Delhi,North,Paid Search,2025-02-03
13585,Amit,Patel,amit.patel585@yahoo.in,M,1989,Delhi,Delhi,North,Referral,2025-02-03
13586,Zoya,Khan,zoya.khan586@gmail.com,F,2002,Chennai,Tamil Nadu,South,Referral,2025-02-03
13587,Arnav,Menon,arnav.menon587@rediffmail.com,M,1994,Delhi,Delhi,North,Email,2025-02-03
13588,Arjun,Sharma,arjun.sharma588@yahoo.in,M,1993,Delhi,Delhi,North,Organic Search,2025-02-04
13589,Reyansh,Mehta,reyansh.mehta589@gmail.com,F,1991,Delhi,Delhi,North,Affiliate,2025-02-04
13590,Ishaan,Mehta,ishaan.mehta590@gmail.com,M,1988,Chennai,Tamil Nadu,South,Referral,2025-02-04
13591,Kabir,Agarwal,kabir.agarwal591@gmail.com,M,1995,Delhi,Delhi,North,Paid Search,2025-02-04
13592,Diya,Menon,diya.menon592@gmail.com,M,1997,Mumbai,Maharashtra,West,Organic Search,2025-02-04
13593,Aarav,Khan,aarav.khan593@gmail.com,M,1992,Noida,Uttar Pradesh,North,Paid Search,2025-02-04
13594,Tanvi,Agarwal,tanvi.agarwal594@gmail.com,F,1998,Mumbai,Maharashtra,West,Organic Search,2025-02-04
13595,Vikram,Singh,vikram.singh595@gmail.com,M,1997,Jaipur,Rajasthan,North,Paid Social,2025-02-04
13596,Meera,Menon,meera.menon596@gmail.com,M,1997,Chennai,Tamil Nadu,South,Organic Search,2025-02-04
13597,Zoya,Shah,zoya.shah597@gmail.com,F,1991,Hyderabad,Telangana,South,Paid Search,2025-02-05
13598,Reyansh,Das,reyansh.das598@gmail.com,M,1991,Chennai,Tamil Nadu,South,Paid Social,2025-02-05
13599,Saanvi,Pillai,saanvi.pillai599@gmail.com,M,1996,Bengaluru,Karnataka,South,Paid Search,2025-02-05
13600,Isha,Gupta,isha.gupta600@gmail.com,F,1984,Chandigarh,Chandigarh,North,Email,2025-02-05
13601,Ananya,Chopra,ananya.chopra601@gmail.com,M,2006,Gurugram,Haryana,North,Organic Search,2025-02-05
13602,Kiara,Menon,kiara.menon602@gmail.com,F,1973,Pune,Maharashtra,West,Paid Social,2025-02-05
13603,Priya,Singh,priya.singh603@gmail.com,F,1989,Mumbai,Maharashtra,West,Email,2025-02-05
13604,Tanvi,Mishra,tanvi.mishra604@gmail.com,M,1998,Bengaluru,Karnataka,South,Paid Search,2025-02-05
13605,Rohan,Menon,rohan.menon605@gmail.com,M,1999,Delhi,Delhi,North,Paid Search,2025-02-05
13606,Ananya,Chopra,ananya.chopra606@rediffmail.com,M,1987,Bengaluru,Karnataka,South,Affiliate,2025-02-05
13607,Diya,Bose,diya.bose607@outlook.com,M,1988,Jaipur,Rajasthan,North,Paid Social,2025-02-05
13608,Kabir,Patel,kabir.patel608@gmail.com,M,1994,Mumbai,Maharashtra,West,Email,2025-02-05
13609,Simran,Mehta,simran.mehta609@gmail.com,M,1983,Kolkata,West Bengal,East,Affiliate,2025-02-05
13610,Pooja,Agarwal,pooja.agarwal610@gmail.com,F,1984,Noida,Uttar Pradesh,North,Organic Search,2025-02-05
13611,Aman,Banerjee,aman.banerjee611@gmail.com,F,2001,Delhi,Delhi,North,Referral,2025-02-06
13612,Arjun,Sharma,arjun.sharma612@outlook.com,F,2000,Noida,Uttar Pradesh,North,Paid Social,2025-02-06
13613,Nikhil,Kapoor,nikhil.kapoor613@gmail.com,M,1994,Mumbai,Maharashtra,West,Affiliate,2025-02-06
13614,Meera,Yadav,meera.yadav614@gmail.com,F,2000,Pune,Maharashtra,West,Paid Social,2025-02-06
13615,Zoya,Chopra,zoya.chopra615@outlook.com,M,1994,Kolkata,West Bengal,East,Referral,2025-02-06
13616,Isha,Pillai,isha.pillai616@gmail.com,M,1987,Chennai,Tamil Nadu,South,Paid Search,2025-02-06
13617,Riya,Singh,riya.singh617@gmail.com,F,1984,Bengaluru,Karnataka,South,Paid Social,2025-02-06
13618,Amit,Kumar,amit.kumar618@outlook.com,F,1998,Bengaluru,Karnataka,South,Referral,2025-02-07
13619,Aman,Yadav,aman.yadav619@gmail.com,F,1988,Jaipur,Rajasthan,North,Affiliate,2025-02-07
13620,Aman,Kumar,aman.kumar620@rediffmail.com,M,2000,Kochi,Kerala,South,Organic Search,2025-02-07
13621,Simran,Shah,simran.shah621@gmail.com,F,1991,Pune,Maharashtra,West,Organic Search,2025-02-07
13622,Ishaan,Verma,ishaan.verma622@gmail.com,F,2004,Gurugram,Haryana,North,Affiliate,2025-02-07
13623,Nikhil,Mehta,nikhil.mehta623@gmail.com,M,1986,Kolkata,West Bengal,East,Paid Social,2025-02-07
13624,Rohan,Bose,rohan.bose624@gmail.com,M,1984,Pune,Maharashtra,West,Organic Search,2025-02-08
13625,Neha,Gupta,neha.gupta625@gmail.com,F,1995,Gurugram,Haryana,North,Paid Social,2025-02-08
13626,Lakshmi,Singh,lakshmi.singh626@gmail.com,F,1991,Bengaluru,Karnataka,South,Affiliate,2025-02-08
13627,Reyansh,Agarwal,reyansh.agarwal627@gmail.com,F,1995,Lucknow,Uttar Pradesh,North,Affiliate,2025-02-08
13628,Riya,Khan,riya.khan628@gmail.com,F,1993,Gurugram,Haryana,North,Paid Search,2025-02-08
13629,Aadhya,Kapoor,aadhya.kapoor629@outlook.com,F,1989,Lucknow,Uttar Pradesh,North,Referral,2025-02-08
13630,Ananya,Nair,ananya.nair630@outlook.com,M,1991,Ahmedabad,Gujarat,West,Paid Search,2025-02-08
13631,Aditya,Agarwal,aditya.agarwal631@yahoo.in,M,1976,Jaipur,Rajasthan,North,Paid Search,2025-02-08
13632,Nikhil,Khan,nikhil.khan632@yahoo.in,M,2005,Delhi,Delhi,North,Referral,2025-02-08
13633,Simran,Verma,simran.verma633@gmail.com,M,1988,Mumbai,Maharashtra,West,Organic Search,2025-02-08
13634,Priya,Pillai,priya.pillai634@gmail.com,F,1997,Lucknow,Uttar Pradesh,North,Paid Search,2025-02-08
13635,Ishaan,Yadav,ishaan.yadav635@gmail.com,M,1977,Pune,Maharashtra,West,Organic Search,2025-02-08
13636,Vikram,Patel,vikram.patel636@gmail.com,F,1986,Mumbai,Maharashtra,West,Organic Search,2025-02-09
13637,Manish,Bose,manish.bose637@gmail.com,F,1995,Delhi,Delhi,North,Paid Search,2025-02-09
13638,Zoya,Patel,zoya.patel638@gmail.com,F,2006,Lucknow,Uttar Pradesh,North,Affiliate,2025-02-09
13639,Farhan,Shah,farhan.shah639@gmail.com,M,1997,Jaipur,Rajasthan,North,Paid Search,2025-02-09
13640,Vivaan,Nair,vivaan.nair640@gmail.com,M,1998,Pune,Maharashtra,West,Paid Social,2025-02-09
13641,Arnav,Rao,arnav.rao641@gmail.com,M,1990,Hyderabad,Telangana,South,Paid Search,2025-02-09
13642,Vikram,Shah,vikram.shah642@yahoo.in,M,1993,Noida,Uttar Pradesh,North,Email,2025-02-09
13643,Karan,Khan,karan.khan643@gmail.com,F,1992,Gurugram,Haryana,North,Paid Social,2025-02-09
13644,Saanvi,Mehta,saanvi.mehta644@gmail.com,M,1996,Delhi,Delhi,North,Affiliate,2025-02-09
13645,Arnav,Joshi,arnav.joshi645@outlook.com,F,2003,Indore,Madhya Pradesh,West,Paid Search,2025-02-09
13646,Rahul,Reddy,rahul.reddy646@gmail.com,F,1991,Chandigarh,Chandigarh,North,Paid Social,2025-02-09
13647,Kabir,Verma,kabir.verma647@gmail.com,F,1994,Bengaluru,Karnataka,South,Organic Search,2025-02-09
13648,Pari,Joshi,pari.joshi648@yahoo.in,F,1990,Bengaluru,Karnataka,South,Organic Search,2025-02-09
13649,Rohan,Bose,rohan.bose649@yahoo.in,M,1991,Delhi,Delhi,North,Paid Social,2025-02-10
13650,Deepak,Kumar,deepak.kumar650@gmail.com,M,2002,Mumbai,Maharashtra,West,Referral,2025-02-10
13651,Aman,Shah,aman.shah651@gmail.com,M,1997,Kolkata,West Bengal,East,Organic Search,2025-02-10
13652,Pooja,Bose,pooja.bose652@yahoo.in,M,1996,Jaipur,Rajasthan,North,Paid Social,2025-02-10
13653,Farhan,Rao,farhan.rao653@gmail.com,F,1992,Pune,Maharashtra,West,Paid Social,2025-02-10
13654,Simran,Iyer,simran.iyer654@gmail.com,M,1987,Pune,Maharashtra,West,Paid Social,2025-02-10
13655,Saanvi,Pillai,saanvi.pillai655@gmail.com,F,1999,Lucknow,Uttar Pradesh,North,Referral,2025-02-10
13656,Ananya,Menon,ananya.menon656@gmail.com,F,2000,Hyderabad,Telangana,South,Paid Social,2025-02-10
13657,Lakshmi,Iyer,lakshmi.iyer657@gmail.com,M,2000,Delhi,Delhi,North,Affiliate,2025-02-10
13658,Pari,Malhotra,pari.malhotra658@outlook.com,M,1993,Noida,Uttar Pradesh,North,Referral,2025-02-10
13659,Vivaan,Banerjee,vivaan.banerjee659@gmail.com,M,1987,Indore,Madhya Pradesh,West,Email,2025-02-10
13660,Zoya,Malhotra,zoya.malhotra660@gmail.com,F,1999,Kochi,Kerala,South,Paid Search,2025-02-10
13661,Rohan,Reddy,rohan.reddy661@gmail.com,M,2002,Delhi,Delhi,North,Referral,2025-02-10
13662,Kabir,Iyer,kabir.iyer662@outlook.com,M,2000,Indore,Madhya Pradesh,West,Affiliate,2025-02-10
13663,Nikhil,Mishra,nikhil.mishra663@gmail.com,F,1987,Delhi,Delhi,North,Organic Search,2025-02-10
13664,Manish,Kumar,manish.kumar664@gmail.com,F,1996,Bengaluru,Karnataka,South,Paid Social,2025-02-10
13665,Arjun,Kapoor,arjun.kapoor665@gmail.com,F,1978,Mumbai,Maharashtra,West,Email,2025-02-10
13666,Meera,Verma,meera.verma666@yahoo.in,F,2004,Mumbai,Maharashtra,West,Paid Search,2025-02-10
13667,Saanvi,Yadav,saanvi.yadav667@gmail.com,F,1995,Kolkata,West Bengal,East,Paid Social,2025-02-11
13668,Arnav,Mishra,arnav.mishra668@gmail.com,F,1995,Bengaluru,Karnataka,South,Referral,2025-02-11
13669,Arnav,Shah,arnav.shah669@gmail.com,F,2006,Noida,Uttar Pradesh,North,Referral,2025-02-11
13670,Sai,Menon,sai.menon670@gmail.com,F,1989,Kolkata,West Bengal,East,Organic Search,2025-02-11
13671,Vivaan,Shah,vivaan.shah671@outlook.com,M,1994,Lucknow,Uttar Pradesh,North,Paid Search,2025-02-11
13672,Kiara,Patel,kiara.patel672@outlook.com,M,1987,Bengaluru,Karnataka,South,Paid Search,2025-02-11
13673,Aditya,Yadav,aditya.yadav673@gmail.com,F,1982,Bengaluru,Karnataka,South,Organic Search,2025-02-12
13674,Saanvi,Menon,saanvi.menon674@gmail.com,M,1996,Chennai,Tamil Nadu,South,Organic Search,2025-02-12
13675,Krishna,Khan,krishna.khan675@gmail.com,F,1995,Mumbai,Maharashtra,West,Referral,2025-02-12
13676,Kavya,Malhotra,kavya.malhotra676@gmail.com,M,1977,Bengaluru,Karnataka,South,Email,2025-02-12
13677,Nikhil,Yadav,nikhil.yadav677@gmail.com,M,1999,Bengaluru,Karnataka,South,Affiliate,2025-02-12
13678,Reyansh,Bose,reyansh.bose678@gmail.com,M,1993,Mumbai,Maharashtra,West,Affiliate,2025-02-13
13679,Vikram,Bose,vikram.bose679@gmail.com,F,2000,Kochi,Kerala,South,Affiliate,2025-02-13
13680,Riya,Menon,riya.menon680@gmail.com,M,1995,Lucknow,Uttar Pradesh,North,Organic Search,2025-02-13
13681,Aman,Kapoor,aman.kapoor681@gmail.com,F,2002,Noida,Uttar Pradesh,North,Paid Search,2025-02-13
13682,Karan,Menon,karan.menon682@gmail.com,F,2003,Bengaluru,Karnataka,South,Organic Search,2025-02-13
13683,Pooja,Shah,pooja.shah683@outlook.com,F,1995,Noida,Uttar Pradesh,North,Paid Social,2025-02-13
13684,Harpreet,Chopra,harpreet.chopra684@gmail.com,F,2001,Hyderabad,Telangana,South,Affiliate,2025-02-13
13685,Ananya,Chopra,ananya.chopra685@gmail.com,F,2001,Chandigarh,Chandigarh,North,Organic Search,2025-02-13
13686,Manish,Khan,manish.khan686@gmail.com,F,1984,Mumbai,Maharashtra,West,Paid Social,2025-02-13
13687,Rohan,Iyer,rohan.iyer687@outlook.com,F,1986,Bengaluru,Karnataka,South,Paid Social,2025-02-13
13688,Aman,Rao,aman.rao688@outlook.com,M,1985,Chennai,Tamil Nadu,South,Organic Search,2025-02-14
13689,Kavya,Malhotra,kavya.malhotra689@gmail.com,M,1999,Bengaluru,Karnataka,South,Referral,2025-02-14
13690,Ananya,Patel,ananya.patel690@yahoo.in,M,1988,Delhi,Delhi,North,Paid Search,2025-02-14
13691,Meera,Mishra,meera.mishra691@gmail.com,M,1977,Chandigarh,Chandigarh,North,Paid Search,2025-02-14
13692,Simran,Das,simran.das692@gmail.com,F,1985,Hyderabad,Telangana,South,Affiliate,2025-02-14
13693,Diya,Mehta,diya.mehta693@gmail.com,F,1990,Kochi,Kerala,South,Organic Search,2025-02-14
13694,Amit,Kapoor,amit.kapoor694@gmail.com,M,1997,Bengaluru,Karnataka,South,Paid Search,2025-02-14
13695,Aman,Malhotra,aman.malhotra695@outlook.com,F,2004,Indore,Madhya Pradesh,West,Referral,2025-02-14
13696,Meera,Gupta,meera.gupta696@gmail.com,M,2001,Mumbai,Maharashtra,West,Paid Search,2025-02-14
13697,Aman,Iyer,aman.iyer697@gmail.com,M,1995,Pune,Maharashtra,West,Paid Social,2025-02-15
13698,Diya,Mehta,diya.mehta698@gmail.com,M,1987,Mumbai,Maharashtra,West,Paid Search,2025-02-15
13699,Rahul,Agarwal,rahul.agarwal699@gmail.com,F,1977,Delhi,Delhi,North,Paid Search,2025-02-15
13700,Aman,Iyer,aman.iyer700@outlook.com,F,1990,Delhi,Delhi,North,Organic Search,2025-02-15
13701,Kabir,Mehta,kabir.mehta701@gmail.com,M,1991,Indore,Madhya Pradesh,West,Email,2025-02-15
13702,Isha,Chopra,isha.chopra702@gmail.com,F,1994,Pune,Maharashtra,West,Organic Search,2025-02-15
13703,Amit,Khan,amit.khan703@gmail.com,F,2001,Lucknow,Uttar Pradesh,North,Affiliate,2025-02-15
13704,Aman,Kumar,aman.kumar704@gmail.com,F,1999,Chennai,Tamil Nadu,South,Organic Search,2025-02-15
13705,Farhan,Joshi,farhan.joshi705@gmail.com,M,1994,Noida,Uttar Pradesh,North,Email,2025-02-15
13706,Isha,Shah,isha.shah706@gmail.com,M,1990,Bengaluru,Karnataka,South,Affiliate,2025-02-15
13707,Kavya,Rao,kavya.rao707@yahoo.in,M,1981,Hyderabad,Telangana,South,Organic Search,2025-02-15
13708,Vikram,Bose,vikram.bose708@rediffmail.com,F,1987,Chennai,Tamil Nadu,South,Paid Social,2025-02-15
13709,Vikram,Agarwal,vikram.agarwal709@gmail.com,M,1986,Chennai,Tamil Nadu,South,Referral,2025-02-16
13710,Sai,Gupta,sai.gupta710@yahoo.in,F,2006,Hyderabad,Telangana,South,Paid Social,2025-02-16
13711,Kabir,Mehta,kabir.mehta711@outlook.com,F,2006,Mumbai,Maharashtra,West,Email,2025-02-16
13712,Arjun,Nair,arjun.nair712@yahoo.in,M,1983,Bengaluru,Karnataka,South,Organic Search,2025-02-16
13713,Aarav,Joshi,aarav.joshi713@gmail.com,M,1997,Chennai,Tamil Nadu,South,Affiliate,2025-02-16
13714,Kavya,Verma,kavya.verma714@gmail.com,M,1983,Mumbai,Maharashtra,West,Paid Social,2025-02-16
13715,Diya,Patel,diya.patel715@gmail.com,F,1995,Bengaluru,Karnataka,South,Paid Search,2025-02-16
13716,Riya,Singh,riya.singh716@outlook.com,F,1990,Gurugram,Haryana,North,Paid Social,2025-02-16
13717,Rahul,Verma,rahul.verma717@outlook.com,F,1992,Ahmedabad,Gujarat,West,Paid Search,2025-02-17
13718,Krishna,Banerjee,krishna.banerjee718@gmail.com,M,2002,Gurugram,Haryana,North,Paid Search,2025-02-17
13719,Aman,Bose,aman.bose719@outlook.com,F,1996,Bengaluru,Karnataka,South,Organic Search,2025-02-17
13720,Pooja,Nair,pooja.nair720@gmail.com,F,2000,Mumbai,Maharashtra,West,Email,2025-02-17
13721,Farhan,Bose,farhan.bose721@gmail.com,M,1998,Noida,Uttar Pradesh,North,Paid Search,2025-02-17
13722,Zoya,Khan,zoya.khan722@outlook.com,M,1988,Mumbai,Maharashtra,West,Paid Search,2025-02-17
13723,Aman,Rao,aman.rao723@gmail.com,F,1983,Bengaluru,Karnataka,South,Email,2025-02-17
13724,Pooja,Iyer,pooja.iyer724@gmail.com,M,1991,Kochi,Kerala,South,Email,2025-02-17
13725,Krishna,Banerjee,krishna.banerjee725@gmail.com,M,1991,Delhi,Delhi,North,Referral,2025-02-17
13726,Isha,Nair,isha.nair726@rediffmail.com,M,1989,Gurugram,Haryana,North,Organic Search,2025-02-17
13727,Riya,Banerjee,riya.banerjee727@gmail.com,M,1988,Bengaluru,Karnataka,South,Email,2025-02-17
13728,Simran,Shah,simran.shah728@gmail.com,F,1994,Ahmedabad,Gujarat,West,Organic Search,2025-02-17
13729,Rahul,Gupta,rahul.gupta729@gmail.com,M,2004,Chandigarh,Chandigarh,North,Paid Search,2025-02-17
13730,Aditya,Mishra,aditya.mishra730@gmail.com,M,1977,Bengaluru,Karnataka,South,Email,2025-02-17
13731,Manish,Shah,manish.shah731@gmail.com,F,1984,Chennai,Tamil Nadu,South,Organic Search,2025-02-17
13732,Karan,Sharma,karan.sharma732@gmail.com,M,1996,Lucknow,Uttar Pradesh,North,Organic Search,2025-02-17
13733,Sneha,Banerjee,sneha.banerjee733@gmail.com,M,1979,Pune,Maharashtra,West,Paid Social,2025-02-17
13734,Priya,Malhotra,priya.malhotra734@gmail.com,M,1982,Delhi,Delhi,North,Paid Search,2025-02-17
13735,Isha,Iyer,isha.iyer735@outlook.com,F,2006,Kolkata,West Bengal,East,Paid Search,2025-02-18
13736,Karan,Singh,karan.singh736@gmail.com,M,1998,Hyderabad,Telangana,South,Referral,2025-02-18
13737,Karan,Das,karan.das737@gmail.com,M,2006,Pune,Maharashtra,West,Email,2025-02-18
13738,Diya,Bose,diya.bose738@gmail.com,F,1980,Kolkata,West Bengal,East,Affiliate,2025-02-18
13739,Myra,Mehta,myra.mehta739@outlook.com,M,2006,Noida,Uttar Pradesh,North,Organic Search,2025-02-18
13740,Krishna,Kapoor,krishna.kapoor740@gmail.com,M,1983,Bengaluru,Karnataka,South,Paid Social,2025-02-18
13741,Aadhya,Das,aadhya.das741@gmail.com,M,2001,Hyderabad,Telangana,South,Email,2025-02-18
13742,Kavya,Rao,kavya.rao742@gmail.com,M,1976,Chennai,Tamil Nadu,South,Organic Search,2025-02-18
13743,Ananya,Bose,ananya.bose743@gmail.com,M,1996,Bengaluru,Karnataka,South,Paid Social,2025-02-18
13744,Harpreet,Rao,harpreet.rao744@gmail.com,F,1996,Noida,Uttar Pradesh,North,Organic Search,2025-02-18
13745,Isha,Mehta,isha.mehta745@gmail.com,F,1990,Delhi,Delhi,North,Organic Search,2025-02-18
13746,Lakshmi,Mishra,lakshmi.mishra746@yahoo.in,M,1982,Gurugram,Haryana,North,Organic Search,2025-02-18
13747,Sneha,Kumar,sneha.kumar747@yahoo.in,F,1991,Chennai,Tamil Nadu,South,Paid Social,2025-02-19
13748,Farhan,Gupta,farhan.gupta748@outlook.com,M,1995,Mumbai,Maharashtra,West,Paid Social,2025-02-19
13749,Myra,Sharma,myra.sharma749@gmail.com,F,1984,Ahmedabad,Gujarat,West,Organic Search,2025-02-19
13750,Aditya,Pillai,aditya.pillai750@yahoo.in,M,1992,Delhi,Delhi,North,Paid Social,2025-02-19
13751,Pari,Nair,pari.nair751@gmail.com,M,1993,Pune,Maharashtra,West,Organic Search,2025-02-19
13752,Karan,Gupta,karan.gupta752@outlook.com,M,1997,Mumbai,Maharashtra,West,Organic Search,2025-02-19
13753,Kabir,Kumar,kabir.kumar753@gmail.com,M,1981,Pune,Maharashtra,West,Email,2025-02-19
13754,Myra,Verma,myra.verma754@gmail.com,F,1989,Mumbai,Maharashtra,West,Paid Search,2025-02-19
13755,Vivaan,Banerjee,vivaan.banerjee755@gmail.com,M,1995,Delhi,Delhi,North,Referral,2025-02-20
13756,Saanvi,Malhotra,saanvi.malhotra756@gmail.com,M,1990,Delhi,Delhi,North,Paid Search,2025-02-20
13757,Arjun,Reddy,arjun.reddy757@gmail.com,M,1985,Kolkata,West Bengal,East,Organic Search,2025-02-20
13758,Kabir,Reddy,kabir.reddy758@outlook.com,M,2001,Indore,Madhya Pradesh,West,Email,2025-02-20
13759,Myra,Menon,myra.menon759@gmail.com,F,2001,Bengaluru,Karnataka,South,Organic Search,2025-02-20
13760,Ishaan,Verma,ishaan.verma760@yahoo.in,M,2000,Kochi,Kerala,South,Paid Search,2025-02-20
13761,Arjun,Mishra,arjun.mishra761@gmail.com,F,1991,Ahmedabad,Gujarat,West,Paid Social,2025-02-20
13762,Reyansh,Verma,reyansh.verma762@gmail.com,F,1992,Indore,Madhya Pradesh,West,Paid Social,2025-02-21
13763,Meera,Bose,meera.bose763@gmail.com,F,2003,Pune,Maharashtra,West,Affiliate,2025-02-21
13764,Sai,Menon,sai.menon764@gmail.com,M,2000,Gurugram,Haryana,North,Affiliate,2025-02-21
13765,Vivaan,Iyer,vivaan.iyer765@gmail.com,F,2004,Chandigarh,Chandigarh,North,Organic Search,2025-02-21
13766,Nikhil,Patel,nikhil.patel766@gmail.com,M,1994,Chennai,Tamil Nadu,South,Organic Search,2025-02-21
13767,Priya,Patel,priya.patel767@yahoo.in,M,1998,Mumbai,Maharashtra,West,Paid Social,2025-02-21
13768,Deepak,Banerjee,deepak.banerjee768@gmail.com,F,1999,Noida,Uttar Pradesh,North,Organic Search,2025-02-21
13769,Myra,Reddy,myra.reddy769@gmail.com,F,2005,Hyderabad,Telangana,South,Paid Social,2025-02-21
13770,Myra,Reddy,myra.reddy770@gmail.com,M,1975,Delhi,Delhi,North,Paid Search,2025-02-21
13771,Vivaan,Kumar,vivaan.kumar771@rediffmail.com,M,1994,Bengaluru,Karnataka,South,Email,2025-02-21
13772,Sai,Shah,sai.shah772@gmail.com,M,2001,Bengaluru,Karnataka,South,Email,2025-02-22
13773,Simran,Iyer,simran.iyer773@gmail.com,M,2003,Jaipur,Rajasthan,North,Organic Search,2025-02-22
13774,Rohan,Verma,rohan.verma774@outlook.com,F,1990,Gurugram,Haryana,North,Organic Search,2025-02-22
13775,Aditya,Iyer,aditya.iyer775@gmail.com,M,1997,Mumbai,Maharashtra,West,Affiliate,2025-02-22
13776,Riya,Khan,riya.khan776@outlook.com,M,1999,Hyderabad,Telangana,South,Organic Search,2025-02-22
13777,Manish,Gupta,manish.gupta777@rediffmail.com,F,2004,Chennai,Tamil Nadu,South,Organic Search,2025-02-22
13778,Saanvi,Mehta,saanvi.mehta778@gmail.com,F,1996,Hyderabad,Telangana,South,Organic Search,2025-02-22
13779,Myra,Menon,myra.menon779@gmail.com,F,1996,Delhi,Delhi,North,Paid Search,2025-02-22
13780,Meera,Pillai,meera.pillai780@rediffmail.com,F,1991,Noida,Uttar Pradesh,North,Organic Search,2025-02-22
13781,Sai,Nair,sai.nair781@gmail.com,F,2002,Indore,Madhya Pradesh,West,Paid Search,2025-02-22
13782,Rohan,Yadav,rohan.yadav782@gmail.com,M,2003,Bengaluru,Karnataka,South,Organic Search,2025-02-23
13783,Harpreet,Nair,harpreet.nair783@gmail.com,M,2002,Delhi,Delhi,North,Referral,2025-02-23
13784,Farhan,Sharma,farhan.sharma784@yahoo.in,M,1999,Gurugram,Haryana,North,Organic Search,2025-02-23
13785,Reyansh,Patel,reyansh.patel785@gmail.com,M,1995,Delhi,Delhi,North,Referral,2025-02-23
13786,Meera,Sharma,meera.sharma786@outlook.com,F,1989,Mumbai,Maharashtra,West,Paid Social,2025-02-23
13787,Kavya,Joshi,kavya.joshi787@gmail.com,M,1988,Bengaluru,Karnataka,South,Paid Social,2025-02-23
13788,Rohan,Das,rohan.das788@gmail.com,M,2002,Kolkata,West Bengal,East,Affiliate,2025-02-23
13789,Rohan,Verma,rohan.verma789@yahoo.in,M,2003,Delhi,Delhi,North,Paid Search,2025-02-23
13790,Deepak,Banerjee,deepak.banerjee790@gmail.com,M,1995,Pune,Maharashtra,West,Organic Search,2025-02-23
13791,Kavya,Kumar,kavya.kumar791@outlook.com,M,1995,Mumbai,Maharashtra,West,Paid Social,2025-02-23
13792,Rahul,Yadav,rahul.yadav792@gmail.com,F,1995,Mumbai,Maharashtra,West,Organic Search,2025-02-24
13793,Neha,Malhotra,neha.malhotra793@gmail.com,M,2003,Delhi,Delhi,North,Organic Search,2025-02-24
13794,Rohan,Reddy,rohan.reddy794@gmail.com,F,2000,Jaipur,Rajasthan,North,Email,2025-02-24
13795,Aditya,Agarwal,aditya.agarwal795@yahoo.in,M,1990,Lucknow,Uttar Pradesh,North,Email,2025-02-24
13796,Sneha,Mishra,sneha.mishra796@yahoo.in,M,1998,Bengaluru,Karnataka,South,Paid Search,2025-02-24
13797,Krishna,Bose,krishna.bose797@outlook.com,M,1981,Bengaluru,Karnataka,South,Paid Search,2025-02-24
13798,Kiara,Gupta,kiara.gupta798@gmail.com,M,1989,Bengaluru,Karnataka,South,Paid Social,2025-02-24
13799,Deepak,Joshi,deepak.joshi799@outlook.com,M,1980,Pune,Maharashtra,West,Organic Search,2025-02-24
13800,Lakshmi,Verma,lakshmi.verma800@gmail.com,M,1987,Mumbai,Maharashtra,West,Organic Search,2025-02-24
13801,Priya,Malhotra,priya.malhotra801@outlook.com,F,1987,Lucknow,Uttar Pradesh,North,Paid Social,2025-02-24
13802,Aadhya,Agarwal,aadhya.agarwal802@outlook.com,F,1977,Delhi,Delhi,North,Paid Search,2025-02-24
13803,Manish,Sharma,manish.sharma803@gmail.com,M,2003,Gurugram,Haryana,North,Organic Search,2025-02-24
13804,Arnav,Bose,arnav.bose804@gmail.com,M,1989,Noida,Uttar Pradesh,North,Paid Social,2025-02-25
13805,Vikram,Reddy,vikram.reddy805@rediffmail.com,M,1991,Kolkata,West Bengal,East,Paid Social,2025-02-25
13806,Riya,Gupta,riya.gupta806@gmail.com,F,1987,Kolkata,West Bengal,East,Paid Search,2025-02-25
13807,Isha,Iyer,isha.iyer807@yahoo.in,F,1998,Hyderabad,Telangana,South,Affiliate,2025-02-25
13808,Tanvi,Menon,tanvi.menon808@gmail.com,M,2005,Indore,Madhya Pradesh,West,Referral,2025-02-25
13809,Sneha,Iyer,sneha.iyer809@gmail.com,F,1998,Bengaluru,Karnataka,South,Paid Social,2025-02-25
13810,Ishaan,Gupta,ishaan.gupta810@gmail.com,F,1996,Indore,Madhya Pradesh,West,Organic Search,2025-02-25
13811,Aditya,Verma,aditya.verma811@gmail.com,M,1978,Bengaluru,Karnataka,South,Paid Social,2025-02-25
13812,Arjun,Yadav,arjun.yadav812@gmail.com,F,1993,Noida,Uttar Pradesh,North,Paid Social,2025-02-25
13813,Zoya,Rao,zoya.rao813@yahoo.in,M,1999,Kolkata,West Bengal,East,Paid Social,2025-02-26
13814,Harpreet,Kumar,harpreet.kumar814@gmail.com,F,2003,Hyderabad,Telangana,South,Paid Social,2025-02-26
13815,Rahul,Malhotra,rahul.malhotra815@gmail.com,M,1998,Lucknow,Uttar Pradesh,North,Organic Search,2025-02-26
13816,Sneha,Sharma,sneha.sharma816@gmail.com,M,2006,Pune,Maharashtra,West,Paid Search,2025-02-26
13817,Lakshmi,Pillai,lakshmi.pillai817@gmail.com,F,1988,Hyderabad,Telangana,South,Email,2025-02-26
13818,Kavya,Mishra,kavya.mishra818@gmail.com,M,1988,Kochi,Kerala,South,Organic Search,2025-02-26
13819,Nikhil,Bose,nikhil.bose819@yahoo.in,M,1997,Mumbai,Maharashtra,West,Paid Social,2025-02-26
13820,Rahul,Kumar,rahul.kumar820@yahoo.in,M,2004,Pune,Maharashtra,West,Email,2025-02-26
13821,Isha,Nair,isha.nair821@gmail.com,F,2005,Jaipur,Rajasthan,North,Organic Search,2025-02-26
13822,Pooja,Khan,pooja.khan822@gmail.com,M,1977,Mumbai,Maharashtra,West,Affiliate,2025-02-26
13823,Riya,Verma,riya.verma823@gmail.com,F,1994,Noida,Uttar Pradesh,North,Email,2025-02-26
13824,Manish,Kapoor,manish.kapoor824@rediffmail.com,F,2001,Delhi,Delhi,North,Paid Social,2025-02-26
13825,Meera,Malhotra,meera.malhotra825@gmail.com,F,2001,Mumbai,Maharashtra,West,Paid Social,2025-02-27
13826,Nikhil,Singh,nikhil.singh826@outlook.com,M,1998,Pune,Maharashtra,West,Email,2025-02-27
13827,Vivaan,Agarwal,vivaan.agarwal827@yahoo.in,F,1993,Hyderabad,Telangana,South,Organic Search,2025-02-27
13828,Pari,Agarwal,pari.agarwal828@rediffmail.com,M,1969,Pune,Maharashtra,West,Paid Social,2025-02-27
13829,Diya,Kumar,diya.kumar829@yahoo.in,M,2006,Chandigarh,Chandigarh,North,Paid Search,2025-02-27
13830,Simran,Khan,simran.khan830@gmail.com,M,1998,Mumbai,Maharashtra,West,Email,2025-02-27
13831,Ananya,Iyer,ananya.iyer831@gmail.com,F,1986,Hyderabad,Telangana,South,Paid Social,2025-02-27
13832,Diya,Reddy,diya.reddy832@gmail.com,F,1991,Pune,Maharashtra,West,Referral,2025-02-27
13833,Meera,Kapoor,meera.kapoor833@gmail.com,F,1996,Ahmedabad,Gujarat,West,Organic Search,2025-02-27
13834,Amit,Verma,amit.verma834@rediffmail.com,F,1997,Gurugram,Haryana,North,Organic Search,2025-02-27
13835,Kiara,Banerjee,kiara.banerjee835@gmail.com,M,1982,Delhi,Delhi,North,Referral,2025-02-28
13836,Kabir,Reddy,kabir.reddy836@gmail.com,F,1986,Kochi,Kerala,South,Paid Search,2025-02-28
13837,Arnav,Nair,arnav.nair837@gmail.com,M,1998,Lucknow,Uttar Pradesh,North,Paid Social,2025-02-28
13838,Manish,Banerjee,manish.banerjee838@gmail.com,M,1989,Mumbai,Maharashtra,West,Referral,2025-02-28
13839,Aditya,Chopra,aditya.chopra839@gmail.com,F,1979,Delhi,Delhi,North,Organic Search,2025-02-28
13840,Deepak,Das,deepak.das840@gmail.com,F,1987,Pune,Maharashtra,West,Paid Search,2025-02-28
13841,Aman,Khan,aman.khan841@gmail.com,M,1993,Bengaluru,Karnataka,South,Paid Search,2025-02-28
13842,Harpreet,Pillai,harpreet.pillai842@gmail.com,M,1980,Bengaluru,Karnataka,South,Email,2025-02-28
13843,Isha,Kumar,isha.kumar843@gmail.com,M,2006,Chennai,Tamil Nadu,South,Organic Search,2025-02-28
13844,Kiara,Banerjee,kiara.banerjee844@gmail.com,M,2003,Jaipur,Rajasthan,North,Paid Search,2025-03-01
13845,Vikram,Khan,vikram.khan845@gmail.com,M,2001,Chandigarh,Chandigarh,North,Affiliate,2025-03-01
13846,Riya,Das,riya.das846@yahoo.in,M,1994,Kolkata,West Bengal,East,Referral,2025-03-01
13847,Deepak,Khan,deepak.khan847@gmail.com,M,1984,Mumbai,Maharashtra,West,Paid Social,2025-03-01
13848,Ananya,Kapoor,ananya.kapoor848@gmail.com,M,1987,Chennai,Tamil Nadu,South,Paid Social,2025-03-01
13849,Kavya,Malhotra,kavya.malhotra849@outlook.com,M,2004,Indore,Madhya Pradesh,West,Referral,2025-03-01
13850,Myra,Mehta,myra.mehta850@gmail.com,F,1987,Gurugram,Haryana,North,Affiliate,2025-03-01
13851,Meera,Rao,meera.rao851@yahoo.in,M,1993,Kolkata,West Bengal,East,Affiliate,2025-03-01
13852,Aman,Menon,aman.menon852@yahoo.in,M,1991,Chandigarh,Chandigarh,North,Paid Social,2025-03-01
13853,Meera,Sharma,meera.sharma853@gmail.com,M,1992,Bengaluru,Karnataka,South,Referral,2025-03-01
13854,Aditya,Chopra,aditya.chopra854@gmail.com,F,1992,Lucknow,Uttar Pradesh,North,Referral,2025-03-01
13855,Arnav,Sharma,arnav.sharma855@gmail.com,F,1992,Ahmedabad,Gujarat,West,Referral,2025-03-01
13856,Vivaan,Shah,vivaan.shah856@gmail.com,F,1990,Ahmedabad,Gujarat,West,Referral,2025-03-01
13857,Amit,Agarwal,amit.agarwal857@gmail.com,M,1991,Lucknow,Uttar Pradesh,North,Organic Search,2025-03-02
13858,Meera,Yadav,meera.yadav858@yahoo.in,M,1992,Kolkata,West Bengal,East,Referral,2025-03-02
13859,Ananya,Chopra,ananya.chopra859@gmail.com,M,1986,Gurugram,Haryana,North,Paid Search,2025-03-02
13860,Farhan,Banerjee,farhan.banerjee860@gmail.com,F,1982,Mumbai,Maharashtra,West,Organic Search,2025-03-02
13861,Pooja,Sharma,pooja.sharma861@gmail.com,F,1991,Delhi,Delhi,North,Organic Search,2025-03-02
13862,Myra,Malhotra,myra.malhotra862@yahoo.in,M,1986,Bengaluru,Karnataka,South,Organic Search,2025-03-02
13863,Krishna,Yadav,krishna.yadav863@gmail.com,F,1993,Mumbai,Maharashtra,West,Paid Social,2025-03-02
13864,Meera,Singh,meera.singh864@gmail.com,F,1985,Ahmedabad,Gujarat,West,Organic Search,2025-03-02
13865,Sai,Reddy,sai.reddy865@gmail.com,M,1978,Bengaluru,Karnataka,South,Paid Social,2025-03-02
13866,Lakshmi,Khan,lakshmi.khan866@gmail.com,F,2005,Hyderabad,Telangana,South,Affiliate,2025-03-03
13867,Sai,Khan,sai.khan867@yahoo.in,F,1988,Kolkata,West Bengal,East,Organic Search,2025-03-03
13868,Arjun,Banerjee,arjun.banerjee868@gmail.com,F,1976,Chennai,Tamil Nadu,South,Organic Search,2025-03-03
13869,Rohan,Singh,rohan.singh869@gmail.com,F,1999,Chandigarh,Chandigarh,North,Organic Search,2025-03-03
13870,Simran,Joshi,simran.joshi870@outlook.com,M,1990,Bengaluru,Karnataka,South,Referral,2025-03-03
13871,Simran,Joshi,simran.joshi871@outlook.com,M,1993,Delhi,Delhi,North,Organic Search,2025-03-03
13872,Pooja,Kumar,pooja.kumar872@outlook.com,F,1994,Delhi,Delhi,North,Organic Search,2025-03-03
13873,Zoya,Malhotra,zoya.malhotra873@gmail.com,F,2001,Mumbai,Maharashtra,West,Organic Search,2025-03-03
13874,Kiara,Mishra,kiara.mishra874@gmail.com,F,1995,Mumbai,Maharashtra,West,Organic Search,2025-03-03
13875,Manish,Gupta,manish.gupta875@rediffmail.com,F,1982,Pune,Maharashtra,West,Paid Social,2025-03-03
13876,Aditya,Verma,aditya.verma876@gmail.com,M,1983,Pune,Maharashtra,West,Paid Social,2025-03-04
13877,Vikram,Chopra,vikram.chopra877@gmail.com,F,1981,Bengaluru,Karnataka,South,Paid Search,2025-03-04
13878,Myra,Bose,myra.bose878@gmail.com,F,1989,Kolkata,West Bengal,East,Paid Search,2025-03-04
13879,Pari,Gupta,pari.gupta879@yahoo.in,F,1996,Gurugram,Haryana,North,Paid Social,2025-03-04
13880,Zoya,Shah,zoya.shah880@gmail.com,F,1986,Mumbai,Maharashtra,West,Affiliate,2025-03-04
13881,Farhan,Mehta,farhan.mehta881@gmail.com,F,1987,Delhi,Delhi,North,Referral,2025-03-04
13882,Amit,Gupta,amit.gupta882@gmail.com,M,1987,Noida,Uttar Pradesh,North,Referral,2025-03-04
13883,Harpreet,Mehta,harpreet.mehta883@gmail.com,M,1988,Kolkata,West Bengal,East,Affiliate,2025-03-04
13884,Ishaan,Banerjee,ishaan.banerjee884@outlook.com,M,1998,Delhi,Delhi,North,Paid Search,2025-03-04
13885,Arjun,Das,arjun.das885@gmail.com,F,1991,Noida,Uttar Pradesh,North,Organic Search,2025-03-04
13886,Kabir,Chopra,kabir.chopra886@outlook.com,F,2002,Mumbai,Maharashtra,West,Referral,2025-03-04
13887,Arjun,Reddy,arjun.reddy887@gmail.com,M,1989,Jaipur,Rajasthan,North,Organic Search,2025-03-05
13888,Simran,Menon,simran.menon888@outlook.com,F,1993,Ahmedabad,Gujarat,West,Paid Search,2025-03-05
13889,Rahul,Iyer,rahul.iyer889@outlook.com,M,1991,Kolkata,West Bengal,East,Referral,2025-03-05
13890,Isha,Mishra,isha.mishra890@gmail.com,M,1995,Bengaluru,Karnataka,South,Paid Social,2025-03-05
13891,Neha,Kapoor,neha.kapoor891@gmail.com,M,1997,Mumbai,Maharashtra,West,Paid Search,2025-03-05
13892,Arjun,Banerjee,arjun.banerjee892@yahoo.in,F,1993,Bengaluru,Karnataka,South,Paid Social,2025-03-05
13893,Karan,Kumar,karan.kumar893@gmail.com,F,2006,Chennai,Tamil Nadu,South,Organic Search,2025-03-05
13894,Kavya,Menon,kavya.menon894@gmail.com,F,2005,Noida,Uttar Pradesh,North,Organic Search,2025-03-05
13895,Reyansh,Chopra,reyansh.chopra895@yahoo.in,M,1989,Bengaluru,Karnataka,South,Paid Search,2025-03-05
13896,Ananya,Nair,ananya.nair896@outlook.com,F,2004,Indore,Madhya Pradesh,West,Organic Search,2025-03-05
13897,Zoya,Singh,zoya.singh897@gmail.com,F,2003,Bengaluru,Karnataka,South,Affiliate,2025-03-06
13898,Zoya,Nair,zoya.nair898@gmail.com,F,1983,Delhi,Delhi,North,Paid Search,2025-03-06
13899,Diya,Rao,diya.rao899@outlook.com,F,1976,Bengaluru,Karnataka,South,Email,2025-03-06
13900,Aarav,Joshi,aarav.joshi900@gmail.com,M,1995,Hyderabad,Telangana,South,Affiliate,2025-03-06
13901,Nikhil,Verma,nikhil.verma901@outlook.com,M,1992,Bengaluru,Karnataka,South,Paid Search,2025-03-06
13902,Ananya,Bose,ananya.bose902@gmail.com,M,1973,Noida,Uttar Pradesh,North,Paid Search,2025-03-06
13903,Aman,Nair,aman.nair903@gmail.com,M,1994,Gurugram,Haryana,North,Email,2025-03-06
13904,Saanvi,Kumar,saanvi.kumar904@gmail.com,F,1994,Bengaluru,Karnataka,South,Organic Search,2025-03-06
13905,Manish,Pillai,manish.pillai905@gmail.com,M,1988,Bengaluru,Karnataka,South,Paid Social,2025-03-06
13906,Harpreet,Agarwal,harpreet.agarwal906@gmail.com,M,2006,Kolkata,West Bengal,East,Organic Search,2025-03-06
13907,Aditya,Kapoor,aditya.kapoor907@gmail.com,F,1992,Mumbai,Maharashtra,West,Referral,2025-03-06
13908,Riya,Sharma,riya.sharma908@gmail.com,M,1990,Noida,Uttar Pradesh,North,Referral,2025-03-07
13909,Nikhil,Das,nikhil.das909@outlook.com,M,1993,Hyderabad,Telangana,South,Paid Social,2025-03-07
13910,Aadhya,Reddy,aadhya.reddy910@gmail.com,M,1982,Bengaluru,Karnataka,South,Paid Search,2025-03-07
13911,Lakshmi,Chopra,lakshmi.chopra911@gmail.com,M,1986,Pune,Maharashtra,West,Paid Social,2025-03-07
13912,Zoya,Menon,zoya.menon912@gmail.com,F,1971,Bengaluru,Karnataka,South,Paid Social,2025-03-07
13913,Ananya,Gupta,ananya.gupta913@gmail.com,M,1996,Chandigarh,Chandigarh,North,Paid Social,2025-03-07
13914,Aman,Rao,aman.rao914@gmail.com,M,2001,Noida,Uttar Pradesh,North,Affiliate,2025-03-07
13915,Nikhil,Mehta,nikhil.mehta915@gmail.com,F,1996,Delhi,Delhi,North,Organic Search,2025-03-07
13916,Rahul,Mehta,rahul.mehta916@outlook.com,M,1995,Jaipur,Rajasthan,North,Organic Search,2025-03-07
13917,Arnav,Shah,arnav.shah917@gmail.com,F,1993,Bengaluru,Karnataka,South,Organic Search,2025-03-07
13918,Rahul,Agarwal,rahul.agarwal918@gmail.com,M,2005,Lucknow,Uttar Pradesh,North,Paid Social,2025-03-07
13919,Ananya,Gupta,ananya.gupta919@yahoo.in,F,1992,Chennai,Tamil Nadu,South,Email,2025-03-08
13920,Rahul,Banerjee,rahul.banerjee920@gmail.com,F,2000,Lucknow,Uttar Pradesh,North,Paid Search,2025-03-08
13921,Neha,Agarwal,neha.agarwal921@rediffmail.com,F,2000,Bengaluru,Karnataka,South,Paid Search,2025-03-08
13922,Krishna,Gupta,krishna.gupta922@gmail.com,F,1982,Pune,Maharashtra,West,Affiliate,2025-03-08
13923,Sneha,Joshi,sneha.joshi923@gmail.com,M,1998,Noida,Uttar Pradesh,North,Organic Search,2025-03-08
13924,Aman,Joshi,aman.joshi924@gmail.com,M,1984,Ahmedabad,Gujarat,West,Email,2025-03-09
13925,Arnav,Verma,arnav.verma925@gmail.com,F,1989,Kolkata,West Bengal,East,Affiliate,2025-03-09
13926,Nikhil,Shah,nikhil.shah926@yahoo.in,F,1992,Kolkata,West Bengal,East,Referral,2025-03-09
13927,Neha,Das,neha.das927@gmail.com,M,2003,Jaipur,Rajasthan,North,Paid Search,2025-03-09
13928,Simran,Reddy,simran.reddy928@gmail.com,F,1987,Pune,Maharashtra,West,Paid Social,2025-03-09
13929,Deepak,Gupta,deepak.gupta929@gmail.com,M,1996,Gurugram,Haryana,North,Paid Search,2025-03-09
13930,Aman,Verma,aman.verma930@outlook.com,M,1981,Mumbai,Maharashtra,West,Organic Search,2025-03-09
13931,Zoya,Kumar,zoya.kumar931@gmail.com,M,1992,Chandigarh,Chandigarh,North,Organic Search,2025-03-09
13932,Zoya,Agarwal,zoya.agarwal932@gmail.com,F,1989,Kochi,Kerala,South,Organic Search,2025-03-09
13933,Neha,Reddy,neha.reddy933@gmail.com,F,2003,Bengaluru,Karnataka,South,Affiliate,2025-03-09
13934,Zoya,Mehta,zoya.mehta934@gmail.com,M,1987,Gurugram,Haryana,North,Paid Social,2025-03-10
13935,Myra,Rao,myra.rao935@gmail.com,F,1981,Kolkata,West Bengal,East,Paid Search,2025-03-10
13936,Deepak,Nair,deepak.nair936@yahoo.in,M,1990,Bengaluru,Karnataka,South,Paid Social,2025-03-10
13937,Arnav,Banerjee,arnav.banerjee937@gmail.com,M,1988,Delhi,Delhi,North,Paid Social,2025-03-10
13938,Vikram,Joshi,vikram.joshi938@gmail.com,M,1995,Hyderabad,Telangana,South,Organic Search,2025-03-10
13939,Nikhil,Yadav,nikhil.yadav939@gmail.com,M,2004,Ahmedabad,Gujarat,West,Paid Search,2025-03-10
13940,Simran,Shah,simran.shah940@gmail.com,F,1991,Mumbai,Maharashtra,West,Paid Social,2025-03-10
13941,Pooja,Iyer,pooja.iyer941@gmail.com,M,1996,Noida,Uttar Pradesh,North,Referral,2025-03-10
13942,Aman,Reddy,aman.reddy942@yahoo.in,M,1992,Jaipur,Rajasthan,North,Organic Search,2025-03-10
13943,Riya,Banerjee,riya.banerjee943@gmail.com,M,1997,Gurugram,Haryana,North,Email,2025-03-10
13944,Ananya,Patel,ananya.patel944@gmail.com,F,1985,Hyderabad,Telangana,South,Paid Social,2025-03-10
13945,Krishna,Chopra,krishna.chopra945@yahoo.in,M,1993,Jaipur,Rajasthan,North,Paid Social,2025-03-10
13946,Sneha,Khan,sneha.khan946@gmail.com,M,2001,Mumbai,Maharashtra,West,Organic Search,2025-03-11
13947,Aarav,Mehta,aarav.mehta947@gmail.com,M,1987,Kolkata,West Bengal,East,Paid Social,2025-03-11
13948,Riya,Mehta,riya.mehta948@gmail.com,M,1992,Kolkata,West Bengal,East,Paid Search,2025-03-11
13949,Tanvi,Mishra,tanvi.mishra949@yahoo.in,F,1993,Hyderabad,Telangana,South,Organic Search,2025-03-11
13950,Sai,Singh,sai.singh950@gmail.com,M,1981,Hyderabad,Telangana,South,Email,2025-03-11
13951,Aadhya,Bose,aadhya.bose951@gmail.com,F,1999,Kolkata,West Bengal,East,Paid Search,2025-03-11
13952,Amit,Chopra,amit.chopra952@gmail.com,M,1989,Hyderabad,Telangana,South,Organic Search,2025-03-11
13953,Riya,Bose,riya.bose953@gmail.com,F,1993,Mumbai,Maharashtra,West,Paid Search,2025-03-11
13954,Aarav,Chopra,aarav.chopra954@gmail.com,F,1998,Delhi,Delhi,North,Organic Search,2025-03-11
13955,Sneha,Bose,sneha.bose955@gmail.com,M,1999,Noida,Uttar Pradesh,North,Affiliate,2025-03-11
13956,Kabir,Malhotra,kabir.malhotra956@outlook.com,F,1984,Mumbai,Maharashtra,West,Organic Search,2025-03-11
13957,Myra,Pillai,myra.pillai957@gmail.com,F,1997,Lucknow,Uttar Pradesh,North,Paid Social,2025-03-11
13958,Neha,Banerjee,neha.banerjee958@gmail.com,F,2001,Chandigarh,Chandigarh,North,Referral,2025-03-11
13959,Ishaan,Yadav,ishaan.yadav959@gmail.com,F,1988,Delhi,Delhi,North,Organic Search,2025-03-11
13960,Aadhya,Iyer,aadhya.iyer960@gmail.com,M,2000,Ahmedabad,Gujarat,West,Paid Search,2025-03-11
13961,Kiara,Pillai,kiara.pillai961@gmail.com,F,1997,Mumbai,Maharashtra,West,Paid Social,2025-03-11
13962,Farhan,Nair,farhan.nair962@outlook.com,F,1997,Lucknow,Uttar Pradesh,North,Email,2025-03-11
13963,Diya,Bose,diya.bose963@yahoo.in,F,2000,Indore,Madhya Pradesh,West,Paid Social,2025-03-11
13964,Karan,Kapoor,karan.kapoor964@gmail.com,F,1986,Jaipur,Rajasthan,North,Organic Search,2025-03-11
13965,Pari,Kumar,pari.kumar965@gmail.com,F,1986,Pune,Maharashtra,West,Paid Search,2025-03-11
13966,Ananya,Malhotra,ananya.malhotra966@yahoo.in,F,2003,Lucknow,Uttar Pradesh,North,Paid Search,2025-03-12
13967,Sai,Khan,sai.khan967@gmail.com,F,1991,Bengaluru,Karnataka,South,Paid Search,2025-03-12
13968,Aarav,Das,aarav.das968@yahoo.in,M,1982,Chennai,Tamil Nadu,South,Affiliate,2025-03-12
13969,Saanvi,Reddy,saanvi.reddy969@yahoo.in,M,1992,Delhi,Delhi,North,Organic Search,2025-03-12
13970,Ananya,Malhotra,ananya.malhotra970@gmail.com,F,1993,Hyderabad,Telangana,South,Paid Search,2025-03-12
13971,Farhan,Kapoor,farhan.kapoor971@gmail.com,F,1995,Chennai,Tamil Nadu,South,Paid Social,2025-03-12
13972,Rahul,Nair,rahul.nair972@gmail.com,M,1990,Kolkata,West Bengal,East,Organic Search,2025-03-12
13973,Aditya,Nair,aditya.nair973@yahoo.in,M,2006,Hyderabad,Telangana,South,Paid Social,2025-03-12
13974,Farhan,Mishra,farhan.mishra974@gmail.com,M,1986,Ahmedabad,Gujarat,West,Organic Search,2025-03-12
13975,Myra,Agarwal,myra.agarwal975@gmail.com,F,1978,Delhi,Delhi,North,Referral,2025-03-12
13976,Vikram,Agarwal,vikram.agarwal976@gmail.com,M,1982,Delhi,Delhi,North,Organic Search,2025-03-12
13977,Reyansh,Chopra,reyansh.chopra977@yahoo.in,F,1987,Noida,Uttar Pradesh,North,Paid Social,2025-03-12
13978,Aditya,Gupta,aditya.gupta978@gmail.com,F,1997,Mumbai,Maharashtra,West,Paid Social,2025-03-12
13979,Sai,Singh,sai.singh979@yahoo.in,M,1992,Kolkata,West Bengal,East,Paid Search,2025-03-12
13980,Priya,Verma,priya.verma980@outlook.com,F,1996,Gurugram,Haryana,North,Paid Search,2025-03-12
13981,Arnav,Iyer,arnav.iyer981@gmail.com,M,1988,Pune,Maharashtra,West,Paid Social,2025-03-13
13982,Kavya,Sharma,kavya.sharma982@gmail.com,M,1997,Kolkata,West Bengal,East,Referral,2025-03-13
13983,Aman,Mehta,aman.mehta983@gmail.com,M,1981,Delhi,Delhi,North,Paid Search,2025-03-13
13984,Lakshmi,Sharma,lakshmi.sharma984@gmail.com,F,1995,Delhi,Delhi,North,Paid Social,2025-03-13
13985,Farhan,Menon,farhan.menon985@gmail.com,F,1998,Lucknow,Uttar Pradesh,North,Paid Social,2025-03-13
13986,Riya,Joshi,riya.joshi986@rediffmail.com,M,1986,Noida,Uttar Pradesh,North,Paid Search,2025-03-13
13987,Kiara,Sharma,kiara.sharma987@gmail.com,F,2006,Pune,Maharashtra,West,Referral,2025-03-13
13988,Diya,Kumar,diya.kumar988@gmail.com,M,1978,Mumbai,Maharashtra,West,Organic Search,2025-03-13
13989,Karan,Kumar,karan.kumar989@rediffmail.com,F,1999,Ahmedabad,Gujarat,West,Paid Social,2025-03-13
13990,Aarav,Rao,aarav.rao990@gmail.com,F,2000,Gurugram,Haryana,North,Affiliate,2025-03-13
13991,Ishaan,Bose,ishaan.bose991@gmail.com,M,1986,Bengaluru,Karnataka,South,Paid Social,2025-03-13
13992,Priya,Joshi,priya.joshi992@gmail.com,F,1996,Noida,Uttar Pradesh,North,Paid Social,2025-03-13
13993,Karan,Agarwal,karan.agarwal993@gmail.com,M,1986,Mumbai,Maharashtra,West,Referral,2025-03-14
13994,Pari,Gupta,pari.gupta994@gmail.com,F,1996,Delhi,Delhi,North,Paid Search,2025-03-14
13995,Farhan,Iyer,farhan.iyer995@gmail.com,F,1992,Hyderabad,Telangana,South,Paid Search,2025-03-14
13996,Tanvi,Sharma,tanvi.sharma996@gmail.com,M,1993,Bengaluru,Karnataka,South,Organic Search,2025-03-14
13997,Ananya,Banerjee,ananya.banerjee997@gmail.com,F,1989,Noida,Uttar Pradesh,North,Organic Search,2025-03-14
13998,Aditya,Sharma,aditya.sharma998@yahoo.in,F,1989,Indore,Madhya Pradesh,West,Organic Search,2025-03-14
13999,Ananya,Bose,ananya.bose999@gmail.com,F,1987,Mumbai,Maharashtra,West,Referral,2025-03-14
14000,Lakshmi,Khan,lakshmi.khan0@outlook.com,M,1998,Hyderabad,Telangana,South,Paid Search,2025-03-14
14001,Kabir,Agarwal,kabir.agarwal1@outlook.com,F,2006,Kolkata,West Bengal,East,Affiliate,2025-03-14
14002,Riya,Chopra,riya.chopra2@gmail.com,M,2006,Delhi,Delhi,North,Organic Search,2025-03-14
14003,Tanvi,Sharma,tanvi.sharma3@gmail.com,M,2001,Pune,Maharashtra,West,Organic Search,2025-03-14
14004,Kavya,Nair,kavya.nair4@yahoo.in,F,1993,Lucknow,Uttar Pradesh,North,Paid Social,2025-03-14
14005,Lakshmi,Sharma,lakshmi.sharma5@gmail.com,F,2001,Bengaluru,Karnataka,South,Organic Search,2025-03-14
14006,Harpreet,Verma,harpreet.verma6@gmail.com,F,1996,Delhi,Delhi,North,Paid Social,2025-03-14
14007,Aadhya,Shah,aadhya.shah7@gmail.com,M,1991,Ahmedabad,Gujarat,West,Organic Search,2025-03-14
14008,Isha,Shah,isha.shah8@gmail.com,M,2006,Chennai,Tamil Nadu,South,Organic Search,2025-03-14
14009,Neha,Gupta,neha.gupta9@gmail.com,M,2001,Mumbai,Maharashtra,West,Paid Social,2025-03-15
14010,Meera,Banerjee,meera.banerjee10@outlook.com,M,1987,Chennai,Tamil Nadu,South,Paid Social,2025-03-15
14011,Reyansh,Iyer,reyansh.iyer11@gmail.com,F,2001,Gurugram,Haryana,North,Organic Search,2025-03-15
14012,Simran,Banerjee,simran.banerjee12@gmail.com,F,1998,Kochi,Kerala,South,Organic Search,2025-03-15
14013,Karan,Malhotra,karan.malhotra13@gmail.com,F,1986,Hyderabad,Telangana,South,Paid Search,2025-03-15
14014,Rohan,Das,rohan.das14@gmail.com,M,1994,Mumbai,Maharashtra,West,Organic Search,2025-03-15
14015,Vivaan,Kapoor,vivaan.kapoor15@gmail.com,F,1993,Delhi,Delhi,North,Affiliate,2025-03-15
14016,Aarav,Verma,aarav.verma16@yahoo.in,M,1973,Pune,Maharashtra,West,Paid Social,2025-03-15
14017,Pari,Chopra,pari.chopra17@gmail.com,F,1982,Bengaluru,Karnataka,South,Organic Search,2025-03-15
14018,Aadhya,Pillai,aadhya.pillai18@gmail.com,F,2002,Delhi,Delhi,North,Paid Search,2025-03-15
14019,Krishna,Khan,krishna.khan19@gmail.com,M,1988,Kolkata,West Bengal,East,Organic Search,2025-03-15
14020,Isha,Rao,isha.rao20@gmail.com,F,1998,Hyderabad,Telangana,South,Organic Search,2025-03-15
14021,Aarav,Malhotra,aarav.malhotra21@gmail.com,M,2004,Kolkata,West Bengal,East,Affiliate,2025-03-15
14022,Vikram,Kumar,vikram.kumar22@yahoo.in,M,1977,Jaipur,Rajasthan,North,Organic Search,2025-03-16
14023,Isha,Bose,isha.bose23@gmail.com,M,2006,Mumbai,Maharashtra,West,Email,2025-03-16
14024,Ananya,Reddy,ananya.reddy24@outlook.com,F,1992,Lucknow,Uttar Pradesh,North,Email,2025-03-16
14025,Priya,Kumar,priya.kumar25@outlook.com,M,1997,Jaipur,Rajasthan,North,Referral,2025-03-16
14026,Isha,Khan,isha.khan26@gmail.com,M,2006,Gurugram,Haryana,North,Paid Social,2025-03-16
14027,Simran,Malhotra,simran.malhotra27@gmail.com,M,2001,Delhi,Delhi,North,Organic Search,2025-03-16
14028,Karan,Das,karan.das28@gmail.com,M,1992,Bengaluru,Karnataka,South,Referral,2025-03-16
14029,Kabir,Verma,kabir.verma29@gmail.com,M,1989,Gurugram,Haryana,North,Referral,2025-03-16
14030,Aman,Menon,aman.menon30@gmail.com,M,1990,Delhi,Delhi,North,Paid Social,2025-03-16
14031,Saanvi,Kapoor,saanvi.kapoor31@yahoo.in,F,1989,Pune,Maharashtra,West,Organic Search,2025-03-16
14032,Kabir,Joshi,kabir.joshi32@gmail.com,F,2004,Bengaluru,Karnataka,South,Organic Search,2025-03-17
14033,Riya,Nair,riya.nair33@outlook.com,F,1998,Hyderabad,Telangana,South,Organic Search,2025-03-17
14034,Zoya,Yadav,zoya.yadav34@gmail.com,F,1995,Ahmedabad,Gujarat,West,Organic Search,2025-03-17
14035,Aarav,Nair,aarav.nair35@gmail.com,F,1992,Noida,Uttar Pradesh,North,Paid Social,2025-03-17
14036,Deepak,Patel,deepak.patel36@gmail.com,F,1999,Ahmedabad,Gujarat,West,Email,2025-03-17
14037,Karan,Reddy,karan.reddy37@gmail.com,M,1978,Bengaluru,Karnataka,South,Paid Social,2025-03-17
14038,Kiara,Khan,kiara.khan38@yahoo.in,F,2006,Lucknow,Uttar Pradesh,North,Paid Social,2025-03-17
14039,Farhan,Agarwal,farhan.agarwal39@gmail.com,F,1991,Gurugram,Haryana,North,Referral,2025-03-17
14040,Sneha,Nair,sneha.nair40@yahoo.in,F,1986,Kochi,Kerala,South,Paid Social,2025-03-18
14041,Kavya,Kumar,kavya.kumar41@gmail.com,M,2003,Delhi,Delhi,North,Paid Search,2025-03-18
14042,Aarav,Shah,aarav.shah42@gmail.com,F,2002,Jaipur,Rajasthan,North,Referral,2025-03-18
14043,Amit,Gupta,amit.gupta43@gmail.com,M,1993,Lucknow,Uttar Pradesh,North,Paid Search,2025-03-18
14044,Nikhil,Khan,nikhil.khan44@outlook.com,M,2004,Chennai,Tamil Nadu,South,Affiliate,2025-03-18
14045,Vivaan,Kumar,vivaan.kumar45@gmail.com,M,2002,Pune,Maharashtra,West,Organic Search,2025-03-18
14046,Harpreet,Rao,harpreet.rao46@gmail.com,F,1997,Kolkata,West Bengal,East,Paid Social,2025-03-18
14047,Saanvi,Das,saanvi.das47@gmail.com,M,1980,Hyderabad,Telangana,South,Paid Social,2025-03-18
14048,Aarav,Verma,aarav.verma48@rediffmail.com,M,1995,Hyderabad,Telangana,South,Paid Search,2025-03-18
14049,Myra,Kumar,myra.kumar49@rediffmail.com,M,1994,Gurugram,Haryana,North,Paid Search,2025-03-18
14050,Simran,Joshi,simran.joshi50@outlook.com,F,1992,Mumbai,Maharashtra,West,Organic Search,2025-03-18
14051,Kavya,Singh,kavya.singh51@gmail.com,M,1991,Hyderabad,Telangana,South,Referral,2025-03-18
14052,Reyansh,Chopra,reyansh.chopra52@outlook.com,M,2000,Kolkata,West Bengal,East,Paid Search,2025-03-18
14053,Myra,Kapoor,myra.kapoor53@gmail.com,M,1984,Chennai,Tamil Nadu,South,Paid Search,2025-03-18
14054,Simran,Iyer,simran.iyer54@gmail.com,F,2003,Kolkata,West Bengal,East,Email,2025-03-18
14055,Aarav,Shah,aarav.shah55@outlook.com,M,1993,Bengaluru,Karnataka,South,Paid Social,2025-03-19
14056,Amit,Agarwal,amit.agarwal56@gmail.com,M,1987,Pune,Maharashtra,West,Email,2025-03-19
14057,Amit,Gupta,amit.gupta57@outlook.com,M,1991,Pune,Maharashtra,West,Organic Search,2025-03-19
14058,Pari,Mehta,pari.mehta58@gmail.com,M,1995,Mumbai,Maharashtra,West,Paid Search,2025-03-19
14059,Aadhya,Khan,aadhya.khan59@outlook.com,F,2005,Gurugram,Haryana,North,Organic Search,2025-03-19
14060,Deepak,Chopra,deepak.chopra60@gmail.com,F,1999,Jaipur,Rajasthan,North,Email,2025-03-19
14061,Pari,Mehta,pari.mehta61@gmail.com,F,2003,Delhi,Delhi,North,Referral,2025-03-19
14062,Vikram,Das,vikram.das62@yahoo.in,M,1993,Delhi,Delhi,North,Referral,2025-03-19
14063,Farhan,Chopra,farhan.chopra63@gmail.com,M,1992,Chandigarh,Chandigarh,North,Paid Social,2025-03-19
14064,Vivaan,Rao,vivaan.rao64@gmail.com,M,2006,Bengaluru,Karnataka,South,Organic Search,2025-03-19
14065,Simran,Mishra,simran.mishra65@gmail.com,F,1992,Indore,Madhya Pradesh,West,Paid Search,2025-03-19
14066,Farhan,Gupta,farhan.gupta66@outlook.com,M,1989,Ahmedabad,Gujarat,West,Paid Social,2025-03-19
14067,Ishaan,Singh,ishaan.singh67@outlook.com,F,1988,Bengaluru,Karnataka,South,Organic Search,2025-03-19
14068,Ishaan,Joshi,ishaan.joshi68@gmail.com,M,1996,Mumbai,Maharashtra,West,Paid Social,2025-03-20
14069,Sneha,Banerjee,sneha.banerjee69@gmail.com,F,1985,Mumbai,Maharashtra,West,Email,2025-03-20
14070,Lakshmi,Yadav,lakshmi.yadav70@gmail.com,F,1995,Pune,Maharashtra,West,Paid Search,2025-03-20
14071,Arnav,Chopra,arnav.chopra71@gmail.com,F,1995,Delhi,Delhi,North,Paid Social,2025-03-20
14072,Krishna,Patel,krishna.patel72@gmail.com,M,1998,Ahmedabad,Gujarat,West,Paid Social,2025-03-20
14073,Vikram,Mishra,vikram.mishra73@outlook.com,M,1980,Hyderabad,Telangana,South,Organic Search,2025-03-20
14074,Neha,Mishra,neha.mishra74@gmail.com,M,1978,Lucknow,Uttar Pradesh,North,Paid Search,2025-03-20
14075,Tanvi,Verma,tanvi.verma75@gmail.com,F,1990,Chennai,Tamil Nadu,South,Paid Social,2025-03-20
14076,Rahul,Yadav,rahul.yadav76@gmail.com,F,1992,Lucknow,Uttar Pradesh,North,Referral,2025-03-20
14077,Sneha,Das,sneha.das77@outlook.com,M,1985,Pune,Maharashtra,West,Paid Search,2025-03-20
14078,Sneha,Patel,sneha.patel78@gmail.com,M,1983,Chennai,Tamil Nadu,South,Organic Search,2025-03-20
14079,Aarav,Gupta,aarav.gupta79@gmail.com,F,1997,Bengaluru,Karnataka,South,Organic Search,2025-03-20
14080,Amit,Gupta,amit.gupta80@gmail.com,M,1991,Ahmedabad,Gujarat,West,Paid Social,2025-03-20
14081,Reyansh,Verma,reyansh.verma81@gmail.com,F,2000,Bengaluru,Karnataka,South,Paid Search,2025-03-20
14082,Isha,Bose,isha.bose82@yahoo.in,M,1982,Delhi,Delhi,North,Paid Social,2025-03-20
14083,Amit,Yadav,amit.yadav83@gmail.com,F,1993,Bengaluru,Karnataka,South,Organic Search,2025-03-20
14084,Nikhil,Shah,nikhil.shah84@gmail.com,M,2006,Indore,Madhya Pradesh,West,Referral,2025-03-20
14085,Simran,Joshi,simran.joshi85@gmail.com,M,1991,Delhi,Delhi,North,Paid Search,2025-03-20
14086,Krishna,Reddy,krishna.reddy86@outlook.com,F,1989,Delhi,Delhi,North,Organic Search,2025-03-21
14087,Pooja,Yadav,pooja.yadav87@gmail.com,M,2001,Kolkata,West Bengal,East,Paid Social,2025-03-21
14088,Zoya,Yadav,zoya.yadav88@outlook.com,M,2003,Gurugram,Haryana,North,Referral,2025-03-21
14089,Saanvi,Banerjee,saanvi.banerjee89@gmail.com,M,1988,Chennai,Tamil Nadu,South,Affiliate,2025-03-21
14090,Vivaan,Patel,vivaan.patel90@gmail.com,M,1989,Jaipur,Rajasthan,North,Affiliate,2025-03-21
14091,Deepak,Kapoor,deepak.kapoor91@gmail.com,M,2000,Mumbai,Maharashtra,West,Paid Search,2025-03-21
14092,Simran,Nair,simran.nair92@gmail.com,F,1996,Ahmedabad,Gujarat,West,Paid Social,2025-03-22
14093,Nikhil,Khan,nikhil.khan93@gmail.com,F,1996,Bengaluru,Karnataka,South,Paid Social,2025-03-22
14094,Riya,Yadav,riya.yadav94@gmail.com,F,1995,Pune,Maharashtra,West,Paid Social,2025-03-22
14095,Aadhya,Kumar,aadhya.kumar95@gmail.com,F,1993,Mumbai,Maharashtra,West,Organic Search,2025-03-22
14096,Zoya,Iyer,zoya.iyer96@rediffmail.com,F,2002,Pune,Maharashtra,West,Paid Social,2025-03-22
14097,Manish,Patel,manish.patel97@rediffmail.com,F,2005,Bengaluru,Karnataka,South,Affiliate,2025-03-22
14098,Diya,Agarwal,diya.agarwal98@outlook.com,M,1985,Mumbai,Maharashtra,West,Organic Search,2025-03-22
14099,Priya,Gupta,priya.gupta99@gmail.com,M,2001,Ahmedabad,Gujarat,West,Paid Search,2025-03-22
14100,Simran,Singh,simran.singh100@gmail.com,F,1993,Mumbai,Maharashtra,West,Organic Search,2025-03-22
14101,Rohan,Nair,rohan.nair101@gmail.com,F,1983,Chandigarh,Chandigarh,North,Paid Search,2025-03-22
14102,Tanvi,Das,tanvi.das102@outlook.com,M,1986,Jaipur,Rajasthan,North,Paid Social,2025-03-22
14103,Vivaan,Agarwal,vivaan.agarwal103@gmail.com,M,1990,Noida,Uttar Pradesh,North,Paid Search,2025-03-23
14104,Kavya,Shah,kavya.shah104@gmail.com,M,2002,Hyderabad,Telangana,South,Paid Search,2025-03-23
14105,Aditya,Chopra,aditya.chopra105@gmail.com,M,1985,Kolkata,West Bengal,East,Referral,2025-03-23
14106,Aarav,Patel,aarav.patel106@gmail.com,M,1979,Delhi,Delhi,North,Organic Search,2025-03-23
14107,Kiara,Rao,kiara.rao107@gmail.com,M,1991,Noida,Uttar Pradesh,North,Referral,2025-03-23
14108,Zoya,Pillai,zoya.pillai108@gmail.com,M,1990,Kolkata,West Bengal,East,Referral,2025-03-23
14109,Rohan,Gupta,rohan.gupta109@gmail.com,M,2002,Mumbai,Maharashtra,West,Paid Social,2025-03-23
14110,Vikram,Yadav,vikram.yadav110@outlook.com,F,1996,Mumbai,Maharashtra,West,Paid Search,2025-03-23
14111,Saanvi,Joshi,saanvi.joshi111@gmail.com,F,1999,Bengaluru,Karnataka,South,Affiliate,2025-03-24
14112,Manish,Bose,manish.bose112@gmail.com,F,1990,Mumbai,Maharashtra,West,Paid Search,2025-03-24
14113,Priya,Verma,priya.verma113@gmail.com,F,1984,Pune,Maharashtra,West,Organic Search,2025-03-24
14114,Isha,Shah,isha.shah114@gmail.com,F,2004,Kochi,Kerala,South,Organic Search,2025-03-24
14115,Aarav,Menon,aarav.menon115@gmail.com,F,1989,Ahmedabad,Gujarat,West,Email,2025-03-24
14116,Diya,Shah,diya.shah116@gmail.com,M,1999,Bengaluru,Karnataka,South,Organic Search,2025-03-24
14117,Aarav,Khan,aarav.khan117@gmail.com,F,1991,Noida,Uttar Pradesh,North,Paid Search,2025-03-24
14118,Arnav,Gupta,arnav.gupta118@gmail.com,M,1999,Lucknow,Uttar Pradesh,North,Paid Social,2025-03-24
14119,Neha,Mehta,neha.mehta119@outlook.com,F,1996,Chennai,Tamil Nadu,South,Paid Social,2025-03-24
14120,Saanvi,Malhotra,saanvi.malhotra120@gmail.com,F,1995,Kochi,Kerala,South,Paid Social,2025-03-25
14121,Kabir,Mehta,kabir.mehta121@outlook.com,F,1997,Hyderabad,Telangana,South,Paid Search,2025-03-25
14122,Nikhil,Banerjee,nikhil.banerjee122@gmail.com,M,1992,Delhi,Delhi,North,Paid Social,2025-03-25
14123,Karan,Nair,karan.nair123@gmail.com,F,1980,Hyderabad,Telangana,South,Organic Search,2025-03-25
14124,Saanvi,Pillai,saanvi.pillai124@gmail.com,M,1996,Delhi,Delhi,North,Organic Search,2025-03-25
14125,Diya,Chopra,diya.chopra125@gmail.com,M,2003,Indore,Madhya Pradesh,West,Organic Search,2025-03-25
14126,Deepak,Agarwal,deepak.agarwal126@gmail.com,M,1993,Bengaluru,Karnataka,South,Paid Search,2025-03-25
14127,Aditya,Gupta,aditya.gupta127@gmail.com,F,1991,Mumbai,Maharashtra,West,Organic Search,2025-03-25
14128,Amit,Reddy,amit.reddy128@gmail.com,M,1996,Pune,Maharashtra,West,Paid Social,2025-03-25
14129,Kavya,Mishra,kavya.mishra129@gmail.com,F,2001,Bengaluru,Karnataka,South,Organic Search,2025-03-26
14130,Aadhya,Bose,aadhya.bose130@gmail.com,M,1991,Chennai,Tamil Nadu,South,Paid Search,2025-03-26
14131,Aditya,Rao,aditya.rao131@outlook.com,F,1982,Gurugram,Haryana,North,Organic Search,2025-03-26
14132,Aman,Banerjee,aman.banerjee132@gmail.com,M,1995,Delhi,Delhi,North,Paid Search,2025-03-26
14133,Lakshmi,Banerjee,lakshmi.banerjee133@gmail.com,M,1996,Bengaluru,Karnataka,South,Referral,2025-03-26
14134,Aditya,Rao,aditya.rao134@gmail.com,F,1995,Lucknow,Uttar Pradesh,North,Paid Search,2025-03-26
14135,Myra,Bose,myra.bose135@gmail.com,F,1990,Noida,Uttar Pradesh,North,Paid Social,2025-03-26
14136,Arjun,Banerjee,arjun.banerjee136@yahoo.in,M,1996,Noida,Uttar Pradesh,North,Paid Search,2025-03-26
14137,Arnav,Yadav,arnav.yadav137@outlook.com,M,1992,Noida,Uttar Pradesh,North,Organic Search,2025-03-27
14138,Simran,Nair,simran.nair138@gmail.com,F,1990,Pune,Maharashtra,West,Paid Search,2025-03-27
14139,Aman,Nair,aman.nair139@gmail.com,M,1991,Kolkata,West Bengal,East,Paid Search,2025-03-27
14140,Aadhya,Pillai,aadhya.pillai140@gmail.com,M,1995,Hyderabad,Telangana,South,Referral,2025-03-27
14141,Nikhil,Bose,nikhil.bose141@gmail.com,M,1996,Ahmedabad,Gujarat,West,Organic Search,2025-03-27
14142,Ishaan,Khan,ishaan.khan142@gmail.com,F,1989,Delhi,Delhi,North,Affiliate,2025-03-27
14143,Reyansh,Shah,reyansh.shah143@yahoo.in,M,1995,Bengaluru,Karnataka,South,Paid Social,2025-03-27
14144,Pooja,Mishra,pooja.mishra144@gmail.com,M,1997,Mumbai,Maharashtra,West,Paid Search,2025-03-27
14145,Kavya,Patel,kavya.patel145@rediffmail.com,F,1998,Hyderabad,Telangana,South,Affiliate,2025-03-27
14146,Ananya,Bose,ananya.bose146@rediffmail.com,F,1997,Pune,Maharashtra,West,Organic Search,2025-03-27
14147,Priya,Kapoor,priya.kapoor147@gmail.com,F,2004,Bengaluru,Karnataka,South,Referral,2025-03-27
14148,Manish,Mishra,manish.mishra148@gmail.com,F,1999,Noida,Uttar Pradesh,North,Organic Search,2025-03-27
14149,Isha,Khan,isha.khan149@gmail.com,M,2006,Chennai,Tamil Nadu,South,Paid Social,2025-03-27
14150,Aman,Bose,aman.bose150@rediffmail.com,F,2002,Hyderabad,Telangana,South,Organic Search,2025-03-27
14151,Tanvi,Agarwal,tanvi.agarwal151@gmail.com,M,2001,Mumbai,Maharashtra,West,Email,2025-03-27
14152,Arnav,Yadav,arnav.yadav152@gmail.com,M,1984,Kolkata,West Bengal,East,Paid Search,2025-03-28
14153,Saanvi,Iyer,saanvi.iyer153@outlook.com,F,2000,Gurugram,Haryana,North,Paid Social,2025-03-28
14154,Simran,Singh,simran.singh154@gmail.com,F,2000,Delhi,Delhi,North,Affiliate,2025-03-28
14155,Aman,Bose,aman.bose155@outlook.com,F,1993,Hyderabad,Telangana,South,Organic Search,2025-03-28
14156,Arnav,Rao,arnav.rao156@yahoo.in,M,1977,Indore,Madhya Pradesh,West,Affiliate,2025-03-28
14157,Lakshmi,Menon,lakshmi.menon157@gmail.com,F,1975,Delhi,Delhi,North,Paid Social,2025-03-28
14158,Saanvi,Gupta,saanvi.gupta158@yahoo.in,M,1991,Gurugram,Haryana,North,Referral,2025-03-28
14159,Simran,Sharma,simran.sharma159@yahoo.in,M,1989,Delhi,Delhi,North,Paid Search,2025-03-28
14160,Meera,Joshi,meera.joshi160@gmail.com,M,1982,Gurugram,Haryana,North,Referral,2025-03-28
14161,Arjun,Malhotra,arjun.malhotra161@yahoo.in,F,1997,Mumbai,Maharashtra,West,Email,2025-03-28
14162,Lakshmi,Mishra,lakshmi.mishra162@gmail.com,M,1984,Delhi,Delhi,North,Paid Search,2025-03-28
14163,Nikhil,Rao,nikhil.rao163@outlook.com,F,1980,Pune,Maharashtra,West,Referral,2025-03-28
14164,Tanvi,Agarwal,tanvi.agarwal164@yahoo.in,F,2006,Indore,Madhya Pradesh,West,Affiliate,2025-03-28
14165,Aditya,Das,aditya.das165@outlook.com,M,1998,Bengaluru,Karnataka,South,Referral,2025-03-28
14166,Manish,Chopra,manish.chopra166@yahoo.in,M,1990,Kolkata,West Bengal,East,Affiliate,2025-03-28
14167,Kavya,Singh,kavya.singh167@outlook.com,M,1982,Delhi,Delhi,North,Referral,2025-03-28
14168,Harpreet,Pillai,harpreet.pillai168@gmail.com,M,1986,Delhi,Delhi,North,Paid Search,2025-03-29
14169,Saanvi,Singh,saanvi.singh169@gmail.com,M,1989,Delhi,Delhi,North,Referral,2025-03-29
14170,Aditya,Kumar,aditya.kumar170@gmail.com,M,1989,Chandigarh,Chandigarh,North,Paid Social,2025-03-29
14171,Riya,Kumar,riya.kumar171@gmail.com,M,1991,Pune,Maharashtra,West,Organic Search,2025-03-29
14172,Rahul,Shah,rahul.shah172@outlook.com,M,1984,Delhi,Delhi,North,Organic Search,2025-03-29
14173,Ananya,Kumar,ananya.kumar173@gmail.com,F,1987,Bengaluru,Karnataka,South,Organic Search,2025-03-29
14174,Diya,Patel,diya.patel174@gmail.com,M,1980,Kolkata,West Bengal,East,Referral,2025-03-29
14175,Meera,Menon,meera.menon175@gmail.com,F,1978,Lucknow,Uttar Pradesh,North,Referral,2025-03-29
14176,Arnav,Kumar,arnav.kumar176@outlook.com,F,1981,Delhi,Delhi,North,Referral,2025-03-29
14177,Pooja,Khan,pooja.khan177@gmail.com,M,1989,Hyderabad,Telangana,South,Organic Search,2025-03-30
14178,Deepak,Singh,deepak.singh178@rediffmail.com,M,1991,Hyderabad,Telangana,South,Organic Search,2025-03-30
14179,Sneha,Mehta,sneha.mehta179@gmail.com,M,1997,Delhi,Delhi,North,Paid Search,2025-03-30
14180,Sneha,Shah,sneha.shah180@gmail.com,M,1997,Indore,Madhya Pradesh,West,Paid Social,2025-03-30
14181,Pari,Nair,pari.nair181@gmail.com,F,1998,Lucknow,Uttar Pradesh,North,Email,2025-03-30
14182,Aditya,Mehta,aditya.mehta182@outlook.com,F,1991,Bengaluru,Karnataka,South,Email,2025-03-30
14183,Ananya,Mishra,ananya.mishra183@gmail.com,M,1999,Bengaluru,Karnataka,South,Organic Search,2025-03-30
14184,Saanvi,Khan,saanvi.khan184@gmail.com,F,1976,Noida,Uttar Pradesh,North,Referral,2025-03-30
14185,Vikram,Shah,vikram.shah185@gmail.com,F,1998,Lucknow,Uttar Pradesh,North,Paid Social,2025-03-30
14186,Ishaan,Das,ishaan.das186@gmail.com,M,1993,Indore,Madhya Pradesh,West,Affiliate,2025-03-30
14187,Rahul,Patel,rahul.patel187@gmail.com,F,2001,Ahmedabad,Gujarat,West,Referral,2025-03-30
14188,Amit,Sharma,amit.sharma188@gmail.com,F,1972,Chennai,Tamil Nadu,South,Paid Social,2025-03-31
14189,Rahul,Das,rahul.das189@gmail.com,F,2001,Pune,Maharashtra,West,Referral,2025-03-31
14190,Manish,Verma,manish.verma190@gmail.com,F,1980,Hyderabad,Telangana,South,Paid Search,2025-03-31
14191,Ishaan,Chopra,ishaan.chopra191@gmail.com,F,2002,Bengaluru,Karnataka,South,Referral,2025-03-31
14192,Saanvi,Sharma,saanvi.sharma192@gmail.com,F,1987,Bengaluru,Karnataka,South,Referral,2025-03-31
14193,Pari,Gupta,pari.gupta193@outlook.com,F,1997,Noida,Uttar Pradesh,North,Email,2025-03-31
14194,Riya,Khan,riya.khan194@yahoo.in,M,1993,Jaipur,Rajasthan,North,Organic Search,2025-03-31
14195,Meera,Malhotra,meera.malhotra195@yahoo.in,M,2002,Ahmedabad,Gujarat,West,Email,2025-03-31
14196,Simran,Kumar,simran.kumar196@gmail.com,F,1995,Delhi,Delhi,North,Organic Search,2025-03-31
14197,Amit,Agarwal,amit.agarwal197@gmail.com,M,2006,Delhi,Delhi,North,Referral,2025-03-31
14198,Simran,Banerjee,simran.banerjee198@gmail.com,M,1988,Delhi,Delhi,North,Affiliate,2025-03-31
14199,Vivaan,Kumar,vivaan.kumar199@gmail.com,F,1985,Kochi,Kerala,South,Organic Search,2025-03-31
14200,Reyansh,Mehta,reyansh.mehta200@gmail.com,F,1988,Bengaluru,Karnataka,South,Paid Social,2025-04-01
14201,Vikram,Shah,vikram.shah201@gmail.com,F,1999,Chennai,Tamil Nadu,South,Paid Social,2025-04-01
14202,Kabir,Khan,kabir.khan202@gmail.com,M,1999,Kolkata,West Bengal,East,Referral,2025-04-01
14203,Diya,Mishra,diya.mishra203@gmail.com,M,1983,Bengaluru,Karnataka,South,Organic Search,2025-04-01
14204,Rohan,Yadav,rohan.yadav204@gmail.com,M,1987,Pune,Maharashtra,West,Email,2025-04-01
14205,Reyansh,Patel,reyansh.patel205@gmail.com,M,1996,Pune,Maharashtra,West,Affiliate,2025-04-01
14206,Diya,Verma,diya.verma206@gmail.com,F,2003,Bengaluru,Karnataka,South,Paid Social,2025-04-01
14207,Lakshmi,Rao,lakshmi.rao207@gmail.com,F,1988,Chennai,Tamil Nadu,South,Paid Search,2025-04-01
14208,Vivaan,Joshi,vivaan.joshi208@gmail.com,M,1982,Hyderabad,Telangana,South,Paid Social,2025-04-01
14209,Manish,Nair,manish.nair209@yahoo.in,F,2002,Pune,Maharashtra,West,Organic Search,2025-04-02
14210,Amit,Singh,amit.singh210@gmail.com,F,1980,Hyderabad,Telangana,South,Referral,2025-04-02
14211,Farhan,Singh,farhan.singh211@gmail.com,F,1998,Pune,Maharashtra,West,Organic Search,2025-04-02
14212,Riya,Shah,riya.shah212@gmail.com,M,1976,Mumbai,Maharashtra,West,Paid Search,2025-04-02
14213,Aditya,Singh,aditya.singh213@gmail.com,M,1993,Jaipur,Rajasthan,North,Organic Search,2025-04-02
14214,Ananya,Yadav,ananya.yadav214@gmail.com,F,1991,Delhi,Delhi,North,Referral,2025-04-02
14215,Harpreet,Reddy,harpreet.reddy215@gmail.com,F,1987,Noida,Uttar Pradesh,North,Paid Social,2025-04-02
14216,Karan,Singh,karan.singh216@gmail.com,M,2005,Bengaluru,Karnataka,South,Paid Social,2025-04-02
14217,Pari,Joshi,pari.joshi217@outlook.com,M,1993,Gurugram,Haryana,North,Organic Search,2025-04-02
14218,Amit,Gupta,amit.gupta218@gmail.com,F,1992,Kochi,Kerala,South,Paid Search,2025-04-02
14219,Isha,Reddy,isha.reddy219@gmail.com,M,1991,Delhi,Delhi,North,Paid Search,2025-04-02
14220,Arjun,Gupta,arjun.gupta220@yahoo.in,M,1987,Delhi,Delhi,North,Paid Social,2025-04-02
14221,Deepak,Sharma,deepak.sharma221@gmail.com,F,2006,Pune,Maharashtra,West,Organic Search,2025-04-02
14222,Kabir,Gupta,kabir.gupta222@gmail.com,M,1990,Noida,Uttar Pradesh,North,Paid Social,2025-04-02
14223,Harpreet,Menon,harpreet.menon223@outlook.com,F,2006,Delhi,Delhi,North,Paid Search,2025-04-03
14224,Kabir,Singh,kabir.singh224@outlook.com,M,1987,Delhi,Delhi,North,Email,2025-04-03
14225,Vikram,Patel,vikram.patel225@gmail.com,M,1994,Pune,Maharashtra,West,Paid Search,2025-04-03
14226,Neha,Singh,neha.singh226@gmail.com,F,1990,Lucknow,Uttar Pradesh,North,Organic Search,2025-04-03
14227,Arnav,Verma,arnav.verma227@gmail.com,F,1987,Ahmedabad,Gujarat,West,Organic Search,2025-04-03
14228,Karan,Kumar,karan.kumar228@gmail.com,M,1992,Gurugram,Haryana,North,Organic Search,2025-04-03
14229,Pooja,Gupta,pooja.gupta229@yahoo.in,M,2006,Delhi,Delhi,North,Organic Search,2025-04-03
14230,Aadhya,Singh,aadhya.singh230@yahoo.in,F,2004,Delhi,Delhi,North,Referral,2025-04-03
14231,Harpreet,Mehta,harpreet.mehta231@gmail.com,F,1994,Delhi,Delhi,North,Referral,2025-04-03
14232,Reyansh,Das,reyansh.das232@gmail.com,F,1983,Hyderabad,Telangana,South,Organic Search,2025-04-03
14233,Rahul,Kumar,rahul.kumar233@yahoo.in,F,1996,Mumbai,Maharashtra,West,Email,2025-04-03
14234,Ananya,Reddy,ananya.reddy234@gmail.com,M,1989,Bengaluru,Karnataka,South,Organic Search,2025-04-04
14235,Priya,Mehta,priya.mehta235@outlook.com,M,1986,Chennai,Tamil Nadu,South,Referral,2025-04-04
14236,Vivaan,Banerjee,vivaan.banerjee236@gmail.com,M,1999,Noida,Uttar Pradesh,North,Organic Search,2025-04-04
14237,Tanvi,Singh,tanvi.singh237@rediffmail.com,M,1983,Chennai,Tamil Nadu,South,Paid Search,2025-04-04
14238,Riya,Yadav,riya.yadav238@gmail.com,F,1994,Bengaluru,Karnataka,South,Referral,2025-04-04
14239,Tanvi,Das,tanvi.das239@gmail.com,M,1997,Bengaluru,Karnataka,South,Organic Search,2025-04-04
14240,Tanvi,Nair,tanvi.nair240@outlook.com,M,1999,Chennai,Tamil Nadu,South,Organic Search,2025-04-04
14241,Vivaan,Chopra,vivaan.chopra241@gmail.com,F,1983,Delhi,Delhi,North,Referral,2025-04-04
14242,Meera,Iyer,meera.iyer242@gmail.com,M,2006,Ahmedabad,Gujarat,West,Paid Social,2025-04-04
14243,Saanvi,Malhotra,saanvi.malhotra243@gmail.com,M,1996,Pune,Maharashtra,West,Email,2025-04-04
14244,Vikram,Yadav,vikram.yadav244@gmail.com,F,1993,Bengaluru,Karnataka,South,Paid Social,2025-04-04
14245,Karan,Mishra,karan.mishra245@rediffmail.com,F,1983,Lucknow,Uttar Pradesh,North,Organic Search,2025-04-04
14246,Diya,Nair,diya.nair246@yahoo.in,F,1987,Delhi,Delhi,North,Paid Social,2025-04-04
14247,Reyansh,Gupta,reyansh.gupta247@gmail.com,M,1990,Kolkata,West Bengal,East,Referral,2025-04-04
14248,Sai,Singh,sai.singh248@gmail.com,F,1993,Mumbai,Maharashtra,West,Organic Search,2025-04-04
14249,Isha,Patel,isha.patel249@gmail.com,F,1996,Lucknow,Uttar Pradesh,North,Organic Search,2025-04-04
14250,Pooja,Malhotra,pooja.malhotra250@yahoo.in,M,1990,Delhi,Delhi,North,Paid Social,2025-04-05
14251,Aarav,Joshi,aarav.joshi251@gmail.com,M,2005,Indore,Madhya Pradesh,West,Referral,2025-04-05
14252,Riya,Iyer,riya.iyer252@gmail.com,F,1990,Gurugram,Haryana,North,Paid Search,2025-04-05
14253,Kabir,Kumar,kabir.kumar253@gmail.com,F,1995,Gurugram,Haryana,North,Referral,2025-04-05
14254,Aman,Joshi,aman.joshi254@yahoo.in,M,2002,Kolkata,West Bengal,East,Organic Search,2025-04-05
14255,Tanvi,Menon,tanvi.menon255@gmail.com,F,1989,Delhi,Delhi,North,Paid Search,2025-04-05
14256,Riya,Bose,riya.bose256@gmail.com,M,1982,Gurugram,Haryana,North,Referral,2025-04-05
14257,Rohan,Reddy,rohan.reddy257@rediffmail.com,F,1990,Bengaluru,Karnataka,South,Organic Search,2025-04-05
14258,Meera,Chopra,meera.chopra258@gmail.com,F,2001,Noida,Uttar Pradesh,North,Paid Search,2025-04-05
14259,Tanvi,Joshi,tanvi.joshi259@gmail.com,M,1994,Gurugram,Haryana,North,Paid Social,2025-04-05
14260,Aman,Kapoor,aman.kapoor260@gmail.com,F,1999,Ahmedabad,Gujarat,West,Paid Search,2025-04-05
14261,Sneha,Nair,sneha.nair261@gmail.com,F,1983,Bengaluru,Karnataka,South,Email,2025-04-05
14262,Farhan,Nair,farhan.nair262@yahoo.in,F,1980,Mumbai,Maharashtra,West,Affiliate,2025-04-05
14263,Priya,Mehta,priya.mehta263@gmail.com,F,1998,Hyderabad,Telangana,South,Paid Social,2025-04-06
14264,Deepak,Kumar,deepak.kumar264@gmail.com,F,1996,Hyderabad,Telangana,South,Referral,2025-04-06
14265,Nikhil,Mishra,nikhil.mishra265@gmail.com,M,1986,Bengaluru,Karnataka,South,Email,2025-04-06
14266,Aarav,Das,aarav.das266@gmail.com,F,1984,Ahmedabad,Gujarat,West,Paid Social,2025-04-06
14267,Zoya,Mishra,zoya.mishra267@gmail.com,M,1992,Hyderabad,Telangana,South,Referral,2025-04-06
14268,Reyansh,Banerjee,reyansh.banerjee268@gmail.com,F,1993,Delhi,Delhi,North,Organic Search,2025-04-06
14269,Aditya,Rao,aditya.rao269@gmail.com,F,1984,Pune,Maharashtra,West,Referral,2025-04-06
14270,Pooja,Pillai,pooja.pillai270@gmail.com,M,1993,Delhi,Delhi,North,Organic Search,2025-04-06
14271,Neha,Bose,neha.bose271@gmail.com,M,1982,Noida,Uttar Pradesh,North,Organic Search,2025-04-06
14272,Kiara,Pillai,kiara.pillai272@gmail.com,F,1988,Kolkata,West Bengal,East,Paid Social,2025-04-06
14273,Kiara,Pillai,kiara.pillai273@gmail.com,F,1983,Delhi,Delhi,North,Organic Search,2025-04-06
14274,Saanvi,Iyer,saanvi.iyer274@gmail.com,F,1992,Jaipur,Rajasthan,North,Organic Search,2025-04-06
14275,Lakshmi,Verma,lakshmi.verma275@gmail.com,M,1988,Gurugram,Haryana,North,Paid Social,2025-04-06
14276,Riya,Shah,riya.shah276@gmail.com,M,2004,Ahmedabad,Gujarat,West,Organic Search,2025-04-06
14277,Zoya,Mishra,zoya.mishra277@gmail.com,M,1996,Chennai,Tamil Nadu,South,Email,2025-04-06
14278,Amit,Reddy,amit.reddy278@gmail.com,F,1983,Mumbai,Maharashtra,West,Affiliate,2025-04-07
14279,Riya,Sharma,riya.sharma279@gmail.com,F,2001,Chennai,Tamil Nadu,South,Referral,2025-04-07
14280,Amit,Menon,amit.menon280@gmail.com,M,1992,Mumbai,Maharashtra,West,Paid Search,2025-04-07
14281,Lakshmi,Gupta,lakshmi.gupta281@gmail.com,M,1999,Kochi,Kerala,South,Paid Social,2025-04-07
14282,Vivaan,Sharma,vivaan.sharma282@gmail.com,M,1983,Chennai,Tamil Nadu,South,Organic Search,2025-04-07
14283,Zoya,Menon,zoya.menon283@outlook.com,F,1998,Gurugram,Haryana,North,Paid Social,2025-04-07
14284,Priya,Rao,priya.rao284@gmail.com,F,2006,Chennai,Tamil Nadu,South,Organic Search,2025-04-07
14285,Aadhya,Malhotra,aadhya.malhotra285@gmail.com,M,1998,Noida,Uttar Pradesh,North,Paid Search,2025-04-07
14286,Vikram,Malhotra,vikram.malhotra286@gmail.com,M,1989,Pune,Maharashtra,West,Organic Search,2025-04-07
14287,Lakshmi,Agarwal,lakshmi.agarwal287@gmail.com,M,2002,Noida,Uttar Pradesh,North,Affiliate,2025-04-07
14288,Diya,Chopra,diya.chopra288@gmail.com,M,1988,Mumbai,Maharashtra,West,Organic Search,2025-04-07
14289,Neha,Agarwal,neha.agarwal289@yahoo.in,F,1997,Kolkata,West Bengal,East,Paid Search,2025-04-07
14290,Kabir,Bose,kabir.bose290@gmail.com,F,2006,Hyderabad,Telangana,South,Organic Search,2025-04-08
14291,Aman,Patel,aman.patel291@outlook.com,F,1989,Ahmedabad,Gujarat,West,Paid Social,2025-04-08
14292,Sneha,Chopra,sneha.chopra292@gmail.com,F,1997,Kolkata,West Bengal,East,Email,2025-04-08
14293,Diya,Nair,diya.nair293@gmail.com,M,2006,Mumbai,Maharashtra,West,Organic Search,2025-04-08
14294,Lakshmi,Malhotra,lakshmi.malhotra294@gmail.com,F,2001,Gurugram,Haryana,North,Organic Search,2025-04-08
14295,Kabir,Kumar,kabir.kumar295@gmail.com,F,1999,Hyderabad,Telangana,South,Organic Search,2025-04-08
14296,Sai,Mishra,sai.mishra296@gmail.com,F,1978,Delhi,Delhi,North,Paid Social,2025-04-08
14297,Ananya,Reddy,ananya.reddy297@gmail.com,M,1986,Hyderabad,Telangana,South,Paid Social,2025-04-08
14298,Aadhya,Kumar,aadhya.kumar298@yahoo.in,M,2000,Delhi,Delhi,North,Referral,2025-04-08
14299,Ananya,Singh,ananya.singh299@gmail.com,F,1991,Jaipur,Rajasthan,North,Referral,2025-04-09
14300,Aditya,Khan,aditya.khan300@gmail.com,M,1989,Mumbai,Maharashtra,West,Organic Search,2025-04-09
14301,Manish,Nair,manish.nair301@yahoo.in,M,2003,Chandigarh,Chandigarh,North,Email,2025-04-09
14302,Saanvi,Pillai,saanvi.pillai302@outlook.com,M,1999,Lucknow,Uttar Pradesh,North,Referral,2025-04-09
14303,Kavya,Banerjee,kavya.banerjee303@gmail.com,F,1987,Delhi,Delhi,North,Paid Social,2025-04-09
14304,Tanvi,Iyer,tanvi.iyer304@gmail.com,F,1999,Delhi,Delhi,North,Paid Search,2025-04-09
14305,Aman,Iyer,aman.iyer305@outlook.com,M,1986,Hyderabad,Telangana,South,Referral,2025-04-09
14306,Aadhya,Patel,aadhya.patel306@gmail.com,F,1981,Mumbai,Maharashtra,West,Paid Social,2025-04-09
14307,Meera,Pillai,meera.pillai307@gmail.com,F,1996,Gurugram,Haryana,North,Paid Search,2025-04-09
14308,Myra,Singh,myra.singh308@gmail.com,F,1983,Delhi,Delhi,North,Organic Search,2025-04-09
14309,Pari,Yadav,pari.yadav309@yahoo.in,F,1983,Jaipur,Rajasthan,North,Paid Social,2025-04-09
14310,Deepak,Reddy,deepak.reddy310@yahoo.in,F,1985,Mumbai,Maharashtra,West,Paid Social,2025-04-09
14311,Harpreet,Sharma,harpreet.sharma311@outlook.com,F,1995,Mumbai,Maharashtra,West,Organic Search,2025-04-10
14312,Saanvi,Rao,saanvi.rao312@gmail.com,F,1999,Delhi,Delhi,North,Email,2025-04-10
14313,Aarav,Pillai,aarav.pillai313@gmail.com,M,1991,Kolkata,West Bengal,East,Organic Search,2025-04-10
14314,Amit,Malhotra,amit.malhotra314@gmail.com,M,1984,Lucknow,Uttar Pradesh,North,Paid Search,2025-04-10
14315,Kavya,Das,kavya.das315@yahoo.in,F,1984,Mumbai,Maharashtra,West,Paid Search,2025-04-10
14316,Deepak,Kumar,deepak.kumar316@yahoo.in,M,1981,Bengaluru,Karnataka,South,Paid Social,2025-04-10
14317,Priya,Mishra,priya.mishra317@gmail.com,F,1999,Chandigarh,Chandigarh,North,Organic Search,2025-04-10
14318,Rahul,Joshi,rahul.joshi318@gmail.com,M,1986,Delhi,Delhi,North,Paid Social,2025-04-10
14319,Harpreet,Mehta,harpreet.mehta319@gmail.com,F,1995,Mumbai,Maharashtra,West,Paid Search,2025-04-10
14320,Krishna,Patel,krishna.patel320@gmail.com,M,1979,Ahmedabad,Gujarat,West,Organic Search,2025-04-10
14321,Ananya,Bose,ananya.bose321@gmail.com,F,2003,Chennai,Tamil Nadu,South,Organic Search,2025-04-10
14322,Reyansh,Shah,reyansh.shah322@outlook.com,F,1993,Mumbai,Maharashtra,West,Paid Search,2025-04-10
14323,Pooja,Rao,pooja.rao323@gmail.com,M,1981,Chennai,Tamil Nadu,South,Paid Search,2025-04-10
14324,Arnav,Agarwal,arnav.agarwal324@gmail.com,M,1988,Ahmedabad,Gujarat,West,Organic Search,2025-04-11
14325,Aadhya,Pillai,aadhya.pillai325@outlook.com,F,1995,Bengaluru,Karnataka,South,Paid Social,2025-04-11
14326,Arnav,Kumar,arnav.kumar326@gmail.com,F,1986,Delhi,Delhi,North,Paid Social,2025-04-11
14327,Rahul,Mehta,rahul.mehta327@outlook.com,M,1996,Chennai,Tamil Nadu,South,Affiliate,2025-04-11
14328,Ananya,Iyer,ananya.iyer328@gmail.com,M,2003,Noida,Uttar Pradesh,North,Paid Social,2025-04-11
14329,Kavya,Banerjee,kavya.banerjee329@gmail.com,M,2000,Chandigarh,Chandigarh,North,Organic Search,2025-04-11
14330,Vikram,Mishra,vikram.mishra330@gmail.com,F,1993,Pune,Maharashtra,West,Paid Search,2025-04-11
14331,Amit,Kapoor,amit.kapoor331@gmail.com,M,2005,Kolkata,West Bengal,East,Organic Search,2025-04-11
14332,Krishna,Khan,krishna.khan332@outlook.com,M,1995,Mumbai,Maharashtra,West,Paid Social,2025-04-11
14333,Sneha,Gupta,sneha.gupta333@gmail.com,M,1992,Noida,Uttar Pradesh,North,Paid Search,2025-04-11
14334,Kabir,Nair,kabir.nair334@gmail.com,F,1992,Kolkata,West Bengal,East,Email,2025-04-11
14335,Kiara,Agarwal,kiara.agarwal335@gmail.com,F,1994,Hyderabad,Telangana,South,Paid Social,2025-04-12
14336,Lakshmi,Chopra,lakshmi.chopra336@yahoo.in,F,1997,Bengaluru,Karnataka,South,Email,2025-04-12
14337,Manish,Khan,manish.khan337@gmail.com,M,1986,Mumbai,Maharashtra,West,Paid Social,2025-04-12
14338,Kiara,Das,kiara.das338@gmail.com,F,2002,Mumbai,Maharashtra,West,Paid Search,2025-04-12
14339,Aadhya,Menon,aadhya.menon339@gmail.com,M,2003,Kolkata,West Bengal,East,Organic Search,2025-04-12
14340,Rohan,Yadav,rohan.yadav340@gmail.com,F,2006,Delhi,Delhi,North,Organic Search,2025-04-12
14341,Rohan,Rao,rohan.rao341@gmail.com,M,1979,Hyderabad,Telangana,South,Referral,2025-04-12
14342,Rahul,Mishra,rahul.mishra342@gmail.com,F,1993,Indore,Madhya Pradesh,West,Email,2025-04-12
14343,Kavya,Kumar,kavya.kumar343@gmail.com,M,1987,Kolkata,West Bengal,East,Paid Search,2025-04-12
14344,Harpreet,Kumar,harpreet.kumar344@gmail.com,M,1998,Ahmedabad,Gujarat,West,Paid Social,2025-04-12
14345,Diya,Pillai,diya.pillai345@gmail.com,M,2003,Jaipur,Rajasthan,North,Paid Search,2025-04-12
14346,Simran,Rao,simran.rao346@gmail.com,F,1993,Hyderabad,Telangana,South,Paid Search,2025-04-12
14347,Priya,Reddy,priya.reddy347@rediffmail.com,F,1991,Kolkata,West Bengal,East,Email,2025-04-13
14348,Meera,Kapoor,meera.kapoor348@gmail.com,M,1989,Kochi,Kerala,South,Organic Search,2025-04-13
14349,Ananya,Agarwal,ananya.agarwal349@yahoo.in,M,1992,Jaipur,Rajasthan,North,Paid Search,2025-04-13
14350,Aman,Patel,aman.patel350@gmail.com,M,1996,Mumbai,Maharashtra,West,Paid Social,2025-04-13
14351,Priya,Malhotra,priya.malhotra351@gmail.com,F,1996,Hyderabad,Telangana,South,Paid Search,2025-04-13
14352,Zoya,Mishra,zoya.mishra352@gmail.com,M,2005,Indore,Madhya Pradesh,West,Organic Search,2025-04-13
14353,Kabir,Bose,kabir.bose353@yahoo.in,M,1992,Delhi,Delhi,North,Paid Search,2025-04-13
14354,Kavya,Banerjee,kavya.banerjee354@gmail.com,M,2001,Gurugram,Haryana,North,Paid Social,2025-04-13
14355,Kiara,Kapoor,kiara.kapoor355@gmail.com,F,1986,Delhi,Delhi,North,Affiliate,2025-04-13
14356,Meera,Iyer,meera.iyer356@yahoo.in,M,1983,Gurugram,Haryana,North,Email,2025-04-13
14357,Amit,Menon,amit.menon357@gmail.com,M,2001,Jaipur,Rajasthan,North,Paid Social,2025-04-13
14358,Pooja,Menon,pooja.menon358@outlook.com,M,1997,Kolkata,West Bengal,East,Referral,2025-04-13
14359,Ananya,Iyer,ananya.iyer359@gmail.com,M,1989,Bengaluru,Karnataka,South,Paid Social,2025-04-13
14360,Lakshmi,Pillai,lakshmi.pillai360@yahoo.in,F,1986,Delhi,Delhi,North,Paid Social,2025-04-13
14361,Rohan,Menon,rohan.menon361@gmail.com,M,1990,Indore,Madhya Pradesh,West,Organic Search,2025-04-14
14362,Pari,Iyer,pari.iyer362@gmail.com,M,1995,Mumbai,Maharashtra,West,Paid Search,2025-04-14
14363,Isha,Pillai,isha.pillai363@gmail.com,M,1995,Hyderabad,Telangana,South,Paid Search,2025-04-14
14364,Neha,Khan,neha.khan364@outlook.com,F,1982,Chennai,Tamil Nadu,South,Affiliate,2025-04-14
14365,Kabir,Mehta,kabir.mehta365@gmail.com,M,1983,Delhi,Delhi,North,Paid Social,2025-04-14
14366,Harpreet,Rao,harpreet.rao366@gmail.com,F,1995,Kolkata,West Bengal,East,Affiliate,2025-04-14
14367,Vikram,Mehta,vikram.mehta367@gmail.com,F,1998,Delhi,Delhi,North,Organic Search,2025-04-14
14368,Manish,Pillai,manish.pillai368@gmail.com,F,1987,Bengaluru,Karnataka,South,Organic Search,2025-04-14
14369,Pari,Shah,pari.shah369@gmail.com,M,1982,Kochi,Kerala,South,Affiliate,2025-04-15
14370,Kiara,Patel,kiara.patel370@gmail.com,F,1994,Hyderabad,Telangana,South,Paid Search,2025-04-15
14371,Sneha,Kumar,sneha.kumar371@outlook.com,M,1976,Gurugram,Haryana,North,Paid Social,2025-04-15
14372,Pooja,Malhotra,pooja.malhotra372@gmail.com,M,1990,Noida,Uttar Pradesh,North,Organic Search,2025-04-15
14373,Krishna,Menon,krishna.menon373@yahoo.in,M,1998,Delhi,Delhi,North,Email,2025-04-15
14374,Simran,Mishra,simran.mishra374@outlook.com,M,1992,Delhi,Delhi,North,Organic Search,2025-04-15
14375,Manish,Banerjee,manish.banerjee375@gmail.com,F,1981,Delhi,Delhi,North,Email,2025-04-15
14376,Rahul,Kapoor,rahul.kapoor376@yahoo.in,F,2006,Delhi,Delhi,North,Organic Search,2025-04-15
14377,Myra,Yadav,myra.yadav377@gmail.com,F,1994,Ahmedabad,Gujarat,West,Organic Search,2025-04-15
14378,Kiara,Iyer,kiara.iyer378@gmail.com,M,1995,Delhi,Delhi,North,Referral,2025-04-15
14379,Aditya,Gupta,aditya.gupta379@gmail.com,M,2001,Mumbai,Maharashtra,West,Paid Search,2025-04-15
14380,Aditya,Menon,aditya.menon380@gmail.com,F,1992,Bengaluru,Karnataka,South,Organic Search,2025-04-15
14381,Pari,Singh,pari.singh381@gmail.com,M,1991,Delhi,Delhi,North,Paid Social,2025-04-16
14382,Rohan,Sharma,rohan.sharma382@gmail.com,M,2003,Bengaluru,Karnataka,South,Organic Search,2025-04-16
14383,Diya,Iyer,diya.iyer383@gmail.com,M,1987,Hyderabad,Telangana,South,Paid Search,2025-04-16
14384,Saanvi,Bose,saanvi.bose384@outlook.com,F,2001,Pune,Maharashtra,West,Organic Search,2025-04-16
14385,Ishaan,Agarwal,ishaan.agarwal385@outlook.com,M,1984,Pune,Maharashtra,West,Paid Social,2025-04-16
14386,Kiara,Iyer,kiara.iyer386@gmail.com,M,1988,Bengaluru,Karnataka,South,Organic Search,2025-04-16
14387,Vivaan,Pillai,vivaan.pillai387@gmail.com,F,1996,Pune,Maharashtra,West,Referral,2025-04-16
14388,Zoya,Shah,zoya.shah388@outlook.com,F,2005,Pune,Maharashtra,West,Referral,2025-04-16
14389,Tanvi,Sharma,tanvi.sharma389@rediffmail.com,M,1995,Hyderabad,Telangana,South,Paid Search,2025-04-16
14390,Krishna,Mishra,krishna.mishra390@yahoo.in,M,1982,Chennai,Tamil Nadu,South,Paid Social,2025-04-16
14391,Krishna,Malhotra,krishna.malhotra391@gmail.com,F,1999,Mumbai,Maharashtra,West,Paid Social,2025-04-16
14392,Aditya,Yadav,aditya.yadav392@gmail.com,F,1987,Mumbai,Maharashtra,West,Paid Social,2025-04-16
14393,Ishaan,Verma,ishaan.verma393@outlook.com,F,1999,Hyderabad,Telangana,South,Paid Search,2025-04-16
14394,Pooja,Reddy,pooja.reddy394@gmail.com,F,1996,Ahmedabad,Gujarat,West,Paid Social,2025-04-16
14395,Arjun,Das,arjun.das395@gmail.com,M,1981,Bengaluru,Karnataka,South,Organic Search,2025-04-17
14396,Aarav,Bose,aarav.bose396@gmail.com,M,1996,Delhi,Delhi,North,Paid Search,2025-04-17
14397,Sneha,Rao,sneha.rao397@gmail.com,F,1984,Delhi,Delhi,North,Organic Search,2025-04-17
14398,Deepak,Nair,deepak.nair398@rediffmail.com,M,2004,Pune,Maharashtra,West,Affiliate,2025-04-17
14399,Priya,Reddy,priya.reddy399@gmail.com,M,1981,Hyderabad,Telangana,South,Paid Search,2025-04-17
14400,Ananya,Mehta,ananya.mehta400@gmail.com,F,1992,Chandigarh,Chandigarh,North,Paid Social,2025-04-17
14401,Simran,Kumar,simran.kumar401@gmail.com,M,1986,Kolkata,West Bengal,East,Paid Social,2025-04-17
14402,Simran,Yadav,simran.yadav402@gmail.com,F,2005,Hyderabad,Telangana,South,Organic Search,2025-04-17
14403,Simran,Kapoor,simran.kapoor403@gmail.com,F,1981,Hyderabad,Telangana,South,Organic Search,2025-04-17
14404,Myra,Agarwal,myra.agarwal404@outlook.com,M,2006,Chennai,Tamil Nadu,South,Organic Search,2025-04-17
14405,Vivaan,Mehta,vivaan.mehta405@gmail.com,M,1991,Lucknow,Uttar Pradesh,North,Paid Social,2025-04-17
14406,Manish,Rao,manish.rao406@gmail.com,F,1989,Chandigarh,Chandigarh,North,Paid Social,2025-04-17
14407,Arnav,Reddy,arnav.reddy407@gmail.com,M,2000,Delhi,Delhi,North,Organic Search,2025-04-17
14408,Rahul,Singh,rahul.singh408@gmail.com,M,1993,Mumbai,Maharashtra,West,Paid Social,2025-04-17
14409,Zoya,Patel,zoya.patel409@gmail.com,M,1987,Delhi,Delhi,North,Paid Search,2025-04-17
14410,Kavya,Khan,kavya.khan410@yahoo.in,F,1987,Hyderabad,Telangana,South,Paid Social,2025-04-18
14411,Aditya,Shah,aditya.shah411@outlook.com,F,1990,Hyderabad,Telangana,South,Paid Search,2025-04-18
14412,Priya,Singh,priya.singh412@gmail.com,F,1988,Noida,Uttar Pradesh,North,Email,2025-04-18
14413,Harpreet,Iyer,harpreet.iyer413@gmail.com,F,2000,Pune,Maharashtra,West,Paid Search,2025-04-18
14414,Nikhil,Verma,nikhil.verma414@rediffmail.com,M,1994,Bengaluru,Karnataka,South,Paid Search,2025-04-18
14415,Sai,Mehta,sai.mehta415@gmail.com,F,1997,Bengaluru,Karnataka,South,Paid Social,2025-04-18
14416,Aditya,Shah,aditya.shah416@gmail.com,M,1990,Kolkata,West Bengal,East,Referral,2025-04-18
14417,Saanvi,Verma,saanvi.verma417@gmail.com,F,1999,Noida,Uttar Pradesh,North,Paid Search,2025-04-18
14418,Isha,Chopra,isha.chopra418@gmail.com,F,1988,Lucknow,Uttar Pradesh,North,Organic Search,2025-04-18
14419,Sai,Singh,sai.singh419@gmail.com,F,1986,Chennai,Tamil Nadu,South,Organic Search,2025-04-18
14420,Ananya,Sharma,ananya.sharma420@gmail.com,M,1989,Delhi,Delhi,North,Paid Search,2025-04-18
14421,Rahul,Khan,rahul.khan421@gmail.com,F,2005,Hyderabad,Telangana,South,Referral,2025-04-19
14422,Zoya,Mehta,zoya.mehta422@gmail.com,M,1989,Delhi,Delhi,North,Paid Social,2025-04-19
14423,Sneha,Yadav,sneha.yadav423@gmail.com,F,1989,Mumbai,Maharashtra,West,Paid Search,2025-04-19
14424,Amit,Iyer,amit.iyer424@yahoo.in,M,1995,Indore,Madhya Pradesh,West,Organic Search,2025-04-19
14425,Riya,Malhotra,riya.malhotra425@gmail.com,F,1992,Hyderabad,Telangana,South,Paid Social,2025-04-19
14426,Karan,Singh,karan.singh426@gmail.com,M,1985,Delhi,Delhi,North,Paid Social,2025-04-19
14427,Kabir,Chopra,kabir.chopra427@gmail.com,M,1984,Hyderabad,Telangana,South,Referral,2025-04-19
14428,Ananya,Kapoor,ananya.kapoor428@gmail.com,M,1999,Chennai,Tamil Nadu,South,Paid Social,2025-04-19
14429,Sai,Das,sai.das429@gmail.com,M,1984,Hyderabad,Telangana,South,Organic Search,2025-04-19
14430,Sai,Singh,sai.singh430@gmail.com,F,2001,Kolkata,West Bengal,East,Referral,2025-04-19
14431,Simran,Joshi,simran.joshi431@yahoo.in,F,1990,Chennai,Tamil Nadu,South,Paid Social,2025-04-19
14432,Tanvi,Kumar,tanvi.kumar432@gmail.com,F,1975,Hyderabad,Telangana,South,Paid Social,2025-04-19
14433,Karan,Rao,karan.rao433@gmail.com,M,1999,Ahmedabad,Gujarat,West,Paid Search,2025-04-19
14434,Isha,Patel,isha.patel434@gmail.com,M,2000,Hyderabad,Telangana,South,Referral,2025-04-19
14435,Arjun,Rao,arjun.rao435@gmail.com,F,1998,Kolkata,West Bengal,East,Organic Search,2025-04-20
14436,Kiara,Pillai,kiara.pillai436@yahoo.in,F,1990,Bengaluru,Karnataka,South,Organic Search,2025-04-20
14437,Krishna,Menon,krishna.menon437@outlook.com,F,1991,Lucknow,Uttar Pradesh,North,Organic Search,2025-04-20
14438,Kavya,Kumar,kavya.kumar438@gmail.com,M,1990,Lucknow,Uttar Pradesh,North,Referral,2025-04-20
14439,Kiara,Shah,kiara.shah439@gmail.com,F,1988,Hyderabad,Telangana,South,Referral,2025-04-20
14440,Sai,Nair,sai.nair440@yahoo.in,M,1996,Kolkata,West Bengal,East,Organic Search,2025-04-20
14441,Diya,Singh,diya.singh441@gmail.com,M,1992,Noida,Uttar Pradesh,North,Organic Search,2025-04-20
14442,Karan,Yadav,karan.yadav442@outlook.com,M,1990,Kolkata,West Bengal,East,Organic Search,2025-04-20
14443,Priya,Chopra,priya.chopra443@gmail.com,M,1988,Lucknow,Uttar Pradesh,North,Paid Social,2025-04-20
14444,Aditya,Chopra,aditya.chopra444@gmail.com,F,1995,Mumbai,Maharashtra,West,Paid Social,2025-04-20
14445,Pari,Iyer,pari.iyer445@outlook.com,M,2004,Kochi,Kerala,South,Paid Social,2025-04-20
14446,Tanvi,Kumar,tanvi.kumar446@gmail.com,F,1994,Kolkata,West Bengal,East,Paid Social,2025-04-20
14447,Amit,Verma,amit.verma447@gmail.com,M,1983,Ahmedabad,Gujarat,West,Email,2025-04-21
14448,Sneha,Mishra,sneha.mishra448@outlook.com,M,1993,Kolkata,West Bengal,East,Paid Search,2025-04-21
14449,Meera,Sharma,meera.sharma449@gmail.com,M,1997,Chennai,Tamil Nadu,South,Referral,2025-04-21
14450,Riya,Joshi,riya.joshi450@gmail.com,M,1999,Chennai,Tamil Nadu,South,Paid Search,2025-04-21
14451,Isha,Reddy,isha.reddy451@gmail.com,M,1998,Chennai,Tamil Nadu,South,Paid Social,2025-04-21
14452,Farhan,Kapoor,farhan.kapoor452@gmail.com,F,1995,Mumbai,Maharashtra,West,Paid Social,2025-04-21
14453,Lakshmi,Pillai,lakshmi.pillai453@gmail.com,M,2006,Delhi,Delhi,North,Affiliate,2025-04-21
14454,Reyansh,Verma,reyansh.verma454@outlook.com,F,1984,Gurugram,Haryana,North,Paid Search,2025-04-21
14455,Riya,Singh,riya.singh455@gmail.com,F,2005,Delhi,Delhi,North,Paid Social,2025-04-21
14456,Ananya,Kumar,ananya.kumar456@yahoo.in,M,1998,Lucknow,Uttar Pradesh,North,Paid Social,2025-04-21
14457,Sai,Pillai,sai.pillai457@gmail.com,M,2006,Delhi,Delhi,North,Affiliate,2025-04-21
14458,Ananya,Gupta,ananya.gupta458@gmail.com,M,1982,Jaipur,Rajasthan,North,Organic Search,2025-04-21
14459,Deepak,Patel,deepak.patel459@gmail.com,F,2006,Ahmedabad,Gujarat,West,Paid Social,2025-04-21
14460,Vikram,Joshi,vikram.joshi460@gmail.com,M,2006,Gurugram,Haryana,North,Organic Search,2025-04-21
14461,Priya,Kumar,priya.kumar461@gmail.com,M,1992,Chandigarh,Chandigarh,North,Email,2025-04-21
14462,Ananya,Das,ananya.das462@gmail.com,M,1987,Noida,Uttar Pradesh,North,Referral,2025-04-21
14463,Amit,Iyer,amit.iyer463@outlook.com,M,2006,Delhi,Delhi,North,Paid Social,2025-04-21
14464,Rahul,Banerjee,rahul.banerjee464@gmail.com,M,1987,Bengaluru,Karnataka,South,Paid Social,2025-04-22
14465,Kiara,Sharma,kiara.sharma465@gmail.com,F,2002,Chennai,Tamil Nadu,South,Paid Social,2025-04-22
14466,Isha,Das,isha.das466@outlook.com,F,2005,Bengaluru,Karnataka,South,Paid Social,2025-04-22
14467,Nikhil,Khan,nikhil.khan467@gmail.com,F,1992,Bengaluru,Karnataka,South,Paid Search,2025-04-22
14468,Pooja,Banerjee,pooja.banerjee468@gmail.com,F,1992,Kolkata,West Bengal,East,Referral,2025-04-22
14469,Vivaan,Shah,vivaan.shah469@gmail.com,F,2006,Bengaluru,Karnataka,South,Paid Social,2025-04-22
14470,Pari,Das,pari.das470@yahoo.in,M,1991,Delhi,Delhi,North,Organic Search,2025-04-22
14471,Aditya,Iyer,aditya.iyer471@gmail.com,M,1989,Noida,Uttar Pradesh,North,Paid Social,2025-04-22
14472,Lakshmi,Singh,lakshmi.singh472@gmail.com,M,1972,Bengaluru,Karnataka,South,Organic Search,2025-04-22
14473,Aadhya,Malhotra,aadhya.malhotra473@gmail.com,F,2002,Bengaluru,Karnataka,South,Referral,2025-04-23
14474,Kavya,Chopra,kavya.chopra474@gmail.com,F,1991,Chennai,Tamil Nadu,South,Paid Search,2025-04-23
14475,Kabir,Verma,kabir.verma475@gmail.com,M,2000,Gurugram,Haryana,North,Paid Social,2025-04-23
14476,Pari,Mishra,pari.mishra476@gmail.com,M,1992,Kolkata,West Bengal,East,Organic Search,2025-04-23
14477,Kiara,Menon,kiara.menon477@outlook.com,M,2004,Pune,Maharashtra,West,Paid Social,2025-04-23
14478,Lakshmi,Menon,lakshmi.menon478@outlook.com,M,2005,Kochi,Kerala,South,Referral,2025-04-23
14479,Arjun,Bose,arjun.bose479@gmail.com,F,1986,Pune,Maharashtra,West,Referral,2025-04-23
14480,Zoya,Gupta,zoya.gupta480@gmail.com,M,1990,Gurugram,Haryana,North,Paid Search,2025-04-23
14481,Meera,Yadav,meera.yadav481@gmail.com,F,1998,Mumbai,Maharashtra,West,Paid Social,2025-04-23
14482,Kabir,Banerjee,kabir.banerjee482@gmail.com,F,2005,Noida,Uttar Pradesh,North,Paid Social,2025-04-23
14483,Simran,Mishra,simran.mishra483@gmail.com,M,1994,Lucknow,Uttar Pradesh,North,Organic Search,2025-04-23
14484,Sneha,Reddy,sneha.reddy484@gmail.com,M,1995,Chennai,Tamil Nadu,South,Organic Search,2025-04-24
14485,Rahul,Pillai,rahul.pillai485@outlook.com,F,1996,Mumbai,Maharashtra,West,Paid Search,2025-04-24
14486,Myra,Chopra,myra.chopra486@gmail.com,F,1986,Gurugram,Haryana,North,Referral,2025-04-24
14487,Kiara,Mehta,kiara.mehta487@gmail.com,M,1990,Mumbai,Maharashtra,West,Paid Search,2025-04-24
14488,Aman,Das,aman.das488@gmail.com,F,1992,Indore,Madhya Pradesh,West,Referral,2025-04-24
14489,Kavya,Verma,kavya.verma489@gmail.com,M,2002,Noida,Uttar Pradesh,North,Paid Social,2025-04-25
14490,Arnav,Mishra,arnav.mishra490@outlook.com,M,2006,Delhi,Delhi,North,Paid Search,2025-04-25
14491,Saanvi,Agarwal,saanvi.agarwal491@gmail.com,F,1986,Chennai,Tamil Nadu,South,Organic Search,2025-04-25
14492,Vikram,Shah,vikram.shah492@gmail.com,F,1999,Lucknow,Uttar Pradesh,North,Paid Search,2025-04-25
14493,Manish,Joshi,manish.joshi493@gmail.com,F,1995,Kolkata,West Bengal,East,Paid Search,2025-04-25
14494,Karan,Nair,karan.nair494@gmail.com,M,1989,Delhi,Delhi,North,Organic Search,2025-04-25
14495,Aarav,Malhotra,aarav.malhotra495@gmail.com,M,1986,Bengaluru,Karnataka,South,Referral,2025-04-25
14496,Nikhil,Nair,nikhil.nair496@outlook.com,F,1995,Bengaluru,Karnataka,South,Affiliate,2025-04-25
14497,Sneha,Shah,sneha.shah497@outlook.com,M,1989,Gurugram,Haryana,North,Organic Search,2025-04-25
14498,Neha,Khan,neha.khan498@gmail.com,F,1996,Bengaluru,Karnataka,South,Organic Search,2025-04-25
14499,Vivaan,Rao,vivaan.rao499@gmail.com,M,1985,Mumbai,Maharashtra,West,Paid Social,2025-04-25
14500,Priya,Malhotra,priya.malhotra500@gmail.com,M,1985,Mumbai,Maharashtra,West,Affiliate,2025-04-25
14501,Zoya,Das,zoya.das501@gmail.com,M,2002,Chennai,Tamil Nadu,South,Affiliate,2025-04-25
14502,Sneha,Agarwal,sneha.agarwal502@gmail.com,M,1995,Kolkata,West Bengal,East,Affiliate,2025-04-25
14503,Ananya,Joshi,ananya.joshi503@gmail.com,M,1995,Gurugram,Haryana,North,Paid Search,2025-04-25
14504,Aman,Gupta,aman.gupta504@yahoo.in,F,1989,Bengaluru,Karnataka,South,Affiliate,2025-04-25
14505,Isha,Banerjee,isha.banerjee505@gmail.com,F,2000,Gurugram,Haryana,North,Paid Search,2025-04-26
14506,Karan,Verma,karan.verma506@yahoo.in,F,1992,Delhi,Delhi,North,Organic Search,2025-04-26
14507,Aarav,Agarwal,aarav.agarwal507@rediffmail.com,M,2000,Gurugram,Haryana,North,Paid Social,2025-04-26
14508,Reyansh,Rao,reyansh.rao508@gmail.com,F,1990,Bengaluru,Karnataka,South,Paid Social,2025-04-26
14509,Rohan,Yadav,rohan.yadav509@gmail.com,M,1985,Bengaluru,Karnataka,South,Referral,2025-04-26
14510,Reyansh,Mehta,reyansh.mehta510@rediffmail.com,F,1988,Pune,Maharashtra,West,Paid Social,2025-04-26
14511,Isha,Menon,isha.menon511@gmail.com,M,1997,Kolkata,West Bengal,East,Referral,2025-04-26
14512,Kiara,Rao,kiara.rao512@gmail.com,F,1986,Hyderabad,Telangana,South,Paid Search,2025-04-26
14513,Arjun,Das,arjun.das513@gmail.com,M,2006,Gurugram,Haryana,North,Paid Search,2025-04-26
14514,Meera,Iyer,meera.iyer514@gmail.com,F,1983,Noida,Uttar Pradesh,North,Referral,2025-04-27
14515,Neha,Shah,neha.shah515@outlook.com,M,1992,Indore,Madhya Pradesh,West,Paid Social,2025-04-27
14516,Myra,Kumar,myra.kumar516@gmail.com,M,2003,Chandigarh,Chandigarh,North,Organic Search,2025-04-27
14517,Kabir,Sharma,kabir.sharma517@gmail.com,F,1996,Delhi,Delhi,North,Paid Search,2025-04-27
14518,Myra,Gupta,myra.gupta518@gmail.com,F,1991,Delhi,Delhi,North,Referral,2025-04-27
14519,Krishna,Pillai,krishna.pillai519@gmail.com,M,2003,Mumbai,Maharashtra,West,Affiliate,2025-04-27
14520,Arnav,Bose,arnav.bose520@outlook.com,M,1986,Pune,Maharashtra,West,Referral,2025-04-27
14521,Rahul,Joshi,rahul.joshi521@gmail.com,M,1991,Bengaluru,Karnataka,South,Paid Social,2025-04-27
14522,Harpreet,Banerjee,harpreet.banerjee522@yahoo.in,M,1981,Hyderabad,Telangana,South,Referral,2025-04-27
14523,Harpreet,Kumar,harpreet.kumar523@gmail.com,M,2001,Kolkata,West Bengal,East,Organic Search,2025-04-27
14524,Neha,Gupta,neha.gupta524@outlook.com,M,1998,Chennai,Tamil Nadu,South,Paid Social,2025-04-27
14525,Myra,Agarwal,myra.agarwal525@rediffmail.com,F,1998,Mumbai,Maharashtra,West,Paid Social,2025-04-27
14526,Nikhil,Reddy,nikhil.reddy526@rediffmail.com,F,1995,Pune,Maharashtra,West,Affiliate,2025-04-27
14527,Myra,Menon,myra.menon527@rediffmail.com,M,1994,Noida,Uttar Pradesh,North,Organic Search,2025-04-27
14528,Priya,Mishra,priya.mishra528@gmail.com,M,1994,Kolkata,West Bengal,East,Affiliate,2025-04-28
14529,Kiara,Bose,kiara.bose529@gmail.com,M,1996,Pune,Maharashtra,West,Referral,2025-04-28
14530,Vikram,Joshi,vikram.joshi530@gmail.com,F,1995,Lucknow,Uttar Pradesh,North,Organic Search,2025-04-28
14531,Aditya,Nair,aditya.nair531@gmail.com,F,1986,Bengaluru,Karnataka,South,Paid Social,2025-04-28
14532,Ananya,Mishra,ananya.mishra532@yahoo.in,F,1975,Pune,Maharashtra,West,Organic Search,2025-04-28
14533,Tanvi,Verma,tanvi.verma533@gmail.com,M,2006,Kolkata,West Bengal,East,Paid Social,2025-04-28
14534,Neha,Shah,neha.shah534@gmail.com,F,1988,Delhi,Delhi,North,Paid Search,2025-04-28
14535,Tanvi,Kapoor,tanvi.kapoor535@gmail.com,M,1992,Chandigarh,Chandigarh,North,Referral,2025-04-28
14536,Karan,Verma,karan.verma536@gmail.com,F,2002,Kolkata,West Bengal,East,Paid Social,2025-04-29
14537,Saanvi,Patel,saanvi.patel537@gmail.com,M,1996,Mumbai,Maharashtra,West,Referral,2025-04-29
14538,Isha,Shah,isha.shah538@outlook.com,M,1982,Chandigarh,Chandigarh,North,Paid Search,2025-04-29
14539,Aditya,Rao,aditya.rao539@gmail.com,M,1984,Indore,Madhya Pradesh,West,Email,2025-04-29
14540,Farhan,Das,farhan.das540@yahoo.in,M,2001,Bengaluru,Karnataka,South,Email,2025-04-29
14541,Isha,Kapoor,isha.kapoor541@gmail.com,M,1998,Delhi,Delhi,North,Paid Social,2025-04-29
14542,Ananya,Pillai,ananya.pillai542@outlook.com,F,1989,Lucknow,Uttar Pradesh,North,Organic Search,2025-04-29
14543,Amit,Shah,amit.shah543@yahoo.in,F,1993,Jaipur,Rajasthan,North,Affiliate,2025-04-29
14544,Aarav,Banerjee,aarav.banerjee544@rediffmail.com,M,1994,Lucknow,Uttar Pradesh,North,Referral,2025-04-29
14545,Kiara,Chopra,kiara.chopra545@gmail.com,F,1995,Mumbai,Maharashtra,West,Email,2025-04-29
14546,Lakshmi,Malhotra,lakshmi.malhotra546@yahoo.in,M,1997,Chandigarh,Chandigarh,North,Organic Search,2025-04-30
14547,Myra,Verma,myra.verma547@gmail.com,M,1990,Bengaluru,Karnataka,South,Referral,2025-04-30
14548,Pari,Rao,pari.rao548@gmail.com,F,1999,Indore,Madhya Pradesh,West,Organic Search,2025-04-30
14549,Isha,Pillai,isha.pillai549@gmail.com,F,1998,Mumbai,Maharashtra,West,Paid Social,2025-04-30
14550,Ananya,Singh,ananya.singh550@yahoo.in,M,2000,Noida,Uttar Pradesh,North,Paid Social,2025-04-30
14551,Rohan,Kapoor,rohan.kapoor551@outlook.com,F,2000,Mumbai,Maharashtra,West,Paid Search,2025-04-30
14552,Neha,Banerjee,neha.banerjee552@gmail.com,F,1999,Gurugram,Haryana,North,Organic Search,2025-04-30
14553,Meera,Banerjee,meera.banerjee553@gmail.com,F,1990,Kolkata,West Bengal,East,Paid Social,2025-04-30
14554,Kabir,Patel,kabir.patel554@gmail.com,F,1993,Gurugram,Haryana,North,Paid Search,2025-04-30
14555,Rohan,Mishra,rohan.mishra555@gmail.com,F,1987,Chennai,Tamil Nadu,South,Paid Social,2025-05-01
14556,Riya,Gupta,riya.gupta556@gmail.com,F,1995,Indore,Madhya Pradesh,West,Organic Search,2025-05-01
14557,Rahul,Menon,rahul.menon557@yahoo.in,F,1987,Hyderabad,Telangana,South,Paid Search,2025-05-01
14558,Aadhya,Chopra,aadhya.chopra558@gmail.com,M,1997,Chennai,Tamil Nadu,South,Paid Social,2025-05-01
14559,Simran,Patel,simran.patel559@gmail.com,M,2003,Hyderabad,Telangana,South,Affiliate,2025-05-01
14560,Manish,Pillai,manish.pillai560@gmail.com,F,1993,Ahmedabad,Gujarat,West,Paid Social,2025-05-01
14561,Simran,Pillai,simran.pillai561@gmail.com,M,1989,Lucknow,Uttar Pradesh,North,Paid Search,2025-05-01
14562,Diya,Reddy,diya.reddy562@gmail.com,M,1997,Bengaluru,Karnataka,South,Affiliate,2025-05-01
14563,Manish,Mishra,manish.mishra563@gmail.com,M,2002,Delhi,Delhi,North,Affiliate,2025-05-01
14564,Pari,Sharma,pari.sharma564@gmail.com,M,1988,Mumbai,Maharashtra,West,Paid Social,2025-05-01
14565,Arjun,Singh,arjun.singh565@gmail.com,M,1994,Chennai,Tamil Nadu,South,Paid Social,2025-05-01
14566,Amit,Menon,amit.menon566@outlook.com,M,1996,Ahmedabad,Gujarat,West,Organic Search,2025-05-01
14567,Kavya,Bose,kavya.bose567@gmail.com,F,1991,Lucknow,Uttar Pradesh,North,Paid Social,2025-05-01
14568,Aarav,Mehta,aarav.mehta568@gmail.com,M,1998,Chennai,Tamil Nadu,South,Referral,2025-05-01
14569,Aarav,Iyer,aarav.iyer569@gmail.com,F,1980,Delhi,Delhi,North,Affiliate,2025-05-02
14570,Aarav,Rao,aarav.rao570@yahoo.in,F,1996,Chennai,Tamil Nadu,South,Organic Search,2025-05-02
14571,Simran,Pillai,simran.pillai571@gmail.com,M,2006,Hyderabad,Telangana,South,Organic Search,2025-05-02
14572,Kabir,Verma,kabir.verma572@outlook.com,M,1998,Gurugram,Haryana,North,Email,2025-05-02
14573,Neha,Banerjee,neha.banerjee573@gmail.com,M,1994,Delhi,Delhi,North,Email,2025-05-02
14574,Arjun,Malhotra,arjun.malhotra574@yahoo.in,F,1984,Kolkata,West Bengal,East,Paid Social,2025-05-02
14575,Deepak,Chopra,deepak.chopra575@gmail.com,F,1991,Delhi,Delhi,North,Organic Search,2025-05-02
14576,Farhan,Bose,farhan.bose576@gmail.com,F,1996,Kolkata,West Bengal,East,Paid Social,2025-05-02
14577,Sneha,Yadav,sneha.yadav577@gmail.com,M,1994,Mumbai,Maharashtra,West,Paid Search,2025-05-02
14578,Harpreet,Verma,harpreet.verma578@gmail.com,F,1984,Mumbai,Maharashtra,West,Paid Search,2025-05-02
14579,Rohan,Khan,rohan.khan579@gmail.com,M,1995,Bengaluru,Karnataka,South,Organic Search,2025-05-02
14580,Kiara,Khan,kiara.khan580@gmail.com,M,1987,Pune,Maharashtra,West,Paid Search,2025-05-02
14581,Kavya,Patel,kavya.patel581@yahoo.in,F,1989,Mumbai,Maharashtra,West,Paid Social,2025-05-02
14582,Rahul,Singh,rahul.singh582@gmail.com,M,2001,Bengaluru,Karnataka,South,Organic Search,2025-05-02
14583,Aadhya,Yadav,aadhya.yadav583@yahoo.in,M,1992,Mumbai,Maharashtra,West,Paid Social,2025-05-03
14584,Vikram,Singh,vikram.singh584@gmail.com,F,1988,Delhi,Delhi,North,Organic Search,2025-05-03
14585,Deepak,Mehta,deepak.mehta585@gmail.com,F,1986,Hyderabad,Telangana,South,Paid Search,2025-05-03
14586,Arjun,Malhotra,arjun.malhotra586@gmail.com,F,1988,Pune,Maharashtra,West,Affiliate,2025-05-03
14587,Manish,Mehta,manish.mehta587@gmail.com,M,1989,Bengaluru,Karnataka,South,Referral,2025-05-03
14588,Priya,Malhotra,priya.malhotra588@gmail.com,M,2000,Ahmedabad,Gujarat,West,Organic Search,2025-05-03
14589,Arjun,Sharma,arjun.sharma589@gmail.com,M,1993,Indore,Madhya Pradesh,West,Paid Social,2025-05-03
14590,Kavya,Khan,kavya.khan590@gmail.com,F,2003,Noida,Uttar Pradesh,North,Organic Search,2025-05-03
14591,Sneha,Kapoor,sneha.kapoor591@gmail.com,M,1984,Kolkata,West Bengal,East,Paid Search,2025-05-03
14592,Rohan,Joshi,rohan.joshi592@gmail.com,M,2004,Mumbai,Maharashtra,West,Paid Search,2025-05-03
14593,Ishaan,Menon,ishaan.menon593@gmail.com,F,1992,Kochi,Kerala,South,Affiliate,2025-05-04
14594,Arjun,Mehta,arjun.mehta594@yahoo.in,F,1992,Hyderabad,Telangana,South,Organic Search,2025-05-04
14595,Amit,Iyer,amit.iyer595@gmail.com,M,1992,Bengaluru,Karnataka,South,Email,2025-05-04
14596,Diya,Joshi,diya.joshi596@gmail.com,M,2006,Mumbai,Maharashtra,West,Paid Social,2025-05-04
14597,Aadhya,Iyer,aadhya.iyer597@gmail.com,M,1990,Delhi,Delhi,North,Paid Search,2025-05-04
14598,Amit,Nair,amit.nair598@outlook.com,M,2006,Chandigarh,Chandigarh,North,Email,2025-05-04
14599,Kavya,Mehta,kavya.mehta599@gmail.com,F,2000,Bengaluru,Karnataka,South,Paid Search,2025-05-04
14600,Harpreet,Reddy,harpreet.reddy600@gmail.com,M,1985,Chandigarh,Chandigarh,North,Paid Social,2025-05-04
14601,Sai,Sharma,sai.sharma601@gmail.com,F,1986,Delhi,Delhi,North,Referral,2025-05-04
14602,Pari,Reddy,pari.reddy602@gmail.com,F,1995,Pune,Maharashtra,West,Paid Search,2025-05-04
14603,Rohan,Sharma,rohan.sharma603@yahoo.in,F,1994,Gurugram,Haryana,North,Organic Search,2025-05-04
14604,Saanvi,Yadav,saanvi.yadav604@gmail.com,M,1990,Jaipur,Rajasthan,North,Email,2025-05-05
14605,Lakshmi,Mishra,lakshmi.mishra605@gmail.com,M,1989,Pune,Maharashtra,West,Organic Search,2025-05-05
14606,Saanvi,Reddy,saanvi.reddy606@gmail.com,M,2006,Delhi,Delhi,North,Affiliate,2025-05-05
14607,Karan,Yadav,karan.yadav607@gmail.com,M,1995,Delhi,Delhi,North,Paid Search,2025-05-05
14608,Simran,Das,simran.das608@outlook.com,F,1997,Noida,Uttar Pradesh,North,Paid Search,2025-05-05
14609,Ananya,Das,ananya.das609@outlook.com,M,1994,Indore,Madhya Pradesh,West,Paid Search,2025-05-05
14610,Priya,Joshi,priya.joshi610@gmail.com,F,1994,Kolkata,West Bengal,East,Paid Search,2025-05-05
14611,Aman,Yadav,aman.yadav611@outlook.com,F,2006,Lucknow,Uttar Pradesh,North,Affiliate,2025-05-05
14612,Saanvi,Agarwal,saanvi.agarwal612@gmail.com,F,1998,Bengaluru,Karnataka,South,Organic Search,2025-05-05
14613,Meera,Malhotra,meera.malhotra613@gmail.com,M,2006,Gurugram,Haryana,North,Paid Social,2025-05-06
14614,Ishaan,Bose,ishaan.bose614@gmail.com,M,2000,Bengaluru,Karnataka,South,Paid Search,2025-05-06
14615,Lakshmi,Mishra,lakshmi.mishra615@outlook.com,M,1988,Delhi,Delhi,North,Organic Search,2025-05-06
14616,Reyansh,Agarwal,reyansh.agarwal616@gmail.com,F,2003,Chennai,Tamil Nadu,South,Paid Search,2025-05-06
14617,Tanvi,Mehta,tanvi.mehta617@rediffmail.com,M,1993,Bengaluru,Karnataka,South,Paid Social,2025-05-06
14618,Kavya,Iyer,kavya.iyer618@yahoo.in,M,2006,Bengaluru,Karnataka,South,Paid Social,2025-05-06
14619,Reyansh,Mehta,reyansh.mehta619@gmail.com,F,1988,Delhi,Delhi,North,Organic Search,2025-05-06
14620,Neha,Kumar,neha.kumar620@outlook.com,F,1981,Chennai,Tamil Nadu,South,Affiliate,2025-05-06
14621,Deepak,Malhotra,deepak.malhotra621@gmail.com,F,1994,Gurugram,Haryana,North,Paid Search,2025-05-06
14622,Aditya,Kapoor,aditya.kapoor622@outlook.com,M,2005,Pune,Maharashtra,West,Referral,2025-05-06
14623,Aadhya,Sharma,aadhya.sharma623@gmail.com,M,1988,Hyderabad,Telangana,South,Organic Search,2025-05-07
14624,Lakshmi,Mishra,lakshmi.mishra624@gmail.com,M,1998,Bengaluru,Karnataka,South,Paid Social,2025-05-07
14625,Reyansh,Malhotra,reyansh.malhotra625@outlook.com,F,1988,Hyderabad,Telangana,South,Paid Search,2025-05-07
14626,Kavya,Yadav,kavya.yadav626@gmail.com,F,2001,Bengaluru,Karnataka,South,Paid Social,2025-05-07
14627,Riya,Pillai,riya.pillai627@outlook.com,M,1991,Hyderabad,Telangana,South,Referral,2025-05-07
14628,Kabir,Mishra,kabir.mishra628@gmail.com,F,1996,Jaipur,Rajasthan,North,Referral,2025-05-07
14629,Rohan,Agarwal,rohan.agarwal629@gmail.com,M,1991,Mumbai,Maharashtra,West,Paid Search,2025-05-07
14630,Aadhya,Das,aadhya.das630@gmail.com,M,1987,Pune,Maharashtra,West,Referral,2025-05-07
14631,Amit,Khan,amit.khan631@gmail.com,M,1978,Ahmedabad,Gujarat,West,Paid Search,2025-05-07
14632,Kavya,Singh,kavya.singh632@outlook.com,F,1983,Bengaluru,Karnataka,South,Organic Search,2025-05-08
14633,Zoya,Kapoor,zoya.kapoor633@gmail.com,M,1991,Ahmedabad,Gujarat,West,Paid Social,2025-05-08
14634,Aarav,Rao,aarav.rao634@outlook.com,M,1997,Bengaluru,Karnataka,South,Affiliate,2025-05-08
14635,Pooja,Chopra,pooja.chopra635@rediffmail.com,M,2006,Gurugram,Haryana,North,Organic Search,2025-05-08
14636,Aadhya,Rao,aadhya.rao636@gmail.com,M,1989,Mumbai,Maharashtra,West,Paid Social,2025-05-08
14637,Amit,Pillai,amit.pillai637@outlook.com,M,1988,Kochi,Kerala,South,Referral,2025-05-08
14638,Isha,Reddy,isha.reddy638@gmail.com,M,1983,Noida,Uttar Pradesh,North,Paid Social,2025-05-08
14639,Pooja,Malhotra,pooja.malhotra639@rediffmail.com,F,2000,Gurugram,Haryana,North,Paid Social,2025-05-08
14640,Farhan,Malhotra,farhan.malhotra640@yahoo.in,M,1998,Bengaluru,Karnataka,South,Organic Search,2025-05-08
14641,Kabir,Pillai,kabir.pillai641@gmail.com,F,1997,Noida,Uttar Pradesh,North,Organic Search,2025-05-08
14642,Pari,Menon,pari.menon642@rediffmail.com,F,1996,Mumbai,Maharashtra,West,Paid Search,2025-05-09
14643,Vivaan,Nair,vivaan.nair643@gmail.com,M,1991,Bengaluru,Karnataka,South,Paid Social,2025-05-09
14644,Saanvi,Kumar,saanvi.kumar644@gmail.com,M,2004,Pune,Maharashtra,West,Paid Search,2025-05-09
14645,Manish,Menon,manish.menon645@outlook.com,M,1987,Kochi,Kerala,South,Paid Social,2025-05-09
14646,Riya,Das,riya.das646@gmail.com,F,1990,Chennai,Tamil Nadu,South,Paid Social,2025-05-09
14647,Tanvi,Iyer,tanvi.iyer647@gmail.com,M,1985,Pune,Maharashtra,West,Organic Search,2025-05-09
14648,Simran,Das,simran.das648@gmail.com,M,1992,Kolkata,West Bengal,East,Referral,2025-05-09
14649,Sneha,Bose,sneha.bose649@gmail.com,M,1987,Jaipur,Rajasthan,North,Paid Social,2025-05-09
14650,Arjun,Patel,arjun.patel650@gmail.com,F,1988,Lucknow,Uttar Pradesh,North,Paid Social,2025-05-09
14651,Meera,Sharma,meera.sharma651@gmail.com,F,1984,Bengaluru,Karnataka,South,Paid Search,2025-05-09
14652,Reyansh,Bose,reyansh.bose652@gmail.com,F,1986,Ahmedabad,Gujarat,West,Paid Search,2025-05-09
14653,Ishaan,Joshi,ishaan.joshi653@gmail.com,F,1981,Lucknow,Uttar Pradesh,North,Paid Social,2025-05-09
14654,Meera,Pillai,meera.pillai654@outlook.com,F,1996,Mumbai,Maharashtra,West,Referral,2025-05-09
14655,Lakshmi,Reddy,lakshmi.reddy655@gmail.com,M,1987,Lucknow,Uttar Pradesh,North,Paid Social,2025-05-09
14656,Aadhya,Patel,aadhya.patel656@outlook.com,F,2006,Lucknow,Uttar Pradesh,North,Referral,2025-05-09
14657,Aadhya,Mehta,aadhya.mehta657@gmail.com,F,2001,Mumbai,Maharashtra,West,Organic Search,2025-05-10
14658,Meera,Mishra,meera.mishra658@outlook.com,M,1994,Kochi,Kerala,South,Referral,2025-05-10
14659,Aadhya,Agarwal,aadhya.agarwal659@yahoo.in,M,1998,Chennai,Tamil Nadu,South,Paid Search,2025-05-10
14660,Krishna,Banerjee,krishna.banerjee660@gmail.com,M,2000,Pune,Maharashtra,West,Organic Search,2025-05-10
14661,Kabir,Kumar,kabir.kumar661@gmail.com,M,1990,Pune,Maharashtra,West,Organic Search,2025-05-10
14662,Aman,Khan,aman.khan662@outlook.com,F,1992,Delhi,Delhi,North,Referral,2025-05-10
14663,Vikram,Verma,vikram.verma663@yahoo.in,M,2002,Mumbai,Maharashtra,West,Paid Social,2025-05-10
14664,Aadhya,Pillai,aadhya.pillai664@gmail.com,M,2003,Bengaluru,Karnataka,South,Email,2025-05-10
14665,Manish,Banerjee,manish.banerjee665@outlook.com,F,1987,Hyderabad,Telangana,South,Paid Social,2025-05-10
14666,Saanvi,Mishra,saanvi.mishra666@gmail.com,M,2006,Mumbai,Maharashtra,West,Email,2025-05-10
14667,Tanvi,Menon,tanvi.menon667@gmail.com,M,1983,Kochi,Kerala,South,Paid Social,2025-05-10
14668,Ishaan,Patel,ishaan.patel668@gmail.com,F,1975,Chennai,Tamil Nadu,South,Paid Social,2025-05-10
14669,Deepak,Gupta,deepak.gupta669@outlook.com,F,2006,Delhi,Delhi,North,Organic Search,2025-05-10
14670,Rohan,Chopra,rohan.chopra670@gmail.com,F,1999,Kochi,Kerala,South,Paid Social,2025-05-10
14671,Isha,Verma,isha.verma671@yahoo.in,M,1995,Noida,Uttar Pradesh,North,Paid Social,2025-05-10
14672,Pooja,Rao,pooja.rao672@gmail.com,M,2000,Kochi,Kerala,South,Organic Search,2025-05-10
14673,Rahul,Mishra,rahul.mishra673@gmail.com,F,1988,Bengaluru,Karnataka,South,Organic Search,2025-05-10
14674,Pooja,Yadav,pooja.yadav674@gmail.com,F,1980,Mumbai,Maharashtra,West,Paid Search,2025-05-11
14675,Farhan,Bose,farhan.bose675@outlook.com,M,1990,Mumbai,Maharashtra,West,Organic Search,2025-05-11
14676,Aman,Bose,aman.bose676@gmail.com,M,1988,Ahmedabad,Gujarat,West,Paid Social,2025-05-11
14677,Saanvi,Reddy,saanvi.reddy677@outlook.com,M,1986,Chennai,Tamil Nadu,South,Paid Social,2025-05-11
14678,Karan,Yadav,karan.yadav678@gmail.com,F,1989,Chennai,Tamil Nadu,South,Email,2025-05-11
14679,Sneha,Agarwal,sneha.agarwal679@rediffmail.com,F,1989,Mumbai,Maharashtra,West,Paid Social,2025-05-11
14680,Isha,Verma,isha.verma680@gmail.com,F,1990,Chennai,Tamil Nadu,South,Referral,2025-05-11
14681,Rahul,Chopra,rahul.chopra681@gmail.com,M,1997,Pune,Maharashtra,West,Paid Social,2025-05-11
14682,Aman,Banerjee,aman.banerjee682@gmail.com,M,1998,Mumbai,Maharashtra,West,Paid Social,2025-05-11
14683,Tanvi,Singh,tanvi.singh683@gmail.com,M,1996,Lucknow,Uttar Pradesh,North,Paid Search,2025-05-11
14684,Aarav,Iyer,aarav.iyer684@outlook.com,F,1973,Hyderabad,Telangana,South,Paid Search,2025-05-11
14685,Aditya,Shah,aditya.shah685@gmail.com,F,1985,Bengaluru,Karnataka,South,Organic Search,2025-05-11
14686,Nikhil,Joshi,nikhil.joshi686@outlook.com,M,1985,Mumbai,Maharashtra,West,Paid Social,2025-05-11
14687,Amit,Singh,amit.singh687@gmail.com,M,2003,Bengaluru,Karnataka,South,Paid Search,2025-05-12
14688,Amit,Kapoor,amit.kapoor688@yahoo.in,F,1987,Chennai,Tamil Nadu,South,Paid Social,2025-05-12
14689,Simran,Reddy,simran.reddy689@gmail.com,F,1978,Noida,Uttar Pradesh,North,Affiliate,2025-05-12
14690,Rohan,Joshi,rohan.joshi690@rediffmail.com,M,1999,Mumbai,Maharashtra,West,Paid Social,2025-05-12
14691,Ananya,Singh,ananya.singh691@outlook.com,F,1994,Mumbai,Maharashtra,West,Organic Search,2025-05-12
14692,Karan,Sharma,karan.sharma692@outlook.com,F,2006,Delhi,Delhi,North,Paid Social,2025-05-12
14693,Zoya,Menon,zoya.menon693@gmail.com,M,1982,Chandigarh,Chandigarh,North,Paid Social,2025-05-12
14694,Manish,Rao,manish.rao694@gmail.com,M,1992,Hyderabad,Telangana,South,Email,2025-05-12
14695,Deepak,Malhotra,deepak.malhotra695@outlook.com,F,1985,Lucknow,Uttar Pradesh,North,Referral,2025-05-12
14696,Saanvi,Sharma,saanvi.sharma696@gmail.com,F,1985,Hyderabad,Telangana,South,Paid Search,2025-05-12
14697,Ishaan,Malhotra,ishaan.malhotra697@gmail.com,F,1987,Kolkata,West Bengal,East,Email,2025-05-12
14698,Karan,Gupta,karan.gupta698@gmail.com,F,1985,Noida,Uttar Pradesh,North,Organic Search,2025-05-12
14699,Ishaan,Singh,ishaan.singh699@gmail.com,F,1995,Mumbai,Maharashtra,West,Organic Search,2025-05-12
14700,Isha,Agarwal,isha.agarwal700@gmail.com,M,1994,Delhi,Delhi,North,Organic Search,2025-05-12
14701,Aadhya,Joshi,aadhya.joshi701@gmail.com,F,1993,Bengaluru,Karnataka,South,Paid Search,2025-05-13
14702,Myra,Kapoor,myra.kapoor702@gmail.com,M,2004,Pune,Maharashtra,West,Paid Search,2025-05-13
14703,Arnav,Nair,arnav.nair703@gmail.com,M,1998,Ahmedabad,Gujarat,West,Organic Search,2025-05-13
14704,Aadhya,Iyer,aadhya.iyer704@gmail.com,M,2000,Hyderabad,Telangana,South,Organic Search,2025-05-13
14705,Harpreet,Kapoor,harpreet.kapoor705@gmail.com,M,1995,Hyderabad,Telangana,South,Organic Search,2025-05-13
14706,Kabir,Chopra,kabir.chopra706@gmail.com,M,1996,Pune,Maharashtra,West,Affiliate,2025-05-13
14707,Diya,Yadav,diya.yadav707@gmail.com,M,2001,Chennai,Tamil Nadu,South,Referral,2025-05-13
14708,Kabir,Khan,kabir.khan708@rediffmail.com,F,1984,Kolkata,West Bengal,East,Paid Social,2025-05-13
14709,Riya,Kumar,riya.kumar709@gmail.com,F,1988,Bengaluru,Karnataka,South,Referral,2025-05-13
14710,Farhan,Verma,farhan.verma710@outlook.com,F,1994,Delhi,Delhi,North,Paid Social,2025-05-13
14711,Vivaan,Patel,vivaan.patel711@gmail.com,M,1994,Hyderabad,Telangana,South,Organic Search,2025-05-13
14712,Aadhya,Khan,aadhya.khan712@rediffmail.com,F,1982,Chennai,Tamil Nadu,South,Affiliate,2025-05-13
14713,Deepak,Rao,deepak.rao713@gmail.com,F,2000,Ahmedabad,Gujarat,West,Paid Search,2025-05-13
14714,Amit,Sharma,amit.sharma714@gmail.com,F,2005,Bengaluru,Karnataka,South,Paid Search,2025-05-13
14715,Ishaan,Reddy,ishaan.reddy715@gmail.com,F,2004,Mumbai,Maharashtra,West,Email,2025-05-13
14716,Rohan,Kapoor,rohan.kapoor716@rediffmail.com,F,1988,Pune,Maharashtra,West,Organic Search,2025-05-13
14717,Priya,Das,priya.das717@gmail.com,M,2000,Hyderabad,Telangana,South,Paid Search,2025-05-13
14718,Rohan,Agarwal,rohan.agarwal718@gmail.com,F,1990,Chennai,Tamil Nadu,South,Email,2025-05-14
14719,Isha,Das,isha.das719@outlook.com,F,1994,Delhi,Delhi,North,Paid Social,2025-05-14
14720,Pooja,Iyer,pooja.iyer720@gmail.com,M,2002,Delhi,Delhi,North,Paid Search,2025-05-14
14721,Priya,Pillai,priya.pillai721@outlook.com,M,2004,Mumbai,Maharashtra,West,Affiliate,2025-05-14
14722,Pooja,Reddy,pooja.reddy722@gmail.com,M,1990,Mumbai,Maharashtra,West,Email,2025-05-14
14723,Aditya,Rao,aditya.rao723@gmail.com,M,1989,Hyderabad,Telangana,South,Email,2025-05-14
14724,Rahul,Kumar,rahul.kumar724@gmail.com,F,2005,Delhi,Delhi,North,Organic Search,2025-05-14
14725,Aditya,Agarwal,aditya.agarwal725@yahoo.in,F,1993,Hyderabad,Telangana,South,Email,2025-05-14
14726,Tanvi,Shah,tanvi.shah726@gmail.com,M,1969,Pune,Maharashtra,West,Paid Social,2025-05-14
14727,Rahul,Yadav,rahul.yadav727@outlook.com,F,1997,Bengaluru,Karnataka,South,Paid Social,2025-05-14
14728,Karan,Mishra,karan.mishra728@gmail.com,F,1987,Pune,Maharashtra,West,Organic Search,2025-05-14
14729,Saanvi,Sharma,saanvi.sharma729@gmail.com,M,1991,Hyderabad,Telangana,South,Paid Social,2025-05-14
14730,Rohan,Kapoor,rohan.kapoor730@gmail.com,F,1998,Mumbai,Maharashtra,West,Organic Search,2025-05-14
14731,Tanvi,Malhotra,tanvi.malhotra731@gmail.com,F,1979,Mumbai,Maharashtra,West,Affiliate,2025-05-15
14732,Aditya,Mehta,aditya.mehta732@gmail.com,M,2000,Bengaluru,Karnataka,South,Paid Social,2025-05-15
14733,Neha,Kapoor,neha.kapoor733@rediffmail.com,F,1981,Mumbai,Maharashtra,West,Paid Social,2025-05-15
14734,Ananya,Kapoor,ananya.kapoor734@rediffmail.com,F,1988,Jaipur,Rajasthan,North,Organic Search,2025-05-15
14735,Pari,Shah,pari.shah735@gmail.com,M,1996,Kochi,Kerala,South,Paid Search,2025-05-15
14736,Isha,Chopra,isha.chopra736@gmail.com,F,1984,Bengaluru,Karnataka,South,Paid Social,2025-05-15
14737,Priya,Pillai,priya.pillai737@gmail.com,M,1984,Noida,Uttar Pradesh,North,Referral,2025-05-15
14738,Rohan,Iyer,rohan.iyer738@yahoo.in,F,1996,Bengaluru,Karnataka,South,Paid Social,2025-05-15
14739,Reyansh,Rao,reyansh.rao739@gmail.com,F,1998,Lucknow,Uttar Pradesh,North,Organic Search,2025-05-15
14740,Neha,Banerjee,neha.banerjee740@rediffmail.com,M,1992,Mumbai,Maharashtra,West,Paid Search,2025-05-15
14741,Diya,Rao,diya.rao741@gmail.com,F,1998,Noida,Uttar Pradesh,North,Paid Search,2025-05-15
14742,Vivaan,Banerjee,vivaan.banerjee742@gmail.com,M,2006,Delhi,Delhi,North,Paid Social,2025-05-15
14743,Harpreet,Kumar,harpreet.kumar743@yahoo.in,M,1982,Mumbai,Maharashtra,West,Paid Search,2025-05-15
14744,Neha,Nair,neha.nair744@gmail.com,F,1976,Ahmedabad,Gujarat,West,Organic Search,2025-05-16
14745,Arjun,Nair,arjun.nair745@outlook.com,M,2002,Jaipur,Rajasthan,North,Organic Search,2025-05-16
14746,Pari,Reddy,pari.reddy746@gmail.com,F,1984,Delhi,Delhi,North,Paid Social,2025-05-16
14747,Sai,Gupta,sai.gupta747@gmail.com,M,1996,Lucknow,Uttar Pradesh,North,Paid Social,2025-05-16
14748,Kavya,Das,kavya.das748@outlook.com,M,1998,Lucknow,Uttar Pradesh,North,Organic Search,2025-05-16
14749,Neha,Joshi,neha.joshi749@gmail.com,F,1993,Indore,Madhya Pradesh,West,Paid Social,2025-05-16
14750,Arnav,Chopra,arnav.chopra750@gmail.com,M,1996,Jaipur,Rajasthan,North,Paid Social,2025-05-16
14751,Saanvi,Malhotra,saanvi.malhotra751@yahoo.in,F,2006,Pune,Maharashtra,West,Organic Search,2025-05-16
14752,Kavya,Kumar,kavya.kumar752@rediffmail.com,M,1989,Pune,Maharashtra,West,Organic Search,2025-05-16
14753,Deepak,Singh,deepak.singh753@rediffmail.com,F,2004,Lucknow,Uttar Pradesh,North,Paid Search,2025-05-16
14754,Meera,Singh,meera.singh754@rediffmail.com,F,1983,Bengaluru,Karnataka,South,Referral,2025-05-16
14755,Kiara,Pillai,kiara.pillai755@gmail.com,F,1996,Bengaluru,Karnataka,South,Organic Search,2025-05-16
14756,Kavya,Pillai,kavya.pillai756@outlook.com,F,1997,Bengaluru,Karnataka,South,Affiliate,2025-05-16
14757,Sneha,Joshi,sneha.joshi757@gmail.com,F,1993,Mumbai,Maharashtra,West,Paid Social,2025-05-17
14758,Ishaan,Khan,ishaan.khan758@gmail.com,M,2001,Chandigarh,Chandigarh,North,Referral,2025-05-17
14759,Aditya,Malhotra,aditya.malhotra759@gmail.com,M,1994,Indore,Madhya Pradesh,West,Affiliate,2025-05-17
14760,Amit,Nair,amit.nair760@gmail.com,M,1996,Kolkata,West Bengal,East,Organic Search,2025-05-17
14761,Kabir,Agarwal,kabir.agarwal761@gmail.com,F,1988,Mumbai,Maharashtra,West,Paid Social,2025-05-17
14762,Riya,Yadav,riya.yadav762@outlook.com,F,1986,Bengaluru,Karnataka,South,Paid Search,2025-05-17
14763,Amit,Patel,amit.patel763@rediffmail.com,M,1985,Mumbai,Maharashtra,West,Organic Search,2025-05-17
14764,Neha,Mehta,neha.mehta764@gmail.com,M,1989,Kolkata,West Bengal,East,Referral,2025-05-17
14765,Diya,Iyer,diya.iyer765@gmail.com,F,1983,Lucknow,Uttar Pradesh,North,Organic Search,2025-05-17
14766,Rohan,Nair,rohan.nair766@gmail.com,F,2006,Mumbai,Maharashtra,West,Email,2025-05-17
14767,Rohan,Das,rohan.das767@gmail.com,M,1991,Pune,Maharashtra,West,Referral,2025-05-17
14768,Meera,Patel,meera.patel768@outlook.com,M,1993,Bengaluru,Karnataka,South,Paid Social,2025-05-17
14769,Zoya,Nair,zoya.nair769@yahoo.in,F,1984,Bengaluru,Karnataka,South,Paid Social,2025-05-18
14770,Kavya,Nair,kavya.nair770@gmail.com,M,2006,Bengaluru,Karnataka,South,Email,2025-05-18
14771,Tanvi,Kapoor,tanvi.kapoor771@rediffmail.com,M,1991,Bengaluru,Karnataka,South,Organic Search,2025-05-18
14772,Rahul,Reddy,rahul.reddy772@gmail.com,M,1989,Mumbai,Maharashtra,West,Referral,2025-05-18
14773,Tanvi,Gupta,tanvi.gupta773@yahoo.in,F,1990,Gurugram,Haryana,North,Organic Search,2025-05-18
14774,Kabir,Mishra,kabir.mishra774@gmail.com,M,1992,Chennai,Tamil Nadu,South,Organic Search,2025-05-18
14775,Arnav,Yadav,arnav.yadav775@gmail.com,M,1991,Chandigarh,Chandigarh,North,Paid Search,2025-05-18
14776,Vivaan,Yadav,vivaan.yadav776@gmail.com,M,1983,Delhi,Delhi,North,Paid Search,2025-05-18
14777,Lakshmi,Kumar,lakshmi.kumar777@gmail.com,M,2000,Delhi,Delhi,North,Organic Search,2025-05-18
14778,Sai,Banerjee,sai.banerjee778@gmail.com,F,1985,Pune,Maharashtra,West,Paid Social,2025-05-18
14779,Deepak,Iyer,deepak.iyer779@gmail.com,M,2000,Mumbai,Maharashtra,West,Paid Social,2025-05-18
14780,Zoya,Reddy,zoya.reddy780@gmail.com,M,1983,Bengaluru,Karnataka,South,Affiliate,2025-05-18
14781,Kiara,Yadav,kiara.yadav781@gmail.com,M,1995,Indore,Madhya Pradesh,West,Referral,2025-05-18
14782,Neha,Singh,neha.singh782@gmail.com,M,1985,Delhi,Delhi,North,Referral,2025-05-19
14783,Diya,Malhotra,diya.malhotra783@gmail.com,M,1988,Jaipur,Rajasthan,North,Email,2025-05-19
14784,Rohan,Pillai,rohan.pillai784@yahoo.in,F,1997,Chennai,Tamil Nadu,South,Referral,2025-05-19
14785,Aadhya,Verma,aadhya.verma785@gmail.com,M,2003,Hyderabad,Telangana,South,Organic Search,2025-05-19
14786,Harpreet,Mishra,harpreet.mishra786@gmail.com,F,2006,Chennai,Tamil Nadu,South,Organic Search,2025-05-19
14787,Ananya,Patel,ananya.patel787@gmail.com,M,1996,Delhi,Delhi,North,Paid Search,2025-05-19
14788,Isha,Banerjee,isha.banerjee788@gmail.com,M,1993,Kochi,Kerala,South,Paid Search,2025-05-19
14789,Tanvi,Khan,tanvi.khan789@gmail.com,M,1986,Chennai,Tamil Nadu,South,Email,2025-05-19
14790,Zoya,Mishra,zoya.mishra790@yahoo.in,M,1979,Mumbai,Maharashtra,West,Paid Social,2025-05-19
14791,Aadhya,Menon,aadhya.menon791@yahoo.in,M,1998,Bengaluru,Karnataka,South,Email,2025-05-19
14792,Aman,Reddy,aman.reddy792@gmail.com,F,1991,Jaipur,Rajasthan,North,Paid Search,2025-05-19
14793,Ishaan,Banerjee,ishaan.banerjee793@gmail.com,M,1994,Bengaluru,Karnataka,South,Email,2025-05-19
14794,Nikhil,Malhotra,nikhil.malhotra794@rediffmail.com,M,1990,Hyderabad,Telangana,South,Organic Search,2025-05-19
14795,Sai,Banerjee,sai.banerjee795@outlook.com,F,1988,Pune,Maharashtra,West,Paid Search,2025-05-19
14796,Kavya,Gupta,kavya.gupta796@gmail.com,F,1999,Delhi,Delhi,North,Email,2025-05-19
14797,Arjun,Bose,arjun.bose797@gmail.com,M,2006,Mumbai,Maharashtra,West,Paid Search,2025-05-19
14798,Arnav,Chopra,arnav.chopra798@outlook.com,F,1984,Bengaluru,Karnataka,South,Referral,2025-05-20
14799,Farhan,Singh,farhan.singh799@outlook.com,M,1979,Bengaluru,Karnataka,South,Paid Search,2025-05-20
14800,Reyansh,Malhotra,reyansh.malhotra800@gmail.com,F,1992,Pune,Maharashtra,West,Referral,2025-05-20
14801,Farhan,Yadav,farhan.yadav801@gmail.com,M,1988,Kolkata,West Bengal,East,Paid Social,2025-05-20
14802,Saanvi,Rao,saanvi.rao802@gmail.com,M,2003,Delhi,Delhi,North,Referral,2025-05-20
14803,Manish,Mehta,manish.mehta803@yahoo.in,M,1998,Gurugram,Haryana,North,Paid Social,2025-05-20
14804,Kavya,Bose,kavya.bose804@outlook.com,M,2006,Lucknow,Uttar Pradesh,North,Paid Social,2025-05-20
14805,Deepak,Reddy,deepak.reddy805@gmail.com,M,2002,Hyderabad,Telangana,South,Paid Social,2025-05-20
14806,Meera,Gupta,meera.gupta806@gmail.com,M,1994,Hyderabad,Telangana,South,Paid Social,2025-05-21
14807,Arnav,Joshi,arnav.joshi807@yahoo.in,F,1995,Hyderabad,Telangana,South,Paid Social,2025-05-21
14808,Isha,Reddy,isha.reddy808@outlook.com,M,1997,Chennai,Tamil Nadu,South,Organic Search,2025-05-21
14809,Aditya,Joshi,aditya.joshi809@outlook.com,M,1986,Mumbai,Maharashtra,West,Referral,2025-05-21
14810,Harpreet,Pillai,harpreet.pillai810@gmail.com,M,1997,Chandigarh,Chandigarh,North,Paid Search,2025-05-21
14811,Vivaan,Mishra,vivaan.mishra811@outlook.com,M,2004,Indore,Madhya Pradesh,West,Organic Search,2025-05-21
14812,Karan,Chopra,karan.chopra812@gmail.com,M,1988,Mumbai,Maharashtra,West,Paid Social,2025-05-21
14813,Amit,Malhotra,amit.malhotra813@rediffmail.com,M,1992,Pune,Maharashtra,West,Paid Social,2025-05-21
14814,Pari,Shah,pari.shah814@yahoo.in,M,1999,Gurugram,Haryana,North,Referral,2025-05-21
14815,Riya,Yadav,riya.yadav815@gmail.com,M,2005,Mumbai,Maharashtra,West,Affiliate,2025-05-21
14816,Ananya,Bose,ananya.bose816@gmail.com,F,1988,Pune,Maharashtra,West,Paid Search,2025-05-22
14817,Deepak,Yadav,deepak.yadav817@gmail.com,M,1995,Delhi,Delhi,North,Affiliate,2025-05-22
14818,Harpreet,Mehta,harpreet.mehta818@gmail.com,F,1993,Kolkata,West Bengal,East,Paid Social,2025-05-22
14819,Lakshmi,Bose,lakshmi.bose819@gmail.com,F,1991,Delhi,Delhi,North,Paid Search,2025-05-22
14820,Simran,Khan,simran.khan820@outlook.com,M,1979,Kochi,Kerala,South,Paid Social,2025-05-22
14821,Simran,Malhotra,simran.malhotra821@gmail.com,M,1988,Delhi,Delhi,North,Organic Search,2025-05-22
14822,Lakshmi,Rao,lakshmi.rao822@rediffmail.com,F,1984,Chennai,Tamil Nadu,South,Affiliate,2025-05-22
14823,Lakshmi,Verma,lakshmi.verma823@gmail.com,M,1992,Ahmedabad,Gujarat,West,Paid Search,2025-05-22
14824,Zoya,Sharma,zoya.sharma824@gmail.com,F,1990,Noida,Uttar Pradesh,North,Organic Search,2025-05-22
14825,Zoya,Shah,zoya.shah825@gmail.com,M,1984,Lucknow,Uttar Pradesh,North,Paid Social,2025-05-22
14826,Ishaan,Das,ishaan.das826@gmail.com,M,1991,Mumbai,Maharashtra,West,Organic Search,2025-05-22
14827,Krishna,Verma,krishna.verma827@gmail.com,M,2006,Hyderabad,Telangana,South,Organic Search,2025-05-22
14828,Myra,Singh,myra.singh828@yahoo.in,F,1988,Gurugram,Haryana,North,Organic Search,2025-05-22
14829,Pari,Sharma,pari.sharma829@gmail.com,F,1990,Lucknow,Uttar Pradesh,North,Email,2025-05-22
14830,Saanvi,Patel,saanvi.patel830@gmail.com,M,1992,Bengaluru,Karnataka,South,Organic Search,2025-05-23
14831,Diya,Agarwal,diya.agarwal831@yahoo.in,M,1988,Indore,Madhya Pradesh,West,Paid Social,2025-05-23
14832,Ananya,Kapoor,ananya.kapoor832@gmail.com,F,1981,Mumbai,Maharashtra,West,Paid Social,2025-05-23
14833,Sneha,Verma,sneha.verma833@gmail.com,M,2006,Delhi,Delhi,North,Email,2025-05-23
14834,Zoya,Khan,zoya.khan834@gmail.com,M,1979,Ahmedabad,Gujarat,West,Email,2025-05-23
14835,Aman,Rao,aman.rao835@gmail.com,F,1980,Noida,Uttar Pradesh,North,Affiliate,2025-05-23
14836,Sai,Mishra,sai.mishra836@rediffmail.com,F,1999,Indore,Madhya Pradesh,West,Paid Search,2025-05-23
14837,Amit,Yadav,amit.yadav837@gmail.com,F,1977,Jaipur,Rajasthan,North,Paid Search,2025-05-23
14838,Neha,Yadav,neha.yadav838@gmail.com,M,2000,Kolkata,West Bengal,East,Referral,2025-05-23
14839,Zoya,Pillai,zoya.pillai839@gmail.com,M,2000,Indore,Madhya Pradesh,West,Organic Search,2025-05-23
14840,Harpreet,Kapoor,harpreet.kapoor840@outlook.com,F,1987,Ahmedabad,Gujarat,West,Organic Search,2025-05-23
14841,Saanvi,Agarwal,saanvi.agarwal841@outlook.com,M,1994,Chennai,Tamil Nadu,South,Affiliate,2025-05-23
14842,Zoya,Bose,zoya.bose842@gmail.com,F,1993,Kolkata,West Bengal,East,Organic Search,2025-05-24
14843,Pooja,Yadav,pooja.yadav843@gmail.com,M,1987,Hyderabad,Telangana,South,Paid Search,2025-05-24
14844,Ananya,Kumar,ananya.kumar844@gmail.com,F,1989,Indore,Madhya Pradesh,West,Organic Search,2025-05-24
14845,Sneha,Gupta,sneha.gupta845@gmail.com,F,1992,Chennai,Tamil Nadu,South,Organic Search,2025-05-24
14846,Vivaan,Reddy,vivaan.reddy846@gmail.com,M,1990,Gurugram,Haryana,North,Affiliate,2025-05-24
14847,Aditya,Shah,aditya.shah847@gmail.com,F,1998,Hyderabad,Telangana,South,Organic Search,2025-05-24
14848,Kiara,Pillai,kiara.pillai848@gmail.com,F,1992,Bengaluru,Karnataka,South,Paid Search,2025-05-24
14849,Kavya,Mehta,kavya.mehta849@gmail.com,M,1997,Ahmedabad,Gujarat,West,Organic Search,2025-05-24
14850,Pooja,Iyer,pooja.iyer850@yahoo.in,F,1990,Chennai,Tamil Nadu,South,Paid Social,2025-05-24
14851,Meera,Kumar,meera.kumar851@gmail.com,M,1999,Bengaluru,Karnataka,South,Referral,2025-05-24
14852,Harpreet,Das,harpreet.das852@gmail.com,F,2001,Bengaluru,Karnataka,South,Paid Social,2025-05-24
14853,Isha,Shah,isha.shah853@outlook.com,F,1978,Kochi,Kerala,South,Paid Social,2025-05-24
14854,Amit,Shah,amit.shah854@outlook.com,M,1997,Bengaluru,Karnataka,South,Paid Social,2025-05-24
14855,Diya,Menon,diya.menon855@yahoo.in,F,1988,Lucknow,Uttar Pradesh,North,Organic Search,2025-05-24
14856,Ananya,Pillai,ananya.pillai856@gmail.com,M,1990,Gurugram,Haryana,North,Paid Search,2025-05-25
14857,Lakshmi,Chopra,lakshmi.chopra857@gmail.com,M,1996,Pune,Maharashtra,West,Email,2025-05-25
14858,Tanvi,Gupta,tanvi.gupta858@gmail.com,M,1994,Lucknow,Uttar Pradesh,North,Referral,2025-05-25
14859,Reyansh,Chopra,reyansh.chopra859@gmail.com,F,1992,Bengaluru,Karnataka,South,Organic Search,2025-05-25
14860,Kiara,Agarwal,kiara.agarwal860@yahoo.in,M,1999,Chennai,Tamil Nadu,South,Email,2025-05-25
14861,Farhan,Banerjee,farhan.banerjee861@gmail.com,F,1995,Jaipur,Rajasthan,North,Referral,2025-05-25
14862,Simran,Bose,simran.bose862@gmail.com,F,1987,Kochi,Kerala,South,Referral,2025-05-25
14863,Meera,Chopra,meera.chopra863@gmail.com,M,2002,Bengaluru,Karnataka,South,Referral,2025-05-25
14864,Aarav,Yadav,aarav.yadav864@gmail.com,F,2002,Kolkata,West Bengal,East,Affiliate,2025-05-26
14865,Pari,Gupta,pari.gupta865@yahoo.in,M,1994,Noida,Uttar Pradesh,North,Organic Search,2025-05-26
14866,Kiara,Pillai,kiara.pillai866@gmail.com,M,1989,Mumbai,Maharashtra,West,Paid Search,2025-05-26
14867,Ishaan,Nair,ishaan.nair867@outlook.com,F,1987,Bengaluru,Karnataka,South,Affiliate,2025-05-26
14868,Kiara,Gupta,kiara.gupta868@rediffmail.com,M,2006,Hyderabad,Telangana,South,Paid Social,2025-05-26
14869,Pari,Iyer,pari.iyer869@gmail.com,M,1992,Kochi,Kerala,South,Paid Social,2025-05-26
14870,Pooja,Bose,pooja.bose870@gmail.com,M,1995,Chennai,Tamil Nadu,South,Paid Search,2025-05-26
14871,Aadhya,Kumar,aadhya.kumar871@gmail.com,F,1997,Lucknow,Uttar Pradesh,North,Organic Search,2025-05-26
14872,Pari,Rao,pari.rao872@outlook.com,M,1971,Mumbai,Maharashtra,West,Affiliate,2025-05-26
14873,Harpreet,Patel,harpreet.patel873@gmail.com,F,1986,Bengaluru,Karnataka,South,Paid Search,2025-05-26
14874,Kiara,Mehta,kiara.mehta874@yahoo.in,F,2006,Delhi,Delhi,North,Paid Social,2025-05-26
14875,Ishaan,Singh,ishaan.singh875@gmail.com,F,1971,Kolkata,West Bengal,East,Organic Search,2025-05-26
14876,Riya,Bose,riya.bose876@outlook.com,M,1982,Bengaluru,Karnataka,South,Affiliate,2025-05-26
14877,Ananya,Mishra,ananya.mishra877@gmail.com,F,1990,Hyderabad,Telangana,South,Organic Search,2025-05-26
14878,Krishna,Khan,krishna.khan878@gmail.com,M,1986,Kochi,Kerala,South,Email,2025-05-26
14879,Farhan,Das,farhan.das879@gmail.com,F,1987,Gurugram,Haryana,North,Paid Search,2025-05-26
14880,Kabir,Shah,kabir.shah880@rediffmail.com,F,1984,Mumbai,Maharashtra,West,Affiliate,2025-05-26
14881,Aarav,Shah,aarav.shah881@gmail.com,M,1992,Bengaluru,Karnataka,South,Paid Search,2025-05-26
14882,Sai,Shah,sai.shah882@gmail.com,M,1996,Hyderabad,Telangana,South,Email,2025-05-26
14883,Riya,Bose,riya.bose883@gmail.com,F,1997,Bengaluru,Karnataka,South,Paid Social,2025-05-27
14884,Ananya,Patel,ananya.patel884@gmail.com,M,1987,Delhi,Delhi,North,Organic Search,2025-05-27
14885,Myra,Kumar,myra.kumar885@gmail.com,F,2001,Bengaluru,Karnataka,South,Paid Search,2025-05-27
14886,Rahul,Mehta,rahul.mehta886@gmail.com,M,1995,Jaipur,Rajasthan,North,Referral,2025-05-27
14887,Diya,Chopra,diya.chopra887@gmail.com,M,2002,Mumbai,Maharashtra,West,Paid Social,2025-05-27
14888,Ishaan,Kumar,ishaan.kumar888@gmail.com,M,1996,Kolkata,West Bengal,East,Paid Search,2025-05-27
14889,Aditya,Singh,aditya.singh889@yahoo.in,M,1991,Gurugram,Haryana,North,Organic Search,2025-05-27
14890,Aditya,Nair,aditya.nair890@gmail.com,F,1992,Delhi,Delhi,North,Referral,2025-05-27
14891,Lakshmi,Nair,lakshmi.nair891@outlook.com,F,1996,Mumbai,Maharashtra,West,Paid Social,2025-05-27
14892,Manish,Patel,manish.patel892@gmail.com,M,2004,Chennai,Tamil Nadu,South,Paid Social,2025-05-27
14893,Karan,Mehta,karan.mehta893@gmail.com,M,1995,Gurugram,Haryana,North,Paid Search,2025-05-28
14894,Priya,Joshi,priya.joshi894@gmail.com,F,1995,Delhi,Delhi,North,Paid Search,2025-05-28
14895,Aman,Gupta,aman.gupta895@rediffmail.com,M,1998,Mumbai,Maharashtra,West,Paid Search,2025-05-28
14896,Simran,Sharma,simran.sharma896@gmail.com,M,1979,Bengaluru,Karnataka,South,Organic Search,2025-05-28
14897,Isha,Sharma,isha.sharma897@gmail.com,M,1982,Gurugram,Haryana,North,Affiliate,2025-05-28
14898,Riya,Bose,riya.bose898@yahoo.in,F,1995,Hyderabad,Telangana,South,Paid Search,2025-05-28
14899,Arjun,Kapoor,arjun.kapoor899@outlook.com,F,1986,Chennai,Tamil Nadu,South,Paid Social,2025-05-28
14900,Krishna,Singh,krishna.singh900@outlook.com,F,1991,Pune,Maharashtra,West,Paid Search,2025-05-29
14901,Simran,Shah,simran.shah901@gmail.com,M,1993,Delhi,Delhi,North,Paid Search,2025-05-29
14902,Rahul,Reddy,rahul.reddy902@outlook.com,M,2006,Pune,Maharashtra,West,Paid Social,2025-05-29
14903,Aman,Yadav,aman.yadav903@rediffmail.com,M,1992,Noida,Uttar Pradesh,North,Paid Social,2025-05-29
14904,Sneha,Kumar,sneha.kumar904@gmail.com,F,1977,Mumbai,Maharashtra,West,Referral,2025-05-29
14905,Sai,Kapoor,sai.kapoor905@gmail.com,M,1995,Hyderabad,Telangana,South,Organic Search,2025-05-29
14906,Krishna,Nair,krishna.nair906@gmail.com,M,2002,Delhi,Delhi,North,Email,2025-05-29
14907,Amit,Bose,amit.bose907@gmail.com,F,1998,Delhi,Delhi,North,Affiliate,2025-05-29
14908,Sai,Verma,sai.verma908@gmail.com,F,1997,Delhi,Delhi,North,Affiliate,2025-05-29
14909,Simran,Chopra,simran.chopra909@gmail.com,M,1988,Delhi,Delhi,North,Organic Search,2025-05-29
14910,Ananya,Mishra,ananya.mishra910@gmail.com,M,1990,Lucknow,Uttar Pradesh,North,Paid Social,2025-05-30
14911,Tanvi,Singh,tanvi.singh911@outlook.com,M,1987,Mumbai,Maharashtra,West,Affiliate,2025-05-30
14912,Ananya,Banerjee,ananya.banerjee912@gmail.com,M,1988,Hyderabad,Telangana,South,Referral,2025-05-30
14913,Farhan,Yadav,farhan.yadav913@gmail.com,M,1992,Delhi,Delhi,North,Organic Search,2025-05-30
14914,Diya,Shah,diya.shah914@gmail.com,M,2001,Mumbai,Maharashtra,West,Email,2025-05-30
14915,Rahul,Joshi,rahul.joshi915@yahoo.in,F,2006,Kochi,Kerala,South,Referral,2025-05-30
14916,Ananya,Verma,ananya.verma916@gmail.com,M,1995,Ahmedabad,Gujarat,West,Referral,2025-05-30
14917,Arnav,Shah,arnav.shah917@yahoo.in,F,1998,Hyderabad,Telangana,South,Paid Search,2025-05-30
14918,Amit,Kumar,amit.kumar918@gmail.com,F,1974,Pune,Maharashtra,West,Paid Social,2025-05-30
14919,Rahul,Banerjee,rahul.banerjee919@gmail.com,M,1990,Delhi,Delhi,North,Paid Social,2025-05-30
14920,Diya,Kapoor,diya.kapoor920@yahoo.in,F,2006,Gurugram,Haryana,North,Paid Search,2025-05-30
14921,Ishaan,Gupta,ishaan.gupta921@yahoo.in,F,1994,Hyderabad,Telangana,South,Referral,2025-05-30
14922,Farhan,Mehta,farhan.mehta922@gmail.com,F,1993,Chennai,Tamil Nadu,South,Organic Search,2025-05-31
14923,Aditya,Malhotra,aditya.malhotra923@outlook.com,F,2006,Mumbai,Maharashtra,West,Organic Search,2025-05-31
14924,Aditya,Verma,aditya.verma924@gmail.com,F,2003,Pune,Maharashtra,West,Email,2025-05-31
14925,Meera,Joshi,meera.joshi925@gmail.com,F,2000,Mumbai,Maharashtra,West,Paid Search,2025-05-31
14926,Vikram,Verma,vikram.verma926@gmail.com,M,1993,Delhi,Delhi,North,Organic Search,2025-05-31
14927,Saanvi,Rao,saanvi.rao927@rediffmail.com,F,1996,Delhi,Delhi,North,Referral,2025-05-31
14928,Farhan,Yadav,farhan.yadav928@gmail.com,F,2006,Kolkata,West Bengal,East,Referral,2025-05-31
14929,Aditya,Patel,aditya.patel929@gmail.com,F,2006,Delhi,Delhi,North,Referral,2025-05-31
14930,Isha,Reddy,isha.reddy930@outlook.com,M,1989,Mumbai,Maharashtra,West,Paid Search,2025-05-31
14931,Lakshmi,Singh,lakshmi.singh931@gmail.com,F,1981,Bengaluru,Karnataka,South,Paid Social,2025-05-31
14932,Aadhya,Banerjee,aadhya.banerjee932@gmail.com,F,1994,Mumbai,Maharashtra,West,Organic Search,2025-05-31
14933,Zoya,Sharma,zoya.sharma933@gmail.com,M,2000,Kolkata,West Bengal,East,Organic Search,2025-05-31
14934,Aadhya,Yadav,aadhya.yadav934@gmail.com,M,2006,Delhi,Delhi,North,Organic Search,2025-05-31
14935,Kabir,Gupta,kabir.gupta935@gmail.com,F,1993,Chennai,Tamil Nadu,South,Paid Social,2025-06-01
14936,Saanvi,Rao,saanvi.rao936@gmail.com,F,1991,Delhi,Delhi,North,Paid Social,2025-06-01
14937,Diya,Nair,diya.nair937@gmail.com,F,2002,Noida,Uttar Pradesh,North,Organic Search,2025-06-01
14938,Sai,Bose,sai.bose938@gmail.com,M,1986,Pune,Maharashtra,West,Email,2025-06-01
14939,Lakshmi,Verma,lakshmi.verma939@gmail.com,M,1992,Chennai,Tamil Nadu,South,Affiliate,2025-06-01
14940,Pooja,Mehta,pooja.mehta940@gmail.com,M,1994,Mumbai,Maharashtra,West,Organic Search,2025-06-01
14941,Kavya,Gupta,kavya.gupta941@gmail.com,F,1993,Jaipur,Rajasthan,North,Referral,2025-06-01
14942,Vikram,Pillai,vikram.pillai942@gmail.com,F,2004,Mumbai,Maharashtra,West,Paid Social,2025-06-01
14943,Arnav,Kumar,arnav.kumar943@outlook.com,M,1998,Delhi,Delhi,North,Paid Social,2025-06-01
14944,Myra,Chopra,myra.chopra944@gmail.com,F,1989,Chennai,Tamil Nadu,South,Paid Social,2025-06-02
14945,Ishaan,Banerjee,ishaan.banerjee945@gmail.com,F,1992,Kochi,Kerala,South,Referral,2025-06-02
14946,Kavya,Kumar,kavya.kumar946@gmail.com,M,2006,Bengaluru,Karnataka,South,Organic Search,2025-06-02
14947,Simran,Kumar,simran.kumar947@gmail.com,F,1982,Mumbai,Maharashtra,West,Paid Social,2025-06-02
14948,Lakshmi,Chopra,lakshmi.chopra948@rediffmail.com,F,1978,Indore,Madhya Pradesh,West,Organic Search,2025-06-02
14949,Lakshmi,Patel,lakshmi.patel949@yahoo.in,F,1984,Ahmedabad,Gujarat,West,Organic Search,2025-06-02
14950,Diya,Shah,diya.shah950@gmail.com,M,1996,Delhi,Delhi,North,Paid Social,2025-06-02
14951,Amit,Bose,amit.bose951@rediffmail.com,M,2003,Mumbai,Maharashtra,West,Organic Search,2025-06-02
14952,Riya,Nair,riya.nair952@gmail.com,M,1993,Bengaluru,Karnataka,South,Referral,2025-06-02
14953,Arnav,Das,arnav.das953@yahoo.in,M,1989,Chennai,Tamil Nadu,South,Paid Social,2025-06-03
14954,Sai,Joshi,sai.joshi954@gmail.com,F,1988,Mumbai,Maharashtra,West,Organic Search,2025-06-03
14955,Deepak,Kapoor,deepak.kapoor955@gmail.com,M,1980,Hyderabad,Telangana,South,Email,2025-06-03
14956,Farhan,Banerjee,farhan.banerjee956@gmail.com,M,2006,Hyderabad,Telangana,South,Paid Search,2025-06-03
14957,Priya,Banerjee,priya.banerjee957@gmail.com,F,1992,Kochi,Kerala,South,Paid Social,2025-06-03
14958,Riya,Pillai,riya.pillai958@rediffmail.com,M,1995,Kolkata,West Bengal,East,Organic Search,2025-06-03
14959,Diya,Reddy,diya.reddy959@gmail.com,M,2000,Delhi,Delhi,North,Organic Search,2025-06-03
14960,Pari,Malhotra,pari.malhotra960@gmail.com,M,2005,Mumbai,Maharashtra,West,Email,2025-06-03
14961,Ishaan,Das,ishaan.das961@gmail.com,M,1992,Hyderabad,Telangana,South,Email,2025-06-03
14962,Myra,Mehta,myra.mehta962@gmail.com,F,1986,Hyderabad,Telangana,South,Paid Search,2025-06-03
14963,Aadhya,Bose,aadhya.bose963@gmail.com,F,1993,Delhi,Delhi,North,Paid Search,2025-06-03
14964,Pooja,Verma,pooja.verma964@gmail.com,M,1992,Indore,Madhya Pradesh,West,Paid Social,2025-06-03
14965,Isha,Rao,isha.rao965@gmail.com,M,1989,Chennai,Tamil Nadu,South,Organic Search,2025-06-03
14966,Diya,Reddy,diya.reddy966@gmail.com,F,1983,Noida,Uttar Pradesh,North,Email,2025-06-03
14967,Myra,Sharma,myra.sharma967@yahoo.in,M,1997,Mumbai,Maharashtra,West,Organic Search,2025-06-04
14968,Sneha,Iyer,sneha.iyer968@gmail.com,M,2004,Mumbai,Maharashtra,West,Organic Search,2025-06-04
14969,Zoya,Bose,zoya.bose969@outlook.com,F,2006,Mumbai,Maharashtra,West,Organic Search,2025-06-04
14970,Arnav,Agarwal,arnav.agarwal970@gmail.com,F,1987,Ahmedabad,Gujarat,West,Paid Search,2025-06-04
14971,Ananya,Reddy,ananya.reddy971@outlook.com,M,2006,Delhi,Delhi,North,Email,2025-06-04
14972,Isha,Das,isha.das972@outlook.com,F,1985,Hyderabad,Telangana,South,Paid Social,2025-06-04
14973,Nikhil,Mishra,nikhil.mishra973@gmail.com,M,1995,Delhi,Delhi,North,Organic Search,2025-06-04
14974,Rohan,Das,rohan.das974@yahoo.in,F,2002,Hyderabad,Telangana,South,Organic Search,2025-06-04
14975,Riya,Reddy,riya.reddy975@gmail.com,M,1998,Delhi,Delhi,North,Paid Search,2025-06-04
14976,Sneha,Mehta,sneha.mehta976@gmail.com,M,2005,Hyderabad,Telangana,South,Paid Social,2025-06-04
14977,Reyansh,Bose,reyansh.bose977@yahoo.in,F,1985,Mumbai,Maharashtra,West,Paid Social,2025-06-04
14978,Meera,Banerjee,meera.banerjee978@gmail.com,F,1992,Bengaluru,Karnataka,South,Organic Search,2025-06-04
14979,Krishna,Joshi,krishna.joshi979@yahoo.in,F,1992,Gurugram,Haryana,North,Referral,2025-06-04
14980,Amit,Pillai,amit.pillai980@gmail.com,M,2003,Pune,Maharashtra,West,Paid Social,2025-06-04
14981,Aadhya,Mishra,aadhya.mishra981@gmail.com,F,1992,Jaipur,Rajasthan,North,Affiliate,2025-06-05
14982,Aarav,Rao,aarav.rao982@gmail.com,M,1995,Delhi,Delhi,North,Paid Social,2025-06-05
14983,Tanvi,Banerjee,tanvi.banerjee983@outlook.com,M,1991,Bengaluru,Karnataka,South,Paid Search,2025-06-05
14984,Meera,Bose,meera.bose984@yahoo.in,F,1996,Delhi,Delhi,North,Organic Search,2025-06-05
14985,Ananya,Bose,ananya.bose985@yahoo.in,F,1987,Kolkata,West Bengal,East,Email,2025-06-05
14986,Vivaan,Patel,vivaan.patel986@yahoo.in,F,1985,Ahmedabad,Gujarat,West,Organic Search,2025-06-05
14987,Arnav,Pillai,arnav.pillai987@outlook.com,M,1990,Delhi,Delhi,North,Paid Search,2025-06-05
14988,Kiara,Agarwal,kiara.agarwal988@gmail.com,M,1986,Kolkata,West Bengal,East,Paid Social,2025-06-05
14989,Harpreet,Iyer,harpreet.iyer989@outlook.com,M,1992,Delhi,Delhi,North,Paid Social,2025-06-05
14990,Kiara,Iyer,kiara.iyer990@gmail.com,M,2000,Chennai,Tamil Nadu,South,Paid Social,2025-06-05
14991,Riya,Rao,riya.rao991@gmail.com,F,1983,Chandigarh,Chandigarh,North,Paid Social,2025-06-05
14992,Simran,Sharma,simran.sharma992@yahoo.in,M,1990,Ahmedabad,Gujarat,West,Organic Search,2025-06-05
14993,Tanvi,Iyer,tanvi.iyer993@outlook.com,M,2006,Chennai,Tamil Nadu,South,Paid Social,2025-06-05
14994,Harpreet,Malhotra,harpreet.malhotra994@gmail.com,F,1979,Delhi,Delhi,North,Email,2025-06-05
14995,Aditya,Mehta,aditya.mehta995@gmail.com,M,1985,Bengaluru,Karnataka,South,Organic Search,2025-06-05
14996,Zoya,Sharma,zoya.sharma996@gmail.com,F,1996,Gurugram,Haryana,North,Organic Search,2025-06-05
14997,Nikhil,Singh,nikhil.singh997@gmail.com,F,1981,Bengaluru,Karnataka,South,Affiliate,2025-06-05
14998,Aman,Gupta,aman.gupta998@gmail.com,M,1992,Gurugram,Haryana,North,Paid Search,2025-06-05
14999,Karan,Khan,karan.khan999@gmail.com,M,2006,Delhi,Delhi,North,Paid Search,2025-06-05
15000,Rohan,Verma,rohan.verma0@gmail.com,F,1988,Gurugram,Haryana,North,Paid Search,2025-06-05
15001,Vikram,Bose,vikram.bose1@gmail.com,F,1986,Bengaluru,Karnataka,South,Paid Social,2025-06-06
15002,Nikhil,Malhotra,nikhil.malhotra2@gmail.com,F,1980,Kolkata,West Bengal,East,Paid Social,2025-06-06
15003,Manish,Joshi,manish.joshi3@gmail.com,F,1986,Kolkata,West Bengal,East,Referral,2025-06-06
15004,Riya,Patel,riya.patel4@gmail.com,M,1992,Bengaluru,Karnataka,South,Paid Search,2025-06-06
15005,Simran,Kumar,simran.kumar5@yahoo.in,M,2006,Hyderabad,Telangana,South,Organic Search,2025-06-06
15006,Zoya,Kapoor,zoya.kapoor6@gmail.com,F,1992,Chennai,Tamil Nadu,South,Paid Social,2025-06-06
15007,Sai,Malhotra,sai.malhotra7@outlook.com,M,1992,Pune,Maharashtra,West,Paid Search,2025-06-06
15008,Zoya,Nair,zoya.nair8@yahoo.in,F,1993,Noida,Uttar Pradesh,North,Paid Social,2025-06-06
15009,Nikhil,Patel,nikhil.patel9@gmail.com,F,1987,Bengaluru,Karnataka,South,Paid Social,2025-06-06
15010,Krishna,Nair,krishna.nair10@gmail.com,F,1975,Gurugram,Haryana,North,Email,2025-06-06
15011,Ishaan,Iyer,ishaan.iyer11@gmail.com,F,2005,Chennai,Tamil Nadu,South,Organic Search,2025-06-07
15012,Ananya,Joshi,ananya.joshi12@outlook.com,F,1998,Mumbai,Maharashtra,West,Organic Search,2025-06-07
15013,Pooja,Reddy,pooja.reddy13@gmail.com,M,2002,Lucknow,Uttar Pradesh,North,Referral,2025-06-07
15014,Zoya,Bose,zoya.bose14@gmail.com,F,1995,Chennai,Tamil Nadu,South,Paid Social,2025-06-07
15015,Arnav,Verma,arnav.verma15@yahoo.in,F,2003,Delhi,Delhi,North,Organic Search,2025-06-07
15016,Reyansh,Pillai,reyansh.pillai16@gmail.com,M,1981,Kolkata,West Bengal,East,Affiliate,2025-06-07
15017,Manish,Sharma,manish.sharma17@gmail.com,M,1994,Kolkata,West Bengal,East,Paid Social,2025-06-07
15018,Sai,Patel,sai.patel18@gmail.com,M,1998,Indore,Madhya Pradesh,West,Paid Social,2025-06-07
15019,Pooja,Shah,pooja.shah19@yahoo.in,M,2004,Bengaluru,Karnataka,South,Referral,2025-06-07
15020,Manish,Bose,manish.bose20@rediffmail.com,F,1997,Delhi,Delhi,North,Paid Social,2025-06-07
15021,Kiara,Menon,kiara.menon21@rediffmail.com,F,1997,Mumbai,Maharashtra,West,Paid Search,2025-06-07
15022,Kavya,Joshi,kavya.joshi22@gmail.com,M,1995,Chennai,Tamil Nadu,South,Paid Search,2025-06-07
15023,Karan,Singh,karan.singh23@gmail.com,F,1982,Delhi,Delhi,North,Paid Search,2025-06-08
15024,Saanvi,Menon,saanvi.menon24@gmail.com,M,1989,Jaipur,Rajasthan,North,Paid Search,2025-06-08
15025,Arnav,Bose,arnav.bose25@outlook.com,M,1989,Mumbai,Maharashtra,West,Paid Social,2025-06-08
15026,Aarav,Joshi,aarav.joshi26@gmail.com,M,2000,Bengaluru,Karnataka,South,Paid Search,2025-06-08
15027,Farhan,Bose,farhan.bose27@gmail.com,M,1998,Bengaluru,Karnataka,South,Organic Search,2025-06-08
15028,Myra,Iyer,myra.iyer28@gmail.com,F,2006,Delhi,Delhi,North,Paid Social,2025-06-08
15029,Nikhil,Bose,nikhil.bose29@outlook.com,M,1997,Noida,Uttar Pradesh,North,Organic Search,2025-06-08
15030,Vivaan,Bose,vivaan.bose30@gmail.com,M,1992,Hyderabad,Telangana,South,Email,2025-06-08
15031,Lakshmi,Singh,lakshmi.singh31@gmail.com,M,2004,Noida,Uttar Pradesh,North,Paid Social,2025-06-08
15032,Reyansh,Sharma,reyansh.sharma32@outlook.com,F,1984,Jaipur,Rajasthan,North,Paid Social,2025-06-08
15033,Vikram,Mishra,vikram.mishra33@gmail.com,F,1991,Gurugram,Haryana,North,Paid Search,2025-06-08
15034,Rohan,Agarwal,rohan.agarwal34@gmail.com,F,1986,Hyderabad,Telangana,South,Organic Search,2025-06-08
15035,Lakshmi,Iyer,lakshmi.iyer35@gmail.com,F,1985,Delhi,Delhi,North,Paid Social,2025-06-08
15036,Simran,Khan,simran.khan36@gmail.com,M,1985,Jaipur,Rajasthan,North,Organic Search,2025-06-09
15037,Simran,Sharma,simran.sharma37@gmail.com,F,1988,Pune,Maharashtra,West,Paid Social,2025-06-09
15038,Myra,Kumar,myra.kumar38@gmail.com,M,1995,Delhi,Delhi,North,Organic Search,2025-06-09
15039,Ishaan,Gupta,ishaan.gupta39@rediffmail.com,M,1991,Kolkata,West Bengal,East,Paid Social,2025-06-09
15040,Aarav,Sharma,aarav.sharma40@gmail.com,F,1996,Chennai,Tamil Nadu,South,Organic Search,2025-06-09
15041,Rohan,Singh,rohan.singh41@gmail.com,F,1995,Bengaluru,Karnataka,South,Organic Search,2025-06-09
15042,Karan,Verma,karan.verma42@gmail.com,F,1975,Mumbai,Maharashtra,West,Paid Search,2025-06-09
15043,Saanvi,Shah,saanvi.shah43@gmail.com,M,1995,Gurugram,Haryana,North,Paid Social,2025-06-09
15044,Aditya,Gupta,aditya.gupta44@yahoo.in,F,1987,Ahmedabad,Gujarat,West,Organic Search,2025-06-09
15045,Manish,Singh,manish.singh45@yahoo.in,M,1980,Lucknow,Uttar Pradesh,North,Paid Social,2025-06-09
15046,Arnav,Joshi,arnav.joshi46@outlook.com,M,1995,Bengaluru,Karnataka,South,Referral,2025-06-09
15047,Isha,Malhotra,isha.malhotra47@gmail.com,F,1994,Gurugram,Haryana,North,Paid Social,2025-06-09
15048,Kabir,Pillai,kabir.pillai48@gmail.com,M,1995,Bengaluru,Karnataka,South,Paid Social,2025-06-09
15049,Isha,Gupta,isha.gupta49@gmail.com,M,1999,Chandigarh,Chandigarh,North,Organic Search,2025-06-09
15050,Kabir,Singh,kabir.singh50@gmail.com,M,1988,Pune,Maharashtra,West,Organic Search,2025-06-10
15051,Aditya,Sharma,aditya.sharma51@gmail.com,M,1986,Gurugram,Haryana,North,Organic Search,2025-06-10
15052,Myra,Singh,myra.singh52@gmail.com,M,1993,Lucknow,Uttar Pradesh,North,Affiliate,2025-06-10
15053,Krishna,Kumar,krishna.kumar53@outlook.com,F,1990,Mumbai,Maharashtra,West,Organic Search,2025-06-10
15054,Sai,Kapoor,sai.kapoor54@outlook.com,M,2006,Mumbai,Maharashtra,West,Organic Search,2025-06-10
15055,Manish,Chopra,manish.chopra55@yahoo.in,M,1992,Kolkata,West Bengal,East,Organic Search,2025-06-10
15056,Aarav,Patel,aarav.patel56@gmail.com,M,1993,Chandigarh,Chandigarh,North,Referral,2025-06-10
15057,Simran,Gupta,simran.gupta57@gmail.com,M,1986,Delhi,Delhi,North,Paid Search,2025-06-10
15058,Lakshmi,Kapoor,lakshmi.kapoor58@yahoo.in,M,1985,Pune,Maharashtra,West,Referral,2025-06-10
15059,Isha,Pillai,isha.pillai59@gmail.com,F,1980,Chandigarh,Chandigarh,North,Paid Search,2025-06-10
15060,Harpreet,Gupta,harpreet.gupta60@gmail.com,M,1990,Chennai,Tamil Nadu,South,Referral,2025-06-10
15061,Rahul,Khan,rahul.khan61@gmail.com,M,1991,Noida,Uttar Pradesh,North,Email,2025-06-11
15062,Lakshmi,Kapoor,lakshmi.kapoor62@gmail.com,M,2002,Chennai,Tamil Nadu,South,Paid Search,2025-06-11
15063,Simran,Reddy,simran.reddy63@gmail.com,F,1991,Bengaluru,Karnataka,South,Affiliate,2025-06-11
15064,Tanvi,Agarwal,tanvi.agarwal64@gmail.com,F,1990,Gurugram,Haryana,North,Affiliate,2025-06-11
15065,Sneha,Das,sneha.das65@gmail.com,M,1995,Mumbai,Maharashtra,West,Organic Search,2025-06-11
15066,Aarav,Singh,aarav.singh66@gmail.com,M,1992,Pune,Maharashtra,West,Paid Social,2025-06-11
15067,Diya,Iyer,diya.iyer67@outlook.com,F,2000,Pune,Maharashtra,West,Paid Social,2025-06-11
15068,Kavya,Nair,kavya.nair68@gmail.com,M,2004,Mumbai,Maharashtra,West,Email,2025-06-11
15069,Lakshmi,Sharma,lakshmi.sharma69@gmail.com,F,1992,Ahmedabad,Gujarat,West,Paid Social,2025-06-11
15070,Nikhil,Nair,nikhil.nair70@gmail.com,F,1985,Bengaluru,Karnataka,South,Paid Social,2025-06-11
15071,Neha,Menon,neha.menon71@gmail.com,F,1992,Pune,Maharashtra,West,Paid Search,2025-06-12
15072,Kiara,Singh,kiara.singh72@gmail.com,M,1994,Indore,Madhya Pradesh,West,Referral,2025-06-12
15073,Kiara,Sharma,kiara.sharma73@gmail.com,M,1982,Chennai,Tamil Nadu,South,Organic Search,2025-06-12
15074,Riya,Das,riya.das74@outlook.com,M,1990,Pune,Maharashtra,West,Paid Social,2025-06-12
15075,Ananya,Menon,ananya.menon75@outlook.com,M,1981,Mumbai,Maharashtra,West,Organic Search,2025-06-12
15076,Sneha,Rao,sneha.rao76@gmail.com,M,1996,Lucknow,Uttar Pradesh,North,Referral,2025-06-12
15077,Karan,Joshi,karan.joshi77@gmail.com,M,1984,Delhi,Delhi,North,Referral,2025-06-12
15078,Meera,Agarwal,meera.agarwal78@yahoo.in,M,1990,Jaipur,Rajasthan,North,Organic Search,2025-06-12
15079,Krishna,Sharma,krishna.sharma79@gmail.com,M,1991,Mumbai,Maharashtra,West,Referral,2025-06-12
15080,Aman,Patel,aman.patel80@gmail.com,M,1982,Hyderabad,Telangana,South,Referral,2025-06-12
15081,Isha,Mishra,isha.mishra81@outlook.com,M,1993,Noida,Uttar Pradesh,North,Organic Search,2025-06-12
15082,Deepak,Agarwal,deepak.agarwal82@gmail.com,M,1984,Bengaluru,Karnataka,South,Paid Search,2025-06-12
15083,Isha,Mehta,isha.mehta83@outlook.com,F,2005,Delhi,Delhi,North,Organic Search,2025-06-13
15084,Zoya,Reddy,zoya.reddy84@outlook.com,M,2003,Gurugram,Haryana,North,Organic Search,2025-06-13
15085,Sai,Patel,sai.patel85@outlook.com,M,2002,Chandigarh,Chandigarh,North,Referral,2025-06-13
15086,Arnav,Verma,arnav.verma86@gmail.com,M,1994,Mumbai,Maharashtra,West,Paid Search,2025-06-13
15087,Vivaan,Yadav,vivaan.yadav87@gmail.com,F,1995,Gurugram,Haryana,North,Paid Social,2025-06-13
15088,Sneha,Kumar,sneha.kumar88@gmail.com,M,1991,Delhi,Delhi,North,Organic Search,2025-06-13
15089,Riya,Kapoor,riya.kapoor89@yahoo.in,F,1997,Ahmedabad,Gujarat,West,Organic Search,2025-06-13
15090,Saanvi,Nair,saanvi.nair90@gmail.com,F,2006,Mumbai,Maharashtra,West,Paid Social,2025-06-13
15091,Kavya,Yadav,kavya.yadav91@gmail.com,M,1985,Mumbai,Maharashtra,West,Paid Search,2025-06-13
15092,Meera,Sharma,meera.sharma92@gmail.com,M,1996,Jaipur,Rajasthan,North,Email,2025-06-13
15093,Lakshmi,Joshi,lakshmi.joshi93@gmail.com,M,1979,Mumbai,Maharashtra,West,Organic Search,2025-06-13
15094,Sneha,Gupta,sneha.gupta94@yahoo.in,F,1989,Gurugram,Haryana,North,Paid Social,2025-06-13
15095,Nikhil,Sharma,nikhil.sharma95@rediffmail.com,M,1992,Jaipur,Rajasthan,North,Paid Social,2025-06-14
15096,Aditya,Nair,aditya.nair96@gmail.com,F,1995,Ahmedabad,Gujarat,West,Paid Social,2025-06-14
15097,Aditya,Malhotra,aditya.malhotra97@gmail.com,F,1998,Pune,Maharashtra,West,Paid Social,2025-06-14
15098,Pooja,Shah,pooja.shah98@yahoo.in,F,2003,Kochi,Kerala,South,Organic Search,2025-06-14
15099,Pari,Singh,pari.singh99@gmail.com,M,1982,Chennai,Tamil Nadu,South,Referral,2025-06-14
15100,Kiara,Malhotra,kiara.malhotra100@gmail.com,F,2000,Delhi,Delhi,North,Paid Social,2025-06-14
15101,Vikram,Kapoor,vikram.kapoor101@gmail.com,F,2006,Noida,Uttar Pradesh,North,Referral,2025-06-14
15102,Pari,Shah,pari.shah102@gmail.com,F,1990,Chennai,Tamil Nadu,South,Organic Search,2025-06-14
15103,Manish,Reddy,manish.reddy103@gmail.com,F,1989,Chandigarh,Chandigarh,North,Organic Search,2025-06-14
15104,Nikhil,Sharma,nikhil.sharma104@gmail.com,M,1994,Pune,Maharashtra,West,Paid Search,2025-06-14
15105,Vikram,Shah,vikram.shah105@outlook.com,F,1992,Bengaluru,Karnataka,South,Paid Search,2025-06-14
15106,Arnav,Mishra,arnav.mishra106@outlook.com,M,1992,Ahmedabad,Gujarat,West,Organic Search,2025-06-14
15107,Aarav,Reddy,aarav.reddy107@yahoo.in,F,2005,Delhi,Delhi,North,Organic Search,2025-06-14
15108,Ishaan,Singh,ishaan.singh108@gmail.com,F,2006,Noida,Uttar Pradesh,North,Organic Search,2025-06-14
15109,Simran,Khan,simran.khan109@outlook.com,F,1991,Delhi,Delhi,North,Organic Search,2025-06-14
15110,Zoya,Patel,zoya.patel110@gmail.com,M,2006,Gurugram,Haryana,North,Organic Search,2025-06-14
15111,Pooja,Chopra,pooja.chopra111@gmail.com,M,1991,Gurugram,Haryana,North,Referral,2025-06-14
15112,Krishna,Gupta,krishna.gupta112@gmail.com,M,2000,Bengaluru,Karnataka,South,Affiliate,2025-06-14
15113,Diya,Shah,diya.shah113@yahoo.in,F,1985,Mumbai,Maharashtra,West,Paid Search,2025-06-15
15114,Pooja,Banerjee,pooja.banerjee114@yahoo.in,M,1986,Delhi,Delhi,North,Organic Search,2025-06-15
15115,Arjun,Singh,arjun.singh115@gmail.com,M,1991,Delhi,Delhi,North,Paid Search,2025-06-15
15116,Simran,Patel,simran.patel116@gmail.com,F,2000,Kolkata,West Bengal,East,Referral,2025-06-15
15117,Saanvi,Rao,saanvi.rao117@gmail.com,F,1995,Gurugram,Haryana,North,Affiliate,2025-06-15
15118,Lakshmi,Agarwal,lakshmi.agarwal118@gmail.com,F,1980,Lucknow,Uttar Pradesh,North,Organic Search,2025-06-15
15119,Amit,Gupta,amit.gupta119@gmail.com,M,1983,Ahmedabad,Gujarat,West,Organic Search,2025-06-15
15120,Aadhya,Agarwal,aadhya.agarwal120@gmail.com,F,1980,Gurugram,Haryana,North,Paid Search,2025-06-15
15121,Vivaan,Shah,vivaan.shah121@gmail.com,F,1996,Noida,Uttar Pradesh,North,Paid Search,2025-06-15
15122,Aman,Iyer,aman.iyer122@yahoo.in,M,1995,Delhi,Delhi,North,Organic Search,2025-06-15
15123,Meera,Malhotra,meera.malhotra123@gmail.com,F,1995,Kolkata,West Bengal,East,Paid Social,2025-06-15
15124,Arnav,Bose,arnav.bose124@gmail.com,F,1994,Indore,Madhya Pradesh,West,Organic Search,2025-06-15
15125,Rohan,Shah,rohan.shah125@outlook.com,F,1987,Pune,Maharashtra,West,Organic Search,2025-06-15
15126,Krishna,Kumar,krishna.kumar126@gmail.com,M,1995,Chennai,Tamil Nadu,South,Paid Social,2025-06-15
15127,Kabir,Yadav,kabir.yadav127@gmail.com,F,2005,Indore,Madhya Pradesh,West,Referral,2025-06-15
15128,Myra,Verma,myra.verma128@gmail.com,M,1998,Lucknow,Uttar Pradesh,North,Organic Search,2025-06-15
15129,Myra,Khan,myra.khan129@yahoo.in,M,1984,Pune,Maharashtra,West,Referral,2025-06-15
15130,Zoya,Kumar,zoya.kumar130@gmail.com,M,1991,Pune,Maharashtra,West,Paid Search,2025-06-15
15131,Kavya,Gupta,kavya.gupta131@gmail.com,M,1988,Mumbai,Maharashtra,West,Paid Search,2025-06-15
15132,Aarav,Reddy,aarav.reddy132@gmail.com,M,2001,Hyderabad,Telangana,South,Organic Search,2025-06-15
15133,Amit,Singh,amit.singh133@gmail.com,M,1985,Delhi,Delhi,North,Organic Search,2025-06-16
15134,Karan,Verma,karan.verma134@gmail.com,F,1995,Gurugram,Haryana,North,Organic Search,2025-06-16
15135,Kabir,Iyer,kabir.iyer135@gmail.com,M,1991,Mumbai,Maharashtra,West,Paid Social,2025-06-16
15136,Kiara,Gupta,kiara.gupta136@gmail.com,M,1987,Delhi,Delhi,North,Email,2025-06-16
15137,Riya,Das,riya.das137@gmail.com,F,1995,Kolkata,West Bengal,East,Organic Search,2025-06-16
15138,Rahul,Iyer,rahul.iyer138@yahoo.in,M,1992,Pune,Maharashtra,West,Organic Search,2025-06-16
15139,Aditya,Khan,aditya.khan139@gmail.com,F,1999,Delhi,Delhi,North,Paid Search,2025-06-16
15140,Kiara,Mishra,kiara.mishra140@rediffmail.com,M,1990,Indore,Madhya Pradesh,West,Paid Search,2025-06-16
15141,Saanvi,Singh,saanvi.singh141@gmail.com,F,1984,Hyderabad,Telangana,South,Referral,2025-06-16
15142,Ishaan,Mishra,ishaan.mishra142@yahoo.in,M,1992,Mumbai,Maharashtra,West,Organic Search,2025-06-16
15143,Sai,Khan,sai.khan143@gmail.com,M,1996,Pune,Maharashtra,West,Paid Social,2025-06-16
15144,Saanvi,Menon,saanvi.menon144@gmail.com,M,1998,Bengaluru,Karnataka,South,Paid Social,2025-06-16
15145,Harpreet,Banerjee,harpreet.banerjee145@gmail.com,F,1992,Lucknow,Uttar Pradesh,North,Referral,2025-06-16
15146,Harpreet,Gupta,harpreet.gupta146@gmail.com,M,2000,Indore,Madhya Pradesh,West,Paid Search,2025-06-16
15147,Krishna,Patel,krishna.patel147@gmail.com,M,1983,Bengaluru,Karnataka,South,Organic Search,2025-06-16
15148,Vikram,Sharma,vikram.sharma148@yahoo.in,F,2001,Hyderabad,Telangana,South,Organic Search,2025-06-16
15149,Riya,Mishra,riya.mishra149@gmail.com,M,1998,Chennai,Tamil Nadu,South,Paid Social,2025-06-16
15150,Neha,Chopra,neha.chopra150@gmail.com,F,1990,Kolkata,West Bengal,East,Paid Social,2025-06-16
15151,Vivaan,Yadav,vivaan.yadav151@gmail.com,F,2002,Delhi,Delhi,North,Paid Social,2025-06-16
15152,Nikhil,Malhotra,nikhil.malhotra152@gmail.com,M,1996,Hyderabad,Telangana,South,Organic Search,2025-06-16
15153,Krishna,Shah,krishna.shah153@gmail.com,M,2004,Bengaluru,Karnataka,South,Organic Search,2025-06-16
15154,Ishaan,Patel,ishaan.patel154@gmail.com,F,1987,Mumbai,Maharashtra,West,Paid Social,2025-06-16
15155,Diya,Nair,diya.nair155@gmail.com,M,1988,Kochi,Kerala,South,Organic Search,2025-06-17
15156,Arjun,Bose,arjun.bose156@gmail.com,M,1998,Chennai,Tamil Nadu,South,Affiliate,2025-06-17
15157,Deepak,Kapoor,deepak.kapoor157@gmail.com,M,1994,Hyderabad,Telangana,South,Referral,2025-06-17
15158,Amit,Shah,amit.shah158@gmail.com,F,1982,Delhi,Delhi,North,Organic Search,2025-06-17
15159,Aman,Yadav,aman.yadav159@gmail.com,F,2006,Gurugram,Haryana,North,Paid Social,2025-06-17
15160,Aarav,Nair,aarav.nair160@gmail.com,M,2006,Kochi,Kerala,South,Organic Search,2025-06-17
15161,Ishaan,Rao,ishaan.rao161@yahoo.in,M,1995,Kolkata,West Bengal,East,Affiliate,2025-06-17
15162,Reyansh,Shah,reyansh.shah162@gmail.com,M,1988,Jaipur,Rajasthan,North,Paid Social,2025-06-17
15163,Aditya,Reddy,aditya.reddy163@gmail.com,F,1988,Jaipur,Rajasthan,North,Paid Search,2025-06-17
15164,Nikhil,Gupta,nikhil.gupta164@gmail.com,M,1997,Indore,Madhya Pradesh,West,Paid Social,2025-06-17
15165,Krishna,Joshi,krishna.joshi165@gmail.com,M,2005,Delhi,Delhi,North,Organic Search,2025-06-18
15166,Lakshmi,Mehta,lakshmi.mehta166@gmail.com,F,2006,Indore,Madhya Pradesh,West,Paid Search,2025-06-18
15167,Riya,Pillai,riya.pillai167@gmail.com,M,1991,Kolkata,West Bengal,East,Organic Search,2025-06-18
15168,Diya,Kumar,diya.kumar168@gmail.com,M,1991,Jaipur,Rajasthan,North,Paid Search,2025-06-18
15169,Ananya,Mehta,ananya.mehta169@gmail.com,F,1992,Bengaluru,Karnataka,South,Organic Search,2025-06-18
15170,Myra,Chopra,myra.chopra170@yahoo.in,M,1997,Pune,Maharashtra,West,Affiliate,2025-06-18
15171,Amit,Chopra,amit.chopra171@gmail.com,M,1987,Jaipur,Rajasthan,North,Paid Search,2025-06-18
15172,Tanvi,Verma,tanvi.verma172@gmail.com,M,1983,Mumbai,Maharashtra,West,Email,2025-06-18
15173,Isha,Gupta,isha.gupta173@gmail.com,F,1992,Ahmedabad,Gujarat,West,Organic Search,2025-06-18
15174,Aman,Joshi,aman.joshi174@outlook.com,F,1996,Hyderabad,Telangana,South,Email,2025-06-18
15175,Farhan,Das,farhan.das175@gmail.com,M,2006,Ahmedabad,Gujarat,West,Paid Social,2025-06-18
15176,Ananya,Kumar,ananya.kumar176@gmail.com,M,1985,Kochi,Kerala,South,Paid Social,2025-06-18
15177,Myra,Kapoor,myra.kapoor177@gmail.com,M,2003,Delhi,Delhi,North,Referral,2025-06-18
15178,Simran,Banerjee,simran.banerjee178@rediffmail.com,M,1993,Kolkata,West Bengal,East,Paid Social,2025-06-18
15179,Riya,Chopra,riya.chopra179@gmail.com,F,1992,Ahmedabad,Gujarat,West,Paid Social,2025-06-19
15180,Kavya,Pillai,kavya.pillai180@gmail.com,F,1981,Mumbai,Maharashtra,West,Email,2025-06-19
15181,Arjun,Agarwal,arjun.agarwal181@gmail.com,F,1997,Delhi,Delhi,North,Organic Search,2025-06-19
15182,Arjun,Nair,arjun.nair182@yahoo.in,M,1996,Jaipur,Rajasthan,North,Organic Search,2025-06-19
15183,Rahul,Sharma,rahul.sharma183@outlook.com,M,2006,Mumbai,Maharashtra,West,Affiliate,2025-06-19
15184,Rohan,Khan,rohan.khan184@gmail.com,M,1991,Kolkata,West Bengal,East,Email,2025-06-19
15185,Riya,Patel,riya.patel185@gmail.com,M,2006,Hyderabad,Telangana,South,Paid Social,2025-06-19
15186,Riya,Menon,riya.menon186@gmail.com,F,1991,Delhi,Delhi,North,Referral,2025-06-19
15187,Isha,Yadav,isha.yadav187@gmail.com,M,1991,Chandigarh,Chandigarh,North,Email,2025-06-19
15188,Vivaan,Mishra,vivaan.mishra188@gmail.com,F,1980,Pune,Maharashtra,West,Paid Search,2025-06-19
15189,Pari,Bose,pari.bose189@gmail.com,F,2003,Chennai,Tamil Nadu,South,Organic Search,2025-06-20
15190,Diya,Menon,diya.menon190@gmail.com,F,1995,Hyderabad,Telangana,South,Paid Social,2025-06-20
15191,Myra,Shah,myra.shah191@yahoo.in,F,1993,Noida,Uttar Pradesh,North,Paid Search,2025-06-20
15192,Simran,Kumar,simran.kumar192@gmail.com,M,1991,Delhi,Delhi,North,Organic Search,2025-06-20
15193,Riya,Malhotra,riya.malhotra193@gmail.com,M,1995,Delhi,Delhi,North,Affiliate,2025-06-20
15194,Tanvi,Joshi,tanvi.joshi194@rediffmail.com,M,1988,Pune,Maharashtra,West,Paid Social,2025-06-20
15195,Aarav,Sharma,aarav.sharma195@gmail.com,F,1997,Delhi,Delhi,North,Referral,2025-06-21
15196,Karan,Bose,karan.bose196@gmail.com,F,1986,Lucknow,Uttar Pradesh,North,Paid Social,2025-06-21
15197,Rahul,Gupta,rahul.gupta197@gmail.com,M,1992,Hyderabad,Telangana,South,Organic Search,2025-06-21
15198,Vikram,Shah,vikram.shah198@gmail.com,F,1997,Mumbai,Maharashtra,West,Paid Social,2025-06-21
15199,Kiara,Pillai,kiara.pillai199@gmail.com,F,2005,Kolkata,West Bengal,East,Paid Social,2025-06-21
15200,Rahul,Reddy,rahul.reddy200@gmail.com,M,1995,Hyderabad,Telangana,South,Paid Social,2025-06-21
15201,Saanvi,Sharma,saanvi.sharma201@gmail.com,M,2004,Lucknow,Uttar Pradesh,North,Organic Search,2025-06-21
15202,Farhan,Menon,farhan.menon202@gmail.com,M,1993,Delhi,Delhi,North,Referral,2025-06-21
15203,Kiara,Kapoor,kiara.kapoor203@outlook.com,F,1986,Pune,Maharashtra,West,Paid Search,2025-06-21
15204,Harpreet,Mehta,harpreet.mehta204@gmail.com,M,2006,Bengaluru,Karnataka,South,Paid Search,2025-06-21
15205,Deepak,Kapoor,deepak.kapoor205@gmail.com,M,1993,Mumbai,Maharashtra,West,Paid Social,2025-06-22
15206,Zoya,Bose,zoya.bose206@outlook.com,M,2001,Kochi,Kerala,South,Affiliate,2025-06-22
15207,Amit,Malhotra,amit.malhotra207@gmail.com,F,1989,Hyderabad,Telangana,South,Paid Search,2025-06-22
15208,Neha,Joshi,neha.joshi208@gmail.com,F,1998,Pune,Maharashtra,West,Organic Search,2025-06-22
15209,Rahul,Verma,rahul.verma209@gmail.com,M,1996,Delhi,Delhi,North,Affiliate,2025-06-22
15210,Zoya,Iyer,zoya.iyer210@gmail.com,M,1993,Chandigarh,Chandigarh,North,Affiliate,2025-06-22
15211,Harpreet,Iyer,harpreet.iyer211@outlook.com,M,2006,Pune,Maharashtra,West,Organic Search,2025-06-22
15212,Farhan,Gupta,farhan.gupta212@outlook.com,M,1997,Lucknow,Uttar Pradesh,North,Referral,2025-06-22
15213,Nikhil,Pillai,nikhil.pillai213@yahoo.in,M,1991,Chennai,Tamil Nadu,South,Email,2025-06-22
15214,Priya,Kumar,priya.kumar214@gmail.com,F,2006,Mumbai,Maharashtra,West,Organic Search,2025-06-22
15215,Ananya,Reddy,ananya.reddy215@gmail.com,M,1979,Noida,Uttar Pradesh,North,Referral,2025-06-22
15216,Saanvi,Rao,saanvi.rao216@gmail.com,M,1982,Hyderabad,Telangana,South,Organic Search,2025-06-22
15217,Manish,Joshi,manish.joshi217@gmail.com,M,2001,Indore,Madhya Pradesh,West,Referral,2025-06-22
15218,Kiara,Khan,kiara.khan218@rediffmail.com,M,1995,Noida,Uttar Pradesh,North,Organic Search,2025-06-23
15219,Neha,Mishra,neha.mishra219@gmail.com,F,1989,Pune,Maharashtra,West,Paid Social,2025-06-23
15220,Neha,Banerjee,neha.banerjee220@gmail.com,F,1997,Bengaluru,Karnataka,South,Referral,2025-06-23
15221,Pari,Malhotra,pari.malhotra221@gmail.com,M,2002,Mumbai,Maharashtra,West,Organic Search,2025-06-23
15222,Reyansh,Malhotra,reyansh.malhotra222@yahoo.in,F,1985,Jaipur,Rajasthan,North,Referral,2025-06-23
15223,Rohan,Singh,rohan.singh223@gmail.com,F,1993,Bengaluru,Karnataka,South,Organic Search,2025-06-23
15224,Rohan,Joshi,rohan.joshi224@gmail.com,F,1994,Bengaluru,Karnataka,South,Organic Search,2025-06-23
15225,Ishaan,Khan,ishaan.khan225@gmail.com,M,1996,Delhi,Delhi,North,Affiliate,2025-06-23
15226,Sai,Singh,sai.singh226@gmail.com,M,1999,Lucknow,Uttar Pradesh,North,Affiliate,2025-06-23
15227,Deepak,Singh,deepak.singh227@gmail.com,M,1978,Bengaluru,Karnataka,South,Referral,2025-06-23
15228,Aditya,Reddy,aditya.reddy228@gmail.com,M,1998,Noida,Uttar Pradesh,North,Email,2025-06-23
15229,Sai,Banerjee,sai.banerjee229@gmail.com,F,1978,Kolkata,West Bengal,East,Organic Search,2025-06-24
15230,Sneha,Banerjee,sneha.banerjee230@gmail.com,M,1993,Gurugram,Haryana,North,Paid Social,2025-06-24
15231,Lakshmi,Patel,lakshmi.patel231@gmail.com,F,1985,Bengaluru,Karnataka,South,Email,2025-06-24
15232,Tanvi,Das,tanvi.das232@gmail.com,M,1995,Kolkata,West Bengal,East,Email,2025-06-24
15233,Reyansh,Iyer,reyansh.iyer233@outlook.com,M,1999,Mumbai,Maharashtra,West,Paid Search,2025-06-24
15234,Vikram,Yadav,vikram.yadav234@gmail.com,F,1994,Indore,Madhya Pradesh,West,Paid Search,2025-06-24
15235,Pooja,Rao,pooja.rao235@gmail.com,F,1988,Delhi,Delhi,North,Paid Social,2025-06-24
15236,Riya,Shah,riya.shah236@gmail.com,M,1983,Bengaluru,Karnataka,South,Organic Search,2025-06-24
15237,Diya,Rao,diya.rao237@gmail.com,M,1993,Kolkata,West Bengal,East,Referral,2025-06-24
15238,Kiara,Khan,kiara.khan238@yahoo.in,M,1990,Kolkata,West Bengal,East,Organic Search,2025-06-24
15239,Kavya,Joshi,kavya.joshi239@gmail.com,F,1996,Mumbai,Maharashtra,West,Paid Social,2025-06-24
15240,Zoya,Reddy,zoya.reddy240@gmail.com,M,1990,Hyderabad,Telangana,South,Organic Search,2025-06-24
15241,Ananya,Kumar,ananya.kumar241@rediffmail.com,M,2005,Hyderabad,Telangana,South,Referral,2025-06-24
15242,Riya,Bose,riya.bose242@gmail.com,M,1994,Chandigarh,Chandigarh,North,Affiliate,2025-06-24
15243,Harpreet,Das,harpreet.das243@yahoo.in,F,2001,Hyderabad,Telangana,South,Paid Social,2025-06-25
15244,Nikhil,Kumar,nikhil.kumar244@outlook.com,M,1990,Gurugram,Haryana,North,Affiliate,2025-06-25
15245,Karan,Banerjee,karan.banerjee245@gmail.com,M,1999,Kolkata,West Bengal,East,Paid Search,2025-06-25
15246,Farhan,Joshi,farhan.joshi246@gmail.com,F,1998,Chennai,Tamil Nadu,South,Paid Search,2025-06-25
15247,Amit,Rao,amit.rao247@rediffmail.com,F,1988,Pune,Maharashtra,West,Referral,2025-06-25
15248,Kabir,Menon,kabir.menon248@gmail.com,M,1982,Mumbai,Maharashtra,West,Organic Search,2025-06-25
15249,Neha,Menon,neha.menon249@gmail.com,M,2004,Kolkata,West Bengal,East,Paid Search,2025-06-25
15250,Sneha,Mishra,sneha.mishra250@gmail.com,F,1990,Delhi,Delhi,North,Paid Social,2025-06-26
15251,Farhan,Kapoor,farhan.kapoor251@yahoo.in,M,1988,Pune,Maharashtra,West,Organic Search,2025-06-26
15252,Farhan,Shah,farhan.shah252@gmail.com,M,1991,Pune,Maharashtra,West,Email,2025-06-26
15253,Reyansh,Pillai,reyansh.pillai253@gmail.com,M,1986,Mumbai,Maharashtra,West,Paid Social,2025-06-26
15254,Arjun,Gupta,arjun.gupta254@gmail.com,F,1999,Delhi,Delhi,North,Organic Search,2025-06-26
15255,Krishna,Patel,krishna.patel255@gmail.com,M,1993,Lucknow,Uttar Pradesh,North,Paid Search,2025-06-26
15256,Kabir,Mehta,kabir.mehta256@outlook.com,M,1994,Kolkata,West Bengal,East,Paid Search,2025-06-26
15257,Diya,Bose,diya.bose257@gmail.com,F,2003,Hyderabad,Telangana,South,Paid Social,2025-06-26
15258,Neha,Bose,neha.bose258@yahoo.in,F,1994,Chennai,Tamil Nadu,South,Organic Search,2025-06-26
15259,Nikhil,Mishra,nikhil.mishra259@gmail.com,M,2006,Pune,Maharashtra,West,Email,2025-06-26
15260,Kiara,Singh,kiara.singh260@gmail.com,F,1993,Bengaluru,Karnataka,South,Organic Search,2025-06-26
15261,Priya,Chopra,priya.chopra261@outlook.com,M,1981,Pune,Maharashtra,West,Paid Search,2025-06-26
15262,Lakshmi,Bose,lakshmi.bose262@gmail.com,M,1986,Bengaluru,Karnataka,South,Paid Social,2025-06-27
15263,Farhan,Das,farhan.das263@gmail.com,F,1988,Chennai,Tamil Nadu,South,Paid Search,2025-06-27
15264,Farhan,Nair,farhan.nair264@gmail.com,M,1994,Lucknow,Uttar Pradesh,North,Paid Social,2025-06-27
15265,Farhan,Rao,farhan.rao265@gmail.com,M,2006,Kolkata,West Bengal,East,Paid Social,2025-06-27
15266,Vivaan,Yadav,vivaan.yadav266@yahoo.in,M,1995,Kochi,Kerala,South,Organic Search,2025-06-27
15267,Riya,Mehta,riya.mehta267@gmail.com,F,1992,Mumbai,Maharashtra,West,Paid Social,2025-06-27
15268,Priya,Banerjee,priya.banerjee268@gmail.com,M,1991,Kolkata,West Bengal,East,Affiliate,2025-06-27
15269,Karan,Verma,karan.verma269@gmail.com,M,1998,Chennai,Tamil Nadu,South,Organic Search,2025-06-27
15270,Farhan,Reddy,farhan.reddy270@rediffmail.com,F,1997,Delhi,Delhi,North,Paid Social,2025-06-27
15271,Aditya,Verma,aditya.verma271@outlook.com,M,2000,Delhi,Delhi,North,Paid Search,2025-06-28
15272,Meera,Yadav,meera.yadav272@gmail.com,F,1988,Bengaluru,Karnataka,South,Email,2025-06-28
15273,Arnav,Mishra,arnav.mishra273@outlook.com,M,2006,Hyderabad,Telangana,South,Organic Search,2025-06-28
15274,Amit,Pillai,amit.pillai274@gmail.com,M,1991,Lucknow,Uttar Pradesh,North,Organic Search,2025-06-28
15275,Meera,Patel,meera.patel275@rediffmail.com,M,1988,Pune,Maharashtra,West,Paid Search,2025-06-28
15276,Arjun,Mehta,arjun.mehta276@gmail.com,F,2003,Pune,Maharashtra,West,Paid Social,2025-06-28
15277,Farhan,Sharma,farhan.sharma277@gmail.com,M,2001,Mumbai,Maharashtra,West,Organic Search,2025-06-28
15278,Lakshmi,Menon,lakshmi.menon278@outlook.com,F,1988,Delhi,Delhi,North,Referral,2025-06-28
15279,Pari,Verma,pari.verma279@outlook.com,F,1999,Noida,Uttar Pradesh,North,Paid Search,2025-06-28
15280,Kiara,Malhotra,kiara.malhotra280@gmail.com,F,1990,Hyderabad,Telangana,South,Affiliate,2025-06-28
15281,Rahul,Joshi,rahul.joshi281@gmail.com,M,1997,Delhi,Delhi,North,Email,2025-06-28
15282,Reyansh,Chopra,reyansh.chopra282@yahoo.in,M,1995,Bengaluru,Karnataka,South,Referral,2025-06-28
15283,Arjun,Gupta,arjun.gupta283@gmail.com,F,2006,Bengaluru,Karnataka,South,Referral,2025-06-28
15284,Arjun,Das,arjun.das284@outlook.com,F,2005,Kolkata,West Bengal,East,Paid Social,2025-06-28
15285,Krishna,Kapoor,krishna.kapoor285@outlook.com,M,2002,Kolkata,West Bengal,East,Referral,2025-06-29
15286,Zoya,Kapoor,zoya.kapoor286@gmail.com,F,2000,Kolkata,West Bengal,East,Organic Search,2025-06-29
15287,Karan,Banerjee,karan.banerjee287@gmail.com,F,1983,Ahmedabad,Gujarat,West,Referral,2025-06-29
15288,Vikram,Chopra,vikram.chopra288@gmail.com,M,1995,Delhi,Delhi,North,Paid Social,2025-06-29
15289,Arjun,Kapoor,arjun.kapoor289@rediffmail.com,F,1990,Jaipur,Rajasthan,North,Referral,2025-06-29
15290,Ananya,Malhotra,ananya.malhotra290@yahoo.in,F,1993,Pune,Maharashtra,West,Paid Social,2025-06-29
15291,Deepak,Banerjee,deepak.banerjee291@gmail.com,F,1994,Delhi,Delhi,North,Paid Social,2025-06-29
15292,Amit,Shah,amit.shah292@outlook.com,M,1980,Delhi,Delhi,North,Paid Search,2025-06-29
15293,Arjun,Menon,arjun.menon293@outlook.com,M,1991,Chandigarh,Chandigarh,North,Paid Search,2025-06-29
15294,Deepak,Reddy,deepak.reddy294@outlook.com,F,1995,Mumbai,Maharashtra,West,Paid Search,2025-06-29
15295,Sneha,Verma,sneha.verma295@gmail.com,M,2001,Ahmedabad,Gujarat,West,Referral,2025-06-29
15296,Neha,Bose,neha.bose296@outlook.com,F,1987,Kolkata,West Bengal,East,Organic Search,2025-06-29
15297,Pooja,Gupta,pooja.gupta297@gmail.com,F,1987,Mumbai,Maharashtra,West,Affiliate,2025-06-29
15298,Myra,Kapoor,myra.kapoor298@gmail.com,M,1987,Delhi,Delhi,North,Referral,2025-06-29
15299,Tanvi,Bose,tanvi.bose299@gmail.com,M,1991,Ahmedabad,Gujarat,West,Email,2025-06-29
15300,Aadhya,Verma,aadhya.verma300@gmail.com,M,1984,Mumbai,Maharashtra,West,Email,2025-06-30
15301,Pari,Khan,pari.khan301@gmail.com,M,2004,Kochi,Kerala,South,Paid Search,2025-06-30
15302,Ishaan,Agarwal,ishaan.agarwal302@gmail.com,M,2000,Mumbai,Maharashtra,West,Email,2025-06-30
15303,Ishaan,Gupta,ishaan.gupta303@gmail.com,F,2006,Chandigarh,Chandigarh,North,Paid Search,2025-06-30
15304,Lakshmi,Kapoor,lakshmi.kapoor304@gmail.com,M,1989,Bengaluru,Karnataka,South,Organic Search,2025-06-30
15305,Rohan,Gupta,rohan.gupta305@outlook.com,M,2000,Pune,Maharashtra,West,Organic Search,2025-06-30
15306,Krishna,Khan,krishna.khan306@gmail.com,M,1984,Ahmedabad,Gujarat,West,Organic Search,2025-06-30
15307,Neha,Sharma,neha.sharma307@gmail.com,M,2005,Gurugram,Haryana,North,Organic Search,2025-06-30
15308,Aditya,Gupta,aditya.gupta308@yahoo.in,F,1992,Mumbai,Maharashtra,West,Paid Search,2025-06-30
15309,Kiara,Agarwal,kiara.agarwal309@yahoo.in,M,1993,Delhi,Delhi,North,Affiliate,2025-06-30
15310,Reyansh,Verma,reyansh.verma310@gmail.com,M,2004,Hyderabad,Telangana,South,Organic Search,2025-06-30
15311,Ananya,Yadav,ananya.yadav311@yahoo.in,M,2003,Lucknow,Uttar Pradesh,North,Email,2025-06-30
15312,Ishaan,Sharma,ishaan.sharma312@outlook.com,F,1986,Delhi,Delhi,North,Referral,2025-06-30
15313,Harpreet,Malhotra,harpreet.malhotra313@outlook.com,F,1993,Ahmedabad,Gujarat,West,Email,2025-06-30
15314,Kiara,Das,kiara.das314@gmail.com,M,2005,Ahmedabad,Gujarat,West,Referral,2025-06-30
15315,Aarav,Malhotra,aarav.malhotra315@yahoo.in,M,1991,Chandigarh,Chandigarh,North,Affiliate,2025-06-30
15316,Lakshmi,Malhotra,lakshmi.malhotra316@yahoo.in,F,1996,Kolkata,West Bengal,East,Organic Search,2025-07-01
15317,Manish,Rao,manish.rao317@gmail.com,M,1998,Bengaluru,Karnataka,South,Paid Search,2025-07-01
15318,Reyansh,Chopra,reyansh.chopra318@gmail.com,M,2005,Kochi,Kerala,South,Paid Search,2025-07-01
15319,Arjun,Shah,arjun.shah319@gmail.com,F,1999,Jaipur,Rajasthan,North,Paid Search,2025-07-01
15320,Reyansh,Joshi,reyansh.joshi320@gmail.com,M,1992,Ahmedabad,Gujarat,West,Paid Search,2025-07-01
15321,Ananya,Mishra,ananya.mishra321@gmail.com,F,1978,Mumbai,Maharashtra,West,Paid Social,2025-07-01
15322,Isha,Banerjee,isha.banerjee322@gmail.com,F,1999,Mumbai,Maharashtra,West,Affiliate,2025-07-01
15323,Zoya,Malhotra,zoya.malhotra323@gmail.com,M,1995,Delhi,Delhi,North,Organic Search,2025-07-02
15324,Lakshmi,Pillai,lakshmi.pillai324@outlook.com,F,2006,Noida,Uttar Pradesh,North,Email,2025-07-02
15325,Harpreet,Das,harpreet.das325@gmail.com,M,1998,Chennai,Tamil Nadu,South,Organic Search,2025-07-02
15326,Deepak,Yadav,deepak.yadav326@gmail.com,M,1989,Chennai,Tamil Nadu,South,Paid Social,2025-07-02
15327,Aditya,Reddy,aditya.reddy327@yahoo.in,F,1984,Delhi,Delhi,North,Paid Search,2025-07-02
15328,Kavya,Kapoor,kavya.kapoor328@gmail.com,F,1992,Delhi,Delhi,North,Affiliate,2025-07-02
15329,Meera,Kumar,meera.kumar329@gmail.com,M,1996,Delhi,Delhi,North,Paid Social,2025-07-02
15330,Reyansh,Pillai,reyansh.pillai330@outlook.com,M,1994,Bengaluru,Karnataka,South,Organic Search,2025-07-02
15331,Manish,Kapoor,manish.kapoor331@gmail.com,F,1983,Lucknow,Uttar Pradesh,North,Affiliate,2025-07-02
15332,Nikhil,Iyer,nikhil.iyer332@gmail.com,M,1971,Hyderabad,Telangana,South,Paid Search,2025-07-02
15333,Farhan,Reddy,farhan.reddy333@gmail.com,M,1986,Delhi,Delhi,North,Affiliate,2025-07-02
15334,Karan,Shah,karan.shah334@gmail.com,F,1974,Bengaluru,Karnataka,South,Organic Search,2025-07-02
15335,Zoya,Malhotra,zoya.malhotra335@yahoo.in,M,1986,Chennai,Tamil Nadu,South,Organic Search,2025-07-02
15336,Vivaan,Mishra,vivaan.mishra336@gmail.com,F,1995,Delhi,Delhi,North,Organic Search,2025-07-02
15337,Sneha,Shah,sneha.shah337@gmail.com,F,2005,Chennai,Tamil Nadu,South,Paid Social,2025-07-02
15338,Meera,Shah,meera.shah338@gmail.com,F,1974,Kochi,Kerala,South,Referral,2025-07-02
15339,Harpreet,Kapoor,harpreet.kapoor339@gmail.com,F,1985,Pune,Maharashtra,West,Paid Social,2025-07-02
15340,Tanvi,Malhotra,tanvi.malhotra340@gmail.com,M,1997,Jaipur,Rajasthan,North,Organic Search,2025-07-03
15341,Kabir,Shah,kabir.shah341@yahoo.in,F,1990,Ahmedabad,Gujarat,West,Paid Search,2025-07-03
15342,Meera,Nair,meera.nair342@yahoo.in,F,1995,Chandigarh,Chandigarh,North,Paid Social,2025-07-03
15343,Kabir,Khan,kabir.khan343@gmail.com,M,1997,Kolkata,West Bengal,East,Paid Search,2025-07-03
15344,Rohan,Mehta,rohan.mehta344@gmail.com,M,1990,Ahmedabad,Gujarat,West,Paid Search,2025-07-03
15345,Vikram,Nair,vikram.nair345@gmail.com,M,2003,Hyderabad,Telangana,South,Paid Social,2025-07-03
15346,Saanvi,Nair,saanvi.nair346@gmail.com,F,2006,Indore,Madhya Pradesh,West,Paid Social,2025-07-03
15347,Saanvi,Menon,saanvi.menon347@gmail.com,M,1985,Jaipur,Rajasthan,North,Paid Social,2025-07-03
15348,Sneha,Nair,sneha.nair348@outlook.com,F,2001,Pune,Maharashtra,West,Organic Search,2025-07-03
15349,Ishaan,Gupta,ishaan.gupta349@gmail.com,F,2006,Chennai,Tamil Nadu,South,Email,2025-07-03
15350,Reyansh,Banerjee,reyansh.banerjee350@outlook.com,M,2005,Mumbai,Maharashtra,West,Referral,2025-07-03
15351,Isha,Das,isha.das351@gmail.com,F,1988,Mumbai,Maharashtra,West,Referral,2025-07-03
15352,Krishna,Shah,krishna.shah352@yahoo.in,M,1991,Kolkata,West Bengal,East,Referral,2025-07-04
15353,Riya,Bose,riya.bose353@gmail.com,M,1980,Chandigarh,Chandigarh,North,Paid Social,2025-07-04
15354,Tanvi,Joshi,tanvi.joshi354@yahoo.in,F,1989,Chennai,Tamil Nadu,South,Affiliate,2025-07-04
15355,Deepak,Kapoor,deepak.kapoor355@outlook.com,F,1989,Gurugram,Haryana,North,Paid Search,2025-07-04
15356,Krishna,Banerjee,krishna.banerjee356@outlook.com,F,1997,Hyderabad,Telangana,South,Paid Search,2025-07-04
15357,Riya,Patel,riya.patel357@outlook.com,M,1984,Indore,Madhya Pradesh,West,Referral,2025-07-04
15358,Aarav,Malhotra,aarav.malhotra358@gmail.com,M,1994,Delhi,Delhi,North,Email,2025-07-04
15359,Vikram,Malhotra,vikram.malhotra359@gmail.com,F,1995,Delhi,Delhi,North,Paid Search,2025-07-04
15360,Ishaan,Iyer,ishaan.iyer360@rediffmail.com,F,1990,Jaipur,Rajasthan,North,Email,2025-07-04
15361,Nikhil,Kumar,nikhil.kumar361@outlook.com,F,2000,Bengaluru,Karnataka,South,Paid Social,2025-07-04
15362,Arjun,Sharma,arjun.sharma362@gmail.com,M,1990,Mumbai,Maharashtra,West,Paid Search,2025-07-04
15363,Vivaan,Das,vivaan.das363@gmail.com,F,1996,Jaipur,Rajasthan,North,Email,2025-07-04
15364,Diya,Agarwal,diya.agarwal364@gmail.com,M,1983,Ahmedabad,Gujarat,West,Paid Social,2025-07-04
15365,Pari,Kapoor,pari.kapoor365@gmail.com,F,1987,Kolkata,West Bengal,East,Email,2025-07-04
15366,Farhan,Nair,farhan.nair366@gmail.com,M,2001,Delhi,Delhi,North,Referral,2025-07-05
15367,Ishaan,Rao,ishaan.rao367@outlook.com,F,1980,Bengaluru,Karnataka,South,Organic Search,2025-07-05
15368,Zoya,Patel,zoya.patel368@gmail.com,F,2000,Kochi,Kerala,South,Email,2025-07-05
15369,Neha,Kumar,neha.kumar369@gmail.com,F,1991,Ahmedabad,Gujarat,West,Organic Search,2025-07-05
15370,Aditya,Khan,aditya.khan370@gmail.com,F,1977,Kolkata,West Bengal,East,Referral,2025-07-05
15371,Kavya,Iyer,kavya.iyer371@gmail.com,M,1990,Indore,Madhya Pradesh,West,Referral,2025-07-05
15372,Sneha,Kumar,sneha.kumar372@yahoo.in,M,1999,Bengaluru,Karnataka,South,Referral,2025-07-05
15373,Harpreet,Reddy,harpreet.reddy373@gmail.com,M,2006,Hyderabad,Telangana,South,Affiliate,2025-07-05
15374,Arjun,Reddy,arjun.reddy374@rediffmail.com,F,2006,Noida,Uttar Pradesh,North,Paid Social,2025-07-05
15375,Priya,Iyer,priya.iyer375@gmail.com,F,1986,Ahmedabad,Gujarat,West,Paid Search,2025-07-05
15376,Ishaan,Joshi,ishaan.joshi376@yahoo.in,M,2000,Indore,Madhya Pradesh,West,Paid Social,2025-07-05
15377,Rahul,Mishra,rahul.mishra377@gmail.com,F,1990,Delhi,Delhi,North,Paid Social,2025-07-05
15378,Zoya,Menon,zoya.menon378@gmail.com,M,1989,Mumbai,Maharashtra,West,Paid Search,2025-07-05
15379,Simran,Chopra,simran.chopra379@yahoo.in,M,2002,Hyderabad,Telangana,South,Organic Search,2025-07-05
15380,Kavya,Reddy,kavya.reddy380@gmail.com,M,1995,Delhi,Delhi,North,Paid Social,2025-07-05
15381,Ananya,Kumar,ananya.kumar381@gmail.com,F,1995,Mumbai,Maharashtra,West,Email,2025-07-05
15382,Ananya,Mehta,ananya.mehta382@yahoo.in,F,1980,Gurugram,Haryana,North,Paid Social,2025-07-05
15383,Farhan,Rao,farhan.rao383@gmail.com,F,1986,Gurugram,Haryana,North,Email,2025-07-06
15384,Zoya,Khan,zoya.khan384@gmail.com,F,1986,Pune,Maharashtra,West,Paid Search,2025-07-06
15385,Saanvi,Singh,saanvi.singh385@gmail.com,M,1998,Delhi,Delhi,North,Affiliate,2025-07-06
15386,Saanvi,Pillai,saanvi.pillai386@yahoo.in,M,1999,Mumbai,Maharashtra,West,Referral,2025-07-06
15387,Ishaan,Iyer,ishaan.iyer387@gmail.com,M,2006,Delhi,Delhi,North,Paid Search,2025-07-06
15388,Zoya,Khan,zoya.khan388@gmail.com,F,1986,Kochi,Kerala,South,Paid Search,2025-07-06
15389,Sai,Mishra,sai.mishra389@rediffmail.com,F,2006,Chennai,Tamil Nadu,South,Affiliate,2025-07-06
15390,Sneha,Agarwal,sneha.agarwal390@yahoo.in,F,1991,Noida,Uttar Pradesh,North,Affiliate,2025-07-06
15391,Myra,Khan,myra.khan391@gmail.com,M,1994,Delhi,Delhi,North,Paid Search,2025-07-06
15392,Amit,Mishra,amit.mishra392@gmail.com,F,1993,Lucknow,Uttar Pradesh,North,Referral,2025-07-06
15393,Lakshmi,Patel,lakshmi.patel393@gmail.com,M,1996,Delhi,Delhi,North,Email,2025-07-06
15394,Aman,Iyer,aman.iyer394@gmail.com,M,1999,Bengaluru,Karnataka,South,Organic Search,2025-07-06
15395,Lakshmi,Reddy,lakshmi.reddy395@gmail.com,M,2002,Ahmedabad,Gujarat,West,Paid Social,2025-07-07
15396,Tanvi,Kapoor,tanvi.kapoor396@gmail.com,F,1992,Ahmedabad,Gujarat,West,Referral,2025-07-07
15397,Isha,Kapoor,isha.kapoor397@outlook.com,M,1994,Chennai,Tamil Nadu,South,Organic Search,2025-07-07
15398,Kavya,Reddy,kavya.reddy398@yahoo.in,F,1986,Hyderabad,Telangana,South,Referral,2025-07-07
15399,Sneha,Kumar,sneha.kumar399@gmail.com,M,1999,Mumbai,Maharashtra,West,Organic Search,2025-07-07
15400,Pari,Kapoor,pari.kapoor400@gmail.com,F,1996,Indore,Madhya Pradesh,West,Paid Search,2025-07-07
15401,Harpreet,Mehta,harpreet.mehta401@gmail.com,F,1987,Mumbai,Maharashtra,West,Paid Search,2025-07-07
15402,Kavya,Malhotra,kavya.malhotra402@gmail.com,M,1984,Bengaluru,Karnataka,South,Referral,2025-07-07
15403,Neha,Kumar,neha.kumar403@gmail.com,F,1995,Gurugram,Haryana,North,Organic Search,2025-07-07
15404,Simran,Chopra,simran.chopra404@rediffmail.com,M,2004,Jaipur,Rajasthan,North,Paid Search,2025-07-07
15405,Neha,Pillai,neha.pillai405@yahoo.in,F,2006,Lucknow,Uttar Pradesh,North,Organic Search,2025-07-07
15406,Neha,Mehta,neha.mehta406@outlook.com,F,1983,Gurugram,Haryana,North,Organic Search,2025-07-07
15407,Amit,Kapoor,amit.kapoor407@yahoo.in,M,2001,Mumbai,Maharashtra,West,Email,2025-07-08
15408,Rahul,Khan,rahul.khan408@gmail.com,M,2000,Bengaluru,Karnataka,South,Organic Search,2025-07-08
15409,Arnav,Khan,arnav.khan409@yahoo.in,F,2005,Mumbai,Maharashtra,West,Organic Search,2025-07-08
15410,Lakshmi,Patel,lakshmi.patel410@gmail.com,M,1997,Kolkata,West Bengal,East,Organic Search,2025-07-08
15411,Zoya,Rao,zoya.rao411@gmail.com,F,1991,Jaipur,Rajasthan,North,Paid Social,2025-07-08
15412,Pooja,Joshi,pooja.joshi412@gmail.com,F,2000,Kolkata,West Bengal,East,Organic Search,2025-07-08
15413,Sai,Rao,sai.rao413@gmail.com,F,1973,Noida,Uttar Pradesh,North,Paid Social,2025-07-08
15414,Saanvi,Malhotra,saanvi.malhotra414@gmail.com,F,1986,Chandigarh,Chandigarh,North,Referral,2025-07-08
15415,Reyansh,Das,reyansh.das415@outlook.com,F,1987,Gurugram,Haryana,North,Organic Search,2025-07-08
15416,Vivaan,Das,vivaan.das416@gmail.com,M,1988,Lucknow,Uttar Pradesh,North,Organic Search,2025-07-08
15417,Karan,Iyer,karan.iyer417@rediffmail.com,F,1981,Gurugram,Haryana,North,Paid Search,2025-07-08
15418,Diya,Das,diya.das418@gmail.com,F,1989,Bengaluru,Karnataka,South,Email,2025-07-08
15419,Arjun,Mishra,arjun.mishra419@gmail.com,M,1989,Noida,Uttar Pradesh,North,Organic Search,2025-07-08
15420,Rohan,Nair,rohan.nair420@gmail.com,M,1991,Delhi,Delhi,North,Referral,2025-07-08
15421,Aditya,Singh,aditya.singh421@gmail.com,M,1996,Lucknow,Uttar Pradesh,North,Affiliate,2025-07-08
15422,Reyansh,Kapoor,reyansh.kapoor422@gmail.com,M,1983,Bengaluru,Karnataka,South,Organic Search,2025-07-08
15423,Neha,Patel,neha.patel423@gmail.com,M,1990,Mumbai,Maharashtra,West,Paid Search,2025-07-09
15424,Meera,Das,meera.das424@outlook.com,F,1993,Gurugram,Haryana,North,Referral,2025-07-09
15425,Zoya,Patel,zoya.patel425@gmail.com,M,1979,Delhi,Delhi,North,Affiliate,2025-07-09
15426,Myra,Chopra,myra.chopra426@outlook.com,M,1993,Bengaluru,Karnataka,South,Organic Search,2025-07-09
15427,Riya,Reddy,riya.reddy427@gmail.com,F,1995,Bengaluru,Karnataka,South,Paid Social,2025-07-09
15428,Arjun,Menon,arjun.menon428@gmail.com,M,2000,Mumbai,Maharashtra,West,Referral,2025-07-09
15429,Reyansh,Banerjee,reyansh.banerjee429@rediffmail.com,M,1983,Pune,Maharashtra,West,Paid Search,2025-07-09
15430,Saanvi,Sharma,saanvi.sharma430@yahoo.in,F,1992,Lucknow,Uttar Pradesh,North,Paid Social,2025-07-09
15431,Karan,Khan,karan.khan431@gmail.com,M,2003,Pune,Maharashtra,West,Paid Social,2025-07-09
15432,Reyansh,Patel,reyansh.patel432@gmail.com,M,1980,Bengaluru,Karnataka,South,Affiliate,2025-07-09
15433,Aarav,Nair,aarav.nair433@gmail.com,F,1993,Hyderabad,Telangana,South,Paid Social,2025-07-09
15434,Pooja,Shah,pooja.shah434@gmail.com,M,1981,Mumbai,Maharashtra,West,Paid Social,2025-07-09
15435,Kiara,Kumar,kiara.kumar435@gmail.com,M,1990,Bengaluru,Karnataka,South,Paid Social,2025-07-09
15436,Isha,Pillai,isha.pillai436@outlook.com,M,1987,Pune,Maharashtra,West,Organic Search,2025-07-09
15437,Kiara,Pillai,kiara.pillai437@gmail.com,M,1996,Bengaluru,Karnataka,South,Paid Social,2025-07-09
15438,Deepak,Das,deepak.das438@gmail.com,F,1991,Bengaluru,Karnataka,South,Organic Search,2025-07-09
15439,Sai,Mehta,sai.mehta439@gmail.com,M,1983,Hyderabad,Telangana,South,Paid Social,2025-07-10
15440,Vikram,Gupta,vikram.gupta440@rediffmail.com,M,2006,Gurugram,Haryana,North,Paid Social,2025-07-10
15441,Farhan,Mehta,farhan.mehta441@rediffmail.com,F,1995,Chandigarh,Chandigarh,North,Referral,2025-07-10
15442,Farhan,Joshi,farhan.joshi442@gmail.com,F,2001,Lucknow,Uttar Pradesh,North,Referral,2025-07-10
15443,Arjun,Chopra,arjun.chopra443@gmail.com,M,1985,Mumbai,Maharashtra,West,Paid Search,2025-07-10
15444,Saanvi,Bose,saanvi.bose444@outlook.com,F,1990,Mumbai,Maharashtra,West,Paid Social,2025-07-10
15445,Kavya,Shah,kavya.shah445@gmail.com,F,2001,Bengaluru,Karnataka,South,Paid Search,2025-07-10
15446,Farhan,Banerjee,farhan.banerjee446@rediffmail.com,F,1988,Ahmedabad,Gujarat,West,Paid Search,2025-07-10
15447,Lakshmi,Yadav,lakshmi.yadav447@outlook.com,F,1993,Ahmedabad,Gujarat,West,Organic Search,2025-07-10
15448,Riya,Mishra,riya.mishra448@yahoo.in,F,1993,Bengaluru,Karnataka,South,Organic Search,2025-07-10
15449,Aditya,Iyer,aditya.iyer449@gmail.com,M,1975,Jaipur,Rajasthan,North,Referral,2025-07-10
15450,Manish,Iyer,manish.iyer450@gmail.com,M,1993,Noida,Uttar Pradesh,North,Affiliate,2025-07-10
15451,Simran,Khan,simran.khan451@gmail.com,F,1990,Noida,Uttar Pradesh,North,Paid Social,2025-07-11
15452,Meera,Joshi,meera.joshi452@outlook.com,M,1992,Hyderabad,Telangana,South,Organic Search,2025-07-11
15453,Aarav,Das,aarav.das453@gmail.com,F,1988,Delhi,Delhi,North,Organic Search,2025-07-11
15454,Lakshmi,Gupta,lakshmi.gupta454@gmail.com,M,1983,Chandigarh,Chandigarh,North,Organic Search,2025-07-11
15455,Arnav,Bose,arnav.bose455@outlook.com,M,1987,Jaipur,Rajasthan,North,Email,2025-07-11
15456,Harpreet,Khan,harpreet.khan456@gmail.com,M,1989,Indore,Madhya Pradesh,West,Paid Search,2025-07-11
15457,Diya,Kumar,diya.kumar457@yahoo.in,F,1998,Kochi,Kerala,South,Email,2025-07-11
15458,Lakshmi,Mishra,lakshmi.mishra458@gmail.com,M,1989,Chennai,Tamil Nadu,South,Paid Search,2025-07-11
15459,Aarav,Shah,aarav.shah459@gmail.com,M,1994,Delhi,Delhi,North,Paid Social,2025-07-11
15460,Sneha,Singh,sneha.singh460@gmail.com,M,1995,Ahmedabad,Gujarat,West,Paid Social,2025-07-11
15461,Farhan,Khan,farhan.khan461@gmail.com,M,1989,Delhi,Delhi,North,Organic Search,2025-07-11
15462,Rohan,Malhotra,rohan.malhotra462@gmail.com,F,2001,Hyderabad,Telangana,South,Paid Social,2025-07-11
15463,Kavya,Patel,kavya.patel463@gmail.com,M,1990,Mumbai,Maharashtra,West,Referral,2025-07-11
15464,Pooja,Iyer,pooja.iyer464@outlook.com,F,1989,Noida,Uttar Pradesh,North,Organic Search,2025-07-11
15465,Krishna,Das,krishna.das465@outlook.com,F,2002,Pune,Maharashtra,West,Organic Search,2025-07-11
15466,Lakshmi,Nair,lakshmi.nair466@gmail.com,M,1995,Mumbai,Maharashtra,West,Paid Social,2025-07-11
15467,Reyansh,Rao,reyansh.rao467@gmail.com,M,1974,Kolkata,West Bengal,East,Affiliate,2025-07-11
15468,Kavya,Sharma,kavya.sharma468@gmail.com,M,1972,Delhi,Delhi,North,Affiliate,2025-07-11
15469,Manish,Rao,manish.rao469@gmail.com,F,2006,Kolkata,West Bengal,East,Organic Search,2025-07-11
15470,Deepak,Khan,deepak.khan470@rediffmail.com,M,1994,Lucknow,Uttar Pradesh,North,Referral,2025-07-11
15471,Aadhya,Agarwal,aadhya.agarwal471@gmail.com,F,1992,Gurugram,Haryana,North,Referral,2025-07-12
15472,Isha,Menon,isha.menon472@rediffmail.com,F,1976,Bengaluru,Karnataka,South,Email,2025-07-12
15473,Farhan,Banerjee,farhan.banerjee473@gmail.com,F,1992,Pune,Maharashtra,West,Organic Search,2025-07-12
15474,Aman,Singh,aman.singh474@gmail.com,F,1985,Chennai,Tamil Nadu,South,Affiliate,2025-07-12
15475,Rohan,Banerjee,rohan.banerjee475@outlook.com,M,1991,Ahmedabad,Gujarat,West,Referral,2025-07-12
15476,Neha,Patel,neha.patel476@gmail.com,F,1988,Pune,Maharashtra,West,Paid Social,2025-07-12
15477,Myra,Joshi,myra.joshi477@yahoo.in,F,1991,Noida,Uttar Pradesh,North,Organic Search,2025-07-12
15478,Tanvi,Patel,tanvi.patel478@gmail.com,F,1995,Kolkata,West Bengal,East,Organic Search,2025-07-12
15479,Farhan,Sharma,farhan.sharma479@gmail.com,F,1996,Bengaluru,Karnataka,South,Paid Search,2025-07-12
15480,Isha,Chopra,isha.chopra480@gmail.com,M,1993,Indore,Madhya Pradesh,West,Email,2025-07-12
15481,Arnav,Nair,arnav.nair481@gmail.com,M,1994,Hyderabad,Telangana,South,Referral,2025-07-12
15482,Aadhya,Kumar,aadhya.kumar482@gmail.com,M,1979,Delhi,Delhi,North,Affiliate,2025-07-13
15483,Farhan,Sharma,farhan.sharma483@gmail.com,M,1993,Chennai,Tamil Nadu,South,Paid Search,2025-07-13
15484,Isha,Shah,isha.shah484@gmail.com,M,1995,Pune,Maharashtra,West,Email,2025-07-13
15485,Sai,Kapoor,sai.kapoor485@gmail.com,M,1993,Hyderabad,Telangana,South,Email,2025-07-13
15486,Aadhya,Pillai,aadhya.pillai486@yahoo.in,F,2005,Bengaluru,Karnataka,South,Organic Search,2025-07-13
15487,Simran,Das,simran.das487@gmail.com,F,1991,Mumbai,Maharashtra,West,Organic Search,2025-07-13
15488,Kiara,Malhotra,kiara.malhotra488@gmail.com,M,1983,Hyderabad,Telangana,South,Referral,2025-07-13
15489,Zoya,Khan,zoya.khan489@outlook.com,M,1993,Bengaluru,Karnataka,South,Paid Social,2025-07-13
15490,Tanvi,Sharma,tanvi.sharma490@gmail.com,F,1989,Delhi,Delhi,North,Organic Search,2025-07-13
15491,Kiara,Yadav,kiara.yadav491@gmail.com,F,1980,Bengaluru,Karnataka,South,Referral,2025-07-13
15492,Rohan,Mehta,rohan.mehta492@outlook.com,F,1991,Pune,Maharashtra,West,Paid Search,2025-07-14
15493,Nikhil,Mehta,nikhil.mehta493@gmail.com,F,2005,Chennai,Tamil Nadu,South,Paid Social,2025-07-14
15494,Tanvi,Kapoor,tanvi.kapoor494@rediffmail.com,M,1991,Hyderabad,Telangana,South,Affiliate,2025-07-14
15495,Aadhya,Pillai,aadhya.pillai495@gmail.com,F,2002,Gurugram,Haryana,North,Organic Search,2025-07-14
15496,Aditya,Joshi,aditya.joshi496@gmail.com,M,1999,Delhi,Delhi,North,Organic Search,2025-07-14
15497,Myra,Mishra,myra.mishra497@yahoo.in,F,2006,Noida,Uttar Pradesh,North,Paid Social,2025-07-14
15498,Aarav,Agarwal,aarav.agarwal498@gmail.com,M,1997,Bengaluru,Karnataka,South,Referral,2025-07-14
15499,Farhan,Chopra,farhan.chopra499@gmail.com,M,1994,Chennai,Tamil Nadu,South,Paid Search,2025-07-14
15500,Kabir,Pillai,kabir.pillai500@gmail.com,F,1994,Bengaluru,Karnataka,South,Paid Search,2025-07-14
15501,Myra,Kumar,myra.kumar501@yahoo.in,F,1996,Hyderabad,Telangana,South,Paid Social,2025-07-14
15502,Rohan,Shah,rohan.shah502@yahoo.in,F,1991,Ahmedabad,Gujarat,West,Referral,2025-07-14
15503,Lakshmi,Yadav,lakshmi.yadav503@gmail.com,M,1989,Pune,Maharashtra,West,Paid Social,2025-07-14
15504,Simran,Das,simran.das504@outlook.com,F,1997,Kolkata,West Bengal,East,Organic Search,2025-07-15
15505,Deepak,Sharma,deepak.sharma505@gmail.com,M,1988,Delhi,Delhi,North,Organic Search,2025-07-15
15506,Farhan,Kapoor,farhan.kapoor506@outlook.com,F,1979,Mumbai,Maharashtra,West,Paid Search,2025-07-15
15507,Sai,Joshi,sai.joshi507@gmail.com,M,1983,Jaipur,Rajasthan,North,Organic Search,2025-07-15
15508,Meera,Reddy,meera.reddy508@rediffmail.com,M,2006,Delhi,Delhi,North,Organic Search,2025-07-15
15509,Priya,Menon,priya.menon509@outlook.com,M,1991,Indore,Madhya Pradesh,West,Referral,2025-07-15
15510,Nikhil,Khan,nikhil.khan510@outlook.com,F,2000,Lucknow,Uttar Pradesh,North,Referral,2025-07-15
15511,Tanvi,Patel,tanvi.patel511@outlook.com,F,1988,Mumbai,Maharashtra,West,Organic Search,2025-07-15
15512,Meera,Malhotra,meera.malhotra512@outlook.com,F,2001,Delhi,Delhi,North,Email,2025-07-15
15513,Karan,Bose,karan.bose513@gmail.com,F,1997,Mumbai,Maharashtra,West,Paid Social,2025-07-16
15514,Simran,Mehta,simran.mehta514@outlook.com,F,2006,Noida,Uttar Pradesh,North,Paid Social,2025-07-16
15515,Harpreet,Pillai,harpreet.pillai515@gmail.com,M,2004,Chennai,Tamil Nadu,South,Email,2025-07-16
15516,Amit,Gupta,amit.gupta516@outlook.com,M,1999,Pune,Maharashtra,West,Paid Search,2025-07-16
15517,Aarav,Reddy,aarav.reddy517@gmail.com,F,1989,Hyderabad,Telangana,South,Paid Social,2025-07-16
15518,Aarav,Banerjee,aarav.banerjee518@gmail.com,M,1984,Pune,Maharashtra,West,Paid Search,2025-07-16
15519,Vivaan,Gupta,vivaan.gupta519@gmail.com,F,1992,Delhi,Delhi,North,Email,2025-07-16
15520,Harpreet,Kumar,harpreet.kumar520@gmail.com,F,1994,Bengaluru,Karnataka,South,Paid Search,2025-07-17
15521,Priya,Khan,priya.khan521@yahoo.in,F,1990,Delhi,Delhi,North,Paid Social,2025-07-17
15522,Priya,Joshi,priya.joshi522@yahoo.in,F,1999,Mumbai,Maharashtra,West,Organic Search,2025-07-17
15523,Diya,Das,diya.das523@gmail.com,M,1994,Ahmedabad,Gujarat,West,Paid Search,2025-07-17
15524,Deepak,Sharma,deepak.sharma524@gmail.com,F,1993,Hyderabad,Telangana,South,Paid Search,2025-07-17
15525,Kabir,Das,kabir.das525@gmail.com,F,2006,Chennai,Tamil Nadu,South,Referral,2025-07-17
15526,Arnav,Joshi,arnav.joshi526@gmail.com,M,1994,Noida,Uttar Pradesh,North,Paid Search,2025-07-17
15527,Meera,Menon,meera.menon527@gmail.com,F,1983,Bengaluru,Karnataka,South,Paid Search,2025-07-17
15528,Myra,Das,myra.das528@gmail.com,F,2002,Pune,Maharashtra,West,Organic Search,2025-07-17
15529,Meera,Joshi,meera.joshi529@gmail.com,M,1995,Hyderabad,Telangana,South,Paid Search,2025-07-17
15530,Deepak,Sharma,deepak.sharma530@yahoo.in,F,1991,Kolkata,West Bengal,East,Organic Search,2025-07-17
15531,Aditya,Kumar,aditya.kumar531@rediffmail.com,M,1986,Pune,Maharashtra,West,Paid Social,2025-07-17
15532,Aditya,Malhotra,aditya.malhotra532@yahoo.in,M,2004,Jaipur,Rajasthan,North,Paid Search,2025-07-17
15533,Krishna,Joshi,krishna.joshi533@gmail.com,M,2006,Hyderabad,Telangana,South,Affiliate,2025-07-17
15534,Meera,Iyer,meera.iyer534@outlook.com,F,1988,Pune,Maharashtra,West,Paid Social,2025-07-18
15535,Rahul,Das,rahul.das535@gmail.com,M,1996,Chennai,Tamil Nadu,South,Organic Search,2025-07-18
15536,Tanvi,Chopra,tanvi.chopra536@gmail.com,F,1997,Ahmedabad,Gujarat,West,Referral,2025-07-18
15537,Kiara,Banerjee,kiara.banerjee537@gmail.com,M,1980,Kolkata,West Bengal,East,Organic Search,2025-07-18
15538,Simran,Yadav,simran.yadav538@gmail.com,M,1993,Delhi,Delhi,North,Referral,2025-07-18
15539,Priya,Patel,priya.patel539@outlook.com,M,1980,Bengaluru,Karnataka,South,Paid Search,2025-07-18
15540,Priya,Mishra,priya.mishra540@yahoo.in,M,1993,Mumbai,Maharashtra,West,Organic Search,2025-07-18
15541,Neha,Shah,neha.shah541@gmail.com,M,2006,Bengaluru,Karnataka,South,Affiliate,2025-07-18
15542,Kabir,Joshi,kabir.joshi542@gmail.com,M,1982,Kolkata,West Bengal,East,Paid Social,2025-07-18
15543,Manish,Kumar,manish.kumar543@gmail.com,F,2006,Bengaluru,Karnataka,South,Email,2025-07-18
15544,Vivaan,Mehta,vivaan.mehta544@rediffmail.com,M,2006,Bengaluru,Karnataka,South,Paid Search,2025-07-18
15545,Vivaan,Yadav,vivaan.yadav545@gmail.com,M,1993,Gurugram,Haryana,North,Paid Search,2025-07-19
15546,Priya,Khan,priya.khan546@gmail.com,F,1998,Gurugram,Haryana,North,Paid Search,2025-07-19
15547,Tanvi,Malhotra,tanvi.malhotra547@rediffmail.com,F,1991,Ahmedabad,Gujarat,West,Paid Search,2025-07-19
15548,Priya,Das,priya.das548@gmail.com,M,1990,Mumbai,Maharashtra,West,Referral,2025-07-19
15549,Zoya,Chopra,zoya.chopra549@gmail.com,F,1995,Delhi,Delhi,North,Organic Search,2025-07-19
15550,Pari,Iyer,pari.iyer550@rediffmail.com,M,1987,Bengaluru,Karnataka,South,Paid Social,2025-07-19
15551,Kabir,Reddy,kabir.reddy551@gmail.com,M,1997,Bengaluru,Karnataka,South,Organic Search,2025-07-19
15552,Karan,Singh,karan.singh552@gmail.com,M,1994,Delhi,Delhi,North,Paid Social,2025-07-19
15553,Kabir,Pillai,kabir.pillai553@gmail.com,F,1985,Delhi,Delhi,North,Organic Search,2025-07-19
15554,Amit,Yadav,amit.yadav554@gmail.com,M,1999,Mumbai,Maharashtra,West,Paid Search,2025-07-19
15555,Karan,Nair,karan.nair555@outlook.com,M,1999,Bengaluru,Karnataka,South,Paid Social,2025-07-19
15556,Sai,Verma,sai.verma556@yahoo.in,M,2002,Chennai,Tamil Nadu,South,Referral,2025-07-19
15557,Kabir,Banerjee,kabir.banerjee557@gmail.com,F,1990,Mumbai,Maharashtra,West,Affiliate,2025-07-19
15558,Vivaan,Nair,vivaan.nair558@gmail.com,M,2002,Delhi,Delhi,North,Organic Search,2025-07-19
15559,Rohan,Malhotra,rohan.malhotra559@gmail.com,F,2006,Chennai,Tamil Nadu,South,Paid Social,2025-07-19
15560,Arnav,Kumar,arnav.kumar560@outlook.com,F,1994,Delhi,Delhi,North,Paid Search,2025-07-19
15561,Aarav,Bose,aarav.bose561@gmail.com,F,1994,Bengaluru,Karnataka,South,Paid Social,2025-07-19
15562,Riya,Verma,riya.verma562@gmail.com,F,1999,Mumbai,Maharashtra,West,Paid Search,2025-07-20
15563,Ishaan,Das,ishaan.das563@gmail.com,M,1976,Kochi,Kerala,South,Organic Search,2025-07-20
15564,Priya,Kumar,priya.kumar564@yahoo.in,M,1983,Bengaluru,Karnataka,South,Paid Social,2025-07-20
15565,Aarav,Mishra,aarav.mishra565@outlook.com,M,1989,Delhi,Delhi,North,Organic Search,2025-07-20
15566,Neha,Mehta,neha.mehta566@gmail.com,M,1991,Mumbai,Maharashtra,West,Organic Search,2025-07-20
15567,Deepak,Yadav,deepak.yadav567@gmail.com,F,1994,Gurugram,Haryana,North,Email,2025-07-20
15568,Sai,Khan,sai.khan568@outlook.com,M,1996,Jaipur,Rajasthan,North,Email,2025-07-20
15569,Aadhya,Agarwal,aadhya.agarwal569@gmail.com,M,1983,Mumbai,Maharashtra,West,Paid Social,2025-07-20
15570,Ananya,Yadav,ananya.yadav570@gmail.com,F,2003,Ahmedabad,Gujarat,West,Organic Search,2025-07-20
15571,Nikhil,Kapoor,nikhil.kapoor571@gmail.com,M,1996,Hyderabad,Telangana,South,Paid Search,2025-07-20
15572,Aman,Pillai,aman.pillai572@gmail.com,M,1994,Delhi,Delhi,North,Paid Search,2025-07-20
15573,Ananya,Bose,ananya.bose573@gmail.com,M,1997,Mumbai,Maharashtra,West,Referral,2025-07-20
15574,Reyansh,Kapoor,reyansh.kapoor574@outlook.com,F,1989,Chennai,Tamil Nadu,South,Referral,2025-07-21
15575,Arnav,Rao,arnav.rao575@gmail.com,M,1992,Mumbai,Maharashtra,West,Paid Search,2025-07-21
15576,Sai,Khan,sai.khan576@gmail.com,F,1985,Pune,Maharashtra,West,Paid Search,2025-07-21
15577,Harpreet,Joshi,harpreet.joshi577@gmail.com,M,1976,Hyderabad,Telangana,South,Organic Search,2025-07-21
15578,Sneha,Patel,sneha.patel578@yahoo.in,M,1992,Bengaluru,Karnataka,South,Referral,2025-07-21
15579,Zoya,Chopra,zoya.chopra579@gmail.com,M,2006,Pune,Maharashtra,West,Paid Search,2025-07-21
15580,Simran,Mishra,simran.mishra580@gmail.com,M,1989,Kolkata,West Bengal,East,Paid Social,2025-07-21
15581,Tanvi,Mishra,tanvi.mishra581@gmail.com,M,1981,Delhi,Delhi,North,Paid Social,2025-07-21
15582,Myra,Mehta,myra.mehta582@gmail.com,F,1998,Delhi,Delhi,North,Organic Search,2025-07-21
15583,Aadhya,Joshi,aadhya.joshi583@gmail.com,F,1990,Mumbai,Maharashtra,West,Email,2025-07-22
15584,Karan,Bose,karan.bose584@gmail.com,M,1997,Gurugram,Haryana,North,Referral,2025-07-22
15585,Rahul,Menon,rahul.menon585@gmail.com,M,1999,Noida,Uttar Pradesh,North,Paid Social,2025-07-22
15586,Lakshmi,Sharma,lakshmi.sharma586@yahoo.in,M,1989,Gurugram,Haryana,North,Organic Search,2025-07-22
15587,Farhan,Pillai,farhan.pillai587@gmail.com,M,1997,Bengaluru,Karnataka,South,Organic Search,2025-07-22
15588,Arnav,Mehta,arnav.mehta588@yahoo.in,M,1993,Mumbai,Maharashtra,West,Organic Search,2025-07-22
15589,Myra,Patel,myra.patel589@gmail.com,M,1978,Chennai,Tamil Nadu,South,Paid Search,2025-07-22
15590,Priya,Nair,priya.nair590@gmail.com,M,1989,Lucknow,Uttar Pradesh,North,Organic Search,2025-07-22
15591,Arnav,Menon,arnav.menon591@gmail.com,M,1987,Bengaluru,Karnataka,South,Referral,2025-07-22
15592,Diya,Iyer,diya.iyer592@yahoo.in,M,1981,Noida,Uttar Pradesh,North,Paid Search,2025-07-22
15593,Simran,Joshi,simran.joshi593@yahoo.in,F,1987,Delhi,Delhi,North,Paid Search,2025-07-22
15594,Sneha,Rao,sneha.rao594@gmail.com,M,1999,Bengaluru,Karnataka,South,Affiliate,2025-07-22
15595,Kiara,Reddy,kiara.reddy595@gmail.com,M,1994,Gurugram,Haryana,North,Paid Social,2025-07-22
15596,Lakshmi,Kapoor,lakshmi.kapoor596@gmail.com,M,1979,Bengaluru,Karnataka,South,Paid Search,2025-07-22
15597,Ananya,Verma,ananya.verma597@gmail.com,M,1985,Bengaluru,Karnataka,South,Affiliate,2025-07-22
15598,Tanvi,Mishra,tanvi.mishra598@gmail.com,F,1994,Bengaluru,Karnataka,South,Paid Search,2025-07-23
15599,Pari,Pillai,pari.pillai599@outlook.com,F,1993,Indore,Madhya Pradesh,West,Paid Social,2025-07-23
15600,Kavya,Kapoor,kavya.kapoor600@gmail.com,F,1991,Chennai,Tamil Nadu,South,Paid Search,2025-07-23
15601,Amit,Gupta,amit.gupta601@gmail.com,M,2000,Delhi,Delhi,North,Paid Social,2025-07-23
15602,Pooja,Kapoor,pooja.kapoor602@gmail.com,M,1996,Kolkata,West Bengal,East,Referral,2025-07-23
15603,Aadhya,Iyer,aadhya.iyer603@outlook.com,F,1989,Delhi,Delhi,North,Paid Social,2025-07-23
15604,Aarav,Kapoor,aarav.kapoor604@gmail.com,M,1988,Pune,Maharashtra,West,Organic Search,2025-07-23
15605,Manish,Nair,manish.nair605@gmail.com,M,1992,Kochi,Kerala,South,Affiliate,2025-07-23
15606,Isha,Pillai,isha.pillai606@gmail.com,F,1977,Lucknow,Uttar Pradesh,North,Paid Social,2025-07-23
15607,Meera,Menon,meera.menon607@gmail.com,F,1996,Chennai,Tamil Nadu,South,Referral,2025-07-23
15608,Lakshmi,Agarwal,lakshmi.agarwal608@gmail.com,F,1983,Indore,Madhya Pradesh,West,Organic Search,2025-07-23
15609,Pari,Gupta,pari.gupta609@gmail.com,M,2003,Chennai,Tamil Nadu,South,Paid Social,2025-07-24
15610,Vivaan,Patel,vivaan.patel610@outlook.com,M,1980,Delhi,Delhi,North,Affiliate,2025-07-24
15611,Zoya,Singh,zoya.singh611@gmail.com,F,1996,Ahmedabad,Gujarat,West,Paid Social,2025-07-24
15612,Vikram,Shah,vikram.shah612@yahoo.in,M,1978,Gurugram,Haryana,North,Organic Search,2025-07-24
15613,Karan,Nair,karan.nair613@gmail.com,F,1988,Delhi,Delhi,North,Paid Social,2025-07-24
15614,Myra,Joshi,myra.joshi614@outlook.com,F,1997,Bengaluru,Karnataka,South,Organic Search,2025-07-24
15615,Lakshmi,Chopra,lakshmi.chopra615@gmail.com,M,2001,Bengaluru,Karnataka,South,Paid Search,2025-07-24
15616,Kiara,Reddy,kiara.reddy616@yahoo.in,F,2000,Bengaluru,Karnataka,South,Organic Search,2025-07-24
15617,Vivaan,Das,vivaan.das617@gmail.com,M,1999,Bengaluru,Karnataka,South,Organic Search,2025-07-24
15618,Sneha,Mehta,sneha.mehta618@gmail.com,F,2000,Hyderabad,Telangana,South,Organic Search,2025-07-24
15619,Zoya,Sharma,zoya.sharma619@gmail.com,F,2001,Mumbai,Maharashtra,West,Paid Social,2025-07-24
15620,Kiara,Kapoor,kiara.kapoor620@gmail.com,F,1989,Mumbai,Maharashtra,West,Referral,2025-07-24
15621,Priya,Yadav,priya.yadav621@rediffmail.com,M,1990,Hyderabad,Telangana,South,Paid Search,2025-07-24
15622,Lakshmi,Pillai,lakshmi.pillai622@gmail.com,F,1999,Bengaluru,Karnataka,South,Paid Social,2025-07-24
15623,Pooja,Banerjee,pooja.banerjee623@gmail.com,M,2002,Noida,Uttar Pradesh,North,Paid Social,2025-07-24
15624,Aadhya,Singh,aadhya.singh624@gmail.com,M,1992,Mumbai,Maharashtra,West,Affiliate,2025-07-24
15625,Pari,Nair,pari.nair625@gmail.com,M,1989,Gurugram,Haryana,North,Referral,2025-07-24
15626,Farhan,Banerjee,farhan.banerjee626@gmail.com,M,1989,Hyderabad,Telangana,South,Affiliate,2025-07-24
15627,Riya,Kumar,riya.kumar627@gmail.com,M,1987,Lucknow,Uttar Pradesh,North,Referral,2025-07-24
15628,Arjun,Agarwal,arjun.agarwal628@gmail.com,F,1997,Bengaluru,Karnataka,South,Paid Social,2025-07-24
15629,Farhan,Mehta,farhan.mehta629@outlook.com,F,2002,Bengaluru,Karnataka,South,Organic Search,2025-07-24
15630,Saanvi,Pillai,saanvi.pillai630@gmail.com,M,1997,Kolkata,West Bengal,East,Email,2025-07-24
15631,Reyansh,Joshi,reyansh.joshi631@outlook.com,F,1993,Mumbai,Maharashtra,West,Referral,2025-07-24
15632,Krishna,Kumar,krishna.kumar632@outlook.com,M,2006,Chennai,Tamil Nadu,South,Paid Search,2025-07-24
15633,Arnav,Rao,arnav.rao633@gmail.com,M,1993,Bengaluru,Karnataka,South,Organic Search,2025-07-24
15634,Rohan,Agarwal,rohan.agarwal634@gmail.com,M,2004,Delhi,Delhi,North,Paid Social,2025-07-24
15635,Rahul,Banerjee,rahul.banerjee635@yahoo.in,M,1985,Mumbai,Maharashtra,West,Paid Search,2025-07-25
15636,Sneha,Rao,sneha.rao636@gmail.com,F,1995,Mumbai,Maharashtra,West,Affiliate,2025-07-25
15637,Neha,Menon,neha.menon637@rediffmail.com,M,1986,Delhi,Delhi,North,Organic Search,2025-07-25
15638,Saanvi,Reddy,saanvi.reddy638@gmail.com,M,1986,Mumbai,Maharashtra,West,Organic Search,2025-07-25
15639,Vivaan,Yadav,vivaan.yadav639@gmail.com,F,1987,Delhi,Delhi,North,Organic Search,2025-07-25
15640,Vivaan,Iyer,vivaan.iyer640@yahoo.in,M,1994,Chennai,Tamil Nadu,South,Paid Social,2025-07-25
15641,Neha,Verma,neha.verma641@gmail.com,M,1990,Mumbai,Maharashtra,West,Referral,2025-07-25
15642,Harpreet,Banerjee,harpreet.banerjee642@gmail.com,M,1977,Gurugram,Haryana,North,Paid Social,2025-07-25
15643,Simran,Kapoor,simran.kapoor643@gmail.com,M,1990,Indore,Madhya Pradesh,West,Organic Search,2025-07-25
15644,Tanvi,Rao,tanvi.rao644@gmail.com,M,1988,Chennai,Tamil Nadu,South,Affiliate,2025-07-25
15645,Diya,Nair,diya.nair645@gmail.com,F,1980,Kolkata,West Bengal,East,Paid Search,2025-07-25
15646,Kavya,Shah,kavya.shah646@gmail.com,M,1997,Chennai,Tamil Nadu,South,Organic Search,2025-07-25
15647,Myra,Menon,myra.menon647@gmail.com,M,1999,Chennai,Tamil Nadu,South,Organic Search,2025-07-25
15648,Aman,Menon,aman.menon648@gmail.com,M,1998,Mumbai,Maharashtra,West,Paid Search,2025-07-25
15649,Reyansh,Khan,reyansh.khan649@gmail.com,M,2006,Pune,Maharashtra,West,Paid Social,2025-07-26
15650,Sneha,Pillai,sneha.pillai650@yahoo.in,F,1985,Mumbai,Maharashtra,West,Paid Social,2025-07-26
15651,Rohan,Khan,rohan.khan651@outlook.com,F,1985,Kochi,Kerala,South,Organic Search,2025-07-26
15652,Priya,Banerjee,priya.banerjee652@yahoo.in,M,1993,Delhi,Delhi,North,Email,2025-07-26
15653,Zoya,Khan,zoya.khan653@gmail.com,M,1993,Ahmedabad,Gujarat,West,Paid Search,2025-07-26
15654,Deepak,Verma,deepak.verma654@gmail.com,F,1995,Lucknow,Uttar Pradesh,North,Organic Search,2025-07-26
15655,Aditya,Kumar,aditya.kumar655@gmail.com,M,2000,Chennai,Tamil Nadu,South,Paid Social,2025-07-26
15656,Kiara,Chopra,kiara.chopra656@outlook.com,M,1991,Chandigarh,Chandigarh,North,Paid Social,2025-07-26
15657,Aditya,Banerjee,aditya.banerjee657@gmail.com,M,2002,Chennai,Tamil Nadu,South,Affiliate,2025-07-26
15658,Amit,Joshi,amit.joshi658@gmail.com,M,1987,Kochi,Kerala,South,Paid Search,2025-07-26
15659,Manish,Yadav,manish.yadav659@gmail.com,M,1989,Gurugram,Haryana,North,Organic Search,2025-07-26
15660,Saanvi,Rao,saanvi.rao660@rediffmail.com,M,1985,Hyderabad,Telangana,South,Affiliate,2025-07-26
15661,Myra,Verma,myra.verma661@gmail.com,F,1966,Mumbai,Maharashtra,West,Paid Social,2025-07-27
15662,Diya,Menon,diya.menon662@gmail.com,F,1979,Mumbai,Maharashtra,West,Paid Social,2025-07-27
15663,Simran,Mishra,simran.mishra663@gmail.com,F,2001,Jaipur,Rajasthan,North,Organic Search,2025-07-27
15664,Simran,Kumar,simran.kumar664@outlook.com,M,2002,Indore,Madhya Pradesh,West,Paid Search,2025-07-27
15665,Aman,Mishra,aman.mishra665@gmail.com,F,1983,Mumbai,Maharashtra,West,Affiliate,2025-07-27
15666,Kabir,Das,kabir.das666@outlook.com,M,2001,Bengaluru,Karnataka,South,Affiliate,2025-07-27
15667,Rohan,Das,rohan.das667@rediffmail.com,M,1974,Hyderabad,Telangana,South,Affiliate,2025-07-27
15668,Reyansh,Chopra,reyansh.chopra668@yahoo.in,M,1985,Mumbai,Maharashtra,West,Referral,2025-07-27
15669,Ishaan,Yadav,ishaan.yadav669@gmail.com,M,1990,Delhi,Delhi,North,Paid Social,2025-07-27
15670,Riya,Nair,riya.nair670@rediffmail.com,F,2002,Delhi,Delhi,North,Paid Social,2025-07-27
15671,Amit,Chopra,amit.chopra671@gmail.com,M,2006,Jaipur,Rajasthan,North,Organic Search,2025-07-27
15672,Simran,Kumar,simran.kumar672@gmail.com,F,1990,Kolkata,West Bengal,East,Referral,2025-07-27
15673,Meera,Gupta,meera.gupta673@gmail.com,F,1993,Mumbai,Maharashtra,West,Referral,2025-07-27
15674,Deepak,Chopra,deepak.chopra674@yahoo.in,M,2002,Bengaluru,Karnataka,South,Paid Social,2025-07-27
15675,Aditya,Patel,aditya.patel675@rediffmail.com,M,2006,Kolkata,West Bengal,East,Paid Search,2025-07-27
15676,Meera,Sharma,meera.sharma676@rediffmail.com,F,2003,Mumbai,Maharashtra,West,Organic Search,2025-07-27
15677,Sai,Sharma,sai.sharma677@gmail.com,M,1984,Ahmedabad,Gujarat,West,Referral,2025-07-27
15678,Saanvi,Das,saanvi.das678@gmail.com,M,2001,Chennai,Tamil Nadu,South,Affiliate,2025-07-28
15679,Priya,Reddy,priya.reddy679@outlook.com,M,1988,Indore,Madhya Pradesh,West,Paid Search,2025-07-28
15680,Rahul,Menon,rahul.menon680@gmail.com,M,2005,Delhi,Delhi,North,Organic Search,2025-07-28
15681,Rohan,Mehta,rohan.mehta681@gmail.com,F,1999,Hyderabad,Telangana,South,Email,2025-07-28
15682,Ishaan,Mehta,ishaan.mehta682@gmail.com,M,1985,Kochi,Kerala,South,Paid Social,2025-07-28
15683,Reyansh,Singh,reyansh.singh683@gmail.com,M,2002,Hyderabad,Telangana,South,Paid Social,2025-07-28
15684,Rohan,Gupta,rohan.gupta684@gmail.com,F,1998,Hyderabad,Telangana,South,Affiliate,2025-07-28
15685,Tanvi,Iyer,tanvi.iyer685@yahoo.in,M,1997,Hyderabad,Telangana,South,Paid Social,2025-07-28
15686,Arnav,Kapoor,arnav.kapoor686@rediffmail.com,F,1994,Indore,Madhya Pradesh,West,Paid Social,2025-07-28
15687,Saanvi,Malhotra,saanvi.malhotra687@outlook.com,F,1989,Lucknow,Uttar Pradesh,North,Paid Social,2025-07-28
15688,Simran,Kumar,simran.kumar688@gmail.com,M,1998,Kochi,Kerala,South,Paid Social,2025-07-28
15689,Aman,Sharma,aman.sharma689@gmail.com,M,2006,Delhi,Delhi,North,Paid Search,2025-07-28
15690,Diya,Reddy,diya.reddy690@gmail.com,M,2006,Hyderabad,Telangana,South,Organic Search,2025-07-29
15691,Ishaan,Reddy,ishaan.reddy691@gmail.com,M,1992,Mumbai,Maharashtra,West,Referral,2025-07-29
15692,Myra,Menon,myra.menon692@gmail.com,M,1977,Bengaluru,Karnataka,South,Organic Search,2025-07-29
15693,Sai,Kumar,sai.kumar693@outlook.com,M,1989,Hyderabad,Telangana,South,Affiliate,2025-07-29
15694,Kavya,Bose,kavya.bose694@gmail.com,F,1995,Hyderabad,Telangana,South,Paid Search,2025-07-29
15695,Aman,Das,aman.das695@gmail.com,F,1996,Gurugram,Haryana,North,Paid Social,2025-07-29
15696,Myra,Nair,myra.nair696@gmail.com,F,2001,Indore,Madhya Pradesh,West,Organic Search,2025-07-29
15697,Rahul,Patel,rahul.patel697@gmail.com,M,1999,Noida,Uttar Pradesh,North,Paid Search,2025-07-29
15698,Saanvi,Rao,saanvi.rao698@gmail.com,M,1999,Delhi,Delhi,North,Paid Search,2025-07-29
15699,Aarav,Pillai,aarav.pillai699@yahoo.in,F,1988,Pune,Maharashtra,West,Referral,2025-07-29
15700,Rohan,Joshi,rohan.joshi700@gmail.com,M,1989,Kolkata,West Bengal,East,Organic Search,2025-07-29
15701,Vivaan,Shah,vivaan.shah701@gmail.com,M,1985,Kolkata,West Bengal,East,Paid Search,2025-07-29
15702,Kiara,Yadav,kiara.yadav702@yahoo.in,F,1996,Ahmedabad,Gujarat,West,Email,2025-07-29
15703,Kiara,Bose,kiara.bose703@gmail.com,F,2000,Hyderabad,Telangana,South,Paid Social,2025-07-29
15704,Pari,Chopra,pari.chopra704@gmail.com,M,2002,Lucknow,Uttar Pradesh,North,Referral,2025-07-29
15705,Tanvi,Khan,tanvi.khan705@gmail.com,M,1973,Noida,Uttar Pradesh,North,Referral,2025-07-29
15706,Riya,Rao,riya.rao706@gmail.com,F,1997,Bengaluru,Karnataka,South,Paid Social,2025-07-30
15707,Sneha,Chopra,sneha.chopra707@rediffmail.com,F,1985,Hyderabad,Telangana,South,Paid Search,2025-07-30
15708,Saanvi,Singh,saanvi.singh708@outlook.com,F,1998,Bengaluru,Karnataka,South,Paid Search,2025-07-30
15709,Saanvi,Rao,saanvi.rao709@gmail.com,M,1985,Delhi,Delhi,North,Organic Search,2025-07-30
15710,Priya,Reddy,priya.reddy710@gmail.com,M,1999,Mumbai,Maharashtra,West,Organic Search,2025-07-30
15711,Riya,Agarwal,riya.agarwal711@gmail.com,M,1988,Delhi,Delhi,North,Paid Social,2025-07-30
15712,Aadhya,Sharma,aadhya.sharma712@gmail.com,F,1988,Hyderabad,Telangana,South,Email,2025-07-30
15713,Nikhil,Verma,nikhil.verma713@gmail.com,F,2000,Chandigarh,Chandigarh,North,Paid Social,2025-07-30
15714,Aadhya,Chopra,aadhya.chopra714@gmail.com,M,1989,Mumbai,Maharashtra,West,Paid Search,2025-07-30
15715,Amit,Bose,amit.bose715@gmail.com,F,2001,Ahmedabad,Gujarat,West,Referral,2025-07-30
15716,Ananya,Chopra,ananya.chopra716@gmail.com,F,1999,Delhi,Delhi,North,Paid Search,2025-07-30
15717,Arjun,Kumar,arjun.kumar717@gmail.com,M,1993,Mumbai,Maharashtra,West,Organic Search,2025-07-30
15718,Neha,Iyer,neha.iyer718@outlook.com,M,1990,Bengaluru,Karnataka,South,Organic Search,2025-07-30
15719,Nikhil,Mehta,nikhil.mehta719@outlook.com,F,2004,Jaipur,Rajasthan,North,Referral,2025-07-31
15720,Isha,Patel,isha.patel720@yahoo.in,F,2000,Ahmedabad,Gujarat,West,Paid Social,2025-07-31
15721,Zoya,Menon,zoya.menon721@gmail.com,F,2006,Kolkata,West Bengal,East,Paid Social,2025-07-31
15722,Aditya,Mehta,aditya.mehta722@gmail.com,F,1980,Delhi,Delhi,North,Referral,2025-07-31
15723,Vivaan,Yadav,vivaan.yadav723@gmail.com,M,1991,Lucknow,Uttar Pradesh,North,Paid Social,2025-07-31
15724,Deepak,Gupta,deepak.gupta724@gmail.com,F,1990,Bengaluru,Karnataka,South,Paid Search,2025-07-31
15725,Sneha,Mehta,sneha.mehta725@rediffmail.com,M,1998,Indore,Madhya Pradesh,West,Paid Social,2025-07-31
15726,Saanvi,Mishra,saanvi.mishra726@gmail.com,F,1986,Kolkata,West Bengal,East,Organic Search,2025-07-31
15727,Karan,Iyer,karan.iyer727@gmail.com,M,1987,Delhi,Delhi,North,Paid Search,2025-07-31
15728,Farhan,Kapoor,farhan.kapoor728@gmail.com,M,1994,Chennai,Tamil Nadu,South,Paid Social,2025-07-31
15729,Arnav,Agarwal,arnav.agarwal729@gmail.com,F,1978,Pune,Maharashtra,West,Organic Search,2025-07-31
15730,Lakshmi,Chopra,lakshmi.chopra730@outlook.com,M,1977,Noida,Uttar Pradesh,North,Referral,2025-07-31
15731,Pari,Verma,pari.verma731@gmail.com,F,1993,Pune,Maharashtra,West,Organic Search,2025-07-31
15732,Aarav,Yadav,aarav.yadav732@outlook.com,M,2006,Mumbai,Maharashtra,West,Paid Search,2025-07-31
15733,Kiara,Mehta,kiara.mehta733@gmail.com,M,1994,Gurugram,Haryana,North,Paid Search,2025-07-31
15734,Sai,Malhotra,sai.malhotra734@gmail.com,F,1990,Noida,Uttar Pradesh,North,Paid Social,2025-08-01
15735,Rahul,Pillai,rahul.pillai735@gmail.com,F,1997,Jaipur,Rajasthan,North,Organic Search,2025-08-01
15736,Ishaan,Joshi,ishaan.joshi736@gmail.com,F,1998,Ahmedabad,Gujarat,West,Referral,2025-08-01
15737,Meera,Singh,meera.singh737@gmail.com,F,1992,Delhi,Delhi,North,Paid Search,2025-08-01
15738,Arnav,Chopra,arnav.chopra738@gmail.com,F,1988,Delhi,Delhi,North,Organic Search,2025-08-01
15739,Rohan,Chopra,rohan.chopra739@gmail.com,M,1981,Chandigarh,Chandigarh,North,Organic Search,2025-08-01
15740,Amit,Gupta,amit.gupta740@yahoo.in,M,2001,Bengaluru,Karnataka,South,Affiliate,2025-08-01
15741,Kavya,Kumar,kavya.kumar741@gmail.com,M,1990,Kolkata,West Bengal,East,Paid Search,2025-08-01
15742,Aadhya,Patel,aadhya.patel742@gmail.com,F,1997,Delhi,Delhi,North,Paid Search,2025-08-01
15743,Zoya,Das,zoya.das743@gmail.com,F,2002,Kolkata,West Bengal,East,Organic Search,2025-08-02
15744,Vivaan,Khan,vivaan.khan744@outlook.com,M,1991,Bengaluru,Karnataka,South,Paid Social,2025-08-02
15745,Karan,Malhotra,karan.malhotra745@outlook.com,F,1982,Kochi,Kerala,South,Paid Search,2025-08-02
15746,Vivaan,Gupta,vivaan.gupta746@gmail.com,M,1992,Pune,Maharashtra,West,Organic Search,2025-08-02
15747,Aditya,Mishra,aditya.mishra747@gmail.com,F,1992,Mumbai,Maharashtra,West,Referral,2025-08-02
15748,Pooja,Kapoor,pooja.kapoor748@gmail.com,F,1997,Hyderabad,Telangana,South,Email,2025-08-02
15749,Harpreet,Gupta,harpreet.gupta749@gmail.com,F,1989,Ahmedabad,Gujarat,West,Paid Search,2025-08-02
15750,Nikhil,Kumar,nikhil.kumar750@yahoo.in,F,1989,Chennai,Tamil Nadu,South,Paid Search,2025-08-02
15751,Kiara,Mishra,kiara.mishra751@gmail.com,F,1990,Chennai,Tamil Nadu,South,Paid Search,2025-08-02
15752,Myra,Banerjee,myra.banerjee752@gmail.com,M,1996,Pune,Maharashtra,West,Affiliate,2025-08-02
15753,Priya,Mehta,priya.mehta753@yahoo.in,F,2001,Ahmedabad,Gujarat,West,Paid Social,2025-08-02
15754,Diya,Joshi,diya.joshi754@gmail.com,M,2006,Mumbai,Maharashtra,West,Organic Search,2025-08-03
15755,Aarav,Menon,aarav.menon755@gmail.com,M,2006,Bengaluru,Karnataka,South,Paid Social,2025-08-03
15756,Aman,Singh,aman.singh756@outlook.com,F,1992,Bengaluru,Karnataka,South,Paid Search,2025-08-03
15757,Amit,Shah,amit.shah757@gmail.com,F,1988,Bengaluru,Karnataka,South,Organic Search,2025-08-03
15758,Harpreet,Reddy,harpreet.reddy758@gmail.com,M,1989,Delhi,Delhi,North,Affiliate,2025-08-03
15759,Pooja,Yadav,pooja.yadav759@gmail.com,F,1983,Kolkata,West Bengal,East,Organic Search,2025-08-03
15760,Myra,Joshi,myra.joshi760@gmail.com,F,1994,Chandigarh,Chandigarh,North,Paid Search,2025-08-03
15761,Aditya,Agarwal,aditya.agarwal761@gmail.com,M,1986,Lucknow,Uttar Pradesh,North,Paid Social,2025-08-03
15762,Riya,Gupta,riya.gupta762@gmail.com,F,1985,Noida,Uttar Pradesh,North,Paid Social,2025-08-03
15763,Vikram,Das,vikram.das763@gmail.com,F,1985,Delhi,Delhi,North,Organic Search,2025-08-03
15764,Harpreet,Kumar,harpreet.kumar764@rediffmail.com,F,2001,Mumbai,Maharashtra,West,Paid Social,2025-08-04
15765,Kabir,Chopra,kabir.chopra765@yahoo.in,F,1993,Delhi,Delhi,North,Referral,2025-08-04
15766,Myra,Sharma,myra.sharma766@yahoo.in,M,1983,Gurugram,Haryana,North,Email,2025-08-04
15767,Kabir,Das,kabir.das767@gmail.com,F,2001,Delhi,Delhi,North,Organic Search,2025-08-04
15768,Krishna,Joshi,krishna.joshi768@yahoo.in,F,2003,Gurugram,Haryana,North,Organic Search,2025-08-04
15769,Arnav,Mehta,arnav.mehta769@gmail.com,M,1990,Kolkata,West Bengal,East,Affiliate,2025-08-04
15770,Pari,Kapoor,pari.kapoor770@rediffmail.com,F,1987,Ahmedabad,Gujarat,West,Paid Social,2025-08-04
15771,Aarav,Malhotra,aarav.malhotra771@gmail.com,M,1987,Delhi,Delhi,North,Paid Search,2025-08-04
15772,Aditya,Kapoor,aditya.kapoor772@gmail.com,M,1996,Ahmedabad,Gujarat,West,Referral,2025-08-04
15773,Saanvi,Joshi,saanvi.joshi773@gmail.com,F,2001,Indore,Madhya Pradesh,West,Organic Search,2025-08-05
15774,Vivaan,Nair,vivaan.nair774@yahoo.in,M,1995,Ahmedabad,Gujarat,West,Affiliate,2025-08-05
15775,Arnav,Iyer,arnav.iyer775@gmail.com,M,1983,Chandigarh,Chandigarh,North,Paid Social,2025-08-05
15776,Aman,Pillai,aman.pillai776@yahoo.in,F,2002,Bengaluru,Karnataka,South,Email,2025-08-05
15777,Lakshmi,Shah,lakshmi.shah777@outlook.com,M,1993,Gurugram,Haryana,North,Paid Social,2025-08-05
15778,Harpreet,Menon,harpreet.menon778@gmail.com,F,1992,Noida,Uttar Pradesh,North,Referral,2025-08-05
15779,Vivaan,Patel,vivaan.patel779@gmail.com,F,1997,Kolkata,West Bengal,East,Paid Search,2025-08-05
15780,Karan,Banerjee,karan.banerjee780@outlook.com,M,2002,Mumbai,Maharashtra,West,Organic Search,2025-08-05
15781,Harpreet,Malhotra,harpreet.malhotra781@gmail.com,M,1984,Gurugram,Haryana,North,Paid Search,2025-08-05
15782,Harpreet,Yadav,harpreet.yadav782@yahoo.in,M,1983,Noida,Uttar Pradesh,North,Email,2025-08-05
15783,Priya,Iyer,priya.iyer783@gmail.com,M,1993,Bengaluru,Karnataka,South,Paid Social,2025-08-05
15784,Deepak,Bose,deepak.bose784@gmail.com,M,1993,Delhi,Delhi,North,Paid Search,2025-08-05
15785,Krishna,Mishra,krishna.mishra785@outlook.com,M,2001,Mumbai,Maharashtra,West,Organic Search,2025-08-05
15786,Tanvi,Kumar,tanvi.kumar786@gmail.com,M,2004,Chandigarh,Chandigarh,North,Paid Social,2025-08-05
15787,Ananya,Iyer,ananya.iyer787@gmail.com,F,1989,Noida,Uttar Pradesh,North,Paid Social,2025-08-05
15788,Lakshmi,Mehta,lakshmi.mehta788@gmail.com,M,1996,Pune,Maharashtra,West,Paid Social,2025-08-06
15789,Arnav,Mishra,arnav.mishra789@gmail.com,M,1997,Delhi,Delhi,North,Referral,2025-08-06
15790,Lakshmi,Shah,lakshmi.shah790@gmail.com,F,1998,Mumbai,Maharashtra,West,Organic Search,2025-08-06
15791,Aditya,Kumar,aditya.kumar791@gmail.com,F,1981,Delhi,Delhi,North,Paid Social,2025-08-06
15792,Ananya,Kumar,ananya.kumar792@outlook.com,M,1998,Kolkata,West Bengal,East,Paid Search,2025-08-06
15793,Myra,Das,myra.das793@gmail.com,F,1987,Indore,Madhya Pradesh,West,Organic Search,2025-08-06
15794,Deepak,Verma,deepak.verma794@gmail.com,M,1998,Delhi,Delhi,North,Paid Search,2025-08-06
15795,Meera,Joshi,meera.joshi795@gmail.com,F,1984,Noida,Uttar Pradesh,North,Referral,2025-08-06
15796,Manish,Reddy,manish.reddy796@gmail.com,M,1994,Bengaluru,Karnataka,South,Organic Search,2025-08-06
15797,Harpreet,Das,harpreet.das797@gmail.com,F,1991,Bengaluru,Karnataka,South,Organic Search,2025-08-06
15798,Diya,Sharma,diya.sharma798@rediffmail.com,M,2006,Mumbai,Maharashtra,West,Paid Social,2025-08-07
15799,Ishaan,Patel,ishaan.patel799@gmail.com,M,1986,Gurugram,Haryana,North,Paid Search,2025-08-07
15800,Karan,Singh,karan.singh800@yahoo.in,M,1986,Pune,Maharashtra,West,Referral,2025-08-07
15801,Zoya,Patel,zoya.patel801@gmail.com,M,2005,Jaipur,Rajasthan,North,Referral,2025-08-07
15802,Rohan,Banerjee,rohan.banerjee802@gmail.com,M,2000,Delhi,Delhi,North,Paid Social,2025-08-07
15803,Meera,Patel,meera.patel803@gmail.com,M,1995,Mumbai,Maharashtra,West,Paid Search,2025-08-07
15804,Myra,Bose,myra.bose804@rediffmail.com,F,1989,Hyderabad,Telangana,South,Organic Search,2025-08-07
15805,Zoya,Mehta,zoya.mehta805@gmail.com,F,1984,Mumbai,Maharashtra,West,Paid Search,2025-08-07
15806,Vikram,Patel,vikram.patel806@gmail.com,F,1990,Delhi,Delhi,North,Paid Social,2025-08-07
15807,Tanvi,Malhotra,tanvi.malhotra807@gmail.com,M,1989,Delhi,Delhi,North,Organic Search,2025-08-07
15808,Vivaan,Mishra,vivaan.mishra808@gmail.com,F,1988,Indore,Madhya Pradesh,West,Referral,2025-08-07
15809,Simran,Joshi,simran.joshi809@gmail.com,M,1989,Pune,Maharashtra,West,Affiliate,2025-08-07
15810,Karan,Menon,karan.menon810@rediffmail.com,M,1989,Bengaluru,Karnataka,South,Referral,2025-08-08
15811,Rohan,Nair,rohan.nair811@outlook.com,M,2001,Ahmedabad,Gujarat,West,Paid Search,2025-08-08
15812,Neha,Mehta,neha.mehta812@gmail.com,M,1982,Pune,Maharashtra,West,Referral,2025-08-08
15813,Diya,Banerjee,diya.banerjee813@outlook.com,F,1996,Pune,Maharashtra,West,Organic Search,2025-08-08
15814,Sai,Menon,sai.menon814@gmail.com,M,1995,Kolkata,West Bengal,East,Affiliate,2025-08-08
15815,Neha,Agarwal,neha.agarwal815@outlook.com,F,1993,Chennai,Tamil Nadu,South,Paid Search,2025-08-08
15816,Tanvi,Chopra,tanvi.chopra816@gmail.com,F,1999,Mumbai,Maharashtra,West,Paid Social,2025-08-08
15817,Zoya,Das,zoya.das817@gmail.com,F,1997,Bengaluru,Karnataka,South,Organic Search,2025-08-08
15818,Deepak,Verma,deepak.verma818@gmail.com,M,1994,Delhi,Delhi,North,Paid Social,2025-08-08
15819,Karan,Yadav,karan.yadav819@outlook.com,F,2002,Delhi,Delhi,North,Paid Search,2025-08-08
15820,Aarav,Gupta,aarav.gupta820@gmail.com,F,1974,Chandigarh,Chandigarh,North,Organic Search,2025-08-08
15821,Myra,Agarwal,myra.agarwal821@gmail.com,F,2006,Hyderabad,Telangana,South,Paid Search,2025-08-08
15822,Isha,Joshi,isha.joshi822@gmail.com,F,2003,Kochi,Kerala,South,Organic Search,2025-08-08
15823,Manish,Pillai,manish.pillai823@gmail.com,F,2006,Bengaluru,Karnataka,South,Organic Search,2025-08-08
15824,Reyansh,Shah,reyansh.shah824@gmail.com,M,1986,Bengaluru,Karnataka,South,Email,2025-08-08
15825,Arnav,Kumar,arnav.kumar825@gmail.com,M,1994,Delhi,Delhi,North,Organic Search,2025-08-09
15826,Rohan,Gupta,rohan.gupta826@yahoo.in,M,1996,Kolkata,West Bengal,East,Paid Social,2025-08-09
15827,Meera,Das,meera.das827@yahoo.in,M,1990,Delhi,Delhi,North,Organic Search,2025-08-09
15828,Neha,Chopra,neha.chopra828@gmail.com,F,1995,Kolkata,West Bengal,East,Paid Social,2025-08-09
15829,Kavya,Verma,kavya.verma829@gmail.com,M,1995,Gurugram,Haryana,North,Affiliate,2025-08-09
15830,Diya,Kapoor,diya.kapoor830@rediffmail.com,M,1984,Delhi,Delhi,North,Paid Search,2025-08-09
15831,Neha,Malhotra,neha.malhotra831@gmail.com,M,1999,Ahmedabad,Gujarat,West,Affiliate,2025-08-09
15832,Karan,Menon,karan.menon832@gmail.com,F,1999,Delhi,Delhi,North,Paid Social,2025-08-09
15833,Ishaan,Iyer,ishaan.iyer833@gmail.com,F,1988,Delhi,Delhi,North,Paid Social,2025-08-09
15834,Ananya,Yadav,ananya.yadav834@gmail.com,F,1983,Bengaluru,Karnataka,South,Organic Search,2025-08-09
15835,Farhan,Das,farhan.das835@outlook.com,F,1994,Bengaluru,Karnataka,South,Affiliate,2025-08-09
15836,Zoya,Gupta,zoya.gupta836@gmail.com,M,1987,Jaipur,Rajasthan,North,Email,2025-08-09
15837,Meera,Kapoor,meera.kapoor837@gmail.com,F,1996,Pune,Maharashtra,West,Organic Search,2025-08-09
15838,Ishaan,Verma,ishaan.verma838@gmail.com,M,1987,Ahmedabad,Gujarat,West,Organic Search,2025-08-09
15839,Rohan,Pillai,rohan.pillai839@yahoo.in,M,2005,Gurugram,Haryana,North,Paid Search,2025-08-09
15840,Lakshmi,Patel,lakshmi.patel840@gmail.com,F,1988,Mumbai,Maharashtra,West,Organic Search,2025-08-09
15841,Lakshmi,Rao,lakshmi.rao841@outlook.com,M,1986,Bengaluru,Karnataka,South,Paid Search,2025-08-09
15842,Kiara,Reddy,kiara.reddy842@gmail.com,M,1994,Chennai,Tamil Nadu,South,Affiliate,2025-08-09
15843,Sneha,Gupta,sneha.gupta843@gmail.com,F,1981,Mumbai,Maharashtra,West,Email,2025-08-09
15844,Aditya,Mishra,aditya.mishra844@gmail.com,M,1987,Bengaluru,Karnataka,South,Paid Search,2025-08-10
15845,Meera,Nair,meera.nair845@gmail.com,F,1980,Pune,Maharashtra,West,Organic Search,2025-08-10
15846,Arjun,Rao,arjun.rao846@gmail.com,F,1995,Bengaluru,Karnataka,South,Paid Social,2025-08-10
15847,Arjun,Sharma,arjun.sharma847@outlook.com,F,2001,Hyderabad,Telangana,South,Affiliate,2025-08-10
15848,Amit,Shah,amit.shah848@gmail.com,M,1990,Pune,Maharashtra,West,Referral,2025-08-10
15849,Simran,Malhotra,simran.malhotra849@outlook.com,F,2004,Delhi,Delhi,North,Email,2025-08-10
15850,Lakshmi,Banerjee,lakshmi.banerjee850@gmail.com,M,1987,Chennai,Tamil Nadu,South,Referral,2025-08-10
15851,Isha,Yadav,isha.yadav851@gmail.com,M,1990,Indore,Madhya Pradesh,West,Paid Social,2025-08-11
15852,Rahul,Banerjee,rahul.banerjee852@gmail.com,M,2001,Indore,Madhya Pradesh,West,Organic Search,2025-08-11
15853,Amit,Nair,amit.nair853@gmail.com,M,1999,Pune,Maharashtra,West,Referral,2025-08-11
15854,Priya,Reddy,priya.reddy854@gmail.com,F,1997,Gurugram,Haryana,North,Paid Social,2025-08-11
15855,Nikhil,Rao,nikhil.rao855@rediffmail.com,M,2002,Pune,Maharashtra,West,Referral,2025-08-11
15856,Farhan,Banerjee,farhan.banerjee856@gmail.com,M,1993,Pune,Maharashtra,West,Referral,2025-08-11
15857,Priya,Chopra,priya.chopra857@yahoo.in,F,1996,Mumbai,Maharashtra,West,Organic Search,2025-08-11
15858,Kabir,Bose,kabir.bose858@gmail.com,M,1988,Gurugram,Haryana,North,Paid Search,2025-08-11
15859,Simran,Rao,simran.rao859@gmail.com,M,2006,Hyderabad,Telangana,South,Email,2025-08-11
15860,Tanvi,Pillai,tanvi.pillai860@gmail.com,M,1990,Mumbai,Maharashtra,West,Paid Search,2025-08-11
15861,Kiara,Malhotra,kiara.malhotra861@gmail.com,F,1992,Bengaluru,Karnataka,South,Organic Search,2025-08-11
15862,Rohan,Bose,rohan.bose862@gmail.com,F,1995,Delhi,Delhi,North,Paid Social,2025-08-11
15863,Kiara,Agarwal,kiara.agarwal863@gmail.com,M,1999,Pune,Maharashtra,West,Paid Search,2025-08-12
15864,Simran,Kapoor,simran.kapoor864@gmail.com,F,1999,Delhi,Delhi,North,Paid Social,2025-08-12
15865,Saanvi,Malhotra,saanvi.malhotra865@gmail.com,M,1972,Bengaluru,Karnataka,South,Paid Social,2025-08-12
15866,Arnav,Sharma,arnav.sharma866@gmail.com,F,2006,Ahmedabad,Gujarat,West,Paid Social,2025-08-12
15867,Kabir,Yadav,kabir.yadav867@yahoo.in,F,2006,Mumbai,Maharashtra,West,Affiliate,2025-08-12
15868,Ishaan,Patel,ishaan.patel868@gmail.com,M,2004,Kolkata,West Bengal,East,Organic Search,2025-08-12
15869,Aditya,Pillai,aditya.pillai869@gmail.com,M,1995,Chandigarh,Chandigarh,North,Affiliate,2025-08-12
15870,Reyansh,Rao,reyansh.rao870@gmail.com,F,2003,Mumbai,Maharashtra,West,Referral,2025-08-12
15871,Ananya,Rao,ananya.rao871@yahoo.in,M,1996,Bengaluru,Karnataka,South,Email,2025-08-12
15872,Nikhil,Mehta,nikhil.mehta872@gmail.com,F,1995,Pune,Maharashtra,West,Referral,2025-08-12
15873,Amit,Mehta,amit.mehta873@rediffmail.com,F,1999,Bengaluru,Karnataka,South,Organic Search,2025-08-13
15874,Meera,Gupta,meera.gupta874@yahoo.in,M,1998,Kolkata,West Bengal,East,Paid Social,2025-08-13
15875,Arjun,Reddy,arjun.reddy875@gmail.com,M,2002,Bengaluru,Karnataka,South,Organic Search,2025-08-13
15876,Vikram,Verma,vikram.verma876@gmail.com,M,1976,Gurugram,Haryana,North,Paid Social,2025-08-13
15877,Karan,Yadav,karan.yadav877@gmail.com,F,1993,Noida,Uttar Pradesh,North,Organic Search,2025-08-13
15878,Rahul,Shah,rahul.shah878@gmail.com,F,1984,Chennai,Tamil Nadu,South,Organic Search,2025-08-13
15879,Karan,Gupta,karan.gupta879@gmail.com,M,2001,Delhi,Delhi,North,Email,2025-08-13
15880,Reyansh,Mishra,reyansh.mishra880@gmail.com,M,1986,Pune,Maharashtra,West,Email,2025-08-13
15881,Neha,Pillai,neha.pillai881@rediffmail.com,M,1991,Kochi,Kerala,South,Paid Social,2025-08-13
15882,Nikhil,Iyer,nikhil.iyer882@gmail.com,F,2001,Hyderabad,Telangana,South,Paid Search,2025-08-13
15883,Reyansh,Singh,reyansh.singh883@gmail.com,M,2004,Delhi,Delhi,North,Referral,2025-08-13
15884,Krishna,Malhotra,krishna.malhotra884@gmail.com,F,2001,Bengaluru,Karnataka,South,Affiliate,2025-08-13
15885,Riya,Sharma,riya.sharma885@gmail.com,M,2000,Mumbai,Maharashtra,West,Organic Search,2025-08-13
15886,Amit,Singh,amit.singh886@outlook.com,F,1984,Kochi,Kerala,South,Organic Search,2025-08-13
15887,Rohan,Gupta,rohan.gupta887@gmail.com,F,1985,Ahmedabad,Gujarat,West,Email,2025-08-14
15888,Saanvi,Singh,saanvi.singh888@outlook.com,F,1983,Ahmedabad,Gujarat,West,Organic Search,2025-08-14
15889,Arnav,Sharma,arnav.sharma889@gmail.com,F,1985,Delhi,Delhi,North,Paid Social,2025-08-14
15890,Saanvi,Nair,saanvi.nair890@outlook.com,F,1995,Lucknow,Uttar Pradesh,North,Paid Social,2025-08-14
15891,Pari,Kapoor,pari.kapoor891@gmail.com,F,2002,Mumbai,Maharashtra,West,Paid Social,2025-08-14
15892,Simran,Iyer,simran.iyer892@outlook.com,F,2002,Bengaluru,Karnataka,South,Organic Search,2025-08-14
15893,Rohan,Reddy,rohan.reddy893@gmail.com,M,1979,Pune,Maharashtra,West,Referral,2025-08-14
15894,Priya,Menon,priya.menon894@gmail.com,F,1993,Chennai,Tamil Nadu,South,Paid Social,2025-08-14
15895,Aadhya,Joshi,aadhya.joshi895@gmail.com,F,1991,Delhi,Delhi,North,Affiliate,2025-08-15
15896,Neha,Sharma,neha.sharma896@gmail.com,M,1975,Chandigarh,Chandigarh,North,Paid Social,2025-08-15
15897,Ananya,Chopra,ananya.chopra897@gmail.com,F,2000,Indore,Madhya Pradesh,West,Email,2025-08-15
15898,Arnav,Khan,arnav.khan898@gmail.com,F,2000,Bengaluru,Karnataka,South,Organic Search,2025-08-15
15899,Reyansh,Banerjee,reyansh.banerjee899@gmail.com,F,1989,Pune,Maharashtra,West,Organic Search,2025-08-15
15900,Sneha,Mishra,sneha.mishra900@gmail.com,F,1991,Mumbai,Maharashtra,West,Affiliate,2025-08-15
15901,Karan,Pillai,karan.pillai901@gmail.com,M,1995,Delhi,Delhi,North,Organic Search,2025-08-15
15902,Aman,Sharma,aman.sharma902@rediffmail.com,M,1997,Bengaluru,Karnataka,South,Organic Search,2025-08-15
15903,Arjun,Das,arjun.das903@gmail.com,F,1988,Kochi,Kerala,South,Organic Search,2025-08-15
15904,Harpreet,Khan,harpreet.khan904@yahoo.in,F,1987,Hyderabad,Telangana,South,Paid Social,2025-08-15
15905,Kabir,Rao,kabir.rao905@gmail.com,F,1985,Bengaluru,Karnataka,South,Referral,2025-08-15
15906,Tanvi,Das,tanvi.das906@gmail.com,M,2005,Bengaluru,Karnataka,South,Email,2025-08-15
15907,Aditya,Mehta,aditya.mehta907@gmail.com,F,2003,Hyderabad,Telangana,South,Organic Search,2025-08-15
15908,Reyansh,Patel,reyansh.patel908@outlook.com,F,1985,Hyderabad,Telangana,South,Paid Search,2025-08-15
15909,Amit,Malhotra,amit.malhotra909@gmail.com,M,1986,Delhi,Delhi,North,Paid Search,2025-08-15
15910,Sai,Patel,sai.patel910@gmail.com,F,1985,Mumbai,Maharashtra,West,Affiliate,2025-08-15
15911,Isha,Joshi,isha.joshi911@yahoo.in,F,1982,Chennai,Tamil Nadu,South,Paid Social,2025-08-15
15912,Isha,Kapoor,isha.kapoor912@gmail.com,M,2006,Chennai,Tamil Nadu,South,Paid Search,2025-08-15
15913,Priya,Yadav,priya.yadav913@gmail.com,M,1988,Bengaluru,Karnataka,South,Paid Search,2025-08-15
15914,Aditya,Mehta,aditya.mehta914@gmail.com,F,2000,Jaipur,Rajasthan,North,Paid Search,2025-08-15
15915,Riya,Patel,riya.patel915@gmail.com,F,1991,Hyderabad,Telangana,South,Paid Social,2025-08-15
15916,Aadhya,Verma,aadhya.verma916@gmail.com,M,1992,Lucknow,Uttar Pradesh,North,Paid Social,2025-08-15
15917,Nikhil,Mishra,nikhil.mishra917@gmail.com,F,1991,Noida,Uttar Pradesh,North,Paid Social,2025-08-16
15918,Rohan,Banerjee,rohan.banerjee918@rediffmail.com,M,1996,Pune,Maharashtra,West,Paid Search,2025-08-16
15919,Rohan,Kumar,rohan.kumar919@yahoo.in,F,1992,Ahmedabad,Gujarat,West,Organic Search,2025-08-16
15920,Vivaan,Kapoor,vivaan.kapoor920@gmail.com,F,1999,Mumbai,Maharashtra,West,Paid Social,2025-08-16
15921,Harpreet,Joshi,harpreet.joshi921@gmail.com,F,2003,Indore,Madhya Pradesh,West,Referral,2025-08-16
15922,Myra,Pillai,myra.pillai922@rediffmail.com,F,1989,Bengaluru,Karnataka,South,Organic Search,2025-08-16
15923,Reyansh,Verma,reyansh.verma923@gmail.com,M,1995,Gurugram,Haryana,North,Paid Social,2025-08-16
15924,Kabir,Shah,kabir.shah924@gmail.com,M,1980,Jaipur,Rajasthan,North,Email,2025-08-16
15925,Reyansh,Iyer,reyansh.iyer925@gmail.com,F,1989,Bengaluru,Karnataka,South,Paid Social,2025-08-16
15926,Sai,Bose,sai.bose926@gmail.com,F,1994,Kochi,Kerala,South,Paid Social,2025-08-16
15927,Aditya,Iyer,aditya.iyer927@gmail.com,M,1992,Chennai,Tamil Nadu,South,Paid Social,2025-08-16
15928,Riya,Kumar,riya.kumar928@gmail.com,F,1993,Delhi,Delhi,North,Paid Search,2025-08-16
15929,Pooja,Banerjee,pooja.banerjee929@gmail.com,M,1998,Ahmedabad,Gujarat,West,Organic Search,2025-08-16
15930,Lakshmi,Verma,lakshmi.verma930@rediffmail.com,F,1999,Hyderabad,Telangana,South,Paid Search,2025-08-17
15931,Kavya,Joshi,kavya.joshi931@gmail.com,M,1976,Lucknow,Uttar Pradesh,North,Organic Search,2025-08-17
15932,Vikram,Mehta,vikram.mehta932@gmail.com,F,1995,Bengaluru,Karnataka,South,Paid Social,2025-08-17
15933,Amit,Verma,amit.verma933@outlook.com,F,1991,Mumbai,Maharashtra,West,Paid Social,2025-08-17
15934,Deepak,Mehta,deepak.mehta934@outlook.com,M,1990,Bengaluru,Karnataka,South,Organic Search,2025-08-17
15935,Deepak,Chopra,deepak.chopra935@gmail.com,F,2005,Delhi,Delhi,North,Affiliate,2025-08-17
15936,Krishna,Khan,krishna.khan936@gmail.com,F,1979,Chandigarh,Chandigarh,North,Affiliate,2025-08-17
15937,Pooja,Verma,pooja.verma937@gmail.com,F,1993,Jaipur,Rajasthan,North,Organic Search,2025-08-17
15938,Farhan,Rao,farhan.rao938@gmail.com,F,2005,Mumbai,Maharashtra,West,Paid Search,2025-08-17
15939,Harpreet,Nair,harpreet.nair939@outlook.com,M,1994,Delhi,Delhi,North,Organic Search,2025-08-17
15940,Kiara,Reddy,kiara.reddy940@gmail.com,F,1986,Mumbai,Maharashtra,West,Affiliate,2025-08-17
15941,Karan,Mishra,karan.mishra941@gmail.com,F,1992,Ahmedabad,Gujarat,West,Paid Social,2025-08-17
15942,Neha,Menon,neha.menon942@gmail.com,F,2006,Delhi,Delhi,North,Paid Social,2025-08-17
15943,Karan,Gupta,karan.gupta943@yahoo.in,M,2003,Jaipur,Rajasthan,North,Affiliate,2025-08-18
15944,Meera,Joshi,meera.joshi944@rediffmail.com,M,1989,Gurugram,Haryana,North,Paid Social,2025-08-18
15945,Pooja,Reddy,pooja.reddy945@gmail.com,M,2006,Kolkata,West Bengal,East,Email,2025-08-18
15946,Zoya,Pillai,zoya.pillai946@gmail.com,M,1999,Delhi,Delhi,North,Organic Search,2025-08-18
15947,Aditya,Malhotra,aditya.malhotra947@gmail.com,M,1973,Bengaluru,Karnataka,South,Organic Search,2025-08-18
15948,Aditya,Banerjee,aditya.banerjee948@gmail.com,M,1993,Mumbai,Maharashtra,West,Paid Search,2025-08-18
15949,Simran,Agarwal,simran.agarwal949@gmail.com,F,2006,Jaipur,Rajasthan,North,Email,2025-08-18
15950,Myra,Pillai,myra.pillai950@gmail.com,M,1992,Chennai,Tamil Nadu,South,Organic Search,2025-08-18
15951,Myra,Shah,myra.shah951@gmail.com,F,2006,Bengaluru,Karnataka,South,Paid Search,2025-08-18
15952,Farhan,Menon,farhan.menon952@gmail.com,M,1982,Bengaluru,Karnataka,South,Referral,2025-08-18
15953,Amit,Banerjee,amit.banerjee953@yahoo.in,F,1983,Delhi,Delhi,North,Organic Search,2025-08-18
15954,Amit,Singh,amit.singh954@gmail.com,M,2003,Lucknow,Uttar Pradesh,North,Paid Social,2025-08-18
15955,Deepak,Shah,deepak.shah955@gmail.com,F,2000,Jaipur,Rajasthan,North,Organic Search,2025-08-18
15956,Saanvi,Banerjee,saanvi.banerjee956@gmail.com,M,1993,Mumbai,Maharashtra,West,Organic Search,2025-08-19
15957,Ananya,Yadav,ananya.yadav957@gmail.com,M,2000,Kochi,Kerala,South,Paid Search,2025-08-19
15958,Vivaan,Pillai,vivaan.pillai958@gmail.com,M,1989,Mumbai,Maharashtra,West,Referral,2025-08-19
15959,Deepak,Khan,deepak.khan959@gmail.com,M,1984,Chandigarh,Chandigarh,North,Organic Search,2025-08-19
15960,Aarav,Mishra,aarav.mishra960@outlook.com,F,1997,Delhi,Delhi,North,Paid Search,2025-08-19
15961,Kiara,Agarwal,kiara.agarwal961@gmail.com,M,1991,Mumbai,Maharashtra,West,Referral,2025-08-19
15962,Isha,Malhotra,isha.malhotra962@rediffmail.com,M,1997,Delhi,Delhi,North,Paid Search,2025-08-19
15963,Deepak,Joshi,deepak.joshi963@rediffmail.com,M,1995,Mumbai,Maharashtra,West,Paid Search,2025-08-19
15964,Neha,Patel,neha.patel964@gmail.com,M,1991,Kolkata,West Bengal,East,Paid Social,2025-08-19
15965,Aarav,Patel,aarav.patel965@outlook.com,F,2006,Ahmedabad,Gujarat,West,Email,2025-08-19
15966,Kabir,Rao,kabir.rao966@yahoo.in,M,1985,Noida,Uttar Pradesh,North,Email,2025-08-19
15967,Rahul,Das,rahul.das967@gmail.com,F,1995,Jaipur,Rajasthan,North,Organic Search,2025-08-19
15968,Zoya,Malhotra,zoya.malhotra968@yahoo.in,F,1993,Ahmedabad,Gujarat,West,Paid Social,2025-08-19
15969,Aditya,Pillai,aditya.pillai969@gmail.com,F,1996,Delhi,Delhi,North,Paid Social,2025-08-19
15970,Nikhil,Verma,nikhil.verma970@gmail.com,F,1994,Chennai,Tamil Nadu,South,Paid Search,2025-08-19
15971,Krishna,Gupta,krishna.gupta971@gmail.com,F,2002,Ahmedabad,Gujarat,West,Paid Social,2025-08-19
15972,Ishaan,Malhotra,ishaan.malhotra972@outlook.com,M,1996,Pune,Maharashtra,West,Email,2025-08-20
15973,Reyansh,Menon,reyansh.menon973@outlook.com,M,1988,Bengaluru,Karnataka,South,Referral,2025-08-20
15974,Ishaan,Khan,ishaan.khan974@gmail.com,M,1985,Noida,Uttar Pradesh,North,Paid Social,2025-08-20
15975,Vikram,Rao,vikram.rao975@gmail.com,M,1987,Delhi,Delhi,North,Organic Search,2025-08-20
15976,Harpreet,Iyer,harpreet.iyer976@gmail.com,M,1987,Indore,Madhya Pradesh,West,Paid Social,2025-08-20
15977,Aditya,Patel,aditya.patel977@outlook.com,F,1999,Gurugram,Haryana,North,Paid Social,2025-08-20
15978,Lakshmi,Patel,lakshmi.patel978@gmail.com,M,1993,Delhi,Delhi,North,Paid Search,2025-08-20
15979,Rohan,Shah,rohan.shah979@gmail.com,F,1997,Kochi,Kerala,South,Affiliate,2025-08-20
15980,Manish,Bose,manish.bose980@yahoo.in,F,1982,Hyderabad,Telangana,South,Affiliate,2025-08-20
15981,Aman,Nair,aman.nair981@gmail.com,F,1991,Delhi,Delhi,North,Affiliate,2025-08-20
15982,Tanvi,Verma,tanvi.verma982@gmail.com,M,1997,Chennai,Tamil Nadu,South,Referral,2025-08-20
15983,Neha,Mishra,neha.mishra983@gmail.com,M,2002,Delhi,Delhi,North,Paid Social,2025-08-20
15984,Deepak,Iyer,deepak.iyer984@yahoo.in,F,1982,Hyderabad,Telangana,South,Paid Search,2025-08-20
15985,Priya,Patel,priya.patel985@gmail.com,M,2006,Mumbai,Maharashtra,West,Affiliate,2025-08-20
15986,Reyansh,Pillai,reyansh.pillai986@gmail.com,M,2005,Pune,Maharashtra,West,Paid Search,2025-08-20
15987,Saanvi,Singh,saanvi.singh987@gmail.com,M,2002,Bengaluru,Karnataka,South,Organic Search,2025-08-20
15988,Krishna,Patel,krishna.patel988@gmail.com,M,2004,Delhi,Delhi,North,Organic Search,2025-08-21
15989,Ananya,Joshi,ananya.joshi989@gmail.com,M,1990,Kochi,Kerala,South,Referral,2025-08-21
15990,Vivaan,Gupta,vivaan.gupta990@gmail.com,F,1987,Gurugram,Haryana,North,Paid Search,2025-08-21
15991,Priya,Yadav,priya.yadav991@gmail.com,F,1994,Kolkata,West Bengal,East,Referral,2025-08-21
15992,Amit,Menon,amit.menon992@gmail.com,F,1996,Delhi,Delhi,North,Paid Social,2025-08-21
15993,Rahul,Kapoor,rahul.kapoor993@gmail.com,M,1988,Gurugram,Haryana,North,Paid Search,2025-08-21
15994,Rohan,Chopra,rohan.chopra994@gmail.com,M,1998,Delhi,Delhi,North,Email,2025-08-21
15995,Ananya,Khan,ananya.khan995@gmail.com,F,2005,Mumbai,Maharashtra,West,Email,2025-08-21
15996,Sneha,Reddy,sneha.reddy996@outlook.com,F,2001,Indore,Madhya Pradesh,West,Organic Search,2025-08-21
15997,Saanvi,Singh,saanvi.singh997@rediffmail.com,F,1994,Bengaluru,Karnataka,South,Organic Search,2025-08-21
15998,Aarav,Singh,aarav.singh998@gmail.com,F,1974,Hyderabad,Telangana,South,Paid Social,2025-08-21
15999,Nikhil,Singh,nikhil.singh999@gmail.com,M,1981,Pune,Maharashtra,West,Organic Search,2025-08-21
16000,Amit,Sharma,amit.sharma0@gmail.com,M,1993,Pune,Maharashtra,West,Paid Search,2025-08-21
16001,Ishaan,Agarwal,ishaan.agarwal1@gmail.com,M,1999,Chandigarh,Chandigarh,North,Affiliate,2025-08-21
16002,Arnav,Agarwal,arnav.agarwal2@rediffmail.com,M,1982,Bengaluru,Karnataka,South,Organic Search,2025-08-21
16003,Ananya,Agarwal,ananya.agarwal3@gmail.com,M,1994,Kochi,Kerala,South,Paid Search,2025-08-22
16004,Riya,Nair,riya.nair4@gmail.com,F,1999,Mumbai,Maharashtra,West,Paid Search,2025-08-22
16005,Vivaan,Gupta,vivaan.gupta5@gmail.com,M,1993,Mumbai,Maharashtra,West,Paid Search,2025-08-22
16006,Pari,Kumar,pari.kumar6@gmail.com,M,1989,Mumbai,Maharashtra,West,Paid Search,2025-08-22
16007,Kabir,Kapoor,kabir.kapoor7@gmail.com,M,1982,Noida,Uttar Pradesh,North,Organic Search,2025-08-22
16008,Aditya,Yadav,aditya.yadav8@yahoo.in,F,2000,Ahmedabad,Gujarat,West,Referral,2025-08-22
16009,Isha,Verma,isha.verma9@yahoo.in,F,1988,Delhi,Delhi,North,Referral,2025-08-22
16010,Kabir,Pillai,kabir.pillai10@gmail.com,F,2006,Chennai,Tamil Nadu,South,Paid Social,2025-08-22
16011,Ananya,Yadav,ananya.yadav11@gmail.com,M,1995,Delhi,Delhi,North,Email,2025-08-22
16012,Rahul,Kapoor,rahul.kapoor12@gmail.com,F,1996,Gurugram,Haryana,North,Organic Search,2025-08-22
16013,Harpreet,Reddy,harpreet.reddy13@gmail.com,F,2000,Delhi,Delhi,North,Paid Social,2025-08-23
16014,Ananya,Rao,ananya.rao14@gmail.com,M,1991,Mumbai,Maharashtra,West,Referral,2025-08-23
16015,Krishna,Kapoor,krishna.kapoor15@outlook.com,M,1997,Hyderabad,Telangana,South,Paid Social,2025-08-23
16016,Zoya,Yadav,zoya.yadav16@yahoo.in,M,1988,Kochi,Kerala,South,Affiliate,2025-08-23
16017,Kiara,Pillai,kiara.pillai17@gmail.com,F,1987,Mumbai,Maharashtra,West,Paid Social,2025-08-23
16018,Deepak,Nair,deepak.nair18@rediffmail.com,M,1986,Lucknow,Uttar Pradesh,North,Affiliate,2025-08-23
16019,Nikhil,Rao,nikhil.rao19@gmail.com,F,1990,Bengaluru,Karnataka,South,Organic Search,2025-08-23
16020,Ishaan,Singh,ishaan.singh20@outlook.com,F,2006,Bengaluru,Karnataka,South,Organic Search,2025-08-23
16021,Farhan,Gupta,farhan.gupta21@yahoo.in,F,1986,Bengaluru,Karnataka,South,Paid Search,2025-08-23
16022,Aarav,Sharma,aarav.sharma22@yahoo.in,M,1998,Mumbai,Maharashtra,West,Email,2025-08-23
16023,Priya,Khan,priya.khan23@gmail.com,F,1992,Ahmedabad,Gujarat,West,Organic Search,2025-08-24
16024,Arjun,Sharma,arjun.sharma24@gmail.com,M,1984,Delhi,Delhi,North,Organic Search,2025-08-24
16025,Farhan,Singh,farhan.singh25@gmail.com,F,2000,Lucknow,Uttar Pradesh,North,Affiliate,2025-08-24
16026,Aman,Mishra,aman.mishra26@outlook.com,F,1989,Kochi,Kerala,South,Paid Social,2025-08-24
16027,Deepak,Banerjee,deepak.banerjee27@outlook.com,F,1990,Delhi,Delhi,North,Paid Search,2025-08-24
16028,Aditya,Malhotra,aditya.malhotra28@gmail.com,F,2002,Jaipur,Rajasthan,North,Organic Search,2025-08-24
16029,Simran,Mehta,simran.mehta29@yahoo.in,F,1991,Noida,Uttar Pradesh,North,Referral,2025-08-24
16030,Riya,Verma,riya.verma30@gmail.com,F,1995,Delhi,Delhi,North,Affiliate,2025-08-24
16031,Harpreet,Chopra,harpreet.chopra31@yahoo.in,F,1993,Kochi,Kerala,South,Referral,2025-08-24
16032,Kiara,Gupta,kiara.gupta32@gmail.com,F,1993,Delhi,Delhi,North,Organic Search,2025-08-25
16033,Meera,Rao,meera.rao33@gmail.com,F,1983,Pune,Maharashtra,West,Paid Social,2025-08-25
16034,Isha,Pillai,isha.pillai34@gmail.com,F,2000,Chennai,Tamil Nadu,South,Paid Search,2025-08-25
16035,Tanvi,Pillai,tanvi.pillai35@outlook.com,M,1995,Delhi,Delhi,North,Email,2025-08-25
16036,Riya,Das,riya.das36@gmail.com,M,2000,Delhi,Delhi,North,Referral,2025-08-25
16037,Diya,Mehta,diya.mehta37@gmail.com,F,1994,Mumbai,Maharashtra,West,Referral,2025-08-25
16038,Aadhya,Bose,aadhya.bose38@gmail.com,M,2002,Gurugram,Haryana,North,Paid Search,2025-08-25
16039,Manish,Banerjee,manish.banerjee39@gmail.com,F,1995,Gurugram,Haryana,North,Organic Search,2025-08-25
16040,Aman,Shah,aman.shah40@gmail.com,M,2004,Indore,Madhya Pradesh,West,Referral,2025-08-25
16041,Aditya,Rao,aditya.rao41@gmail.com,F,1986,Gurugram,Haryana,North,Paid Social,2025-08-25
16042,Arjun,Agarwal,arjun.agarwal42@outlook.com,F,1987,Bengaluru,Karnataka,South,Organic Search,2025-08-26
16043,Zoya,Rao,zoya.rao43@gmail.com,F,2006,Kochi,Kerala,South,Referral,2025-08-26
16044,Nikhil,Kumar,nikhil.kumar44@gmail.com,F,2000,Noida,Uttar Pradesh,North,Organic Search,2025-08-26
16045,Rohan,Mehta,rohan.mehta45@gmail.com,M,2006,Noida,Uttar Pradesh,North,Referral,2025-08-26
16046,Lakshmi,Rao,lakshmi.rao46@gmail.com,F,1998,Delhi,Delhi,North,Paid Social,2025-08-26
16047,Aarav,Joshi,aarav.joshi47@gmail.com,M,1991,Delhi,Delhi,North,Organic Search,2025-08-26
16048,Krishna,Chopra,krishna.chopra48@gmail.com,F,2006,Mumbai,Maharashtra,West,Referral,2025-08-26
16049,Sneha,Yadav,sneha.yadav49@gmail.com,M,1979,Pune,Maharashtra,West,Paid Search,2025-08-26
16050,Sneha,Mishra,sneha.mishra50@gmail.com,F,2000,Gurugram,Haryana,North,Paid Social,2025-08-26
16051,Rohan,Patel,rohan.patel51@gmail.com,M,1973,Chandigarh,Chandigarh,North,Affiliate,2025-08-26
16052,Karan,Patel,karan.patel52@gmail.com,F,2006,Gurugram,Haryana,North,Email,2025-08-26
16053,Simran,Singh,simran.singh53@gmail.com,F,1985,Bengaluru,Karnataka,South,Paid Search,2025-08-26
16054,Reyansh,Pillai,reyansh.pillai54@gmail.com,M,1991,Mumbai,Maharashtra,West,Paid Social,2025-08-27
16055,Zoya,Joshi,zoya.joshi55@yahoo.in,F,1986,Bengaluru,Karnataka,South,Paid Social,2025-08-27
16056,Amit,Chopra,amit.chopra56@gmail.com,M,1998,Ahmedabad,Gujarat,West,Referral,2025-08-27
16057,Lakshmi,Mishra,lakshmi.mishra57@gmail.com,F,1992,Mumbai,Maharashtra,West,Paid Search,2025-08-27
16058,Ananya,Mehta,ananya.mehta58@gmail.com,M,2005,Bengaluru,Karnataka,South,Paid Search,2025-08-27
16059,Tanvi,Malhotra,tanvi.malhotra59@gmail.com,M,1988,Delhi,Delhi,North,Organic Search,2025-08-27
16060,Farhan,Iyer,farhan.iyer60@gmail.com,F,1984,Bengaluru,Karnataka,South,Affiliate,2025-08-27
16061,Pari,Kapoor,pari.kapoor61@gmail.com,M,1990,Mumbai,Maharashtra,West,Email,2025-08-27
16062,Sneha,Sharma,sneha.sharma62@outlook.com,F,2006,Pune,Maharashtra,West,Organic Search,2025-08-27
16063,Riya,Chopra,riya.chopra63@gmail.com,M,2002,Pune,Maharashtra,West,Paid Social,2025-08-28
16064,Kiara,Kapoor,kiara.kapoor64@gmail.com,F,2003,Ahmedabad,Gujarat,West,Paid Search,2025-08-28
16065,Meera,Pillai,meera.pillai65@outlook.com,F,1989,Bengaluru,Karnataka,South,Organic Search,2025-08-28
16066,Riya,Gupta,riya.gupta66@gmail.com,M,1983,Delhi,Delhi,North,Organic Search,2025-08-28
16067,Kabir,Mishra,kabir.mishra67@outlook.com,F,2005,Pune,Maharashtra,West,Referral,2025-08-28
16068,Riya,Das,riya.das68@gmail.com,M,1982,Delhi,Delhi,North,Paid Search,2025-08-28
16069,Pooja,Joshi,pooja.joshi69@outlook.com,M,1994,Lucknow,Uttar Pradesh,North,Paid Social,2025-08-28
16070,Rohan,Joshi,rohan.joshi70@yahoo.in,F,1988,Gurugram,Haryana,North,Email,2025-08-28
16071,Simran,Nair,simran.nair71@gmail.com,F,1994,Indore,Madhya Pradesh,West,Organic Search,2025-08-28
16072,Vivaan,Nair,vivaan.nair72@yahoo.in,M,1980,Indore,Madhya Pradesh,West,Paid Social,2025-08-28
16073,Vikram,Yadav,vikram.yadav73@gmail.com,M,2000,Chennai,Tamil Nadu,South,Affiliate,2025-08-28
16074,Kabir,Rao,kabir.rao74@yahoo.in,F,2004,Pune,Maharashtra,West,Referral,2025-08-28
16075,Nikhil,Menon,nikhil.menon75@gmail.com,F,2002,Bengaluru,Karnataka,South,Organic Search,2025-08-28
16076,Arnav,Nair,arnav.nair76@gmail.com,M,1985,Chennai,Tamil Nadu,South,Organic Search,2025-08-28
16077,Meera,Iyer,meera.iyer77@gmail.com,F,1997,Delhi,Delhi,North,Referral,2025-08-28
16078,Myra,Joshi,myra.joshi78@gmail.com,M,1992,Bengaluru,Karnataka,South,Organic Search,2025-08-28
16079,Karan,Malhotra,karan.malhotra79@gmail.com,F,1993,Chandigarh,Chandigarh,North,Paid Social,2025-08-28
16080,Rohan,Gupta,rohan.gupta80@gmail.com,M,2006,Jaipur,Rajasthan,North,Organic Search,2025-08-28
16081,Arjun,Das,arjun.das81@gmail.com,M,1990,Kolkata,West Bengal,East,Referral,2025-08-29
16082,Pari,Banerjee,pari.banerjee82@gmail.com,F,1999,Noida,Uttar Pradesh,North,Paid Search,2025-08-29
16083,Vikram,Gupta,vikram.gupta83@outlook.com,M,1980,Kochi,Kerala,South,Paid Search,2025-08-29
16084,Myra,Chopra,myra.chopra84@yahoo.in,M,1994,Hyderabad,Telangana,South,Referral,2025-08-29
16085,Sai,Singh,sai.singh85@gmail.com,M,2001,Chennai,Tamil Nadu,South,Organic Search,2025-08-29
16086,Priya,Mishra,priya.mishra86@yahoo.in,F,1992,Ahmedabad,Gujarat,West,Paid Social,2025-08-29
16087,Harpreet,Joshi,harpreet.joshi87@gmail.com,F,1998,Ahmedabad,Gujarat,West,Affiliate,2025-08-29
16088,Priya,Kumar,priya.kumar88@yahoo.in,F,1987,Mumbai,Maharashtra,West,Paid Social,2025-08-29
16089,Priya,Khan,priya.khan89@gmail.com,M,1990,Mumbai,Maharashtra,West,Organic Search,2025-08-29
16090,Diya,Nair,diya.nair90@gmail.com,M,1992,Chennai,Tamil Nadu,South,Email,2025-08-29
16091,Neha,Banerjee,neha.banerjee91@gmail.com,F,1989,Mumbai,Maharashtra,West,Organic Search,2025-08-29
16092,Diya,Reddy,diya.reddy92@rediffmail.com,F,2001,Pune,Maharashtra,West,Paid Search,2025-08-29
16093,Kavya,Banerjee,kavya.banerjee93@gmail.com,M,2002,Kolkata,West Bengal,East,Organic Search,2025-08-29
16094,Zoya,Singh,zoya.singh94@gmail.com,F,1999,Mumbai,Maharashtra,West,Referral,2025-08-29
16095,Nikhil,Iyer,nikhil.iyer95@yahoo.in,M,1973,Hyderabad,Telangana,South,Organic Search,2025-08-30
16096,Meera,Das,meera.das96@gmail.com,F,1991,Jaipur,Rajasthan,North,Organic Search,2025-08-30
16097,Saanvi,Bose,saanvi.bose97@gmail.com,F,2000,Delhi,Delhi,North,Paid Search,2025-08-30
16098,Tanvi,Yadav,tanvi.yadav98@gmail.com,F,1992,Indore,Madhya Pradesh,West,Paid Search,2025-08-30
16099,Kavya,Mishra,kavya.mishra99@gmail.com,F,1992,Pune,Maharashtra,West,Referral,2025-08-30
16100,Ishaan,Das,ishaan.das100@yahoo.in,F,2001,Hyderabad,Telangana,South,Paid Social,2025-08-30
16101,Harpreet,Das,harpreet.das101@rediffmail.com,F,2001,Delhi,Delhi,North,Paid Social,2025-08-30
16102,Manish,Reddy,manish.reddy102@gmail.com,F,1998,Delhi,Delhi,North,Organic Search,2025-08-30
16103,Aditya,Joshi,aditya.joshi103@outlook.com,M,1982,Chennai,Tamil Nadu,South,Email,2025-08-30
16104,Arjun,Shah,arjun.shah104@gmail.com,M,1985,Pune,Maharashtra,West,Paid Search,2025-08-30
16105,Neha,Reddy,neha.reddy105@gmail.com,F,1997,Pune,Maharashtra,West,Paid Search,2025-08-30
16106,Tanvi,Pillai,tanvi.pillai106@gmail.com,F,1977,Noida,Uttar Pradesh,North,Organic Search,2025-08-30
16107,Rahul,Reddy,rahul.reddy107@gmail.com,F,2006,Kochi,Kerala,South,Affiliate,2025-08-30
16108,Riya,Das,riya.das108@gmail.com,F,1995,Kochi,Kerala,South,Paid Social,2025-08-30
16109,Aman,Khan,aman.khan109@rediffmail.com,M,1988,Pune,Maharashtra,West,Organic Search,2025-08-30
16110,Ananya,Agarwal,ananya.agarwal110@gmail.com,M,1989,Noida,Uttar Pradesh,North,Organic Search,2025-08-30
16111,Rahul,Mishra,rahul.mishra111@outlook.com,M,2003,Kolkata,West Bengal,East,Paid Social,2025-08-31
16112,Arjun,Malhotra,arjun.malhotra112@gmail.com,F,1983,Chennai,Tamil Nadu,South,Organic Search,2025-08-31
16113,Sai,Malhotra,sai.malhotra113@gmail.com,F,1978,Pune,Maharashtra,West,Paid Social,2025-08-31
16114,Riya,Mishra,riya.mishra114@gmail.com,F,1986,Bengaluru,Karnataka,South,Paid Search,2025-08-31
16115,Arnav,Malhotra,arnav.malhotra115@gmail.com,F,1996,Mumbai,Maharashtra,West,Paid Search,2025-08-31
16116,Sneha,Gupta,sneha.gupta116@yahoo.in,F,2006,Noida,Uttar Pradesh,North,Referral,2025-08-31
16117,Riya,Verma,riya.verma117@yahoo.in,F,2003,Bengaluru,Karnataka,South,Paid Social,2025-08-31
16118,Kavya,Khan,kavya.khan118@gmail.com,F,1990,Bengaluru,Karnataka,South,Organic Search,2025-08-31
16119,Arjun,Sharma,arjun.sharma119@gmail.com,F,1996,Ahmedabad,Gujarat,West,Paid Search,2025-08-31
16120,Riya,Pillai,riya.pillai120@gmail.com,M,1996,Hyderabad,Telangana,South,Email,2025-08-31
16121,Vikram,Bose,vikram.bose121@gmail.com,F,1995,Mumbai,Maharashtra,West,Email,2025-08-31
16122,Deepak,Menon,deepak.menon122@outlook.com,M,1978,Chennai,Tamil Nadu,South,Referral,2025-08-31
16123,Aadhya,Sharma,aadhya.sharma123@gmail.com,M,1991,Noida,Uttar Pradesh,North,Email,2025-08-31
16124,Karan,Malhotra,karan.malhotra124@gmail.com,M,2000,Kolkata,West Bengal,East,Organic Search,2025-08-31
16125,Simran,Shah,simran.shah125@yahoo.in,M,2006,Noida,Uttar Pradesh,North,Organic Search,2025-08-31
16126,Neha,Singh,neha.singh126@gmail.com,M,1997,Gurugram,Haryana,North,Organic Search,2025-08-31
16127,Ananya,Bose,ananya.bose127@gmail.com,F,2002,Indore,Madhya Pradesh,West,Organic Search,2025-08-31
16128,Deepak,Menon,deepak.menon128@gmail.com,F,2001,Delhi,Delhi,North,Referral,2025-09-01
16129,Krishna,Verma,krishna.verma129@gmail.com,F,1990,Gurugram,Haryana,North,Organic Search,2025-09-01
16130,Aman,Mehta,aman.mehta130@gmail.com,M,1983,Bengaluru,Karnataka,South,Paid Search,2025-09-01
16131,Simran,Verma,simran.verma131@outlook.com,F,2003,Jaipur,Rajasthan,North,Organic Search,2025-09-01
16132,Vivaan,Joshi,vivaan.joshi132@gmail.com,F,2006,Hyderabad,Telangana,South,Referral,2025-09-01
16133,Pari,Mishra,pari.mishra133@outlook.com,F,1990,Gurugram,Haryana,North,Referral,2025-09-01
16134,Pooja,Reddy,pooja.reddy134@gmail.com,F,2003,Mumbai,Maharashtra,West,Referral,2025-09-01
16135,Sai,Bose,sai.bose135@yahoo.in,M,1995,Mumbai,Maharashtra,West,Paid Search,2025-09-01
16136,Reyansh,Kapoor,reyansh.kapoor136@yahoo.in,M,1982,Pune,Maharashtra,West,Affiliate,2025-09-01
16137,Saanvi,Sharma,saanvi.sharma137@gmail.com,F,1994,Mumbai,Maharashtra,West,Email,2025-09-01
16138,Deepak,Khan,deepak.khan138@gmail.com,M,1989,Mumbai,Maharashtra,West,Paid Social,2025-09-01
16139,Isha,Reddy,isha.reddy139@gmail.com,M,1997,Chandigarh,Chandigarh,North,Paid Social,2025-09-01
16140,Tanvi,Menon,tanvi.menon140@gmail.com,M,1997,Delhi,Delhi,North,Paid Search,2025-09-01
16141,Vikram,Pillai,vikram.pillai141@outlook.com,M,1988,Indore,Madhya Pradesh,West,Referral,2025-09-01
16142,Priya,Joshi,priya.joshi142@gmail.com,M,1983,Pune,Maharashtra,West,Affiliate,2025-09-01
16143,Arjun,Rao,arjun.rao143@outlook.com,M,1990,Mumbai,Maharashtra,West,Paid Search,2025-09-02
16144,Kavya,Kumar,kavya.kumar144@gmail.com,F,2006,Noida,Uttar Pradesh,North,Paid Search,2025-09-02
16145,Amit,Joshi,amit.joshi145@yahoo.in,M,1984,Chennai,Tamil Nadu,South,Organic Search,2025-09-02
16146,Saanvi,Bose,saanvi.bose146@gmail.com,F,1999,Lucknow,Uttar Pradesh,North,Affiliate,2025-09-02
16147,Isha,Shah,isha.shah147@gmail.com,M,1998,Kochi,Kerala,South,Paid Social,2025-09-02
16148,Isha,Singh,isha.singh148@gmail.com,M,1989,Noida,Uttar Pradesh,North,Affiliate,2025-09-02
16149,Manish,Yadav,manish.yadav149@yahoo.in,F,1987,Kolkata,West Bengal,East,Paid Social,2025-09-02
16150,Myra,Iyer,myra.iyer150@gmail.com,M,1998,Mumbai,Maharashtra,West,Paid Search,2025-09-02
16151,Manish,Mishra,manish.mishra151@gmail.com,F,1993,Pune,Maharashtra,West,Paid Social,2025-09-02
16152,Reyansh,Shah,reyansh.shah152@yahoo.in,M,1989,Jaipur,Rajasthan,North,Organic Search,2025-09-02
16153,Rohan,Bose,rohan.bose153@outlook.com,M,1997,Kolkata,West Bengal,East,Paid Search,2025-09-02
16154,Reyansh,Menon,reyansh.menon154@gmail.com,F,2006,Jaipur,Rajasthan,North,Paid Search,2025-09-02
16155,Deepak,Khan,deepak.khan155@gmail.com,M,2003,Bengaluru,Karnataka,South,Paid Social,2025-09-02
16156,Pooja,Bose,pooja.bose156@rediffmail.com,M,1995,Delhi,Delhi,North,Paid Search,2025-09-02
16157,Neha,Yadav,neha.yadav157@gmail.com,M,1966,Ahmedabad,Gujarat,West,Paid Search,2025-09-03
16158,Aditya,Patel,aditya.patel158@outlook.com,M,1992,Bengaluru,Karnataka,South,Email,2025-09-03
16159,Krishna,Pillai,krishna.pillai159@gmail.com,F,1985,Pune,Maharashtra,West,Organic Search,2025-09-03
16160,Deepak,Agarwal,deepak.agarwal160@gmail.com,F,1992,Bengaluru,Karnataka,South,Affiliate,2025-09-03
16161,Kavya,Joshi,kavya.joshi161@yahoo.in,F,1991,Hyderabad,Telangana,South,Paid Social,2025-09-03
16162,Saanvi,Chopra,saanvi.chopra162@yahoo.in,F,1991,Pune,Maharashtra,West,Paid Social,2025-09-03
16163,Nikhil,Rao,nikhil.rao163@gmail.com,F,2002,Noida,Uttar Pradesh,North,Organic Search,2025-09-03
16164,Aadhya,Mehta,aadhya.mehta164@gmail.com,M,1992,Mumbai,Maharashtra,West,Organic Search,2025-09-03
16165,Kavya,Chopra,kavya.chopra165@yahoo.in,M,1991,Bengaluru,Karnataka,South,Referral,2025-09-03
16166,Reyansh,Mehta,reyansh.mehta166@gmail.com,M,1997,Jaipur,Rajasthan,North,Email,2025-09-03
16167,Arjun,Mehta,arjun.mehta167@gmail.com,M,1985,Bengaluru,Karnataka,South,Paid Social,2025-09-03
16168,Pari,Mehta,pari.mehta168@gmail.com,F,1991,Gurugram,Haryana,North,Organic Search,2025-09-03
16169,Ishaan,Mehta,ishaan.mehta169@gmail.com,F,1983,Kolkata,West Bengal,East,Referral,2025-09-03
16170,Tanvi,Nair,tanvi.nair170@gmail.com,F,1998,Indore,Madhya Pradesh,West,Email,2025-09-03
16171,Lakshmi,Gupta,lakshmi.gupta171@yahoo.in,F,1995,Mumbai,Maharashtra,West,Paid Social,2025-09-03
16172,Kavya,Khan,kavya.khan172@outlook.com,M,2006,Hyderabad,Telangana,South,Organic Search,2025-09-04
16173,Manish,Banerjee,manish.banerjee173@gmail.com,M,1980,Hyderabad,Telangana,South,Paid Search,2025-09-04
16174,Ishaan,Sharma,ishaan.sharma174@gmail.com,M,2001,Delhi,Delhi,North,Affiliate,2025-09-04
16175,Aditya,Khan,aditya.khan175@gmail.com,M,1979,Jaipur,Rajasthan,North,Organic Search,2025-09-04
16176,Ishaan,Mishra,ishaan.mishra176@gmail.com,F,1986,Mumbai,Maharashtra,West,Organic Search,2025-09-04
16177,Farhan,Reddy,farhan.reddy177@rediffmail.com,F,1976,Mumbai,Maharashtra,West,Paid Social,2025-09-04
16178,Reyansh,Yadav,reyansh.yadav178@gmail.com,F,1994,Chandigarh,Chandigarh,North,Paid Social,2025-09-04
16179,Tanvi,Khan,tanvi.khan179@gmail.com,F,1996,Mumbai,Maharashtra,West,Organic Search,2025-09-04
16180,Sneha,Das,sneha.das180@gmail.com,F,1991,Gurugram,Haryana,North,Paid Social,2025-09-04
16181,Zoya,Mishra,zoya.mishra181@yahoo.in,M,1976,Delhi,Delhi,North,Affiliate,2025-09-04
16182,Sai,Shah,sai.shah182@yahoo.in,M,1989,Lucknow,Uttar Pradesh,North,Email,2025-09-04
16183,Isha,Shah,isha.shah183@gmail.com,M,1995,Delhi,Delhi,North,Organic Search,2025-09-05
16184,Arjun,Bose,arjun.bose184@yahoo.in,F,1986,Pune,Maharashtra,West,Email,2025-09-05
16185,Aarav,Malhotra,aarav.malhotra185@gmail.com,M,1993,Gurugram,Haryana,North,Paid Social,2025-09-05
16186,Riya,Mishra,riya.mishra186@outlook.com,M,2002,Delhi,Delhi,North,Organic Search,2025-09-05
16187,Sneha,Mishra,sneha.mishra187@yahoo.in,M,1989,Chennai,Tamil Nadu,South,Organic Search,2025-09-05
16188,Zoya,Yadav,zoya.yadav188@yahoo.in,F,1985,Ahmedabad,Gujarat,West,Affiliate,2025-09-05
16189,Arjun,Kapoor,arjun.kapoor189@gmail.com,F,1993,Chennai,Tamil Nadu,South,Organic Search,2025-09-05
16190,Aadhya,Nair,aadhya.nair190@rediffmail.com,F,2006,Kolkata,West Bengal,East,Organic Search,2025-09-05
16191,Reyansh,Menon,reyansh.menon191@yahoo.in,F,1998,Indore,Madhya Pradesh,West,Paid Social,2025-09-05
16192,Pooja,Kapoor,pooja.kapoor192@outlook.com,F,1981,Hyderabad,Telangana,South,Referral,2025-09-05
16193,Sneha,Mishra,sneha.mishra193@yahoo.in,F,2004,Gurugram,Haryana,North,Organic Search,2025-09-05
16194,Riya,Singh,riya.singh194@outlook.com,M,1990,Bengaluru,Karnataka,South,Referral,2025-09-05
16195,Arjun,Sharma,arjun.sharma195@gmail.com,M,1992,Ahmedabad,Gujarat,West,Referral,2025-09-05
16196,Vivaan,Menon,vivaan.menon196@gmail.com,F,1983,Bengaluru,Karnataka,South,Referral,2025-09-05
16197,Harpreet,Malhotra,harpreet.malhotra197@gmail.com,F,1995,Delhi,Delhi,North,Referral,2025-09-05
16198,Karan,Chopra,karan.chopra198@gmail.com,F,1978,Kolkata,West Bengal,East,Organic Search,2025-09-06
16199,Sai,Pillai,sai.pillai199@gmail.com,F,1984,Mumbai,Maharashtra,West,Email,2025-09-06
16200,Diya,Pillai,diya.pillai200@gmail.com,F,1998,Hyderabad,Telangana,South,Paid Social,2025-09-06
16201,Kiara,Verma,kiara.verma201@gmail.com,M,1995,Kolkata,West Bengal,East,Paid Search,2025-09-06
16202,Kiara,Iyer,kiara.iyer202@yahoo.in,F,1987,Chennai,Tamil Nadu,South,Organic Search,2025-09-06
16203,Riya,Khan,riya.khan203@outlook.com,F,1992,Chandigarh,Chandigarh,North,Paid Social,2025-09-06
16204,Pari,Sharma,pari.sharma204@outlook.com,M,1999,Mumbai,Maharashtra,West,Organic Search,2025-09-06
16205,Pooja,Yadav,pooja.yadav205@gmail.com,M,1997,Bengaluru,Karnataka,South,Paid Social,2025-09-06
16206,Nikhil,Kumar,nikhil.kumar206@yahoo.in,F,1999,Pune,Maharashtra,West,Organic Search,2025-09-06
16207,Sai,Banerjee,sai.banerjee207@outlook.com,F,1984,Mumbai,Maharashtra,West,Paid Social,2025-09-06
16208,Priya,Singh,priya.singh208@yahoo.in,M,1988,Bengaluru,Karnataka,South,Organic Search,2025-09-06
16209,Ananya,Verma,ananya.verma209@gmail.com,M,2006,Kochi,Kerala,South,Paid Social,2025-09-06
16210,Farhan,Mehta,farhan.mehta210@rediffmail.com,M,1990,Jaipur,Rajasthan,North,Paid Social,2025-09-06
16211,Reyansh,Bose,reyansh.bose211@gmail.com,F,1990,Delhi,Delhi,North,Paid Search,2025-09-06
16212,Aadhya,Iyer,aadhya.iyer212@gmail.com,M,1994,Bengaluru,Karnataka,South,Email,2025-09-06
16213,Vikram,Mehta,vikram.mehta213@gmail.com,F,1995,Ahmedabad,Gujarat,West,Paid Social,2025-09-06
16214,Amit,Shah,amit.shah214@outlook.com,F,1986,Kochi,Kerala,South,Referral,2025-09-06
16215,Vivaan,Das,vivaan.das215@outlook.com,F,1974,Bengaluru,Karnataka,South,Paid Search,2025-09-06
16216,Lakshmi,Mishra,lakshmi.mishra216@yahoo.in,F,1991,Mumbai,Maharashtra,West,Referral,2025-09-07
16217,Arjun,Menon,arjun.menon217@gmail.com,F,1993,Bengaluru,Karnataka,South,Email,2025-09-07
16218,Isha,Khan,isha.khan218@gmail.com,M,1979,Chennai,Tamil Nadu,South,Paid Search,2025-09-07
16219,Aditya,Malhotra,aditya.malhotra219@rediffmail.com,M,1996,Mumbai,Maharashtra,West,Affiliate,2025-09-07
16220,Pooja,Mishra,pooja.mishra220@outlook.com,M,1996,Delhi,Delhi,North,Organic Search,2025-09-07
16221,Pari,Rao,pari.rao221@outlook.com,M,2001,Bengaluru,Karnataka,South,Email,2025-09-07
16222,Meera,Chopra,meera.chopra222@yahoo.in,M,1985,Delhi,Delhi,North,Paid Social,2025-09-07
16223,Karan,Yadav,karan.yadav223@gmail.com,F,1996,Kolkata,West Bengal,East,Organic Search,2025-09-07
16224,Lakshmi,Shah,lakshmi.shah224@gmail.com,F,1998,Gurugram,Haryana,North,Paid Social,2025-09-07
16225,Vivaan,Iyer,vivaan.iyer225@gmail.com,F,2005,Mumbai,Maharashtra,West,Organic Search,2025-09-07
16226,Karan,Agarwal,karan.agarwal226@gmail.com,M,2000,Kolkata,West Bengal,East,Email,2025-09-07
16227,Saanvi,Reddy,saanvi.reddy227@gmail.com,F,2002,Delhi,Delhi,North,Referral,2025-09-07
16228,Vikram,Agarwal,vikram.agarwal228@gmail.com,M,1995,Delhi,Delhi,North,Paid Social,2025-09-07
16229,Kavya,Gupta,kavya.gupta229@gmail.com,F,1990,Delhi,Delhi,North,Organic Search,2025-09-07
16230,Simran,Reddy,simran.reddy230@outlook.com,M,2004,Kolkata,West Bengal,East,Affiliate,2025-09-07
16231,Kavya,Bose,kavya.bose231@gmail.com,M,1983,Kolkata,West Bengal,East,Email,2025-09-08
16232,Manish,Bose,manish.bose232@outlook.com,F,2006,Mumbai,Maharashtra,West,Paid Social,2025-09-08
16233,Zoya,Mehta,zoya.mehta233@gmail.com,M,2000,Bengaluru,Karnataka,South,Paid Search,2025-09-08
16234,Arnav,Bose,arnav.bose234@outlook.com,F,1991,Bengaluru,Karnataka,South,Paid Social,2025-09-08
16235,Tanvi,Joshi,tanvi.joshi235@gmail.com,F,1981,Delhi,Delhi,North,Paid Search,2025-09-08
16236,Sai,Gupta,sai.gupta236@gmail.com,M,1993,Lucknow,Uttar Pradesh,North,Email,2025-09-08
16237,Arnav,Kapoor,arnav.kapoor237@yahoo.in,F,1988,Chennai,Tamil Nadu,South,Paid Search,2025-09-08
16238,Tanvi,Verma,tanvi.verma238@gmail.com,M,1981,Gurugram,Haryana,North,Organic Search,2025-09-08
16239,Harpreet,Kapoor,harpreet.kapoor239@gmail.com,M,1989,Pune,Maharashtra,West,Organic Search,2025-09-08
16240,Saanvi,Yadav,saanvi.yadav240@yahoo.in,F,2001,Lucknow,Uttar Pradesh,North,Paid Search,2025-09-08
16241,Pooja,Sharma,pooja.sharma241@gmail.com,M,1993,Ahmedabad,Gujarat,West,Paid Social,2025-09-08
16242,Kiara,Menon,kiara.menon242@gmail.com,M,1992,Noida,Uttar Pradesh,North,Referral,2025-09-08
16243,Aarav,Malhotra,aarav.malhotra243@gmail.com,F,1981,Noida,Uttar Pradesh,North,Affiliate,2025-09-08
16244,Karan,Malhotra,karan.malhotra244@gmail.com,F,1992,Delhi,Delhi,North,Organic Search,2025-09-09
16245,Aadhya,Nair,aadhya.nair245@gmail.com,M,2006,Kolkata,West Bengal,East,Organic Search,2025-09-09
16246,Reyansh,Kumar,reyansh.kumar246@rediffmail.com,M,1994,Delhi,Delhi,North,Paid Search,2025-09-09
16247,Rohan,Sharma,rohan.sharma247@gmail.com,M,1991,Mumbai,Maharashtra,West,Referral,2025-09-09
16248,Tanvi,Banerjee,tanvi.banerjee248@gmail.com,F,1999,Mumbai,Maharashtra,West,Email,2025-09-09
16249,Nikhil,Bose,nikhil.bose249@gmail.com,M,2004,Jaipur,Rajasthan,North,Organic Search,2025-09-09
16250,Diya,Sharma,diya.sharma250@gmail.com,F,2005,Hyderabad,Telangana,South,Paid Search,2025-09-09
16251,Saanvi,Patel,saanvi.patel251@rediffmail.com,M,1996,Chandigarh,Chandigarh,North,Email,2025-09-09
16252,Aman,Kapoor,aman.kapoor252@yahoo.in,F,1980,Bengaluru,Karnataka,South,Paid Social,2025-09-09
16253,Priya,Banerjee,priya.banerjee253@yahoo.in,F,2001,Ahmedabad,Gujarat,West,Paid Search,2025-09-09
16254,Pari,Gupta,pari.gupta254@gmail.com,M,1990,Chennai,Tamil Nadu,South,Organic Search,2025-09-09
16255,Harpreet,Menon,harpreet.menon255@gmail.com,F,1989,Hyderabad,Telangana,South,Organic Search,2025-09-09
16256,Vivaan,Nair,vivaan.nair256@gmail.com,F,1986,Noida,Uttar Pradesh,North,Organic Search,2025-09-09
16257,Tanvi,Kumar,tanvi.kumar257@gmail.com,M,1998,Hyderabad,Telangana,South,Paid Social,2025-09-09
16258,Pooja,Chopra,pooja.chopra258@gmail.com,M,2001,Hyderabad,Telangana,South,Referral,2025-09-09
16259,Myra,Gupta,myra.gupta259@gmail.com,F,1988,Kochi,Kerala,South,Paid Search,2025-09-09
16260,Riya,Pillai,riya.pillai260@outlook.com,M,1999,Kolkata,West Bengal,East,Paid Social,2025-09-10
16261,Diya,Rao,diya.rao261@yahoo.in,M,2002,Bengaluru,Karnataka,South,Organic Search,2025-09-10
16262,Vikram,Yadav,vikram.yadav262@gmail.com,M,1996,Mumbai,Maharashtra,West,Organic Search,2025-09-10
16263,Ananya,Iyer,ananya.iyer263@gmail.com,F,1994,Jaipur,Rajasthan,North,Organic Search,2025-09-10
16264,Zoya,Banerjee,zoya.banerjee264@yahoo.in,M,1992,Chennai,Tamil Nadu,South,Organic Search,2025-09-10
16265,Kiara,Rao,kiara.rao265@gmail.com,F,1988,Kochi,Kerala,South,Affiliate,2025-09-10
16266,Aman,Kumar,aman.kumar266@gmail.com,F,2000,Delhi,Delhi,North,Organic Search,2025-09-10
16267,Pooja,Das,pooja.das267@outlook.com,F,2003,Ahmedabad,Gujarat,West,Organic Search,2025-09-10
16268,Vivaan,Gupta,vivaan.gupta268@yahoo.in,F,1995,Delhi,Delhi,North,Referral,2025-09-10
16269,Vikram,Pillai,vikram.pillai269@outlook.com,F,1990,Lucknow,Uttar Pradesh,North,Paid Search,2025-09-10
16270,Aarav,Rao,aarav.rao270@outlook.com,F,1997,Mumbai,Maharashtra,West,Organic Search,2025-09-10
16271,Riya,Gupta,riya.gupta271@yahoo.in,F,1986,Chandigarh,Chandigarh,North,Organic Search,2025-09-10
16272,Rohan,Singh,rohan.singh272@gmail.com,M,2004,Bengaluru,Karnataka,South,Organic Search,2025-09-10
16273,Manish,Banerjee,manish.banerjee273@gmail.com,F,2003,Delhi,Delhi,North,Organic Search,2025-09-10
16274,Rohan,Rao,rohan.rao274@gmail.com,M,1997,Indore,Madhya Pradesh,West,Paid Social,2025-09-10
16275,Priya,Bose,priya.bose275@gmail.com,F,1990,Ahmedabad,Gujarat,West,Paid Search,2025-09-11
16276,Sneha,Mehta,sneha.mehta276@yahoo.in,F,1992,Hyderabad,Telangana,South,Organic Search,2025-09-11
16277,Reyansh,Kapoor,reyansh.kapoor277@gmail.com,M,1980,Delhi,Delhi,North,Referral,2025-09-11
16278,Kabir,Banerjee,kabir.banerjee278@gmail.com,F,1987,Chandigarh,Chandigarh,North,Organic Search,2025-09-11
16279,Kavya,Chopra,kavya.chopra279@gmail.com,M,1999,Bengaluru,Karnataka,South,Paid Search,2025-09-11
16280,Pari,Reddy,pari.reddy280@yahoo.in,M,1987,Bengaluru,Karnataka,South,Organic Search,2025-09-11
16281,Farhan,Rao,farhan.rao281@gmail.com,M,2006,Mumbai,Maharashtra,West,Organic Search,2025-09-11
16282,Priya,Yadav,priya.yadav282@gmail.com,F,1990,Mumbai,Maharashtra,West,Paid Social,2025-09-11
16283,Rohan,Iyer,rohan.iyer283@gmail.com,M,1986,Kolkata,West Bengal,East,Organic Search,2025-09-11
16284,Vikram,Pillai,vikram.pillai284@gmail.com,F,1996,Chandigarh,Chandigarh,North,Organic Search,2025-09-11
16285,Reyansh,Mehta,reyansh.mehta285@gmail.com,F,1997,Gurugram,Haryana,North,Paid Search,2025-09-11
16286,Manish,Khan,manish.khan286@gmail.com,F,2004,Kolkata,West Bengal,East,Email,2025-09-11
16287,Tanvi,Chopra,tanvi.chopra287@yahoo.in,M,1991,Hyderabad,Telangana,South,Paid Social,2025-09-11
16288,Tanvi,Banerjee,tanvi.banerjee288@gmail.com,M,1986,Lucknow,Uttar Pradesh,North,Organic Search,2025-09-12
16289,Vivaan,Rao,vivaan.rao289@gmail.com,F,1989,Chennai,Tamil Nadu,South,Paid Search,2025-09-12
16290,Ananya,Das,ananya.das290@gmail.com,M,2003,Lucknow,Uttar Pradesh,North,Paid Search,2025-09-12
16291,Myra,Kumar,myra.kumar291@outlook.com,M,2006,Hyderabad,Telangana,South,Paid Search,2025-09-12
16292,Pari,Das,pari.das292@gmail.com,F,1989,Bengaluru,Karnataka,South,Paid Search,2025-09-12
16293,Sai,Mehta,sai.mehta293@gmail.com,M,1992,Pune,Maharashtra,West,Paid Social,2025-09-12
16294,Vivaan,Mishra,vivaan.mishra294@gmail.com,F,2005,Kochi,Kerala,South,Affiliate,2025-09-12
16295,Pooja,Rao,pooja.rao295@yahoo.in,F,1999,Hyderabad,Telangana,South,Referral,2025-09-12
16296,Kiara,Banerjee,kiara.banerjee296@gmail.com,F,1989,Delhi,Delhi,North,Organic Search,2025-09-12
16297,Kabir,Mishra,kabir.mishra297@gmail.com,M,1984,Bengaluru,Karnataka,South,Referral,2025-09-12
16298,Pooja,Sharma,pooja.sharma298@gmail.com,M,1988,Hyderabad,Telangana,South,Paid Search,2025-09-12
16299,Manish,Pillai,manish.pillai299@gmail.com,F,2000,Ahmedabad,Gujarat,West,Referral,2025-09-12
16300,Deepak,Shah,deepak.shah300@gmail.com,F,1981,Jaipur,Rajasthan,North,Paid Social,2025-09-12
16301,Arnav,Pillai,arnav.pillai301@gmail.com,F,1995,Lucknow,Uttar Pradesh,North,Paid Social,2025-09-12
16302,Ananya,Chopra,ananya.chopra302@gmail.com,M,1990,Kolkata,West Bengal,East,Paid Search,2025-09-12
16303,Krishna,Khan,krishna.khan303@rediffmail.com,F,1987,Mumbai,Maharashtra,West,Paid Social,2025-09-12
16304,Kabir,Kumar,kabir.kumar304@outlook.com,F,1989,Pune,Maharashtra,West,Paid Social,2025-09-12
16305,Aadhya,Singh,aadhya.singh305@rediffmail.com,F,2000,Indore,Madhya Pradesh,West,Paid Social,2025-09-12
16306,Aarav,Singh,aarav.singh306@gmail.com,M,1998,Delhi,Delhi,North,Paid Social,2025-09-13
16307,Aadhya,Shah,aadhya.shah307@gmail.com,F,2002,Delhi,Delhi,North,Organic Search,2025-09-13
16308,Sneha,Das,sneha.das308@yahoo.in,M,1987,Noida,Uttar Pradesh,North,Paid Search,2025-09-13
16309,Kabir,Menon,kabir.menon309@gmail.com,M,1980,Delhi,Delhi,North,Organic Search,2025-09-13
16310,Manish,Malhotra,manish.malhotra310@gmail.com,M,1995,Chennai,Tamil Nadu,South,Organic Search,2025-09-13
16311,Simran,Agarwal,simran.agarwal311@gmail.com,M,1993,Gurugram,Haryana,North,Paid Search,2025-09-13
16312,Pari,Shah,pari.shah312@rediffmail.com,F,1989,Noida,Uttar Pradesh,North,Paid Search,2025-09-13
16313,Kiara,Joshi,kiara.joshi313@yahoo.in,F,1977,Pune,Maharashtra,West,Organic Search,2025-09-13
16314,Neha,Verma,neha.verma314@gmail.com,F,2000,Chennai,Tamil Nadu,South,Organic Search,2025-09-13
16315,Saanvi,Kapoor,saanvi.kapoor315@yahoo.in,M,1970,Delhi,Delhi,North,Paid Search,2025-09-13
16316,Aditya,Nair,aditya.nair316@yahoo.in,F,1999,Noida,Uttar Pradesh,North,Affiliate,2025-09-13
16317,Myra,Singh,myra.singh317@gmail.com,M,1999,Bengaluru,Karnataka,South,Paid Social,2025-09-13
16318,Sneha,Reddy,sneha.reddy318@gmail.com,M,1998,Pune,Maharashtra,West,Referral,2025-09-13
16319,Ananya,Menon,ananya.menon319@yahoo.in,M,1993,Indore,Madhya Pradesh,West,Paid Search,2025-09-13
16320,Rohan,Banerjee,rohan.banerjee320@gmail.com,M,1975,Delhi,Delhi,North,Organic Search,2025-09-13
16321,Rahul,Chopra,rahul.chopra321@gmail.com,M,1980,Chennai,Tamil Nadu,South,Organic Search,2025-09-13
16322,Aarav,Bose,aarav.bose322@gmail.com,F,1987,Ahmedabad,Gujarat,West,Paid Search,2025-09-13
16323,Riya,Chopra,riya.chopra323@gmail.com,M,2006,Chennai,Tamil Nadu,South,Email,2025-09-13
16324,Tanvi,Singh,tanvi.singh324@yahoo.in,F,2001,Kolkata,West Bengal,East,Paid Search,2025-09-14
16325,Kavya,Gupta,kavya.gupta325@gmail.com,F,1992,Bengaluru,Karnataka,South,Paid Search,2025-09-14
16326,Reyansh,Shah,reyansh.shah326@yahoo.in,M,1988,Delhi,Delhi,North,Paid Social,2025-09-14
16327,Zoya,Patel,zoya.patel327@gmail.com,M,1994,Bengaluru,Karnataka,South,Referral,2025-09-14
16328,Sai,Reddy,sai.reddy328@gmail.com,F,2000,Ahmedabad,Gujarat,West,Paid Social,2025-09-14
16329,Farhan,Verma,farhan.verma329@gmail.com,M,1996,Delhi,Delhi,North,Paid Search,2025-09-14
16330,Kabir,Agarwal,kabir.agarwal330@gmail.com,F,1982,Jaipur,Rajasthan,North,Affiliate,2025-09-14
16331,Aman,Joshi,aman.joshi331@gmail.com,M,2005,Gurugram,Haryana,North,Paid Search,2025-09-14
16332,Reyansh,Malhotra,reyansh.malhotra332@gmail.com,M,1997,Kochi,Kerala,South,Paid Search,2025-09-14
16333,Aman,Kumar,aman.kumar333@gmail.com,M,1989,Hyderabad,Telangana,South,Email,2025-09-14
16334,Vikram,Khan,vikram.khan334@gmail.com,M,1996,Bengaluru,Karnataka,South,Affiliate,2025-09-14
16335,Vivaan,Khan,vivaan.khan335@gmail.com,F,2003,Hyderabad,Telangana,South,Affiliate,2025-09-14
16336,Ananya,Mishra,ananya.mishra336@yahoo.in,M,1996,Indore,Madhya Pradesh,West,Paid Social,2025-09-14
16337,Neha,Pillai,neha.pillai337@gmail.com,M,1997,Chennai,Tamil Nadu,South,Email,2025-09-14
16338,Meera,Malhotra,meera.malhotra338@gmail.com,M,2006,Noida,Uttar Pradesh,North,Organic Search,2025-09-15
16339,Riya,Rao,riya.rao339@outlook.com,M,1988,Lucknow,Uttar Pradesh,North,Email,2025-09-15
16340,Amit,Bose,amit.bose340@gmail.com,F,1986,Indore,Madhya Pradesh,West,Referral,2025-09-15
16341,Tanvi,Patel,tanvi.patel341@gmail.com,F,1990,Hyderabad,Telangana,South,Paid Search,2025-09-15
16342,Pari,Chopra,pari.chopra342@gmail.com,M,2000,Chennai,Tamil Nadu,South,Organic Search,2025-09-15
16343,Saanvi,Shah,saanvi.shah343@gmail.com,F,2001,Kolkata,West Bengal,East,Referral,2025-09-15
16344,Ishaan,Agarwal,ishaan.agarwal344@gmail.com,F,1995,Hyderabad,Telangana,South,Paid Search,2025-09-15
16345,Meera,Kapoor,meera.kapoor345@gmail.com,M,1987,Lucknow,Uttar Pradesh,North,Affiliate,2025-09-15
16346,Meera,Verma,meera.verma346@gmail.com,F,2006,Lucknow,Uttar Pradesh,North,Email,2025-09-15
16347,Lakshmi,Kapoor,lakshmi.kapoor347@gmail.com,M,1984,Mumbai,Maharashtra,West,Referral,2025-09-15
16348,Rahul,Rao,rahul.rao348@gmail.com,F,1990,Bengaluru,Karnataka,South,Paid Search,2025-09-15
16349,Vikram,Kumar,vikram.kumar349@gmail.com,F,1988,Pune,Maharashtra,West,Paid Social,2025-09-15
16350,Nikhil,Yadav,nikhil.yadav350@gmail.com,M,2002,Delhi,Delhi,North,Referral,2025-09-15
16351,Harpreet,Mishra,harpreet.mishra351@gmail.com,F,1992,Pune,Maharashtra,West,Paid Search,2025-09-15
16352,Rahul,Rao,rahul.rao352@outlook.com,M,2006,Hyderabad,Telangana,South,Organic Search,2025-09-15
16353,Riya,Menon,riya.menon353@yahoo.in,F,2000,Lucknow,Uttar Pradesh,North,Referral,2025-09-15
16354,Aman,Kapoor,aman.kapoor354@rediffmail.com,M,1986,Bengaluru,Karnataka,South,Paid Search,2025-09-15
16355,Pooja,Banerjee,pooja.banerjee355@gmail.com,F,1991,Lucknow,Uttar Pradesh,North,Organic Search,2025-09-15
16356,Amit,Menon,amit.menon356@gmail.com,M,1989,Ahmedabad,Gujarat,West,Organic Search,2025-09-15
16357,Meera,Mehta,meera.mehta357@gmail.com,F,2005,Bengaluru,Karnataka,South,Paid Search,2025-09-16
16358,Aman,Singh,aman.singh358@gmail.com,M,2000,Noida,Uttar Pradesh,North,Paid Social,2025-09-16
16359,Sneha,Gupta,sneha.gupta359@yahoo.in,F,1981,Bengaluru,Karnataka,South,Organic Search,2025-09-16
16360,Amit,Pillai,amit.pillai360@gmail.com,F,1998,Bengaluru,Karnataka,South,Paid Social,2025-09-16
16361,Rohan,Singh,rohan.singh361@gmail.com,F,1993,Chandigarh,Chandigarh,North,Email,2025-09-16
16362,Kavya,Yadav,kavya.yadav362@gmail.com,F,1983,Chennai,Tamil Nadu,South,Paid Social,2025-09-16
16363,Aditya,Shah,aditya.shah363@gmail.com,F,1987,Hyderabad,Telangana,South,Paid Social,2025-09-16
16364,Harpreet,Sharma,harpreet.sharma364@yahoo.in,F,1992,Pune,Maharashtra,West,Organic Search,2025-09-16
16365,Myra,Kumar,myra.kumar365@gmail.com,M,1976,Delhi,Delhi,North,Paid Search,2025-09-16
16366,Ananya,Kumar,ananya.kumar366@gmail.com,M,1995,Mumbai,Maharashtra,West,Paid Social,2025-09-16
16367,Kabir,Pillai,kabir.pillai367@gmail.com,F,1994,Chandigarh,Chandigarh,North,Email,2025-09-16
16368,Riya,Reddy,riya.reddy368@gmail.com,F,1991,Lucknow,Uttar Pradesh,North,Email,2025-09-16
16369,Diya,Rao,diya.rao369@gmail.com,F,1994,Bengaluru,Karnataka,South,Paid Search,2025-09-16
16370,Reyansh,Yadav,reyansh.yadav370@gmail.com,M,1992,Kochi,Kerala,South,Organic Search,2025-09-17
16371,Priya,Rao,priya.rao371@gmail.com,F,1985,Gurugram,Haryana,North,Paid Social,2025-09-17
16372,Lakshmi,Menon,lakshmi.menon372@rediffmail.com,F,1988,Bengaluru,Karnataka,South,Affiliate,2025-09-17
16373,Harpreet,Joshi,harpreet.joshi373@rediffmail.com,F,1987,Bengaluru,Karnataka,South,Affiliate,2025-09-17
16374,Saanvi,Yadav,saanvi.yadav374@gmail.com,M,1999,Bengaluru,Karnataka,South,Affiliate,2025-09-17
16375,Karan,Bose,karan.bose375@gmail.com,F,1985,Chennai,Tamil Nadu,South,Organic Search,2025-09-17
16376,Neha,Mehta,neha.mehta376@gmail.com,M,1989,Mumbai,Maharashtra,West,Referral,2025-09-17
16377,Myra,Iyer,myra.iyer377@outlook.com,M,1994,Ahmedabad,Gujarat,West,Organic Search,2025-09-17
16378,Aarav,Rao,aarav.rao378@gmail.com,M,1981,Jaipur,Rajasthan,North,Organic Search,2025-09-17
16379,Krishna,Bose,krishna.bose379@yahoo.in,F,1990,Jaipur,Rajasthan,North,Paid Social,2025-09-17
16380,Harpreet,Gupta,harpreet.gupta380@gmail.com,F,1994,Pune,Maharashtra,West,Organic Search,2025-09-17
16381,Kavya,Iyer,kavya.iyer381@outlook.com,M,1995,Delhi,Delhi,North,Paid Search,2025-09-18
16382,Deepak,Menon,deepak.menon382@gmail.com,M,1996,Lucknow,Uttar Pradesh,North,Organic Search,2025-09-18
16383,Kavya,Singh,kavya.singh383@gmail.com,F,1987,Gurugram,Haryana,North,Organic Search,2025-09-18
16384,Priya,Shah,priya.shah384@gmail.com,M,1985,Delhi,Delhi,North,Organic Search,2025-09-18
16385,Aditya,Singh,aditya.singh385@gmail.com,M,1990,Mumbai,Maharashtra,West,Paid Social,2025-09-18
16386,Ishaan,Chopra,ishaan.chopra386@gmail.com,M,1995,Delhi,Delhi,North,Paid Search,2025-09-18
16387,Zoya,Iyer,zoya.iyer387@outlook.com,M,1991,Gurugram,Haryana,North,Paid Social,2025-09-18
16388,Tanvi,Singh,tanvi.singh388@gmail.com,M,1984,Bengaluru,Karnataka,South,Paid Social,2025-09-18
16389,Manish,Patel,manish.patel389@gmail.com,F,2006,Bengaluru,Karnataka,South,Organic Search,2025-09-18
16390,Diya,Shah,diya.shah390@gmail.com,M,1987,Kolkata,West Bengal,East,Email,2025-09-18
16391,Myra,Reddy,myra.reddy391@gmail.com,F,1983,Kochi,Kerala,South,Organic Search,2025-09-18
16392,Kavya,Yadav,kavya.yadav392@gmail.com,M,1988,Chennai,Tamil Nadu,South,Email,2025-09-18
16393,Lakshmi,Malhotra,lakshmi.malhotra393@rediffmail.com,M,2000,Bengaluru,Karnataka,South,Affiliate,2025-09-18
16394,Aadhya,Menon,aadhya.menon394@gmail.com,M,1998,Lucknow,Uttar Pradesh,North,Email,2025-09-18
16395,Kavya,Mehta,kavya.mehta395@gmail.com,M,2006,Gurugram,Haryana,North,Paid Social,2025-09-19
16396,Pooja,Joshi,pooja.joshi396@gmail.com,F,1985,Kolkata,West Bengal,East,Referral,2025-09-19
16397,Manish,Gupta,manish.gupta397@gmail.com,F,1991,Kolkata,West Bengal,East,Organic Search,2025-09-19
16398,Vivaan,Nair,vivaan.nair398@yahoo.in,M,2002,Pune,Maharashtra,West,Affiliate,2025-09-19
16399,Pooja,Chopra,pooja.chopra399@gmail.com,M,1985,Ahmedabad,Gujarat,West,Organic Search,2025-09-19
16400,Manish,Das,manish.das400@outlook.com,M,2003,Delhi,Delhi,North,Paid Social,2025-09-19
16401,Kavya,Kumar,kavya.kumar401@gmail.com,M,1994,Gurugram,Haryana,North,Paid Search,2025-09-19
16402,Pooja,Joshi,pooja.joshi402@gmail.com,F,1987,Ahmedabad,Gujarat,West,Referral,2025-09-19
16403,Vivaan,Menon,vivaan.menon403@gmail.com,M,1980,Gurugram,Haryana,North,Referral,2025-09-19
16404,Manish,Yadav,manish.yadav404@gmail.com,M,1998,Pune,Maharashtra,West,Paid Search,2025-09-19
16405,Krishna,Das,krishna.das405@yahoo.in,M,2005,Hyderabad,Telangana,South,Organic Search,2025-09-20
16406,Aadhya,Singh,aadhya.singh406@gmail.com,M,1996,Hyderabad,Telangana,South,Referral,2025-09-20
16407,Arnav,Sharma,arnav.sharma407@yahoo.in,M,1997,Chennai,Tamil Nadu,South,Affiliate,2025-09-20
16408,Amit,Rao,amit.rao408@gmail.com,M,1996,Lucknow,Uttar Pradesh,North,Organic Search,2025-09-20
16409,Ananya,Pillai,ananya.pillai409@gmail.com,F,2001,Mumbai,Maharashtra,West,Referral,2025-09-20
16410,Aarav,Yadav,aarav.yadav410@gmail.com,M,2003,Bengaluru,Karnataka,South,Paid Social,2025-09-20
16411,Ishaan,Chopra,ishaan.chopra411@gmail.com,F,1970,Ahmedabad,Gujarat,West,Paid Search,2025-09-20
16412,Farhan,Reddy,farhan.reddy412@gmail.com,M,1991,Kolkata,West Bengal,East,Organic Search,2025-09-20
16413,Nikhil,Sharma,nikhil.sharma413@outlook.com,F,1989,Jaipur,Rajasthan,North,Referral,2025-09-20
16414,Krishna,Khan,krishna.khan414@gmail.com,M,1995,Delhi,Delhi,North,Organic Search,2025-09-20
16415,Lakshmi,Iyer,lakshmi.iyer415@gmail.com,M,1990,Mumbai,Maharashtra,West,Email,2025-09-20
16416,Isha,Bose,isha.bose416@gmail.com,F,1997,Pune,Maharashtra,West,Organic Search,2025-09-20
16417,Tanvi,Rao,tanvi.rao417@yahoo.in,F,1996,Mumbai,Maharashtra,West,Paid Social,2025-09-20
16418,Meera,Joshi,meera.joshi418@gmail.com,M,1978,Chandigarh,Chandigarh,North,Paid Search,2025-09-20
16419,Sai,Agarwal,sai.agarwal419@yahoo.in,F,1976,Lucknow,Uttar Pradesh,North,Paid Social,2025-09-20
16420,Arjun,Khan,arjun.khan420@gmail.com,F,2000,Mumbai,Maharashtra,West,Organic Search,2025-09-20
16421,Vikram,Rao,vikram.rao421@gmail.com,M,1987,Bengaluru,Karnataka,South,Paid Search,2025-09-20
16422,Zoya,Bose,zoya.bose422@rediffmail.com,M,2006,Gurugram,Haryana,North,Paid Social,2025-09-20
16423,Deepak,Verma,deepak.verma423@yahoo.in,F,2000,Chennai,Tamil Nadu,South,Paid Social,2025-09-20
16424,Aman,Kumar,aman.kumar424@yahoo.in,M,1979,Bengaluru,Karnataka,South,Paid Social,2025-09-20
16425,Pooja,Mehta,pooja.mehta425@outlook.com,M,1987,Delhi,Delhi,North,Organic Search,2025-09-20
16426,Amit,Pillai,amit.pillai426@gmail.com,F,1995,Delhi,Delhi,North,Organic Search,2025-09-20
16427,Kiara,Banerjee,kiara.banerjee427@gmail.com,F,1990,Delhi,Delhi,North,Organic Search,2025-09-20
16428,Vikram,Yadav,vikram.yadav428@gmail.com,M,1992,Delhi,Delhi,North,Organic Search,2025-09-20
16429,Kavya,Menon,kavya.menon429@yahoo.in,F,1985,Bengaluru,Karnataka,South,Organic Search,2025-09-21
16430,Arjun,Gupta,arjun.gupta430@gmail.com,M,1996,Kolkata,West Bengal,East,Organic Search,2025-09-21
16431,Neha,Rao,neha.rao431@rediffmail.com,F,1994,Delhi,Delhi,North,Paid Social,2025-09-21
16432,Isha,Verma,isha.verma432@gmail.com,M,2000,Jaipur,Rajasthan,North,Organic Search,2025-09-21
16433,Aadhya,Bose,aadhya.bose433@gmail.com,M,1993,Chennai,Tamil Nadu,South,Paid Search,2025-09-21
16434,Simran,Gupta,simran.gupta434@gmail.com,M,1988,Pune,Maharashtra,West,Referral,2025-09-21
16435,Amit,Gupta,amit.gupta435@yahoo.in,M,1995,Mumbai,Maharashtra,West,Referral,2025-09-21
16436,Arjun,Agarwal,arjun.agarwal436@gmail.com,M,1996,Pune,Maharashtra,West,Paid Social,2025-09-21
16437,Tanvi,Das,tanvi.das437@gmail.com,M,1994,Delhi,Delhi,North,Organic Search,2025-09-21
16438,Manish,Das,manish.das438@gmail.com,M,2003,Noida,Uttar Pradesh,North,Paid Social,2025-09-21
16439,Ishaan,Banerjee,ishaan.banerjee439@gmail.com,M,1985,Kolkata,West Bengal,East,Organic Search,2025-09-21
16440,Neha,Mehta,neha.mehta440@gmail.com,F,2001,Bengaluru,Karnataka,South,Paid Social,2025-09-22
16441,Kabir,Rao,kabir.rao441@gmail.com,M,1984,Jaipur,Rajasthan,North,Email,2025-09-22
16442,Aarav,Agarwal,aarav.agarwal442@gmail.com,M,1999,Kolkata,West Bengal,East,Paid Social,2025-09-22
16443,Isha,Shah,isha.shah443@outlook.com,M,1977,Mumbai,Maharashtra,West,Affiliate,2025-09-22
16444,Saanvi,Khan,saanvi.khan444@gmail.com,F,1991,Gurugram,Haryana,North,Organic Search,2025-09-22
16445,Lakshmi,Mishra,lakshmi.mishra445@gmail.com,M,2001,Kolkata,West Bengal,East,Organic Search,2025-09-22
16446,Rahul,Malhotra,rahul.malhotra446@gmail.com,M,1990,Bengaluru,Karnataka,South,Organic Search,2025-09-22
16447,Karan,Verma,karan.verma447@gmail.com,M,1993,Hyderabad,Telangana,South,Organic Search,2025-09-22
16448,Kavya,Mishra,kavya.mishra448@gmail.com,M,1996,Delhi,Delhi,North,Organic Search,2025-09-22
16449,Amit,Banerjee,amit.banerjee449@gmail.com,M,1975,Jaipur,Rajasthan,North,Affiliate,2025-09-22
16450,Nikhil,Mehta,nikhil.mehta450@gmail.com,F,1996,Kolkata,West Bengal,East,Paid Search,2025-09-22
16451,Amit,Kapoor,amit.kapoor451@gmail.com,M,1986,Gurugram,Haryana,North,Affiliate,2025-09-22
16452,Pooja,Mishra,pooja.mishra452@yahoo.in,M,2001,Chennai,Tamil Nadu,South,Email,2025-09-22
16453,Rohan,Menon,rohan.menon453@outlook.com,M,1993,Hyderabad,Telangana,South,Referral,2025-09-22
16454,Kavya,Khan,kavya.khan454@outlook.com,F,1995,Mumbai,Maharashtra,West,Email,2025-09-22
16455,Aadhya,Mehta,aadhya.mehta455@gmail.com,F,1984,Chennai,Tamil Nadu,South,Organic Search,2025-09-22
16456,Diya,Banerjee,diya.banerjee456@gmail.com,M,2000,Kochi,Kerala,South,Email,2025-09-23
16457,Saanvi,Nair,saanvi.nair457@gmail.com,M,1993,Chennai,Tamil Nadu,South,Paid Social,2025-09-23
16458,Myra,Reddy,myra.reddy458@yahoo.in,F,1981,Mumbai,Maharashtra,West,Paid Social,2025-09-23
16459,Pari,Iyer,pari.iyer459@yahoo.in,F,1989,Ahmedabad,Gujarat,West,Paid Social,2025-09-23
16460,Farhan,Agarwal,farhan.agarwal460@outlook.com,F,1998,Jaipur,Rajasthan,North,Email,2025-09-23
16461,Nikhil,Iyer,nikhil.iyer461@rediffmail.com,F,1994,Delhi,Delhi,North,Affiliate,2025-09-23
16462,Pooja,Malhotra,pooja.malhotra462@yahoo.in,F,1999,Kochi,Kerala,South,Organic Search,2025-09-23
16463,Diya,Reddy,diya.reddy463@gmail.com,M,1990,Kolkata,West Bengal,East,Organic Search,2025-09-23
16464,Rohan,Kapoor,rohan.kapoor464@rediffmail.com,F,2003,Delhi,Delhi,North,Organic Search,2025-09-23
16465,Tanvi,Banerjee,tanvi.banerjee465@gmail.com,F,2004,Bengaluru,Karnataka,South,Referral,2025-09-23
16466,Farhan,Khan,farhan.khan466@gmail.com,M,1979,Kolkata,West Bengal,East,Organic Search,2025-09-23
16467,Kiara,Menon,kiara.menon467@outlook.com,M,1998,Indore,Madhya Pradesh,West,Paid Social,2025-09-23
16468,Ananya,Mishra,ananya.mishra468@gmail.com,M,2005,Delhi,Delhi,North,Paid Search,2025-09-23
16469,Priya,Nair,priya.nair469@gmail.com,F,1997,Delhi,Delhi,North,Email,2025-09-23
16470,Sneha,Iyer,sneha.iyer470@gmail.com,F,1993,Pune,Maharashtra,West,Referral,2025-09-23
16471,Aditya,Khan,aditya.khan471@yahoo.in,M,1982,Kolkata,West Bengal,East,Paid Social,2025-09-24
16472,Harpreet,Agarwal,harpreet.agarwal472@gmail.com,M,1991,Jaipur,Rajasthan,North,Paid Search,2025-09-24
16473,Nikhil,Menon,nikhil.menon473@gmail.com,F,1989,Mumbai,Maharashtra,West,Referral,2025-09-24
16474,Diya,Das,diya.das474@gmail.com,M,2000,Hyderabad,Telangana,South,Organic Search,2025-09-24
16475,Simran,Chopra,simran.chopra475@gmail.com,F,2001,Hyderabad,Telangana,South,Paid Social,2025-09-24
16476,Farhan,Gupta,farhan.gupta476@gmail.com,M,1992,Kolkata,West Bengal,East,Affiliate,2025-09-24
16477,Rahul,Agarwal,rahul.agarwal477@yahoo.in,M,1985,Chennai,Tamil Nadu,South,Paid Social,2025-09-24
16478,Harpreet,Khan,harpreet.khan478@gmail.com,F,1976,Indore,Madhya Pradesh,West,Affiliate,2025-09-24
16479,Rohan,Rao,rohan.rao479@gmail.com,F,1998,Kolkata,West Bengal,East,Paid Search,2025-09-24
16480,Aadhya,Patel,aadhya.patel480@yahoo.in,M,1997,Indore,Madhya Pradesh,West,Paid Social,2025-09-24
16481,Manish,Banerjee,manish.banerjee481@gmail.com,F,1976,Indore,Madhya Pradesh,West,Affiliate,2025-09-24
16482,Ishaan,Verma,ishaan.verma482@gmail.com,M,1997,Delhi,Delhi,North,Referral,2025-09-24
16483,Harpreet,Nair,harpreet.nair483@gmail.com,F,2000,Mumbai,Maharashtra,West,Email,2025-09-24
16484,Harpreet,Das,harpreet.das484@gmail.com,M,1971,Delhi,Delhi,North,Referral,2025-09-25
16485,Myra,Mehta,myra.mehta485@yahoo.in,F,1985,Chennai,Tamil Nadu,South,Organic Search,2025-09-25
16486,Priya,Menon,priya.menon486@outlook.com,M,2006,Delhi,Delhi,North,Organic Search,2025-09-25
16487,Deepak,Malhotra,deepak.malhotra487@outlook.com,M,1994,Jaipur,Rajasthan,North,Referral,2025-09-25
16488,Aadhya,Yadav,aadhya.yadav488@outlook.com,F,2006,Kolkata,West Bengal,East,Email,2025-09-25
16489,Pari,Patel,pari.patel489@gmail.com,F,1995,Hyderabad,Telangana,South,Referral,2025-09-25
16490,Aarav,Menon,aarav.menon490@gmail.com,F,2002,Hyderabad,Telangana,South,Paid Search,2025-09-25
16491,Pari,Malhotra,pari.malhotra491@yahoo.in,M,1991,Bengaluru,Karnataka,South,Paid Social,2025-09-25
16492,Ishaan,Sharma,ishaan.sharma492@yahoo.in,M,1988,Delhi,Delhi,North,Paid Social,2025-09-25
16493,Rohan,Mishra,rohan.mishra493@gmail.com,M,1981,Jaipur,Rajasthan,North,Paid Search,2025-09-25
16494,Rahul,Singh,rahul.singh494@gmail.com,M,1998,Hyderabad,Telangana,South,Paid Social,2025-09-25
16495,Farhan,Kapoor,farhan.kapoor495@gmail.com,M,1987,Chennai,Tamil Nadu,South,Affiliate,2025-09-25
16496,Simran,Patel,simran.patel496@yahoo.in,M,1986,Mumbai,Maharashtra,West,Paid Social,2025-09-26
16497,Pari,Rao,pari.rao497@gmail.com,F,1981,Lucknow,Uttar Pradesh,North,Organic Search,2025-09-26
16498,Rahul,Agarwal,rahul.agarwal498@gmail.com,M,1994,Lucknow,Uttar Pradesh,North,Paid Social,2025-09-26
16499,Arjun,Gupta,arjun.gupta499@gmail.com,F,1999,Ahmedabad,Gujarat,West,Organic Search,2025-09-26
16500,Diya,Menon,diya.menon500@outlook.com,F,1992,Jaipur,Rajasthan,North,Paid Social,2025-09-26
16501,Aadhya,Yadav,aadhya.yadav501@gmail.com,F,1991,Delhi,Delhi,North,Email,2025-09-26
16502,Deepak,Banerjee,deepak.banerjee502@outlook.com,M,2006,Mumbai,Maharashtra,West,Paid Social,2025-09-26
16503,Simran,Reddy,simran.reddy503@outlook.com,M,1981,Ahmedabad,Gujarat,West,Email,2025-09-26
16504,Pari,Chopra,pari.chopra504@outlook.com,M,2006,Bengaluru,Karnataka,South,Referral,2025-09-26
16505,Krishna,Bose,krishna.bose505@gmail.com,F,1983,Mumbai,Maharashtra,West,Paid Search,2025-09-26
16506,Krishna,Gupta,krishna.gupta506@gmail.com,F,1993,Chandigarh,Chandigarh,North,Paid Social,2025-09-26
16507,Rahul,Singh,rahul.singh507@gmail.com,F,1996,Jaipur,Rajasthan,North,Paid Social,2025-09-26
16508,Deepak,Malhotra,deepak.malhotra508@gmail.com,F,2001,Bengaluru,Karnataka,South,Paid Search,2025-09-26
16509,Pooja,Iyer,pooja.iyer509@gmail.com,M,1981,Jaipur,Rajasthan,North,Organic Search,2025-09-26
16510,Myra,Yadav,myra.yadav510@gmail.com,F,1995,Kochi,Kerala,South,Paid Social,2025-09-26
16511,Simran,Khan,simran.khan511@gmail.com,M,1989,Jaipur,Rajasthan,North,Organic Search,2025-09-26
16512,Neha,Rao,neha.rao512@gmail.com,F,2001,Hyderabad,Telangana,South,Organic Search,2025-09-26
16513,Rohan,Nair,rohan.nair513@gmail.com,F,1988,Chandigarh,Chandigarh,North,Paid Search,2025-09-26
16514,Simran,Rao,simran.rao514@yahoo.in,F,1978,Bengaluru,Karnataka,South,Affiliate,2025-09-26
16515,Lakshmi,Reddy,lakshmi.reddy515@outlook.com,F,1996,Bengaluru,Karnataka,South,Paid Search,2025-09-27
16516,Diya,Joshi,diya.joshi516@yahoo.in,M,1993,Gurugram,Haryana,North,Referral,2025-09-27
16517,Manish,Sharma,manish.sharma517@yahoo.in,M,2006,Mumbai,Maharashtra,West,Paid Search,2025-09-27
16518,Amit,Mehta,amit.mehta518@gmail.com,M,2001,Delhi,Delhi,North,Organic Search,2025-09-27
16519,Kabir,Bose,kabir.bose519@gmail.com,F,1986,Pune,Maharashtra,West,Organic Search,2025-09-27
16520,Harpreet,Das,harpreet.das520@gmail.com,M,2001,Kochi,Kerala,South,Organic Search,2025-09-27
16521,Reyansh,Verma,reyansh.verma521@gmail.com,F,1994,Indore,Madhya Pradesh,West,Paid Search,2025-09-27
16522,Ananya,Kapoor,ananya.kapoor522@yahoo.in,F,1999,Bengaluru,Karnataka,South,Paid Search,2025-09-27
16523,Pari,Iyer,pari.iyer523@outlook.com,M,1987,Jaipur,Rajasthan,North,Paid Social,2025-09-27
16524,Arnav,Rao,arnav.rao524@gmail.com,F,1990,Mumbai,Maharashtra,West,Organic Search,2025-09-27
16525,Deepak,Pillai,deepak.pillai525@gmail.com,F,1999,Bengaluru,Karnataka,South,Paid Search,2025-09-27
16526,Ishaan,Iyer,ishaan.iyer526@gmail.com,M,1999,Delhi,Delhi,North,Organic Search,2025-09-27
16527,Aarav,Iyer,aarav.iyer527@gmail.com,M,1977,Delhi,Delhi,North,Email,2025-09-27
16528,Harpreet,Joshi,harpreet.joshi528@gmail.com,M,1998,Noida,Uttar Pradesh,North,Paid Search,2025-09-27
16529,Amit,Mehta,amit.mehta529@gmail.com,M,1987,Lucknow,Uttar Pradesh,North,Paid Social,2025-09-27
16530,Myra,Gupta,myra.gupta530@gmail.com,F,1995,Kolkata,West Bengal,East,Paid Social,2025-09-27
16531,Aarav,Gupta,aarav.gupta531@gmail.com,F,1980,Gurugram,Haryana,North,Organic Search,2025-09-27
16532,Amit,Verma,amit.verma532@yahoo.in,F,2001,Delhi,Delhi,North,Organic Search,2025-09-27
16533,Reyansh,Iyer,reyansh.iyer533@gmail.com,M,1999,Delhi,Delhi,North,Paid Social,2025-09-27
16534,Sneha,Singh,sneha.singh534@yahoo.in,M,1987,Noida,Uttar Pradesh,North,Email,2025-09-27
16535,Krishna,Agarwal,krishna.agarwal535@outlook.com,M,1997,Mumbai,Maharashtra,West,Email,2025-09-28
16536,Rohan,Mishra,rohan.mishra536@gmail.com,M,1993,Noida,Uttar Pradesh,North,Paid Search,2025-09-28
16537,Reyansh,Bose,reyansh.bose537@yahoo.in,M,1998,Delhi,Delhi,North,Organic Search,2025-09-28
16538,Krishna,Reddy,krishna.reddy538@gmail.com,F,1982,Delhi,Delhi,North,Paid Search,2025-09-28
16539,Nikhil,Nair,nikhil.nair539@gmail.com,M,1984,Hyderabad,Telangana,South,Organic Search,2025-09-28
16540,Nikhil,Menon,nikhil.menon540@outlook.com,F,1988,Pune,Maharashtra,West,Affiliate,2025-09-28
16541,Priya,Singh,priya.singh541@outlook.com,F,1993,Bengaluru,Karnataka,South,Organic Search,2025-09-28
16542,Simran,Nair,simran.nair542@gmail.com,M,2006,Gurugram,Haryana,North,Organic Search,2025-09-28
16543,Kavya,Mehta,kavya.mehta543@yahoo.in,F,1995,Jaipur,Rajasthan,North,Organic Search,2025-09-28
16544,Reyansh,Banerjee,reyansh.banerjee544@yahoo.in,M,2001,Kolkata,West Bengal,East,Email,2025-09-28
16545,Kabir,Shah,kabir.shah545@gmail.com,F,1986,Delhi,Delhi,North,Paid Search,2025-09-29
16546,Farhan,Kapoor,farhan.kapoor546@gmail.com,F,1989,Mumbai,Maharashtra,West,Organic Search,2025-09-29
16547,Pooja,Menon,pooja.menon547@gmail.com,M,1988,Jaipur,Rajasthan,North,Paid Search,2025-09-29
16548,Saanvi,Patel,saanvi.patel548@gmail.com,F,1992,Delhi,Delhi,North,Organic Search,2025-09-29
16549,Pooja,Verma,pooja.verma549@gmail.com,F,1999,Ahmedabad,Gujarat,West,Organic Search,2025-09-29
16550,Pooja,Yadav,pooja.yadav550@rediffmail.com,F,1991,Ahmedabad,Gujarat,West,Affiliate,2025-09-29
16551,Pooja,Singh,pooja.singh551@yahoo.in,M,1991,Chandigarh,Chandigarh,North,Paid Social,2025-09-29
16552,Amit,Rao,amit.rao552@gmail.com,M,1998,Pune,Maharashtra,West,Paid Social,2025-09-29
16553,Vivaan,Yadav,vivaan.yadav553@gmail.com,F,1989,Mumbai,Maharashtra,West,Paid Search,2025-09-29
16554,Riya,Verma,riya.verma554@gmail.com,M,1987,Mumbai,Maharashtra,West,Paid Social,2025-09-29
16555,Ishaan,Malhotra,ishaan.malhotra555@gmail.com,M,1991,Chennai,Tamil Nadu,South,Referral,2025-09-29
16556,Amit,Shah,amit.shah556@gmail.com,M,2006,Bengaluru,Karnataka,South,Organic Search,2025-09-30
16557,Amit,Menon,amit.menon557@yahoo.in,M,2001,Jaipur,Rajasthan,North,Paid Social,2025-09-30
16558,Arjun,Iyer,arjun.iyer558@gmail.com,M,2006,Lucknow,Uttar Pradesh,North,Paid Social,2025-09-30
16559,Diya,Reddy,diya.reddy559@gmail.com,F,1983,Bengaluru,Karnataka,South,Paid Search,2025-09-30
16560,Diya,Patel,diya.patel560@yahoo.in,M,1997,Noida,Uttar Pradesh,North,Organic Search,2025-09-30
16561,Rohan,Chopra,rohan.chopra561@gmail.com,M,1991,Kochi,Kerala,South,Email,2025-09-30
16562,Myra,Yadav,myra.yadav562@outlook.com,F,1991,Chennai,Tamil Nadu,South,Affiliate,2025-09-30
16563,Diya,Yadav,diya.yadav563@rediffmail.com,F,1981,Lucknow,Uttar Pradesh,North,Organic Search,2025-09-30
16564,Sneha,Nair,sneha.nair564@gmail.com,M,2004,Hyderabad,Telangana,South,Organic Search,2025-09-30
16565,Aditya,Joshi,aditya.joshi565@gmail.com,M,1981,Noida,Uttar Pradesh,North,Paid Social,2025-10-01
16566,Krishna,Agarwal,krishna.agarwal566@yahoo.in,F,2001,Delhi,Delhi,North,Referral,2025-10-01
16567,Rahul,Rao,rahul.rao567@gmail.com,M,1990,Kolkata,West Bengal,East,Paid Social,2025-10-01
16568,Saanvi,Sharma,saanvi.sharma568@rediffmail.com,F,1986,Hyderabad,Telangana,South,Affiliate,2025-10-01
16569,Kiara,Yadav,kiara.yadav569@gmail.com,F,1986,Pune,Maharashtra,West,Email,2025-10-01
16570,Aditya,Shah,aditya.shah570@yahoo.in,F,1994,Chennai,Tamil Nadu,South,Organic Search,2025-10-01
16571,Ananya,Malhotra,ananya.malhotra571@gmail.com,F,1991,Delhi,Delhi,North,Organic Search,2025-10-01
16572,Aadhya,Banerjee,aadhya.banerjee572@gmail.com,M,1994,Bengaluru,Karnataka,South,Organic Search,2025-10-01
16573,Aarav,Bose,aarav.bose573@gmail.com,M,1978,Kolkata,West Bengal,East,Email,2025-10-01
16574,Rahul,Kumar,rahul.kumar574@gmail.com,F,1977,Hyderabad,Telangana,South,Paid Social,2025-10-01
16575,Aditya,Patel,aditya.patel575@gmail.com,F,1979,Mumbai,Maharashtra,West,Affiliate,2025-10-01
16576,Deepak,Menon,deepak.menon576@gmail.com,F,2000,Mumbai,Maharashtra,West,Referral,2025-10-01
16577,Vivaan,Nair,vivaan.nair577@outlook.com,M,2005,Chennai,Tamil Nadu,South,Referral,2025-10-01
16578,Ishaan,Agarwal,ishaan.agarwal578@gmail.com,M,1991,Jaipur,Rajasthan,North,Organic Search,2025-10-01
16579,Rahul,Banerjee,rahul.banerjee579@gmail.com,M,1999,Kolkata,West Bengal,East,Organic Search,2025-10-01
16580,Vivaan,Bose,vivaan.bose580@gmail.com,M,1996,Chandigarh,Chandigarh,North,Affiliate,2025-10-01
16581,Vikram,Kapoor,vikram.kapoor581@gmail.com,F,2003,Delhi,Delhi,North,Paid Social,2025-10-01
16582,Myra,Joshi,myra.joshi582@gmail.com,F,2003,Lucknow,Uttar Pradesh,North,Affiliate,2025-10-01
16583,Aarav,Das,aarav.das583@rediffmail.com,F,1984,Pune,Maharashtra,West,Paid Search,2025-10-02
16584,Vikram,Pillai,vikram.pillai584@yahoo.in,F,1995,Delhi,Delhi,North,Paid Social,2025-10-02
16585,Aditya,Patel,aditya.patel585@outlook.com,F,2000,Mumbai,Maharashtra,West,Paid Social,2025-10-02
16586,Vikram,Iyer,vikram.iyer586@gmail.com,F,2000,Kochi,Kerala,South,Organic Search,2025-10-02
16587,Meera,Verma,meera.verma587@gmail.com,M,2000,Delhi,Delhi,North,Paid Social,2025-10-02
16588,Saanvi,Joshi,saanvi.joshi588@outlook.com,F,1993,Indore,Madhya Pradesh,West,Affiliate,2025-10-02
16589,Vikram,Rao,vikram.rao589@rediffmail.com,F,1999,Mumbai,Maharashtra,West,Paid Search,2025-10-02
16590,Vivaan,Das,vivaan.das590@gmail.com,F,1982,Bengaluru,Karnataka,South,Paid Search,2025-10-02
16591,Harpreet,Agarwal,harpreet.agarwal591@outlook.com,F,1983,Pune,Maharashtra,West,Paid Social,2025-10-02
16592,Lakshmi,Banerjee,lakshmi.banerjee592@gmail.com,F,2006,Chennai,Tamil Nadu,South,Referral,2025-10-03
16593,Krishna,Patel,krishna.patel593@gmail.com,F,2002,Mumbai,Maharashtra,West,Referral,2025-10-03
16594,Rahul,Sharma,rahul.sharma594@gmail.com,M,2006,Pune,Maharashtra,West,Paid Search,2025-10-03
16595,Kiara,Mishra,kiara.mishra595@gmail.com,F,1992,Delhi,Delhi,North,Paid Search,2025-10-03
16596,Zoya,Kapoor,zoya.kapoor596@outlook.com,M,1986,Pune,Maharashtra,West,Paid Search,2025-10-03
16597,Rohan,Mehta,rohan.mehta597@gmail.com,M,1992,Delhi,Delhi,North,Affiliate,2025-10-03
16598,Myra,Patel,myra.patel598@gmail.com,M,2006,Ahmedabad,Gujarat,West,Affiliate,2025-10-03
16599,Pari,Chopra,pari.chopra599@gmail.com,F,1987,Mumbai,Maharashtra,West,Paid Social,2025-10-03
16600,Simran,Mehta,simran.mehta600@yahoo.in,F,1992,Hyderabad,Telangana,South,Paid Search,2025-10-03
16601,Rahul,Nair,rahul.nair601@gmail.com,F,2003,Mumbai,Maharashtra,West,Email,2025-10-03
16602,Zoya,Rao,zoya.rao602@outlook.com,M,1994,Bengaluru,Karnataka,South,Organic Search,2025-10-03
16603,Arjun,Patel,arjun.patel603@outlook.com,F,1990,Delhi,Delhi,North,Organic Search,2025-10-03
16604,Arjun,Sharma,arjun.sharma604@gmail.com,F,2000,Bengaluru,Karnataka,South,Paid Search,2025-10-03
16605,Deepak,Kumar,deepak.kumar605@gmail.com,M,1990,Kolkata,West Bengal,East,Paid Social,2025-10-04
16606,Aditya,Nair,aditya.nair606@gmail.com,F,1997,Mumbai,Maharashtra,West,Organic Search,2025-10-04
16607,Meera,Kapoor,meera.kapoor607@gmail.com,F,1974,Delhi,Delhi,North,Paid Search,2025-10-04
16608,Reyansh,Reddy,reyansh.reddy608@gmail.com,M,1979,Indore,Madhya Pradesh,West,Referral,2025-10-04
16609,Rahul,Menon,rahul.menon609@gmail.com,M,1992,Gurugram,Haryana,North,Paid Social,2025-10-04
16610,Aman,Singh,aman.singh610@gmail.com,M,2004,Mumbai,Maharashtra,West,Organic Search,2025-10-04
16611,Priya,Menon,priya.menon611@gmail.com,F,1992,Delhi,Delhi,North,Organic Search,2025-10-04
16612,Ananya,Kapoor,ananya.kapoor612@outlook.com,F,1993,Mumbai,Maharashtra,West,Referral,2025-10-04
16613,Krishna,Verma,krishna.verma613@gmail.com,F,1995,Chennai,Tamil Nadu,South,Organic Search,2025-10-04
16614,Myra,Khan,myra.khan614@gmail.com,M,1990,Delhi,Delhi,North,Organic Search,2025-10-04
16615,Deepak,Pillai,deepak.pillai615@gmail.com,M,1981,Pune,Maharashtra,West,Affiliate,2025-10-04
16616,Pooja,Mehta,pooja.mehta616@outlook.com,M,1999,Lucknow,Uttar Pradesh,North,Paid Social,2025-10-04
16617,Priya,Menon,priya.menon617@gmail.com,M,1996,Lucknow,Uttar Pradesh,North,Paid Search,2025-10-04
16618,Meera,Singh,meera.singh618@gmail.com,M,1996,Bengaluru,Karnataka,South,Paid Social,2025-10-04
16619,Amit,Khan,amit.khan619@gmail.com,F,1985,Bengaluru,Karnataka,South,Paid Social,2025-10-04
16620,Isha,Joshi,isha.joshi620@gmail.com,F,2006,Chennai,Tamil Nadu,South,Paid Social,2025-10-04
16621,Krishna,Malhotra,krishna.malhotra621@gmail.com,F,1990,Jaipur,Rajasthan,North,Paid Social,2025-10-04
16622,Isha,Reddy,isha.reddy622@outlook.com,M,2005,Delhi,Delhi,North,Paid Social,2025-10-04
16623,Ananya,Joshi,ananya.joshi623@gmail.com,M,1977,Mumbai,Maharashtra,West,Organic Search,2025-10-04
16624,Saanvi,Singh,saanvi.singh624@yahoo.in,M,1990,Ahmedabad,Gujarat,West,Paid Search,2025-10-04
16625,Aadhya,Singh,aadhya.singh625@rediffmail.com,F,2006,Bengaluru,Karnataka,South,Paid Search,2025-10-04
16626,Arjun,Khan,arjun.khan626@gmail.com,F,1992,Hyderabad,Telangana,South,Referral,2025-10-05
16627,Rahul,Agarwal,rahul.agarwal627@gmail.com,M,1974,Chennai,Tamil Nadu,South,Referral,2025-10-05
16628,Reyansh,Pillai,reyansh.pillai628@gmail.com,F,1986,Delhi,Delhi,North,Referral,2025-10-05
16629,Kiara,Shah,kiara.shah629@outlook.com,M,1996,Kolkata,West Bengal,East,Paid Search,2025-10-05
16630,Arnav,Verma,arnav.verma630@yahoo.in,M,2005,Kolkata,West Bengal,East,Paid Social,2025-10-05
16631,Simran,Banerjee,simran.banerjee631@outlook.com,F,1991,Delhi,Delhi,North,Paid Social,2025-10-05
16632,Kavya,Verma,kavya.verma632@gmail.com,F,2002,Chandigarh,Chandigarh,North,Paid Search,2025-10-05
16633,Reyansh,Das,reyansh.das633@yahoo.in,F,1997,Hyderabad,Telangana,South,Affiliate,2025-10-05
16634,Simran,Agarwal,simran.agarwal634@gmail.com,F,1990,Pune,Maharashtra,West,Paid Search,2025-10-05
16635,Aman,Chopra,aman.chopra635@gmail.com,F,2000,Delhi,Delhi,North,Paid Social,2025-10-05
16636,Aadhya,Patel,aadhya.patel636@outlook.com,F,2001,Mumbai,Maharashtra,West,Referral,2025-10-05
16637,Pari,Verma,pari.verma637@outlook.com,F,1991,Ahmedabad,Gujarat,West,Referral,2025-10-05
16638,Ishaan,Singh,ishaan.singh638@gmail.com,F,1988,Chennai,Tamil Nadu,South,Paid Social,2025-10-05
16639,Kavya,Banerjee,kavya.banerjee639@gmail.com,F,1981,Hyderabad,Telangana,South,Paid Search,2025-10-05
16640,Rahul,Menon,rahul.menon640@gmail.com,F,1997,Kolkata,West Bengal,East,Paid Social,2025-10-05
16641,Diya,Das,diya.das641@gmail.com,F,1989,Mumbai,Maharashtra,West,Paid Search,2025-10-05
16642,Arjun,Kumar,arjun.kumar642@gmail.com,M,1998,Hyderabad,Telangana,South,Paid Social,2025-10-05
16643,Rahul,Reddy,rahul.reddy643@yahoo.in,M,1996,Delhi,Delhi,North,Referral,2025-10-05
16644,Lakshmi,Pillai,lakshmi.pillai644@gmail.com,F,1996,Pune,Maharashtra,West,Organic Search,2025-10-05
16645,Myra,Reddy,myra.reddy645@gmail.com,M,1992,Kochi,Kerala,South,Paid Social,2025-10-05
16646,Farhan,Kapoor,farhan.kapoor646@gmail.com,M,1983,Chennai,Tamil Nadu,South,Organic Search,2025-10-05
16647,Saanvi,Sharma,saanvi.sharma647@gmail.com,M,1997,Bengaluru,Karnataka,South,Referral,2025-10-06
16648,Kavya,Nair,kavya.nair648@gmail.com,F,2000,Gurugram,Haryana,North,Organic Search,2025-10-06
16649,Karan,Reddy,karan.reddy649@gmail.com,M,2006,Gurugram,Haryana,North,Paid Social,2025-10-06
16650,Harpreet,Mehta,harpreet.mehta650@gmail.com,M,1989,Bengaluru,Karnataka,South,Organic Search,2025-10-06
16651,Vikram,Das,vikram.das651@gmail.com,M,1985,Chandigarh,Chandigarh,North,Paid Search,2025-10-06
16652,Kiara,Khan,kiara.khan652@gmail.com,M,1984,Chandigarh,Chandigarh,North,Paid Social,2025-10-06
16653,Vivaan,Nair,vivaan.nair653@gmail.com,M,1993,Chennai,Tamil Nadu,South,Paid Search,2025-10-06
16654,Aadhya,Patel,aadhya.patel654@gmail.com,M,2000,Delhi,Delhi,North,Paid Social,2025-10-06
16655,Kabir,Rao,kabir.rao655@gmail.com,M,2001,Mumbai,Maharashtra,West,Affiliate,2025-10-06
16656,Simran,Iyer,simran.iyer656@rediffmail.com,F,2006,Lucknow,Uttar Pradesh,North,Organic Search,2025-10-06
16657,Sneha,Mishra,sneha.mishra657@gmail.com,M,1997,Delhi,Delhi,North,Paid Search,2025-10-06
16658,Pooja,Menon,pooja.menon658@outlook.com,M,1984,Noida,Uttar Pradesh,North,Paid Social,2025-10-06
16659,Manish,Patel,manish.patel659@outlook.com,F,1995,Gurugram,Haryana,North,Referral,2025-10-06
16660,Arnav,Reddy,arnav.reddy660@rediffmail.com,F,1977,Pune,Maharashtra,West,Paid Search,2025-10-06
16661,Meera,Shah,meera.shah661@outlook.com,M,1991,Mumbai,Maharashtra,West,Paid Search,2025-10-06
16662,Saanvi,Kapoor,saanvi.kapoor662@yahoo.in,F,1990,Pune,Maharashtra,West,Referral,2025-10-06
16663,Sai,Mehta,sai.mehta663@gmail.com,M,1997,Chennai,Tamil Nadu,South,Paid Social,2025-10-06
16664,Amit,Khan,amit.khan664@gmail.com,M,1997,Pune,Maharashtra,West,Email,2025-10-06
16665,Manish,Reddy,manish.reddy665@gmail.com,M,1988,Bengaluru,Karnataka,South,Organic Search,2025-10-06
16666,Priya,Rao,priya.rao666@gmail.com,M,1988,Bengaluru,Karnataka,South,Paid Search,2025-10-06
16667,Manish,Shah,manish.shah667@yahoo.in,M,1994,Pune,Maharashtra,West,Paid Social,2025-10-06
16668,Ishaan,Mehta,ishaan.mehta668@gmail.com,M,1997,Jaipur,Rajasthan,North,Organic Search,2025-10-06
16669,Aditya,Banerjee,aditya.banerjee669@gmail.com,F,1999,Kochi,Kerala,South,Paid Social,2025-10-06
16670,Amit,Chopra,amit.chopra670@gmail.com,F,1990,Mumbai,Maharashtra,West,Organic Search,2025-10-07
16671,Pari,Kapoor,pari.kapoor671@gmail.com,F,1993,Ahmedabad,Gujarat,West,Paid Social,2025-10-07
16672,Arjun,Khan,arjun.khan672@gmail.com,F,1985,Ahmedabad,Gujarat,West,Affiliate,2025-10-07
16673,Deepak,Mehta,deepak.mehta673@gmail.com,F,1985,Hyderabad,Telangana,South,Affiliate,2025-10-07
16674,Pari,Joshi,pari.joshi674@outlook.com,F,1978,Pune,Maharashtra,West,Paid Search,2025-10-07
16675,Ananya,Sharma,ananya.sharma675@outlook.com,F,1988,Mumbai,Maharashtra,West,Organic Search,2025-10-07
16676,Amit,Kapoor,amit.kapoor676@gmail.com,F,2004,Mumbai,Maharashtra,West,Email,2025-10-07
16677,Simran,Nair,simran.nair677@yahoo.in,M,2005,Hyderabad,Telangana,South,Paid Social,2025-10-07
16678,Reyansh,Yadav,reyansh.yadav678@gmail.com,M,1998,Chandigarh,Chandigarh,North,Paid Social,2025-10-07
16679,Pari,Das,pari.das679@gmail.com,F,2002,Kolkata,West Bengal,East,Referral,2025-10-07
16680,Farhan,Reddy,farhan.reddy680@gmail.com,F,2000,Chennai,Tamil Nadu,South,Paid Search,2025-10-07
16681,Meera,Yadav,meera.yadav681@gmail.com,F,1995,Delhi,Delhi,North,Paid Search,2025-10-07
16682,Ishaan,Singh,ishaan.singh682@gmail.com,F,1974,Chandigarh,Chandigarh,North,Email,2025-10-07
16683,Vivaan,Bose,vivaan.bose683@gmail.com,M,2006,Kochi,Kerala,South,Paid Social,2025-10-07
16684,Riya,Kapoor,riya.kapoor684@yahoo.in,M,1992,Jaipur,Rajasthan,North,Referral,2025-10-07
16685,Rohan,Patel,rohan.patel685@gmail.com,M,1992,Chandigarh,Chandigarh,North,Email,2025-10-07
16686,Aarav,Patel,aarav.patel686@gmail.com,M,2005,Noida,Uttar Pradesh,North,Paid Search,2025-10-07
16687,Arnav,Nair,arnav.nair687@gmail.com,F,1995,Delhi,Delhi,North,Email,2025-10-07
16688,Tanvi,Mishra,tanvi.mishra688@rediffmail.com,M,2006,Pune,Maharashtra,West,Paid Search,2025-10-07
16689,Priya,Nair,priya.nair689@gmail.com,M,1987,Hyderabad,Telangana,South,Affiliate,2025-10-07
16690,Kiara,Gupta,kiara.gupta690@outlook.com,M,2002,Bengaluru,Karnataka,South,Paid Search,2025-10-07
16691,Harpreet,Banerjee,harpreet.banerjee691@gmail.com,M,1992,Delhi,Delhi,North,Organic Search,2025-10-07
16692,Zoya,Gupta,zoya.gupta692@gmail.com,M,1994,Pune,Maharashtra,West,Referral,2025-10-07
16693,Amit,Khan,amit.khan693@gmail.com,F,1986,Chandigarh,Chandigarh,North,Affiliate,2025-10-07
16694,Sneha,Kumar,sneha.kumar694@yahoo.in,M,1988,Bengaluru,Karnataka,South,Referral,2025-10-07
16695,Amit,Reddy,amit.reddy695@gmail.com,M,2004,Mumbai,Maharashtra,West,Referral,2025-10-07
16696,Myra,Sharma,myra.sharma696@outlook.com,M,1998,Kolkata,West Bengal,East,Affiliate,2025-10-08
16697,Rahul,Sharma,rahul.sharma697@gmail.com,F,1997,Hyderabad,Telangana,South,Paid Social,2025-10-08
16698,Meera,Agarwal,meera.agarwal698@gmail.com,M,1980,Bengaluru,Karnataka,South,Email,2025-10-08
16699,Karan,Shah,karan.shah699@gmail.com,F,1981,Pune,Maharashtra,West,Organic Search,2025-10-08
16700,Myra,Das,myra.das700@gmail.com,M,1986,Indore,Madhya Pradesh,West,Organic Search,2025-10-08
16701,Simran,Sharma,simran.sharma701@gmail.com,F,1990,Mumbai,Maharashtra,West,Organic Search,2025-10-08
16702,Pari,Shah,pari.shah702@gmail.com,F,1993,Hyderabad,Telangana,South,Affiliate,2025-10-08
16703,Riya,Banerjee,riya.banerjee703@gmail.com,F,1996,Kochi,Kerala,South,Organic Search,2025-10-08
16704,Isha,Das,isha.das704@gmail.com,M,2002,Kolkata,West Bengal,East,Paid Search,2025-10-08
16705,Deepak,Bose,deepak.bose705@gmail.com,M,2005,Indore,Madhya Pradesh,West,Organic Search,2025-10-08
16706,Nikhil,Pillai,nikhil.pillai706@gmail.com,M,1995,Bengaluru,Karnataka,South,Organic Search,2025-10-08
16707,Nikhil,Agarwal,nikhil.agarwal707@gmail.com,M,1987,Mumbai,Maharashtra,West,Paid Social,2025-10-08
16708,Vikram,Pillai,vikram.pillai708@gmail.com,M,1999,Delhi,Delhi,North,Organic Search,2025-10-08
16709,Ishaan,Sharma,ishaan.sharma709@gmail.com,F,1995,Bengaluru,Karnataka,South,Email,2025-10-08
16710,Lakshmi,Nair,lakshmi.nair710@gmail.com,M,1997,Kolkata,West Bengal,East,Email,2025-10-08
16711,Nikhil,Rao,nikhil.rao711@outlook.com,F,2003,Chennai,Tamil Nadu,South,Paid Social,2025-10-08
16712,Aarav,Yadav,aarav.yadav712@gmail.com,F,1990,Chennai,Tamil Nadu,South,Paid Search,2025-10-08
16713,Diya,Malhotra,diya.malhotra713@gmail.com,M,2005,Mumbai,Maharashtra,West,Email,2025-10-09
16714,Krishna,Das,krishna.das714@gmail.com,F,1982,Bengaluru,Karnataka,South,Paid Social,2025-10-09
16715,Reyansh,Yadav,reyansh.yadav715@gmail.com,M,1999,Bengaluru,Karnataka,South,Organic Search,2025-10-09
16716,Neha,Khan,neha.khan716@yahoo.in,M,1988,Ahmedabad,Gujarat,West,Paid Search,2025-10-09
16717,Zoya,Singh,zoya.singh717@gmail.com,F,1995,Gurugram,Haryana,North,Paid Search,2025-10-09
16718,Meera,Das,meera.das718@outlook.com,F,1996,Ahmedabad,Gujarat,West,Paid Social,2025-10-09
16719,Deepak,Mishra,deepak.mishra719@gmail.com,M,1991,Jaipur,Rajasthan,North,Paid Search,2025-10-09
16720,Arjun,Banerjee,arjun.banerjee720@gmail.com,M,1988,Bengaluru,Karnataka,South,Referral,2025-10-09
16721,Karan,Khan,karan.khan721@gmail.com,M,1987,Kolkata,West Bengal,East,Paid Social,2025-10-09
16722,Diya,Verma,diya.verma722@gmail.com,M,1996,Bengaluru,Karnataka,South,Organic Search,2025-10-09
16723,Aarav,Rao,aarav.rao723@gmail.com,M,1999,Lucknow,Uttar Pradesh,North,Paid Search,2025-10-09
16724,Manish,Iyer,manish.iyer724@gmail.com,M,2006,Mumbai,Maharashtra,West,Referral,2025-10-09
16725,Reyansh,Gupta,reyansh.gupta725@gmail.com,F,1991,Ahmedabad,Gujarat,West,Organic Search,2025-10-09
16726,Saanvi,Shah,saanvi.shah726@outlook.com,M,1981,Bengaluru,Karnataka,South,Organic Search,2025-10-09
16727,Rahul,Banerjee,rahul.banerjee727@gmail.com,M,1997,Gurugram,Haryana,North,Paid Social,2025-10-09
16728,Myra,Kapoor,myra.kapoor728@gmail.com,M,1980,Pune,Maharashtra,West,Paid Search,2025-10-09
16729,Krishna,Pillai,krishna.pillai729@gmail.com,F,2006,Chennai,Tamil Nadu,South,Organic Search,2025-10-09
16730,Kabir,Yadav,kabir.yadav730@rediffmail.com,M,2000,Delhi,Delhi,North,Paid Search,2025-10-09
16731,Tanvi,Banerjee,tanvi.banerjee731@gmail.com,F,1985,Bengaluru,Karnataka,South,Paid Social,2025-10-09
16732,Aarav,Pillai,aarav.pillai732@gmail.com,M,1981,Chennai,Tamil Nadu,South,Organic Search,2025-10-09
16733,Aditya,Shah,aditya.shah733@gmail.com,F,1987,Hyderabad,Telangana,South,Referral,2025-10-09
16734,Diya,Rao,diya.rao734@gmail.com,M,1998,Kolkata,West Bengal,East,Paid Social,2025-10-09
16735,Manish,Rao,manish.rao735@gmail.com,F,1987,Hyderabad,Telangana,South,Organic Search,2025-10-09
16736,Krishna,Yadav,krishna.yadav736@gmail.com,F,1999,Pune,Maharashtra,West,Email,2025-10-09
16737,Meera,Nair,meera.nair737@gmail.com,F,2001,Pune,Maharashtra,West,Paid Social,2025-10-09
16738,Myra,Khan,myra.khan738@gmail.com,F,1989,Delhi,Delhi,North,Affiliate,2025-10-09
16739,Rahul,Agarwal,rahul.agarwal739@gmail.com,F,2001,Delhi,Delhi,North,Paid Search,2025-10-09
16740,Kabir,Yadav,kabir.yadav740@gmail.com,F,2003,Bengaluru,Karnataka,South,Paid Search,2025-10-09
16741,Lakshmi,Bose,lakshmi.bose741@gmail.com,M,1998,Jaipur,Rajasthan,North,Paid Social,2025-10-09
16742,Kiara,Banerjee,kiara.banerjee742@outlook.com,M,1998,Jaipur,Rajasthan,North,Email,2025-10-09
16743,Vivaan,Bose,vivaan.bose743@outlook.com,M,1989,Hyderabad,Telangana,South,Referral,2025-10-09
16744,Ananya,Chopra,ananya.chopra744@gmail.com,F,2006,Delhi,Delhi,North,Paid Social,2025-10-09
16745,Aadhya,Mehta,aadhya.mehta745@gmail.com,M,1986,Jaipur,Rajasthan,North,Referral,2025-10-09
16746,Lakshmi,Mehta,lakshmi.mehta746@gmail.com,M,1990,Bengaluru,Karnataka,South,Organic Search,2025-10-09
16747,Vivaan,Agarwal,vivaan.agarwal747@yahoo.in,M,2001,Delhi,Delhi,North,Referral,2025-10-09
16748,Diya,Sharma,diya.sharma748@gmail.com,M,1990,Pune,Maharashtra,West,Paid Social,2025-10-10
16749,Ishaan,Shah,ishaan.shah749@gmail.com,M,1991,Delhi,Delhi,North,Organic Search,2025-10-10
16750,Ishaan,Kumar,ishaan.kumar750@yahoo.in,M,1983,Hyderabad,Telangana,South,Organic Search,2025-10-10
16751,Manish,Pillai,manish.pillai751@gmail.com,M,1990,Bengaluru,Karnataka,South,Paid Search,2025-10-10
16752,Farhan,Shah,farhan.shah752@gmail.com,F,2006,Indore,Madhya Pradesh,West,Organic Search,2025-10-10
16753,Deepak,Patel,deepak.patel753@gmail.com,F,1991,Noida,Uttar Pradesh,North,Organic Search,2025-10-10
16754,Aman,Chopra,aman.chopra754@outlook.com,M,2004,Bengaluru,Karnataka,South,Organic Search,2025-10-10
16755,Harpreet,Khan,harpreet.khan755@gmail.com,M,1990,Jaipur,Rajasthan,North,Paid Social,2025-10-10
16756,Sneha,Verma,sneha.verma756@gmail.com,M,1985,Ahmedabad,Gujarat,West,Paid Social,2025-10-10
16757,Rahul,Rao,rahul.rao757@gmail.com,M,1987,Delhi,Delhi,North,Organic Search,2025-10-10
16758,Saanvi,Menon,saanvi.menon758@gmail.com,M,1999,Delhi,Delhi,North,Paid Social,2025-10-10
16759,Aditya,Yadav,aditya.yadav759@gmail.com,F,1976,Noida,Uttar Pradesh,North,Organic Search,2025-10-10
16760,Simran,Shah,simran.shah760@gmail.com,M,2006,Noida,Uttar Pradesh,North,Paid Social,2025-10-10
16761,Myra,Joshi,myra.joshi761@gmail.com,M,1997,Delhi,Delhi,North,Affiliate,2025-10-10
16762,Meera,Pillai,meera.pillai762@outlook.com,F,1991,Delhi,Delhi,North,Referral,2025-10-10
16763,Kavya,Patel,kavya.patel763@gmail.com,M,1987,Chennai,Tamil Nadu,South,Paid Social,2025-10-10
16764,Myra,Iyer,myra.iyer764@rediffmail.com,M,1989,Ahmedabad,Gujarat,West,Paid Social,2025-10-10
16765,Reyansh,Shah,reyansh.shah765@rediffmail.com,M,2003,Bengaluru,Karnataka,South,Organic Search,2025-10-10
16766,Myra,Iyer,myra.iyer766@outlook.com,M,1981,Jaipur,Rajasthan,North,Paid Search,2025-10-10
16767,Kavya,Agarwal,kavya.agarwal767@gmail.com,M,1993,Delhi,Delhi,North,Paid Search,2025-10-11
16768,Aarav,Mishra,aarav.mishra768@gmail.com,M,2003,Kolkata,West Bengal,East,Paid Search,2025-10-11
16769,Ananya,Malhotra,ananya.malhotra769@gmail.com,M,1977,Delhi,Delhi,North,Affiliate,2025-10-11
16770,Aditya,Verma,aditya.verma770@gmail.com,F,1988,Hyderabad,Telangana,South,Referral,2025-10-11
16771,Farhan,Shah,farhan.shah771@outlook.com,M,1981,Bengaluru,Karnataka,South,Paid Social,2025-10-11
16772,Reyansh,Patel,reyansh.patel772@gmail.com,M,1983,Mumbai,Maharashtra,West,Paid Social,2025-10-11
16773,Ananya,Menon,ananya.menon773@outlook.com,F,1995,Bengaluru,Karnataka,South,Referral,2025-10-11
16774,Kabir,Kumar,kabir.kumar774@rediffmail.com,M,1999,Hyderabad,Telangana,South,Paid Search,2025-10-11
16775,Vivaan,Nair,vivaan.nair775@outlook.com,M,1990,Chennai,Tamil Nadu,South,Email,2025-10-12
16776,Deepak,Pillai,deepak.pillai776@gmail.com,F,1982,Ahmedabad,Gujarat,West,Paid Social,2025-10-12
16777,Myra,Verma,myra.verma777@rediffmail.com,M,1987,Noida,Uttar Pradesh,North,Referral,2025-10-12
16778,Aman,Das,aman.das778@gmail.com,M,1997,Ahmedabad,Gujarat,West,Organic Search,2025-10-12
16779,Rahul,Yadav,rahul.yadav779@yahoo.in,F,1993,Delhi,Delhi,North,Paid Social,2025-10-12
16780,Vivaan,Yadav,vivaan.yadav780@yahoo.in,M,1984,Mumbai,Maharashtra,West,Paid Search,2025-10-12
16781,Ishaan,Khan,ishaan.khan781@gmail.com,F,1990,Indore,Madhya Pradesh,West,Organic Search,2025-10-12
16782,Aarav,Kapoor,aarav.kapoor782@gmail.com,F,2000,Lucknow,Uttar Pradesh,North,Paid Social,2025-10-12
16783,Kabir,Bose,kabir.bose783@gmail.com,F,1995,Chennai,Tamil Nadu,South,Affiliate,2025-10-12
16784,Pooja,Menon,pooja.menon784@gmail.com,M,1985,Kolkata,West Bengal,East,Referral,2025-10-12
16785,Sai,Banerjee,sai.banerjee785@yahoo.in,M,1996,Delhi,Delhi,North,Organic Search,2025-10-12
16786,Myra,Iyer,myra.iyer786@gmail.com,M,1989,Noida,Uttar Pradesh,North,Organic Search,2025-10-12
16787,Vivaan,Mishra,vivaan.mishra787@gmail.com,F,1988,Pune,Maharashtra,West,Paid Search,2025-10-12
16788,Aman,Mehta,aman.mehta788@yahoo.in,F,1995,Delhi,Delhi,North,Organic Search,2025-10-12
16789,Pari,Chopra,pari.chopra789@gmail.com,F,1985,Delhi,Delhi,North,Organic Search,2025-10-12
16790,Kavya,Rao,kavya.rao790@gmail.com,F,1990,Kochi,Kerala,South,Organic Search,2025-10-12
16791,Saanvi,Kapoor,saanvi.kapoor791@gmail.com,M,2002,Delhi,Delhi,North,Paid Search,2025-10-12
16792,Neha,Menon,neha.menon792@outlook.com,M,2006,Lucknow,Uttar Pradesh,North,Organic Search,2025-10-12
16793,Neha,Das,neha.das793@rediffmail.com,M,1980,Mumbai,Maharashtra,West,Organic Search,2025-10-12
16794,Ishaan,Nair,ishaan.nair794@gmail.com,F,1986,Delhi,Delhi,North,Email,2025-10-12
16795,Riya,Mishra,riya.mishra795@gmail.com,F,2003,Hyderabad,Telangana,South,Affiliate,2025-10-12
16796,Arnav,Nair,arnav.nair796@gmail.com,M,1983,Chennai,Tamil Nadu,South,Referral,2025-10-13
16797,Harpreet,Rao,harpreet.rao797@gmail.com,M,1992,Mumbai,Maharashtra,West,Organic Search,2025-10-13
16798,Kiara,Malhotra,kiara.malhotra798@yahoo.in,F,2006,Noida,Uttar Pradesh,North,Organic Search,2025-10-13
16799,Farhan,Banerjee,farhan.banerjee799@gmail.com,M,1988,Chennai,Tamil Nadu,South,Paid Social,2025-10-13
16800,Kiara,Rao,kiara.rao800@gmail.com,M,1991,Bengaluru,Karnataka,South,Referral,2025-10-13
16801,Reyansh,Agarwal,reyansh.agarwal801@gmail.com,M,1983,Pune,Maharashtra,West,Paid Social,2025-10-13
16802,Nikhil,Kumar,nikhil.kumar802@gmail.com,M,1999,Mumbai,Maharashtra,West,Referral,2025-10-13
16803,Kiara,Kumar,kiara.kumar803@yahoo.in,F,1979,Pune,Maharashtra,West,Paid Social,2025-10-13
16804,Pari,Mehta,pari.mehta804@gmail.com,M,1988,Lucknow,Uttar Pradesh,North,Affiliate,2025-10-13
16805,Aditya,Mishra,aditya.mishra805@gmail.com,M,1983,Mumbai,Maharashtra,West,Referral,2025-10-13
16806,Kabir,Das,kabir.das806@gmail.com,M,1991,Bengaluru,Karnataka,South,Organic Search,2025-10-13
16807,Kiara,Mehta,kiara.mehta807@gmail.com,F,2006,Mumbai,Maharashtra,West,Paid Search,2025-10-13
16808,Riya,Banerjee,riya.banerjee808@gmail.com,F,1997,Bengaluru,Karnataka,South,Paid Social,2025-10-13
16809,Myra,Bose,myra.bose809@gmail.com,M,1995,Bengaluru,Karnataka,South,Organic Search,2025-10-13
16810,Ishaan,Singh,ishaan.singh810@yahoo.in,F,1996,Hyderabad,Telangana,South,Paid Search,2025-10-13
16811,Myra,Malhotra,myra.malhotra811@yahoo.in,M,1993,Ahmedabad,Gujarat,West,Paid Social,2025-10-14
16812,Vivaan,Rao,vivaan.rao812@gmail.com,M,2004,Gurugram,Haryana,North,Paid Social,2025-10-14
16813,Priya,Patel,priya.patel813@gmail.com,F,2000,Bengaluru,Karnataka,South,Email,2025-10-14
16814,Neha,Kumar,neha.kumar814@gmail.com,F,1983,Hyderabad,Telangana,South,Organic Search,2025-10-14
16815,Nikhil,Pillai,nikhil.pillai815@gmail.com,M,2001,Delhi,Delhi,North,Affiliate,2025-10-14
16816,Vivaan,Sharma,vivaan.sharma816@outlook.com,M,1995,Chennai,Tamil Nadu,South,Paid Search,2025-10-14
16817,Karan,Patel,karan.patel817@outlook.com,M,1997,Kolkata,West Bengal,East,Affiliate,2025-10-14
16818,Zoya,Joshi,zoya.joshi818@outlook.com,M,1977,Bengaluru,Karnataka,South,Organic Search,2025-10-14
16819,Aman,Sharma,aman.sharma819@gmail.com,M,1994,Delhi,Delhi,North,Paid Social,2025-10-14
16820,Manish,Sharma,manish.sharma820@yahoo.in,F,1992,Bengaluru,Karnataka,South,Affiliate,2025-10-14
16821,Tanvi,Malhotra,tanvi.malhotra821@gmail.com,F,1988,Mumbai,Maharashtra,West,Organic Search,2025-10-14
16822,Deepak,Rao,deepak.rao822@gmail.com,M,2002,Jaipur,Rajasthan,North,Email,2025-10-14
16823,Saanvi,Shah,saanvi.shah823@gmail.com,F,1980,Delhi,Delhi,North,Paid Social,2025-10-14
16824,Reyansh,Chopra,reyansh.chopra824@gmail.com,F,2006,Bengaluru,Karnataka,South,Paid Search,2025-10-14
16825,Aarav,Gupta,aarav.gupta825@yahoo.in,F,1985,Ahmedabad,Gujarat,West,Paid Social,2025-10-15
16826,Deepak,Chopra,deepak.chopra826@outlook.com,M,1997,Mumbai,Maharashtra,West,Organic Search,2025-10-15
16827,Sai,Sharma,sai.sharma827@outlook.com,M,1995,Mumbai,Maharashtra,West,Paid Social,2025-10-15
16828,Sai,Gupta,sai.gupta828@yahoo.in,M,2003,Mumbai,Maharashtra,West,Organic Search,2025-10-15
16829,Riya,Patel,riya.patel829@gmail.com,M,2006,Mumbai,Maharashtra,West,Paid Social,2025-10-15
16830,Pari,Singh,pari.singh830@gmail.com,F,1990,Pune,Maharashtra,West,Paid Social,2025-10-15
16831,Rahul,Menon,rahul.menon831@gmail.com,F,1995,Delhi,Delhi,North,Organic Search,2025-10-15
16832,Arjun,Rao,arjun.rao832@gmail.com,F,1990,Mumbai,Maharashtra,West,Organic Search,2025-10-15
16833,Kiara,Chopra,kiara.chopra833@gmail.com,M,1986,Delhi,Delhi,North,Paid Social,2025-10-15
16834,Aman,Sharma,aman.sharma834@outlook.com,M,1994,Hyderabad,Telangana,South,Organic Search,2025-10-15
16835,Sneha,Singh,sneha.singh835@yahoo.in,F,1993,Pune,Maharashtra,West,Paid Social,2025-10-15
16836,Rohan,Gupta,rohan.gupta836@gmail.com,F,1994,Hyderabad,Telangana,South,Affiliate,2025-10-15
16837,Krishna,Malhotra,krishna.malhotra837@gmail.com,M,1990,Mumbai,Maharashtra,West,Organic Search,2025-10-15
16838,Meera,Bose,meera.bose838@gmail.com,F,1996,Gurugram,Haryana,North,Paid Search,2025-10-15
16839,Nikhil,Malhotra,nikhil.malhotra839@yahoo.in,M,2000,Jaipur,Rajasthan,North,Affiliate,2025-10-15
16840,Farhan,Kumar,farhan.kumar840@gmail.com,M,1984,Lucknow,Uttar Pradesh,North,Affiliate,2025-10-15
16841,Sai,Reddy,sai.reddy841@gmail.com,M,1998,Mumbai,Maharashtra,West,Organic Search,2025-10-15
16842,Myra,Joshi,myra.joshi842@gmail.com,F,2006,Hyderabad,Telangana,South,Referral,2025-10-15
16843,Aditya,Mehta,aditya.mehta843@gmail.com,M,1983,Delhi,Delhi,North,Organic Search,2025-10-15
16844,Zoya,Gupta,zoya.gupta844@gmail.com,M,1995,Mumbai,Maharashtra,West,Referral,2025-10-15
16845,Ananya,Banerjee,ananya.banerjee845@rediffmail.com,M,1997,Delhi,Delhi,North,Paid Search,2025-10-15
16846,Saanvi,Patel,saanvi.patel846@gmail.com,M,2000,Mumbai,Maharashtra,West,Organic Search,2025-10-16
16847,Sneha,Kumar,sneha.kumar847@gmail.com,F,2001,Ahmedabad,Gujarat,West,Paid Search,2025-10-16
16848,Reyansh,Mishra,reyansh.mishra848@gmail.com,F,2003,Delhi,Delhi,North,Organic Search,2025-10-16
16849,Farhan,Singh,farhan.singh849@gmail.com,M,1995,Delhi,Delhi,North,Paid Search,2025-10-16
16850,Priya,Agarwal,priya.agarwal850@yahoo.in,F,1986,Bengaluru,Karnataka,South,Paid Search,2025-10-16
16851,Sneha,Verma,sneha.verma851@gmail.com,M,1991,Mumbai,Maharashtra,West,Affiliate,2025-10-16
16852,Nikhil,Kumar,nikhil.kumar852@gmail.com,F,2005,Mumbai,Maharashtra,West,Paid Social,2025-10-16
16853,Meera,Yadav,meera.yadav853@gmail.com,M,1986,Bengaluru,Karnataka,South,Paid Social,2025-10-16
16854,Vivaan,Patel,vivaan.patel854@yahoo.in,M,1998,Delhi,Delhi,North,Organic Search,2025-10-16
16855,Arjun,Verma,arjun.verma855@gmail.com,M,2000,Chennai,Tamil Nadu,South,Affiliate,2025-10-16
16856,Aman,Mehta,aman.mehta856@gmail.com,M,1998,Hyderabad,Telangana,South,Paid Social,2025-10-16
16857,Arnav,Reddy,arnav.reddy857@gmail.com,M,2001,Mumbai,Maharashtra,West,Organic Search,2025-10-17
16858,Ananya,Malhotra,ananya.malhotra858@gmail.com,M,1993,Mumbai,Maharashtra,West,Paid Social,2025-10-17
16859,Aarav,Khan,aarav.khan859@gmail.com,F,1993,Mumbai,Maharashtra,West,Paid Search,2025-10-17
16860,Tanvi,Chopra,tanvi.chopra860@gmail.com,M,2006,Hyderabad,Telangana,South,Paid Search,2025-10-17
16861,Manish,Verma,manish.verma861@outlook.com,M,2006,Delhi,Delhi,North,Paid Search,2025-10-17
16862,Sai,Iyer,sai.iyer862@outlook.com,F,2005,Bengaluru,Karnataka,South,Paid Search,2025-10-17
16863,Arjun,Sharma,arjun.sharma863@yahoo.in,F,1998,Jaipur,Rajasthan,North,Paid Search,2025-10-17
16864,Myra,Shah,myra.shah864@outlook.com,M,1989,Hyderabad,Telangana,South,Referral,2025-10-17
16865,Vikram,Gupta,vikram.gupta865@gmail.com,F,1995,Kolkata,West Bengal,East,Organic Search,2025-10-17
16866,Priya,Kapoor,priya.kapoor866@rediffmail.com,F,1992,Jaipur,Rajasthan,North,Organic Search,2025-10-17
16867,Priya,Mishra,priya.mishra867@outlook.com,F,2002,Mumbai,Maharashtra,West,Organic Search,2025-10-17
16868,Priya,Rao,priya.rao868@gmail.com,M,1997,Ahmedabad,Gujarat,West,Paid Search,2025-10-17
16869,Manish,Kapoor,manish.kapoor869@gmail.com,F,1998,Ahmedabad,Gujarat,West,Organic Search,2025-10-17
16870,Ananya,Yadav,ananya.yadav870@yahoo.in,F,1993,Gurugram,Haryana,North,Organic Search,2025-10-17
16871,Arjun,Yadav,arjun.yadav871@outlook.com,F,1974,Ahmedabad,Gujarat,West,Paid Search,2025-10-17
16872,Amit,Iyer,amit.iyer872@gmail.com,M,2004,Bengaluru,Karnataka,South,Affiliate,2025-10-17
16873,Neha,Bose,neha.bose873@gmail.com,F,1993,Kolkata,West Bengal,East,Organic Search,2025-10-17
16874,Diya,Iyer,diya.iyer874@gmail.com,F,2001,Bengaluru,Karnataka,South,Organic Search,2025-10-17
16875,Kavya,Singh,kavya.singh875@yahoo.in,M,1991,Indore,Madhya Pradesh,West,Paid Social,2025-10-17
16876,Krishna,Iyer,krishna.iyer876@rediffmail.com,M,2006,Lucknow,Uttar Pradesh,North,Paid Social,2025-10-17
16877,Reyansh,Shah,reyansh.shah877@gmail.com,F,1989,Delhi,Delhi,North,Organic Search,2025-10-17
16878,Reyansh,Kumar,reyansh.kumar878@gmail.com,M,1993,Bengaluru,Karnataka,South,Email,2025-10-17
16879,Deepak,Chopra,deepak.chopra879@gmail.com,M,1994,Bengaluru,Karnataka,South,Paid Social,2025-10-17
16880,Arnav,Singh,arnav.singh880@outlook.com,M,1981,Chennai,Tamil Nadu,South,Paid Social,2025-10-17
16881,Kavya,Mehta,kavya.mehta881@gmail.com,F,1997,Mumbai,Maharashtra,West,Paid Social,2025-10-17
16882,Reyansh,Yadav,reyansh.yadav882@outlook.com,F,2000,Gurugram,Haryana,North,Referral,2025-10-17
16883,Aarav,Shah,aarav.shah883@gmail.com,M,1997,Noida,Uttar Pradesh,North,Organic Search,2025-10-17
16884,Myra,Mishra,myra.mishra884@gmail.com,F,2006,Pune,Maharashtra,West,Affiliate,2025-10-17
16885,Neha,Kapoor,neha.kapoor885@gmail.com,M,1986,Chandigarh,Chandigarh,North,Organic Search,2025-10-17
16886,Ananya,Khan,ananya.khan886@gmail.com,F,1980,Gurugram,Haryana,North,Paid Search,2025-10-17
16887,Vikram,Sharma,vikram.sharma887@rediffmail.com,M,1984,Delhi,Delhi,North,Organic Search,2025-10-17
16888,Vikram,Rao,vikram.rao888@gmail.com,F,1994,Mumbai,Maharashtra,West,Paid Social,2025-10-17
16889,Meera,Mehta,meera.mehta889@yahoo.in,M,2003,Chandigarh,Chandigarh,North,Referral,2025-10-17
16890,Saanvi,Patel,saanvi.patel890@outlook.com,F,1995,Kolkata,West Bengal,East,Paid Social,2025-10-18
16891,Vivaan,Pillai,vivaan.pillai891@yahoo.in,M,1990,Chennai,Tamil Nadu,South,Organic Search,2025-10-18
16892,Diya,Sharma,diya.sharma892@rediffmail.com,F,2005,Gurugram,Haryana,North,Referral,2025-10-18
16893,Krishna,Singh,krishna.singh893@gmail.com,F,1993,Hyderabad,Telangana,South,Affiliate,2025-10-18
16894,Kavya,Mehta,kavya.mehta894@gmail.com,F,1983,Pune,Maharashtra,West,Organic Search,2025-10-18
16895,Simran,Kumar,simran.kumar895@gmail.com,M,2001,Kochi,Kerala,South,Organic Search,2025-10-18
16896,Manish,Rao,manish.rao896@outlook.com,M,1999,Indore,Madhya Pradesh,West,Paid Social,2025-10-18
16897,Farhan,Bose,farhan.bose897@yahoo.in,F,1995,Noida,Uttar Pradesh,North,Referral,2025-10-18
16898,Reyansh,Rao,reyansh.rao898@yahoo.in,F,2006,Noida,Uttar Pradesh,North,Organic Search,2025-10-18
16899,Priya,Singh,priya.singh899@gmail.com,M,1993,Kolkata,West Bengal,East,Organic Search,2025-10-18
16900,Tanvi,Malhotra,tanvi.malhotra900@gmail.com,F,1996,Kochi,Kerala,South,Paid Social,2025-10-18
16901,Aditya,Shah,aditya.shah901@outlook.com,F,1986,Pune,Maharashtra,West,Referral,2025-10-18
16902,Arnav,Shah,arnav.shah902@gmail.com,F,1988,Ahmedabad,Gujarat,West,Paid Search,2025-10-18
16903,Simran,Kumar,simran.kumar903@gmail.com,F,1990,Ahmedabad,Gujarat,West,Paid Social,2025-10-18
16904,Kavya,Patel,kavya.patel904@gmail.com,M,1999,Hyderabad,Telangana,South,Referral,2025-10-19
16905,Diya,Kumar,diya.kumar905@outlook.com,M,1988,Pune,Maharashtra,West,Organic Search,2025-10-19
16906,Diya,Reddy,diya.reddy906@gmail.com,F,1993,Delhi,Delhi,North,Paid Search,2025-10-19
16907,Karan,Yadav,karan.yadav907@gmail.com,M,1992,Chandigarh,Chandigarh,North,Paid Search,2025-10-19
16908,Zoya,Verma,zoya.verma908@outlook.com,M,1993,Ahmedabad,Gujarat,West,Referral,2025-10-19
16909,Ananya,Khan,ananya.khan909@gmail.com,F,1987,Mumbai,Maharashtra,West,Paid Social,2025-10-19
16910,Saanvi,Shah,saanvi.shah910@yahoo.in,F,1992,Hyderabad,Telangana,South,Referral,2025-10-19
16911,Saanvi,Kapoor,saanvi.kapoor911@yahoo.in,F,1984,Kolkata,West Bengal,East,Paid Social,2025-10-19
16912,Vikram,Mehta,vikram.mehta912@gmail.com,F,1993,Lucknow,Uttar Pradesh,North,Organic Search,2025-10-19
16913,Sai,Khan,sai.khan913@gmail.com,F,1993,Chennai,Tamil Nadu,South,Paid Search,2025-10-19
16914,Rahul,Banerjee,rahul.banerjee914@gmail.com,F,1994,Bengaluru,Karnataka,South,Paid Search,2025-10-19
16915,Kabir,Rao,kabir.rao915@gmail.com,F,1998,Ahmedabad,Gujarat,West,Paid Social,2025-10-19
16916,Nikhil,Menon,nikhil.menon916@gmail.com,M,2006,Delhi,Delhi,North,Affiliate,2025-10-19
16917,Riya,Chopra,riya.chopra917@gmail.com,F,1980,Mumbai,Maharashtra,West,Paid Search,2025-10-19
16918,Lakshmi,Banerjee,lakshmi.banerjee918@gmail.com,M,1991,Kolkata,West Bengal,East,Paid Social,2025-10-19
16919,Pari,Yadav,pari.yadav919@rediffmail.com,M,1986,Bengaluru,Karnataka,South,Organic Search,2025-10-19
16920,Sai,Nair,sai.nair920@gmail.com,M,1996,Indore,Madhya Pradesh,West,Paid Social,2025-10-19
16921,Kabir,Verma,kabir.verma921@gmail.com,F,1999,Delhi,Delhi,North,Referral,2025-10-19
16922,Rohan,Patel,rohan.patel922@gmail.com,F,1984,Chandigarh,Chandigarh,North,Referral,2025-10-19
16923,Aarav,Rao,aarav.rao923@gmail.com,F,1996,Pune,Maharashtra,West,Affiliate,2025-10-19
16924,Pooja,Banerjee,pooja.banerjee924@gmail.com,F,2000,Bengaluru,Karnataka,South,Affiliate,2025-10-19
16925,Meera,Yadav,meera.yadav925@gmail.com,F,1997,Chennai,Tamil Nadu,South,Paid Social,2025-10-19
16926,Pari,Pillai,pari.pillai926@gmail.com,F,1991,Mumbai,Maharashtra,West,Email,2025-10-19
16927,Diya,Chopra,diya.chopra927@gmail.com,M,1999,Jaipur,Rajasthan,North,Referral,2025-10-20
16928,Sneha,Yadav,sneha.yadav928@gmail.com,M,1991,Jaipur,Rajasthan,North,Paid Social,2025-10-20
16929,Krishna,Agarwal,krishna.agarwal929@gmail.com,F,2001,Delhi,Delhi,North,Organic Search,2025-10-20
16930,Zoya,Kumar,zoya.kumar930@yahoo.in,M,1996,Gurugram,Haryana,North,Affiliate,2025-10-20
16931,Kabir,Pillai,kabir.pillai931@gmail.com,F,1992,Jaipur,Rajasthan,North,Affiliate,2025-10-20
16932,Tanvi,Pillai,tanvi.pillai932@gmail.com,M,1983,Hyderabad,Telangana,South,Paid Social,2025-10-20
16933,Meera,Shah,meera.shah933@gmail.com,M,1994,Mumbai,Maharashtra,West,Paid Search,2025-10-20
16934,Farhan,Sharma,farhan.sharma934@yahoo.in,F,1985,Chennai,Tamil Nadu,South,Organic Search,2025-10-20
16935,Amit,Kumar,amit.kumar935@gmail.com,F,1985,Kolkata,West Bengal,East,Organic Search,2025-10-20
16936,Krishna,Kapoor,krishna.kapoor936@gmail.com,M,1991,Delhi,Delhi,North,Referral,2025-10-20
16937,Vivaan,Menon,vivaan.menon937@gmail.com,F,1993,Bengaluru,Karnataka,South,Paid Search,2025-10-20
16938,Vivaan,Iyer,vivaan.iyer938@yahoo.in,F,1984,Delhi,Delhi,North,Paid Social,2025-10-20
16939,Reyansh,Shah,reyansh.shah939@gmail.com,F,1992,Delhi,Delhi,North,Paid Search,2025-10-20
16940,Harpreet,Sharma,harpreet.sharma940@gmail.com,M,1992,Jaipur,Rajasthan,North,Paid Social,2025-10-20
16941,Sai,Pillai,sai.pillai941@yahoo.in,F,1989,Delhi,Delhi,North,Referral,2025-10-20
16942,Priya,Das,priya.das942@gmail.com,F,1991,Bengaluru,Karnataka,South,Email,2025-10-20
16943,Neha,Rao,neha.rao943@gmail.com,F,1999,Bengaluru,Karnataka,South,Paid Social,2025-10-20
16944,Karan,Yadav,karan.yadav944@gmail.com,F,1990,Bengaluru,Karnataka,South,Paid Search,2025-10-20
16945,Sai,Chopra,sai.chopra945@gmail.com,F,1998,Ahmedabad,Gujarat,West,Organic Search,2025-10-20
16946,Aditya,Patel,aditya.patel946@gmail.com,F,1993,Hyderabad,Telangana,South,Email,2025-10-20
16947,Simran,Shah,simran.shah947@yahoo.in,M,2002,Hyderabad,Telangana,South,Email,2025-10-20
16948,Nikhil,Iyer,nikhil.iyer948@gmail.com,F,2000,Chennai,Tamil Nadu,South,Paid Search,2025-10-21
16949,Vikram,Joshi,vikram.joshi949@gmail.com,M,1992,Bengaluru,Karnataka,South,Organic Search,2025-10-21
16950,Sai,Kumar,sai.kumar950@gmail.com,F,1988,Mumbai,Maharashtra,West,Paid Social,2025-10-21
16951,Nikhil,Mishra,nikhil.mishra951@outlook.com,F,1997,Pune,Maharashtra,West,Referral,2025-10-21
16952,Zoya,Menon,zoya.menon952@gmail.com,F,1989,Pune,Maharashtra,West,Referral,2025-10-21
16953,Simran,Das,simran.das953@gmail.com,M,1981,Delhi,Delhi,North,Organic Search,2025-10-21
16954,Aditya,Banerjee,aditya.banerjee954@gmail.com,F,1999,Hyderabad,Telangana,South,Affiliate,2025-10-21
16955,Sneha,Mehta,sneha.mehta955@gmail.com,F,1989,Kochi,Kerala,South,Paid Social,2025-10-21
16956,Arjun,Shah,arjun.shah956@rediffmail.com,M,1977,Kolkata,West Bengal,East,Paid Social,2025-10-21
16957,Saanvi,Malhotra,saanvi.malhotra957@yahoo.in,F,1993,Lucknow,Uttar Pradesh,North,Organic Search,2025-10-21
16958,Saanvi,Gupta,saanvi.gupta958@yahoo.in,M,2001,Delhi,Delhi,North,Organic Search,2025-10-21
16959,Reyansh,Agarwal,reyansh.agarwal959@rediffmail.com,F,1989,Delhi,Delhi,North,Organic Search,2025-10-21
16960,Rohan,Mehta,rohan.mehta960@gmail.com,F,1991,Hyderabad,Telangana,South,Paid Search,2025-10-21
16961,Deepak,Verma,deepak.verma961@gmail.com,M,1997,Bengaluru,Karnataka,South,Affiliate,2025-10-22
16962,Manish,Mehta,manish.mehta962@rediffmail.com,F,1990,Hyderabad,Telangana,South,Referral,2025-10-22
16963,Rahul,Verma,rahul.verma963@outlook.com,F,1993,Kochi,Kerala,South,Affiliate,2025-10-22
16964,Priya,Reddy,priya.reddy964@gmail.com,M,2001,Noida,Uttar Pradesh,North,Paid Social,2025-10-22
16965,Kavya,Agarwal,kavya.agarwal965@gmail.com,M,1999,Mumbai,Maharashtra,West,Organic Search,2025-10-22
16966,Priya,Joshi,priya.joshi966@gmail.com,F,1995,Hyderabad,Telangana,South,Paid Social,2025-10-22
16967,Isha,Banerjee,isha.banerjee967@yahoo.in,M,1980,Lucknow,Uttar Pradesh,North,Paid Social,2025-10-22
16968,Vivaan,Nair,vivaan.nair968@gmail.com,F,1998,Pune,Maharashtra,West,Email,2025-10-22
16969,Reyansh,Mishra,reyansh.mishra969@gmail.com,F,1990,Mumbai,Maharashtra,West,Paid Social,2025-10-22
16970,Neha,Reddy,neha.reddy970@outlook.com,F,1997,Indore,Madhya Pradesh,West,Organic Search,2025-10-22
16971,Aadhya,Shah,aadhya.shah971@gmail.com,M,1981,Kolkata,West Bengal,East,Referral,2025-10-22
16972,Aditya,Das,aditya.das972@outlook.com,F,2001,Delhi,Delhi,North,Referral,2025-10-22
16973,Riya,Das,riya.das973@gmail.com,M,1987,Pune,Maharashtra,West,Paid Social,2025-10-23
16974,Karan,Malhotra,karan.malhotra974@gmail.com,F,1997,Kolkata,West Bengal,East,Organic Search,2025-10-23
16975,Aditya,Bose,aditya.bose975@outlook.com,M,2001,Mumbai,Maharashtra,West,Paid Search,2025-10-23
16976,Manish,Mehta,manish.mehta976@outlook.com,M,1997,Bengaluru,Karnataka,South,Referral,2025-10-23
16977,Ananya,Malhotra,ananya.malhotra977@outlook.com,F,1997,Kochi,Kerala,South,Paid Search,2025-10-23
16978,Saanvi,Banerjee,saanvi.banerjee978@outlook.com,F,1994,Lucknow,Uttar Pradesh,North,Referral,2025-10-23
16979,Krishna,Bose,krishna.bose979@gmail.com,F,1984,Delhi,Delhi,North,Organic Search,2025-10-23
16980,Aman,Mishra,aman.mishra980@gmail.com,F,2004,Delhi,Delhi,North,Paid Search,2025-10-23
16981,Kavya,Mishra,kavya.mishra981@gmail.com,F,2002,Delhi,Delhi,North,Paid Search,2025-10-23
16982,Kavya,Rao,kavya.rao982@gmail.com,F,1990,Mumbai,Maharashtra,West,Organic Search,2025-10-23
16983,Arjun,Reddy,arjun.reddy983@outlook.com,F,1966,Delhi,Delhi,North,Paid Search,2025-10-23
16984,Kavya,Malhotra,kavya.malhotra984@gmail.com,M,2002,Mumbai,Maharashtra,West,Referral,2025-10-23
16985,Aditya,Malhotra,aditya.malhotra985@gmail.com,M,1979,Hyderabad,Telangana,South,Paid Search,2025-10-23
16986,Riya,Patel,riya.patel986@yahoo.in,M,1998,Jaipur,Rajasthan,North,Paid Search,2025-10-23
16987,Meera,Mishra,meera.mishra987@gmail.com,F,1988,Pune,Maharashtra,West,Paid Social,2025-10-23
16988,Harpreet,Agarwal,harpreet.agarwal988@gmail.com,F,1997,Delhi,Delhi,North,Paid Social,2025-10-23
16989,Amit,Mehta,amit.mehta989@outlook.com,F,1985,Bengaluru,Karnataka,South,Paid Search,2025-10-23
16990,Pari,Sharma,pari.sharma990@gmail.com,F,1994,Chandigarh,Chandigarh,North,Referral,2025-10-23
16991,Meera,Agarwal,meera.agarwal991@gmail.com,F,1980,Delhi,Delhi,North,Paid Search,2025-10-23
16992,Pooja,Patel,pooja.patel992@gmail.com,F,1994,Kolkata,West Bengal,East,Paid Social,2025-10-23
16993,Ishaan,Agarwal,ishaan.agarwal993@gmail.com,M,1993,Hyderabad,Telangana,South,Organic Search,2025-10-23
16994,Meera,Banerjee,meera.banerjee994@gmail.com,F,1999,Bengaluru,Karnataka,South,Paid Search,2025-10-23
16995,Tanvi,Pillai,tanvi.pillai995@yahoo.in,M,1990,Bengaluru,Karnataka,South,Organic Search,2025-10-23
16996,Rohan,Yadav,rohan.yadav996@gmail.com,M,1996,Mumbai,Maharashtra,West,Email,2025-10-23
16997,Karan,Gupta,karan.gupta997@gmail.com,M,1990,Jaipur,Rajasthan,North,Organic Search,2025-10-23
16998,Aadhya,Sharma,aadhya.sharma998@gmail.com,F,1997,Pune,Maharashtra,West,Paid Social,2025-10-23
16999,Amit,Rao,amit.rao999@outlook.com,M,1997,Hyderabad,Telangana,South,Referral,2025-10-24
17000,Pari,Mehta,pari.mehta0@gmail.com,F,2001,Kolkata,West Bengal,East,Paid Search,2025-10-24
17001,Meera,Pillai,meera.pillai1@gmail.com,M,1984,Indore,Madhya Pradesh,West,Organic Search,2025-10-24
17002,Aditya,Gupta,aditya.gupta2@yahoo.in,F,1993,Mumbai,Maharashtra,West,Organic Search,2025-10-24
17003,Ishaan,Mishra,ishaan.mishra3@outlook.com,M,1996,Bengaluru,Karnataka,South,Organic Search,2025-10-24
17004,Priya,Patel,priya.patel4@yahoo.in,M,2006,Bengaluru,Karnataka,South,Email,2025-10-24
17005,Meera,Singh,meera.singh5@outlook.com,M,2006,Lucknow,Uttar Pradesh,North,Organic Search,2025-10-24
17006,Zoya,Banerjee,zoya.banerjee6@outlook.com,M,1983,Mumbai,Maharashtra,West,Paid Search,2025-10-24
17007,Ishaan,Kapoor,ishaan.kapoor7@rediffmail.com,M,1989,Delhi,Delhi,North,Organic Search,2025-10-24
17008,Karan,Gupta,karan.gupta8@gmail.com,F,1974,Mumbai,Maharashtra,West,Paid Social,2025-10-24
17009,Manish,Joshi,manish.joshi9@gmail.com,M,2006,Hyderabad,Telangana,South,Paid Search,2025-10-24
17010,Karan,Kapoor,karan.kapoor10@gmail.com,M,1996,Chandigarh,Chandigarh,North,Paid Search,2025-10-24
17011,Aditya,Joshi,aditya.joshi11@outlook.com,F,1998,Bengaluru,Karnataka,South,Organic Search,2025-10-24
17012,Vikram,Gupta,vikram.gupta12@outlook.com,F,1991,Chandigarh,Chandigarh,North,Email,2025-10-24
17013,Myra,Patel,myra.patel13@gmail.com,M,1993,Gurugram,Haryana,North,Paid Social,2025-10-24
17014,Aarav,Chopra,aarav.chopra14@gmail.com,M,2003,Bengaluru,Karnataka,South,Organic Search,2025-10-24
17015,Kiara,Rao,kiara.rao15@gmail.com,F,1985,Ahmedabad,Gujarat,West,Referral,2025-10-24
17016,Aarav,Kumar,aarav.kumar16@outlook.com,F,1984,Hyderabad,Telangana,South,Referral,2025-10-24
17017,Sai,Das,sai.das17@gmail.com,F,1992,Bengaluru,Karnataka,South,Paid Search,2025-10-24
17018,Krishna,Gupta,krishna.gupta18@gmail.com,M,1994,Hyderabad,Telangana,South,Affiliate,2025-10-24
17019,Kabir,Chopra,kabir.chopra19@gmail.com,M,1998,Gurugram,Haryana,North,Organic Search,2025-10-24
17020,Lakshmi,Mehta,lakshmi.mehta20@gmail.com,F,1994,Indore,Madhya Pradesh,West,Email,2025-10-24
17021,Kabir,Rao,kabir.rao21@outlook.com,M,1987,Mumbai,Maharashtra,West,Email,2025-10-24
17022,Harpreet,Nair,harpreet.nair22@gmail.com,F,1990,Bengaluru,Karnataka,South,Paid Social,2025-10-25
17023,Krishna,Menon,krishna.menon23@gmail.com,F,1995,Ahmedabad,Gujarat,West,Paid Social,2025-10-25
17024,Pooja,Verma,pooja.verma24@gmail.com,F,1999,Delhi,Delhi,North,Organic Search,2025-10-25
17025,Saanvi,Reddy,saanvi.reddy25@gmail.com,M,2001,Pune,Maharashtra,West,Organic Search,2025-10-25
17026,Myra,Verma,myra.verma26@gmail.com,F,1991,Bengaluru,Karnataka,South,Paid Search,2025-10-25
17027,Rahul,Mishra,rahul.mishra27@gmail.com,M,1988,Lucknow,Uttar Pradesh,North,Email,2025-10-25
17028,Kavya,Iyer,kavya.iyer28@gmail.com,M,1986,Bengaluru,Karnataka,South,Organic Search,2025-10-25
17029,Tanvi,Sharma,tanvi.sharma29@gmail.com,M,2003,Chennai,Tamil Nadu,South,Paid Search,2025-10-25
17030,Aditya,Bose,aditya.bose30@outlook.com,M,1990,Delhi,Delhi,North,Organic Search,2025-10-25
17031,Deepak,Yadav,deepak.yadav31@gmail.com,M,1987,Ahmedabad,Gujarat,West,Paid Search,2025-10-25
17032,Arjun,Mishra,arjun.mishra32@gmail.com,F,1995,Chennai,Tamil Nadu,South,Paid Search,2025-10-25
17033,Priya,Patel,priya.patel33@rediffmail.com,F,2006,Delhi,Delhi,North,Affiliate,2025-10-25
17034,Vikram,Verma,vikram.verma34@yahoo.in,M,1986,Lucknow,Uttar Pradesh,North,Organic Search,2025-10-25
17035,Amit,Iyer,amit.iyer35@yahoo.in,F,1998,Bengaluru,Karnataka,South,Organic Search,2025-10-25
17036,Amit,Kumar,amit.kumar36@gmail.com,F,1990,Ahmedabad,Gujarat,West,Organic Search,2025-10-26
17037,Nikhil,Bose,nikhil.bose37@gmail.com,F,1994,Hyderabad,Telangana,South,Paid Social,2025-10-26
17038,Manish,Nair,manish.nair38@yahoo.in,M,2000,Bengaluru,Karnataka,South,Paid Social,2025-10-26
17039,Rohan,Mehta,rohan.mehta39@gmail.com,F,2003,Ahmedabad,Gujarat,West,Organic Search,2025-10-26
17040,Aman,Rao,aman.rao40@gmail.com,F,1989,Mumbai,Maharashtra,West,Organic Search,2025-10-26
17041,Aarav,Mehta,aarav.mehta41@outlook.com,F,2000,Delhi,Delhi,North,Paid Search,2025-10-26
17042,Deepak,Iyer,deepak.iyer42@gmail.com,F,1995,Indore,Madhya Pradesh,West,Organic Search,2025-10-26
17043,Myra,Patel,myra.patel43@outlook.com,M,1997,Gurugram,Haryana,North,Referral,2025-10-26
17044,Nikhil,Patel,nikhil.patel44@outlook.com,F,2003,Kolkata,West Bengal,East,Referral,2025-10-26
17045,Ananya,Singh,ananya.singh45@yahoo.in,M,1988,Delhi,Delhi,North,Paid Search,2025-10-26
17046,Deepak,Chopra,deepak.chopra46@gmail.com,M,2000,Delhi,Delhi,North,Paid Social,2025-10-26
17047,Amit,Patel,amit.patel47@yahoo.in,F,1995,Hyderabad,Telangana,South,Paid Search,2025-10-26
17048,Tanvi,Pillai,tanvi.pillai48@yahoo.in,F,2003,Delhi,Delhi,North,Organic Search,2025-10-26
17049,Kabir,Das,kabir.das49@gmail.com,F,1997,Mumbai,Maharashtra,West,Paid Social,2025-10-26
17050,Amit,Joshi,amit.joshi50@gmail.com,F,1992,Kochi,Kerala,South,Referral,2025-10-26
17051,Farhan,Mishra,farhan.mishra51@gmail.com,M,2000,Hyderabad,Telangana,South,Paid Search,2025-10-26
17052,Pooja,Rao,pooja.rao52@gmail.com,M,1989,Lucknow,Uttar Pradesh,North,Organic Search,2025-10-26
17053,Krishna,Iyer,krishna.iyer53@yahoo.in,M,1990,Lucknow,Uttar Pradesh,North,Organic Search,2025-10-26
17054,Lakshmi,Sharma,lakshmi.sharma54@outlook.com,M,1987,Indore,Madhya Pradesh,West,Paid Search,2025-10-26
17055,Kabir,Agarwal,kabir.agarwal55@gmail.com,F,1988,Pune,Maharashtra,West,Paid Search,2025-10-26
17056,Sai,Nair,sai.nair56@gmail.com,M,1972,Delhi,Delhi,North,Referral,2025-10-27
17057,Karan,Verma,karan.verma57@yahoo.in,F,1989,Gurugram,Haryana,North,Organic Search,2025-10-27
17058,Sneha,Malhotra,sneha.malhotra58@rediffmail.com,F,1993,Hyderabad,Telangana,South,Paid Social,2025-10-27
17059,Priya,Kapoor,priya.kapoor59@gmail.com,M,2000,Mumbai,Maharashtra,West,Affiliate,2025-10-27
17060,Myra,Rao,myra.rao60@gmail.com,M,1986,Hyderabad,Telangana,South,Organic Search,2025-10-27
17061,Aarav,Kapoor,aarav.kapoor61@outlook.com,M,1989,Gurugram,Haryana,North,Paid Social,2025-10-27
17062,Meera,Kumar,meera.kumar62@gmail.com,M,1992,Indore,Madhya Pradesh,West,Paid Search,2025-10-27
17063,Rohan,Mishra,rohan.mishra63@gmail.com,F,2000,Pune,Maharashtra,West,Paid Social,2025-10-27
17064,Vikram,Nair,vikram.nair64@rediffmail.com,M,1995,Chandigarh,Chandigarh,North,Email,2025-10-27
17065,Arnav,Khan,arnav.khan65@yahoo.in,M,1996,Indore,Madhya Pradesh,West,Email,2025-10-27
17066,Myra,Patel,myra.patel66@gmail.com,M,2001,Delhi,Delhi,North,Paid Search,2025-10-27
17067,Sneha,Malhotra,sneha.malhotra67@rediffmail.com,M,1998,Chennai,Tamil Nadu,South,Referral,2025-10-27
17068,Tanvi,Yadav,tanvi.yadav68@outlook.com,M,1989,Bengaluru,Karnataka,South,Paid Social,2025-10-28
17069,Pooja,Menon,pooja.menon69@rediffmail.com,M,2006,Jaipur,Rajasthan,North,Referral,2025-10-28
17070,Amit,Iyer,amit.iyer70@gmail.com,F,1978,Ahmedabad,Gujarat,West,Email,2025-10-28
17071,Priya,Banerjee,priya.banerjee71@gmail.com,F,2001,Kochi,Kerala,South,Paid Social,2025-10-28
17072,Ishaan,Yadav,ishaan.yadav72@gmail.com,F,1997,Mumbai,Maharashtra,West,Organic Search,2025-10-28
17073,Meera,Iyer,meera.iyer73@gmail.com,M,2003,Mumbai,Maharashtra,West,Organic Search,2025-10-28
17074,Karan,Yadav,karan.yadav74@gmail.com,F,1992,Hyderabad,Telangana,South,Referral,2025-10-28
17075,Kiara,Khan,kiara.khan75@gmail.com,F,1990,Delhi,Delhi,North,Organic Search,2025-10-28
17076,Vivaan,Khan,vivaan.khan76@gmail.com,F,1985,Bengaluru,Karnataka,South,Paid Social,2025-10-28
17077,Aarav,Shah,aarav.shah77@gmail.com,F,1985,Noida,Uttar Pradesh,North,Paid Social,2025-10-28
17078,Aman,Mishra,aman.mishra78@gmail.com,M,1992,Bengaluru,Karnataka,South,Referral,2025-10-28
17079,Sai,Yadav,sai.yadav79@rediffmail.com,F,1987,Mumbai,Maharashtra,West,Referral,2025-10-28
17080,Lakshmi,Verma,lakshmi.verma80@outlook.com,M,1988,Delhi,Delhi,North,Organic Search,2025-10-29
17081,Aditya,Gupta,aditya.gupta81@gmail.com,M,1985,Chennai,Tamil Nadu,South,Paid Social,2025-10-29
17082,Arjun,Singh,arjun.singh82@yahoo.in,M,2002,Ahmedabad,Gujarat,West,Referral,2025-10-29
17083,Rohan,Khan,rohan.khan83@rediffmail.com,M,1988,Chandigarh,Chandigarh,North,Organic Search,2025-10-29
17084,Ananya,Banerjee,ananya.banerjee84@gmail.com,M,1997,Bengaluru,Karnataka,South,Paid Social,2025-10-29
17085,Aadhya,Patel,aadhya.patel85@yahoo.in,F,1992,Pune,Maharashtra,West,Paid Social,2025-10-29
17086,Reyansh,Pillai,reyansh.pillai86@gmail.com,M,1996,Delhi,Delhi,North,Paid Search,2025-10-29
17087,Sai,Patel,sai.patel87@rediffmail.com,M,1991,Bengaluru,Karnataka,South,Paid Search,2025-10-29
17088,Farhan,Menon,farhan.menon88@gmail.com,F,2000,Kolkata,West Bengal,East,Organic Search,2025-10-29
17089,Deepak,Nair,deepak.nair89@yahoo.in,M,1998,Noida,Uttar Pradesh,North,Referral,2025-10-29
17090,Aditya,Mehta,aditya.mehta90@gmail.com,M,2003,Chennai,Tamil Nadu,South,Organic Search,2025-10-29
17091,Vikram,Verma,vikram.verma91@gmail.com,F,1988,Bengaluru,Karnataka,South,Paid Search,2025-10-29
17092,Amit,Sharma,amit.sharma92@gmail.com,M,1987,Delhi,Delhi,North,Paid Social,2025-10-29
17093,Tanvi,Kumar,tanvi.kumar93@gmail.com,M,1990,Bengaluru,Karnataka,South,Organic Search,2025-10-29
17094,Myra,Kumar,myra.kumar94@rediffmail.com,F,1994,Mumbai,Maharashtra,West,Paid Search,2025-10-29
17095,Kabir,Gupta,kabir.gupta95@gmail.com,F,1998,Hyderabad,Telangana,South,Organic Search,2025-10-29
17096,Farhan,Banerjee,farhan.banerjee96@gmail.com,F,1988,Bengaluru,Karnataka,South,Organic Search,2025-10-29
17097,Karan,Pillai,karan.pillai97@outlook.com,F,1995,Delhi,Delhi,North,Paid Search,2025-10-30
17098,Karan,Pillai,karan.pillai98@gmail.com,F,1992,Delhi,Delhi,North,Paid Social,2025-10-30
17099,Reyansh,Kapoor,reyansh.kapoor99@gmail.com,F,1991,Mumbai,Maharashtra,West,Paid Search,2025-10-30
17100,Amit,Chopra,amit.chopra100@gmail.com,F,1993,Pune,Maharashtra,West,Organic Search,2025-10-30
17101,Deepak,Singh,deepak.singh101@gmail.com,F,2006,Kolkata,West Bengal,East,Paid Search,2025-10-30
17102,Rahul,Mishra,rahul.mishra102@outlook.com,F,2000,Hyderabad,Telangana,South,Organic Search,2025-10-30
17103,Arnav,Mishra,arnav.mishra103@gmail.com,M,2002,Hyderabad,Telangana,South,Organic Search,2025-10-30
17104,Zoya,Reddy,zoya.reddy104@gmail.com,M,1996,Pune,Maharashtra,West,Organic Search,2025-10-30
17105,Myra,Mishra,myra.mishra105@gmail.com,M,2006,Delhi,Delhi,North,Organic Search,2025-10-30
17106,Neha,Khan,neha.khan106@gmail.com,M,2001,Bengaluru,Karnataka,South,Paid Social,2025-10-30
17107,Aadhya,Das,aadhya.das107@yahoo.in,F,1982,Delhi,Delhi,North,Affiliate,2025-10-30
17108,Kiara,Singh,kiara.singh108@gmail.com,M,1999,Delhi,Delhi,North,Organic Search,2025-10-30
17109,Ishaan,Shah,ishaan.shah109@gmail.com,M,1996,Lucknow,Uttar Pradesh,North,Referral,2025-10-30
17110,Vivaan,Rao,vivaan.rao110@rediffmail.com,M,1998,Kochi,Kerala,South,Organic Search,2025-10-30
17111,Riya,Banerjee,riya.banerjee111@gmail.com,F,1982,Bengaluru,Karnataka,South,Paid Search,2025-10-30
17112,Ananya,Bose,ananya.bose112@rediffmail.com,F,1982,Delhi,Delhi,North,Paid Search,2025-10-30
17113,Arnav,Bose,arnav.bose113@gmail.com,F,1993,Kochi,Kerala,South,Organic Search,2025-10-30
17114,Pari,Joshi,pari.joshi114@gmail.com,F,1979,Hyderabad,Telangana,South,Paid Social,2025-10-30
17115,Karan,Patel,karan.patel115@gmail.com,M,1999,Indore,Madhya Pradesh,West,Organic Search,2025-10-31
17116,Pooja,Mehta,pooja.mehta116@outlook.com,M,1995,Delhi,Delhi,North,Referral,2025-10-31
17117,Ananya,Malhotra,ananya.malhotra117@gmail.com,F,2006,Chandigarh,Chandigarh,North,Paid Social,2025-10-31
17118,Meera,Kumar,meera.kumar118@outlook.com,F,1996,Jaipur,Rajasthan,North,Referral,2025-10-31
17119,Isha,Singh,isha.singh119@outlook.com,M,1999,Bengaluru,Karnataka,South,Organic Search,2025-10-31
17120,Kavya,Shah,kavya.shah120@gmail.com,F,1998,Ahmedabad,Gujarat,West,Paid Search,2025-10-31
17121,Myra,Chopra,myra.chopra121@gmail.com,M,1994,Jaipur,Rajasthan,North,Paid Social,2025-10-31
17122,Diya,Malhotra,diya.malhotra122@outlook.com,F,1994,Chandigarh,Chandigarh,North,Paid Search,2025-10-31
17123,Aarav,Mehta,aarav.mehta123@gmail.com,F,1993,Pune,Maharashtra,West,Paid Social,2025-10-31
17124,Amit,Kapoor,amit.kapoor124@outlook.com,M,1974,Chennai,Tamil Nadu,South,Paid Search,2025-10-31
17125,Rahul,Das,rahul.das125@gmail.com,F,2002,Delhi,Delhi,North,Paid Social,2025-10-31
17126,Farhan,Sharma,farhan.sharma126@yahoo.in,M,2003,Bengaluru,Karnataka,South,Paid Social,2025-10-31
17127,Ishaan,Bose,ishaan.bose127@gmail.com,M,2000,Kolkata,West Bengal,East,Paid Search,2025-10-31
17128,Aadhya,Reddy,aadhya.reddy128@yahoo.in,F,1994,Bengaluru,Karnataka,South,Email,2025-11-01
17129,Kabir,Bose,kabir.bose129@outlook.com,M,1992,Mumbai,Maharashtra,West,Referral,2025-11-01
17130,Amit,Joshi,amit.joshi130@yahoo.in,M,1984,Bengaluru,Karnataka,South,Organic Search,2025-11-01
17131,Ananya,Nair,ananya.nair131@outlook.com,M,1983,Chennai,Tamil Nadu,South,Organic Search,2025-11-01
17132,Kiara,Khan,kiara.khan132@gmail.com,F,1989,Hyderabad,Telangana,South,Paid Social,2025-11-01
17133,Deepak,Banerjee,deepak.banerjee133@yahoo.in,M,1995,Delhi,Delhi,North,Paid Social,2025-11-01
17134,Myra,Banerjee,myra.banerjee134@gmail.com,M,1996,Delhi,Delhi,North,Affiliate,2025-11-01
17135,Kavya,Reddy,kavya.reddy135@gmail.com,F,1989,Delhi,Delhi,North,Paid Social,2025-11-01
17136,Aditya,Nair,aditya.nair136@gmail.com,M,1983,Delhi,Delhi,North,Organic Search,2025-11-01
17137,Priya,Nair,priya.nair137@gmail.com,F,1988,Bengaluru,Karnataka,South,Organic Search,2025-11-01
17138,Aarav,Mehta,aarav.mehta138@rediffmail.com,F,1993,Lucknow,Uttar Pradesh,North,Paid Social,2025-11-01
17139,Sneha,Menon,sneha.menon139@gmail.com,F,1981,Bengaluru,Karnataka,South,Paid Social,2025-11-01
17140,Diya,Das,diya.das140@gmail.com,F,1995,Bengaluru,Karnataka,South,Affiliate,2025-11-01
17141,Ishaan,Malhotra,ishaan.malhotra141@rediffmail.com,M,2006,Pune,Maharashtra,West,Paid Social,2025-11-01
17142,Lakshmi,Verma,lakshmi.verma142@gmail.com,M,1987,Delhi,Delhi,North,Email,2025-11-01
17143,Meera,Sharma,meera.sharma143@gmail.com,F,2006,Jaipur,Rajasthan,North,Referral,2025-11-01
17144,Ishaan,Pillai,ishaan.pillai144@gmail.com,F,1988,Delhi,Delhi,North,Paid Social,2025-11-02
17145,Nikhil,Rao,nikhil.rao145@gmail.com,F,1992,Kochi,Kerala,South,Paid Social,2025-11-02
17146,Aditya,Bose,aditya.bose146@gmail.com,M,1997,Jaipur,Rajasthan,North,Paid Social,2025-11-02
17147,Rahul,Khan,rahul.khan147@gmail.com,M,1993,Delhi,Delhi,North,Paid Social,2025-11-02
17148,Vikram,Iyer,vikram.iyer148@outlook.com,M,1980,Delhi,Delhi,North,Referral,2025-11-02
17149,Reyansh,Gupta,reyansh.gupta149@outlook.com,M,1996,Indore,Madhya Pradesh,West,Organic Search,2025-11-02
17150,Kavya,Menon,kavya.menon150@rediffmail.com,M,1994,Bengaluru,Karnataka,South,Email,2025-11-02
17151,Arjun,Kumar,arjun.kumar151@gmail.com,M,1991,Kolkata,West Bengal,East,Paid Social,2025-11-02
17152,Aditya,Menon,aditya.menon152@gmail.com,F,1994,Jaipur,Rajasthan,North,Paid Search,2025-11-02
17153,Neha,Reddy,neha.reddy153@gmail.com,M,1997,Delhi,Delhi,North,Organic Search,2025-11-02
17154,Riya,Chopra,riya.chopra154@rediffmail.com,F,1986,Hyderabad,Telangana,South,Organic Search,2025-11-02
17155,Amit,Gupta,amit.gupta155@gmail.com,M,1998,Jaipur,Rajasthan,North,Paid Social,2025-11-02
17156,Sai,Bose,sai.bose156@gmail.com,F,1989,Chandigarh,Chandigarh,North,Organic Search,2025-11-02
17157,Arjun,Banerjee,arjun.banerjee157@rediffmail.com,F,2006,Kochi,Kerala,South,Organic Search,2025-11-02
17158,Reyansh,Khan,reyansh.khan158@gmail.com,F,2002,Ahmedabad,Gujarat,West,Organic Search,2025-11-02
17159,Manish,Singh,manish.singh159@gmail.com,F,1986,Mumbai,Maharashtra,West,Paid Search,2025-11-02
17160,Deepak,Reddy,deepak.reddy160@gmail.com,F,2003,Kolkata,West Bengal,East,Affiliate,2025-11-02
17161,Arjun,Banerjee,arjun.banerjee161@yahoo.in,F,1997,Lucknow,Uttar Pradesh,North,Paid Social,2025-11-02
17162,Nikhil,Verma,nikhil.verma162@gmail.com,F,1998,Delhi,Delhi,North,Paid Search,2025-11-02
17163,Aman,Agarwal,aman.agarwal163@gmail.com,F,1992,Lucknow,Uttar Pradesh,North,Affiliate,2025-11-02
17164,Sneha,Nair,sneha.nair164@gmail.com,F,1991,Delhi,Delhi,North,Paid Search,2025-11-03
17165,Krishna,Agarwal,krishna.agarwal165@outlook.com,M,1991,Mumbai,Maharashtra,West,Affiliate,2025-11-03
17166,Krishna,Kumar,krishna.kumar166@outlook.com,F,1986,Chennai,Tamil Nadu,South,Affiliate,2025-11-03
17167,Tanvi,Sharma,tanvi.sharma167@gmail.com,M,1979,Kolkata,West Bengal,East,Paid Social,2025-11-03
17168,Sneha,Shah,sneha.shah168@gmail.com,M,1988,Bengaluru,Karnataka,South,Paid Social,2025-11-03
17169,Krishna,Patel,krishna.patel169@gmail.com,F,1988,Kochi,Kerala,South,Referral,2025-11-03
17170,Aditya,Menon,aditya.menon170@gmail.com,F,1985,Mumbai,Maharashtra,West,Paid Search,2025-11-03
17171,Isha,Pillai,isha.pillai171@outlook.com,M,1998,Jaipur,Rajasthan,North,Paid Search,2025-11-03
17172,Myra,Khan,myra.khan172@gmail.com,M,1995,Gurugram,Haryana,North,Organic Search,2025-11-03
17173,Manish,Malhotra,manish.malhotra173@gmail.com,F,1989,Pune,Maharashtra,West,Organic Search,2025-11-03
17174,Nikhil,Chopra,nikhil.chopra174@yahoo.in,M,1991,Chandigarh,Chandigarh,North,Organic Search,2025-11-03
17175,Kiara,Das,kiara.das175@rediffmail.com,F,1995,Delhi,Delhi,North,Email,2025-11-03
17176,Sneha,Shah,sneha.shah176@gmail.com,M,1988,Kolkata,West Bengal,East,Organic Search,2025-11-04
17177,Rahul,Verma,rahul.verma177@gmail.com,M,1973,Delhi,Delhi,North,Paid Search,2025-11-04
17178,Tanvi,Agarwal,tanvi.agarwal178@rediffmail.com,F,2003,Bengaluru,Karnataka,South,Paid Search,2025-11-04
17179,Pooja,Malhotra,pooja.malhotra179@gmail.com,M,1993,Delhi,Delhi,North,Paid Search,2025-11-04
17180,Sai,Kumar,sai.kumar180@yahoo.in,M,1996,Pune,Maharashtra,West,Email,2025-11-04
17181,Rahul,Rao,rahul.rao181@gmail.com,M,1995,Bengaluru,Karnataka,South,Referral,2025-11-04
17182,Farhan,Shah,farhan.shah182@gmail.com,F,1982,Lucknow,Uttar Pradesh,North,Paid Social,2025-11-04
17183,Lakshmi,Iyer,lakshmi.iyer183@gmail.com,F,1988,Delhi,Delhi,North,Paid Social,2025-11-04
17184,Kavya,Chopra,kavya.chopra184@gmail.com,F,1993,Indore,Madhya Pradesh,West,Referral,2025-11-04
17185,Meera,Das,meera.das185@gmail.com,M,1992,Indore,Madhya Pradesh,West,Paid Search,2025-11-04
17186,Lakshmi,Sharma,lakshmi.sharma186@gmail.com,M,1984,Chandigarh,Chandigarh,North,Paid Search,2025-11-04
17187,Aarav,Verma,aarav.verma187@gmail.com,F,1996,Mumbai,Maharashtra,West,Organic Search,2025-11-04
17188,Arjun,Kumar,arjun.kumar188@gmail.com,M,1998,Delhi,Delhi,North,Organic Search,2025-11-04
17189,Ishaan,Malhotra,ishaan.malhotra189@yahoo.in,M,1990,Jaipur,Rajasthan,North,Affiliate,2025-11-04
17190,Arjun,Bose,arjun.bose190@gmail.com,F,2002,Chennai,Tamil Nadu,South,Referral,2025-11-04
17191,Meera,Verma,meera.verma191@yahoo.in,M,1998,Gurugram,Haryana,North,Paid Search,2025-11-04
17192,Rahul,Singh,rahul.singh192@gmail.com,M,1997,Mumbai,Maharashtra,West,Organic Search,2025-11-04
17193,Amit,Mishra,amit.mishra193@yahoo.in,M,1990,Bengaluru,Karnataka,South,Referral,2025-11-05
17194,Rahul,Mishra,rahul.mishra194@gmail.com,F,1992,Hyderabad,Telangana,South,Affiliate,2025-11-05
17195,Neha,Khan,neha.khan195@gmail.com,M,2000,Delhi,Delhi,North,Affiliate,2025-11-05
17196,Harpreet,Bose,harpreet.bose196@gmail.com,M,1982,Indore,Madhya Pradesh,West,Paid Social,2025-11-05
17197,Rohan,Patel,rohan.patel197@yahoo.in,F,1982,Bengaluru,Karnataka,South,Paid Social,2025-11-05
17198,Pari,Sharma,pari.sharma198@gmail.com,M,1990,Noida,Uttar Pradesh,North,Organic Search,2025-11-05
17199,Arjun,Yadav,arjun.yadav199@yahoo.in,F,1993,Delhi,Delhi,North,Organic Search,2025-11-05
17200,Rahul,Nair,rahul.nair200@gmail.com,F,1993,Chennai,Tamil Nadu,South,Organic Search,2025-11-05
17201,Saanvi,Nair,saanvi.nair201@rediffmail.com,M,1998,Mumbai,Maharashtra,West,Paid Social,2025-11-05
17202,Rohan,Joshi,rohan.joshi202@gmail.com,F,1995,Delhi,Delhi,North,Email,2025-11-05
17203,Amit,Malhotra,amit.malhotra203@gmail.com,F,1994,Ahmedabad,Gujarat,West,Email,2025-11-05
17204,Deepak,Verma,deepak.verma204@gmail.com,M,1991,Mumbai,Maharashtra,West,Paid Search,2025-11-05
17205,Farhan,Chopra,farhan.chopra205@gmail.com,M,2000,Delhi,Delhi,North,Paid Search,2025-11-05
17206,Sai,Chopra,sai.chopra206@gmail.com,F,2003,Jaipur,Rajasthan,North,Paid Search,2025-11-06
17207,Pari,Agarwal,pari.agarwal207@yahoo.in,M,1991,Chandigarh,Chandigarh,North,Paid Social,2025-11-06
17208,Lakshmi,Menon,lakshmi.menon208@yahoo.in,F,1997,Ahmedabad,Gujarat,West,Referral,2025-11-06
17209,Rohan,Pillai,rohan.pillai209@gmail.com,F,1991,Mumbai,Maharashtra,West,Referral,2025-11-06
17210,Arnav,Malhotra,arnav.malhotra210@gmail.com,M,1984,Delhi,Delhi,North,Email,2025-11-06
17211,Arnav,Yadav,arnav.yadav211@gmail.com,F,1980,Bengaluru,Karnataka,South,Paid Social,2025-11-06
17212,Aditya,Joshi,aditya.joshi212@gmail.com,M,2003,Bengaluru,Karnataka,South,Paid Social,2025-11-06
17213,Manish,Verma,manish.verma213@yahoo.in,M,2000,Pune,Maharashtra,West,Affiliate,2025-11-06
17214,Zoya,Mishra,zoya.mishra214@gmail.com,M,1997,Delhi,Delhi,North,Paid Social,2025-11-06
17215,Neha,Menon,neha.menon215@outlook.com,M,2001,Delhi,Delhi,North,Organic Search,2025-11-06
17216,Saanvi,Menon,saanvi.menon216@gmail.com,M,1987,Kolkata,West Bengal,East,Paid Search,2025-11-07
17217,Priya,Yadav,priya.yadav217@gmail.com,F,2001,Gurugram,Haryana,North,Organic Search,2025-11-07
17218,Rohan,Yadav,rohan.yadav218@gmail.com,M,1996,Jaipur,Rajasthan,North,Organic Search,2025-11-07
17219,Zoya,Pillai,zoya.pillai219@gmail.com,F,1990,Bengaluru,Karnataka,South,Paid Social,2025-11-07
17220,Kiara,Sharma,kiara.sharma220@gmail.com,M,1975,Hyderabad,Telangana,South,Referral,2025-11-07
17221,Isha,Agarwal,isha.agarwal221@gmail.com,M,1982,Kochi,Kerala,South,Organic Search,2025-11-07
17222,Lakshmi,Gupta,lakshmi.gupta222@gmail.com,F,2006,Mumbai,Maharashtra,West,Paid Search,2025-11-07
17223,Vivaan,Singh,vivaan.singh223@outlook.com,F,2006,Kolkata,West Bengal,East,Paid Search,2025-11-07
17224,Myra,Malhotra,myra.malhotra224@outlook.com,M,1982,Delhi,Delhi,North,Email,2025-11-07
17225,Vikram,Shah,vikram.shah225@gmail.com,M,1978,Hyderabad,Telangana,South,Organic Search,2025-11-07
17226,Kabir,Patel,kabir.patel226@gmail.com,F,2004,Jaipur,Rajasthan,North,Organic Search,2025-11-07
17227,Krishna,Kumar,krishna.kumar227@yahoo.in,M,1993,Kolkata,West Bengal,East,Paid Social,2025-11-07
17228,Rahul,Khan,rahul.khan228@gmail.com,M,1988,Chennai,Tamil Nadu,South,Paid Social,2025-11-08
17229,Ishaan,Nair,ishaan.nair229@gmail.com,F,1984,Hyderabad,Telangana,South,Organic Search,2025-11-08
17230,Kiara,Kapoor,kiara.kapoor230@yahoo.in,F,1984,Indore,Madhya Pradesh,West,Referral,2025-11-08
17231,Arjun,Kumar,arjun.kumar231@yahoo.in,M,2004,Noida,Uttar Pradesh,North,Paid Search,2025-11-08
17232,Aarav,Shah,aarav.shah232@gmail.com,F,1995,Mumbai,Maharashtra,West,Paid Social,2025-11-08
17233,Riya,Reddy,riya.reddy233@yahoo.in,M,1979,Delhi,Delhi,North,Paid Social,2025-11-08
17234,Ishaan,Nair,ishaan.nair234@outlook.com,F,1988,Bengaluru,Karnataka,South,Organic Search,2025-11-08
17235,Vivaan,Rao,vivaan.rao235@gmail.com,M,2006,Delhi,Delhi,North,Organic Search,2025-11-08
17236,Aarav,Mishra,aarav.mishra236@yahoo.in,M,1996,Lucknow,Uttar Pradesh,North,Paid Search,2025-11-08
17237,Sneha,Joshi,sneha.joshi237@gmail.com,M,1982,Lucknow,Uttar Pradesh,North,Organic Search,2025-11-08
17238,Rahul,Joshi,rahul.joshi238@gmail.com,M,1988,Hyderabad,Telangana,South,Organic Search,2025-11-08
17239,Pooja,Rao,pooja.rao239@yahoo.in,F,1993,Mumbai,Maharashtra,West,Paid Search,2025-11-08
17240,Karan,Rao,karan.rao240@gmail.com,F,2001,Pune,Maharashtra,West,Paid Search,2025-11-08
17241,Meera,Bose,meera.bose241@gmail.com,F,1993,Noida,Uttar Pradesh,North,Email,2025-11-08
17242,Nikhil,Singh,nikhil.singh242@gmail.com,M,2005,Chandigarh,Chandigarh,North,Paid Social,2025-11-08
17243,Harpreet,Shah,harpreet.shah243@gmail.com,M,1996,Pune,Maharashtra,West,Affiliate,2025-11-08
17244,Rohan,Verma,rohan.verma244@yahoo.in,F,1975,Noida,Uttar Pradesh,North,Paid Search,2025-11-08
17245,Arjun,Patel,arjun.patel245@yahoo.in,M,1998,Bengaluru,Karnataka,South,Paid Search,2025-11-08
17246,Aman,Bose,aman.bose246@yahoo.in,F,1992,Mumbai,Maharashtra,West,Paid Search,2025-11-08
17247,Aditya,Iyer,aditya.iyer247@rediffmail.com,F,1989,Kolkata,West Bengal,East,Organic Search,2025-11-08
17248,Kiara,Chopra,kiara.chopra248@gmail.com,M,1997,Lucknow,Uttar Pradesh,North,Organic Search,2025-11-08
17249,Vikram,Singh,vikram.singh249@gmail.com,M,1992,Mumbai,Maharashtra,West,Organic Search,2025-11-08
17250,Vivaan,Kapoor,vivaan.kapoor250@gmail.com,F,1995,Kochi,Kerala,South,Paid Social,2025-11-09
17251,Kavya,Iyer,kavya.iyer251@gmail.com,M,1989,Chennai,Tamil Nadu,South,Paid Search,2025-11-09
17252,Deepak,Gupta,deepak.gupta252@gmail.com,F,1989,Pune,Maharashtra,West,Organic Search,2025-11-09
17253,Simran,Gupta,simran.gupta253@gmail.com,F,2002,Delhi,Delhi,North,Referral,2025-11-09
17254,Tanvi,Kumar,tanvi.kumar254@gmail.com,M,1994,Mumbai,Maharashtra,West,Organic Search,2025-11-09
17255,Zoya,Agarwal,zoya.agarwal255@rediffmail.com,M,1997,Ahmedabad,Gujarat,West,Email,2025-11-09
17256,Sneha,Verma,sneha.verma256@yahoo.in,F,1989,Lucknow,Uttar Pradesh,North,Referral,2025-11-09
17257,Farhan,Chopra,farhan.chopra257@outlook.com,F,2002,Noida,Uttar Pradesh,North,Paid Search,2025-11-09
17258,Vivaan,Rao,vivaan.rao258@gmail.com,F,1995,Pune,Maharashtra,West,Organic Search,2025-11-09
17259,Rohan,Nair,rohan.nair259@gmail.com,F,1991,Gurugram,Haryana,North,Affiliate,2025-11-09
17260,Aarav,Malhotra,aarav.malhotra260@gmail.com,M,2004,Chennai,Tamil Nadu,South,Referral,2025-11-09
17261,Sai,Iyer,sai.iyer261@gmail.com,M,1991,Delhi,Delhi,North,Affiliate,2025-11-09
17262,Sneha,Banerjee,sneha.banerjee262@gmail.com,F,1995,Kolkata,West Bengal,East,Organic Search,2025-11-09
17263,Farhan,Sharma,farhan.sharma263@gmail.com,M,1984,Pune,Maharashtra,West,Paid Social,2025-11-10
17264,Arnav,Singh,arnav.singh264@gmail.com,M,1988,Kolkata,West Bengal,East,Organic Search,2025-11-10
17265,Krishna,Gupta,krishna.gupta265@yahoo.in,F,2000,Hyderabad,Telangana,South,Paid Search,2025-11-10
17266,Karan,Sharma,karan.sharma266@rediffmail.com,F,1993,Gurugram,Haryana,North,Organic Search,2025-11-10
17267,Riya,Nair,riya.nair267@gmail.com,F,1994,Noida,Uttar Pradesh,North,Referral,2025-11-10
17268,Aarav,Reddy,aarav.reddy268@gmail.com,M,1993,Delhi,Delhi,North,Paid Social,2025-11-10
17269,Saanvi,Reddy,saanvi.reddy269@gmail.com,F,1993,Bengaluru,Karnataka,South,Referral,2025-11-10
17270,Karan,Sharma,karan.sharma270@gmail.com,M,1989,Gurugram,Haryana,North,Organic Search,2025-11-10
17271,Reyansh,Bose,reyansh.bose271@gmail.com,F,1990,Bengaluru,Karnataka,South,Affiliate,2025-11-10
17272,Saanvi,Shah,saanvi.shah272@gmail.com,M,1991,Chennai,Tamil Nadu,South,Paid Search,2025-11-10
17273,Priya,Agarwal,priya.agarwal273@gmail.com,F,1991,Mumbai,Maharashtra,West,Affiliate,2025-11-10
17274,Sai,Kumar,sai.kumar274@gmail.com,M,1997,Bengaluru,Karnataka,South,Paid Social,2025-11-10
17275,Aditya,Bose,aditya.bose275@gmail.com,M,1997,Chennai,Tamil Nadu,South,Organic Search,2025-11-10
17276,Aman,Reddy,aman.reddy276@gmail.com,M,2004,Hyderabad,Telangana,South,Referral,2025-11-10
17277,Arjun,Iyer,arjun.iyer277@outlook.com,F,1999,Delhi,Delhi,North,Paid Social,2025-11-10
17278,Pooja,Bose,pooja.bose278@rediffmail.com,M,1986,Jaipur,Rajasthan,North,Organic Search,2025-11-10
17279,Kiara,Patel,kiara.patel279@gmail.com,M,1988,Pune,Maharashtra,West,Organic Search,2025-11-11
17280,Nikhil,Menon,nikhil.menon280@outlook.com,M,2001,Lucknow,Uttar Pradesh,North,Affiliate,2025-11-11
17281,Arnav,Mishra,arnav.mishra281@gmail.com,M,1999,Pune,Maharashtra,West,Affiliate,2025-11-11
17282,Krishna,Malhotra,krishna.malhotra282@gmail.com,F,2002,Kolkata,West Bengal,East,Paid Social,2025-11-11
17283,Deepak,Joshi,deepak.joshi283@gmail.com,F,1993,Mumbai,Maharashtra,West,Organic Search,2025-11-11
17284,Sai,Reddy,sai.reddy284@gmail.com,M,1991,Lucknow,Uttar Pradesh,North,Paid Search,2025-11-11
17285,Arnav,Rao,arnav.rao285@outlook.com,M,1996,Gurugram,Haryana,North,Organic Search,2025-11-11
17286,Rahul,Mehta,rahul.mehta286@outlook.com,M,1983,Kochi,Kerala,South,Paid Social,2025-11-11
17287,Vivaan,Rao,vivaan.rao287@gmail.com,F,1992,Noida,Uttar Pradesh,North,Paid Search,2025-11-11
17288,Amit,Verma,amit.verma288@yahoo.in,F,2006,Noida,Uttar Pradesh,North,Paid Search,2025-11-11
17289,Arnav,Das,arnav.das289@gmail.com,M,1991,Ahmedabad,Gujarat,West,Referral,2025-11-11
17290,Pooja,Gupta,pooja.gupta290@yahoo.in,M,1993,Mumbai,Maharashtra,West,Affiliate,2025-11-12
17291,Arjun,Banerjee,arjun.banerjee291@gmail.com,M,1992,Mumbai,Maharashtra,West,Organic Search,2025-11-12
17292,Riya,Pillai,riya.pillai292@gmail.com,F,2006,Ahmedabad,Gujarat,West,Paid Search,2025-11-12
17293,Simran,Gupta,simran.gupta293@yahoo.in,M,1984,Ahmedabad,Gujarat,West,Paid Social,2025-11-12
17294,Meera,Kapoor,meera.kapoor294@gmail.com,M,1999,Delhi,Delhi,North,Organic Search,2025-11-12
17295,Kiara,Kapoor,kiara.kapoor295@gmail.com,F,1990,Mumbai,Maharashtra,West,Paid Search,2025-11-12
17296,Tanvi,Reddy,tanvi.reddy296@rediffmail.com,F,1988,Bengaluru,Karnataka,South,Organic Search,2025-11-12
17297,Saanvi,Kumar,saanvi.kumar297@gmail.com,F,1980,Mumbai,Maharashtra,West,Organic Search,2025-11-12
17298,Krishna,Agarwal,krishna.agarwal298@gmail.com,F,2006,Kolkata,West Bengal,East,Referral,2025-11-12
17299,Harpreet,Bose,harpreet.bose299@gmail.com,M,1999,Lucknow,Uttar Pradesh,North,Paid Search,2025-11-12
17300,Kiara,Rao,kiara.rao300@gmail.com,F,1983,Pune,Maharashtra,West,Paid Social,2025-11-12
17301,Farhan,Singh,farhan.singh301@gmail.com,F,1983,Bengaluru,Karnataka,South,Organic Search,2025-11-12
17302,Pooja,Joshi,pooja.joshi302@outlook.com,M,1988,Ahmedabad,Gujarat,West,Paid Social,2025-11-12
17303,Arnav,Reddy,arnav.reddy303@gmail.com,M,1997,Delhi,Delhi,North,Paid Social,2025-11-12
17304,Rahul,Iyer,rahul.iyer304@gmail.com,M,1992,Pune,Maharashtra,West,Referral,2025-11-12
17305,Aadhya,Chopra,aadhya.chopra305@gmail.com,M,1986,Kolkata,West Bengal,East,Organic Search,2025-11-12
17306,Aadhya,Menon,aadhya.menon306@gmail.com,F,1993,Mumbai,Maharashtra,West,Paid Social,2025-11-12
17307,Rahul,Kumar,rahul.kumar307@gmail.com,F,2004,Delhi,Delhi,North,Email,2025-11-12
17308,Deepak,Reddy,deepak.reddy308@gmail.com,F,1998,Delhi,Delhi,North,Organic Search,2025-11-13
17309,Ishaan,Reddy,ishaan.reddy309@gmail.com,F,1979,Mumbai,Maharashtra,West,Organic Search,2025-11-13
17310,Reyansh,Patel,reyansh.patel310@outlook.com,M,1985,Gurugram,Haryana,North,Paid Search,2025-11-13
17311,Ananya,Shah,ananya.shah311@outlook.com,M,1992,Chennai,Tamil Nadu,South,Affiliate,2025-11-13
17312,Kavya,Gupta,kavya.gupta312@gmail.com,F,1995,Kolkata,West Bengal,East,Organic Search,2025-11-13
17313,Vikram,Kumar,vikram.kumar313@gmail.com,F,2004,Kolkata,West Bengal,East,Organic Search,2025-11-13
17314,Zoya,Rao,zoya.rao314@gmail.com,M,1993,Mumbai,Maharashtra,West,Affiliate,2025-11-13
17315,Sneha,Nair,sneha.nair315@gmail.com,M,1998,Mumbai,Maharashtra,West,Paid Search,2025-11-13
17316,Pooja,Yadav,pooja.yadav316@gmail.com,M,1976,Chandigarh,Chandigarh,North,Organic Search,2025-11-13
17317,Karan,Chopra,karan.chopra317@gmail.com,M,1990,Delhi,Delhi,North,Paid Social,2025-11-13
17318,Reyansh,Singh,reyansh.singh318@gmail.com,F,1999,Ahmedabad,Gujarat,West,Organic Search,2025-11-13
17319,Karan,Joshi,karan.joshi319@yahoo.in,F,2006,Gurugram,Haryana,North,Paid Search,2025-11-13
17320,Sneha,Gupta,sneha.gupta320@gmail.com,F,1983,Delhi,Delhi,North,Organic Search,2025-11-13
17321,Aman,Banerjee,aman.banerjee321@gmail.com,F,1992,Chennai,Tamil Nadu,South,Paid Social,2025-11-13
17322,Arjun,Yadav,arjun.yadav322@rediffmail.com,F,1979,Hyderabad,Telangana,South,Paid Social,2025-11-13
17323,Rahul,Mehta,rahul.mehta323@gmail.com,M,1992,Kochi,Kerala,South,Organic Search,2025-11-13
17324,Deepak,Rao,deepak.rao324@rediffmail.com,F,2002,Chandigarh,Chandigarh,North,Paid Social,2025-11-13
17325,Aman,Das,aman.das325@gmail.com,M,2001,Chennai,Tamil Nadu,South,Affiliate,2025-11-13
17326,Diya,Menon,diya.menon326@gmail.com,F,1993,Mumbai,Maharashtra,West,Paid Search,2025-11-13
17327,Riya,Chopra,riya.chopra327@gmail.com,M,1991,Delhi,Delhi,North,Affiliate,2025-11-13
17328,Myra,Pillai,myra.pillai328@gmail.com,M,2006,Mumbai,Maharashtra,West,Affiliate,2025-11-13
17329,Zoya,Bose,zoya.bose329@outlook.com,F,1992,Ahmedabad,Gujarat,West,Organic Search,2025-11-13
17330,Karan,Bose,karan.bose330@gmail.com,F,1989,Mumbai,Maharashtra,West,Paid Social,2025-11-14
17331,Neha,Shah,neha.shah331@gmail.com,M,1989,Hyderabad,Telangana,South,Referral,2025-11-14
17332,Aarav,Mehta,aarav.mehta332@gmail.com,M,1982,Mumbai,Maharashtra,West,Paid Social,2025-11-14
17333,Farhan,Kumar,farhan.kumar333@gmail.com,F,1997,Kochi,Kerala,South,Referral,2025-11-14
17334,Amit,Patel,amit.patel334@gmail.com,F,1999,Delhi,Delhi,North,Organic Search,2025-11-14
17335,Amit,Reddy,amit.reddy335@gmail.com,F,1998,Bengaluru,Karnataka,South,Email,2025-11-14
17336,Nikhil,Chopra,nikhil.chopra336@gmail.com,F,2000,Kochi,Kerala,South,Organic Search,2025-11-14
17337,Lakshmi,Gupta,lakshmi.gupta337@gmail.com,F,1989,Ahmedabad,Gujarat,West,Paid Social,2025-11-14
17338,Rohan,Nair,rohan.nair338@outlook.com,M,1992,Chennai,Tamil Nadu,South,Email,2025-11-14
17339,Lakshmi,Agarwal,lakshmi.agarwal339@gmail.com,F,2003,Bengaluru,Karnataka,South,Paid Search,2025-11-14
17340,Krishna,Mehta,krishna.mehta340@outlook.com,M,1990,Delhi,Delhi,North,Paid Social,2025-11-14
17341,Karan,Nair,karan.nair341@gmail.com,M,1989,Bengaluru,Karnataka,South,Paid Social,2025-11-14
17342,Neha,Joshi,neha.joshi342@yahoo.in,M,2001,Bengaluru,Karnataka,South,Affiliate,2025-11-14
17343,Farhan,Singh,farhan.singh343@gmail.com,M,1987,Delhi,Delhi,North,Paid Search,2025-11-14
17344,Amit,Sharma,amit.sharma344@gmail.com,M,1984,Mumbai,Maharashtra,West,Paid Social,2025-11-14
17345,Pooja,Pillai,pooja.pillai345@gmail.com,M,1985,Delhi,Delhi,North,Organic Search,2025-11-15
17346,Isha,Malhotra,isha.malhotra346@yahoo.in,M,2006,Jaipur,Rajasthan,North,Organic Search,2025-11-15
17347,Meera,Pillai,meera.pillai347@gmail.com,M,2002,Kolkata,West Bengal,East,Organic Search,2025-11-15
17348,Diya,Nair,diya.nair348@gmail.com,F,1998,Kolkata,West Bengal,East,Paid Search,2025-11-15
17349,Diya,Patel,diya.patel349@gmail.com,M,1986,Bengaluru,Karnataka,South,Paid Social,2025-11-15
17350,Kiara,Kapoor,kiara.kapoor350@gmail.com,M,1997,Mumbai,Maharashtra,West,Organic Search,2025-11-15
17351,Rohan,Agarwal,rohan.agarwal351@gmail.com,F,2006,Mumbai,Maharashtra,West,Organic Search,2025-11-15
17352,Aadhya,Verma,aadhya.verma352@gmail.com,F,1996,Delhi,Delhi,North,Organic Search,2025-11-15
17353,Arjun,Menon,arjun.menon353@gmail.com,M,1985,Chandigarh,Chandigarh,North,Email,2025-11-15
17354,Kabir,Khan,kabir.khan354@outlook.com,F,1998,Hyderabad,Telangana,South,Organic Search,2025-11-16
17355,Kiara,Iyer,kiara.iyer355@outlook.com,M,1992,Pune,Maharashtra,West,Paid Social,2025-11-16
17356,Priya,Das,priya.das356@gmail.com,M,1995,Pune,Maharashtra,West,Referral,2025-11-16
17357,Karan,Khan,karan.khan357@gmail.com,F,1986,Delhi,Delhi,North,Email,2025-11-16
17358,Myra,Gupta,myra.gupta358@outlook.com,M,1987,Kochi,Kerala,South,Paid Social,2025-11-16
17359,Vikram,Gupta,vikram.gupta359@yahoo.in,M,1990,Jaipur,Rajasthan,North,Organic Search,2025-11-16
17360,Isha,Banerjee,isha.banerjee360@gmail.com,M,1987,Mumbai,Maharashtra,West,Organic Search,2025-11-16
17361,Isha,Shah,isha.shah361@outlook.com,F,1993,Chandigarh,Chandigarh,North,Organic Search,2025-11-16
17362,Aarav,Banerjee,aarav.banerjee362@outlook.com,M,1988,Chandigarh,Chandigarh,North,Referral,2025-11-16
17363,Zoya,Mishra,zoya.mishra363@gmail.com,F,2006,Indore,Madhya Pradesh,West,Paid Search,2025-11-16
17364,Tanvi,Agarwal,tanvi.agarwal364@outlook.com,M,1997,Bengaluru,Karnataka,South,Paid Search,2025-11-16
17365,Aditya,Mishra,aditya.mishra365@gmail.com,M,2000,Indore,Madhya Pradesh,West,Organic Search,2025-11-16
17366,Vivaan,Singh,vivaan.singh366@outlook.com,M,1992,Delhi,Delhi,North,Paid Search,2025-11-17
17367,Riya,Menon,riya.menon367@gmail.com,M,1977,Kolkata,West Bengal,East,Paid Search,2025-11-17
17368,Rohan,Kapoor,rohan.kapoor368@gmail.com,F,2000,Bengaluru,Karnataka,South,Paid Search,2025-11-17
17369,Arnav,Mishra,arnav.mishra369@gmail.com,F,1993,Chennai,Tamil Nadu,South,Organic Search,2025-11-17
17370,Aman,Verma,aman.verma370@gmail.com,F,1997,Gurugram,Haryana,North,Paid Search,2025-11-17
17371,Kiara,Reddy,kiara.reddy371@gmail.com,M,1993,Kolkata,West Bengal,East,Organic Search,2025-11-17
17372,Manish,Joshi,manish.joshi372@gmail.com,M,1976,Bengaluru,Karnataka,South,Paid Social,2025-11-17
17373,Amit,Malhotra,amit.malhotra373@gmail.com,M,1990,Pune,Maharashtra,West,Paid Social,2025-11-17
17374,Manish,Rao,manish.rao374@outlook.com,M,1987,Delhi,Delhi,North,Paid Social,2025-11-17
17375,Aditya,Menon,aditya.menon375@gmail.com,F,1995,Lucknow,Uttar Pradesh,North,Organic Search,2025-11-17
17376,Pooja,Sharma,pooja.sharma376@outlook.com,F,1997,Chennai,Tamil Nadu,South,Paid Social,2025-11-17
17377,Aman,Reddy,aman.reddy377@gmail.com,M,2006,Mumbai,Maharashtra,West,Paid Search,2025-11-17
17378,Ananya,Verma,ananya.verma378@gmail.com,M,1997,Bengaluru,Karnataka,South,Paid Search,2025-11-17
17379,Simran,Khan,simran.khan379@outlook.com,M,1989,Bengaluru,Karnataka,South,Organic Search,2025-11-17
17380,Simran,Reddy,simran.reddy380@gmail.com,M,1990,Hyderabad,Telangana,South,Affiliate,2025-11-17
17381,Zoya,Malhotra,zoya.malhotra381@gmail.com,M,1998,Mumbai,Maharashtra,West,Paid Search,2025-11-17
17382,Meera,Das,meera.das382@gmail.com,M,2000,Kochi,Kerala,South,Paid Search,2025-11-17
17383,Arjun,Reddy,arjun.reddy383@gmail.com,M,1984,Jaipur,Rajasthan,North,Organic Search,2025-11-18
17384,Manish,Nair,manish.nair384@outlook.com,F,1992,Chennai,Tamil Nadu,South,Paid Social,2025-11-18
17385,Arnav,Malhotra,arnav.malhotra385@gmail.com,M,1992,Mumbai,Maharashtra,West,Paid Search,2025-11-18
17386,Amit,Menon,amit.menon386@gmail.com,F,1981,Lucknow,Uttar Pradesh,North,Referral,2025-11-18
17387,Myra,Kumar,myra.kumar387@outlook.com,F,1999,Mumbai,Maharashtra,West,Organic Search,2025-11-18
17388,Amit,Kumar,amit.kumar388@gmail.com,F,1995,Hyderabad,Telangana,South,Paid Search,2025-11-18
17389,Manish,Menon,manish.menon389@gmail.com,M,1992,Indore,Madhya Pradesh,West,Referral,2025-11-18
17390,Vivaan,Yadav,vivaan.yadav390@yahoo.in,M,1995,Delhi,Delhi,North,Paid Search,2025-11-18
17391,Neha,Yadav,neha.yadav391@gmail.com,M,1999,Delhi,Delhi,North,Organic Search,2025-11-18
17392,Ishaan,Shah,ishaan.shah392@yahoo.in,M,2006,Bengaluru,Karnataka,South,Referral,2025-11-18
17393,Aman,Patel,aman.patel393@gmail.com,M,1999,Lucknow,Uttar Pradesh,North,Affiliate,2025-11-18
17394,Meera,Kumar,meera.kumar394@gmail.com,M,1984,Noida,Uttar Pradesh,North,Paid Search,2025-11-18
17395,Lakshmi,Rao,lakshmi.rao395@gmail.com,F,2006,Bengaluru,Karnataka,South,Paid Social,2025-11-18
17396,Manish,Agarwal,manish.agarwal396@outlook.com,F,1985,Chandigarh,Chandigarh,North,Paid Search,2025-11-18
17397,Sai,Kapoor,sai.kapoor397@yahoo.in,F,1997,Delhi,Delhi,North,Paid Social,2025-11-18
17398,Neha,Menon,neha.menon398@gmail.com,M,1992,Mumbai,Maharashtra,West,Referral,2025-11-18
17399,Deepak,Yadav,deepak.yadav399@gmail.com,F,1993,Ahmedabad,Gujarat,West,Paid Social,2025-11-18
17400,Vivaan,Reddy,vivaan.reddy400@gmail.com,M,1997,Indore,Madhya Pradesh,West,Paid Search,2025-11-19
17401,Harpreet,Iyer,harpreet.iyer401@gmail.com,F,1997,Delhi,Delhi,North,Organic Search,2025-11-19
17402,Myra,Joshi,myra.joshi402@gmail.com,M,2005,Mumbai,Maharashtra,West,Paid Social,2025-11-19
17403,Amit,Iyer,amit.iyer403@gmail.com,F,1988,Mumbai,Maharashtra,West,Paid Social,2025-11-19
17404,Reyansh,Agarwal,reyansh.agarwal404@gmail.com,F,1997,Mumbai,Maharashtra,West,Paid Social,2025-11-19
17405,Saanvi,Kapoor,saanvi.kapoor405@gmail.com,F,1998,Delhi,Delhi,North,Organic Search,2025-11-19
17406,Kavya,Agarwal,kavya.agarwal406@gmail.com,M,2006,Jaipur,Rajasthan,North,Paid Search,2025-11-19
17407,Deepak,Sharma,deepak.sharma407@gmail.com,F,1997,Bengaluru,Karnataka,South,Referral,2025-11-19
17408,Reyansh,Kapoor,reyansh.kapoor408@yahoo.in,F,1984,Delhi,Delhi,North,Organic Search,2025-11-19
17409,Sneha,Iyer,sneha.iyer409@gmail.com,F,2004,Kolkata,West Bengal,East,Email,2025-11-19
17410,Sai,Nair,sai.nair410@yahoo.in,M,1990,Kolkata,West Bengal,East,Paid Search,2025-11-19
17411,Manish,Khan,manish.khan411@gmail.com,F,1987,Mumbai,Maharashtra,West,Referral,2025-11-19
17412,Priya,Singh,priya.singh412@outlook.com,M,2004,Bengaluru,Karnataka,South,Paid Search,2025-11-19
17413,Ananya,Agarwal,ananya.agarwal413@gmail.com,F,1995,Bengaluru,Karnataka,South,Paid Search,2025-11-19
17414,Amit,Rao,amit.rao414@yahoo.in,F,1992,Gurugram,Haryana,North,Affiliate,2025-11-19
17415,Rohan,Mehta,rohan.mehta415@gmail.com,M,2006,Mumbai,Maharashtra,West,Paid Social,2025-11-20
17416,Nikhil,Nair,nikhil.nair416@gmail.com,M,1989,Kolkata,West Bengal,East,Organic Search,2025-11-20
17417,Saanvi,Iyer,saanvi.iyer417@gmail.com,F,1989,Delhi,Delhi,North,Affiliate,2025-11-20
17418,Pari,Rao,pari.rao418@gmail.com,F,1997,Ahmedabad,Gujarat,West,Paid Search,2025-11-20
17419,Farhan,Menon,farhan.menon419@yahoo.in,F,1975,Indore,Madhya Pradesh,West,Paid Social,2025-11-20
17420,Arnav,Mehta,arnav.mehta420@gmail.com,M,1995,Gurugram,Haryana,North,Organic Search,2025-11-20
17421,Rohan,Menon,rohan.menon421@gmail.com,M,1994,Pune,Maharashtra,West,Email,2025-11-20
17422,Pooja,Mehta,pooja.mehta422@gmail.com,M,1987,Kochi,Kerala,South,Affiliate,2025-11-20
17423,Aadhya,Sharma,aadhya.sharma423@gmail.com,F,1993,Delhi,Delhi,North,Paid Search,2025-11-20
17424,Vivaan,Yadav,vivaan.yadav424@gmail.com,M,1996,Gurugram,Haryana,North,Organic Search,2025-11-20
17425,Ananya,Nair,ananya.nair425@gmail.com,M,1993,Lucknow,Uttar Pradesh,North,Paid Social,2025-11-20
17426,Vivaan,Rao,vivaan.rao426@gmail.com,M,2000,Hyderabad,Telangana,South,Organic Search,2025-11-20
17427,Zoya,Mehta,zoya.mehta427@gmail.com,F,1996,Ahmedabad,Gujarat,West,Paid Search,2025-11-21
17428,Priya,Malhotra,priya.malhotra428@gmail.com,F,1992,Pune,Maharashtra,West,Paid Social,2025-11-21
17429,Amit,Bose,amit.bose429@rediffmail.com,F,1999,Hyderabad,Telangana,South,Organic Search,2025-11-21
17430,Isha,Menon,isha.menon430@outlook.com,M,1996,Kolkata,West Bengal,East,Affiliate,2025-11-21
17431,Ananya,Shah,ananya.shah431@gmail.com,M,2006,Noida,Uttar Pradesh,North,Paid Social,2025-11-21
17432,Priya,Reddy,priya.reddy432@gmail.com,F,2002,Hyderabad,Telangana,South,Paid Search,2025-11-21
17433,Krishna,Sharma,krishna.sharma433@outlook.com,M,1989,Mumbai,Maharashtra,West,Paid Search,2025-11-21
17434,Aditya,Pillai,aditya.pillai434@outlook.com,F,1980,Gurugram,Haryana,North,Email,2025-11-21
17435,Krishna,Patel,krishna.patel435@yahoo.in,F,1988,Lucknow,Uttar Pradesh,North,Paid Search,2025-11-21
17436,Aditya,Nair,aditya.nair436@gmail.com,M,1977,Mumbai,Maharashtra,West,Affiliate,2025-11-21
17437,Sneha,Agarwal,sneha.agarwal437@yahoo.in,F,1999,Chennai,Tamil Nadu,South,Organic Search,2025-11-21
17438,Aditya,Chopra,aditya.chopra438@yahoo.in,M,1991,Pune,Maharashtra,West,Organic Search,2025-11-21
17439,Myra,Chopra,myra.chopra439@outlook.com,F,1987,Indore,Madhya Pradesh,West,Paid Social,2025-11-21
17440,Riya,Kapoor,riya.kapoor440@yahoo.in,F,1998,Delhi,Delhi,North,Organic Search,2025-11-21
17441,Pooja,Malhotra,pooja.malhotra441@gmail.com,M,1991,Delhi,Delhi,North,Paid Search,2025-11-22
17442,Vikram,Shah,vikram.shah442@outlook.com,M,1997,Kolkata,West Bengal,East,Paid Social,2025-11-22
17443,Diya,Kumar,diya.kumar443@outlook.com,M,1991,Chennai,Tamil Nadu,South,Organic Search,2025-11-22
17444,Reyansh,Banerjee,reyansh.banerjee444@gmail.com,M,1994,Pune,Maharashtra,West,Organic Search,2025-11-22
17445,Krishna,Mehta,krishna.mehta445@rediffmail.com,F,2004,Noida,Uttar Pradesh,North,Organic Search,2025-11-22
17446,Isha,Kapoor,isha.kapoor446@gmail.com,M,2001,Delhi,Delhi,North,Organic Search,2025-11-22
17447,Arnav,Kapoor,arnav.kapoor447@gmail.com,M,2005,Kolkata,West Bengal,East,Organic Search,2025-11-22
17448,Deepak,Nair,deepak.nair448@gmail.com,F,1996,Delhi,Delhi,North,Organic Search,2025-11-22
17449,Reyansh,Yadav,reyansh.yadav449@gmail.com,M,1979,Lucknow,Uttar Pradesh,North,Affiliate,2025-11-22
17450,Aditya,Rao,aditya.rao450@gmail.com,M,1988,Bengaluru,Karnataka,South,Organic Search,2025-11-22
17451,Priya,Patel,priya.patel451@rediffmail.com,M,1981,Kolkata,West Bengal,East,Organic Search,2025-11-22
17452,Ishaan,Mishra,ishaan.mishra452@gmail.com,M,2001,Delhi,Delhi,North,Affiliate,2025-11-22
17453,Reyansh,Kumar,reyansh.kumar453@outlook.com,M,1994,Hyderabad,Telangana,South,Referral,2025-11-22
17454,Myra,Pillai,myra.pillai454@gmail.com,M,2004,Chandigarh,Chandigarh,North,Organic Search,2025-11-22
17455,Kavya,Shah,kavya.shah455@gmail.com,M,2002,Bengaluru,Karnataka,South,Email,2025-11-22
17456,Kabir,Pillai,kabir.pillai456@gmail.com,F,1992,Delhi,Delhi,North,Email,2025-11-22
17457,Arjun,Joshi,arjun.joshi457@gmail.com,F,2006,Chennai,Tamil Nadu,South,Referral,2025-11-22
17458,Krishna,Kapoor,krishna.kapoor458@rediffmail.com,F,2001,Bengaluru,Karnataka,South,Paid Social,2025-11-23
17459,Vikram,Kumar,vikram.kumar459@gmail.com,F,1994,Kolkata,West Bengal,East,Paid Social,2025-11-23
17460,Kavya,Reddy,kavya.reddy460@gmail.com,M,1997,Pune,Maharashtra,West,Affiliate,2025-11-23
17461,Kavya,Rao,kavya.rao461@outlook.com,F,2005,Chennai,Tamil Nadu,South,Paid Search,2025-11-23
17462,Farhan,Agarwal,farhan.agarwal462@gmail.com,M,1997,Ahmedabad,Gujarat,West,Referral,2025-11-23
17463,Amit,Reddy,amit.reddy463@gmail.com,F,1988,Pune,Maharashtra,West,Organic Search,2025-11-23
17464,Riya,Malhotra,riya.malhotra464@gmail.com,M,1984,Delhi,Delhi,North,Paid Social,2025-11-23
17465,Aditya,Bose,aditya.bose465@yahoo.in,M,1991,Hyderabad,Telangana,South,Affiliate,2025-11-23
17466,Deepak,Khan,deepak.khan466@gmail.com,M,1988,Mumbai,Maharashtra,West,Organic Search,2025-11-23
17467,Zoya,Kumar,zoya.kumar467@gmail.com,F,1995,Indore,Madhya Pradesh,West,Organic Search,2025-11-23
17468,Ishaan,Menon,ishaan.menon468@yahoo.in,M,1989,Bengaluru,Karnataka,South,Referral,2025-11-23
17469,Diya,Nair,diya.nair469@gmail.com,M,1990,Hyderabad,Telangana,South,Referral,2025-11-23
17470,Arnav,Banerjee,arnav.banerjee470@yahoo.in,F,2003,Ahmedabad,Gujarat,West,Referral,2025-11-23
17471,Amit,Chopra,amit.chopra471@outlook.com,F,2006,Indore,Madhya Pradesh,West,Affiliate,2025-11-23
17472,Manish,Patel,manish.patel472@gmail.com,F,1987,Pune,Maharashtra,West,Organic Search,2025-11-23
17473,Myra,Verma,myra.verma473@gmail.com,F,1991,Indore,Madhya Pradesh,West,Paid Social,2025-11-23
17474,Pooja,Kapoor,pooja.kapoor474@gmail.com,F,1992,Mumbai,Maharashtra,West,Paid Social,2025-11-23
17475,Aarav,Agarwal,aarav.agarwal475@gmail.com,M,1996,Hyderabad,Telangana,South,Organic Search,2025-11-23
17476,Lakshmi,Kumar,lakshmi.kumar476@gmail.com,F,1996,Hyderabad,Telangana,South,Organic Search,2025-11-24
17477,Simran,Joshi,simran.joshi477@outlook.com,M,1989,Pune,Maharashtra,West,Paid Social,2025-11-24
17478,Aman,Agarwal,aman.agarwal478@gmail.com,M,1998,Gurugram,Haryana,North,Paid Social,2025-11-24
17479,Farhan,Menon,farhan.menon479@gmail.com,F,1990,Mumbai,Maharashtra,West,Paid Social,2025-11-24
17480,Aadhya,Shah,aadhya.shah480@gmail.com,M,1991,Chennai,Tamil Nadu,South,Paid Search,2025-11-24
17481,Vivaan,Verma,vivaan.verma481@outlook.com,M,1986,Kochi,Kerala,South,Paid Social,2025-11-24
17482,Saanvi,Kapoor,saanvi.kapoor482@gmail.com,F,2002,Lucknow,Uttar Pradesh,North,Paid Search,2025-11-24
17483,Meera,Singh,meera.singh483@gmail.com,F,2001,Kolkata,West Bengal,East,Organic Search,2025-11-24
17484,Tanvi,Malhotra,tanvi.malhotra484@outlook.com,M,1996,Jaipur,Rajasthan,North,Paid Social,2025-11-24
17485,Harpreet,Chopra,harpreet.chopra485@gmail.com,M,1999,Kochi,Kerala,South,Paid Social,2025-11-24
17486,Sneha,Shah,sneha.shah486@gmail.com,M,2002,Kolkata,West Bengal,East,Referral,2025-11-24
17487,Saanvi,Chopra,saanvi.chopra487@outlook.com,M,2000,Pune,Maharashtra,West,Paid Search,2025-11-24
17488,Myra,Joshi,myra.joshi488@gmail.com,M,1999,Kolkata,West Bengal,East,Referral,2025-11-24
17489,Manish,Malhotra,manish.malhotra489@gmail.com,M,1990,Ahmedabad,Gujarat,West,Email,2025-11-24
17490,Vivaan,Verma,vivaan.verma490@gmail.com,F,1981,Mumbai,Maharashtra,West,Paid Search,2025-11-25
17491,Meera,Sharma,meera.sharma491@yahoo.in,M,1987,Hyderabad,Telangana,South,Paid Social,2025-11-25
17492,Aarav,Agarwal,aarav.agarwal492@gmail.com,F,2006,Delhi,Delhi,North,Email,2025-11-25
17493,Priya,Joshi,priya.joshi493@outlook.com,F,1992,Noida,Uttar Pradesh,North,Paid Search,2025-11-25
17494,Arjun,Pillai,arjun.pillai494@yahoo.in,M,2006,Noida,Uttar Pradesh,North,Referral,2025-11-25
17495,Rohan,Joshi,rohan.joshi495@gmail.com,F,1998,Bengaluru,Karnataka,South,Paid Social,2025-11-25
17496,Kiara,Mishra,kiara.mishra496@gmail.com,F,1993,Bengaluru,Karnataka,South,Paid Search,2025-11-25
17497,Aadhya,Iyer,aadhya.iyer497@yahoo.in,F,1986,Chennai,Tamil Nadu,South,Email,2025-11-25
17498,Vivaan,Banerjee,vivaan.banerjee498@gmail.com,F,1988,Chennai,Tamil Nadu,South,Organic Search,2025-11-25
17499,Zoya,Reddy,zoya.reddy499@gmail.com,F,1992,Chennai,Tamil Nadu,South,Organic Search,2025-11-25
17500,Reyansh,Singh,reyansh.singh500@gmail.com,M,1992,Bengaluru,Karnataka,South,Organic Search,2025-11-25
17501,Nikhil,Gupta,nikhil.gupta501@yahoo.in,F,1998,Kochi,Kerala,South,Email,2025-11-25
17502,Kavya,Gupta,kavya.gupta502@gmail.com,M,1988,Jaipur,Rajasthan,North,Paid Search,2025-11-25
17503,Kabir,Gupta,kabir.gupta503@gmail.com,F,1988,Bengaluru,Karnataka,South,Paid Social,2025-11-25
17504,Priya,Nair,priya.nair504@yahoo.in,F,2000,Delhi,Delhi,North,Organic Search,2025-11-26
17505,Karan,Mehta,karan.mehta505@rediffmail.com,M,2006,Delhi,Delhi,North,Paid Social,2025-11-26
17506,Deepak,Bose,deepak.bose506@gmail.com,F,1994,Noida,Uttar Pradesh,North,Paid Social,2025-11-26
17507,Myra,Kapoor,myra.kapoor507@gmail.com,F,1997,Delhi,Delhi,North,Organic Search,2025-11-26
17508,Ishaan,Khan,ishaan.khan508@gmail.com,M,1992,Kolkata,West Bengal,East,Paid Search,2025-11-26
17509,Sai,Chopra,sai.chopra509@gmail.com,F,1993,Mumbai,Maharashtra,West,Organic Search,2025-11-26
17510,Pari,Kumar,pari.kumar510@gmail.com,F,1992,Kochi,Kerala,South,Organic Search,2025-11-26
17511,Simran,Reddy,simran.reddy511@outlook.com,M,1991,Pune,Maharashtra,West,Paid Search,2025-11-26
17512,Meera,Reddy,meera.reddy512@gmail.com,F,1998,Bengaluru,Karnataka,South,Paid Social,2025-11-26
17513,Kabir,Joshi,kabir.joshi513@outlook.com,M,1998,Chandigarh,Chandigarh,North,Organic Search,2025-11-26
17514,Manish,Nair,manish.nair514@gmail.com,F,1992,Kolkata,West Bengal,East,Paid Search,2025-11-26
17515,Karan,Patel,karan.patel515@gmail.com,F,1989,Delhi,Delhi,North,Paid Search,2025-11-26
17516,Tanvi,Joshi,tanvi.joshi516@gmail.com,M,1990,Bengaluru,Karnataka,South,Affiliate,2025-11-26
17517,Aarav,Gupta,aarav.gupta517@gmail.com,F,1999,Kolkata,West Bengal,East,Paid Social,2025-11-26
17518,Lakshmi,Kapoor,lakshmi.kapoor518@rediffmail.com,M,1987,Hyderabad,Telangana,South,Affiliate,2025-11-26
17519,Aditya,Agarwal,aditya.agarwal519@rediffmail.com,F,1985,Hyderabad,Telangana,South,Paid Social,2025-11-26
17520,Vivaan,Menon,vivaan.menon520@outlook.com,F,1996,Jaipur,Rajasthan,North,Referral,2025-11-26
17521,Tanvi,Reddy,tanvi.reddy521@gmail.com,M,1993,Mumbai,Maharashtra,West,Organic Search,2025-11-26
17522,Aadhya,Chopra,aadhya.chopra522@yahoo.in,F,1992,Delhi,Delhi,North,Paid Social,2025-11-26
17523,Deepak,Kapoor,deepak.kapoor523@rediffmail.com,M,2000,Mumbai,Maharashtra,West,Paid Search,2025-11-26
17524,Arnav,Das,arnav.das524@gmail.com,M,1993,Delhi,Delhi,North,Referral,2025-11-26
17525,Amit,Shah,amit.shah525@gmail.com,F,1988,Hyderabad,Telangana,South,Email,2025-11-27
17526,Rahul,Kumar,rahul.kumar526@gmail.com,F,1995,Kolkata,West Bengal,East,Paid Social,2025-11-27
17527,Krishna,Kumar,krishna.kumar527@gmail.com,F,1988,Bengaluru,Karnataka,South,Organic Search,2025-11-27
17528,Krishna,Joshi,krishna.joshi528@gmail.com,F,2001,Hyderabad,Telangana,South,Paid Social,2025-11-27
17529,Aarav,Nair,aarav.nair529@gmail.com,F,1994,Pune,Maharashtra,West,Referral,2025-11-27
17530,Krishna,Malhotra,krishna.malhotra530@gmail.com,F,1985,Noida,Uttar Pradesh,North,Organic Search,2025-11-27
17531,Isha,Mishra,isha.mishra531@gmail.com,M,1995,Bengaluru,Karnataka,South,Organic Search,2025-11-27
17532,Farhan,Nair,farhan.nair532@gmail.com,M,1987,Jaipur,Rajasthan,North,Paid Social,2025-11-27
17533,Aditya,Agarwal,aditya.agarwal533@outlook.com,F,2002,Mumbai,Maharashtra,West,Paid Search,2025-11-27
17534,Krishna,Nair,krishna.nair534@gmail.com,F,1993,Kochi,Kerala,South,Organic Search,2025-11-27
17535,Myra,Verma,myra.verma535@gmail.com,F,1999,Mumbai,Maharashtra,West,Email,2025-11-28
17536,Neha,Kapoor,neha.kapoor536@yahoo.in,M,1989,Jaipur,Rajasthan,North,Affiliate,2025-11-28
17537,Kiara,Khan,kiara.khan537@gmail.com,F,1992,Delhi,Delhi,North,Paid Search,2025-11-28
17538,Ishaan,Rao,ishaan.rao538@yahoo.in,M,1997,Bengaluru,Karnataka,South,Affiliate,2025-11-28
17539,Farhan,Das,farhan.das539@outlook.com,F,1992,Noida,Uttar Pradesh,North,Email,2025-11-28
17540,Rohan,Mehta,rohan.mehta540@gmail.com,M,1986,Bengaluru,Karnataka,South,Paid Social,2025-11-28
17541,Sai,Kapoor,sai.kapoor541@gmail.com,F,1999,Mumbai,Maharashtra,West,Referral,2025-11-28
17542,Myra,Khan,myra.khan542@gmail.com,F,1996,Hyderabad,Telangana,South,Affiliate,2025-11-28
17543,Manish,Singh,manish.singh543@gmail.com,F,1985,Chennai,Tamil Nadu,South,Referral,2025-11-28
17544,Sai,Joshi,sai.joshi544@gmail.com,M,1991,Lucknow,Uttar Pradesh,North,Paid Search,2025-11-28
17545,Reyansh,Singh,reyansh.singh545@yahoo.in,M,1987,Hyderabad,Telangana,South,Organic Search,2025-11-28
17546,Meera,Kumar,meera.kumar546@gmail.com,F,1990,Gurugram,Haryana,North,Paid Search,2025-11-29
17547,Vikram,Menon,vikram.menon547@outlook.com,F,1990,Gurugram,Haryana,North,Organic Search,2025-11-29
17548,Krishna,Mishra,krishna.mishra548@gmail.com,M,1992,Mumbai,Maharashtra,West,Organic Search,2025-11-29
17549,Meera,Mishra,meera.mishra549@gmail.com,F,1982,Chandigarh,Chandigarh,North,Paid Search,2025-11-29
17550,Farhan,Gupta,farhan.gupta550@gmail.com,M,1990,Kolkata,West Bengal,East,Paid Search,2025-11-29
17551,Karan,Menon,karan.menon551@gmail.com,F,2001,Hyderabad,Telangana,South,Organic Search,2025-11-29
17552,Rahul,Patel,rahul.patel552@gmail.com,F,2006,Chennai,Tamil Nadu,South,Email,2025-11-29
17553,Priya,Kumar,priya.kumar553@yahoo.in,M,1984,Delhi,Delhi,North,Organic Search,2025-11-29
17554,Saanvi,Chopra,saanvi.chopra554@rediffmail.com,F,2002,Bengaluru,Karnataka,South,Paid Social,2025-11-29
17555,Aditya,Das,aditya.das555@gmail.com,F,2006,Indore,Madhya Pradesh,West,Paid Social,2025-11-29
17556,Vikram,Mehta,vikram.mehta556@outlook.com,M,1992,Delhi,Delhi,North,Affiliate,2025-11-30
17557,Zoya,Mishra,zoya.mishra557@gmail.com,M,1998,Hyderabad,Telangana,South,Organic Search,2025-11-30
17558,Kiara,Chopra,kiara.chopra558@rediffmail.com,M,2002,Chennai,Tamil Nadu,South,Organic Search,2025-11-30
17559,Riya,Iyer,riya.iyer559@gmail.com,F,1990,Kochi,Kerala,South,Paid Social,2025-11-30
17560,Arjun,Yadav,arjun.yadav560@gmail.com,M,2001,Kolkata,West Bengal,East,Paid Social,2025-11-30
17561,Arjun,Pillai,arjun.pillai561@yahoo.in,M,1992,Delhi,Delhi,North,Referral,2025-11-30
17562,Aadhya,Iyer,aadhya.iyer562@gmail.com,F,2001,Chennai,Tamil Nadu,South,Organic Search,2025-11-30
17563,Saanvi,Verma,saanvi.verma563@rediffmail.com,F,2006,Kolkata,West Bengal,East,Paid Search,2025-11-30
17564,Rahul,Singh,rahul.singh564@outlook.com,F,2004,Bengaluru,Karnataka,South,Organic Search,2025-11-30
17565,Vivaan,Patel,vivaan.patel565@gmail.com,M,1991,Gurugram,Haryana,North,Referral,2025-11-30
17566,Sai,Singh,sai.singh566@gmail.com,M,1998,Mumbai,Maharashtra,West,Paid Search,2025-11-30
17567,Riya,Shah,riya.shah567@gmail.com,M,1990,Delhi,Delhi,North,Organic Search,2025-11-30
17568,Riya,Verma,riya.verma568@gmail.com,M,1984,Delhi,Delhi,North,Paid Social,2025-11-30
17569,Farhan,Shah,farhan.shah569@gmail.com,F,1992,Kochi,Kerala,South,Organic Search,2025-11-30
17570,Pari,Bose,pari.bose570@gmail.com,F,2000,Kolkata,West Bengal,East,Organic Search,2025-11-30
17571,Meera,Verma,meera.verma571@gmail.com,F,1991,Kochi,Kerala,South,Organic Search,2025-11-30
17572,Rohan,Mehta,rohan.mehta572@gmail.com,M,2005,Lucknow,Uttar Pradesh,North,Email,2025-12-01
17573,Harpreet,Sharma,harpreet.sharma573@outlook.com,M,1994,Bengaluru,Karnataka,South,Paid Social,2025-12-01
17574,Aarav,Reddy,aarav.reddy574@gmail.com,F,1985,Pune,Maharashtra,West,Paid Search,2025-12-01
17575,Vikram,Reddy,vikram.reddy575@gmail.com,M,1991,Pune,Maharashtra,West,Paid Social,2025-12-01
17576,Arjun,Rao,arjun.rao576@gmail.com,M,1988,Mumbai,Maharashtra,West,Affiliate,2025-12-01
17577,Simran,Kumar,simran.kumar577@gmail.com,F,2004,Kolkata,West Bengal,East,Organic Search,2025-12-01
17578,Kabir,Bose,kabir.bose578@yahoo.in,M,1998,Hyderabad,Telangana,South,Organic Search,2025-12-01
17579,Aarav,Pillai,aarav.pillai579@gmail.com,M,1993,Chennai,Tamil Nadu,South,Email,2025-12-01
17580,Pari,Shah,pari.shah580@yahoo.in,M,1999,Delhi,Delhi,North,Paid Social,2025-12-01
17581,Arnav,Khan,arnav.khan581@gmail.com,F,1987,Mumbai,Maharashtra,West,Affiliate,2025-12-01
17582,Krishna,Das,krishna.das582@gmail.com,M,1984,Indore,Madhya Pradesh,West,Paid Social,2025-12-01
17583,Ananya,Pillai,ananya.pillai583@rediffmail.com,F,1983,Bengaluru,Karnataka,South,Referral,2025-12-01
17584,Amit,Pillai,amit.pillai584@gmail.com,F,1979,Chennai,Tamil Nadu,South,Paid Social,2025-12-01
17585,Harpreet,Patel,harpreet.patel585@gmail.com,M,1985,Gurugram,Haryana,North,Organic Search,2025-12-02
17586,Ishaan,Reddy,ishaan.reddy586@gmail.com,M,1998,Delhi,Delhi,North,Email,2025-12-02
17587,Pari,Malhotra,pari.malhotra587@gmail.com,M,1999,Chennai,Tamil Nadu,South,Paid Social,2025-12-02
17588,Kavya,Mishra,kavya.mishra588@yahoo.in,F,1987,Pune,Maharashtra,West,Organic Search,2025-12-02
17589,Tanvi,Khan,tanvi.khan589@gmail.com,F,1977,Pune,Maharashtra,West,Organic Search,2025-12-02
17590,Sneha,Yadav,sneha.yadav590@gmail.com,M,1990,Chennai,Tamil Nadu,South,Paid Search,2025-12-02
17591,Pari,Khan,pari.khan591@outlook.com,F,1997,Bengaluru,Karnataka,South,Paid Search,2025-12-02
17592,Zoya,Malhotra,zoya.malhotra592@yahoo.in,M,2000,Bengaluru,Karnataka,South,Organic Search,2025-12-02
17593,Deepak,Das,deepak.das593@yahoo.in,F,1995,Gurugram,Haryana,North,Paid Search,2025-12-02
17594,Kiara,Rao,kiara.rao594@gmail.com,F,1985,Bengaluru,Karnataka,South,Email,2025-12-02
17595,Kavya,Verma,kavya.verma595@gmail.com,F,1999,Mumbai,Maharashtra,West,Paid Social,2025-12-02
17596,Rohan,Rao,rohan.rao596@gmail.com,M,1997,Indore,Madhya Pradesh,West,Paid Search,2025-12-02
17597,Simran,Banerjee,simran.banerjee597@gmail.com,F,1999,Ahmedabad,Gujarat,West,Organic Search,2025-12-02
17598,Isha,Chopra,isha.chopra598@yahoo.in,F,1986,Delhi,Delhi,North,Referral,2025-12-02
17599,Rohan,Menon,rohan.menon599@outlook.com,M,1998,Mumbai,Maharashtra,West,Paid Social,2025-12-02
17600,Kiara,Banerjee,kiara.banerjee600@yahoo.in,F,2000,Mumbai,Maharashtra,West,Organic Search,2025-12-03
17601,Kiara,Rao,kiara.rao601@gmail.com,M,1983,Pune,Maharashtra,West,Affiliate,2025-12-03
17602,Vikram,Agarwal,vikram.agarwal602@gmail.com,F,1989,Delhi,Delhi,North,Organic Search,2025-12-03
17603,Zoya,Kumar,zoya.kumar603@gmail.com,F,1981,Chennai,Tamil Nadu,South,Organic Search,2025-12-03
17604,Lakshmi,Menon,lakshmi.menon604@gmail.com,M,1987,Chandigarh,Chandigarh,North,Paid Search,2025-12-03
17605,Reyansh,Khan,reyansh.khan605@gmail.com,M,1993,Pune,Maharashtra,West,Affiliate,2025-12-03
17606,Kabir,Agarwal,kabir.agarwal606@yahoo.in,F,1982,Bengaluru,Karnataka,South,Email,2025-12-03
17607,Simran,Singh,simran.singh607@yahoo.in,F,2002,Bengaluru,Karnataka,South,Paid Social,2025-12-03
17608,Arjun,Iyer,arjun.iyer608@rediffmail.com,M,2003,Mumbai,Maharashtra,West,Paid Social,2025-12-03
17609,Diya,Shah,diya.shah609@gmail.com,F,1992,Delhi,Delhi,North,Paid Search,2025-12-03
17610,Nikhil,Joshi,nikhil.joshi610@gmail.com,M,1988,Noida,Uttar Pradesh,North,Paid Search,2025-12-03
17611,Amit,Sharma,amit.sharma611@gmail.com,F,1993,Gurugram,Haryana,North,Paid Search,2025-12-03
17612,Aarav,Chopra,aarav.chopra612@outlook.com,F,2005,Lucknow,Uttar Pradesh,North,Email,2025-12-03
17613,Reyansh,Mishra,reyansh.mishra613@gmail.com,M,1998,Indore,Madhya Pradesh,West,Paid Social,2025-12-03
17614,Zoya,Gupta,zoya.gupta614@gmail.com,F,1979,Pune,Maharashtra,West,Paid Search,2025-12-03
17615,Saanvi,Kumar,saanvi.kumar615@gmail.com,F,1975,Gurugram,Haryana,North,Affiliate,2025-12-03
17616,Riya,Joshi,riya.joshi616@yahoo.in,M,1986,Bengaluru,Karnataka,South,Organic Search,2025-12-04
17617,Meera,Banerjee,meera.banerjee617@gmail.com,F,1993,Delhi,Delhi,North,Organic Search,2025-12-04
17618,Simran,Gupta,simran.gupta618@gmail.com,M,1980,Kochi,Kerala,South,Paid Search,2025-12-04
17619,Pooja,Kumar,pooja.kumar619@yahoo.in,F,1992,Ahmedabad,Gujarat,West,Affiliate,2025-12-04
17620,Arjun,Joshi,arjun.joshi620@gmail.com,F,1980,Indore,Madhya Pradesh,West,Organic Search,2025-12-04
17621,Reyansh,Chopra,reyansh.chopra621@gmail.com,M,1994,Jaipur,Rajasthan,North,Organic Search,2025-12-04
17622,Rohan,Gupta,rohan.gupta622@gmail.com,M,1995,Pune,Maharashtra,West,Paid Search,2025-12-04
17623,Ishaan,Pillai,ishaan.pillai623@gmail.com,F,2006,Mumbai,Maharashtra,West,Affiliate,2025-12-04
17624,Sneha,Das,sneha.das624@gmail.com,F,1992,Kolkata,West Bengal,East,Paid Search,2025-12-04
17625,Priya,Menon,priya.menon625@rediffmail.com,F,1991,Delhi,Delhi,North,Paid Social,2025-12-04
17626,Saanvi,Shah,saanvi.shah626@gmail.com,F,2004,Mumbai,Maharashtra,West,Email,2025-12-04
17627,Sneha,Malhotra,sneha.malhotra627@gmail.com,F,1999,Hyderabad,Telangana,South,Paid Social,2025-12-05
17628,Simran,Sharma,simran.sharma628@gmail.com,M,1994,Ahmedabad,Gujarat,West,Organic Search,2025-12-05
17629,Pari,Singh,pari.singh629@gmail.com,M,1991,Ahmedabad,Gujarat,West,Organic Search,2025-12-05
17630,Priya,Reddy,priya.reddy630@gmail.com,M,2006,Kochi,Kerala,South,Organic Search,2025-12-05
17631,Arnav,Mehta,arnav.mehta631@yahoo.in,F,1988,Mumbai,Maharashtra,West,Referral,2025-12-05
17632,Isha,Das,isha.das632@outlook.com,M,1982,Delhi,Delhi,North,Referral,2025-12-05
17633,Arjun,Bose,arjun.bose633@gmail.com,F,1992,Kochi,Kerala,South,Organic Search,2025-12-05
17634,Ishaan,Chopra,ishaan.chopra634@outlook.com,M,1991,Delhi,Delhi,North,Paid Search,2025-12-05
17635,Ananya,Iyer,ananya.iyer635@gmail.com,F,2003,Hyderabad,Telangana,South,Organic Search,2025-12-05
17636,Sneha,Menon,sneha.menon636@gmail.com,M,1995,Delhi,Delhi,North,Paid Search,2025-12-05
17637,Kiara,Yadav,kiara.yadav637@gmail.com,F,2001,Delhi,Delhi,North,Paid Search,2025-12-05
17638,Saanvi,Malhotra,saanvi.malhotra638@gmail.com,M,1973,Mumbai,Maharashtra,West,Affiliate,2025-12-05
17639,Simran,Patel,simran.patel639@gmail.com,F,1991,Chennai,Tamil Nadu,South,Paid Search,2025-12-05
17640,Priya,Yadav,priya.yadav640@gmail.com,M,2005,Delhi,Delhi,North,Organic Search,2025-12-05
17641,Neha,Agarwal,neha.agarwal641@yahoo.in,F,1985,Lucknow,Uttar Pradesh,North,Paid Social,2025-12-05
17642,Ananya,Kumar,ananya.kumar642@outlook.com,F,1991,Jaipur,Rajasthan,North,Email,2025-12-05
17643,Priya,Kumar,priya.kumar643@gmail.com,M,2000,Delhi,Delhi,North,Paid Search,2025-12-05
17644,Vikram,Iyer,vikram.iyer644@gmail.com,M,1989,Delhi,Delhi,North,Referral,2025-12-06
17645,Lakshmi,Malhotra,lakshmi.malhotra645@outlook.com,M,2000,Kochi,Kerala,South,Paid Search,2025-12-06
17646,Simran,Yadav,simran.yadav646@gmail.com,F,1989,Bengaluru,Karnataka,South,Paid Social,2025-12-06
17647,Aarav,Singh,aarav.singh647@gmail.com,M,1993,Chandigarh,Chandigarh,North,Paid Social,2025-12-06
17648,Aarav,Sharma,aarav.sharma648@gmail.com,M,1999,Lucknow,Uttar Pradesh,North,Email,2025-12-06
17649,Simran,Pillai,simran.pillai649@gmail.com,F,1985,Delhi,Delhi,North,Paid Social,2025-12-06
17650,Kabir,Mehta,kabir.mehta650@gmail.com,F,1987,Mumbai,Maharashtra,West,Paid Search,2025-12-06
17651,Vivaan,Verma,vivaan.verma651@gmail.com,F,2001,Jaipur,Rajasthan,North,Referral,2025-12-06
17652,Tanvi,Mehta,tanvi.mehta652@gmail.com,M,1987,Kochi,Kerala,South,Organic Search,2025-12-07
17653,Kavya,Sharma,kavya.sharma653@rediffmail.com,F,1995,Noida,Uttar Pradesh,North,Organic Search,2025-12-07
17654,Nikhil,Shah,nikhil.shah654@gmail.com,F,2001,Mumbai,Maharashtra,West,Paid Search,2025-12-07
17655,Reyansh,Mishra,reyansh.mishra655@rediffmail.com,M,1994,Bengaluru,Karnataka,South,Paid Social,2025-12-07
17656,Diya,Mehta,diya.mehta656@gmail.com,M,1996,Chandigarh,Chandigarh,North,Referral,2025-12-07
17657,Diya,Kapoor,diya.kapoor657@gmail.com,F,2006,Hyderabad,Telangana,South,Paid Social,2025-12-07
17658,Diya,Yadav,diya.yadav658@gmail.com,M,2006,Bengaluru,Karnataka,South,Paid Search,2025-12-07
17659,Karan,Sharma,karan.sharma659@yahoo.in,M,1995,Delhi,Delhi,North,Organic Search,2025-12-07
17660,Riya,Chopra,riya.chopra660@gmail.com,F,1990,Chennai,Tamil Nadu,South,Affiliate,2025-12-07
17661,Diya,Patel,diya.patel661@gmail.com,M,2000,Mumbai,Maharashtra,West,Paid Search,2025-12-07
17662,Sneha,Iyer,sneha.iyer662@gmail.com,M,1987,Delhi,Delhi,North,Organic Search,2025-12-07
17663,Neha,Malhotra,neha.malhotra663@rediffmail.com,F,2004,Bengaluru,Karnataka,South,Referral,2025-12-07
17664,Myra,Singh,myra.singh664@gmail.com,F,1989,Bengaluru,Karnataka,South,Email,2025-12-08
17665,Ishaan,Yadav,ishaan.yadav665@gmail.com,F,1990,Delhi,Delhi,North,Paid Search,2025-12-08
17666,Aditya,Joshi,aditya.joshi666@yahoo.in,F,1985,Mumbai,Maharashtra,West,Paid Social,2025-12-08
17667,Deepak,Mishra,deepak.mishra667@gmail.com,M,1987,Chennai,Tamil Nadu,South,Referral,2025-12-08
17668,Meera,Sharma,meera.sharma668@gmail.com,F,2003,Bengaluru,Karnataka,South,Organic Search,2025-12-08
17669,Simran,Bose,simran.bose669@gmail.com,F,1996,Pune,Maharashtra,West,Affiliate,2025-12-08
17670,Diya,Nair,diya.nair670@gmail.com,M,1993,Pune,Maharashtra,West,Paid Search,2025-12-08
17671,Rohan,Pillai,rohan.pillai671@gmail.com,M,2006,Indore,Madhya Pradesh,West,Paid Search,2025-12-08
17672,Pooja,Khan,pooja.khan672@gmail.com,M,1994,Bengaluru,Karnataka,South,Organic Search,2025-12-08
17673,Tanvi,Chopra,tanvi.chopra673@gmail.com,F,1993,Delhi,Delhi,North,Organic Search,2025-12-08
17674,Nikhil,Khan,nikhil.khan674@gmail.com,F,1985,Chandigarh,Chandigarh,North,Organic Search,2025-12-08
17675,Amit,Joshi,amit.joshi675@yahoo.in,M,1987,Pune,Maharashtra,West,Paid Search,2025-12-08
17676,Priya,Mehta,priya.mehta676@gmail.com,F,1986,Bengaluru,Karnataka,South,Affiliate,2025-12-09
17677,Sneha,Menon,sneha.menon677@gmail.com,F,1988,Bengaluru,Karnataka,South,Paid Social,2025-12-09
17678,Ananya,Menon,ananya.menon678@rediffmail.com,F,1990,Indore,Madhya Pradesh,West,Paid Search,2025-12-09
17679,Krishna,Chopra,krishna.chopra679@outlook.com,M,1991,Ahmedabad,Gujarat,West,Paid Search,2025-12-09
17680,Rohan,Singh,rohan.singh680@gmail.com,M,1999,Mumbai,Maharashtra,West,Organic Search,2025-12-09
17681,Saanvi,Verma,saanvi.verma681@yahoo.in,F,1993,Chennai,Tamil Nadu,South,Paid Social,2025-12-09
17682,Nikhil,Menon,nikhil.menon682@gmail.com,M,2006,Kochi,Kerala,South,Paid Social,2025-12-09
17683,Harpreet,Kumar,harpreet.kumar683@gmail.com,M,1999,Chennai,Tamil Nadu,South,Paid Search,2025-12-09
17684,Arnav,Pillai,arnav.pillai684@gmail.com,M,1988,Chennai,Tamil Nadu,South,Paid Social,2025-12-09
17685,Myra,Pillai,myra.pillai685@gmail.com,M,1997,Kochi,Kerala,South,Paid Search,2025-12-09
17686,Manish,Kapoor,manish.kapoor686@outlook.com,M,1995,Noida,Uttar Pradesh,North,Referral,2025-12-09
17687,Manish,Iyer,manish.iyer687@gmail.com,M,2005,Pune,Maharashtra,West,Paid Social,2025-12-09
17688,Aman,Malhotra,aman.malhotra688@yahoo.in,M,2000,Pune,Maharashtra,West,Organic Search,2025-12-09
17689,Aditya,Mehta,aditya.mehta689@gmail.com,F,1994,Pune,Maharashtra,West,Organic Search,2025-12-09
17690,Vikram,Patel,vikram.patel690@gmail.com,M,2006,Chennai,Tamil Nadu,South,Organic Search,2025-12-09
17691,Diya,Agarwal,diya.agarwal691@gmail.com,F,1998,Chandigarh,Chandigarh,North,Email,2025-12-09
17692,Harpreet,Agarwal,harpreet.agarwal692@gmail.com,M,1998,Gurugram,Haryana,North,Referral,2025-12-09
17693,Rohan,Joshi,rohan.joshi693@gmail.com,F,2006,Jaipur,Rajasthan,North,Affiliate,2025-12-09
17694,Myra,Mishra,myra.mishra694@gmail.com,F,2000,Gurugram,Haryana,North,Referral,2025-12-09
17695,Ananya,Malhotra,ananya.malhotra695@gmail.com,F,1995,Mumbai,Maharashtra,West,Email,2025-12-09
17696,Arnav,Agarwal,arnav.agarwal696@gmail.com,F,1993,Delhi,Delhi,North,Paid Search,2025-12-09
17697,Sneha,Agarwal,sneha.agarwal697@gmail.com,M,1977,Delhi,Delhi,North,Paid Social,2025-12-09
17698,Isha,Mishra,isha.mishra698@gmail.com,F,1979,Mumbai,Maharashtra,West,Paid Search,2025-12-09
17699,Aman,Malhotra,aman.malhotra699@yahoo.in,M,1993,Indore,Madhya Pradesh,West,Email,2025-12-10
17700,Pooja,Verma,pooja.verma700@gmail.com,M,1989,Indore,Madhya Pradesh,West,Affiliate,2025-12-10
17701,Vikram,Menon,vikram.menon701@yahoo.in,M,1994,Delhi,Delhi,North,Referral,2025-12-10
17702,Krishna,Menon,krishna.menon702@rediffmail.com,M,2002,Kolkata,West Bengal,East,Referral,2025-12-10
17703,Myra,Agarwal,myra.agarwal703@gmail.com,M,1987,Delhi,Delhi,North,Email,2025-12-10
17704,Neha,Shah,neha.shah704@gmail.com,F,1981,Bengaluru,Karnataka,South,Organic Search,2025-12-10
17705,Kiara,Patel,kiara.patel705@gmail.com,F,1983,Chennai,Tamil Nadu,South,Paid Social,2025-12-10
17706,Saanvi,Yadav,saanvi.yadav706@gmail.com,M,1986,Chennai,Tamil Nadu,South,Referral,2025-12-10
17707,Manish,Singh,manish.singh707@gmail.com,F,1984,Pune,Maharashtra,West,Paid Social,2025-12-10
17708,Pari,Malhotra,pari.malhotra708@outlook.com,F,1994,Jaipur,Rajasthan,North,Paid Social,2025-12-10
17709,Pooja,Joshi,pooja.joshi709@gmail.com,F,2006,Hyderabad,Telangana,South,Paid Search,2025-12-10
17710,Pooja,Mishra,pooja.mishra710@outlook.com,M,1998,Indore,Madhya Pradesh,West,Organic Search,2025-12-10
17711,Rohan,Khan,rohan.khan711@gmail.com,F,1999,Hyderabad,Telangana,South,Affiliate,2025-12-10
17712,Arnav,Malhotra,arnav.malhotra712@yahoo.in,M,1995,Mumbai,Maharashtra,West,Referral,2025-12-10
17713,Krishna,Iyer,krishna.iyer713@gmail.com,F,1984,Kochi,Kerala,South,Paid Social,2025-12-10
17714,Simran,Joshi,simran.joshi714@gmail.com,M,2006,Kochi,Kerala,South,Organic Search,2025-12-10
17715,Pooja,Das,pooja.das715@outlook.com,F,1991,Bengaluru,Karnataka,South,Organic Search,2025-12-11
17716,Saanvi,Shah,saanvi.shah716@outlook.com,M,2000,Kolkata,West Bengal,East,Paid Search,2025-12-11
17717,Ananya,Khan,ananya.khan717@gmail.com,M,1976,Mumbai,Maharashtra,West,Organic Search,2025-12-11
17718,Riya,Patel,riya.patel718@gmail.com,F,1993,Noida,Uttar Pradesh,North,Organic Search,2025-12-11
17719,Isha,Verma,isha.verma719@gmail.com,F,1992,Bengaluru,Karnataka,South,Organic Search,2025-12-11
17720,Amit,Mishra,amit.mishra720@gmail.com,M,1991,Bengaluru,Karnataka,South,Paid Search,2025-12-11
17721,Pari,Malhotra,pari.malhotra721@gmail.com,M,1982,Pune,Maharashtra,West,Organic Search,2025-12-11
17722,Saanvi,Mehta,saanvi.mehta722@outlook.com,F,1995,Lucknow,Uttar Pradesh,North,Referral,2025-12-11
17723,Ananya,Iyer,ananya.iyer723@gmail.com,M,2003,Bengaluru,Karnataka,South,Paid Social,2025-12-11
17724,Lakshmi,Iyer,lakshmi.iyer724@gmail.com,F,2006,Gurugram,Haryana,North,Paid Social,2025-12-11
17725,Arnav,Malhotra,arnav.malhotra725@gmail.com,M,2006,Hyderabad,Telangana,South,Affiliate,2025-12-11
17726,Krishna,Joshi,krishna.joshi726@gmail.com,M,2004,Kochi,Kerala,South,Paid Social,2025-12-11
17727,Reyansh,Khan,reyansh.khan727@yahoo.in,M,2006,Gurugram,Haryana,North,Email,2025-12-11
17728,Aman,Malhotra,aman.malhotra728@gmail.com,F,2006,Hyderabad,Telangana,South,Organic Search,2025-12-11
17729,Pari,Shah,pari.shah729@gmail.com,F,1986,Noida,Uttar Pradesh,North,Organic Search,2025-12-11
17730,Rohan,Kumar,rohan.kumar730@gmail.com,F,1996,Pune,Maharashtra,West,Paid Search,2025-12-11
17731,Rohan,Malhotra,rohan.malhotra731@gmail.com,F,1983,Kochi,Kerala,South,Affiliate,2025-12-11
17732,Arnav,Agarwal,arnav.agarwal732@rediffmail.com,F,1998,Delhi,Delhi,North,Email,2025-12-11
17733,Ananya,Joshi,ananya.joshi733@gmail.com,F,1992,Delhi,Delhi,North,Paid Search,2025-12-11
17734,Nikhil,Das,nikhil.das734@yahoo.in,F,1992,Kolkata,West Bengal,East,Email,2025-12-12
17735,Priya,Khan,priya.khan735@outlook.com,F,1991,Gurugram,Haryana,North,Organic Search,2025-12-12
17736,Priya,Pillai,priya.pillai736@gmail.com,F,1974,Mumbai,Maharashtra,West,Paid Social,2025-12-12
17737,Saanvi,Nair,saanvi.nair737@gmail.com,M,1978,Mumbai,Maharashtra,West,Organic Search,2025-12-12
17738,Arjun,Singh,arjun.singh738@gmail.com,F,2000,Delhi,Delhi,North,Paid Social,2025-12-12
17739,Arjun,Gupta,arjun.gupta739@outlook.com,M,1988,Gurugram,Haryana,North,Organic Search,2025-12-12
17740,Ishaan,Verma,ishaan.verma740@gmail.com,M,2002,Hyderabad,Telangana,South,Paid Social,2025-12-12
17741,Diya,Yadav,diya.yadav741@gmail.com,F,1992,Pune,Maharashtra,West,Paid Search,2025-12-12
17742,Krishna,Kumar,krishna.kumar742@gmail.com,F,1981,Mumbai,Maharashtra,West,Paid Social,2025-12-12
17743,Diya,Rao,diya.rao743@yahoo.in,M,1982,Bengaluru,Karnataka,South,Organic Search,2025-12-12
17744,Farhan,Kumar,farhan.kumar744@gmail.com,F,1988,Chandigarh,Chandigarh,North,Paid Social,2025-12-12
17745,Aarav,Khan,aarav.khan745@gmail.com,M,1986,Mumbai,Maharashtra,West,Paid Search,2025-12-12
17746,Vikram,Bose,vikram.bose746@gmail.com,F,1993,Kolkata,West Bengal,East,Organic Search,2025-12-12
17747,Rahul,Singh,rahul.singh747@gmail.com,F,1996,Hyderabad,Telangana,South,Paid Social,2025-12-12
17748,Rohan,Joshi,rohan.joshi748@gmail.com,M,1996,Ahmedabad,Gujarat,West,Organic Search,2025-12-12
17749,Diya,Banerjee,diya.banerjee749@gmail.com,M,1995,Pune,Maharashtra,West,Paid Search,2025-12-12
17750,Pari,Bose,pari.bose750@gmail.com,M,2001,Chennai,Tamil Nadu,South,Paid Search,2025-12-12
17751,Ananya,Chopra,ananya.chopra751@gmail.com,M,2002,Indore,Madhya Pradesh,West,Paid Social,2025-12-13
17752,Aadhya,Agarwal,aadhya.agarwal752@outlook.com,M,1986,Chandigarh,Chandigarh,North,Paid Social,2025-12-13
17753,Kiara,Chopra,kiara.chopra753@gmail.com,F,1979,Mumbai,Maharashtra,West,Organic Search,2025-12-13
17754,Meera,Reddy,meera.reddy754@gmail.com,F,1988,Gurugram,Haryana,North,Organic Search,2025-12-13
17755,Karan,Chopra,karan.chopra755@gmail.com,F,1994,Kolkata,West Bengal,East,Paid Social,2025-12-13
17756,Saanvi,Yadav,saanvi.yadav756@gmail.com,M,1989,Bengaluru,Karnataka,South,Referral,2025-12-13
17757,Diya,Banerjee,diya.banerjee757@gmail.com,F,1999,Mumbai,Maharashtra,West,Organic Search,2025-12-13
17758,Farhan,Bose,farhan.bose758@outlook.com,M,1983,Mumbai,Maharashtra,West,Organic Search,2025-12-13
17759,Farhan,Rao,farhan.rao759@gmail.com,F,2006,Kochi,Kerala,South,Referral,2025-12-13
17760,Tanvi,Gupta,tanvi.gupta760@yahoo.in,F,2000,Mumbai,Maharashtra,West,Paid Search,2025-12-13
17761,Tanvi,Gupta,tanvi.gupta761@yahoo.in,F,1990,Hyderabad,Telangana,South,Organic Search,2025-12-13
17762,Kabir,Chopra,kabir.chopra762@gmail.com,M,1987,Chennai,Tamil Nadu,South,Organic Search,2025-12-14
17763,Meera,Kumar,meera.kumar763@outlook.com,M,1992,Kochi,Kerala,South,Affiliate,2025-12-14
17764,Aadhya,Banerjee,aadhya.banerjee764@gmail.com,F,2003,Mumbai,Maharashtra,West,Paid Social,2025-12-14
17765,Amit,Mehta,amit.mehta765@gmail.com,M,1990,Hyderabad,Telangana,South,Organic Search,2025-12-14
17766,Amit,Mehta,amit.mehta766@gmail.com,F,1989,Chandigarh,Chandigarh,North,Paid Search,2025-12-14
17767,Zoya,Agarwal,zoya.agarwal767@gmail.com,M,1993,Kolkata,West Bengal,East,Organic Search,2025-12-14
17768,Lakshmi,Das,lakshmi.das768@gmail.com,F,1983,Delhi,Delhi,North,Organic Search,2025-12-14
17769,Kiara,Gupta,kiara.gupta769@outlook.com,F,2002,Ahmedabad,Gujarat,West,Affiliate,2025-12-14
17770,Sai,Joshi,sai.joshi770@gmail.com,F,1998,Pune,Maharashtra,West,Paid Search,2025-12-14
17771,Aarav,Mishra,aarav.mishra771@outlook.com,M,2001,Chennai,Tamil Nadu,South,Paid Social,2025-12-14
17772,Pari,Nair,pari.nair772@gmail.com,M,2005,Noida,Uttar Pradesh,North,Email,2025-12-14
17773,Isha,Bose,isha.bose773@outlook.com,F,1987,Delhi,Delhi,North,Organic Search,2025-12-14
17774,Pooja,Mehta,pooja.mehta774@gmail.com,M,1994,Chennai,Tamil Nadu,South,Organic Search,2025-12-14
17775,Pari,Kumar,pari.kumar775@gmail.com,M,1993,Mumbai,Maharashtra,West,Organic Search,2025-12-14
17776,Aadhya,Khan,aadhya.khan776@gmail.com,F,2006,Chandigarh,Chandigarh,North,Paid Social,2025-12-15
17777,Riya,Joshi,riya.joshi777@gmail.com,F,1990,Delhi,Delhi,North,Paid Search,2025-12-15
17778,Diya,Agarwal,diya.agarwal778@outlook.com,F,1979,Kochi,Kerala,South,Paid Social,2025-12-15
17779,Vivaan,Pillai,vivaan.pillai779@gmail.com,M,1990,Bengaluru,Karnataka,South,Organic Search,2025-12-15
17780,Isha,Singh,isha.singh780@gmail.com,M,2001,Bengaluru,Karnataka,South,Organic Search,2025-12-15
17781,Vikram,Verma,vikram.verma781@yahoo.in,F,1998,Chennai,Tamil Nadu,South,Paid Search,2025-12-15
17782,Ishaan,Singh,ishaan.singh782@gmail.com,F,1993,Chennai,Tamil Nadu,South,Organic Search,2025-12-15
17783,Aarav,Rao,aarav.rao783@gmail.com,F,1990,Mumbai,Maharashtra,West,Referral,2025-12-15
17784,Vikram,Joshi,vikram.joshi784@gmail.com,F,1996,Gurugram,Haryana,North,Affiliate,2025-12-15
17785,Ishaan,Das,ishaan.das785@gmail.com,F,1998,Bengaluru,Karnataka,South,Affiliate,2025-12-15
17786,Arnav,Mehta,arnav.mehta786@yahoo.in,F,1995,Bengaluru,Karnataka,South,Paid Search,2025-12-15
17787,Saanvi,Sharma,saanvi.sharma787@rediffmail.com,F,1991,Delhi,Delhi,North,Paid Search,2025-12-15
17788,Lakshmi,Chopra,lakshmi.chopra788@gmail.com,F,1993,Chennai,Tamil Nadu,South,Paid Social,2025-12-15
17789,Arjun,Kumar,arjun.kumar789@gmail.com,M,1989,Chandigarh,Chandigarh,North,Organic Search,2025-12-16
17790,Priya,Malhotra,priya.malhotra790@gmail.com,F,2002,Mumbai,Maharashtra,West,Affiliate,2025-12-16
17791,Kiara,Singh,kiara.singh791@gmail.com,M,1992,Pune,Maharashtra,West,Paid Social,2025-12-16
17792,Diya,Reddy,diya.reddy792@gmail.com,M,1986,Kochi,Kerala,South,Paid Search,2025-12-16
17793,Pari,Shah,pari.shah793@outlook.com,M,2006,Gurugram,Haryana,North,Referral,2025-12-16
17794,Myra,Rao,myra.rao794@rediffmail.com,M,1988,Mumbai,Maharashtra,West,Organic Search,2025-12-16
17795,Aditya,Yadav,aditya.yadav795@rediffmail.com,F,1986,Pune,Maharashtra,West,Referral,2025-12-16
17796,Kabir,Joshi,kabir.joshi796@gmail.com,M,1984,Kolkata,West Bengal,East,Paid Search,2025-12-16
17797,Diya,Agarwal,diya.agarwal797@gmail.com,M,1988,Mumbai,Maharashtra,West,Email,2025-12-16
17798,Pooja,Joshi,pooja.joshi798@gmail.com,M,1999,Mumbai,Maharashtra,West,Affiliate,2025-12-16
17799,Diya,Malhotra,diya.malhotra799@outlook.com,M,1981,Kolkata,West Bengal,East,Paid Search,2025-12-16
17800,Reyansh,Chopra,reyansh.chopra800@yahoo.in,M,1995,Bengaluru,Karnataka,South,Paid Social,2025-12-17
17801,Tanvi,Sharma,tanvi.sharma801@gmail.com,F,1989,Gurugram,Haryana,North,Organic Search,2025-12-17
17802,Aadhya,Malhotra,aadhya.malhotra802@gmail.com,F,1987,Gurugram,Haryana,North,Referral,2025-12-17
17803,Aarav,Singh,aarav.singh803@outlook.com,F,1980,Bengaluru,Karnataka,South,Paid Social,2025-12-17
17804,Krishna,Malhotra,krishna.malhotra804@gmail.com,F,1993,Mumbai,Maharashtra,West,Affiliate,2025-12-17
17805,Sneha,Gupta,sneha.gupta805@gmail.com,M,1980,Delhi,Delhi,North,Email,2025-12-17
17806,Rohan,Kapoor,rohan.kapoor806@gmail.com,M,1991,Mumbai,Maharashtra,West,Organic Search,2025-12-17
17807,Deepak,Chopra,deepak.chopra807@gmail.com,M,1996,Kolkata,West Bengal,East,Organic Search,2025-12-17
17808,Meera,Joshi,meera.joshi808@gmail.com,M,1975,Bengaluru,Karnataka,South,Paid Social,2025-12-17
17809,Diya,Shah,diya.shah809@outlook.com,M,1999,Ahmedabad,Gujarat,West,Paid Search,2025-12-18
17810,Manish,Shah,manish.shah810@gmail.com,F,1978,Noida,Uttar Pradesh,North,Organic Search,2025-12-18
17811,Nikhil,Reddy,nikhil.reddy811@gmail.com,F,2006,Chandigarh,Chandigarh,North,Paid Social,2025-12-18
17812,Tanvi,Shah,tanvi.shah812@outlook.com,F,1992,Kolkata,West Bengal,East,Paid Social,2025-12-18
17813,Aditya,Banerjee,aditya.banerjee813@gmail.com,F,1987,Bengaluru,Karnataka,South,Paid Social,2025-12-18
17814,Kabir,Nair,kabir.nair814@gmail.com,M,1995,Jaipur,Rajasthan,North,Paid Search,2025-12-18
17815,Vikram,Shah,vikram.shah815@yahoo.in,F,1986,Bengaluru,Karnataka,South,Organic Search,2025-12-18
17816,Kiara,Yadav,kiara.yadav816@gmail.com,M,1974,Delhi,Delhi,North,Organic Search,2025-12-18
17817,Harpreet,Mishra,harpreet.mishra817@gmail.com,F,2003,Mumbai,Maharashtra,West,Referral,2025-12-18
17818,Karan,Banerjee,karan.banerjee818@gmail.com,M,1991,Noida,Uttar Pradesh,North,Paid Search,2025-12-18
17819,Arjun,Chopra,arjun.chopra819@rediffmail.com,M,1994,Chennai,Tamil Nadu,South,Paid Search,2025-12-18
17820,Harpreet,Menon,harpreet.menon820@yahoo.in,M,1992,Bengaluru,Karnataka,South,Affiliate,2025-12-18
17821,Deepak,Verma,deepak.verma821@gmail.com,M,1987,Pune,Maharashtra,West,Email,2025-12-18
17822,Nikhil,Shah,nikhil.shah822@gmail.com,F,1985,Mumbai,Maharashtra,West,Organic Search,2025-12-19
17823,Farhan,Shah,farhan.shah823@outlook.com,M,1999,Chennai,Tamil Nadu,South,Referral,2025-12-19
17824,Reyansh,Banerjee,reyansh.banerjee824@outlook.com,M,1998,Noida,Uttar Pradesh,North,Organic Search,2025-12-19
17825,Riya,Sharma,riya.sharma825@gmail.com,F,1993,Delhi,Delhi,North,Referral,2025-12-19
17826,Vikram,Nair,vikram.nair826@yahoo.in,M,2002,Chennai,Tamil Nadu,South,Organic Search,2025-12-19
17827,Reyansh,Gupta,reyansh.gupta827@gmail.com,F,1993,Chennai,Tamil Nadu,South,Organic Search,2025-12-19
17828,Ishaan,Pillai,ishaan.pillai828@gmail.com,F,2002,Lucknow,Uttar Pradesh,North,Affiliate,2025-12-19
17829,Amit,Nair,amit.nair829@outlook.com,M,2005,Noida,Uttar Pradesh,North,Paid Social,2025-12-19
17830,Pari,Das,pari.das830@gmail.com,F,2002,Bengaluru,Karnataka,South,Paid Search,2025-12-19
17831,Pooja,Chopra,pooja.chopra831@gmail.com,F,1997,Gurugram,Haryana,North,Email,2025-12-19
17832,Kavya,Rao,kavya.rao832@gmail.com,F,1985,Bengaluru,Karnataka,South,Paid Search,2025-12-19
17833,Karan,Singh,karan.singh833@gmail.com,F,1997,Bengaluru,Karnataka,South,Organic Search,2025-12-19
17834,Arnav,Banerjee,arnav.banerjee834@rediffmail.com,F,1990,Bengaluru,Karnataka,South,Paid Search,2025-12-19
17835,Vivaan,Gupta,vivaan.gupta835@gmail.com,F,1999,Mumbai,Maharashtra,West,Paid Social,2025-12-19
17836,Ananya,Joshi,ananya.joshi836@yahoo.in,F,2006,Hyderabad,Telangana,South,Paid Social,2025-12-19
17837,Arnav,Nair,arnav.nair837@yahoo.in,F,1993,Kochi,Kerala,South,Paid Search,2025-12-19
17838,Riya,Das,riya.das838@yahoo.in,F,1985,Bengaluru,Karnataka,South,Paid Social,2025-12-19
17839,Pari,Kumar,pari.kumar839@yahoo.in,F,1999,Mumbai,Maharashtra,West,Paid Social,2025-12-19
17840,Saanvi,Bose,saanvi.bose840@yahoo.in,F,1993,Kolkata,West Bengal,East,Paid Search,2025-12-19
17841,Riya,Iyer,riya.iyer841@gmail.com,F,2006,Mumbai,Maharashtra,West,Organic Search,2025-12-19
17842,Aarav,Malhotra,aarav.malhotra842@gmail.com,F,1994,Delhi,Delhi,North,Organic Search,2025-12-20
17843,Arjun,Rao,arjun.rao843@rediffmail.com,F,1993,Gurugram,Haryana,North,Referral,2025-12-20
17844,Harpreet,Pillai,harpreet.pillai844@gmail.com,F,1994,Mumbai,Maharashtra,West,Referral,2025-12-20
17845,Farhan,Sharma,farhan.sharma845@gmail.com,M,1996,Gurugram,Haryana,North,Paid Search,2025-12-20
17846,Aman,Kapoor,aman.kapoor846@gmail.com,F,1978,Hyderabad,Telangana,South,Paid Search,2025-12-20
17847,Neha,Rao,neha.rao847@gmail.com,F,1987,Delhi,Delhi,North,Paid Social,2025-12-20
17848,Diya,Bose,diya.bose848@gmail.com,M,2002,Mumbai,Maharashtra,West,Organic Search,2025-12-20
17849,Myra,Agarwal,myra.agarwal849@gmail.com,F,1988,Chennai,Tamil Nadu,South,Paid Social,2025-12-20
17850,Farhan,Joshi,farhan.joshi850@gmail.com,F,1993,Delhi,Delhi,North,Paid Search,2025-12-20
17851,Kabir,Agarwal,kabir.agarwal851@gmail.com,M,1992,Ahmedabad,Gujarat,West,Paid Search,2025-12-20
17852,Vivaan,Reddy,vivaan.reddy852@rediffmail.com,F,1988,Kolkata,West Bengal,East,Organic Search,2025-12-20
17853,Neha,Nair,neha.nair853@gmail.com,M,1992,Delhi,Delhi,North,Affiliate,2025-12-20
17854,Amit,Das,amit.das854@rediffmail.com,M,1985,Mumbai,Maharashtra,West,Organic Search,2025-12-20
17855,Kiara,Das,kiara.das855@gmail.com,M,1982,Delhi,Delhi,North,Organic Search,2025-12-20
17856,Manish,Khan,manish.khan856@gmail.com,M,1995,Bengaluru,Karnataka,South,Paid Search,2025-12-20
17857,Vikram,Agarwal,vikram.agarwal857@gmail.com,F,2006,Mumbai,Maharashtra,West,Referral,2025-12-20
17858,Zoya,Patel,zoya.patel858@gmail.com,M,1999,Kolkata,West Bengal,East,Referral,2025-12-21
17859,Kabir,Nair,kabir.nair859@rediffmail.com,F,2000,Bengaluru,Karnataka,South,Paid Social,2025-12-21
17860,Pooja,Bose,pooja.bose860@gmail.com,F,2002,Indore,Madhya Pradesh,West,Paid Social,2025-12-21
17861,Pari,Bose,pari.bose861@yahoo.in,F,1995,Kochi,Kerala,South,Paid Search,2025-12-21
17862,Pari,Patel,pari.patel862@yahoo.in,F,1994,Delhi,Delhi,North,Organic Search,2025-12-21
17863,Sai,Gupta,sai.gupta863@gmail.com,F,1987,Hyderabad,Telangana,South,Organic Search,2025-12-21
17864,Riya,Nair,riya.nair864@gmail.com,M,2000,Bengaluru,Karnataka,South,Paid Search,2025-12-21
17865,Priya,Gupta,priya.gupta865@gmail.com,F,1996,Bengaluru,Karnataka,South,Paid Social,2025-12-21
17866,Manish,Malhotra,manish.malhotra866@gmail.com,M,1988,Bengaluru,Karnataka,South,Paid Social,2025-12-21
17867,Pooja,Agarwal,pooja.agarwal867@yahoo.in,M,1991,Delhi,Delhi,North,Affiliate,2025-12-21
17868,Ishaan,Pillai,ishaan.pillai868@gmail.com,F,1984,Hyderabad,Telangana,South,Paid Social,2025-12-22
17869,Nikhil,Nair,nikhil.nair869@outlook.com,F,1998,Bengaluru,Karnataka,South,Paid Social,2025-12-22
17870,Vivaan,Das,vivaan.das870@yahoo.in,F,2006,Hyderabad,Telangana,South,Affiliate,2025-12-22
17871,Riya,Joshi,riya.joshi871@gmail.com,F,1984,Chennai,Tamil Nadu,South,Organic Search,2025-12-22
17872,Myra,Agarwal,myra.agarwal872@gmail.com,F,2002,Ahmedabad,Gujarat,West,Paid Search,2025-12-22
17873,Vivaan,Shah,vivaan.shah873@gmail.com,F,2003,Kolkata,West Bengal,East,Referral,2025-12-22
17874,Rahul,Yadav,rahul.yadav874@gmail.com,M,1984,Delhi,Delhi,North,Paid Social,2025-12-22
17875,Neha,Nair,neha.nair875@gmail.com,M,1977,Delhi,Delhi,North,Email,2025-12-22
17876,Kabir,Kumar,kabir.kumar876@gmail.com,F,1994,Chandigarh,Chandigarh,North,Paid Social,2025-12-22
17877,Sai,Verma,sai.verma877@outlook.com,M,1992,Noida,Uttar Pradesh,North,Affiliate,2025-12-22
17878,Vikram,Yadav,vikram.yadav878@gmail.com,M,1992,Ahmedabad,Gujarat,West,Organic Search,2025-12-22
17879,Priya,Shah,priya.shah879@gmail.com,M,2003,Jaipur,Rajasthan,North,Referral,2025-12-22
17880,Aadhya,Khan,aadhya.khan880@gmail.com,F,1991,Bengaluru,Karnataka,South,Organic Search,2025-12-22
17881,Sneha,Verma,sneha.verma881@gmail.com,F,2006,Kolkata,West Bengal,East,Organic Search,2025-12-22
17882,Manish,Mehta,manish.mehta882@gmail.com,M,1981,Hyderabad,Telangana,South,Organic Search,2025-12-22
17883,Harpreet,Agarwal,harpreet.agarwal883@gmail.com,F,1987,Mumbai,Maharashtra,West,Paid Social,2025-12-22
17884,Ananya,Bose,ananya.bose884@gmail.com,F,1987,Kolkata,West Bengal,East,Paid Search,2025-12-22
17885,Pari,Bose,pari.bose885@rediffmail.com,F,1992,Hyderabad,Telangana,South,Organic Search,2025-12-23
17886,Aman,Bose,aman.bose886@gmail.com,F,2005,Hyderabad,Telangana,South,Paid Social,2025-12-23
17887,Reyansh,Gupta,reyansh.gupta887@gmail.com,M,1985,Noida,Uttar Pradesh,North,Paid Social,2025-12-23
17888,Kavya,Pillai,kavya.pillai888@gmail.com,M,1986,Bengaluru,Karnataka,South,Paid Search,2025-12-23
17889,Kiara,Menon,kiara.menon889@gmail.com,F,1988,Delhi,Delhi,North,Paid Social,2025-12-23
17890,Neha,Banerjee,neha.banerjee890@outlook.com,M,1993,Lucknow,Uttar Pradesh,North,Email,2025-12-23
17891,Kavya,Joshi,kavya.joshi891@gmail.com,F,1995,Delhi,Delhi,North,Referral,2025-12-23
17892,Ishaan,Reddy,ishaan.reddy892@outlook.com,F,1990,Bengaluru,Karnataka,South,Paid Social,2025-12-23
17893,Krishna,Kapoor,krishna.kapoor893@gmail.com,M,1983,Delhi,Delhi,North,Referral,2025-12-23
17894,Arnav,Das,arnav.das894@gmail.com,F,1993,Mumbai,Maharashtra,West,Email,2025-12-23
17895,Nikhil,Menon,nikhil.menon895@yahoo.in,M,2005,Bengaluru,Karnataka,South,Paid Search,2025-12-23
17896,Kiara,Chopra,kiara.chopra896@gmail.com,M,2001,Jaipur,Rajasthan,North,Organic Search,2025-12-23
17897,Sai,Nair,sai.nair897@yahoo.in,F,1990,Mumbai,Maharashtra,West,Organic Search,2025-12-24
17898,Amit,Chopra,amit.chopra898@gmail.com,F,1994,Chennai,Tamil Nadu,South,Paid Social,2025-12-24
17899,Farhan,Sharma,farhan.sharma899@gmail.com,F,1997,Kochi,Kerala,South,Affiliate,2025-12-24
17900,Vivaan,Shah,vivaan.shah900@gmail.com,F,2001,Chennai,Tamil Nadu,South,Organic Search,2025-12-24
17901,Rohan,Mehta,rohan.mehta901@gmail.com,M,2006,Bengaluru,Karnataka,South,Paid Social,2025-12-24
17902,Saanvi,Mehta,saanvi.mehta902@yahoo.in,F,1996,Jaipur,Rajasthan,North,Organic Search,2025-12-24
17903,Diya,Banerjee,diya.banerjee903@gmail.com,M,1984,Delhi,Delhi,North,Paid Social,2025-12-24
17904,Sneha,Rao,sneha.rao904@gmail.com,F,1981,Pune,Maharashtra,West,Email,2025-12-24
17905,Manish,Bose,manish.bose905@gmail.com,F,1998,Kochi,Kerala,South,Referral,2025-12-24
17906,Tanvi,Rao,tanvi.rao906@gmail.com,F,1982,Noida,Uttar Pradesh,North,Affiliate,2025-12-24
17907,Rahul,Singh,rahul.singh907@gmail.com,F,2000,Noida,Uttar Pradesh,North,Paid Social,2025-12-24
17908,Kavya,Agarwal,kavya.agarwal908@gmail.com,M,1989,Hyderabad,Telangana,South,Paid Social,2025-12-24
17909,Aman,Rao,aman.rao909@gmail.com,F,1984,Indore,Madhya Pradesh,West,Email,2025-12-24
17910,Pooja,Menon,pooja.menon910@gmail.com,M,1998,Mumbai,Maharashtra,West,Paid Social,2025-12-24
17911,Aditya,Reddy,aditya.reddy911@gmail.com,M,1985,Chennai,Tamil Nadu,South,Affiliate,2025-12-25
17912,Ananya,Kapoor,ananya.kapoor912@outlook.com,F,1997,Ahmedabad,Gujarat,West,Organic Search,2025-12-25
17913,Deepak,Mishra,deepak.mishra913@gmail.com,F,1995,Kochi,Kerala,South,Organic Search,2025-12-25
17914,Sneha,Sharma,sneha.sharma914@gmail.com,M,1978,Mumbai,Maharashtra,West,Organic Search,2025-12-25
17915,Deepak,Yadav,deepak.yadav915@gmail.com,F,2005,Mumbai,Maharashtra,West,Email,2025-12-25
17916,Aditya,Kapoor,aditya.kapoor916@yahoo.in,M,2004,Delhi,Delhi,North,Organic Search,2025-12-25
17917,Ishaan,Kapoor,ishaan.kapoor917@gmail.com,M,2001,Mumbai,Maharashtra,West,Referral,2025-12-25
17918,Reyansh,Menon,reyansh.menon918@yahoo.in,F,2001,Gurugram,Haryana,North,Paid Search,2025-12-25
17919,Arjun,Patel,arjun.patel919@gmail.com,M,1988,Delhi,Delhi,North,Paid Social,2025-12-26
17920,Pari,Sharma,pari.sharma920@gmail.com,M,2003,Lucknow,Uttar Pradesh,North,Referral,2025-12-26
17921,Manish,Malhotra,manish.malhotra921@yahoo.in,F,2000,Pune,Maharashtra,West,Paid Search,2025-12-26
17922,Aarav,Chopra,aarav.chopra922@gmail.com,F,1977,Lucknow,Uttar Pradesh,North,Organic Search,2025-12-26
17923,Deepak,Mishra,deepak.mishra923@gmail.com,F,1986,Delhi,Delhi,North,Paid Social,2025-12-26
17924,Arjun,Chopra,arjun.chopra924@gmail.com,F,1987,Mumbai,Maharashtra,West,Affiliate,2025-12-26
17925,Aarav,Gupta,aarav.gupta925@gmail.com,F,2005,Gurugram,Haryana,North,Organic Search,2025-12-26
17926,Aarav,Khan,aarav.khan926@gmail.com,F,1986,Delhi,Delhi,North,Organic Search,2025-12-26
17927,Farhan,Das,farhan.das927@gmail.com,M,1989,Kolkata,West Bengal,East,Email,2025-12-26
17928,Ishaan,Mishra,ishaan.mishra928@gmail.com,M,1983,Pune,Maharashtra,West,Organic Search,2025-12-26
17929,Sai,Pillai,sai.pillai929@outlook.com,F,1990,Hyderabad,Telangana,South,Organic Search,2025-12-26
17930,Simran,Kapoor,simran.kapoor930@yahoo.in,F,2002,Gurugram,Haryana,North,Email,2025-12-26
17931,Karan,Agarwal,karan.agarwal931@outlook.com,M,1982,Mumbai,Maharashtra,West,Referral,2025-12-26
17932,Pari,Kumar,pari.kumar932@outlook.com,M,1997,Delhi,Delhi,North,Organic Search,2025-12-27
17933,Farhan,Mishra,farhan.mishra933@gmail.com,F,1986,Mumbai,Maharashtra,West,Affiliate,2025-12-27
17934,Lakshmi,Gupta,lakshmi.gupta934@yahoo.in,M,2006,Hyderabad,Telangana,South,Paid Social,2025-12-27
17935,Amit,Reddy,amit.reddy935@gmail.com,M,1994,Chennai,Tamil Nadu,South,Organic Search,2025-12-27
17936,Arnav,Kumar,arnav.kumar936@yahoo.in,F,1993,Pune,Maharashtra,West,Paid Search,2025-12-27
17937,Saanvi,Gupta,saanvi.gupta937@gmail.com,M,1989,Jaipur,Rajasthan,North,Email,2025-12-27
17938,Harpreet,Yadav,harpreet.yadav938@yahoo.in,F,1995,Bengaluru,Karnataka,South,Paid Social,2025-12-27
17939,Karan,Singh,karan.singh939@gmail.com,F,1982,Bengaluru,Karnataka,South,Paid Social,2025-12-27
17940,Rohan,Gupta,rohan.gupta940@gmail.com,F,1994,Pune,Maharashtra,West,Paid Search,2025-12-27
17941,Karan,Gupta,karan.gupta941@gmail.com,F,1989,Pune,Maharashtra,West,Organic Search,2025-12-27
17942,Saanvi,Rao,saanvi.rao942@gmail.com,M,1988,Pune,Maharashtra,West,Paid Social,2025-12-27
17943,Aditya,Patel,aditya.patel943@gmail.com,F,2006,Chandigarh,Chandigarh,North,Organic Search,2025-12-27
17944,Priya,Pillai,priya.pillai944@gmail.com,M,2005,Pune,Maharashtra,West,Referral,2025-12-27
17945,Aditya,Reddy,aditya.reddy945@gmail.com,M,2005,Delhi,Delhi,North,Organic Search,2025-12-28
17946,Isha,Patel,isha.patel946@gmail.com,M,2000,Ahmedabad,Gujarat,West,Organic Search,2025-12-28
17947,Arnav,Kumar,arnav.kumar947@gmail.com,M,1997,Pune,Maharashtra,West,Organic Search,2025-12-28
17948,Arjun,Patel,arjun.patel948@gmail.com,F,2005,Mumbai,Maharashtra,West,Referral,2025-12-28
17949,Tanvi,Patel,tanvi.patel949@gmail.com,F,1996,Chandigarh,Chandigarh,North,Paid Search,2025-12-28
17950,Kabir,Kapoor,kabir.kapoor950@gmail.com,F,1998,Bengaluru,Karnataka,South,Paid Search,2025-12-28
17951,Pooja,Khan,pooja.khan951@outlook.com,M,2005,Pune,Maharashtra,West,Paid Social,2025-12-28
17952,Vikram,Banerjee,vikram.banerjee952@gmail.com,M,2000,Delhi,Delhi,North,Paid Social,2025-12-28
17953,Farhan,Yadav,farhan.yadav953@yahoo.in,F,1997,Mumbai,Maharashtra,West,Email,2025-12-28
17954,Tanvi,Joshi,tanvi.joshi954@gmail.com,F,2000,Delhi,Delhi,North,Paid Search,2025-12-28
17955,Kabir,Mishra,kabir.mishra955@gmail.com,M,1994,Mumbai,Maharashtra,West,Organic Search,2025-12-28
17956,Pari,Das,pari.das956@gmail.com,F,1998,Pune,Maharashtra,West,Email,2025-12-28
17957,Sneha,Menon,sneha.menon957@yahoo.in,F,1998,Mumbai,Maharashtra,West,Paid Social,2025-12-28
17958,Diya,Kumar,diya.kumar958@gmail.com,F,1984,Mumbai,Maharashtra,West,Paid Social,2025-12-28
17959,Simran,Joshi,simran.joshi959@yahoo.in,F,1988,Jaipur,Rajasthan,North,Organic Search,2025-12-28
17960,Pooja,Banerjee,pooja.banerjee960@gmail.com,F,1999,Mumbai,Maharashtra,West,Email,2025-12-28
17961,Tanvi,Yadav,tanvi.yadav961@gmail.com,M,1995,Delhi,Delhi,North,Affiliate,2025-12-28
17962,Meera,Reddy,meera.reddy962@rediffmail.com,F,1993,Kolkata,West Bengal,East,Paid Search,2025-12-29
17963,Pari,Nair,pari.nair963@gmail.com,M,1996,Ahmedabad,Gujarat,West,Organic Search,2025-12-29
17964,Nikhil,Iyer,nikhil.iyer964@gmail.com,M,1978,Bengaluru,Karnataka,South,Organic Search,2025-12-29
17965,Karan,Malhotra,karan.malhotra965@gmail.com,F,1992,Gurugram,Haryana,North,Paid Search,2025-12-29
17966,Aman,Patel,aman.patel966@gmail.com,M,1992,Kochi,Kerala,South,Paid Social,2025-12-29
17967,Saanvi,Mehta,saanvi.mehta967@yahoo.in,M,1995,Ahmedabad,Gujarat,West,Paid Search,2025-12-29
17968,Pooja,Malhotra,pooja.malhotra968@gmail.com,M,2000,Mumbai,Maharashtra,West,Paid Social,2025-12-29
17969,Arnav,Patel,arnav.patel969@gmail.com,F,1991,Bengaluru,Karnataka,South,Organic Search,2025-12-29
17970,Myra,Iyer,myra.iyer970@gmail.com,M,2004,Jaipur,Rajasthan,North,Organic Search,2025-12-29
17971,Simran,Singh,simran.singh971@yahoo.in,F,1986,Kolkata,West Bengal,East,Affiliate,2025-12-29
17972,Saanvi,Kumar,saanvi.kumar972@gmail.com,F,1999,Gurugram,Haryana,North,Paid Search,2025-12-29
17973,Reyansh,Shah,reyansh.shah973@gmail.com,F,1989,Chennai,Tamil Nadu,South,Affiliate,2025-12-29
17974,Vivaan,Kapoor,vivaan.kapoor974@yahoo.in,M,2003,Kolkata,West Bengal,East,Paid Social,2025-12-29
17975,Neha,Kumar,neha.kumar975@gmail.com,F,1995,Pune,Maharashtra,West,Organic Search,2025-12-29
17976,Kiara,Chopra,kiara.chopra976@gmail.com,F,1984,Chennai,Tamil Nadu,South,Paid Social,2025-12-29
17977,Ananya,Gupta,ananya.gupta977@outlook.com,M,1994,Delhi,Delhi,North,Affiliate,2025-12-29
17978,Harpreet,Mishra,harpreet.mishra978@outlook.com,M,1997,Bengaluru,Karnataka,South,Referral,2025-12-29
17979,Simran,Bose,simran.bose979@gmail.com,M,1995,Mumbai,Maharashtra,West,Paid Search,2025-12-29
17980,Karan,Bose,karan.bose980@outlook.com,F,1996,Mumbai,Maharashtra,West,Organic Search,2025-12-29
17981,Farhan,Iyer,farhan.iyer981@yahoo.in,M,1992,Mumbai,Maharashtra,West,Paid Search,2025-12-30
17982,Pooja,Das,pooja.das982@outlook.com,M,1989,Indore,Madhya Pradesh,West,Organic Search,2025-12-30
17983,Karan,Mishra,karan.mishra983@yahoo.in,F,1980,Indore,Madhya Pradesh,West,Paid Search,2025-12-30
17984,Rohan,Chopra,rohan.chopra984@gmail.com,F,1998,Jaipur,Rajasthan,North,Email,2025-12-30
17985,Aarav,Chopra,aarav.chopra985@outlook.com,F,1998,Mumbai,Maharashtra,West,Paid Social,2025-12-30
17986,Pooja,Menon,pooja.menon986@gmail.com,M,2006,Lucknow,Uttar Pradesh,North,Referral,2025-12-30
17987,Sai,Kapoor,sai.kapoor987@gmail.com,F,1993,Bengaluru,Karnataka,South,Paid Social,2025-12-30
17988,Ishaan,Nair,ishaan.nair988@gmail.com,F,1996,Delhi,Delhi,North,Organic Search,2025-12-30
17989,Rahul,Verma,rahul.verma989@gmail.com,M,1995,Mumbai,Maharashtra,West,Organic Search,2025-12-30
17990,Saanvi,Patel,saanvi.patel990@gmail.com,M,2000,Kolkata,West Bengal,East,Referral,2025-12-30
17991,Myra,Agarwal,myra.agarwal991@gmail.com,M,1989,Kolkata,West Bengal,East,Paid Search,2025-12-30
17992,Pooja,Kumar,pooja.kumar992@outlook.com,M,1995,Pune,Maharashtra,West,Paid Social,2025-12-30
17993,Simran,Iyer,simran.iyer993@gmail.com,M,1994,Lucknow,Uttar Pradesh,North,Organic Search,2025-12-30
17994,Vivaan,Shah,vivaan.shah994@gmail.com,M,1999,Ahmedabad,Gujarat,West,Paid Search,2025-12-30
17995,Diya,Banerjee,diya.banerjee995@yahoo.in,M,2006,Pune,Maharashtra,West,Organic Search,2025-12-30
17996,Aadhya,Reddy,aadhya.reddy996@outlook.com,M,1996,Delhi,Delhi,North,Organic Search,2025-12-30
17997,Kabir,Khan,kabir.khan997@gmail.com,F,1982,Kolkata,West Bengal,East,Email,2025-12-30
17998,Arjun,Shah,arjun.shah998@gmail.com,F,1984,Chandigarh,Chandigarh,North,Paid Social,2025-12-30
17999,Ananya,Patel,ananya.patel999@outlook.com,M,2002,Mumbai,Maharashtra,West,Email,2025-12-30
18000,Krishna,Chopra,krishna.chopra0@gmail.com,M,1980,Pune,Maharashtra,West,Email,2025-12-30
