order_item_id,order_id,product_id,quantity,unit_price,discount
1,500001,106,2,1499.0,0.0
2,500002,118,1,899.0,0.0
3,500002,124,1,1099.0,0.0
4,500003,120,1,699.0,104.85
5,500004,147,1,1299.0,0.0
6,500004,130,2,699.0,0.0
7,500004,118,1,899.0,0.0
8,500005,140,1,599.0,89.85
9,500005,135,1,1499.0,224.85
10,500006,101,1,1999.0,0.0
11,500007,105,1,2299.0,0.0
12,500007,109,1,3999.0,0.0
13,500007,101,1,1999.0,0.0
14,500007,116,1,2499.0,0.0
15,500008,123,1,3299.0,0.0
16,500009,113,1,1299.0,194.85
17,500009,107,1,1199.0,179.85
18,500010,128,2,999.0,0.0
19,500011,103,1,2499.0,0.0
20,500011,130,1,699.0,0.0
21,500012,141,2,249.0,0.0
22,500013,111,2,499.0,49.9
23,500014,108,2,399.0,0.0
24,500015,113,3,1299.0,584.55
25,500015,111,1,499.0,74.85
26,500016,118,1,899.0,0.0
27,500016,102,3,3499.0,0.0
28,500017,144,1,2999.0,449.85
29,500017,111,1,499.0,74.85
30,500018,137,1,249.0,37.35
31,500018,144,1,2999.0,449.85
32,500018,148,1,699.0,104.85
33,500018,110,1,799.0,119.85
34,500019,112,1,1499.0,0.0
35,500019,116,1,2499.0,0.0
36,500020,137,1,249.0,12.45
37,500021,133,1,399.0,59.85
38,500022,109,1,3999.0,0.0
39,500022,123,1,3299.0,0.0
40,500023,131,1,299.0,14.95
41,500024,114,1,1199.0,179.85
42,500024,112,1,1499.0,224.85
43,500025,143,1,799.0,119.85
44,500025,126,1,449.0,67.35
45,500026,117,1,2999.0,0.0
46,500027,104,1,4999.0,0.0
47,500028,144,1,2999.0,0.0
48,500029,144,2,2999.0,0.0
49,500030,103,1,2499.0,124.95
50,500030,112,1,1499.0,74.95
51,500031,125,1,1299.0,194.85
52,500032,120,2,699.0,0.0
53,500032,123,1,3299.0,0.0
54,500032,117,1,2999.0,0.0
55,500032,140,1,599.0,0.0
56,500033,116,1,2499.0,374.85
57,500034,106,1,1499.0,0.0
58,500035,108,1,399.0,59.85
59,500036,104,1,4999.0,749.85
60,500037,118,1,899.0,0.0
61,500038,145,1,599.0,0.0
62,500039,103,1,2499.0,374.85
63,500040,111,2,499.0,0.0
64,500041,120,1,699.0,0.0
65,500042,122,1,1899.0,284.85
66,500042,103,2,2499.0,749.7
67,500043,143,1,799.0,39.95
68,500044,118,1,899.0,0.0
69,500045,122,1,1899.0,284.85
70,500045,108,1,399.0,59.85
71,500046,115,1,3999.0,0.0
72,500047,118,1,899.0,0.0
73,500048,112,1,1499.0,0.0
74,500048,126,1,449.0,0.0
75,500049,137,1,249.0,0.0
76,500049,103,1,2499.0,0.0
77,500050,117,1,2999.0,149.95
78,500050,148,1,699.0,34.95
79,500051,120,1,699.0,34.95
80,500052,147,2,1299.0,389.7
81,500053,138,3,399.0,179.55
82,500054,124,1,1099.0,0.0
83,500055,111,1,499.0,24.95
84,500056,148,1,699.0,0.0
85,500056,117,1,2999.0,0.0
86,500056,135,1,1499.0,0.0
87,500057,113,1,1299.0,194.85
88,500057,144,1,2999.0,449.85
89,500058,139,1,349.0,0.0
90,500059,141,1,249.0,12.45
91,500060,105,1,2299.0,0.0
92,500060,113,1,1299.0,0.0
93,500060,119,2,2199.0,0.0
94,500061,101,1,1999.0,299.85
95,500061,130,1,699.0,104.85
96,500062,119,1,2199.0,109.95
97,500063,108,2,399.0,119.7
98,500063,131,1,299.0,44.85
99,500063,138,2,399.0,119.7
100,500064,109,1,3999.0,0.0
101,500065,145,1,599.0,29.95
102,500065,139,1,349.0,17.45
103,500065,117,1,2999.0,149.95
104,500066,134,2,199.0,0.0
105,500067,107,3,1199.0,0.0
106,500067,112,1,1499.0,0.0
107,500067,141,1,249.0,0.0
108,500068,129,1,549.0,82.35
109,500068,141,1,249.0,37.35
110,500068,102,1,3499.0,524.85
111,500069,124,1,1099.0,0.0
112,500069,142,1,799.0,0.0
113,500070,134,1,199.0,29.85
114,500070,127,1,649.0,97.35
115,500070,123,1,3299.0,494.85
116,500071,148,1,699.0,0.0
117,500072,130,1,699.0,104.85
118,500073,101,1,1999.0,299.85
119,500074,112,2,1499.0,149.9
120,500075,145,1,599.0,89.85
121,500075,122,1,1899.0,284.85
122,500076,107,1,1199.0,0.0
123,500076,128,1,999.0,0.0
124,500077,108,1,399.0,59.85
125,500077,122,1,1899.0,284.85
126,500078,132,1,449.0,0.0
127,500079,119,1,2199.0,0.0
128,500080,118,2,899.0,269.7
129,500081,111,1,499.0,74.85
130,500081,113,1,1299.0,194.85
131,500081,130,1,699.0,104.85
132,500082,118,1,899.0,0.0
133,500082,104,1,4999.0,0.0
134,500083,131,1,299.0,0.0
135,500084,111,2,499.0,0.0
136,500084,108,1,399.0,0.0
137,500085,148,1,699.0,0.0
138,500085,116,1,2499.0,0.0
139,500086,105,1,2299.0,344.85
140,500086,109,1,3999.0,599.85
141,500086,115,1,3999.0,599.85
142,500086,135,2,1499.0,449.7
143,500087,130,1,699.0,0.0
144,500087,122,1,1899.0,0.0
145,500088,117,1,2999.0,449.85
146,500088,143,1,799.0,119.85
147,500089,103,2,2499.0,749.7
148,500089,135,1,1499.0,224.85
149,500089,136,1,899.0,134.85
150,500090,112,1,1499.0,0.0
151,500090,142,1,799.0,0.0
152,500091,114,1,1199.0,0.0
153,500091,123,1,3299.0,0.0
154,500092,111,1,499.0,0.0
155,500092,117,1,2999.0,0.0
156,500093,108,3,399.0,0.0
157,500093,137,1,249.0,0.0
158,500093,113,2,1299.0,0.0
159,500094,111,1,499.0,74.85
160,500095,127,1,649.0,97.35
161,500095,119,1,2199.0,329.85
162,500095,109,1,3999.0,599.85
163,500095,144,1,2999.0,449.85
164,500096,117,1,2999.0,0.0
165,500096,105,1,2299.0,0.0
166,500097,125,1,1299.0,194.85
167,500098,127,3,649.0,0.0
168,500098,147,1,1299.0,0.0
169,500099,101,1,1999.0,299.85
170,500099,116,1,2499.0,374.85
171,500100,134,1,199.0,0.0
172,500100,124,1,1099.0,0.0
173,500100,146,1,4499.0,0.0
174,500101,122,1,1899.0,0.0
175,500101,111,1,499.0,0.0
176,500101,120,1,699.0,0.0
177,500102,128,2,999.0,0.0
178,500102,112,2,1499.0,0.0
179,500103,124,3,1099.0,0.0
180,500103,138,2,399.0,0.0
181,500103,134,1,199.0,0.0
182,500104,116,1,2499.0,374.85
183,500105,127,1,649.0,97.35
184,500106,117,1,2999.0,0.0
185,500107,137,1,249.0,37.35
186,500108,115,2,3999.0,1199.7
187,500108,122,1,1899.0,284.85
188,500108,128,1,999.0,149.85
189,500108,120,1,699.0,104.85
190,500109,107,1,1199.0,0.0
191,500110,109,2,3999.0,0.0
192,500110,112,1,1499.0,0.0
193,500111,117,2,2999.0,0.0
194,500111,105,1,2299.0,0.0
195,500112,118,1,899.0,0.0
196,500113,135,2,1499.0,0.0
197,500113,116,1,2499.0,0.0
198,500114,125,1,1299.0,64.95
199,500115,133,2,399.0,119.7
200,500115,117,1,2999.0,449.85
201,500116,122,1,1899.0,284.85
202,500116,131,1,299.0,44.85
203,500116,134,1,199.0,29.85
204,500117,103,1,2499.0,374.85
205,500118,120,1,699.0,104.85
206,500118,143,2,799.0,239.7
207,500118,113,1,1299.0,194.85
208,500119,122,1,1899.0,284.85
209,500120,108,1,399.0,0.0
210,500121,117,2,2999.0,899.7
211,500121,147,2,1299.0,389.7
212,500121,131,2,299.0,89.7
213,500122,118,1,899.0,0.0
214,500123,117,1,2999.0,0.0
215,500124,111,1,499.0,0.0
216,500125,141,1,249.0,0.0
217,500125,118,2,899.0,0.0
218,500126,142,1,799.0,0.0
219,500127,108,2,399.0,0.0
220,500127,135,1,1499.0,0.0
221,500127,127,2,649.0,0.0
222,500128,111,1,499.0,0.0
223,500129,132,1,449.0,67.35
224,500130,122,1,1899.0,284.85
225,500131,125,1,1299.0,0.0
226,500131,138,1,399.0,0.0
227,500132,104,1,4999.0,0.0
228,500133,123,1,3299.0,494.85
229,500134,114,2,1199.0,0.0
230,500134,118,1,899.0,0.0
231,500135,112,2,1499.0,0.0
232,500136,112,1,1499.0,0.0
233,500136,141,1,249.0,0.0
234,500137,107,1,1199.0,0.0
235,500138,114,1,1199.0,179.85
236,500139,127,2,649.0,194.7
237,500140,108,1,399.0,0.0
238,500141,117,3,2999.0,1349.55
239,500142,140,2,599.0,0.0
240,500143,102,1,3499.0,174.95
241,500143,103,1,2499.0,124.95
242,500144,134,1,199.0,0.0
243,500145,138,1,399.0,0.0
244,500146,117,1,2999.0,449.85
245,500146,126,1,449.0,67.35
246,500147,126,1,449.0,22.45
247,500148,128,1,999.0,149.85
248,500149,137,1,249.0,0.0
249,500150,116,2,2499.0,749.7
250,500150,142,1,799.0,119.85
251,500151,105,1,2299.0,0.0
252,500152,113,1,1299.0,0.0
253,500152,111,1,499.0,0.0
254,500153,134,1,199.0,0.0
255,500153,116,1,2499.0,0.0
256,500153,108,1,399.0,0.0
257,500153,112,1,1499.0,0.0
258,500154,141,1,249.0,37.35
259,500155,123,1,3299.0,164.95
260,500156,138,2,399.0,0.0
261,500157,127,1,649.0,0.0
262,500157,111,1,499.0,0.0
263,500157,124,1,1099.0,0.0
264,500158,105,1,2299.0,344.85
265,500158,146,1,4499.0,674.85
266,500158,133,1,399.0,59.85
267,500159,104,1,4999.0,0.0
268,500160,119,3,2199.0,0.0
269,500160,125,1,1299.0,0.0
270,500161,106,1,1499.0,0.0
271,500162,104,1,4999.0,749.85
272,500162,113,1,1299.0,194.85
273,500162,101,1,1999.0,299.85
274,500163,118,2,899.0,269.7
275,500163,142,1,799.0,119.85
276,500163,101,1,1999.0,299.85
277,500164,141,1,249.0,0.0
278,500164,114,1,1199.0,0.0
279,500165,145,2,599.0,0.0
280,500165,111,1,499.0,0.0
281,500166,133,2,399.0,0.0
282,500167,146,1,4499.0,0.0
283,500167,131,1,299.0,0.0
284,500167,123,1,3299.0,0.0
285,500168,137,1,249.0,37.35
286,500168,118,1,899.0,134.85
287,500169,112,1,1499.0,0.0
288,500169,136,1,899.0,0.0
289,500169,137,3,249.0,0.0
290,500169,110,1,799.0,0.0
291,500170,127,1,649.0,0.0
292,500170,113,1,1299.0,0.0
293,500171,108,3,399.0,0.0
294,500172,142,1,799.0,0.0
295,500173,139,3,349.0,52.35
296,500174,105,1,2299.0,0.0
297,500174,113,1,1299.0,0.0
298,500175,130,1,699.0,0.0
299,500175,137,1,249.0,0.0
300,500175,103,1,2499.0,0.0
301,500176,108,1,399.0,0.0
302,500177,117,1,2999.0,0.0
303,500177,118,1,899.0,0.0
304,500177,113,1,1299.0,0.0
305,500178,134,1,199.0,0.0
306,500178,125,1,1299.0,0.0
307,500178,120,1,699.0,0.0
308,500179,123,1,3299.0,0.0
309,500179,107,2,1199.0,0.0
310,500180,109,3,3999.0,0.0
311,500180,128,1,999.0,0.0
312,500181,105,1,2299.0,0.0
313,500181,134,1,199.0,0.0
314,500182,110,1,799.0,0.0
315,500182,142,1,799.0,0.0
316,500183,119,1,2199.0,109.95
317,500183,129,2,549.0,54.9
318,500184,129,1,549.0,82.35
319,500184,107,1,1199.0,179.85
320,500184,128,3,999.0,449.55
321,500185,129,1,549.0,0.0
322,500186,117,1,2999.0,0.0
323,500187,112,1,1499.0,224.85
324,500188,138,1,399.0,0.0
325,500188,137,1,249.0,0.0
326,500189,106,2,1499.0,449.7
327,500189,148,1,699.0,104.85
328,500189,125,1,1299.0,194.85
329,500189,118,1,899.0,134.85
330,500190,106,2,1499.0,0.0
331,500190,130,1,699.0,0.0
332,500191,139,1,349.0,52.35
333,500191,119,1,2199.0,329.85
334,500192,105,1,2299.0,0.0
335,500193,123,1,3299.0,494.85
336,500193,122,1,1899.0,284.85
337,500194,112,1,1499.0,224.85
338,500194,122,1,1899.0,284.85
339,500195,143,2,799.0,0.0
340,500195,113,1,1299.0,0.0
341,500196,117,3,2999.0,0.0
342,500197,111,2,499.0,49.9
343,500198,119,2,2199.0,0.0
344,500199,117,1,2999.0,449.85
345,500200,137,1,249.0,37.35
346,500201,103,1,2499.0,0.0
347,500202,120,1,699.0,104.85
348,500203,114,1,1199.0,179.85
349,500203,139,1,349.0,52.35
350,500204,137,1,249.0,0.0
351,500204,118,1,899.0,0.0
352,500205,105,3,2299.0,0.0
353,500206,107,1,1199.0,179.85
354,500206,127,1,649.0,97.35
355,500206,101,1,1999.0,299.85
356,500207,107,1,1199.0,0.0
357,500207,122,1,1899.0,0.0
358,500207,123,1,3299.0,0.0
359,500207,134,1,199.0,0.0
360,500208,114,1,1199.0,0.0
361,500209,123,1,3299.0,494.85
362,500210,117,1,2999.0,0.0
363,500211,118,1,899.0,0.0
364,500212,116,1,2499.0,374.85
365,500213,133,1,399.0,0.0
366,500214,112,1,1499.0,224.85
367,500215,133,1,399.0,0.0
368,500215,113,1,1299.0,0.0
369,500216,142,1,799.0,119.85
370,500216,108,1,399.0,59.85
371,500216,147,1,1299.0,194.85
372,500217,114,1,1199.0,179.85
373,500218,124,1,1099.0,0.0
374,500219,101,1,1999.0,0.0
375,500219,107,1,1199.0,0.0
376,500220,114,1,1199.0,0.0
377,500221,131,1,299.0,0.0
378,500221,112,2,1499.0,0.0
379,500222,138,1,399.0,59.85
380,500222,104,1,4999.0,749.85
381,500222,122,1,1899.0,284.85
382,500223,111,1,499.0,74.85
383,500223,136,2,899.0,269.7
384,500224,140,1,599.0,0.0
385,500225,106,1,1499.0,0.0
386,500226,118,1,899.0,0.0
387,500227,137,2,249.0,0.0
388,500228,107,1,1199.0,179.85
389,500229,121,1,2799.0,0.0
390,500229,147,1,1299.0,0.0
391,500230,120,1,699.0,0.0
392,500231,113,1,1299.0,0.0
393,500232,107,1,1199.0,179.85
394,500233,130,2,699.0,209.7
395,500234,111,1,499.0,0.0
396,500234,108,1,399.0,0.0
397,500235,122,1,1899.0,284.85
398,500235,102,1,3499.0,524.85
399,500235,118,2,899.0,269.7
400,500236,104,1,4999.0,0.0
401,500237,109,1,3999.0,0.0
402,500237,117,2,2999.0,0.0
403,500238,102,2,3499.0,0.0
404,500239,146,2,4499.0,0.0
405,500240,137,1,249.0,0.0
406,500241,116,1,2499.0,374.85
407,500242,123,1,3299.0,494.85
408,500243,127,1,649.0,97.35
409,500244,118,1,899.0,134.85
410,500245,111,1,499.0,0.0
411,500246,118,1,899.0,134.85
412,500247,109,1,3999.0,0.0
413,500248,143,1,799.0,119.85
414,500248,127,1,649.0,97.35
415,500248,113,1,1299.0,194.85
416,500248,117,1,2999.0,449.85
417,500249,109,2,3999.0,0.0
418,500250,110,1,799.0,119.85
419,500251,143,1,799.0,119.85
420,500252,137,1,249.0,0.0
421,500252,106,2,1499.0,0.0
422,500252,141,1,249.0,0.0
423,500253,122,3,1899.0,0.0
424,500254,112,1,1499.0,224.85
425,500255,128,1,999.0,149.85
426,500255,111,1,499.0,74.85
427,500256,101,1,1999.0,0.0
428,500257,107,1,1199.0,0.0
429,500257,111,1,499.0,0.0
430,500258,107,1,1199.0,179.85
431,500259,145,1,599.0,89.85
432,500260,123,1,3299.0,0.0
433,500261,106,1,1499.0,0.0
434,500261,127,1,649.0,0.0
435,500262,135,1,1499.0,224.85
436,500263,141,1,249.0,37.35
437,500263,114,1,1199.0,179.85
438,500264,138,3,399.0,0.0
439,500265,134,2,199.0,0.0
440,500266,146,1,4499.0,0.0
441,500266,102,1,3499.0,0.0
442,500266,103,1,2499.0,0.0
443,500266,113,1,1299.0,0.0
444,500267,110,1,799.0,119.85
445,500268,136,1,899.0,0.0
446,500268,137,1,249.0,0.0
447,500269,120,3,699.0,0.0
448,500270,114,1,1199.0,0.0
449,500271,123,2,3299.0,989.7
450,500271,114,1,1199.0,179.85
451,500272,103,1,2499.0,0.0
452,500272,122,2,1899.0,0.0
453,500273,101,1,1999.0,0.0
454,500273,122,1,1899.0,0.0
455,500273,119,1,2199.0,0.0
456,500274,111,1,499.0,0.0
457,500275,131,1,299.0,44.85
458,500276,117,3,2999.0,0.0
459,500276,106,1,1499.0,0.0
460,500277,115,1,3999.0,0.0
461,500278,114,1,1199.0,179.85
462,500279,113,1,1299.0,194.85
463,500280,101,1,1999.0,299.85
464,500281,119,1,2199.0,329.85
465,500281,121,1,2799.0,419.85
466,500281,111,1,499.0,74.85
467,500281,148,1,699.0,104.85
468,500282,113,1,1299.0,194.85
469,500282,118,1,899.0,134.85
470,500283,106,1,1499.0,0.0
471,500284,117,1,2999.0,0.0
472,500285,127,2,649.0,0.0
473,500286,122,1,1899.0,0.0
474,500287,140,1,599.0,89.85
475,500287,103,1,2499.0,374.85
476,500288,117,1,2999.0,0.0
477,500288,103,1,2499.0,0.0
478,500289,121,1,2799.0,0.0
479,500290,107,1,1199.0,0.0
480,500290,131,2,299.0,0.0
481,500291,118,1,899.0,0.0
482,500291,114,1,1199.0,0.0
483,500292,141,1,249.0,37.35
484,500292,118,1,899.0,134.85
485,500293,107,1,1199.0,0.0
486,500293,144,1,2999.0,0.0
487,500293,113,1,1299.0,0.0
488,500294,124,1,1099.0,0.0
489,500295,116,3,2499.0,1124.55
490,500296,116,2,2499.0,0.0
491,500297,138,1,399.0,59.85
492,500297,103,3,2499.0,1124.55
493,500298,111,1,499.0,0.0
494,500298,133,1,399.0,0.0
495,500299,102,1,3499.0,0.0
496,500300,115,1,3999.0,0.0
497,500300,104,1,4999.0,0.0
498,500300,124,2,1099.0,0.0
499,500300,138,3,399.0,0.0
500,500301,130,1,699.0,0.0
501,500302,145,1,599.0,89.85
502,500302,124,2,1099.0,329.7
503,500303,115,2,3999.0,1199.7
504,500303,123,1,3299.0,494.85
505,500304,113,1,1299.0,0.0
506,500305,128,1,999.0,149.85
507,500306,117,3,2999.0,1349.55
508,500307,107,1,1199.0,179.85
509,500308,113,1,1299.0,194.85
510,500308,135,1,1499.0,224.85
511,500309,117,2,2999.0,0.0
512,500309,113,1,1299.0,0.0
513,500310,127,1,649.0,0.0
514,500310,115,1,3999.0,0.0
515,500310,142,1,799.0,0.0
516,500311,109,1,3999.0,599.85
517,500311,119,1,2199.0,329.85
518,500311,123,1,3299.0,494.85
519,500311,115,1,3999.0,599.85
520,500312,104,1,4999.0,749.85
521,500312,143,1,799.0,119.85
522,500312,120,2,699.0,209.7
523,500313,104,1,4999.0,0.0
524,500314,133,1,399.0,59.85
525,500315,117,1,2999.0,449.85
526,500316,133,1,399.0,59.85
527,500316,143,1,799.0,119.85
528,500317,117,1,2999.0,0.0
529,500317,115,1,3999.0,0.0
530,500317,132,1,449.0,0.0
531,500317,128,1,999.0,0.0
532,500318,139,1,349.0,0.0
533,500319,138,1,399.0,59.85
534,500319,110,1,799.0,119.85
535,500320,138,1,399.0,59.85
536,500321,145,2,599.0,0.0
537,500322,130,1,699.0,0.0
538,500323,113,1,1299.0,0.0
539,500324,107,1,1199.0,0.0
540,500324,103,2,2499.0,0.0
541,500324,121,1,2799.0,0.0
542,500325,135,1,1499.0,74.95
543,500325,123,1,3299.0,164.95
544,500325,129,1,549.0,27.45
545,500326,118,1,899.0,134.85
546,500327,119,1,2199.0,329.85
547,500327,103,1,2499.0,374.85
548,500328,118,1,899.0,44.95
549,500329,123,1,3299.0,0.0
550,500330,127,2,649.0,0.0
551,500330,147,1,1299.0,0.0
552,500331,124,1,1099.0,164.85
553,500331,109,1,3999.0,599.85
554,500332,144,1,2999.0,449.85
555,500332,107,1,1199.0,179.85
556,500333,108,1,399.0,0.0
557,500334,102,1,3499.0,0.0
558,500335,145,1,599.0,0.0
559,500336,131,2,299.0,0.0
560,500337,112,2,1499.0,449.7
561,500337,110,1,799.0,119.85
562,500338,143,3,799.0,359.55
563,500338,104,1,4999.0,749.85
564,500339,113,1,1299.0,0.0
565,500340,116,2,2499.0,0.0
566,500341,108,1,399.0,0.0
567,500342,108,2,399.0,119.7
568,500343,144,1,2999.0,0.0
569,500343,112,1,1499.0,0.0
570,500343,102,1,3499.0,0.0
571,500344,136,1,899.0,134.85
572,500345,132,2,449.0,0.0
573,500345,104,1,4999.0,0.0
574,500346,138,1,399.0,59.85
575,500347,127,1,649.0,0.0
576,500347,111,1,499.0,0.0
577,500348,106,1,1499.0,0.0
578,500348,130,3,699.0,0.0
579,500349,110,1,799.0,0.0
580,500349,108,1,399.0,0.0
581,500349,101,1,1999.0,0.0
582,500350,128,2,999.0,0.0
583,500351,112,1,1499.0,224.85
584,500351,109,1,3999.0,599.85
585,500351,123,3,3299.0,1484.55
586,500351,132,1,449.0,67.35
587,500352,104,2,4999.0,1499.7
588,500353,102,1,3499.0,524.85
589,500353,134,1,199.0,29.85
590,500353,112,1,1499.0,224.85
591,500354,111,1,499.0,74.85
592,500355,112,1,1499.0,0.0
593,500355,136,3,899.0,0.0
594,500355,120,1,699.0,0.0
595,500356,127,1,649.0,97.35
596,500356,119,1,2199.0,329.85
597,500356,130,2,699.0,209.7
598,500357,130,1,699.0,0.0
599,500357,106,1,1499.0,0.0
600,500358,137,2,249.0,74.7
601,500358,112,1,1499.0,224.85
602,500359,118,1,899.0,0.0
603,500360,118,1,899.0,0.0
604,500361,108,1,399.0,59.85
605,500361,120,1,699.0,104.85
606,500362,120,1,699.0,104.85
607,500363,111,1,499.0,74.85
608,500364,114,1,1199.0,0.0
609,500364,120,1,699.0,0.0
610,500364,118,1,899.0,0.0
611,500365,126,1,449.0,0.0
612,500365,112,3,1499.0,0.0
613,500366,138,1,399.0,0.0
614,500367,148,1,699.0,104.85
615,500367,106,2,1499.0,449.7
616,500368,147,1,1299.0,0.0
617,500368,111,1,499.0,0.0
618,500369,145,1,599.0,0.0
619,500369,101,1,1999.0,0.0
620,500369,123,1,3299.0,0.0
621,500369,134,1,199.0,0.0
622,500370,134,1,199.0,0.0
623,500371,147,1,1299.0,0.0
624,500372,127,1,649.0,97.35
625,500373,129,1,549.0,0.0
626,500373,120,1,699.0,0.0
627,500374,136,1,899.0,134.85
628,500375,109,2,3999.0,0.0
629,500376,102,1,3499.0,174.95
630,500376,104,1,4999.0,249.95
631,500376,131,1,299.0,14.95
632,500377,123,1,3299.0,0.0
633,500377,118,1,899.0,0.0
634,500377,134,1,199.0,0.0
635,500378,142,2,799.0,239.7
636,500379,109,1,3999.0,0.0
637,500379,127,1,649.0,0.0
638,500379,114,1,1199.0,0.0
639,500380,131,1,299.0,44.85
640,500380,103,1,2499.0,374.85
641,500381,107,1,1199.0,0.0
642,500381,102,1,3499.0,0.0
643,500381,141,1,249.0,0.0
644,500381,142,2,799.0,0.0
645,500382,113,1,1299.0,194.85
646,500383,120,1,699.0,0.0
647,500384,104,1,4999.0,0.0
648,500384,106,3,1499.0,0.0
649,500385,126,1,449.0,0.0
650,500386,112,1,1499.0,0.0
651,500387,116,2,2499.0,0.0
652,500387,101,1,1999.0,0.0
653,500387,124,1,1099.0,0.0
654,500388,120,1,699.0,0.0
655,500389,144,2,2999.0,0.0
656,500390,144,1,2999.0,449.85
657,500390,113,1,1299.0,194.85
658,500391,113,1,1299.0,0.0
659,500391,138,1,399.0,0.0
660,500392,116,2,2499.0,749.7
661,500393,120,1,699.0,0.0
662,500394,104,1,4999.0,0.0
663,500395,143,2,799.0,0.0
664,500395,130,3,699.0,0.0
665,500396,131,1,299.0,44.85
666,500397,128,1,999.0,0.0
667,500397,112,1,1499.0,0.0
668,500398,118,1,899.0,0.0
669,500398,109,2,3999.0,0.0
670,500398,119,1,2199.0,0.0
671,500399,141,1,249.0,0.0
672,500399,116,1,2499.0,0.0
673,500400,127,1,649.0,0.0
674,500400,145,1,599.0,0.0
675,500400,141,1,249.0,0.0
676,500401,120,1,699.0,0.0
677,500401,103,1,2499.0,0.0
678,500401,131,3,299.0,0.0
679,500401,116,1,2499.0,0.0
680,500402,104,1,4999.0,0.0
681,500403,113,1,1299.0,0.0
682,500403,137,1,249.0,0.0
683,500404,123,1,3299.0,0.0
684,500404,140,1,599.0,0.0
685,500405,130,1,699.0,104.85
686,500405,103,1,2499.0,374.85
687,500406,101,2,1999.0,599.7
688,500406,104,1,4999.0,749.85
689,500407,111,1,499.0,0.0
690,500407,119,1,2199.0,0.0
691,500408,117,1,2999.0,0.0
692,500409,118,1,899.0,134.85
693,500409,111,1,499.0,74.85
694,500410,146,1,4499.0,0.0
695,500410,125,1,1299.0,0.0
696,500410,102,1,3499.0,0.0
697,500411,135,1,1499.0,224.85
698,500412,144,1,2999.0,0.0
699,500412,114,1,1199.0,0.0
700,500413,104,1,4999.0,0.0
701,500413,113,1,1299.0,0.0
702,500413,122,1,1899.0,0.0
703,500414,104,1,4999.0,749.85
704,500414,113,1,1299.0,194.85
705,500415,117,1,2999.0,449.85
706,500416,140,1,599.0,89.85
707,500416,103,1,2499.0,374.85
708,500416,136,1,899.0,134.85
709,500416,127,2,649.0,194.7
710,500417,138,1,399.0,0.0
711,500418,107,1,1199.0,0.0
712,500419,106,1,1499.0,0.0
713,500420,147,1,1299.0,0.0
714,500421,130,1,699.0,104.85
715,500421,107,1,1199.0,179.85
716,500422,127,1,649.0,97.35
717,500422,128,1,999.0,149.85
718,500423,128,1,999.0,0.0
719,500424,104,2,4999.0,0.0
720,500425,132,1,449.0,67.35
721,500426,106,1,1499.0,0.0
722,500426,142,1,799.0,0.0
723,500427,108,1,399.0,0.0
724,500427,111,1,499.0,0.0
725,500428,109,1,3999.0,0.0
726,500429,128,1,999.0,149.85
727,500429,112,1,1499.0,224.85
728,500430,126,1,449.0,67.35
729,500430,114,1,1199.0,179.85
730,500431,144,1,2999.0,0.0
731,500431,140,1,599.0,0.0
732,500432,143,1,799.0,0.0
733,500433,123,1,3299.0,0.0
734,500433,118,1,899.0,0.0
735,500434,130,1,699.0,0.0
736,500434,113,1,1299.0,0.0
737,500434,104,1,4999.0,0.0
738,500435,113,1,1299.0,0.0
739,500435,116,1,2499.0,0.0
740,500436,148,1,699.0,0.0
741,500436,124,2,1099.0,0.0
742,500436,121,1,2799.0,0.0
743,500437,106,2,1499.0,149.9
744,500437,121,1,2799.0,139.95
745,500437,143,1,799.0,39.95
746,500438,142,1,799.0,119.85
747,500439,130,1,699.0,104.85
748,500439,137,1,249.0,37.35
749,500440,130,2,699.0,209.7
750,500441,129,1,549.0,0.0
751,500441,135,1,1499.0,0.0
752,500442,148,1,699.0,0.0
753,500442,116,1,2499.0,0.0
754,500443,129,2,549.0,0.0
755,500444,104,1,4999.0,0.0
756,500444,145,2,599.0,0.0
757,500445,101,1,1999.0,0.0
758,500446,107,1,1199.0,179.85
759,500446,106,1,1499.0,224.85
760,500447,118,1,899.0,0.0
761,500448,130,1,699.0,104.85
762,500448,112,1,1499.0,224.85
763,500448,141,3,249.0,112.05
764,500449,147,1,1299.0,194.85
765,500450,113,2,1299.0,0.0
766,500450,116,1,2499.0,0.0
767,500451,136,1,899.0,0.0
768,500452,112,1,1499.0,0.0
769,500453,109,1,3999.0,199.95
770,500454,118,1,899.0,0.0
771,500455,139,1,349.0,52.35
772,500455,112,2,1499.0,449.7
773,500456,104,1,4999.0,749.85
774,500456,105,1,2299.0,344.85
775,500457,112,1,1499.0,0.0
776,500458,130,1,699.0,34.95
777,500458,133,1,399.0,19.95
778,500458,108,1,399.0,19.95
779,500459,118,1,899.0,0.0
780,500459,102,1,3499.0,0.0
781,500459,140,1,599.0,0.0
782,500459,116,1,2499.0,0.0
783,500460,103,1,2499.0,374.85
784,500461,144,2,2999.0,899.7
785,500461,148,1,699.0,104.85
786,500462,146,3,4499.0,0.0
787,500463,126,1,449.0,67.35
788,500464,135,1,1499.0,0.0
789,500464,113,1,1299.0,0.0
790,500465,137,1,249.0,37.35
791,500465,106,2,1499.0,449.7
792,500466,108,1,399.0,0.0
793,500466,137,1,249.0,0.0
794,500467,134,1,199.0,0.0
795,500467,120,1,699.0,0.0
796,500467,107,3,1199.0,0.0
797,500467,104,1,4999.0,0.0
798,500468,113,1,1299.0,0.0
799,500469,102,1,3499.0,0.0
800,500470,113,1,1299.0,0.0
801,500471,129,2,549.0,164.7
802,500472,103,1,2499.0,0.0
803,500472,135,1,1499.0,0.0
804,500472,116,1,2499.0,0.0
805,500472,129,1,549.0,0.0
806,500473,118,1,899.0,134.85
807,500473,106,1,1499.0,224.85
808,500474,138,1,399.0,0.0
809,500474,131,2,299.0,0.0
810,500475,114,1,1199.0,179.85
811,500476,107,1,1199.0,179.85
812,500477,111,1,499.0,0.0
813,500478,106,1,1499.0,224.85
814,500478,117,1,2999.0,449.85
815,500479,104,1,4999.0,0.0
816,500480,113,1,1299.0,0.0
817,500480,122,1,1899.0,0.0
818,500481,126,1,449.0,67.35
819,500482,108,1,399.0,0.0
820,500483,113,1,1299.0,64.95
821,500484,113,1,1299.0,64.95
822,500485,124,1,1099.0,0.0
823,500486,143,1,799.0,0.0
824,500486,109,1,3999.0,0.0
825,500487,137,1,249.0,0.0
826,500487,106,1,1499.0,0.0
827,500487,112,1,1499.0,0.0
828,500488,105,1,2299.0,0.0
829,500489,138,1,399.0,0.0
830,500490,123,1,3299.0,0.0
831,500490,137,1,249.0,0.0
832,500490,144,1,2999.0,0.0
833,500491,131,1,299.0,44.85
834,500492,131,1,299.0,0.0
835,500492,120,1,699.0,0.0
836,500493,127,1,649.0,0.0
837,500494,106,2,1499.0,0.0
838,500494,116,1,2499.0,0.0
839,500495,108,1,399.0,19.95
840,500496,140,1,599.0,89.85
841,500497,116,1,2499.0,374.85
842,500498,128,1,999.0,149.85
843,500498,121,2,2799.0,839.7
844,500499,130,2,699.0,209.7
845,500500,135,1,1499.0,0.0
846,500500,120,1,699.0,0.0
847,500500,113,1,1299.0,0.0
848,500501,107,1,1199.0,59.95
849,500501,124,1,1099.0,54.95
850,500502,134,1,199.0,0.0
851,500502,126,1,449.0,0.0
852,500502,103,1,2499.0,0.0
853,500503,115,1,3999.0,0.0
854,500504,130,1,699.0,0.0
855,500505,116,1,2499.0,124.95
856,500505,135,1,1499.0,74.95
857,500506,114,1,1199.0,0.0
858,500507,116,1,2499.0,374.85
859,500507,130,1,699.0,104.85
860,500508,112,1,1499.0,0.0
861,500509,140,1,599.0,0.0
862,500510,122,3,1899.0,0.0
863,500511,118,1,899.0,0.0
864,500511,104,1,4999.0,0.0
865,500511,107,1,1199.0,0.0
866,500512,109,1,3999.0,0.0
867,500512,115,2,3999.0,0.0
868,500513,125,1,1299.0,0.0
869,500513,121,1,2799.0,0.0
870,500513,114,1,1199.0,0.0
871,500514,138,1,399.0,0.0
872,500515,121,1,2799.0,0.0
873,500515,125,1,1299.0,0.0
874,500516,147,1,1299.0,0.0
875,500516,124,1,1099.0,0.0
876,500516,117,1,2999.0,0.0
877,500517,140,1,599.0,0.0
878,500518,112,1,1499.0,224.85
879,500519,131,2,299.0,0.0
880,500520,115,2,3999.0,0.0
881,500520,130,1,699.0,0.0
882,500520,117,1,2999.0,0.0
883,500520,106,1,1499.0,0.0
884,500521,101,3,1999.0,899.55
885,500521,106,1,1499.0,224.85
886,500522,119,1,2199.0,0.0
887,500522,105,1,2299.0,0.0
888,500523,117,1,2999.0,149.95
889,500523,112,1,1499.0,74.95
890,500523,127,1,649.0,32.45
891,500524,121,1,2799.0,0.0
892,500525,111,1,499.0,0.0
893,500525,120,1,699.0,0.0
894,500526,120,3,699.0,0.0
895,500527,108,1,399.0,0.0
896,500528,114,1,1199.0,179.85
897,500528,108,1,399.0,59.85
898,500528,107,1,1199.0,179.85
899,500529,128,1,999.0,0.0
900,500530,137,1,249.0,12.45
901,500530,113,1,1299.0,64.95
902,500530,126,3,449.0,67.35
903,500531,143,1,799.0,0.0
904,500532,132,1,449.0,0.0
905,500532,112,1,1499.0,0.0
906,500533,146,1,4499.0,224.95
907,500534,130,1,699.0,0.0
908,500535,105,1,2299.0,0.0
909,500535,137,2,249.0,0.0
910,500536,119,1,2199.0,0.0
911,500536,101,1,1999.0,0.0
912,500537,144,1,2999.0,149.95
913,500537,131,1,299.0,14.95
914,500537,124,2,1099.0,109.9
915,500537,147,1,1299.0,64.95
916,500538,113,2,1299.0,0.0
917,500538,138,1,399.0,0.0
918,500538,134,2,199.0,0.0
919,500539,108,1,399.0,0.0
920,500540,114,1,1199.0,0.0
921,500541,115,1,3999.0,599.85
922,500542,125,1,1299.0,194.85
923,500542,112,1,1499.0,224.85
924,500542,103,1,2499.0,374.85
925,500542,111,3,499.0,224.55
926,500543,115,1,3999.0,599.85
927,500544,117,2,2999.0,299.9
928,500545,129,1,549.0,0.0
929,500546,107,1,1199.0,0.0
930,500547,116,1,2499.0,0.0
931,500548,117,1,2999.0,0.0
932,500548,132,1,449.0,0.0
933,500549,102,1,3499.0,0.0
934,500550,107,1,1199.0,0.0
935,500551,137,1,249.0,0.0
936,500551,111,1,499.0,0.0
937,500552,128,3,999.0,149.85
938,500552,111,2,499.0,49.9
939,500552,104,1,4999.0,249.95
940,500553,123,1,3299.0,0.0
941,500554,114,1,1199.0,0.0
942,500555,137,1,249.0,0.0
943,500556,108,1,399.0,19.95
944,500556,130,1,699.0,34.95
945,500556,113,1,1299.0,64.95
946,500556,132,1,449.0,22.45
947,500557,109,1,3999.0,0.0
948,500557,134,1,199.0,0.0
949,500557,124,1,1099.0,0.0
950,500557,130,1,699.0,0.0
951,500558,112,2,1499.0,0.0
952,500558,129,2,549.0,0.0
953,500559,126,1,449.0,0.0
954,500560,118,1,899.0,0.0
955,500560,143,1,799.0,0.0
956,500560,134,1,199.0,0.0
957,500560,133,1,399.0,0.0
958,500561,114,1,1199.0,0.0
959,500562,128,1,999.0,0.0
960,500563,138,1,399.0,0.0
961,500563,105,1,2299.0,0.0
962,500564,117,2,2999.0,899.7
963,500565,140,1,599.0,0.0
964,500566,139,1,349.0,0.0
965,500567,124,1,1099.0,164.85
966,500568,136,2,899.0,269.7
967,500568,103,1,2499.0,374.85
968,500569,139,1,349.0,0.0
969,500569,112,1,1499.0,0.0
970,500570,116,1,2499.0,374.85
971,500571,147,1,1299.0,0.0
972,500572,114,1,1199.0,0.0
973,500573,107,2,1199.0,0.0
974,500574,123,1,3299.0,0.0
975,500574,103,1,2499.0,0.0
976,500575,133,1,399.0,0.0
977,500576,117,2,2999.0,0.0
978,500576,140,2,599.0,0.0
979,500576,130,1,699.0,0.0
980,500577,116,1,2499.0,0.0
981,500578,116,1,2499.0,0.0
982,500579,112,1,1499.0,224.85
983,500580,115,1,3999.0,0.0
984,500580,103,1,2499.0,0.0
985,500580,111,2,499.0,0.0
986,500581,111,1,499.0,74.85
987,500581,130,1,699.0,104.85
988,500582,131,1,299.0,0.0
989,500583,147,1,1299.0,0.0
990,500584,114,1,1199.0,0.0
991,500585,133,1,399.0,0.0
992,500586,114,1,1199.0,179.85
993,500586,122,1,1899.0,284.85
994,500587,126,1,449.0,0.0
995,500587,111,2,499.0,0.0
996,500588,102,1,3499.0,0.0
997,500589,120,1,699.0,0.0
998,500589,123,1,3299.0,0.0
999,500590,117,1,2999.0,449.85
1000,500591,108,1,399.0,0.0
1001,500591,112,1,1499.0,0.0
1002,500592,113,2,1299.0,389.7
1003,500593,105,1,2299.0,0.0
1004,500594,119,1,2199.0,0.0
1005,500595,118,1,899.0,0.0
1006,500595,122,1,1899.0,0.0
1007,500596,144,2,2999.0,899.7
1008,500596,133,1,399.0,59.85
1009,500597,105,2,2299.0,229.9
1010,500598,111,1,499.0,0.0
1011,500598,102,1,3499.0,0.0
1012,500599,142,1,799.0,0.0
1013,500599,118,1,899.0,0.0
1014,500600,121,1,2799.0,0.0
1015,500600,130,2,699.0,0.0
1016,500600,135,1,1499.0,0.0
1017,500600,114,1,1199.0,0.0
1018,500601,128,2,999.0,0.0
1019,500601,104,1,4999.0,0.0
1020,500602,114,1,1199.0,0.0
1021,500602,106,1,1499.0,0.0
1022,500602,119,1,2199.0,0.0
1023,500603,140,1,599.0,89.85
1024,500603,112,1,1499.0,224.85
1025,500604,130,2,699.0,209.7
1026,500605,134,1,199.0,29.85
1027,500606,117,1,2999.0,0.0
1028,500607,112,1,1499.0,0.0
1029,500607,143,1,799.0,0.0
1030,500608,142,2,799.0,0.0
1031,500609,117,1,2999.0,0.0
1032,500609,130,1,699.0,0.0
1033,500609,126,1,449.0,0.0
1034,500610,101,2,1999.0,199.9
1035,500610,131,2,299.0,29.9
1036,500611,148,1,699.0,104.85
1037,500611,106,2,1499.0,449.7
1038,500611,139,2,349.0,104.7
1039,500612,113,1,1299.0,194.85
1040,500612,112,1,1499.0,224.85
1041,500612,140,1,599.0,89.85
1042,500612,131,1,299.0,44.85
1043,500613,136,1,899.0,0.0
1044,500613,118,1,899.0,0.0
1045,500613,104,1,4999.0,0.0
1046,500614,124,1,1099.0,0.0
1047,500614,131,1,299.0,0.0
1048,500615,117,3,2999.0,0.0
1049,500616,127,1,649.0,0.0
1050,500617,115,3,3999.0,0.0
1051,500618,108,2,399.0,39.9
1052,500619,123,1,3299.0,0.0
1053,500620,116,1,2499.0,374.85
1054,500621,124,3,1099.0,0.0
1055,500622,127,1,649.0,0.0
1056,500623,137,1,249.0,37.35
1057,500624,128,2,999.0,299.7
1058,500625,104,1,4999.0,749.85
1059,500626,113,2,1299.0,0.0
1060,500627,111,1,499.0,0.0
1061,500628,123,1,3299.0,0.0
1062,500628,113,1,1299.0,0.0
1063,500629,110,1,799.0,0.0
1064,500629,131,1,299.0,0.0
1065,500630,111,1,499.0,24.95
1066,500630,118,1,899.0,44.95
1067,500631,124,3,1099.0,494.55
1068,500632,145,1,599.0,0.0
1069,500633,111,2,499.0,149.7
1070,500634,107,1,1199.0,0.0
1071,500635,148,2,699.0,0.0
1072,500636,120,2,699.0,209.7
1073,500637,123,1,3299.0,0.0
1074,500638,110,1,799.0,0.0
1075,500639,140,1,599.0,0.0
1076,500639,120,1,699.0,0.0
1077,500640,124,1,1099.0,164.85
1078,500641,107,1,1199.0,59.95
1079,500642,120,1,699.0,0.0
1080,500643,117,1,2999.0,0.0
1081,500644,111,1,499.0,74.85
1082,500644,125,1,1299.0,194.85
1083,500644,112,1,1499.0,224.85
1084,500645,133,1,399.0,0.0
1085,500646,147,1,1299.0,0.0
1086,500646,106,1,1499.0,0.0
1087,500646,123,1,3299.0,0.0
1088,500646,140,3,599.0,0.0
1089,500647,114,1,1199.0,179.85
1090,500648,147,1,1299.0,194.85
1091,500648,107,1,1199.0,179.85
1092,500649,123,3,3299.0,1484.55
1093,500650,116,1,2499.0,0.0
1094,500651,135,1,1499.0,0.0
1095,500652,132,1,449.0,67.35
1096,500653,130,1,699.0,104.85
1097,500654,113,1,1299.0,194.85
1098,500654,124,1,1099.0,164.85
1099,500655,111,1,499.0,74.85
1100,500655,130,1,699.0,104.85
1101,500656,130,1,699.0,104.85
1102,500657,113,3,1299.0,0.0
1103,500658,107,1,1199.0,0.0
1104,500658,109,1,3999.0,0.0
1105,500659,107,1,1199.0,0.0
1106,500660,145,2,599.0,0.0
1107,500660,115,1,3999.0,0.0
1108,500661,109,1,3999.0,199.95
1109,500662,133,1,399.0,59.85
1110,500663,132,3,449.0,0.0
1111,500663,108,1,399.0,0.0
1112,500663,118,1,899.0,0.0
1113,500664,146,1,4499.0,0.0
1114,500665,115,1,3999.0,599.85
1115,500665,148,1,699.0,104.85
1116,500666,128,1,999.0,149.85
1117,500667,126,2,449.0,0.0
1118,500667,102,1,3499.0,0.0
1119,500667,105,1,2299.0,0.0
1120,500667,139,1,349.0,0.0
1121,500668,137,1,249.0,37.35
1122,500668,101,1,1999.0,299.85
1123,500669,117,1,2999.0,149.95
1124,500670,109,1,3999.0,0.0
1125,500670,116,1,2499.0,0.0
1126,500671,115,1,3999.0,0.0
1127,500671,137,1,249.0,0.0
1128,500671,142,1,799.0,0.0
1129,500672,109,2,3999.0,0.0
1130,500673,110,1,799.0,119.85
1131,500674,114,1,1199.0,0.0
1132,500675,111,1,499.0,0.0
1133,500676,134,1,199.0,0.0
1134,500677,117,1,2999.0,449.85
1135,500677,143,1,799.0,119.85
1136,500678,106,1,1499.0,0.0
1137,500679,125,1,1299.0,64.95
1138,500680,124,1,1099.0,0.0
1139,500680,127,1,649.0,0.0
1140,500680,120,1,699.0,0.0
1141,500680,121,3,2799.0,0.0
1142,500681,131,1,299.0,0.0
1143,500682,108,1,399.0,0.0
1144,500683,111,1,499.0,0.0
1145,500684,108,1,399.0,0.0
1146,500685,116,1,2499.0,374.85
1147,500686,136,1,899.0,134.85
1148,500686,114,1,1199.0,179.85
1149,500686,102,1,3499.0,524.85
1150,500686,120,1,699.0,104.85
1151,500687,116,2,2499.0,0.0
1152,500688,141,1,249.0,0.0
1153,500689,141,1,249.0,0.0
1154,500690,123,1,3299.0,0.0
1155,500691,111,1,499.0,0.0
1156,500692,106,1,1499.0,74.95
1157,500693,107,2,1199.0,0.0
1158,500693,136,1,899.0,0.0
1159,500694,118,2,899.0,89.9
1160,500694,132,1,449.0,22.45
1161,500695,138,2,399.0,0.0
1162,500695,113,2,1299.0,0.0
1163,500695,102,1,3499.0,0.0
1164,500696,120,1,699.0,0.0
1165,500696,111,1,499.0,0.0
1166,500696,117,1,2999.0,0.0
1167,500697,108,1,399.0,0.0
1168,500698,114,1,1199.0,179.85
1169,500698,135,1,1499.0,224.85
1170,500698,108,1,399.0,59.85
1171,500699,135,1,1499.0,0.0
1172,500700,135,1,1499.0,0.0
1173,500700,111,3,499.0,0.0
1174,500701,147,1,1299.0,0.0
1175,500701,137,3,249.0,0.0
1176,500702,147,1,1299.0,0.0
1177,500702,118,1,899.0,0.0
1178,500702,122,1,1899.0,0.0
1179,500702,123,1,3299.0,0.0
1180,500703,126,1,449.0,0.0
1181,500703,117,1,2999.0,0.0
1182,500704,115,2,3999.0,0.0
1183,500705,101,1,1999.0,0.0
1184,500706,104,1,4999.0,749.85
1185,500707,116,1,2499.0,0.0
1186,500708,116,1,2499.0,374.85
1187,500709,124,2,1099.0,0.0
1188,500710,101,1,1999.0,0.0
1189,500711,102,1,3499.0,0.0
1190,500711,103,1,2499.0,0.0
1191,500712,115,1,3999.0,0.0
1192,500713,125,2,1299.0,389.7
1193,500714,126,2,449.0,134.7
1194,500715,114,1,1199.0,179.85
1195,500716,128,1,999.0,0.0
1196,500716,114,1,1199.0,0.0
1197,500717,146,1,4499.0,0.0
1198,500718,131,1,299.0,0.0
1199,500719,107,1,1199.0,0.0
1200,500720,126,1,449.0,67.35
1201,500720,112,1,1499.0,224.85
1202,500720,110,1,799.0,119.85
1203,500721,106,1,1499.0,0.0
1204,500722,117,1,2999.0,0.0
1205,500722,122,2,1899.0,0.0
1206,500723,117,1,2999.0,449.85
1207,500724,117,1,2999.0,0.0
1208,500724,141,1,249.0,0.0
1209,500724,137,1,249.0,0.0
1210,500725,141,2,249.0,74.7
1211,500726,116,1,2499.0,374.85
1212,500727,116,1,2499.0,0.0
1213,500728,129,1,549.0,0.0
1214,500728,123,1,3299.0,0.0
1215,500729,129,1,549.0,0.0
1216,500730,137,1,249.0,37.35
1217,500730,117,1,2999.0,449.85
1218,500730,141,1,249.0,37.35
1219,500731,103,1,2499.0,0.0
1220,500732,111,1,499.0,24.95
1221,500732,126,1,449.0,22.45
1222,500732,106,1,1499.0,74.95
1223,500732,115,1,3999.0,199.95
1224,500733,113,1,1299.0,0.0
1225,500734,127,1,649.0,97.35
1226,500735,121,1,2799.0,0.0
1227,500736,108,1,399.0,0.0
1228,500736,121,1,2799.0,0.0
1229,500737,117,1,2999.0,0.0
1230,500738,145,2,599.0,59.9
1231,500738,109,1,3999.0,199.95
1232,500739,146,1,4499.0,674.85
1233,500739,112,1,1499.0,224.85
1234,500739,129,2,549.0,164.7
1235,500740,141,1,249.0,0.0
1236,500740,111,2,499.0,0.0
1237,500740,139,1,349.0,0.0
1238,500741,127,1,649.0,32.45
1239,500741,104,1,4999.0,249.95
1240,500742,132,1,449.0,0.0
1241,500743,141,1,249.0,0.0
1242,500743,145,2,599.0,0.0
1243,500744,143,2,799.0,0.0
1244,500745,133,1,399.0,59.85
1245,500746,133,1,399.0,0.0
1246,500746,130,1,699.0,0.0
1247,500746,123,1,3299.0,0.0
1248,500746,134,1,199.0,0.0
1249,500747,114,1,1199.0,0.0
1250,500748,106,1,1499.0,0.0
1251,500748,139,1,349.0,0.0
1252,500748,125,1,1299.0,0.0
1253,500748,145,1,599.0,0.0
1254,500749,114,1,1199.0,179.85
1255,500749,102,2,3499.0,1049.7
1256,500750,126,1,449.0,0.0
1257,500751,123,2,3299.0,0.0
1258,500751,137,2,249.0,0.0
1259,500752,135,1,1499.0,224.85
1260,500753,107,1,1199.0,0.0
1261,500753,118,1,899.0,0.0
1262,500753,136,1,899.0,0.0
1263,500754,131,1,299.0,0.0
1264,500755,122,2,1899.0,0.0
1265,500756,146,1,4499.0,674.85
1266,500757,113,1,1299.0,194.85
1267,500758,104,1,4999.0,749.85
1268,500758,123,1,3299.0,494.85
1269,500759,141,1,249.0,0.0
1270,500759,112,2,1499.0,0.0
1271,500760,130,1,699.0,0.0
1272,500760,111,1,499.0,0.0
1273,500761,138,1,399.0,59.85
1274,500761,105,2,2299.0,689.7
1275,500761,125,1,1299.0,194.85
1276,500761,118,1,899.0,134.85
1277,500762,135,1,1499.0,224.85
1278,500763,103,2,2499.0,0.0
1279,500763,108,1,399.0,0.0
1280,500763,135,2,1499.0,0.0
1281,500764,118,2,899.0,0.0
1282,500765,111,1,499.0,0.0
1283,500765,102,2,3499.0,0.0
1284,500766,130,1,699.0,0.0
1285,500767,113,2,1299.0,0.0
1286,500768,120,1,699.0,0.0
1287,500768,143,2,799.0,0.0
1288,500769,108,2,399.0,119.7
1289,500770,113,1,1299.0,64.95
1290,500771,124,1,1099.0,0.0
1291,500771,117,1,2999.0,0.0
1292,500771,137,1,249.0,0.0
1293,500772,127,1,649.0,97.35
1294,500772,124,1,1099.0,164.85
1295,500773,128,1,999.0,0.0
1296,500773,120,1,699.0,0.0
1297,500773,116,1,2499.0,0.0
1298,500774,135,3,1499.0,0.0
1299,500775,116,1,2499.0,0.0
1300,500775,101,3,1999.0,0.0
1301,500775,126,1,449.0,0.0
1302,500776,139,1,349.0,0.0
1303,500777,137,1,249.0,37.35
1304,500778,107,2,1199.0,0.0
1305,500779,140,1,599.0,0.0
1306,500780,110,1,799.0,0.0
1307,500780,144,1,2999.0,0.0
1308,500780,133,1,399.0,0.0
1309,500781,106,1,1499.0,224.85
1310,500781,119,1,2199.0,329.85
1311,500781,115,1,3999.0,599.85
1312,500782,113,1,1299.0,64.95
1313,500783,121,1,2799.0,0.0
1314,500783,124,1,1099.0,0.0
1315,500784,148,1,699.0,104.85
1316,500785,143,1,799.0,0.0
1317,500786,133,1,399.0,19.95
1318,500787,106,1,1499.0,0.0
1319,500787,111,1,499.0,0.0
1320,500788,105,1,2299.0,344.85
1321,500789,130,1,699.0,0.0
1322,500790,134,2,199.0,0.0
1323,500791,132,2,449.0,0.0
1324,500791,113,1,1299.0,0.0
1325,500792,116,1,2499.0,124.95
1326,500793,111,1,499.0,0.0
1327,500794,119,2,2199.0,0.0
1328,500794,130,1,699.0,0.0
1329,500795,130,1,699.0,104.85
1330,500796,130,1,699.0,0.0
1331,500797,137,1,249.0,0.0
1332,500798,107,1,1199.0,0.0
1333,500798,103,1,2499.0,0.0
1334,500799,102,1,3499.0,0.0
1335,500800,128,1,999.0,149.85
1336,500800,133,2,399.0,119.7
1337,500800,103,1,2499.0,374.85
1338,500800,126,1,449.0,67.35
1339,500801,113,1,1299.0,0.0
1340,500802,116,1,2499.0,0.0
1341,500803,148,1,699.0,0.0
1342,500804,147,1,1299.0,0.0
1343,500804,117,1,2999.0,0.0
1344,500805,116,1,2499.0,0.0
1345,500806,144,1,2999.0,449.85
1346,500807,129,1,549.0,0.0
1347,500808,122,1,1899.0,284.85
1348,500809,116,1,2499.0,0.0
1349,500810,103,1,2499.0,0.0
1350,500810,114,1,1199.0,0.0
1351,500810,113,1,1299.0,0.0
1352,500811,106,1,1499.0,0.0
1353,500812,140,1,599.0,0.0
1354,500813,135,1,1499.0,224.85
1355,500813,131,1,299.0,44.85
1356,500813,145,1,599.0,89.85
1357,500814,105,1,2299.0,0.0
1358,500815,132,1,449.0,67.35
1359,500815,111,1,499.0,74.85
1360,500816,123,1,3299.0,0.0
1361,500816,126,3,449.0,0.0
1362,500816,125,1,1299.0,0.0
1363,500817,123,1,3299.0,0.0
1364,500818,111,2,499.0,0.0
1365,500818,123,1,3299.0,0.0
1366,500819,103,2,2499.0,0.0
1367,500820,104,2,4999.0,0.0
1368,500820,101,1,1999.0,0.0
1369,500821,144,1,2999.0,0.0
1370,500822,125,1,1299.0,0.0
1371,500822,134,1,199.0,0.0
1372,500823,128,1,999.0,0.0
1373,500824,135,1,1499.0,224.85
1374,500824,130,1,699.0,104.85
1375,500825,105,1,2299.0,344.85
1376,500826,106,1,1499.0,0.0
1377,500827,134,1,199.0,29.85
1378,500827,111,1,499.0,74.85
1379,500828,104,1,4999.0,749.85
1380,500828,134,2,199.0,59.7
1381,500828,109,1,3999.0,599.85
1382,500828,108,3,399.0,179.55
1383,500829,131,1,299.0,44.85
1384,500829,106,1,1499.0,224.85
1385,500830,118,1,899.0,0.0
1386,500830,103,1,2499.0,0.0
1387,500831,111,1,499.0,74.85
1388,500832,109,1,3999.0,0.0
1389,500832,115,1,3999.0,0.0
1390,500833,103,1,2499.0,0.0
1391,500834,109,1,3999.0,199.95
1392,500834,113,1,1299.0,64.95
1393,500835,137,1,249.0,0.0
1394,500836,111,1,499.0,74.85
1395,500837,106,1,1499.0,0.0
1396,500838,133,1,399.0,0.0
1397,500839,117,2,2999.0,0.0
1398,500839,136,2,899.0,0.0
1399,500840,107,1,1199.0,179.85
1400,500841,101,1,1999.0,0.0
1401,500842,111,2,499.0,0.0
1402,500843,126,1,449.0,67.35
1403,500843,115,1,3999.0,599.85
1404,500843,103,1,2499.0,374.85
1405,500844,106,1,1499.0,0.0
1406,500845,115,1,3999.0,599.85
1407,500846,110,2,799.0,239.7
1408,500847,113,1,1299.0,0.0
1409,500847,135,1,1499.0,0.0
1410,500847,134,1,199.0,0.0
1411,500848,126,1,449.0,67.35
1412,500849,110,2,799.0,239.7
1413,500850,113,1,1299.0,194.85
1414,500851,109,1,3999.0,199.95
1415,500852,113,3,1299.0,584.55
1416,500852,108,1,399.0,59.85
1417,500852,134,1,199.0,29.85
1418,500853,142,1,799.0,0.0
1419,500854,115,3,3999.0,1799.55
1420,500855,104,1,4999.0,749.85
1421,500856,122,1,1899.0,284.85
1422,500857,110,1,799.0,0.0
1423,500857,131,3,299.0,0.0
1424,500858,104,1,4999.0,0.0
1425,500859,107,1,1199.0,0.0
1426,500859,117,1,2999.0,0.0
1427,500860,148,1,699.0,104.85
1428,500861,101,1,1999.0,299.85
1429,500862,112,1,1499.0,224.85
1430,500863,118,1,899.0,0.0
1431,500864,114,2,1199.0,0.0
1432,500865,117,1,2999.0,0.0
1433,500866,126,2,449.0,0.0
1434,500867,108,1,399.0,0.0
1435,500867,145,1,599.0,0.0
1436,500868,133,2,399.0,0.0
1437,500869,101,3,1999.0,899.55
1438,500870,125,3,1299.0,584.55
1439,500870,122,1,1899.0,284.85
1440,500871,134,1,199.0,0.0
1441,500872,130,2,699.0,0.0
1442,500872,116,1,2499.0,0.0
1443,500873,107,1,1199.0,0.0
1444,500874,103,1,2499.0,0.0
1445,500874,107,1,1199.0,0.0
1446,500875,113,1,1299.0,194.85
1447,500875,117,1,2999.0,449.85
1448,500876,121,3,2799.0,1259.55
1449,500876,101,1,1999.0,299.85
1450,500877,103,1,2499.0,374.85
1451,500878,106,1,1499.0,224.85
1452,500878,118,1,899.0,134.85
1453,500878,139,3,349.0,157.05
1454,500879,136,2,899.0,0.0
1455,500880,113,2,1299.0,129.9
1456,500881,105,1,2299.0,0.0
1457,500882,145,2,599.0,0.0
1458,500882,116,1,2499.0,0.0
1459,500883,113,2,1299.0,0.0
1460,500884,106,1,1499.0,224.85
1461,500884,134,1,199.0,29.85
1462,500884,140,1,599.0,89.85
1463,500885,142,1,799.0,119.85
1464,500885,136,1,899.0,134.85
1465,500886,117,1,2999.0,0.0
1466,500886,106,1,1499.0,0.0
1467,500887,117,1,2999.0,0.0
1468,500887,131,1,299.0,0.0
1469,500888,104,1,4999.0,749.85
1470,500888,112,1,1499.0,224.85
1471,500889,126,1,449.0,67.35
1472,500890,103,1,2499.0,374.85
1473,500891,110,1,799.0,119.85
1474,500891,113,1,1299.0,194.85
1475,500891,114,1,1199.0,179.85
1476,500892,134,3,199.0,0.0
1477,500892,104,1,4999.0,0.0
1478,500893,141,1,249.0,37.35
1479,500893,126,2,449.0,134.7
1480,500894,112,1,1499.0,224.85
1481,500894,125,1,1299.0,194.85
1482,500894,120,1,699.0,104.85
1483,500895,102,1,3499.0,524.85
1484,500896,128,1,999.0,0.0
1485,500897,146,1,4499.0,0.0
1486,500898,137,1,249.0,37.35
1487,500898,106,2,1499.0,449.7
1488,500899,112,1,1499.0,0.0
1489,500900,123,2,3299.0,989.7
1490,500901,141,1,249.0,37.35
1491,500902,134,1,199.0,29.85
1492,500902,101,1,1999.0,299.85
1493,500903,124,1,1099.0,0.0
1494,500904,124,1,1099.0,164.85
1495,500905,148,1,699.0,0.0
1496,500905,115,1,3999.0,0.0
1497,500906,121,1,2799.0,419.85
1498,500907,105,1,2299.0,344.85
1499,500908,131,1,299.0,44.85
1500,500909,147,2,1299.0,0.0
1501,500909,131,2,299.0,0.0
1502,500910,105,1,2299.0,344.85
1503,500910,121,1,2799.0,419.85
1504,500911,111,1,499.0,0.0
1505,500912,101,1,1999.0,0.0
1506,500912,119,1,2199.0,0.0
1507,500913,114,1,1199.0,179.85
1508,500914,137,1,249.0,0.0
1509,500915,145,2,599.0,0.0
1510,500916,135,1,1499.0,0.0
1511,500916,137,2,249.0,0.0
1512,500916,123,1,3299.0,0.0
1513,500917,111,1,499.0,74.85
1514,500917,131,1,299.0,44.85
1515,500917,122,1,1899.0,284.85
1516,500918,138,1,399.0,0.0
1517,500919,104,1,4999.0,0.0
1518,500919,118,1,899.0,0.0
1519,500920,106,1,1499.0,0.0
1520,500920,102,1,3499.0,0.0
1521,500920,112,1,1499.0,0.0
1522,500921,118,1,899.0,0.0
1523,500921,112,1,1499.0,0.0
1524,500922,116,1,2499.0,374.85
1525,500922,118,1,899.0,134.85
1526,500923,134,1,199.0,0.0
1527,500924,121,1,2799.0,0.0
1528,500925,130,2,699.0,0.0
1529,500926,131,1,299.0,0.0
1530,500927,134,1,199.0,29.85
1531,500928,119,2,2199.0,0.0
1532,500929,131,1,299.0,0.0
1533,500929,107,1,1199.0,0.0
1534,500929,121,1,2799.0,0.0
1535,500930,126,1,449.0,67.35
1536,500931,105,1,2299.0,0.0
1537,500932,125,2,1299.0,389.7
1538,500932,118,1,899.0,134.85
1539,500933,102,1,3499.0,524.85
1540,500933,107,1,1199.0,179.85
1541,500933,146,1,4499.0,674.85
1542,500934,132,1,449.0,67.35
1543,500935,116,2,2499.0,0.0
1544,500935,120,1,699.0,0.0
1545,500936,127,1,649.0,97.35
1546,500937,113,1,1299.0,194.85
1547,500937,128,1,999.0,149.85
1548,500937,117,1,2999.0,449.85
1549,500937,104,2,4999.0,1499.7
1550,500938,112,1,1499.0,0.0
1551,500938,120,1,699.0,0.0
1552,500938,147,1,1299.0,0.0
1553,500938,125,1,1299.0,0.0
1554,500939,120,1,699.0,0.0
1555,500939,112,3,1499.0,0.0
1556,500940,130,1,699.0,0.0
1557,500940,114,2,1199.0,0.0
1558,500940,117,1,2999.0,0.0
1559,500941,117,1,2999.0,0.0
1560,500942,107,1,1199.0,0.0
1561,500943,128,1,999.0,0.0
1562,500943,113,1,1299.0,0.0
1563,500943,103,2,2499.0,0.0
1564,500944,144,1,2999.0,0.0
1565,500944,114,1,1199.0,0.0
1566,500944,139,3,349.0,0.0
1567,500944,120,2,699.0,0.0
1568,500945,120,1,699.0,0.0
1569,500946,142,1,799.0,119.85
1570,500946,108,1,399.0,59.85
1571,500946,127,1,649.0,97.35
1572,500946,133,1,399.0,59.85
1573,500947,138,1,399.0,0.0
1574,500947,112,1,1499.0,0.0
1575,500947,123,1,3299.0,0.0
1576,500948,104,1,4999.0,0.0
1577,500949,124,2,1099.0,329.7
1578,500950,141,1,249.0,0.0
1579,500950,103,1,2499.0,0.0
1580,500951,137,2,249.0,74.7
1581,500952,125,1,1299.0,0.0
1582,500953,111,1,499.0,0.0
1583,500953,116,1,2499.0,0.0
1584,500954,123,3,3299.0,1484.55
1585,500955,103,1,2499.0,0.0
1586,500956,109,1,3999.0,0.0
1587,500957,121,1,2799.0,0.0
1588,500957,117,1,2999.0,0.0
1589,500958,132,1,449.0,0.0
1590,500958,139,1,349.0,0.0
1591,500958,122,1,1899.0,0.0
1592,500958,131,2,299.0,0.0
1593,500959,111,1,499.0,0.0
1594,500959,118,1,899.0,0.0
1595,500959,120,1,699.0,0.0
1596,500960,116,1,2499.0,0.0
1597,500960,108,1,399.0,0.0
1598,500961,116,1,2499.0,0.0
1599,500961,126,1,449.0,0.0
1600,500961,107,2,1199.0,0.0
1601,500961,130,1,699.0,0.0
1602,500962,114,1,1199.0,0.0
1603,500963,117,2,2999.0,0.0
1604,500964,135,1,1499.0,0.0
1605,500965,122,1,1899.0,0.0
1606,500965,141,1,249.0,0.0
1607,500966,138,1,399.0,0.0
1608,500967,143,1,799.0,0.0
1609,500967,131,1,299.0,0.0
1610,500968,119,1,2199.0,109.95
1611,500968,107,1,1199.0,59.95
1612,500969,130,1,699.0,0.0
1613,500970,122,1,1899.0,284.85
1614,500970,133,1,399.0,59.85
1615,500971,124,1,1099.0,0.0
1616,500971,107,1,1199.0,0.0
1617,500971,103,1,2499.0,0.0
1618,500971,148,2,699.0,0.0
1619,500972,116,1,2499.0,0.0
1620,500973,148,1,699.0,0.0
1621,500974,119,1,2199.0,329.85
1622,500974,124,1,1099.0,164.85
1623,500975,103,1,2499.0,0.0
1624,500975,147,1,1299.0,0.0
1625,500975,118,3,899.0,0.0
1626,500976,122,1,1899.0,0.0
1627,500976,103,1,2499.0,0.0
1628,500977,123,3,3299.0,0.0
1629,500977,131,1,299.0,0.0
1630,500978,117,1,2999.0,449.85
1631,500979,120,3,699.0,314.55
1632,500980,111,1,499.0,0.0
1633,500981,126,2,449.0,0.0
1634,500981,133,1,399.0,0.0
1635,500982,117,1,2999.0,449.85
1636,500982,111,2,499.0,149.7
1637,500983,112,1,1499.0,0.0
1638,500984,130,1,699.0,0.0
1639,500985,105,2,2299.0,0.0
1640,500986,122,1,1899.0,0.0
1641,500987,104,1,4999.0,749.85
1642,500988,141,1,249.0,37.35
1643,500989,135,1,1499.0,0.0
1644,500990,143,2,799.0,0.0
1645,500991,138,1,399.0,0.0
1646,500992,116,1,2499.0,0.0
1647,500993,134,1,199.0,0.0
1648,500994,117,1,2999.0,0.0
1649,500994,137,1,249.0,0.0
1650,500995,101,1,1999.0,0.0
1651,500995,110,1,799.0,0.0
1652,500996,136,1,899.0,134.85
1653,500997,120,2,699.0,209.7
1654,500998,110,1,799.0,119.85
1655,500998,116,1,2499.0,374.85
1656,500999,123,1,3299.0,0.0
1657,501000,133,1,399.0,59.85
1658,501001,120,1,699.0,0.0
1659,501002,127,3,649.0,0.0
1660,501003,107,1,1199.0,0.0
1661,501004,123,1,3299.0,0.0
1662,501005,101,1,1999.0,0.0
1663,501006,124,1,1099.0,0.0
1664,501006,130,1,699.0,0.0
1665,501007,133,1,399.0,0.0
1666,501008,119,1,2199.0,0.0
1667,501009,130,3,699.0,104.85
1668,501010,109,2,3999.0,0.0
1669,501010,132,2,449.0,0.0
1670,501010,120,1,699.0,0.0
1671,501010,121,1,2799.0,0.0
1672,501011,120,1,699.0,0.0
1673,501011,123,1,3299.0,0.0
1674,501012,125,1,1299.0,0.0
1675,501013,131,1,299.0,0.0
1676,501014,131,1,299.0,44.85
1677,501015,101,1,1999.0,0.0
1678,501016,111,1,499.0,74.85
1679,501017,120,1,699.0,0.0
1680,501018,115,1,3999.0,599.85
1681,501018,134,2,199.0,59.7
1682,501019,108,3,399.0,0.0
1683,501019,107,1,1199.0,0.0
1684,501019,131,1,299.0,0.0
1685,501020,137,2,249.0,74.7
1686,501020,104,1,4999.0,749.85
1687,501020,115,1,3999.0,599.85
1688,501021,114,1,1199.0,0.0
1689,501022,106,2,1499.0,0.0
1690,501023,116,1,2499.0,0.0
1691,501024,120,1,699.0,104.85
1692,501025,107,1,1199.0,0.0
1693,501026,114,1,1199.0,0.0
1694,501027,102,1,3499.0,0.0
1695,501028,102,1,3499.0,0.0
1696,501028,134,1,199.0,0.0
1697,501028,124,1,1099.0,0.0
1698,501029,111,2,499.0,149.7
1699,501029,109,1,3999.0,599.85
1700,501030,132,1,449.0,0.0
1701,501030,147,1,1299.0,0.0
1702,501030,106,3,1499.0,0.0
1703,501030,116,1,2499.0,0.0
1704,501031,121,3,2799.0,1259.55
1705,501032,114,1,1199.0,0.0
1706,501033,101,1,1999.0,0.0
1707,501034,141,1,249.0,0.0
1708,501035,122,1,1899.0,0.0
1709,501035,133,2,399.0,0.0
1710,501036,133,1,399.0,59.85
1711,501037,130,1,699.0,0.0
1712,501038,106,1,1499.0,0.0
1713,501039,104,1,4999.0,749.85
1714,501039,135,1,1499.0,224.85
1715,501039,125,1,1299.0,194.85
1716,501040,138,1,399.0,0.0
1717,501040,117,2,2999.0,0.0
1718,501041,125,1,1299.0,0.0
1719,501042,104,1,4999.0,0.0
1720,501043,113,1,1299.0,0.0
1721,501043,108,1,399.0,0.0
1722,501043,144,2,2999.0,0.0
1723,501043,126,1,449.0,0.0
1724,501044,145,1,599.0,0.0
1725,501044,120,1,699.0,0.0
1726,501045,103,1,2499.0,374.85
1727,501046,115,1,3999.0,0.0
1728,501047,113,1,1299.0,0.0
1729,501048,122,1,1899.0,284.85
1730,501049,111,1,499.0,0.0
1731,501050,121,1,2799.0,0.0
1732,501051,130,1,699.0,0.0
1733,501052,115,1,3999.0,0.0
1734,501052,139,1,349.0,0.0
1735,501052,128,1,999.0,0.0
1736,501053,107,1,1199.0,59.95
1737,501053,126,1,449.0,22.45
1738,501053,120,1,699.0,34.95
1739,501054,113,1,1299.0,0.0
1740,501054,138,1,399.0,0.0
1741,501054,116,1,2499.0,0.0
1742,501055,140,1,599.0,0.0
1743,501055,125,1,1299.0,0.0
1744,501056,120,1,699.0,0.0
1745,501056,146,1,4499.0,0.0
1746,501057,123,1,3299.0,0.0
1747,501057,144,1,2999.0,0.0
1748,501058,118,1,899.0,0.0
1749,501059,117,2,2999.0,0.0
1750,501060,127,1,649.0,97.35
1751,501061,126,1,449.0,67.35
1752,501062,113,2,1299.0,389.7
1753,501063,137,2,249.0,0.0
1754,501063,124,1,1099.0,0.0
1755,501063,122,1,1899.0,0.0
1756,501064,148,1,699.0,0.0
1757,501064,113,1,1299.0,0.0
1758,501065,133,3,399.0,179.55
1759,501066,123,1,3299.0,0.0
1760,501066,133,1,399.0,0.0
1761,501067,130,1,699.0,0.0
1762,501068,136,1,899.0,0.0
1763,501068,112,3,1499.0,0.0
1764,501069,106,2,1499.0,0.0
1765,501070,122,1,1899.0,0.0
1766,501070,127,3,649.0,0.0
1767,501071,127,1,649.0,0.0
1768,501071,115,1,3999.0,0.0
1769,501071,111,1,499.0,0.0
1770,501072,114,2,1199.0,359.7
1771,501072,143,1,799.0,119.85
1772,501073,117,1,2999.0,449.85
1773,501074,107,1,1199.0,0.0
1774,501074,135,1,1499.0,0.0
1775,501075,117,1,2999.0,0.0
1776,501076,107,1,1199.0,0.0
1777,501077,123,1,3299.0,0.0
1778,501077,112,1,1499.0,0.0
1779,501077,111,1,499.0,0.0
1780,501078,142,2,799.0,0.0
1781,501079,126,1,449.0,67.35
1782,501079,101,3,1999.0,899.55
1783,501080,127,1,649.0,32.45
1784,501080,137,2,249.0,24.9
1785,501080,117,1,2999.0,149.95
1786,501081,118,1,899.0,0.0
1787,501081,120,1,699.0,0.0
1788,501081,112,1,1499.0,0.0
1789,501081,146,1,4499.0,0.0
1790,501082,137,1,249.0,0.0
1791,501083,143,1,799.0,39.95
1792,501084,108,3,399.0,0.0
1793,501085,130,1,699.0,0.0
1794,501086,107,1,1199.0,0.0
1795,501087,125,1,1299.0,194.85
1796,501087,126,1,449.0,67.35
1797,501088,105,1,2299.0,0.0
1798,501089,145,1,599.0,0.0
1799,501090,118,2,899.0,0.0
1800,501091,138,1,399.0,0.0
1801,501091,143,2,799.0,0.0
1802,501092,117,3,2999.0,449.85
1803,501093,101,1,1999.0,299.85
1804,501094,123,1,3299.0,0.0
1805,501095,122,1,1899.0,0.0
1806,501095,115,1,3999.0,0.0
1807,501095,102,1,3499.0,0.0
1808,501096,119,1,2199.0,0.0
1809,501096,102,1,3499.0,0.0
1810,501097,109,1,3999.0,0.0
1811,501098,130,1,699.0,0.0
1812,501099,125,1,1299.0,0.0
1813,501099,108,3,399.0,0.0
1814,501099,104,3,4999.0,0.0
1815,501099,110,1,799.0,0.0
1816,501100,101,1,1999.0,299.85
1817,501101,105,1,2299.0,0.0
1818,501101,141,1,249.0,0.0
1819,501102,141,2,249.0,74.7
1820,501102,109,1,3999.0,599.85
1821,501103,118,1,899.0,0.0
1822,501104,138,1,399.0,0.0
1823,501105,127,1,649.0,0.0
1824,501106,128,1,999.0,149.85
1825,501107,137,1,249.0,0.0
1826,501107,125,1,1299.0,0.0
1827,501108,124,2,1099.0,0.0
1828,501109,102,1,3499.0,0.0
1829,501109,113,1,1299.0,0.0
1830,501110,117,1,2999.0,0.0
1831,501110,133,2,399.0,0.0
1832,501110,126,1,449.0,0.0
1833,501111,102,2,3499.0,0.0
1834,501112,118,1,899.0,44.95
1835,501112,139,1,349.0,17.45
1836,501113,117,2,2999.0,0.0
1837,501113,137,2,249.0,0.0
1838,501114,143,1,799.0,0.0
1839,501114,114,1,1199.0,0.0
1840,501114,107,1,1199.0,0.0
1841,501115,111,1,499.0,74.85
1842,501115,116,1,2499.0,374.85
1843,501115,115,2,3999.0,1199.7
1844,501116,112,2,1499.0,0.0
1845,501117,111,1,499.0,0.0
1846,501118,117,3,2999.0,0.0
1847,501119,111,1,499.0,0.0
1848,501120,137,1,249.0,0.0
1849,501120,112,2,1499.0,0.0
1850,501120,123,1,3299.0,0.0
1851,501121,140,3,599.0,269.55
1852,501121,129,1,549.0,82.35
1853,501121,134,1,199.0,29.85
1854,501122,125,3,1299.0,584.55
1855,501123,135,1,1499.0,224.85
1856,501124,109,1,3999.0,0.0
1857,501125,131,1,299.0,0.0
1858,501126,142,1,799.0,0.0
1859,501127,135,1,1499.0,224.85
1860,501127,104,2,4999.0,1499.7
1861,501128,112,1,1499.0,0.0
1862,501128,132,1,449.0,0.0
1863,501128,103,2,2499.0,0.0
1864,501129,125,1,1299.0,0.0
1865,501130,120,1,699.0,0.0
1866,501131,106,1,1499.0,0.0
1867,501131,130,1,699.0,0.0
1868,501132,112,1,1499.0,0.0
1869,501132,108,1,399.0,0.0
1870,501133,113,1,1299.0,0.0
1871,501134,134,1,199.0,0.0
1872,501134,111,1,499.0,0.0
1873,501135,123,1,3299.0,0.0
1874,501136,131,1,299.0,0.0
1875,501136,120,1,699.0,0.0
1876,501136,133,2,399.0,0.0
1877,501137,134,1,199.0,29.85
1878,501137,138,1,399.0,59.85
1879,501138,112,1,1499.0,0.0
1880,501138,120,1,699.0,0.0
1881,501139,115,1,3999.0,0.0
1882,501140,107,1,1199.0,0.0
1883,501141,105,1,2299.0,344.85
1884,501141,101,1,1999.0,299.85
1885,501142,113,1,1299.0,0.0
1886,501142,110,1,799.0,0.0
1887,501142,104,3,4999.0,0.0
1888,501143,135,1,1499.0,0.0
1889,501143,113,1,1299.0,0.0
1890,501144,111,1,499.0,0.0
1891,501144,107,1,1199.0,0.0
1892,501145,107,2,1199.0,359.7
1893,501146,111,1,499.0,0.0
1894,501147,115,2,3999.0,0.0
1895,501148,112,1,1499.0,224.85
1896,501149,119,1,2199.0,0.0
1897,501149,107,1,1199.0,0.0
1898,501149,102,1,3499.0,0.0
1899,501149,127,1,649.0,0.0
1900,501150,143,1,799.0,119.85
1901,501151,118,1,899.0,0.0
1902,501151,117,1,2999.0,0.0
1903,501152,113,1,1299.0,0.0
1904,501153,108,1,399.0,59.85
1905,501154,123,1,3299.0,494.85
1906,501155,113,1,1299.0,0.0
1907,501156,129,1,549.0,0.0
1908,501157,140,1,599.0,89.85
1909,501157,130,1,699.0,104.85
1910,501157,137,1,249.0,37.35
1911,501158,136,1,899.0,44.95
1912,501158,140,1,599.0,29.95
1913,501159,107,2,1199.0,0.0
1914,501159,127,1,649.0,0.0
1915,501159,116,1,2499.0,0.0
1916,501160,107,1,1199.0,59.95
1917,501160,141,3,249.0,37.35
1918,501161,125,1,1299.0,0.0
1919,501162,138,2,399.0,119.7
1920,501162,135,3,1499.0,674.55
1921,501163,123,1,3299.0,0.0
1922,501163,108,1,399.0,0.0
1923,501164,118,1,899.0,44.95
1924,501164,128,2,999.0,99.9
1925,501165,131,1,299.0,44.85
1926,501165,117,1,2999.0,449.85
1927,501166,109,1,3999.0,0.0
1928,501166,117,1,2999.0,0.0
1929,501167,119,1,2199.0,0.0
1930,501168,113,1,1299.0,194.85
1931,501169,118,1,899.0,0.0
1932,501170,120,1,699.0,0.0
1933,501171,143,1,799.0,0.0
1934,501171,104,1,4999.0,0.0
1935,501171,137,1,249.0,0.0
1936,501172,110,1,799.0,0.0
1937,501172,107,1,1199.0,0.0
1938,501173,104,1,4999.0,0.0
1939,501174,118,1,899.0,0.0
1940,501174,137,1,249.0,0.0
1941,501175,137,1,249.0,37.35
1942,501176,144,1,2999.0,0.0
1943,501176,111,1,499.0,0.0
1944,501177,122,2,1899.0,0.0
1945,501178,137,1,249.0,37.35
1946,501179,114,1,1199.0,0.0
1947,501179,129,1,549.0,0.0
1948,501179,133,1,399.0,0.0
1949,501179,135,1,1499.0,0.0
1950,501180,117,1,2999.0,0.0
1951,501181,135,1,1499.0,224.85
1952,501182,145,2,599.0,0.0
1953,501182,135,1,1499.0,0.0
1954,501182,111,1,499.0,0.0
1955,501183,104,2,4999.0,0.0
1956,501184,124,1,1099.0,54.95
1957,501184,131,1,299.0,14.95
1958,501184,130,2,699.0,69.9
1959,501185,141,1,249.0,37.35
1960,501186,111,1,499.0,74.85
1961,501187,144,1,2999.0,0.0
1962,501188,113,1,1299.0,0.0
1963,501189,120,3,699.0,0.0
1964,501189,103,1,2499.0,0.0
1965,501189,134,1,199.0,0.0
1966,501190,102,2,3499.0,0.0
1967,501191,113,2,1299.0,0.0
1968,501191,127,2,649.0,0.0
1969,501192,147,3,1299.0,584.55
1970,501193,128,3,999.0,0.0
1971,501193,116,1,2499.0,0.0
1972,501194,130,1,699.0,0.0
1973,501194,120,3,699.0,0.0
1974,501195,135,1,1499.0,224.85
1975,501196,135,1,1499.0,0.0
1976,501196,147,1,1299.0,0.0
1977,501197,104,1,4999.0,749.85
1978,501197,111,1,499.0,74.85
1979,501198,113,1,1299.0,194.85
1980,501198,111,2,499.0,149.7
1981,501199,113,1,1299.0,0.0
1982,501199,111,1,499.0,0.0
1983,501199,105,1,2299.0,0.0
1984,501199,126,1,449.0,0.0
1985,501200,125,1,1299.0,194.85
1986,501201,139,1,349.0,52.35
1987,501202,121,1,2799.0,419.85
1988,501203,110,2,799.0,0.0
1989,501203,120,1,699.0,0.0
1990,501203,115,1,3999.0,0.0
1991,501204,111,1,499.0,0.0
1992,501204,120,2,699.0,0.0
1993,501205,145,1,599.0,29.95
1994,501205,111,1,499.0,24.95
1995,501205,135,2,1499.0,149.9
1996,501205,137,1,249.0,12.45
1997,501206,114,1,1199.0,59.95
1998,501207,109,1,3999.0,0.0
1999,501208,132,1,449.0,0.0
2000,501208,108,3,399.0,0.0
2001,501208,143,1,799.0,0.0
2002,501209,102,1,3499.0,0.0
2003,501209,139,1,349.0,0.0
2004,501210,113,1,1299.0,0.0
2005,501210,111,1,499.0,0.0
2006,501211,122,1,1899.0,0.0
2007,501212,113,2,1299.0,0.0
2008,501212,132,1,449.0,0.0
2009,501212,107,1,1199.0,0.0
2010,501213,110,1,799.0,0.0
2011,501214,135,1,1499.0,0.0
2012,501215,142,1,799.0,0.0
2013,501215,109,1,3999.0,0.0
2014,501216,105,1,2299.0,344.85
2015,501217,106,1,1499.0,224.85
2016,501217,134,1,199.0,29.85
2017,501218,130,1,699.0,0.0
2018,501219,125,1,1299.0,0.0
2019,501219,131,1,299.0,0.0
2020,501219,144,2,2999.0,0.0
2021,501219,116,1,2499.0,0.0
2022,501220,142,1,799.0,0.0
2023,501220,124,1,1099.0,0.0
2024,501221,109,1,3999.0,599.85
2025,501222,122,3,1899.0,0.0
2026,501222,113,1,1299.0,0.0
2027,501223,127,2,649.0,0.0
2028,501224,126,2,449.0,0.0
2029,501225,116,1,2499.0,0.0
2030,501226,138,1,399.0,59.85
2031,501227,115,2,3999.0,0.0
2032,501228,130,1,699.0,0.0
2033,501229,131,2,299.0,0.0
2034,501230,136,1,899.0,0.0
2035,501230,108,1,399.0,0.0
2036,501231,128,1,999.0,0.0
2037,501231,111,1,499.0,0.0
2038,501231,118,1,899.0,0.0
2039,501232,107,1,1199.0,0.0
2040,501233,133,1,399.0,0.0
2041,501233,118,2,899.0,0.0
2042,501233,114,1,1199.0,0.0
2043,501234,101,1,1999.0,0.0
2044,501235,138,1,399.0,0.0
2045,501236,128,1,999.0,0.0
2046,501237,143,1,799.0,0.0
2047,501238,146,1,4499.0,0.0
2048,501239,117,1,2999.0,0.0
2049,501239,118,1,899.0,0.0
2050,501240,116,1,2499.0,0.0
2051,501241,117,1,2999.0,0.0
2052,501242,137,1,249.0,0.0
2053,501242,142,1,799.0,0.0
2054,501242,120,1,699.0,0.0
2055,501243,118,1,899.0,0.0
2056,501244,117,1,2999.0,0.0
2057,501244,128,1,999.0,0.0
2058,501245,128,1,999.0,0.0
2059,501246,110,1,799.0,119.85
2060,501247,114,1,1199.0,179.85
2061,501247,132,1,449.0,67.35
2062,501247,110,1,799.0,119.85
2063,501248,102,2,3499.0,0.0
2064,501248,128,1,999.0,0.0
2065,501249,102,1,3499.0,0.0
2066,501250,145,1,599.0,0.0
2067,501251,112,1,1499.0,0.0
2068,501252,109,1,3999.0,0.0
2069,501252,121,1,2799.0,0.0
2070,501253,101,2,1999.0,0.0
2071,501254,118,1,899.0,0.0
2072,501255,104,1,4999.0,0.0
2073,501255,143,1,799.0,0.0
2074,501256,117,1,2999.0,0.0
2075,501256,116,3,2499.0,0.0
2076,501257,107,1,1199.0,0.0
2077,501257,109,1,3999.0,0.0
2078,501258,108,1,399.0,0.0
2079,501258,131,1,299.0,0.0
2080,501259,105,1,2299.0,344.85
2081,501260,114,1,1199.0,0.0
2082,501261,118,1,899.0,0.0
2083,501262,110,1,799.0,0.0
2084,501263,104,1,4999.0,0.0
2085,501263,120,1,699.0,0.0
2086,501263,135,1,1499.0,0.0
2087,501264,126,1,449.0,0.0
2088,501265,117,1,2999.0,0.0
2089,501266,109,1,3999.0,599.85
2090,501267,118,3,899.0,0.0
2091,501268,144,1,2999.0,0.0
2092,501269,147,1,1299.0,0.0
2093,501269,127,1,649.0,0.0
2094,501269,129,1,549.0,0.0
2095,501270,107,1,1199.0,0.0
2096,501271,118,1,899.0,0.0
2097,501271,115,1,3999.0,0.0
2098,501272,120,1,699.0,0.0
2099,501272,109,1,3999.0,0.0
2100,501273,114,1,1199.0,0.0
2101,501274,123,2,3299.0,989.7
2102,501275,135,3,1499.0,0.0
2103,501276,126,1,449.0,67.35
2104,501276,107,1,1199.0,179.85
2105,501276,138,1,399.0,59.85
2106,501277,147,1,1299.0,0.0
2107,501277,119,1,2199.0,0.0
2108,501278,107,1,1199.0,179.85
2109,501278,113,1,1299.0,194.85
2110,501278,115,1,3999.0,599.85
2111,501279,112,1,1499.0,0.0
2112,501279,109,1,3999.0,0.0
2113,501279,138,1,399.0,0.0
2114,501279,137,1,249.0,0.0
2115,501280,134,1,199.0,0.0
2116,501281,148,1,699.0,0.0
2117,501281,138,1,399.0,0.0
2118,501282,134,2,199.0,0.0
2119,501282,115,1,3999.0,0.0
2120,501283,114,1,1199.0,179.85
2121,501283,111,1,499.0,74.85
2122,501283,104,1,4999.0,749.85
2123,501283,116,1,2499.0,374.85
2124,501284,122,1,1899.0,0.0
2125,501284,115,1,3999.0,0.0
2126,501285,118,1,899.0,0.0
2127,501286,104,1,4999.0,0.0
2128,501287,112,1,1499.0,0.0
2129,501287,111,1,499.0,0.0
2130,501287,127,1,649.0,0.0
2131,501288,130,2,699.0,0.0
2132,501289,116,1,2499.0,0.0
2133,501290,117,1,2999.0,0.0
2134,501290,125,3,1299.0,0.0
2135,501290,113,1,1299.0,0.0
2136,501291,129,1,549.0,0.0
2137,501291,118,1,899.0,0.0
2138,501292,119,2,2199.0,0.0
2139,501293,148,1,699.0,0.0
2140,501294,128,1,999.0,0.0
2141,501294,146,1,4499.0,0.0
2142,501295,144,1,2999.0,0.0
2143,501296,113,1,1299.0,0.0
2144,501297,112,1,1499.0,224.85
2145,501298,116,1,2499.0,0.0
2146,501299,111,3,499.0,0.0
2147,501299,107,1,1199.0,0.0
2148,501299,117,2,2999.0,0.0
2149,501300,114,2,1199.0,0.0
2150,501300,129,1,549.0,0.0
2151,501301,108,1,399.0,0.0
2152,501302,121,1,2799.0,0.0
2153,501303,147,1,1299.0,0.0
2154,501303,123,2,3299.0,0.0
2155,501304,102,1,3499.0,0.0
2156,501305,122,2,1899.0,569.7
2157,501306,127,1,649.0,0.0
2158,501307,103,1,2499.0,0.0
2159,501307,105,1,2299.0,0.0
2160,501308,113,1,1299.0,194.85
2161,501308,128,1,999.0,149.85
2162,501309,107,1,1199.0,0.0
2163,501309,109,1,3999.0,0.0
2164,501309,118,1,899.0,0.0
2165,501310,136,2,899.0,0.0
2166,501311,120,2,699.0,209.7
2167,501312,145,1,599.0,0.0
2168,501313,112,1,1499.0,0.0
2169,501313,109,1,3999.0,0.0
2170,501314,113,1,1299.0,0.0
2171,501315,115,1,3999.0,599.85
2172,501315,126,1,449.0,67.35
2173,501316,147,1,1299.0,0.0
2174,501317,114,1,1199.0,0.0
2175,501317,108,1,399.0,0.0
2176,501317,136,1,899.0,0.0
2177,501318,137,1,249.0,0.0
2178,501318,118,2,899.0,0.0
2179,501319,126,1,449.0,67.35
2180,501320,104,1,4999.0,749.85
2181,501320,106,1,1499.0,224.85
2182,501321,112,1,1499.0,0.0
2183,501322,103,1,2499.0,374.85
2184,501323,114,1,1199.0,0.0
2185,501324,107,1,1199.0,59.95
2186,501324,146,1,4499.0,224.95
2187,501325,105,1,2299.0,0.0
2188,501325,140,2,599.0,0.0
2189,501325,107,2,1199.0,0.0
2190,501326,119,1,2199.0,329.85
2191,501327,137,1,249.0,0.0
2192,501328,118,1,899.0,134.85
2193,501329,102,1,3499.0,0.0
2194,501329,113,2,1299.0,0.0
2195,501329,131,2,299.0,0.0
2196,501330,147,1,1299.0,0.0
2197,501330,102,1,3499.0,0.0
2198,501331,113,1,1299.0,194.85
2199,501332,114,1,1199.0,179.85
2200,501333,121,1,2799.0,0.0
2201,501334,107,1,1199.0,179.85
2202,501335,146,1,4499.0,0.0
2203,501336,135,3,1499.0,0.0
2204,501337,118,1,899.0,0.0
2205,501338,128,1,999.0,0.0
2206,501339,136,3,899.0,0.0
2207,501339,118,1,899.0,0.0
2208,501340,102,1,3499.0,0.0
2209,501341,106,1,1499.0,0.0
2210,501341,135,1,1499.0,0.0
2211,501342,106,2,1499.0,449.7
2212,501343,118,2,899.0,269.7
2213,501343,134,1,199.0,29.85
2214,501344,102,1,3499.0,0.0
2215,501345,130,2,699.0,0.0
2216,501345,115,1,3999.0,0.0
2217,501346,108,1,399.0,0.0
2218,501346,106,2,1499.0,0.0
2219,501346,131,2,299.0,0.0
2220,501347,120,1,699.0,0.0
2221,501347,135,1,1499.0,0.0
2222,501347,145,1,599.0,0.0
2223,501347,131,2,299.0,0.0
2224,501348,129,1,549.0,0.0
2225,501348,107,1,1199.0,0.0
2226,501348,106,1,1499.0,0.0
2227,501348,139,1,349.0,0.0
2228,501349,111,1,499.0,74.85
2229,501350,121,1,2799.0,419.85
2230,501350,127,1,649.0,97.35
2231,501350,145,2,599.0,179.7
2232,501351,133,1,399.0,59.85
2233,501352,128,1,999.0,149.85
2234,501352,115,1,3999.0,599.85
2235,501352,109,1,3999.0,599.85
2236,501353,148,3,699.0,314.55
2237,501353,102,2,3499.0,1049.7
2238,501354,116,1,2499.0,0.0
2239,501354,124,2,1099.0,0.0
2240,501355,116,1,2499.0,0.0
2241,501355,137,1,249.0,0.0
2242,501355,127,1,649.0,0.0
2243,501356,119,1,2199.0,0.0
2244,501357,135,1,1499.0,224.85
2245,501357,138,1,399.0,59.85
2246,501358,147,1,1299.0,194.85
2247,501358,111,2,499.0,149.7
2248,501359,141,1,249.0,0.0
2249,501359,102,2,3499.0,0.0
2250,501359,120,1,699.0,0.0
2251,501360,111,1,499.0,0.0
2252,501361,124,1,1099.0,0.0
2253,501362,132,1,449.0,67.35
2254,501362,114,1,1199.0,179.85
2255,501362,131,2,299.0,89.7
2256,501363,113,1,1299.0,0.0
2257,501364,147,2,1299.0,389.7
2258,501365,123,1,3299.0,494.85
2259,501366,101,1,1999.0,0.0
2260,501366,126,1,449.0,0.0
2261,501367,109,1,3999.0,199.95
2262,501368,123,1,3299.0,0.0
2263,501368,107,1,1199.0,0.0
2264,501368,114,1,1199.0,0.0
2265,501369,102,1,3499.0,524.85
2266,501369,109,1,3999.0,599.85
2267,501370,140,2,599.0,179.7
2268,501370,139,1,349.0,52.35
2269,501371,124,1,1099.0,0.0
2270,501372,104,1,4999.0,749.85
2271,501372,124,1,1099.0,164.85
2272,501373,133,1,399.0,59.85
2273,501373,113,1,1299.0,194.85
2274,501373,142,1,799.0,119.85
2275,501373,144,2,2999.0,899.7
2276,501374,110,1,799.0,0.0
2277,501375,143,1,799.0,119.85
2278,501375,111,1,499.0,74.85
2279,501376,123,1,3299.0,0.0
2280,501376,143,1,799.0,0.0
2281,501377,124,3,1099.0,164.85
2282,501378,110,1,799.0,0.0
2283,501378,139,1,349.0,0.0
2284,501378,131,1,299.0,0.0
2285,501379,105,1,2299.0,0.0
2286,501380,118,2,899.0,0.0
2287,501381,126,2,449.0,0.0
2288,501381,113,1,1299.0,0.0
2289,501382,136,2,899.0,0.0
2290,501383,104,1,4999.0,0.0
2291,501384,124,1,1099.0,54.95
2292,501385,124,1,1099.0,164.85
2293,501386,124,1,1099.0,0.0
2294,501387,111,1,499.0,0.0
2295,501388,107,1,1199.0,0.0
2296,501389,116,1,2499.0,0.0
2297,501389,123,1,3299.0,0.0
2298,501390,116,1,2499.0,0.0
2299,501391,112,1,1499.0,224.85
2300,501392,130,1,699.0,104.85
2301,501393,104,1,4999.0,0.0
2302,501394,140,1,599.0,89.85
2303,501395,113,1,1299.0,194.85
2304,501395,117,2,2999.0,899.7
2305,501395,120,1,699.0,104.85
2306,501396,137,1,249.0,0.0
2307,501396,107,1,1199.0,0.0
2308,501397,133,1,399.0,59.85
2309,501397,142,1,799.0,119.85
2310,501398,105,1,2299.0,344.85
2311,501398,113,1,1299.0,194.85
2312,501398,131,1,299.0,44.85
2313,501399,121,2,2799.0,839.7
2314,501400,107,1,1199.0,0.0
2315,501401,131,1,299.0,0.0
2316,501401,112,1,1499.0,0.0
2317,501401,111,1,499.0,0.0
2318,501402,104,1,4999.0,749.85
2319,501402,128,1,999.0,149.85
2320,501402,118,1,899.0,134.85
2321,501403,128,1,999.0,49.95
2322,501403,116,1,2499.0,124.95
2323,501403,137,1,249.0,12.45
2324,501404,113,1,1299.0,0.0
2325,501405,123,1,3299.0,0.0
2326,501406,107,1,1199.0,0.0
2327,501406,103,1,2499.0,0.0
2328,501407,135,1,1499.0,224.85
2329,501408,108,1,399.0,0.0
2330,501408,120,1,699.0,0.0
2331,501409,116,1,2499.0,0.0
2332,501410,113,1,1299.0,194.85
2333,501410,105,1,2299.0,344.85
2334,501411,114,1,1199.0,59.95
2335,501411,109,3,3999.0,599.85
2336,501412,142,1,799.0,119.85
2337,501412,145,1,599.0,89.85
2338,501413,117,1,2999.0,0.0
2339,501413,103,1,2499.0,0.0
2340,501414,110,1,799.0,0.0
2341,501415,138,1,399.0,0.0
2342,501416,124,1,1099.0,0.0
2343,501417,120,1,699.0,0.0
2344,501418,108,2,399.0,119.7
2345,501418,148,1,699.0,104.85
2346,501419,144,1,2999.0,0.0
2347,501419,112,1,1499.0,0.0
2348,501420,111,1,499.0,0.0
2349,501420,104,1,4999.0,0.0
2350,501421,131,1,299.0,44.85
2351,501421,116,1,2499.0,374.85
2352,501422,130,1,699.0,0.0
2353,501422,146,1,4499.0,0.0
2354,501423,115,3,3999.0,599.85
2355,501423,112,1,1499.0,74.95
2356,501424,138,1,399.0,0.0
2357,501425,124,1,1099.0,164.85
2358,501425,112,1,1499.0,224.85
2359,501425,126,1,449.0,67.35
2360,501425,131,1,299.0,44.85
2361,501426,111,1,499.0,24.95
2362,501427,123,1,3299.0,0.0
2363,501428,108,1,399.0,0.0
2364,501429,102,1,3499.0,0.0
2365,501429,123,1,3299.0,0.0
2366,501429,104,1,4999.0,0.0
2367,501430,114,1,1199.0,0.0
2368,501431,141,2,249.0,0.0
2369,501432,130,1,699.0,0.0
2370,501433,134,3,199.0,0.0
2371,501433,131,2,299.0,0.0
2372,501433,101,1,1999.0,0.0
2373,501434,134,1,199.0,9.95
2374,501435,143,1,799.0,0.0
2375,501436,116,2,2499.0,0.0
2376,501436,102,2,3499.0,0.0
2377,501437,104,1,4999.0,749.85
2378,501437,137,3,249.0,112.05
2379,501438,117,1,2999.0,0.0
2380,501439,106,2,1499.0,449.7
2381,501440,108,1,399.0,0.0
2382,501440,111,1,499.0,0.0
2383,501441,117,2,2999.0,0.0
2384,501442,115,1,3999.0,599.85
2385,501443,109,1,3999.0,0.0
2386,501444,111,1,499.0,0.0
2387,501444,126,1,449.0,0.0
2388,501444,112,1,1499.0,0.0
2389,501444,107,1,1199.0,0.0
2390,501445,137,3,249.0,0.0
2391,501445,111,1,499.0,0.0
2392,501445,124,1,1099.0,0.0
2393,501446,138,1,399.0,0.0
2394,501447,137,2,249.0,74.7
2395,501448,127,2,649.0,0.0
2396,501448,144,1,2999.0,0.0
2397,501448,112,1,1499.0,0.0
2398,501449,113,1,1299.0,0.0
2399,501450,111,1,499.0,0.0
2400,501450,101,1,1999.0,0.0
2401,501451,102,1,3499.0,0.0
2402,501451,112,1,1499.0,0.0
2403,501451,131,1,299.0,0.0
2404,501452,106,1,1499.0,74.95
2405,501452,103,2,2499.0,249.9
2406,501453,137,2,249.0,74.7
2407,501454,137,2,249.0,0.0
2408,501454,146,1,4499.0,0.0
2409,501455,124,1,1099.0,0.0
2410,501456,140,1,599.0,89.85
2411,501457,140,1,599.0,89.85
2412,501458,140,1,599.0,29.95
2413,501458,104,1,4999.0,249.95
2414,501459,113,1,1299.0,0.0
2415,501460,103,2,2499.0,0.0
2416,501461,114,1,1199.0,0.0
2417,501461,137,1,249.0,0.0
2418,501461,111,1,499.0,0.0
2419,501462,124,1,1099.0,0.0
2420,501463,131,1,299.0,0.0
2421,501464,135,1,1499.0,0.0
2422,501464,128,1,999.0,0.0
2423,501465,121,1,2799.0,419.85
2424,501465,127,1,649.0,97.35
2425,501466,131,1,299.0,0.0
2426,501467,133,2,399.0,0.0
2427,501468,127,1,649.0,97.35
2428,501469,123,2,3299.0,989.7
2429,501469,102,1,3499.0,524.85
2430,501470,137,1,249.0,37.35
2431,501471,138,1,399.0,0.0
2432,501471,112,1,1499.0,0.0
2433,501472,118,1,899.0,0.0
2434,501472,139,1,349.0,0.0
2435,501473,123,2,3299.0,0.0
2436,501473,130,2,699.0,0.0
2437,501474,118,1,899.0,134.85
2438,501475,135,1,1499.0,0.0
2439,501476,120,3,699.0,0.0
2440,501477,140,1,599.0,0.0
2441,501478,111,1,499.0,0.0
2442,501478,133,1,399.0,0.0
2443,501479,105,1,2299.0,0.0
2444,501480,128,1,999.0,149.85
2445,501480,103,1,2499.0,374.85
2446,501480,130,1,699.0,104.85
2447,501481,131,1,299.0,44.85
2448,501482,116,1,2499.0,0.0
2449,501482,126,3,449.0,0.0
2450,501482,112,1,1499.0,0.0
2451,501483,102,1,3499.0,0.0
2452,501484,109,3,3999.0,1799.55
2453,501485,116,2,2499.0,0.0
2454,501485,118,1,899.0,0.0
2455,501486,128,1,999.0,149.85
2456,501486,130,1,699.0,104.85
2457,501487,120,1,699.0,104.85
2458,501488,142,2,799.0,239.7
2459,501489,128,1,999.0,149.85
2460,501490,116,1,2499.0,124.95
2461,501490,112,2,1499.0,149.9
2462,501491,121,1,2799.0,419.85
2463,501492,140,3,599.0,269.55
2464,501493,140,1,599.0,29.95
2465,501493,147,2,1299.0,129.9
2466,501494,140,1,599.0,89.85
2467,501494,104,2,4999.0,1499.7
2468,501494,121,1,2799.0,419.85
2469,501494,124,1,1099.0,164.85
2470,501495,131,1,299.0,0.0
2471,501496,113,1,1299.0,0.0
2472,501496,140,1,599.0,0.0
2473,501496,115,2,3999.0,0.0
2474,501496,130,1,699.0,0.0
2475,501497,132,1,449.0,67.35
2476,501498,103,1,2499.0,0.0
2477,501499,123,1,3299.0,0.0
2478,501499,132,1,449.0,0.0
2479,501500,123,1,3299.0,494.85
2480,501501,128,1,999.0,0.0
2481,501502,110,1,799.0,0.0
2482,501503,111,1,499.0,74.85
2483,501503,135,1,1499.0,224.85
2484,501503,105,1,2299.0,344.85
2485,501504,130,2,699.0,0.0
2486,501504,134,1,199.0,0.0
2487,501505,117,1,2999.0,0.0
2488,501505,114,1,1199.0,0.0
2489,501506,111,1,499.0,0.0
2490,501506,121,1,2799.0,0.0
2491,501507,107,2,1199.0,0.0
2492,501508,104,1,4999.0,749.85
2493,501508,109,1,3999.0,599.85
2494,501509,119,1,2199.0,0.0
2495,501510,131,2,299.0,89.7
2496,501510,138,1,399.0,59.85
2497,501511,107,1,1199.0,179.85
2498,501511,119,2,2199.0,659.7
2499,501512,117,1,2999.0,0.0
2500,501512,145,1,599.0,0.0
2501,501512,146,1,4499.0,0.0
2502,501513,112,2,1499.0,0.0
2503,501514,145,2,599.0,0.0
2504,501514,118,1,899.0,0.0
2505,501514,114,1,1199.0,0.0
2506,501515,114,1,1199.0,0.0
2507,501516,108,1,399.0,59.85
2508,501516,105,1,2299.0,344.85
2509,501517,113,1,1299.0,194.85
2510,501518,127,1,649.0,0.0
2511,501519,112,1,1499.0,74.95
2512,501520,108,1,399.0,0.0
2513,501521,134,1,199.0,0.0
2514,501521,122,1,1899.0,0.0
2515,501522,106,1,1499.0,0.0
2516,501523,118,1,899.0,0.0
2517,501523,134,1,199.0,0.0
2518,501523,107,1,1199.0,0.0
2519,501523,115,1,3999.0,0.0
2520,501524,116,1,2499.0,0.0
2521,501525,111,1,499.0,0.0
2522,501525,117,1,2999.0,0.0
2523,501525,103,1,2499.0,0.0
2524,501526,107,2,1199.0,0.0
2525,501527,114,1,1199.0,179.85
2526,501528,142,1,799.0,119.85
2527,501528,146,1,4499.0,674.85
2528,501529,117,1,2999.0,0.0
2529,501530,128,2,999.0,0.0
2530,501531,133,1,399.0,0.0
2531,501532,117,1,2999.0,449.85
2532,501533,140,1,599.0,0.0
2533,501534,116,2,2499.0,749.7
2534,501534,120,2,699.0,209.7
2535,501535,109,1,3999.0,0.0
2536,501535,107,1,1199.0,0.0
2537,501535,112,1,1499.0,0.0
2538,501536,122,1,1899.0,284.85
2539,501537,113,1,1299.0,194.85
2540,501538,121,1,2799.0,419.85
2541,501538,120,1,699.0,104.85
2542,501539,133,1,399.0,0.0
2543,501540,109,2,3999.0,1199.7
2544,501541,127,1,649.0,0.0
2545,501542,148,1,699.0,0.0
2546,501543,113,2,1299.0,0.0
2547,501543,135,1,1499.0,0.0
2548,501544,104,1,4999.0,0.0
2549,501545,126,1,449.0,67.35
2550,501546,132,1,449.0,22.45
2551,501547,111,1,499.0,0.0
2552,501547,113,1,1299.0,0.0
2553,501548,122,1,1899.0,0.0
2554,501549,131,1,299.0,14.95
2555,501549,107,1,1199.0,59.95
2556,501549,113,1,1299.0,64.95
2557,501550,113,1,1299.0,0.0
2558,501550,118,1,899.0,0.0
2559,501550,120,1,699.0,0.0
2560,501551,137,1,249.0,0.0
2561,501551,138,1,399.0,0.0
2562,501552,117,1,2999.0,449.85
2563,501553,101,1,1999.0,299.85
2564,501554,107,1,1199.0,179.85
2565,501554,101,1,1999.0,299.85
2566,501554,109,1,3999.0,599.85
2567,501555,112,1,1499.0,0.0
2568,501556,143,1,799.0,0.0
2569,501557,102,1,3499.0,0.0
2570,501557,124,1,1099.0,0.0
2571,501558,143,1,799.0,0.0
2572,501558,116,1,2499.0,0.0
2573,501559,121,1,2799.0,0.0
2574,501560,117,1,2999.0,0.0
2575,501561,132,1,449.0,0.0
2576,501562,117,1,2999.0,0.0
2577,501562,102,1,3499.0,0.0
2578,501563,125,1,1299.0,0.0
2579,501563,115,1,3999.0,0.0
2580,501564,117,2,2999.0,0.0
2581,501564,122,1,1899.0,0.0
2582,501565,127,1,649.0,0.0
2583,501566,103,1,2499.0,0.0
2584,501566,108,2,399.0,0.0
2585,501567,111,3,499.0,0.0
2586,501567,109,1,3999.0,0.0
2587,501567,127,2,649.0,0.0
2588,501568,124,1,1099.0,0.0
2589,501568,118,1,899.0,0.0
2590,501569,112,3,1499.0,0.0
2591,501570,142,1,799.0,0.0
2592,501571,117,1,2999.0,0.0
2593,501572,146,2,4499.0,0.0
2594,501573,132,1,449.0,67.35
2595,501573,112,1,1499.0,224.85
2596,501574,108,1,399.0,59.85
2597,501575,120,2,699.0,209.7
2598,501575,102,1,3499.0,524.85
2599,501575,139,1,349.0,52.35
2600,501575,125,2,1299.0,389.7
2601,501576,124,2,1099.0,109.9
2602,501577,106,2,1499.0,0.0
2603,501578,117,2,2999.0,0.0
2604,501579,140,1,599.0,0.0
2605,501579,114,1,1199.0,0.0
2606,501580,148,1,699.0,0.0
2607,501581,118,2,899.0,0.0
2608,501582,107,1,1199.0,0.0
2609,501582,116,2,2499.0,0.0
2610,501582,103,1,2499.0,0.0
2611,501583,120,1,699.0,34.95
2612,501583,106,1,1499.0,74.95
2613,501583,137,2,249.0,24.9
2614,501583,109,1,3999.0,199.95
2615,501584,131,1,299.0,0.0
2616,501584,119,1,2199.0,0.0
2617,501584,108,1,399.0,0.0
2618,501585,135,1,1499.0,0.0
2619,501586,145,2,599.0,0.0
2620,501586,130,1,699.0,0.0
2621,501586,113,1,1299.0,0.0
2622,501587,135,2,1499.0,0.0
2623,501587,122,1,1899.0,0.0
2624,501588,141,1,249.0,0.0
2625,501589,135,1,1499.0,0.0
2626,501589,104,2,4999.0,0.0
2627,501590,128,1,999.0,0.0
2628,501590,111,2,499.0,0.0
2629,501591,111,2,499.0,0.0
2630,501592,105,1,2299.0,344.85
2631,501592,103,1,2499.0,374.85
2632,501593,126,1,449.0,67.35
2633,501594,109,1,3999.0,0.0
2634,501595,139,1,349.0,0.0
2635,501595,143,1,799.0,0.0
2636,501596,106,1,1499.0,224.85
2637,501596,114,1,1199.0,179.85
2638,501596,132,1,449.0,67.35
2639,501596,145,2,599.0,179.7
2640,501597,119,1,2199.0,329.85
2641,501598,112,1,1499.0,0.0
2642,501598,118,1,899.0,0.0
2643,501599,108,1,399.0,0.0
2644,501600,102,1,3499.0,0.0
2645,501600,116,1,2499.0,0.0
2646,501601,108,1,399.0,0.0
2647,501601,143,1,799.0,0.0
2648,501601,116,1,2499.0,0.0
2649,501601,137,3,249.0,0.0
2650,501602,112,1,1499.0,0.0
2651,501602,119,2,2199.0,0.0
2652,501603,116,1,2499.0,0.0
2653,501604,143,1,799.0,0.0
2654,501604,125,2,1299.0,0.0
2655,501604,104,3,4999.0,0.0
2656,501605,111,1,499.0,74.85
2657,501606,120,1,699.0,104.85
2658,501606,135,1,1499.0,224.85
2659,501607,138,1,399.0,0.0
2660,501607,111,1,499.0,0.0
2661,501607,117,1,2999.0,0.0
2662,501607,136,1,899.0,0.0
2663,501608,115,1,3999.0,0.0
2664,501609,140,1,599.0,29.95
2665,501609,142,1,799.0,39.95
2666,501610,107,1,1199.0,179.85
2667,501610,115,1,3999.0,599.85
2668,501611,136,2,899.0,269.7
2669,501612,135,3,1499.0,674.55
2670,501613,130,1,699.0,0.0
2671,501614,112,1,1499.0,224.85
2672,501614,139,2,349.0,104.7
2673,501615,145,2,599.0,179.7
2674,501615,123,1,3299.0,494.85
2675,501615,115,2,3999.0,1199.7
2676,501616,132,1,449.0,67.35
2677,501617,108,1,399.0,59.85
2678,501618,116,2,2499.0,0.0
2679,501619,142,3,799.0,0.0
2680,501620,121,1,2799.0,0.0
2681,501621,105,1,2299.0,0.0
2682,501622,124,1,1099.0,164.85
2683,501623,129,1,549.0,0.0
2684,501623,122,1,1899.0,0.0
2685,501624,145,1,599.0,89.85
2686,501624,113,1,1299.0,194.85
2687,501625,137,1,249.0,0.0
2688,501625,106,1,1499.0,0.0
2689,501625,130,1,699.0,0.0
2690,501626,134,2,199.0,0.0
2691,501626,130,1,699.0,0.0
2692,501627,102,1,3499.0,0.0
2693,501627,121,1,2799.0,0.0
2694,501628,118,1,899.0,134.85
2695,501628,108,1,399.0,59.85
2696,501629,105,1,2299.0,344.85
2697,501630,106,1,1499.0,0.0
2698,501631,126,1,449.0,0.0
2699,501632,130,1,699.0,0.0
2700,501633,111,1,499.0,0.0
2701,501633,124,1,1099.0,0.0
2702,501634,134,1,199.0,0.0
2703,501635,137,1,249.0,37.35
2704,501636,102,2,3499.0,0.0
2705,501637,125,1,1299.0,0.0
2706,501638,128,1,999.0,0.0
2707,501639,123,1,3299.0,494.85
2708,501640,117,1,2999.0,0.0
2709,501640,115,1,3999.0,0.0
2710,501641,108,1,399.0,59.85
2711,501641,113,1,1299.0,194.85
2712,501642,133,1,399.0,0.0
2713,501643,128,1,999.0,149.85
2714,501644,131,1,299.0,0.0
2715,501645,145,1,599.0,0.0
2716,501646,114,1,1199.0,0.0
2717,501646,118,1,899.0,0.0
2718,501647,120,1,699.0,34.95
2719,501647,112,1,1499.0,74.95
2720,501647,101,1,1999.0,99.95
2721,501648,117,1,2999.0,0.0
2722,501648,138,2,399.0,0.0
2723,501649,138,1,399.0,59.85
2724,501649,134,1,199.0,29.85
2725,501650,141,1,249.0,37.35
2726,501651,135,1,1499.0,0.0
2727,501652,118,1,899.0,134.85
2728,501653,136,2,899.0,269.7
2729,501654,134,2,199.0,0.0
2730,501654,140,1,599.0,0.0
2731,501655,117,1,2999.0,0.0
2732,501656,107,2,1199.0,0.0
2733,501657,120,1,699.0,0.0
2734,501658,110,2,799.0,0.0
2735,501658,107,1,1199.0,0.0
2736,501659,130,1,699.0,104.85
2737,501660,141,1,249.0,0.0
2738,501660,115,1,3999.0,0.0
2739,501661,133,1,399.0,0.0
2740,501661,105,1,2299.0,0.0
2741,501662,124,2,1099.0,329.7
2742,501663,148,1,699.0,0.0
2743,501664,110,1,799.0,0.0
2744,501664,102,2,3499.0,0.0
2745,501664,111,1,499.0,0.0
2746,501664,116,1,2499.0,0.0
2747,501665,114,1,1199.0,0.0
2748,501665,102,3,3499.0,0.0
2749,501666,125,1,1299.0,194.85
2750,501667,103,1,2499.0,374.85
2751,501668,141,1,249.0,0.0
2752,501669,107,1,1199.0,179.85
2753,501670,140,1,599.0,89.85
2754,501671,143,1,799.0,0.0
2755,501671,108,1,399.0,0.0
2756,501671,113,2,1299.0,0.0
2757,501672,125,1,1299.0,0.0
2758,501672,136,1,899.0,0.0
2759,501672,101,1,1999.0,0.0
2760,501673,105,1,2299.0,344.85
2761,501673,118,1,899.0,134.85
2762,501674,117,1,2999.0,449.85
2763,501675,116,2,2499.0,0.0
2764,501676,101,1,1999.0,0.0
2765,501677,107,1,1199.0,0.0
2766,501677,111,2,499.0,0.0
2767,501678,113,1,1299.0,0.0
2768,501679,113,1,1299.0,0.0
2769,501680,118,1,899.0,0.0
2770,501681,108,1,399.0,0.0
2771,501681,101,1,1999.0,0.0
2772,501682,102,1,3499.0,0.0
2773,501683,120,2,699.0,0.0
2774,501683,133,2,399.0,0.0
2775,501684,130,1,699.0,0.0
2776,501684,118,1,899.0,0.0
2777,501684,117,1,2999.0,0.0
2778,501685,109,2,3999.0,0.0
2779,501686,112,1,1499.0,0.0
2780,501686,109,1,3999.0,0.0
2781,501686,123,2,3299.0,0.0
2782,501687,125,1,1299.0,0.0
2783,501688,108,1,399.0,0.0
2784,501689,120,1,699.0,104.85
2785,501689,135,1,1499.0,224.85
2786,501690,107,2,1199.0,0.0
2787,501690,143,1,799.0,0.0
2788,501690,131,1,299.0,0.0
2789,501691,112,1,1499.0,224.85
2790,501692,133,1,399.0,0.0
2791,501693,107,1,1199.0,179.85
2792,501694,118,1,899.0,0.0
2793,501694,133,1,399.0,0.0
2794,501695,140,1,599.0,89.85
2795,501695,138,1,399.0,59.85
2796,501696,107,2,1199.0,0.0
2797,501697,123,1,3299.0,0.0
2798,501698,113,2,1299.0,129.9
2799,501698,130,2,699.0,69.9
2800,501699,104,1,4999.0,749.85
2801,501700,122,1,1899.0,0.0
2802,501701,123,1,3299.0,0.0
2803,501701,143,1,799.0,0.0
2804,501702,131,2,299.0,0.0
2805,501703,137,1,249.0,0.0
2806,501703,138,1,399.0,0.0
2807,501703,122,1,1899.0,0.0
2808,501704,112,3,1499.0,674.55
2809,501704,104,2,4999.0,1499.7
2810,501705,119,1,2199.0,0.0
2811,501706,129,1,549.0,0.0
2812,501706,147,1,1299.0,0.0
2813,501706,142,1,799.0,0.0
2814,501707,134,1,199.0,9.95
2815,501707,145,1,599.0,29.95
2816,501707,104,1,4999.0,249.95
2817,501708,136,1,899.0,0.0
2818,501708,120,1,699.0,0.0
2819,501708,135,1,1499.0,0.0
2820,501708,119,2,2199.0,0.0
2821,501709,111,2,499.0,0.0
2822,501709,117,1,2999.0,0.0
2823,501710,145,1,599.0,0.0
2824,501711,112,2,1499.0,0.0
2825,501712,132,1,449.0,0.0
2826,501712,118,1,899.0,0.0
2827,501713,106,1,1499.0,74.95
2828,501714,106,1,1499.0,0.0
2829,501715,103,1,2499.0,374.85
2830,501715,123,1,3299.0,494.85
2831,501715,124,1,1099.0,164.85
2832,501715,113,1,1299.0,194.85
2833,501716,108,1,399.0,59.85
2834,501716,138,1,399.0,59.85
2835,501716,125,1,1299.0,194.85
2836,501716,135,1,1499.0,224.85
2837,501717,125,2,1299.0,0.0
2838,501717,117,1,2999.0,0.0
2839,501717,137,1,249.0,0.0
2840,501718,127,1,649.0,97.35
2841,501719,124,2,1099.0,329.7
2842,501720,114,1,1199.0,0.0
2843,501721,109,1,3999.0,599.85
2844,501721,135,2,1499.0,449.7
2845,501721,101,2,1999.0,599.7
2846,501722,120,1,699.0,0.0
2847,501723,144,1,2999.0,0.0
2848,501724,108,1,399.0,59.85
2849,501724,139,1,349.0,52.35
2850,501725,143,1,799.0,119.85
2851,501726,104,1,4999.0,249.95
2852,501727,132,1,449.0,67.35
2853,501728,119,3,2199.0,0.0
2854,501729,123,1,3299.0,0.0
2855,501730,111,1,499.0,74.85
2856,501730,117,1,2999.0,449.85
2857,501731,106,1,1499.0,0.0
2858,501731,130,2,699.0,0.0
2859,501731,113,1,1299.0,0.0
2860,501731,139,2,349.0,0.0
2861,501732,148,1,699.0,0.0
2862,501732,103,1,2499.0,0.0
2863,501732,111,1,499.0,0.0
2864,501733,147,1,1299.0,194.85
2865,501734,116,1,2499.0,0.0
2866,501735,130,2,699.0,0.0
2867,501736,126,2,449.0,134.7
2868,501737,102,1,3499.0,174.95
2869,501738,108,1,399.0,59.85
2870,501739,137,2,249.0,0.0
2871,501740,114,1,1199.0,179.85
2872,501741,131,1,299.0,0.0
2873,501742,129,1,549.0,0.0
2874,501743,123,1,3299.0,0.0
2875,501744,145,2,599.0,0.0
2876,501744,106,1,1499.0,0.0
2877,501745,101,1,1999.0,299.85
2878,501746,121,1,2799.0,419.85
2879,501747,111,1,499.0,0.0
2880,501747,128,1,999.0,0.0
2881,501748,128,1,999.0,149.85
2882,501749,112,2,1499.0,449.7
2883,501750,131,1,299.0,0.0
2884,501750,101,3,1999.0,0.0
2885,501750,117,1,2999.0,0.0
2886,501751,124,2,1099.0,0.0
2887,501752,106,1,1499.0,224.85
2888,501752,113,1,1299.0,194.85
2889,501753,137,1,249.0,0.0
2890,501753,118,1,899.0,0.0
2891,501753,112,1,1499.0,0.0
2892,501754,138,3,399.0,0.0
2893,501755,127,1,649.0,0.0
2894,501755,126,1,449.0,0.0
2895,501756,102,1,3499.0,0.0
2896,501756,116,1,2499.0,0.0
2897,501757,127,2,649.0,0.0
2898,501758,129,1,549.0,0.0
2899,501759,103,2,2499.0,0.0
2900,501760,137,1,249.0,0.0
2901,501760,118,2,899.0,0.0
2902,501761,135,1,1499.0,0.0
2903,501761,138,1,399.0,0.0
2904,501761,136,1,899.0,0.0
2905,501761,117,1,2999.0,0.0
2906,501762,109,1,3999.0,0.0
2907,501762,113,1,1299.0,0.0
2908,501763,105,2,2299.0,0.0
2909,501763,110,1,799.0,0.0
2910,501763,102,1,3499.0,0.0
2911,501764,114,1,1199.0,0.0
2912,501765,130,1,699.0,0.0
2913,501766,110,1,799.0,0.0
2914,501767,102,1,3499.0,0.0
2915,501767,109,1,3999.0,0.0
2916,501768,113,3,1299.0,584.55
2917,501769,114,1,1199.0,0.0
2918,501770,131,1,299.0,0.0
2919,501770,125,2,1299.0,0.0
2920,501770,104,1,4999.0,0.0
2921,501771,112,1,1499.0,0.0
2922,501771,137,1,249.0,0.0
2923,501772,127,1,649.0,0.0
2924,501772,107,1,1199.0,0.0
2925,501773,141,1,249.0,0.0
2926,501774,124,2,1099.0,0.0
2927,501775,113,1,1299.0,0.0
2928,501775,135,1,1499.0,0.0
2929,501776,121,1,2799.0,0.0
2930,501777,139,1,349.0,17.45
2931,501777,105,1,2299.0,114.95
2932,501777,124,1,1099.0,54.95
2933,501778,122,1,1899.0,0.0
2934,501778,113,1,1299.0,0.0
2935,501778,116,3,2499.0,0.0
2936,501779,137,1,249.0,12.45
2937,501780,123,1,3299.0,0.0
2938,501781,126,2,449.0,0.0
2939,501781,105,1,2299.0,0.0
2940,501781,117,1,2999.0,0.0
2941,501782,135,2,1499.0,449.7
2942,501783,113,1,1299.0,194.85
2943,501784,134,1,199.0,0.0
2944,501785,115,1,3999.0,0.0
2945,501785,130,1,699.0,0.0
2946,501786,102,1,3499.0,524.85
2947,501786,103,1,2499.0,374.85
2948,501787,116,1,2499.0,0.0
2949,501787,112,1,1499.0,0.0
2950,501787,102,1,3499.0,0.0
2951,501788,135,1,1499.0,0.0
2952,501789,133,2,399.0,0.0
2953,501790,124,1,1099.0,0.0
2954,501791,147,1,1299.0,0.0
2955,501792,101,1,1999.0,0.0
2956,501793,106,1,1499.0,0.0
2957,501794,131,1,299.0,44.85
2958,501794,114,1,1199.0,179.85
2959,501794,121,1,2799.0,419.85
2960,501794,135,1,1499.0,224.85
2961,501795,135,1,1499.0,74.95
2962,501795,101,1,1999.0,99.95
2963,501796,127,1,649.0,97.35
2964,501796,120,2,699.0,209.7
2965,501796,144,1,2999.0,449.85
2966,501797,103,1,2499.0,0.0
2967,501798,137,1,249.0,0.0
2968,501798,114,1,1199.0,0.0
2969,501799,132,1,449.0,22.45
2970,501800,109,2,3999.0,0.0
2971,501801,119,1,2199.0,0.0
2972,501802,126,1,449.0,0.0
2973,501803,123,1,3299.0,494.85
2974,501803,122,1,1899.0,284.85
2975,501803,147,1,1299.0,194.85
2976,501804,131,1,299.0,0.0
2977,501804,128,1,999.0,0.0
2978,501804,137,2,249.0,0.0
2979,501805,106,2,1499.0,0.0
2980,501805,140,1,599.0,0.0
2981,501806,138,1,399.0,0.0
2982,501807,111,1,499.0,74.85
2983,501808,121,1,2799.0,0.0
2984,501808,120,1,699.0,0.0
2985,501809,119,1,2199.0,0.0
2986,501810,127,1,649.0,0.0
2987,501810,118,1,899.0,0.0
2988,501811,118,1,899.0,0.0
2989,501811,124,1,1099.0,0.0
2990,501811,117,1,2999.0,0.0
2991,501812,147,1,1299.0,0.0
2992,501813,109,1,3999.0,0.0
2993,501814,105,1,2299.0,0.0
2994,501815,137,2,249.0,0.0
2995,501816,112,1,1499.0,0.0
2996,501816,130,1,699.0,0.0
2997,501816,131,1,299.0,0.0
2998,501817,104,1,4999.0,0.0
2999,501818,107,1,1199.0,0.0
3000,501819,122,1,1899.0,284.85
3001,501819,135,1,1499.0,224.85
3002,501819,106,1,1499.0,224.85
3003,501820,111,1,499.0,0.0
3004,501820,103,1,2499.0,0.0
3005,501821,134,1,199.0,29.85
3006,501822,136,2,899.0,0.0
3007,501822,111,1,499.0,0.0
3008,501822,101,1,1999.0,0.0
3009,501823,116,1,2499.0,374.85
3010,501823,127,1,649.0,97.35
3011,501824,138,1,399.0,0.0
3012,501825,113,1,1299.0,0.0
3013,501826,117,1,2999.0,0.0
3014,501826,116,1,2499.0,0.0
3015,501827,108,1,399.0,0.0
3016,501827,118,1,899.0,0.0
3017,501828,147,3,1299.0,584.55
3018,501829,131,1,299.0,0.0
3019,501830,112,1,1499.0,0.0
3020,501830,106,2,1499.0,0.0
3021,501831,117,1,2999.0,0.0
3022,501831,107,3,1199.0,0.0
3023,501832,128,1,999.0,49.95
3024,501833,108,2,399.0,0.0
3025,501834,144,1,2999.0,0.0
3026,501835,113,2,1299.0,0.0
3027,501835,143,3,799.0,0.0
3028,501835,129,1,549.0,0.0
3029,501836,105,1,2299.0,0.0
3030,501836,143,1,799.0,0.0
3031,501836,126,1,449.0,0.0
3032,501836,139,2,349.0,0.0
3033,501837,131,3,299.0,134.55
3034,501838,111,1,499.0,74.85
3035,501839,116,1,2499.0,374.85
3036,501839,112,1,1499.0,224.85
3037,501840,131,1,299.0,44.85
3038,501840,125,1,1299.0,194.85
3039,501841,112,1,1499.0,0.0
3040,501841,106,1,1499.0,0.0
3041,501842,139,1,349.0,0.0
3042,501842,145,1,599.0,0.0
3043,501843,101,2,1999.0,199.9
3044,501843,135,1,1499.0,74.95
3045,501844,107,1,1199.0,0.0
3046,501845,116,1,2499.0,0.0
3047,501845,114,1,1199.0,0.0
3048,501846,114,1,1199.0,0.0
3049,501847,115,2,3999.0,0.0
3050,501847,109,1,3999.0,0.0
3051,501848,116,1,2499.0,0.0
3052,501848,111,1,499.0,0.0
3053,501849,111,1,499.0,74.85
3054,501850,109,1,3999.0,0.0
3055,501851,127,1,649.0,0.0
3056,501851,110,1,799.0,0.0
3057,501852,128,1,999.0,0.0
3058,501852,117,1,2999.0,0.0
3059,501852,113,1,1299.0,0.0
3060,501853,140,1,599.0,0.0
3061,501853,104,1,4999.0,0.0
3062,501854,143,2,799.0,0.0
3063,501855,117,1,2999.0,0.0
3064,501855,116,1,2499.0,0.0
3065,501856,118,2,899.0,0.0
3066,501857,113,1,1299.0,0.0
3067,501858,116,1,2499.0,0.0
3068,501859,102,1,3499.0,0.0
3069,501860,127,1,649.0,97.35
3070,501860,137,1,249.0,37.35
3071,501861,104,1,4999.0,749.85
3072,501862,134,1,199.0,0.0
3073,501863,114,1,1199.0,59.95
3074,501864,115,1,3999.0,0.0
3075,501865,124,1,1099.0,0.0
3076,501866,101,1,1999.0,0.0
3077,501866,105,1,2299.0,0.0
3078,501866,123,1,3299.0,0.0
3079,501867,120,1,699.0,104.85
3080,501868,108,1,399.0,0.0
3081,501869,126,1,449.0,0.0
3082,501870,117,1,2999.0,0.0
3083,501870,110,1,799.0,0.0
3084,501870,108,1,399.0,0.0
3085,501870,107,2,1199.0,0.0
3086,501871,107,1,1199.0,0.0
3087,501871,114,1,1199.0,0.0
3088,501872,120,1,699.0,0.0
3089,501872,145,1,599.0,0.0
3090,501873,143,1,799.0,39.95
3091,501873,111,2,499.0,49.9
3092,501874,114,3,1199.0,0.0
3093,501875,139,2,349.0,0.0
3094,501876,129,1,549.0,0.0
3095,501876,119,1,2199.0,0.0
3096,501877,113,1,1299.0,0.0
3097,501878,145,3,599.0,269.55
3098,501879,116,1,2499.0,374.85
3099,501879,117,1,2999.0,449.85
3100,501880,132,1,449.0,0.0
3101,501880,129,1,549.0,0.0
3102,501880,101,1,1999.0,0.0
3103,501881,135,1,1499.0,224.85
3104,501881,119,1,2199.0,329.85
3105,501882,120,1,699.0,0.0
3106,501883,134,1,199.0,0.0
3107,501883,113,1,1299.0,0.0
3108,501883,120,1,699.0,0.0
3109,501884,143,3,799.0,119.85
3110,501884,134,1,199.0,9.95
3111,501885,103,1,2499.0,374.85
3112,501886,127,1,649.0,0.0
3113,501887,111,2,499.0,149.7
3114,501887,137,1,249.0,37.35
3115,501888,120,1,699.0,0.0
3116,501888,116,1,2499.0,0.0
3117,501888,111,1,499.0,0.0
3118,501889,119,3,2199.0,0.0
3119,501890,110,1,799.0,0.0
3120,501891,123,1,3299.0,0.0
3121,501891,111,1,499.0,0.0
3122,501892,113,2,1299.0,0.0
3123,501893,110,1,799.0,0.0
3124,501893,113,1,1299.0,0.0
3125,501894,137,1,249.0,37.35
3126,501894,111,1,499.0,74.85
3127,501894,120,1,699.0,104.85
3128,501895,134,1,199.0,0.0
3129,501895,101,1,1999.0,0.0
3130,501896,125,1,1299.0,0.0
3131,501896,103,1,2499.0,0.0
3132,501896,105,2,2299.0,0.0
3133,501897,141,1,249.0,0.0
3134,501898,137,2,249.0,74.7
3135,501899,118,2,899.0,269.7
3136,501899,123,2,3299.0,989.7
3137,501900,141,1,249.0,0.0
3138,501900,137,1,249.0,0.0
3139,501901,111,1,499.0,0.0
3140,501902,142,2,799.0,0.0
3141,501902,115,1,3999.0,0.0
3142,501903,107,1,1199.0,59.95
3143,501903,108,1,399.0,19.95
3144,501903,109,1,3999.0,199.95
3145,501903,135,1,1499.0,74.95
3146,501904,125,1,1299.0,0.0
3147,501904,137,1,249.0,0.0
3148,501905,130,3,699.0,0.0
3149,501905,114,2,1199.0,0.0
3150,501906,121,1,2799.0,0.0
3151,501907,109,1,3999.0,599.85
3152,501908,106,1,1499.0,224.85
3153,501909,103,2,2499.0,0.0
3154,501910,126,1,449.0,22.45
3155,501910,118,1,899.0,44.95
3156,501910,147,1,1299.0,64.95
3157,501910,124,2,1099.0,109.9
3158,501911,120,1,699.0,0.0
3159,501911,107,1,1199.0,0.0
3160,501912,121,1,2799.0,419.85
3161,501912,114,1,1199.0,179.85
3162,501913,112,1,1499.0,224.85
3163,501913,144,1,2999.0,449.85
3164,501913,129,1,549.0,82.35
3165,501914,118,2,899.0,0.0
3166,501914,128,1,999.0,0.0
3167,501915,143,1,799.0,0.0
3168,501915,112,1,1499.0,0.0
3169,501916,102,1,3499.0,524.85
3170,501917,102,1,3499.0,0.0
3171,501918,104,1,4999.0,0.0
3172,501918,124,1,1099.0,0.0
3173,501919,124,1,1099.0,0.0
3174,501920,117,1,2999.0,449.85
3175,501920,121,1,2799.0,419.85
3176,501921,118,1,899.0,0.0
3177,501921,125,1,1299.0,0.0
3178,501921,139,1,349.0,0.0
3179,501922,109,1,3999.0,0.0
3180,501922,112,1,1499.0,0.0
3181,501923,142,1,799.0,0.0
3182,501923,110,1,799.0,0.0
3183,501924,109,1,3999.0,0.0
3184,501924,140,1,599.0,0.0
3185,501924,104,1,4999.0,0.0
3186,501925,113,1,1299.0,0.0
3187,501925,137,2,249.0,0.0
3188,501926,103,1,2499.0,0.0
3189,501926,135,1,1499.0,0.0
3190,501926,107,1,1199.0,0.0
3191,501927,122,1,1899.0,0.0
3192,501928,122,1,1899.0,284.85
3193,501929,106,1,1499.0,0.0
3194,501929,113,2,1299.0,0.0
3195,501930,131,1,299.0,0.0
3196,501931,112,2,1499.0,149.9
3197,501931,137,1,249.0,12.45
3198,501932,101,1,1999.0,0.0
3199,501933,117,1,2999.0,449.85
3200,501934,120,1,699.0,0.0
3201,501935,147,1,1299.0,0.0
3202,501936,137,1,249.0,37.35
3203,501937,105,2,2299.0,0.0
3204,501938,106,1,1499.0,0.0
3205,501939,116,1,2499.0,124.95
3206,501940,120,1,699.0,0.0
3207,501940,112,1,1499.0,0.0
3208,501941,111,1,499.0,0.0
3209,501941,123,1,3299.0,0.0
3210,501942,136,1,899.0,134.85
3211,501942,117,1,2999.0,449.85
3212,501943,128,1,999.0,0.0
3213,501944,112,1,1499.0,224.85
3214,501944,120,1,699.0,104.85
3215,501944,132,1,449.0,67.35
3216,501945,109,1,3999.0,0.0
3217,501946,127,3,649.0,0.0
3218,501947,123,1,3299.0,0.0
3219,501947,110,1,799.0,0.0
3220,501948,143,1,799.0,0.0
3221,501949,116,1,2499.0,0.0
3222,501950,123,1,3299.0,0.0
3223,501950,139,1,349.0,0.0
3224,501951,138,1,399.0,0.0
3225,501952,123,1,3299.0,0.0
3226,501952,144,1,2999.0,0.0
3227,501953,103,1,2499.0,0.0
3228,501954,121,1,2799.0,139.95
3229,501954,113,1,1299.0,64.95
3230,501954,137,1,249.0,12.45
3231,501955,104,1,4999.0,0.0
3232,501955,133,1,399.0,0.0
3233,501956,135,1,1499.0,224.85
3234,501956,114,1,1199.0,179.85
3235,501957,123,1,3299.0,0.0
3236,501958,146,1,4499.0,674.85
3237,501959,111,1,499.0,0.0
3238,501959,123,1,3299.0,0.0
3239,501959,121,1,2799.0,0.0
3240,501959,112,1,1499.0,0.0
3241,501960,124,2,1099.0,0.0
3242,501961,122,2,1899.0,0.0
3243,501962,130,1,699.0,0.0
3244,501962,111,1,499.0,0.0
3245,501962,108,3,399.0,0.0
3246,501963,123,1,3299.0,0.0
3247,501963,137,1,249.0,0.0
3248,501963,104,1,4999.0,0.0
3249,501964,110,1,799.0,0.0
3250,501965,118,1,899.0,0.0
3251,501966,114,1,1199.0,0.0
3252,501967,140,1,599.0,89.85
3253,501967,135,1,1499.0,224.85
3254,501967,101,1,1999.0,299.85
3255,501967,148,1,699.0,104.85
3256,501968,122,2,1899.0,0.0
3257,501969,115,1,3999.0,0.0
3258,501970,107,1,1199.0,179.85
3259,501970,111,1,499.0,74.85
3260,501971,116,2,2499.0,749.7
3261,501972,148,1,699.0,0.0
3262,501973,123,2,3299.0,329.9
3263,501973,122,1,1899.0,94.95
3264,501973,117,1,2999.0,149.95
3265,501974,132,2,449.0,0.0
3266,501974,115,1,3999.0,0.0
3267,501975,124,1,1099.0,0.0
3268,501976,124,3,1099.0,164.85
3269,501976,144,1,2999.0,149.95
3270,501977,124,1,1099.0,0.0
3271,501978,134,1,199.0,0.0
3272,501979,116,2,2499.0,749.7
3273,501979,145,1,599.0,89.85
3274,501980,124,1,1099.0,0.0
3275,501981,124,3,1099.0,494.55
3276,501981,139,1,349.0,52.35
3277,501982,103,3,2499.0,0.0
3278,501982,104,1,4999.0,0.0
3279,501983,141,1,249.0,37.35
3280,501983,118,1,899.0,134.85
3281,501983,138,1,399.0,59.85
3282,501983,114,1,1199.0,179.85
3283,501984,140,1,599.0,0.0
3284,501984,147,1,1299.0,0.0
3285,501985,114,1,1199.0,179.85
3286,501986,104,2,4999.0,0.0
3287,501986,106,1,1499.0,0.0
3288,501986,134,1,199.0,0.0
3289,501987,112,1,1499.0,224.85
3290,501988,102,3,3499.0,0.0
3291,501988,146,2,4499.0,0.0
3292,501988,147,1,1299.0,0.0
3293,501989,136,1,899.0,0.0
3294,501989,108,1,399.0,0.0
3295,501989,109,1,3999.0,0.0
3296,501990,141,1,249.0,0.0
3297,501991,135,1,1499.0,0.0
3298,501991,123,1,3299.0,0.0
3299,501991,109,1,3999.0,0.0
3300,501992,135,1,1499.0,224.85
3301,501993,112,1,1499.0,0.0
3302,501993,104,1,4999.0,0.0
3303,501993,128,1,999.0,0.0
3304,501993,113,1,1299.0,0.0
3305,501994,110,1,799.0,39.95
3306,501994,111,1,499.0,24.95
3307,501994,128,1,999.0,49.95
3308,501995,126,1,449.0,0.0
3309,501996,128,1,999.0,0.0
3310,501997,128,3,999.0,449.55
3311,501997,116,1,2499.0,374.85
3312,501998,117,1,2999.0,0.0
3313,501999,118,2,899.0,0.0
3314,501999,115,1,3999.0,0.0
3315,502000,111,1,499.0,0.0
3316,502000,102,1,3499.0,0.0
3317,502001,111,1,499.0,0.0
3318,502002,135,1,1499.0,0.0
3319,502002,114,1,1199.0,0.0
3320,502003,144,2,2999.0,0.0
3321,502004,125,1,1299.0,0.0
3322,502005,102,1,3499.0,174.95
3323,502005,114,1,1199.0,59.95
3324,502005,125,1,1299.0,64.95
3325,502006,128,1,999.0,0.0
3326,502007,123,1,3299.0,0.0
3327,502008,102,1,3499.0,0.0
3328,502008,133,1,399.0,0.0
3329,502009,116,1,2499.0,374.85
3330,502009,123,1,3299.0,494.85
3331,502010,121,1,2799.0,0.0
3332,502011,143,1,799.0,0.0
3333,502012,118,1,899.0,0.0
3334,502013,142,2,799.0,0.0
3335,502014,119,2,2199.0,659.7
3336,502014,116,1,2499.0,374.85
3337,502014,122,1,1899.0,284.85
3338,502015,119,1,2199.0,0.0
3339,502016,147,1,1299.0,0.0
3340,502016,114,1,1199.0,0.0
3341,502017,134,1,199.0,0.0
3342,502017,116,1,2499.0,0.0
3343,502018,137,1,249.0,0.0
3344,502019,106,3,1499.0,0.0
3345,502020,111,1,499.0,0.0
3346,502020,142,1,799.0,0.0
3347,502020,102,1,3499.0,0.0
3348,502021,118,1,899.0,134.85
3349,502022,112,1,1499.0,224.85
3350,502022,123,1,3299.0,494.85
3351,502023,137,1,249.0,0.0
3352,502024,112,1,1499.0,74.95
3353,502025,116,1,2499.0,0.0
3354,502025,123,1,3299.0,0.0
3355,502025,109,1,3999.0,0.0
3356,502026,124,1,1099.0,0.0
3357,502026,117,1,2999.0,0.0
3358,502027,142,2,799.0,239.7
3359,502028,147,1,1299.0,0.0
3360,502029,113,1,1299.0,194.85
3361,502030,112,3,1499.0,0.0
3362,502031,144,1,2999.0,0.0
3363,502032,133,1,399.0,0.0
3364,502032,109,1,3999.0,0.0
3365,502033,116,2,2499.0,0.0
3366,502033,107,1,1199.0,0.0
3367,502034,102,1,3499.0,0.0
3368,502035,123,1,3299.0,494.85
3369,502036,104,1,4999.0,749.85
3370,502036,131,1,299.0,44.85
3371,502037,131,2,299.0,89.7
3372,502037,129,2,549.0,164.7
3373,502038,120,1,699.0,0.0
3374,502038,111,2,499.0,0.0
3375,502039,122,1,1899.0,94.95
3376,502039,116,1,2499.0,124.95
3377,502039,111,2,499.0,49.9
3378,502040,111,1,499.0,24.95
3379,502041,116,2,2499.0,0.0
3380,502042,147,1,1299.0,0.0
3381,502043,102,1,3499.0,0.0
3382,502044,130,1,699.0,104.85
3383,502045,111,1,499.0,0.0
3384,502045,108,1,399.0,0.0
3385,502046,136,1,899.0,134.85
3386,502046,144,3,2999.0,1349.55
3387,502046,127,1,649.0,97.35
3388,502047,118,2,899.0,0.0
3389,502048,131,2,299.0,89.7
3390,502049,115,1,3999.0,599.85
3391,502049,131,1,299.0,44.85
3392,502050,130,1,699.0,0.0
3393,502051,117,1,2999.0,0.0
3394,502052,112,1,1499.0,0.0
3395,502052,140,1,599.0,0.0
3396,502053,122,1,1899.0,0.0
3397,502053,123,1,3299.0,0.0
3398,502054,138,1,399.0,0.0
3399,502055,136,2,899.0,0.0
3400,502056,110,1,799.0,0.0
3401,502056,105,1,2299.0,0.0
3402,502057,123,1,3299.0,0.0
3403,502057,102,1,3499.0,0.0
3404,502058,130,1,699.0,0.0
3405,502059,116,1,2499.0,374.85
3406,502059,147,1,1299.0,194.85
3407,502060,128,1,999.0,0.0
3408,502061,104,1,4999.0,749.85
3409,502062,134,1,199.0,0.0
3410,502063,140,1,599.0,89.85
3411,502064,105,1,2299.0,0.0
3412,502065,146,1,4499.0,0.0
3413,502066,102,2,3499.0,0.0
3414,502066,118,2,899.0,0.0
3415,502066,138,1,399.0,0.0
3416,502067,116,1,2499.0,124.95
3417,502068,113,2,1299.0,389.7
3418,502069,134,3,199.0,29.85
3419,502070,104,1,4999.0,0.0
3420,502070,101,1,1999.0,0.0
3421,502071,113,1,1299.0,0.0
3422,502072,107,2,1199.0,0.0
3423,502073,138,1,399.0,0.0
3424,502073,144,1,2999.0,0.0
3425,502074,137,1,249.0,0.0
3426,502074,119,1,2199.0,0.0
3427,502075,113,1,1299.0,0.0
3428,502076,112,1,1499.0,0.0
3429,502077,129,1,549.0,0.0
3430,502077,130,2,699.0,0.0
3431,502078,147,3,1299.0,0.0
3432,502079,101,1,1999.0,0.0
3433,502080,116,1,2499.0,374.85
3434,502081,120,2,699.0,209.7
3435,502081,118,1,899.0,134.85
3436,502082,116,1,2499.0,0.0
3437,502082,137,1,249.0,0.0
3438,502083,121,1,2799.0,419.85
3439,502084,132,3,449.0,0.0
3440,502085,102,1,3499.0,0.0
3441,502086,114,2,1199.0,119.9
3442,502087,104,1,4999.0,0.0
3443,502088,115,1,3999.0,199.95
3444,502088,112,1,1499.0,74.95
3445,502089,117,1,2999.0,0.0
3446,502089,107,2,1199.0,0.0
3447,502090,131,1,299.0,14.95
3448,502090,128,2,999.0,99.9
3449,502091,139,1,349.0,52.35
3450,502091,123,2,3299.0,989.7
3451,502092,140,1,599.0,0.0
3452,502092,133,2,399.0,0.0
3453,502092,112,1,1499.0,0.0
3454,502093,106,1,1499.0,0.0
3455,502093,101,2,1999.0,0.0
3456,502094,112,1,1499.0,224.85
3457,502095,137,2,249.0,0.0
3458,502096,147,3,1299.0,0.0
3459,502097,141,1,249.0,37.35
3460,502098,139,3,349.0,52.35
3461,502099,107,1,1199.0,0.0
3462,502099,102,1,3499.0,0.0
3463,502100,133,1,399.0,59.85
3464,502101,131,1,299.0,0.0
3465,502101,113,1,1299.0,0.0
3466,502102,125,2,1299.0,0.0
3467,502102,148,3,699.0,0.0
3468,502103,104,1,4999.0,249.95
3469,502103,128,1,999.0,49.95
3470,502104,101,1,1999.0,0.0
3471,502104,119,1,2199.0,0.0
3472,502104,107,1,1199.0,0.0
3473,502105,141,1,249.0,0.0
3474,502106,105,1,2299.0,0.0
3475,502106,119,1,2199.0,0.0
3476,502107,113,1,1299.0,194.85
3477,502108,128,1,999.0,0.0
3478,502109,114,1,1199.0,0.0
3479,502110,146,2,4499.0,1349.7
3480,502110,117,1,2999.0,449.85
3481,502111,123,1,3299.0,494.85
3482,502111,118,2,899.0,269.7
3483,502112,127,1,649.0,0.0
3484,502113,123,1,3299.0,0.0
3485,502113,113,1,1299.0,0.0
3486,502113,140,1,599.0,0.0
3487,502114,116,1,2499.0,0.0
3488,502115,107,2,1199.0,0.0
3489,502115,143,1,799.0,0.0
3490,502116,118,1,899.0,0.0
3491,502117,130,1,699.0,0.0
3492,502117,107,1,1199.0,0.0
3493,502118,122,1,1899.0,0.0
3494,502119,116,1,2499.0,0.0
3495,502120,125,1,1299.0,0.0
3496,502121,113,1,1299.0,64.95
3497,502121,108,1,399.0,19.95
3498,502122,117,1,2999.0,149.95
3499,502122,111,1,499.0,24.95
3500,502123,109,3,3999.0,0.0
3501,502123,113,1,1299.0,0.0
3502,502124,136,1,899.0,0.0
3503,502124,128,1,999.0,0.0
3504,502125,117,1,2999.0,0.0
3505,502125,132,1,449.0,0.0
3506,502126,115,1,3999.0,599.85
3507,502127,113,1,1299.0,0.0
3508,502127,105,1,2299.0,0.0
3509,502127,117,1,2999.0,0.0
3510,502127,112,2,1499.0,0.0
3511,502128,131,1,299.0,0.0
3512,502129,118,1,899.0,0.0
3513,502130,124,1,1099.0,0.0
3514,502131,109,1,3999.0,0.0
3515,502132,112,1,1499.0,224.85
3516,502133,114,1,1199.0,59.95
3517,502134,109,1,3999.0,0.0
3518,502134,113,1,1299.0,0.0
3519,502134,130,1,699.0,0.0
3520,502134,121,2,2799.0,0.0
3521,502135,102,1,3499.0,524.85
3522,502136,109,1,3999.0,0.0
3523,502137,122,1,1899.0,0.0
3524,502137,117,3,2999.0,0.0
3525,502137,108,1,399.0,0.0
3526,502138,116,1,2499.0,0.0
3527,502139,131,2,299.0,0.0
3528,502140,112,1,1499.0,0.0
3529,502141,126,1,449.0,0.0
3530,502142,118,3,899.0,404.55
3531,502143,111,1,499.0,0.0
3532,502143,126,3,449.0,0.0
3533,502144,143,1,799.0,39.95
3534,502144,138,1,399.0,19.95
3535,502145,136,1,899.0,0.0
3536,502145,131,1,299.0,0.0
3537,502146,118,1,899.0,134.85
3538,502146,147,1,1299.0,194.85
3539,502147,110,2,799.0,0.0
3540,502147,109,2,3999.0,0.0
3541,502148,117,1,2999.0,0.0
3542,502149,116,1,2499.0,0.0
3543,502150,123,1,3299.0,164.95
3544,502150,134,1,199.0,9.95
3545,502150,126,1,449.0,22.45
3546,502151,116,1,2499.0,124.95
3547,502152,119,1,2199.0,0.0
3548,502153,113,1,1299.0,64.95
3549,502153,130,1,699.0,34.95
3550,502154,106,1,1499.0,0.0
3551,502154,103,1,2499.0,0.0
3552,502155,131,1,299.0,0.0
3553,502155,118,1,899.0,0.0
3554,502156,116,1,2499.0,0.0
3555,502156,118,1,899.0,0.0
3556,502156,123,1,3299.0,0.0
3557,502157,147,1,1299.0,64.95
3558,502158,107,1,1199.0,0.0
3559,502158,122,1,1899.0,0.0
3560,502159,111,1,499.0,0.0
3561,502160,115,1,3999.0,0.0
3562,502161,126,1,449.0,0.0
3563,502162,124,1,1099.0,164.85
3564,502162,104,1,4999.0,749.85
3565,502163,110,1,799.0,0.0
3566,502164,130,2,699.0,209.7
3567,502164,109,1,3999.0,599.85
3568,502165,112,1,1499.0,0.0
3569,502165,145,1,599.0,0.0
3570,502165,123,1,3299.0,0.0
3571,502166,123,1,3299.0,0.0
3572,502167,116,3,2499.0,0.0
3573,502168,127,1,649.0,0.0
3574,502169,140,1,599.0,89.85
3575,502170,131,1,299.0,0.0
3576,502171,129,1,549.0,82.35
3577,502171,143,2,799.0,239.7
3578,502172,134,2,199.0,0.0
3579,502173,115,1,3999.0,0.0
3580,502174,114,1,1199.0,179.85
3581,502174,131,1,299.0,44.85
3582,502175,134,1,199.0,29.85
3583,502176,116,1,2499.0,0.0
3584,502176,106,1,1499.0,0.0
3585,502177,117,1,2999.0,0.0
3586,502177,118,1,899.0,0.0
3587,502177,108,3,399.0,0.0
3588,502178,136,3,899.0,0.0
3589,502178,109,1,3999.0,0.0
3590,502179,123,2,3299.0,989.7
3591,502180,114,1,1199.0,59.95
3592,502180,117,1,2999.0,149.95
3593,502181,111,1,499.0,0.0
3594,502182,140,1,599.0,0.0
3595,502182,107,2,1199.0,0.0
3596,502183,117,1,2999.0,0.0
3597,502183,125,1,1299.0,0.0
3598,502183,112,1,1499.0,0.0
3599,502184,125,1,1299.0,194.85
3600,502185,118,1,899.0,0.0
3601,502185,104,1,4999.0,0.0
3602,502186,120,1,699.0,0.0
3603,502187,143,2,799.0,0.0
3604,502188,109,1,3999.0,0.0
3605,502188,143,1,799.0,0.0
3606,502188,116,1,2499.0,0.0
3607,502189,124,2,1099.0,329.7
3608,502189,104,1,4999.0,749.85
3609,502190,113,1,1299.0,0.0
3610,502191,115,1,3999.0,599.85
3611,502191,124,1,1099.0,164.85
3612,502192,135,1,1499.0,0.0
3613,502192,102,1,3499.0,0.0
3614,502193,148,1,699.0,0.0
3615,502193,111,1,499.0,0.0
3616,502194,138,1,399.0,0.0
3617,502194,113,1,1299.0,0.0
3618,502194,107,2,1199.0,0.0
3619,502194,137,1,249.0,0.0
3620,502195,111,1,499.0,74.85
3621,502196,119,2,2199.0,0.0
3622,502197,116,1,2499.0,374.85
3623,502198,108,1,399.0,0.0
3624,502199,121,1,2799.0,0.0
3625,502199,109,1,3999.0,0.0
3626,502200,102,3,3499.0,0.0
3627,502200,126,1,449.0,0.0
3628,502200,122,1,1899.0,0.0
3629,502201,147,2,1299.0,0.0
3630,502202,104,1,4999.0,749.85
3631,502202,131,1,299.0,44.85
3632,502203,128,3,999.0,449.55
3633,502204,106,1,1499.0,0.0
3634,502205,120,1,699.0,0.0
3635,502206,126,1,449.0,0.0
3636,502206,102,1,3499.0,0.0
3637,502206,130,1,699.0,0.0
3638,502207,120,1,699.0,0.0
3639,502208,141,2,249.0,0.0
3640,502208,125,1,1299.0,0.0
3641,502208,112,1,1499.0,0.0
3642,502208,115,1,3999.0,0.0
3643,502209,142,1,799.0,0.0
3644,502210,106,1,1499.0,0.0
3645,502211,105,1,2299.0,114.95
3646,502211,103,1,2499.0,124.95
3647,502211,140,1,599.0,29.95
3648,502212,123,1,3299.0,494.85
3649,502213,126,1,449.0,0.0
3650,502214,125,1,1299.0,0.0
3651,502214,104,1,4999.0,0.0
3652,502214,123,2,3299.0,0.0
3653,502215,135,1,1499.0,0.0
3654,502216,143,1,799.0,0.0
3655,502217,131,1,299.0,44.85
3656,502218,120,1,699.0,0.0
3657,502218,111,2,499.0,0.0
3658,502219,126,2,449.0,0.0
3659,502220,108,2,399.0,0.0
3660,502221,135,1,1499.0,0.0
3661,502221,134,1,199.0,0.0
3662,502222,114,1,1199.0,0.0
3663,502223,111,1,499.0,74.85
3664,502223,109,1,3999.0,599.85
3665,502224,135,1,1499.0,224.85
3666,502224,102,1,3499.0,524.85
3667,502224,123,1,3299.0,494.85
3668,502225,107,1,1199.0,0.0
3669,502225,117,1,2999.0,0.0
3670,502226,111,1,499.0,74.85
3671,502227,141,1,249.0,0.0
3672,502228,135,1,1499.0,224.85
3673,502228,136,1,899.0,134.85
3674,502229,103,1,2499.0,0.0
3675,502229,115,1,3999.0,0.0
3676,502230,130,1,699.0,0.0
3677,502230,107,1,1199.0,0.0
3678,502231,109,1,3999.0,0.0
3679,502232,113,1,1299.0,0.0
3680,502233,101,1,1999.0,0.0
3681,502234,112,1,1499.0,0.0
3682,502234,121,1,2799.0,0.0
3683,502234,141,1,249.0,0.0
3684,502235,103,1,2499.0,374.85
3685,502235,101,1,1999.0,299.85
3686,502235,121,1,2799.0,419.85
3687,502236,117,2,2999.0,0.0
3688,502237,118,2,899.0,269.7
3689,502238,135,1,1499.0,0.0
3690,502239,112,1,1499.0,0.0
3691,502240,132,1,449.0,0.0
3692,502241,108,1,399.0,0.0
3693,502242,140,1,599.0,0.0
3694,502243,116,1,2499.0,0.0
3695,502243,102,1,3499.0,0.0
3696,502244,145,1,599.0,0.0
3697,502244,109,1,3999.0,0.0
3698,502244,134,1,199.0,0.0
3699,502245,113,1,1299.0,64.95
3700,502246,119,1,2199.0,329.85
3701,502247,140,1,599.0,89.85
3702,502247,124,1,1099.0,164.85
3703,502248,111,1,499.0,0.0
3704,502248,138,1,399.0,0.0
3705,502248,122,2,1899.0,0.0
3706,502249,143,2,799.0,239.7
3707,502250,137,1,249.0,0.0
3708,502250,120,1,699.0,0.0
3709,502251,130,2,699.0,0.0
3710,502251,116,1,2499.0,0.0
3711,502251,117,1,2999.0,0.0
3712,502252,118,1,899.0,0.0
3713,502252,141,1,249.0,0.0
3714,502253,112,1,1499.0,0.0
3715,502253,114,1,1199.0,0.0
3716,502253,131,1,299.0,0.0
3717,502253,130,2,699.0,0.0
3718,502254,123,2,3299.0,0.0
3719,502254,143,1,799.0,0.0
3720,502254,140,1,599.0,0.0
3721,502254,120,1,699.0,0.0
3722,502255,111,1,499.0,0.0
3723,502255,112,1,1499.0,0.0
3724,502255,137,1,249.0,0.0
3725,502256,121,1,2799.0,419.85
3726,502257,131,1,299.0,0.0
3727,502257,112,2,1499.0,0.0
3728,502258,141,1,249.0,37.35
3729,502259,104,1,4999.0,0.0
3730,502259,137,1,249.0,0.0
3731,502260,130,2,699.0,209.7
3732,502260,118,1,899.0,134.85
3733,502261,118,1,899.0,0.0
3734,502261,116,1,2499.0,0.0
3735,502262,113,1,1299.0,0.0
3736,502263,116,1,2499.0,0.0
3737,502264,135,1,1499.0,224.85
3738,502264,106,1,1499.0,224.85
3739,502265,124,2,1099.0,0.0
3740,502266,135,2,1499.0,449.7
3741,502267,112,1,1499.0,224.85
3742,502267,126,1,449.0,67.35
3743,502267,111,1,499.0,74.85
3744,502267,123,1,3299.0,494.85
3745,502268,139,1,349.0,0.0
3746,502269,128,2,999.0,0.0
3747,502269,134,1,199.0,0.0
3748,502270,123,1,3299.0,0.0
3749,502271,122,1,1899.0,0.0
3750,502272,135,1,1499.0,0.0
3751,502273,111,1,499.0,0.0
3752,502273,105,1,2299.0,0.0
3753,502273,121,2,2799.0,0.0
3754,502274,145,1,599.0,0.0
3755,502274,116,1,2499.0,0.0
3756,502274,109,1,3999.0,0.0
3757,502275,148,1,699.0,34.95
3758,502275,108,3,399.0,59.85
3759,502276,130,2,699.0,209.7
3760,502276,140,2,599.0,179.7
3761,502277,116,1,2499.0,0.0
3762,502277,147,1,1299.0,0.0
3763,502278,116,1,2499.0,374.85
3764,502279,109,1,3999.0,0.0
3765,502279,127,1,649.0,0.0
3766,502279,117,1,2999.0,0.0
3767,502280,144,1,2999.0,0.0
3768,502281,137,1,249.0,0.0
3769,502281,123,1,3299.0,0.0
3770,502282,113,1,1299.0,0.0
3771,502283,124,1,1099.0,0.0
3772,502284,144,1,2999.0,149.95
3773,502285,112,1,1499.0,224.85
3774,502286,122,1,1899.0,0.0
3775,502286,111,1,499.0,0.0
3776,502286,136,2,899.0,0.0
3777,502286,113,1,1299.0,0.0
3778,502287,139,1,349.0,0.0
3779,502288,122,1,1899.0,0.0
3780,502289,118,2,899.0,0.0
3781,502289,122,1,1899.0,0.0
3782,502290,113,1,1299.0,0.0
3783,502290,116,3,2499.0,0.0
3784,502291,123,1,3299.0,0.0
3785,502291,137,1,249.0,0.0
3786,502291,111,1,499.0,0.0
3787,502292,138,1,399.0,0.0
3788,502293,137,1,249.0,37.35
3789,502293,102,1,3499.0,524.85
3790,502294,101,1,1999.0,0.0
3791,502294,116,1,2499.0,0.0
3792,502295,109,1,3999.0,0.0
3793,502296,141,1,249.0,0.0
3794,502296,112,2,1499.0,0.0
3795,502296,104,1,4999.0,0.0
3796,502297,117,1,2999.0,0.0
3797,502298,104,1,4999.0,749.85
3798,502298,122,2,1899.0,569.7
3799,502299,126,1,449.0,0.0
3800,502300,139,2,349.0,104.7
3801,502301,113,1,1299.0,0.0
3802,502302,128,1,999.0,0.0
3803,502303,118,1,899.0,44.95
3804,502304,108,1,399.0,59.85
3805,502305,129,1,549.0,0.0
3806,502305,106,2,1499.0,0.0
3807,502306,111,1,499.0,24.95
3808,502306,110,1,799.0,39.95
3809,502306,137,2,249.0,24.9
3810,502307,103,1,2499.0,0.0
3811,502307,133,1,399.0,0.0
3812,502308,109,1,3999.0,0.0
3813,502308,120,1,699.0,0.0
3814,502308,108,1,399.0,0.0
3815,502309,111,1,499.0,0.0
3816,502310,132,1,449.0,67.35
3817,502310,134,1,199.0,29.85
3818,502311,128,2,999.0,99.9
3819,502312,133,1,399.0,59.85
3820,502312,128,1,999.0,149.85
3821,502312,106,1,1499.0,224.85
3822,502312,117,1,2999.0,449.85
3823,502313,141,2,249.0,0.0
3824,502314,141,1,249.0,37.35
3825,502314,117,2,2999.0,899.7
3826,502315,107,1,1199.0,0.0
3827,502315,132,1,449.0,0.0
3828,502315,135,2,1499.0,0.0
3829,502316,108,1,399.0,59.85
3830,502316,107,2,1199.0,359.7
3831,502317,138,1,399.0,0.0
3832,502318,102,2,3499.0,0.0
3833,502318,137,1,249.0,0.0
3834,502318,144,1,2999.0,0.0
3835,502319,107,1,1199.0,0.0
3836,502320,147,1,1299.0,0.0
3837,502320,142,1,799.0,0.0
3838,502320,140,1,599.0,0.0
3839,502321,120,1,699.0,0.0
3840,502322,112,1,1499.0,0.0
3841,502323,143,2,799.0,0.0
3842,502323,135,1,1499.0,0.0
3843,502324,108,1,399.0,0.0
3844,502324,120,1,699.0,0.0
3845,502324,102,1,3499.0,0.0
3846,502324,135,1,1499.0,0.0
3847,502325,123,1,3299.0,0.0
3848,502325,132,1,449.0,0.0
3849,502326,116,1,2499.0,0.0
3850,502327,145,1,599.0,0.0
3851,502328,105,1,2299.0,0.0
3852,502329,135,1,1499.0,74.95
3853,502330,124,1,1099.0,0.0
3854,502330,123,1,3299.0,0.0
3855,502330,135,2,1499.0,0.0
3856,502331,104,1,4999.0,249.95
3857,502331,114,1,1199.0,59.95
3858,502331,111,2,499.0,49.9
3859,502332,114,1,1199.0,0.0
3860,502332,122,1,1899.0,0.0
3861,502333,146,1,4499.0,674.85
3862,502333,119,1,2199.0,329.85
3863,502333,131,1,299.0,44.85
3864,502334,144,1,2999.0,449.85
3865,502335,112,1,1499.0,0.0
3866,502336,123,1,3299.0,0.0
3867,502337,102,1,3499.0,0.0
3868,502338,111,1,499.0,0.0
3869,502339,120,1,699.0,0.0
3870,502339,131,1,299.0,0.0
3871,502339,109,1,3999.0,0.0
3872,502340,117,2,2999.0,0.0
3873,502341,139,1,349.0,0.0
3874,502342,131,1,299.0,0.0
3875,502343,108,1,399.0,59.85
3876,502344,111,1,499.0,74.85
3877,502344,113,1,1299.0,194.85
3878,502345,113,2,1299.0,0.0
3879,502346,118,1,899.0,0.0
3880,502347,111,1,499.0,24.95
3881,502347,114,2,1199.0,119.9
3882,502348,138,2,399.0,0.0
3883,502349,135,1,1499.0,0.0
3884,502350,141,1,249.0,0.0
3885,502351,123,2,3299.0,0.0
3886,502352,103,1,2499.0,0.0
3887,502353,147,1,1299.0,0.0
3888,502354,147,1,1299.0,0.0
3889,502355,130,3,699.0,0.0
3890,502356,122,1,1899.0,0.0
3891,502357,105,1,2299.0,344.85
3892,502357,143,1,799.0,119.85
3893,502357,103,1,2499.0,374.85
3894,502358,106,1,1499.0,0.0
3895,502359,113,1,1299.0,0.0
3896,502360,124,1,1099.0,164.85
3897,502360,127,1,649.0,97.35
3898,502361,111,1,499.0,0.0
3899,502362,122,1,1899.0,0.0
3900,502363,138,1,399.0,0.0
3901,502364,134,1,199.0,0.0
3902,502365,137,3,249.0,0.0
3903,502366,104,1,4999.0,0.0
3904,502367,112,2,1499.0,0.0
3905,502368,123,1,3299.0,494.85
3906,502368,106,1,1499.0,224.85
3907,502369,102,1,3499.0,0.0
3908,502369,101,1,1999.0,0.0
3909,502369,115,1,3999.0,0.0
3910,502369,137,1,249.0,0.0
3911,502370,113,1,1299.0,194.85
3912,502371,138,2,399.0,0.0
3913,502371,105,1,2299.0,0.0
3914,502371,137,1,249.0,0.0
3915,502371,118,1,899.0,0.0
3916,502372,102,1,3499.0,0.0
3917,502373,115,1,3999.0,599.85
3918,502373,128,1,999.0,149.85
3919,502373,117,1,2999.0,449.85
3920,502374,108,2,399.0,119.7
3921,502375,148,1,699.0,0.0
3922,502375,139,1,349.0,0.0
3923,502376,137,2,249.0,0.0
3924,502377,120,3,699.0,0.0
3925,502377,137,1,249.0,0.0
3926,502377,116,1,2499.0,0.0
3927,502378,118,1,899.0,0.0
3928,502379,132,1,449.0,0.0
3929,502379,137,1,249.0,0.0
3930,502379,104,1,4999.0,0.0
3931,502379,116,2,2499.0,0.0
3932,502380,115,1,3999.0,0.0
3933,502380,120,1,699.0,0.0
3934,502380,116,1,2499.0,0.0
3935,502381,112,1,1499.0,224.85
3936,502381,109,1,3999.0,599.85
3937,502382,140,1,599.0,0.0
3938,502382,116,1,2499.0,0.0
3939,502382,105,2,2299.0,0.0
3940,502383,130,1,699.0,0.0
3941,502383,102,1,3499.0,0.0
3942,502383,126,1,449.0,0.0
3943,502384,143,1,799.0,0.0
3944,502385,119,1,2199.0,0.0
3945,502386,102,2,3499.0,0.0
3946,502387,117,1,2999.0,449.85
3947,502387,140,1,599.0,89.85
3948,502387,115,1,3999.0,599.85
3949,502388,124,1,1099.0,0.0
3950,502388,148,1,699.0,0.0
3951,502388,115,1,3999.0,0.0
3952,502388,105,1,2299.0,0.0
3953,502389,104,1,4999.0,0.0
3954,502390,111,1,499.0,74.85
3955,502391,122,1,1899.0,284.85
3956,502391,147,1,1299.0,194.85
3957,502392,131,1,299.0,0.0
3958,502392,117,1,2999.0,0.0
3959,502393,102,1,3499.0,524.85
3960,502393,119,1,2199.0,329.85
3961,502394,114,1,1199.0,0.0
3962,502394,141,1,249.0,0.0
3963,502395,133,1,399.0,0.0
3964,502396,143,1,799.0,0.0
3965,502396,122,1,1899.0,0.0
3966,502396,123,1,3299.0,0.0
3967,502397,104,1,4999.0,0.0
3968,502398,117,1,2999.0,0.0
3969,502398,121,1,2799.0,0.0
3970,502398,114,1,1199.0,0.0
3971,502398,123,1,3299.0,0.0
3972,502399,105,1,2299.0,0.0
3973,502400,118,1,899.0,134.85
3974,502401,111,2,499.0,0.0
3975,502402,106,1,1499.0,0.0
3976,502402,112,1,1499.0,0.0
3977,502402,105,1,2299.0,0.0
3978,502403,117,3,2999.0,0.0
3979,502404,123,1,3299.0,494.85
3980,502404,137,1,249.0,37.35
3981,502405,124,1,1099.0,0.0
3982,502406,109,1,3999.0,0.0
3983,502407,105,2,2299.0,0.0
3984,502407,116,1,2499.0,0.0
3985,502408,119,1,2199.0,0.0
3986,502408,134,1,199.0,0.0
3987,502408,125,1,1299.0,0.0
3988,502409,134,1,199.0,0.0
3989,502409,136,2,899.0,0.0
3990,502410,141,1,249.0,0.0
3991,502411,123,1,3299.0,494.85
3992,502412,128,1,999.0,49.95
3993,502413,127,1,649.0,32.45
3994,502413,111,1,499.0,24.95
3995,502414,132,1,449.0,0.0
3996,502415,135,1,1499.0,0.0
3997,502416,123,1,3299.0,0.0
3998,502416,107,1,1199.0,0.0
3999,502417,109,1,3999.0,599.85
4000,502417,131,1,299.0,44.85
4001,502418,125,1,1299.0,0.0
4002,502418,143,1,799.0,0.0
4003,502418,130,1,699.0,0.0
4004,502419,136,1,899.0,0.0
4005,502419,131,1,299.0,0.0
4006,502420,106,1,1499.0,0.0
4007,502420,117,1,2999.0,0.0
4008,502420,127,1,649.0,0.0
4009,502421,102,2,3499.0,0.0
4010,502422,120,1,699.0,0.0
4011,502423,120,1,699.0,0.0
4012,502423,128,1,999.0,0.0
4013,502423,106,1,1499.0,0.0
4014,502424,116,1,2499.0,0.0
4015,502425,147,2,1299.0,0.0
4016,502426,102,1,3499.0,0.0
4017,502427,119,2,2199.0,0.0
4018,502427,115,1,3999.0,0.0
4019,502427,140,3,599.0,0.0
4020,502428,120,1,699.0,0.0
4021,502429,135,1,1499.0,0.0
4022,502430,129,1,549.0,82.35
4023,502431,114,1,1199.0,0.0
4024,502432,104,1,4999.0,0.0
4025,502433,124,1,1099.0,0.0
4026,502433,106,1,1499.0,0.0
4027,502434,140,1,599.0,0.0
4028,502434,115,1,3999.0,0.0
4029,502434,120,1,699.0,0.0
4030,502434,103,1,2499.0,0.0
4031,502435,123,1,3299.0,494.85
4032,502435,101,1,1999.0,299.85
4033,502436,110,1,799.0,0.0
4034,502436,131,1,299.0,0.0
4035,502436,106,1,1499.0,0.0
4036,502437,139,1,349.0,52.35
4037,502437,131,1,299.0,44.85
4038,502438,116,2,2499.0,749.7
4039,502439,113,1,1299.0,0.0
4040,502439,137,1,249.0,0.0
4041,502439,128,1,999.0,0.0
4042,502440,135,2,1499.0,0.0
4043,502441,107,2,1199.0,0.0
4044,502441,135,2,1499.0,0.0
4045,502441,104,1,4999.0,0.0
4046,502442,114,1,1199.0,0.0
4047,502442,143,1,799.0,0.0
4048,502442,107,1,1199.0,0.0
4049,502442,113,1,1299.0,0.0
4050,502443,124,1,1099.0,0.0
4051,502443,101,1,1999.0,0.0
4052,502444,114,2,1199.0,0.0
4053,502445,135,1,1499.0,0.0
4054,502446,119,1,2199.0,0.0
4055,502447,125,1,1299.0,0.0
4056,502448,113,1,1299.0,64.95
4057,502449,109,1,3999.0,199.95
4058,502450,137,3,249.0,0.0
4059,502451,134,1,199.0,0.0
4060,502452,102,1,3499.0,524.85
4061,502452,144,2,2999.0,899.7
4062,502453,114,2,1199.0,0.0
4063,502454,110,2,799.0,0.0
4064,502455,123,1,3299.0,0.0
4065,502456,130,1,699.0,34.95
4066,502457,105,1,2299.0,344.85
4067,502457,121,1,2799.0,419.85
4068,502457,103,2,2499.0,749.7
4069,502457,106,1,1499.0,224.85
4070,502458,140,1,599.0,89.85
4071,502459,118,1,899.0,44.95
4072,502459,106,2,1499.0,149.9
4073,502459,113,1,1299.0,64.95
4074,502460,140,1,599.0,0.0
4075,502461,140,1,599.0,89.85
4076,502462,134,1,199.0,0.0
4077,502463,107,1,1199.0,0.0
4078,502464,115,1,3999.0,0.0
4079,502464,133,1,399.0,0.0
4080,502465,143,2,799.0,79.9
4081,502465,106,1,1499.0,74.95
4082,502466,103,1,2499.0,0.0
4083,502466,107,1,1199.0,0.0
4084,502467,120,1,699.0,0.0
4085,502468,122,1,1899.0,0.0
4086,502469,130,1,699.0,0.0
4087,502469,141,1,249.0,0.0
4088,502469,123,1,3299.0,0.0
4089,502469,126,1,449.0,0.0
4090,502470,120,2,699.0,0.0
4091,502471,117,1,2999.0,149.95
4092,502472,130,1,699.0,104.85
4093,502472,116,1,2499.0,374.85
4094,502473,115,1,3999.0,599.85
4095,502473,112,1,1499.0,224.85
4096,502474,118,1,899.0,134.85
4097,502475,147,1,1299.0,0.0
4098,502475,148,1,699.0,0.0
4099,502476,128,1,999.0,0.0
4100,502476,117,1,2999.0,0.0
4101,502476,138,1,399.0,0.0
4102,502476,136,1,899.0,0.0
4103,502477,104,1,4999.0,0.0
4104,502477,123,2,3299.0,0.0
4105,502478,133,1,399.0,0.0
4106,502478,125,1,1299.0,0.0
4107,502478,106,1,1499.0,0.0
4108,502478,117,1,2999.0,0.0
4109,502479,138,2,399.0,119.7
4110,502479,119,1,2199.0,329.85
4111,502480,130,1,699.0,0.0
4112,502481,147,1,1299.0,194.85
4113,502481,131,1,299.0,44.85
4114,502482,131,1,299.0,0.0
4115,502482,114,1,1199.0,0.0
4116,502483,118,1,899.0,134.85
4117,502483,134,1,199.0,29.85
4118,502483,117,3,2999.0,1349.55
4119,502484,126,1,449.0,67.35
4120,502484,104,1,4999.0,749.85
4121,502485,107,1,1199.0,0.0
4122,502485,102,1,3499.0,0.0
4123,502486,120,1,699.0,0.0
4124,502486,108,1,399.0,0.0
4125,502487,122,1,1899.0,94.95
4126,502487,107,2,1199.0,119.9
4127,502487,124,1,1099.0,54.95
4128,502488,136,1,899.0,0.0
4129,502489,107,1,1199.0,0.0
4130,502489,136,1,899.0,0.0
4131,502490,131,2,299.0,0.0
4132,502491,118,1,899.0,134.85
4133,502492,137,1,249.0,0.0
4134,502493,133,1,399.0,59.85
4135,502494,104,1,4999.0,249.95
4136,502495,128,1,999.0,0.0
4137,502496,139,2,349.0,104.7
4138,502496,106,1,1499.0,224.85
4139,502496,133,2,399.0,119.7
4140,502496,103,1,2499.0,374.85
4141,502497,121,2,2799.0,839.7
4142,502498,111,1,499.0,0.0
4143,502499,105,1,2299.0,0.0
4144,502500,137,1,249.0,0.0
4145,502501,116,2,2499.0,249.9
4146,502501,135,1,1499.0,74.95
4147,502502,124,1,1099.0,0.0
4148,502502,130,1,699.0,0.0
4149,502503,140,1,599.0,0.0
4150,502503,124,1,1099.0,0.0
4151,502504,117,2,2999.0,899.7
4152,502505,103,1,2499.0,0.0
4153,502506,106,1,1499.0,224.85
4154,502507,102,3,3499.0,0.0
4155,502507,118,1,899.0,0.0
4156,502507,144,1,2999.0,0.0
4157,502508,113,2,1299.0,0.0
4158,502509,107,2,1199.0,0.0
4159,502510,131,1,299.0,0.0
4160,502510,135,1,1499.0,0.0
4161,502511,123,1,3299.0,0.0
4162,502512,107,1,1199.0,0.0
4163,502513,131,1,299.0,0.0
4164,502513,129,1,549.0,0.0
4165,502514,116,1,2499.0,0.0
4166,502514,107,1,1199.0,0.0
4167,502514,111,1,499.0,0.0
4168,502515,114,1,1199.0,0.0
4169,502516,109,1,3999.0,0.0
4170,502516,142,1,799.0,0.0
4171,502516,105,1,2299.0,0.0
4172,502517,141,1,249.0,0.0
4173,502517,113,2,1299.0,0.0
4174,502517,112,1,1499.0,0.0
4175,502518,111,1,499.0,74.85
4176,502519,126,1,449.0,67.35
4177,502520,103,1,2499.0,124.95
4178,502521,117,1,2999.0,0.0
4179,502522,104,2,4999.0,0.0
4180,502522,125,2,1299.0,0.0
4181,502522,102,2,3499.0,0.0
4182,502522,126,2,449.0,0.0
4183,502523,141,1,249.0,37.35
4184,502524,131,1,299.0,0.0
4185,502525,118,1,899.0,0.0
4186,502525,111,1,499.0,0.0
4187,502525,126,2,449.0,0.0
4188,502526,137,1,249.0,37.35
4189,502527,131,1,299.0,0.0
4190,502528,140,1,599.0,89.85
4191,502528,127,1,649.0,97.35
4192,502529,115,1,3999.0,0.0
4193,502529,119,1,2199.0,0.0
4194,502529,102,1,3499.0,0.0
4195,502529,111,1,499.0,0.0
4196,502530,116,1,2499.0,374.85
4197,502530,117,1,2999.0,449.85
4198,502531,123,1,3299.0,494.85
4199,502532,119,1,2199.0,329.85
4200,502533,125,3,1299.0,194.85
4201,502533,137,1,249.0,12.45
4202,502534,113,1,1299.0,0.0
4203,502534,118,1,899.0,0.0
4204,502534,108,1,399.0,0.0
4205,502534,144,1,2999.0,0.0
4206,502535,116,1,2499.0,0.0
4207,502536,117,1,2999.0,0.0
4208,502537,138,1,399.0,59.85
4209,502537,131,1,299.0,44.85
4210,502537,110,2,799.0,239.7
4211,502537,140,1,599.0,89.85
4212,502538,105,1,2299.0,0.0
4213,502538,120,1,699.0,0.0
4214,502539,143,2,799.0,0.0
4215,502539,105,1,2299.0,0.0
4216,502540,112,1,1499.0,0.0
4217,502540,109,1,3999.0,0.0
4218,502541,125,3,1299.0,0.0
4219,502542,117,1,2999.0,0.0
4220,502543,143,1,799.0,0.0
4221,502543,131,1,299.0,0.0
4222,502544,116,1,2499.0,374.85
4223,502545,146,1,4499.0,0.0
4224,502546,107,1,1199.0,0.0
4225,502547,120,2,699.0,0.0
4226,502548,138,1,399.0,0.0
4227,502548,106,1,1499.0,0.0
4228,502548,111,1,499.0,0.0
4229,502549,127,1,649.0,0.0
4230,502549,111,1,499.0,0.0
4231,502550,105,1,2299.0,0.0
4232,502550,102,2,3499.0,0.0
4233,502550,133,1,399.0,0.0
4234,502550,112,1,1499.0,0.0
4235,502551,137,3,249.0,0.0
4236,502551,111,1,499.0,0.0
4237,502552,127,1,649.0,0.0
4238,502552,107,1,1199.0,0.0
4239,502552,116,1,2499.0,0.0
4240,502553,103,2,2499.0,749.7
4241,502553,113,1,1299.0,194.85
4242,502553,102,1,3499.0,524.85
4243,502554,104,1,4999.0,0.0
4244,502555,139,1,349.0,0.0
4245,502555,107,1,1199.0,0.0
4246,502555,127,1,649.0,0.0
4247,502556,131,2,299.0,0.0
4248,502557,106,1,1499.0,74.95
4249,502558,111,1,499.0,0.0
4250,502558,130,1,699.0,0.0
4251,502558,117,1,2999.0,0.0
4252,502558,106,1,1499.0,0.0
4253,502559,109,1,3999.0,0.0
4254,502559,145,1,599.0,0.0
4255,502559,133,1,399.0,0.0
4256,502559,113,1,1299.0,0.0
4257,502560,130,3,699.0,0.0
4258,502561,148,1,699.0,104.85
4259,502562,120,1,699.0,0.0
4260,502562,147,1,1299.0,0.0
4261,502563,122,1,1899.0,94.95
4262,502563,133,1,399.0,19.95
4263,502564,101,1,1999.0,299.85
4264,502565,142,1,799.0,0.0
4265,502565,105,1,2299.0,0.0
4266,502565,113,1,1299.0,0.0
4267,502566,103,1,2499.0,0.0
4268,502566,118,1,899.0,0.0
4269,502567,117,2,2999.0,0.0
4270,502567,121,1,2799.0,0.0
4271,502568,115,3,3999.0,0.0
4272,502569,106,2,1499.0,0.0
4273,502569,131,1,299.0,0.0
4274,502570,115,1,3999.0,0.0
4275,502570,112,1,1499.0,0.0
4276,502571,125,1,1299.0,0.0
4277,502572,104,1,4999.0,0.0
4278,502573,140,1,599.0,0.0
4279,502574,112,1,1499.0,0.0
4280,502575,145,1,599.0,0.0
4281,502576,131,1,299.0,0.0
4282,502577,140,1,599.0,0.0
4283,502578,112,1,1499.0,0.0
4284,502578,140,1,599.0,0.0
4285,502578,127,1,649.0,0.0
4286,502579,124,1,1099.0,0.0
4287,502579,106,2,1499.0,0.0
4288,502579,120,2,699.0,0.0
4289,502580,107,1,1199.0,179.85
4290,502580,115,1,3999.0,599.85
4291,502581,121,1,2799.0,0.0
4292,502582,132,1,449.0,67.35
4293,502582,118,1,899.0,134.85
4294,502583,113,3,1299.0,0.0
4295,502584,113,1,1299.0,194.85
4296,502585,116,1,2499.0,0.0
4297,502585,135,1,1499.0,0.0
4298,502585,104,2,4999.0,0.0
4299,502585,121,3,2799.0,0.0
4300,502586,130,1,699.0,0.0
4301,502586,103,1,2499.0,0.0
4302,502586,114,2,1199.0,0.0
4303,502587,122,1,1899.0,0.0
4304,502587,116,1,2499.0,0.0
4305,502588,115,1,3999.0,0.0
4306,502589,107,1,1199.0,0.0
4307,502590,120,1,699.0,0.0
4308,502590,119,1,2199.0,0.0
4309,502590,135,1,1499.0,0.0
4310,502590,131,1,299.0,0.0
4311,502591,109,1,3999.0,0.0
4312,502592,123,2,3299.0,0.0
4313,502592,115,1,3999.0,0.0
4314,502593,107,1,1199.0,0.0
4315,502593,121,2,2799.0,0.0
4316,502594,108,2,399.0,0.0
4317,502594,112,1,1499.0,0.0
4318,502594,143,1,799.0,0.0
4319,502595,111,2,499.0,0.0
4320,502595,126,1,449.0,0.0
4321,502596,104,1,4999.0,0.0
4322,502597,102,1,3499.0,0.0
4323,502597,107,1,1199.0,0.0
4324,502598,124,1,1099.0,164.85
4325,502598,108,1,399.0,59.85
4326,502599,143,1,799.0,0.0
4327,502600,129,3,549.0,82.35
4328,502600,128,1,999.0,49.95
4329,502600,138,1,399.0,19.95
4330,502601,102,1,3499.0,0.0
4331,502602,147,2,1299.0,389.7
4332,502602,106,1,1499.0,224.85
4333,502603,136,2,899.0,0.0
4334,502604,107,1,1199.0,179.85
4335,502605,130,1,699.0,104.85
4336,502606,115,1,3999.0,0.0
4337,502607,108,1,399.0,59.85
4338,502608,123,1,3299.0,0.0
4339,502608,144,1,2999.0,0.0
4340,502609,137,1,249.0,0.0
4341,502610,131,1,299.0,44.85
4342,502611,145,1,599.0,0.0
4343,502612,106,1,1499.0,0.0
4344,502613,113,1,1299.0,0.0
4345,502613,107,1,1199.0,0.0
4346,502614,113,1,1299.0,0.0
4347,502614,143,1,799.0,0.0
4348,502615,109,1,3999.0,0.0
4349,502615,122,1,1899.0,0.0
4350,502616,120,1,699.0,0.0
4351,502617,132,1,449.0,67.35
4352,502618,129,1,549.0,0.0
4353,502619,134,1,199.0,0.0
4354,502620,116,1,2499.0,374.85
4355,502621,115,1,3999.0,599.85
4356,502622,111,1,499.0,74.85
4357,502623,103,1,2499.0,0.0
4358,502624,127,1,649.0,0.0
4359,502624,118,1,899.0,0.0
4360,502625,144,1,2999.0,0.0
4361,502625,111,1,499.0,0.0
4362,502625,121,1,2799.0,0.0
4363,502626,117,2,2999.0,0.0
4364,502626,111,1,499.0,0.0
4365,502627,102,2,3499.0,0.0
4366,502628,113,1,1299.0,0.0
4367,502628,105,1,2299.0,0.0
4368,502628,104,3,4999.0,0.0
4369,502628,119,2,2199.0,0.0
4370,502629,116,2,2499.0,749.7
4371,502629,126,1,449.0,67.35
4372,502630,111,1,499.0,0.0
4373,502631,126,2,449.0,134.7
4374,502632,111,1,499.0,0.0
4375,502633,140,1,599.0,89.85
4376,502634,114,1,1199.0,179.85
4377,502635,111,1,499.0,74.85
4378,502635,139,1,349.0,52.35
4379,502635,113,1,1299.0,194.85
4380,502636,108,1,399.0,0.0
4381,502636,104,1,4999.0,0.0
4382,502637,130,1,699.0,0.0
4383,502638,117,1,2999.0,449.85
4384,502639,116,1,2499.0,0.0
4385,502639,115,1,3999.0,0.0
4386,502640,110,3,799.0,359.55
4387,502641,114,1,1199.0,59.95
4388,502642,130,1,699.0,104.85
4389,502642,110,1,799.0,119.85
4390,502643,143,2,799.0,239.7
4391,502644,133,1,399.0,19.95
4392,502644,111,2,499.0,49.9
4393,502645,127,1,649.0,97.35
4394,502646,133,1,399.0,59.85
4395,502647,126,1,449.0,0.0
4396,502648,106,1,1499.0,0.0
4397,502649,111,1,499.0,0.0
4398,502649,108,1,399.0,0.0
4399,502649,118,1,899.0,0.0
4400,502649,112,2,1499.0,0.0
4401,502650,130,1,699.0,0.0
4402,502650,134,1,199.0,0.0
4403,502651,118,1,899.0,0.0
4404,502652,103,2,2499.0,249.9
4405,502652,111,1,499.0,24.95
4406,502652,116,1,2499.0,124.95
4407,502652,130,1,699.0,34.95
4408,502653,140,2,599.0,0.0
4409,502653,118,1,899.0,0.0
4410,502653,136,3,899.0,0.0
4411,502654,143,1,799.0,0.0
4412,502655,106,1,1499.0,0.0
4413,502655,124,1,1099.0,0.0
4414,502655,110,1,799.0,0.0
4415,502656,111,1,499.0,74.85
4416,502657,126,1,449.0,0.0
4417,502657,112,1,1499.0,0.0
4418,502658,120,1,699.0,0.0
4419,502658,116,1,2499.0,0.0
4420,502659,141,1,249.0,37.35
4421,502660,113,2,1299.0,389.7
4422,502661,109,2,3999.0,0.0
4423,502661,130,1,699.0,0.0
4424,502661,111,1,499.0,0.0
4425,502661,147,1,1299.0,0.0
4426,502662,126,1,449.0,67.35
4427,502663,108,1,399.0,0.0
4428,502663,111,1,499.0,0.0
4429,502663,137,1,249.0,0.0
4430,502663,120,1,699.0,0.0
4431,502664,118,2,899.0,0.0
4432,502664,110,1,799.0,0.0
4433,502665,139,1,349.0,0.0
4434,502665,109,1,3999.0,0.0
4435,502666,108,2,399.0,0.0
4436,502667,128,2,999.0,0.0
4437,502668,126,1,449.0,67.35
4438,502668,111,1,499.0,74.85
4439,502669,140,1,599.0,0.0
4440,502669,132,3,449.0,0.0
4441,502669,136,1,899.0,0.0
4442,502670,147,1,1299.0,194.85
4443,502671,103,2,2499.0,749.7
4444,502671,120,3,699.0,314.55
4445,502672,111,1,499.0,24.95
4446,502673,137,1,249.0,0.0
4447,502674,108,1,399.0,59.85
4448,502674,122,1,1899.0,284.85
4449,502675,120,2,699.0,0.0
4450,502676,148,1,699.0,0.0
4451,502676,144,1,2999.0,0.0
4452,502677,108,1,399.0,59.85
4453,502678,121,1,2799.0,0.0
4454,502678,118,1,899.0,0.0
4455,502678,141,1,249.0,0.0
4456,502679,114,2,1199.0,0.0
4457,502680,104,1,4999.0,749.85
4458,502681,147,1,1299.0,0.0
4459,502682,118,2,899.0,0.0
4460,502682,120,1,699.0,0.0
4461,502683,108,1,399.0,0.0
4462,502684,121,1,2799.0,419.85
4463,502684,111,2,499.0,149.7
4464,502685,106,1,1499.0,0.0
4465,502685,124,1,1099.0,0.0
4466,502685,123,1,3299.0,0.0
4467,502686,117,1,2999.0,449.85
4468,502687,107,1,1199.0,0.0
4469,502688,145,1,599.0,29.95
4470,502689,134,1,199.0,0.0
4471,502690,132,1,449.0,0.0
4472,502691,128,1,999.0,149.85
4473,502691,112,1,1499.0,224.85
4474,502692,107,1,1199.0,0.0
4475,502693,114,1,1199.0,179.85
4476,502693,107,1,1199.0,179.85
4477,502694,121,1,2799.0,0.0
4478,502694,103,1,2499.0,0.0
4479,502695,118,1,899.0,0.0
4480,502695,137,1,249.0,0.0
4481,502696,143,1,799.0,0.0
4482,502696,106,1,1499.0,0.0
4483,502696,107,1,1199.0,0.0
4484,502697,105,1,2299.0,0.0
4485,502698,139,1,349.0,0.0
4486,502698,103,1,2499.0,0.0
4487,502699,115,1,3999.0,599.85
4488,502699,116,1,2499.0,374.85
4489,502700,121,1,2799.0,419.85
4490,502701,116,1,2499.0,0.0
4491,502701,113,2,1299.0,0.0
4492,502702,117,1,2999.0,449.85
4493,502702,112,1,1499.0,224.85
4494,502702,111,1,499.0,74.85
4495,502703,107,1,1199.0,179.85
4496,502704,113,1,1299.0,194.85
4497,502705,133,1,399.0,0.0
4498,502706,118,1,899.0,0.0
4499,502706,124,1,1099.0,0.0
4500,502707,122,1,1899.0,0.0
4501,502707,118,1,899.0,0.0
4502,502708,118,1,899.0,0.0
4503,502708,138,1,399.0,0.0
4504,502709,114,1,1199.0,0.0
4505,502710,108,2,399.0,0.0
4506,502710,131,1,299.0,0.0
4507,502711,125,2,1299.0,389.7
4508,502712,132,1,449.0,67.35
4509,502713,144,1,2999.0,449.85
4510,502713,136,1,899.0,134.85
4511,502714,108,1,399.0,59.85
4512,502715,102,1,3499.0,524.85
4513,502716,130,1,699.0,0.0
4514,502716,117,1,2999.0,0.0
4515,502717,104,1,4999.0,0.0
4516,502718,127,1,649.0,0.0
4517,502719,116,1,2499.0,124.95
4518,502719,110,1,799.0,39.95
4519,502720,118,1,899.0,0.0
4520,502721,137,1,249.0,0.0
4521,502721,126,1,449.0,0.0
4522,502722,120,3,699.0,314.55
4523,502723,126,1,449.0,0.0
4524,502724,126,1,449.0,0.0
4525,502724,137,1,249.0,0.0
4526,502724,143,1,799.0,0.0
4527,502725,129,1,549.0,0.0
4528,502726,107,1,1199.0,0.0
4529,502727,113,1,1299.0,0.0
4530,502728,127,1,649.0,97.35
4531,502728,147,1,1299.0,194.85
4532,502729,135,2,1499.0,0.0
4533,502730,138,1,399.0,0.0
4534,502730,127,1,649.0,0.0
4535,502730,144,1,2999.0,0.0
4536,502731,127,1,649.0,0.0
4537,502731,109,1,3999.0,0.0
4538,502732,137,1,249.0,0.0
4539,502733,134,1,199.0,0.0
4540,502733,105,1,2299.0,0.0
4541,502734,133,1,399.0,0.0
4542,502735,104,2,4999.0,1499.7
4543,502736,145,2,599.0,179.7
4544,502737,142,3,799.0,0.0
4545,502738,136,2,899.0,0.0
4546,502739,107,1,1199.0,59.95
4547,502739,111,1,499.0,24.95
4548,502740,134,1,199.0,29.85
4549,502740,115,1,3999.0,599.85
4550,502740,103,1,2499.0,374.85
4551,502740,110,1,799.0,119.85
4552,502741,120,1,699.0,0.0
4553,502742,101,1,1999.0,0.0
4554,502742,138,1,399.0,0.0
4555,502743,116,1,2499.0,124.95
4556,502743,103,1,2499.0,124.95
4557,502744,131,2,299.0,89.7
4558,502745,110,1,799.0,0.0
4559,502746,102,1,3499.0,0.0
4560,502746,114,1,1199.0,0.0
4561,502747,106,1,1499.0,224.85
4562,502748,117,1,2999.0,449.85
4563,502748,135,1,1499.0,224.85
4564,502749,111,1,499.0,0.0
4565,502750,102,1,3499.0,0.0
4566,502751,107,1,1199.0,59.95
4567,502751,104,1,4999.0,249.95
4568,502751,116,1,2499.0,124.95
4569,502752,123,1,3299.0,0.0
4570,502752,140,1,599.0,0.0
4571,502752,143,1,799.0,0.0
4572,502753,136,1,899.0,134.85
4573,502754,106,2,1499.0,0.0
4574,502754,119,1,2199.0,0.0
4575,502755,132,1,449.0,0.0
4576,502756,140,1,599.0,29.95
4577,502756,131,1,299.0,14.95
4578,502757,142,2,799.0,0.0
4579,502758,115,1,3999.0,0.0
4580,502758,105,1,2299.0,0.0
4581,502759,128,1,999.0,0.0
4582,502760,103,1,2499.0,0.0
4583,502760,125,2,1299.0,0.0
4584,502761,107,1,1199.0,0.0
4585,502762,137,1,249.0,0.0
4586,502762,104,1,4999.0,0.0
4587,502763,126,1,449.0,0.0
4588,502764,121,1,2799.0,0.0
4589,502764,107,2,1199.0,0.0
4590,502765,107,1,1199.0,0.0
4591,502766,132,2,449.0,134.7
4592,502766,101,1,1999.0,299.85
4593,502766,137,1,249.0,37.35
4594,502767,107,1,1199.0,0.0
4595,502768,103,1,2499.0,124.95
4596,502769,110,1,799.0,119.85
4597,502770,105,1,2299.0,0.0
4598,502771,102,1,3499.0,0.0
4599,502771,147,1,1299.0,0.0
4600,502772,117,1,2999.0,0.0
4601,502772,135,1,1499.0,0.0
4602,502773,130,2,699.0,209.7
4603,502773,101,1,1999.0,299.85
4604,502773,115,1,3999.0,599.85
4605,502773,134,1,199.0,29.85
4606,502774,132,2,449.0,134.7
4607,502775,103,1,2499.0,0.0
4608,502776,143,1,799.0,119.85
4609,502776,114,1,1199.0,179.85
4610,502777,115,1,3999.0,0.0
4611,502777,126,1,449.0,0.0
4612,502777,109,1,3999.0,0.0
4613,502778,104,1,4999.0,749.85
4614,502779,118,1,899.0,44.95
4615,502779,128,1,999.0,49.95
4616,502780,127,1,649.0,97.35
4617,502780,129,1,549.0,82.35
4618,502781,137,1,249.0,0.0
4619,502781,141,1,249.0,0.0
4620,502781,108,2,399.0,0.0
4621,502781,126,1,449.0,0.0
4622,502782,137,1,249.0,12.45
4623,502782,107,1,1199.0,59.95
4624,502782,147,1,1299.0,64.95
4625,502782,108,1,399.0,19.95
4626,502783,105,1,2299.0,344.85
4627,502783,116,1,2499.0,374.85
4628,502784,142,1,799.0,0.0
4629,502784,113,1,1299.0,0.0
4630,502785,108,1,399.0,59.85
4631,502786,102,1,3499.0,524.85
4632,502787,115,1,3999.0,0.0
4633,502787,125,1,1299.0,0.0
4634,502788,114,1,1199.0,0.0
4635,502789,147,1,1299.0,194.85
4636,502789,116,1,2499.0,374.85
4637,502790,104,1,4999.0,0.0
4638,502790,131,1,299.0,0.0
4639,502790,115,1,3999.0,0.0
4640,502791,106,1,1499.0,0.0
4641,502792,111,2,499.0,149.7
4642,502793,113,1,1299.0,194.85
4643,502793,107,1,1199.0,179.85
4644,502794,109,1,3999.0,199.95
4645,502795,103,1,2499.0,0.0
4646,502796,136,1,899.0,0.0
4647,502797,140,1,599.0,0.0
4648,502798,116,2,2499.0,0.0
4649,502798,112,1,1499.0,0.0
4650,502798,111,1,499.0,0.0
4651,502799,137,1,249.0,0.0
4652,502800,118,1,899.0,44.95
4653,502801,116,1,2499.0,374.85
4654,502801,108,1,399.0,59.85
4655,502802,135,3,1499.0,0.0
4656,502803,137,2,249.0,0.0
4657,502803,110,1,799.0,0.0
4658,502804,110,2,799.0,239.7
4659,502804,116,1,2499.0,374.85
4660,502805,111,2,499.0,149.7
4661,502806,133,2,399.0,0.0
4662,502807,108,2,399.0,0.0
4663,502808,118,2,899.0,0.0
4664,502809,101,1,1999.0,99.95
4665,502810,138,1,399.0,0.0
4666,502811,137,1,249.0,0.0
4667,502811,139,1,349.0,0.0
4668,502812,126,1,449.0,67.35
4669,502813,136,1,899.0,134.85
4670,502814,102,2,3499.0,1049.7
4671,502814,112,2,1499.0,449.7
4672,502814,141,3,249.0,112.05
4673,502814,120,1,699.0,104.85
4674,502815,137,2,249.0,0.0
4675,502816,133,1,399.0,19.95
4676,502817,116,1,2499.0,0.0
4677,502818,105,1,2299.0,114.95
4678,502819,130,1,699.0,0.0
4679,502820,113,1,1299.0,0.0
4680,502820,109,1,3999.0,0.0
4681,502820,107,1,1199.0,0.0
4682,502821,136,1,899.0,0.0
4683,502821,126,1,449.0,0.0
4684,502822,102,1,3499.0,0.0
4685,502823,132,1,449.0,22.45
4686,502824,108,1,399.0,59.85
4687,502824,118,1,899.0,134.85
4688,502824,113,1,1299.0,194.85
4689,502825,114,1,1199.0,0.0
4690,502825,137,1,249.0,0.0
4691,502826,131,1,299.0,0.0
4692,502826,107,1,1199.0,0.0
4693,502827,111,1,499.0,0.0
4694,502828,121,1,2799.0,0.0
4695,502829,119,2,2199.0,0.0
4696,502830,118,1,899.0,134.85
4697,502830,111,3,499.0,224.55
4698,502831,123,1,3299.0,0.0
4699,502831,108,1,399.0,0.0
4700,502832,134,1,199.0,0.0
4701,502832,132,1,449.0,0.0
4702,502832,116,1,2499.0,0.0
4703,502833,113,1,1299.0,194.85
4704,502833,118,1,899.0,134.85
4705,502833,111,1,499.0,74.85
4706,502833,123,1,3299.0,494.85
4707,502834,105,1,2299.0,0.0
4708,502834,118,1,899.0,0.0
4709,502835,103,1,2499.0,0.0
4710,502835,130,1,699.0,0.0
4711,502836,145,1,599.0,0.0
4712,502836,140,1,599.0,0.0
4713,502837,117,1,2999.0,449.85
4714,502838,135,1,1499.0,0.0
4715,502838,134,1,199.0,0.0
4716,502839,118,1,899.0,0.0
4717,502839,115,1,3999.0,0.0
4718,502839,143,2,799.0,0.0
4719,502840,117,1,2999.0,0.0
4720,502841,108,2,399.0,119.7
4721,502842,132,1,449.0,0.0
4722,502843,121,1,2799.0,0.0
4723,502844,126,1,449.0,67.35
4724,502845,137,2,249.0,0.0
4725,502846,122,1,1899.0,0.0
4726,502847,141,2,249.0,0.0
4727,502848,123,1,3299.0,0.0
4728,502848,125,1,1299.0,0.0
4729,502848,117,1,2999.0,0.0
4730,502849,111,1,499.0,74.85
4731,502850,134,1,199.0,9.95
4732,502850,127,1,649.0,32.45
4733,502851,107,1,1199.0,179.85
4734,502851,118,2,899.0,269.7
4735,502852,128,1,999.0,0.0
4736,502852,137,1,249.0,0.0
4737,502853,116,1,2499.0,0.0
4738,502854,132,2,449.0,134.7
4739,502854,107,1,1199.0,179.85
4740,502855,105,2,2299.0,0.0
4741,502856,117,1,2999.0,0.0
4742,502857,107,1,1199.0,0.0
4743,502858,137,1,249.0,0.0
4744,502858,113,2,1299.0,0.0
4745,502859,118,1,899.0,134.85
4746,502859,107,2,1199.0,359.7
4747,502860,106,1,1499.0,0.0
4748,502861,136,2,899.0,269.7
4749,502862,120,1,699.0,69.9
4750,502862,129,1,549.0,54.9
4751,502863,113,1,1299.0,0.0
4752,502864,115,1,3999.0,0.0
4753,502864,129,1,549.0,0.0
4754,502865,112,1,1499.0,149.9
4755,502865,107,2,1199.0,239.8
4756,502865,129,1,549.0,54.9
4757,502866,114,1,1199.0,119.9
4758,502866,116,1,2499.0,249.9
4759,502866,104,1,4999.0,499.9
4760,502867,118,1,899.0,89.9
4761,502867,141,1,249.0,24.9
4762,502868,139,1,349.0,34.9
4763,502868,115,1,3999.0,399.9
4764,502869,117,1,2999.0,0.0
4765,502870,140,1,599.0,0.0
4766,502871,140,2,599.0,119.8
4767,502871,130,2,699.0,139.8
4768,502871,137,1,249.0,24.9
4769,502871,143,1,799.0,79.9
4770,502872,101,1,1999.0,0.0
4771,502872,128,1,999.0,0.0
4772,502873,108,1,399.0,59.85
4773,502874,102,1,3499.0,0.0
4774,502875,147,1,1299.0,0.0
4775,502875,118,1,899.0,0.0
4776,502876,139,1,349.0,0.0
4777,502876,131,1,299.0,0.0
4778,502876,135,1,1499.0,0.0
4779,502877,127,2,649.0,129.8
4780,502877,129,1,549.0,54.9
4781,502878,123,2,3299.0,989.7
4782,502878,102,2,3499.0,1049.7
4783,502878,129,1,549.0,82.35
4784,502879,126,1,449.0,44.9
4785,502880,115,1,3999.0,399.9
4786,502880,111,1,499.0,49.9
4787,502880,145,1,599.0,59.9
4788,502880,131,1,299.0,29.9
4789,502880,129,1,549.0,54.9
4790,502881,136,1,899.0,0.0
4791,502882,117,1,2999.0,299.9
4792,502883,128,3,999.0,0.0
4793,502883,129,1,549.0,0.0
4794,502884,104,2,4999.0,1499.7
4795,502885,113,1,1299.0,129.9
4796,502885,129,1,549.0,54.9
4797,502886,142,2,799.0,0.0
4798,502886,130,2,699.0,0.0
4799,502886,129,1,549.0,0.0
4800,502887,126,1,449.0,44.9
4801,502887,105,1,2299.0,229.9
4802,502888,108,1,399.0,0.0
4803,502888,129,1,549.0,0.0
4804,502889,135,1,1499.0,224.85
4805,502889,112,1,1499.0,224.85
4806,502890,106,1,1499.0,0.0
4807,502890,141,1,249.0,0.0
4808,502891,113,1,1299.0,0.0
4809,502891,129,1,549.0,0.0
4810,502892,114,1,1199.0,0.0
4811,502892,118,1,899.0,0.0
4812,502892,136,1,899.0,0.0
4813,502893,138,1,399.0,39.9
4814,502893,129,1,549.0,54.9
4815,502894,107,1,1199.0,119.9
4816,502895,131,1,299.0,0.0
4817,502895,104,1,4999.0,0.0
4818,502896,124,1,1099.0,164.85
4819,502896,113,1,1299.0,194.85
4820,502896,129,1,549.0,82.35
4821,502897,134,1,199.0,19.9
4822,502897,119,1,2199.0,219.9
4823,502898,144,1,2999.0,0.0
4824,502899,115,2,3999.0,799.8
4825,502900,123,3,3299.0,989.7
4826,502900,129,1,549.0,54.9
4827,502901,127,2,649.0,194.7
4828,502901,118,1,899.0,134.85
4829,502901,129,1,549.0,82.35
4830,502902,118,1,899.0,89.9
4831,502902,129,1,549.0,54.9
4832,502903,116,1,2499.0,249.9
4833,502904,117,1,2999.0,0.0
4834,502905,120,1,699.0,0.0
4835,502906,110,1,799.0,39.95
4836,502907,107,1,1199.0,119.9
4837,502907,118,3,899.0,269.7
4838,502907,129,1,549.0,54.9
4839,502908,143,1,799.0,119.85
4840,502909,118,1,899.0,134.85
4841,502909,129,1,549.0,82.35
4842,502910,111,1,499.0,49.9
4843,502910,103,1,2499.0,249.9
4844,502910,130,1,699.0,69.9
4845,502911,123,1,3299.0,494.85
4846,502911,129,1,549.0,82.35
4847,502912,111,2,499.0,99.8
4848,502913,107,1,1199.0,0.0
4849,502913,138,1,399.0,0.0
4850,502913,111,1,499.0,0.0
4851,502913,132,1,449.0,0.0
4852,502914,107,1,1199.0,119.9
4853,502914,104,1,4999.0,499.9
4854,502914,146,1,4499.0,449.9
4855,502915,113,1,1299.0,0.0
4856,502915,104,1,4999.0,0.0
4857,502916,130,1,699.0,69.9
4858,502916,101,2,1999.0,399.8
4859,502916,129,1,549.0,54.9
4860,502917,110,1,799.0,119.85
4861,502917,129,3,549.0,247.05
4862,502918,137,1,249.0,0.0
4863,502918,107,1,1199.0,0.0
4864,502918,131,1,299.0,0.0
4865,502919,102,1,3499.0,349.9
4866,502919,125,1,1299.0,129.9
4867,502919,147,1,1299.0,129.9
4868,502919,129,1,549.0,54.9
4869,502920,125,1,1299.0,129.9
4870,502920,143,1,799.0,79.9
4871,502921,112,1,1499.0,224.85
4872,502922,129,1,549.0,82.35
4873,502923,141,1,249.0,0.0
4874,502924,137,1,249.0,37.35
4875,502924,122,1,1899.0,284.85
4876,502925,142,1,799.0,0.0
4877,502925,139,1,349.0,0.0
4878,502925,116,1,2499.0,0.0
4879,502926,114,1,1199.0,119.9
4880,502927,126,1,449.0,0.0
4881,502927,112,1,1499.0,0.0
4882,502927,129,1,549.0,0.0
4883,502928,124,3,1099.0,0.0
4884,502929,116,1,2499.0,249.9
4885,502929,102,1,3499.0,349.9
4886,502929,147,1,1299.0,129.9
4887,502930,137,1,249.0,24.9
4888,502930,119,1,2199.0,219.9
4889,502930,111,1,499.0,49.9
4890,502931,142,2,799.0,79.9
4891,502932,107,1,1199.0,119.9
4892,502933,101,1,1999.0,0.0
4893,502933,118,2,899.0,0.0
4894,502933,114,1,1199.0,0.0
4895,502934,113,1,1299.0,0.0
4896,502934,129,1,549.0,0.0
4897,502935,118,1,899.0,0.0
4898,502935,114,1,1199.0,0.0
4899,502935,135,1,1499.0,0.0
4900,502935,129,1,549.0,0.0
4901,502936,123,1,3299.0,0.0
4902,502937,101,2,1999.0,599.7
4903,502937,128,1,999.0,149.85
4904,502937,129,1,549.0,82.35
4905,502938,114,1,1199.0,0.0
4906,502938,113,3,1299.0,0.0
4907,502939,114,1,1199.0,0.0
4908,502939,113,1,1299.0,0.0
4909,502939,104,1,4999.0,0.0
4910,502939,129,1,549.0,0.0
4911,502940,113,1,1299.0,194.85
4912,502940,130,1,699.0,104.85
4913,502940,129,1,549.0,82.35
4914,502941,107,1,1199.0,119.9
4915,502941,115,1,3999.0,399.9
4916,502941,119,1,2199.0,219.9
4917,502942,111,1,499.0,49.9
4918,502943,104,1,4999.0,499.9
4919,502943,114,1,1199.0,119.9
4920,502943,129,1,549.0,54.9
4921,502944,140,1,599.0,59.9
4922,502945,133,1,399.0,39.9
4923,502945,129,1,549.0,54.9
4924,502946,121,2,2799.0,559.8
4925,502947,112,1,1499.0,0.0
4926,502948,122,1,1899.0,189.9
4927,502949,131,1,299.0,29.9
4928,502950,112,1,1499.0,0.0
4929,502950,129,1,549.0,0.0
4930,502951,117,1,2999.0,299.9
4931,502951,122,1,1899.0,189.9
4932,502951,129,1,549.0,54.9
4933,502952,117,1,2999.0,299.9
4934,502952,129,1,549.0,54.9
4935,502953,102,1,3499.0,0.0
4936,502953,140,3,599.0,0.0
4937,502953,143,1,799.0,0.0
4938,502954,106,1,1499.0,0.0
4939,502955,103,2,2499.0,499.8
4940,502955,108,1,399.0,39.9
4941,502955,129,1,549.0,54.9
4942,502956,116,1,2499.0,374.85
4943,502957,112,1,1499.0,0.0
4944,502957,140,1,599.0,0.0
4945,502957,129,1,549.0,0.0
4946,502958,114,1,1199.0,0.0
4947,502959,103,1,2499.0,249.9
4948,502959,129,1,549.0,54.9
4949,502960,107,1,1199.0,119.9
4950,502960,129,1,549.0,54.9
4951,502961,109,1,3999.0,399.9
4952,502962,140,2,599.0,119.8
4953,502962,110,1,799.0,79.9
4954,502962,126,3,449.0,134.7
4955,502962,107,2,1199.0,239.8
4956,502963,111,1,499.0,0.0
4957,502964,105,2,2299.0,459.8
4958,502964,102,1,3499.0,349.9
4959,502965,138,2,399.0,79.8
4960,502965,129,1,549.0,54.9
4961,502966,124,1,1099.0,0.0
4962,502966,114,1,1199.0,0.0
4963,502967,141,3,249.0,74.7
4964,502967,122,1,1899.0,189.9
4965,502968,119,2,2199.0,0.0
4966,502968,137,2,249.0,0.0
4967,502969,111,1,499.0,0.0
4968,502969,117,1,2999.0,0.0
4969,502969,137,3,249.0,0.0
4970,502970,113,1,1299.0,129.9
4971,502970,112,1,1499.0,149.9
4972,502970,129,1,549.0,54.9
4973,502971,125,1,1299.0,0.0
4974,502971,108,1,399.0,0.0
4975,502971,133,1,399.0,0.0
4976,502971,115,1,3999.0,0.0
4977,502971,129,1,549.0,0.0
4978,502972,114,2,1199.0,239.8
4979,502972,129,1,549.0,54.9
4980,502973,138,1,399.0,59.85
4981,502973,129,1,549.0,82.35
4982,502974,148,1,699.0,69.9
4983,502975,126,1,449.0,44.9
4984,502975,113,1,1299.0,129.9
4985,502975,129,1,549.0,54.9
4986,502976,118,1,899.0,134.85
4987,502976,134,1,199.0,29.85
4988,502977,114,1,1199.0,0.0
4989,502977,118,1,899.0,0.0
4990,502977,133,1,399.0,0.0
4991,502978,127,1,649.0,64.9
4992,502978,130,1,699.0,69.9
4993,502979,127,1,649.0,64.9
4994,502979,113,2,1299.0,259.8
4995,502979,132,1,449.0,44.9
4996,502979,116,1,2499.0,249.9
4997,502980,141,1,249.0,37.35
4998,502980,138,1,399.0,59.85
4999,502980,129,3,549.0,247.05
5000,502981,127,1,649.0,64.9
5001,502981,118,1,899.0,89.9
5002,502981,112,2,1499.0,299.8
5003,502982,131,1,299.0,0.0
5004,502983,113,1,1299.0,129.9
5005,502983,147,1,1299.0,129.9
5006,502983,123,1,3299.0,329.9
5007,502983,129,1,549.0,54.9
5008,502984,112,1,1499.0,224.85
5009,502985,112,2,1499.0,0.0
5010,502986,111,1,499.0,74.85
5011,502986,129,1,549.0,82.35
5012,502987,111,1,499.0,49.9
5013,502987,130,2,699.0,139.8
5014,502988,104,1,4999.0,0.0
5015,502988,111,1,499.0,0.0
5016,502988,134,1,199.0,0.0
5017,502989,103,1,2499.0,249.9
5018,502990,130,1,699.0,69.9
5019,502991,117,1,2999.0,299.9
5020,502992,131,1,299.0,29.9
5021,502992,115,1,3999.0,399.9
5022,502993,120,1,699.0,0.0
5023,502993,112,1,1499.0,0.0
5024,502994,123,1,3299.0,164.95
5025,502994,129,1,549.0,27.45
5026,502995,118,1,899.0,134.85
5027,502996,144,1,2999.0,299.9
5028,502996,135,1,1499.0,149.9
5029,502997,101,1,1999.0,0.0
5030,502998,140,2,599.0,119.8
5031,502998,109,1,3999.0,399.9
5032,502999,129,1,549.0,0.0
5033,503000,141,2,249.0,49.8
5034,503000,111,1,499.0,49.9
5035,503000,129,1,549.0,54.9
5036,503001,101,1,1999.0,199.9
5037,503001,103,1,2499.0,249.9
5038,503002,107,3,1199.0,359.7
5039,503002,132,1,449.0,44.9
5040,503002,148,3,699.0,209.7
5041,503002,139,1,349.0,34.9
5042,503003,103,1,2499.0,249.9
5043,503004,116,1,2499.0,249.9
5044,503004,129,2,549.0,109.8
5045,503005,110,1,799.0,119.85
5046,503005,129,1,549.0,82.35
5047,503006,106,2,1499.0,299.8
5048,503006,124,1,1099.0,109.9
5049,503006,120,1,699.0,69.9
5050,503006,101,1,1999.0,199.9
5051,503006,129,1,549.0,54.9
5052,503007,118,1,899.0,44.95
5053,503007,119,1,2199.0,109.95
5054,503007,129,1,549.0,27.45
5055,503008,135,2,1499.0,0.0
5056,503008,112,2,1499.0,0.0
5057,503008,129,1,549.0,0.0
5058,503009,112,1,1499.0,149.9
5059,503009,104,2,4999.0,999.8
5060,503010,107,1,1199.0,0.0
5061,503010,120,1,699.0,0.0
5062,503010,126,1,449.0,0.0
5063,503011,112,1,1499.0,149.9
5064,503012,122,1,1899.0,0.0
5065,503012,104,1,4999.0,0.0
5066,503012,117,1,2999.0,0.0
5067,503013,118,1,899.0,89.9
5068,503013,111,2,499.0,99.8
5069,503014,116,1,2499.0,374.85
5070,503014,117,1,2999.0,449.85
5071,503014,120,1,699.0,104.85
5072,503015,103,1,2499.0,249.9
5073,503015,129,1,549.0,54.9
5074,503016,122,2,1899.0,379.8
5075,503016,124,1,1099.0,109.9
5076,503016,129,1,549.0,54.9
5077,503017,114,1,1199.0,119.9
5078,503017,129,1,549.0,54.9
5079,503018,105,2,2299.0,459.8
5080,503018,131,1,299.0,29.9
5081,503019,111,1,499.0,74.85
5082,503019,116,2,2499.0,749.7
5083,503020,130,2,699.0,209.7
5084,503020,129,1,549.0,82.35
5085,503021,136,1,899.0,89.9
5086,503021,129,2,549.0,109.8
5087,503022,112,1,1499.0,224.85
5088,503023,107,1,1199.0,0.0
5089,503024,140,1,599.0,0.0
5090,503024,124,1,1099.0,0.0
5091,503024,103,1,2499.0,0.0
5092,503025,114,3,1199.0,179.85
5093,503026,123,1,3299.0,329.9
5094,503026,116,1,2499.0,249.9
5095,503027,110,1,799.0,0.0
5096,503028,133,1,399.0,0.0
5097,503029,107,1,1199.0,0.0
5098,503030,111,1,499.0,24.95
5099,503030,122,1,1899.0,94.95
5100,503031,101,3,1999.0,599.7
5101,503032,120,1,699.0,104.85
5102,503033,104,1,4999.0,0.0
5103,503033,112,1,1499.0,0.0
5104,503034,116,1,2499.0,249.9
5105,503034,129,1,549.0,54.9
5106,503035,130,1,699.0,104.85
5107,503035,129,1,549.0,82.35
5108,503036,113,1,1299.0,64.95
5109,503036,109,1,3999.0,199.95
5110,503036,129,2,549.0,54.9
5111,503037,129,1,549.0,54.9
5112,503037,108,2,399.0,79.8
5113,503037,130,1,699.0,69.9
5114,503038,113,1,1299.0,0.0
5115,503039,107,1,1199.0,179.85
5116,503040,126,1,449.0,44.9
5117,503041,128,1,999.0,149.85
5118,503041,129,1,549.0,82.35
5119,503042,135,1,1499.0,224.85
5120,503043,127,1,649.0,97.35
5121,503043,110,1,799.0,119.85
5122,503044,148,2,699.0,0.0
5123,503045,110,1,799.0,79.9
5124,503045,125,1,1299.0,129.9
5125,503045,106,1,1499.0,149.9
5126,503046,105,2,2299.0,0.0
5127,503046,106,2,1499.0,0.0
5128,503046,132,3,449.0,0.0
5129,503047,124,1,1099.0,0.0
5130,503048,118,1,899.0,89.9
5131,503049,116,1,2499.0,249.9
5132,503049,129,1,549.0,54.9
5133,503050,129,1,549.0,54.9
5134,503051,130,1,699.0,69.9
5135,503051,102,1,3499.0,349.9
5136,503051,129,1,549.0,54.9
5137,503052,138,1,399.0,0.0
5138,503052,120,1,699.0,0.0
5139,503052,117,3,2999.0,0.0
5140,503052,145,1,599.0,0.0
5141,503053,135,1,1499.0,149.9
5142,503053,113,1,1299.0,129.9
5143,503054,133,1,399.0,39.9
5144,503055,111,2,499.0,0.0
5145,503055,125,2,1299.0,0.0
5146,503055,129,1,549.0,0.0
5147,503056,111,1,499.0,49.9
5148,503057,143,1,799.0,79.9
5149,503057,111,1,499.0,49.9
5150,503057,129,1,549.0,54.9
5151,503058,147,1,1299.0,129.9
5152,503059,114,1,1199.0,179.85
5153,503060,118,2,899.0,89.9
5154,503061,105,1,2299.0,344.85
5155,503062,140,2,599.0,119.8
5156,503062,130,1,699.0,69.9
5157,503062,106,1,1499.0,149.9
5158,503062,122,2,1899.0,379.8
5159,503063,113,1,1299.0,194.85
5160,503063,147,1,1299.0,194.85
5161,503064,137,1,249.0,0.0
5162,503064,146,1,4499.0,0.0
5163,503065,145,1,599.0,59.9
5164,503066,119,1,2199.0,0.0
5165,503066,129,1,549.0,0.0
5166,503067,128,1,999.0,49.95
5167,503067,129,1,549.0,27.45
5168,503068,136,2,899.0,0.0
5169,503068,115,1,3999.0,0.0
5170,503068,138,1,399.0,0.0
5171,503069,104,1,4999.0,0.0
5172,503069,143,2,799.0,0.0
5173,503069,121,1,2799.0,0.0
5174,503070,117,2,2999.0,899.7
5175,503070,116,1,2499.0,374.85
5176,503070,129,1,549.0,82.35
5177,503071,145,1,599.0,0.0
5178,503071,107,1,1199.0,0.0
5179,503071,129,2,549.0,0.0
5180,503072,144,1,2999.0,0.0
5181,503072,112,1,1499.0,0.0
5182,503073,123,1,3299.0,494.85
5183,503073,104,1,4999.0,749.85
5184,503073,129,2,549.0,164.7
5185,503074,106,2,1499.0,299.8
5186,503075,108,1,399.0,39.9
5187,503076,128,1,999.0,99.9
5188,503077,118,1,899.0,0.0
5189,503077,124,1,1099.0,0.0
5190,503077,109,1,3999.0,0.0
5191,503078,117,1,2999.0,0.0
5192,503079,124,1,1099.0,0.0
5193,503079,129,1,549.0,0.0
5194,503080,117,1,2999.0,299.9
5195,503080,118,1,899.0,89.9
5196,503080,140,1,599.0,59.9
5197,503081,117,1,2999.0,299.9
5198,503081,113,1,1299.0,129.9
5199,503081,141,1,249.0,24.9
5200,503081,129,2,549.0,109.8
5201,503082,103,1,2499.0,249.9
5202,503082,129,1,549.0,54.9
5203,503083,147,1,1299.0,129.9
5204,503084,118,1,899.0,134.85
5205,503085,128,1,999.0,99.9
5206,503086,135,2,1499.0,299.8
5207,503087,125,1,1299.0,0.0
5208,503087,147,2,1299.0,0.0
5209,503087,122,1,1899.0,0.0
5210,503087,136,1,899.0,0.0
5211,503088,113,1,1299.0,194.85
5212,503088,129,1,549.0,82.35
5213,503089,112,1,1499.0,0.0
5214,503089,129,1,549.0,0.0
5215,503090,116,1,2499.0,0.0
5216,503090,114,1,1199.0,0.0
5217,503090,110,3,799.0,0.0
5218,503091,115,3,3999.0,1199.7
5219,503091,131,1,299.0,29.9
5220,503092,137,1,249.0,0.0
5221,503092,129,1,549.0,0.0
5222,503093,125,1,1299.0,0.0
5223,503093,104,1,4999.0,0.0
5224,503093,129,2,549.0,0.0
5225,503094,126,1,449.0,22.45
5226,503094,112,3,1499.0,224.85
5227,503094,145,1,599.0,29.95
5228,503095,127,1,649.0,64.9
5229,503095,122,2,1899.0,379.8
5230,503096,106,2,1499.0,0.0
5231,503096,129,2,549.0,0.0
5232,503097,111,1,499.0,74.85
5233,503098,111,1,499.0,49.9
5234,503099,106,1,1499.0,0.0
5235,503099,126,1,449.0,0.0
5236,503099,109,1,3999.0,0.0
5237,503099,114,1,1199.0,0.0
5238,503099,129,3,549.0,0.0
5239,503100,138,1,399.0,0.0
5240,503100,145,1,599.0,0.0
5241,503101,117,2,2999.0,0.0
5242,503101,129,1,549.0,0.0
5243,503102,122,2,1899.0,569.7
5244,503102,141,2,249.0,74.7
5245,503103,133,2,399.0,0.0
5246,503103,101,1,1999.0,0.0
5247,503104,123,1,3299.0,329.9
5248,503105,139,3,349.0,0.0
5249,503106,126,1,449.0,67.35
5250,503106,103,1,2499.0,374.85
5251,503107,107,2,1199.0,239.8
5252,503108,109,1,3999.0,0.0
5253,503108,118,1,899.0,0.0
5254,503108,129,2,549.0,0.0
5255,503109,117,1,2999.0,299.9
5256,503109,131,1,299.0,29.9
5257,503109,119,1,2199.0,219.9
5258,503110,142,1,799.0,119.85
5259,503110,129,1,549.0,82.35
5260,503111,133,1,399.0,39.9
5261,503111,106,1,1499.0,149.9
5262,503112,113,2,1299.0,0.0
5263,503112,111,1,499.0,0.0
5264,503112,144,1,2999.0,0.0
5265,503112,129,1,549.0,0.0
5266,503113,127,2,649.0,64.9
5267,503113,129,2,549.0,54.9
5268,503114,112,1,1499.0,224.85
5269,503114,114,1,1199.0,179.85
5270,503114,120,1,699.0,104.85
5271,503114,107,1,1199.0,179.85
5272,503115,128,1,999.0,149.85
5273,503116,130,1,699.0,0.0
5274,503116,115,1,3999.0,0.0
5275,503117,128,1,999.0,99.9
5276,503118,118,1,899.0,0.0
5277,503118,108,3,399.0,0.0
5278,503119,133,1,399.0,59.85
5279,503119,103,1,2499.0,374.85
5280,503119,142,1,799.0,119.85
5281,503119,129,1,549.0,82.35
5282,503120,148,1,699.0,0.0
5283,503121,112,1,1499.0,149.9
5284,503121,136,1,899.0,89.9
5285,503121,129,1,549.0,54.9
5286,503122,144,1,2999.0,449.85
5287,503122,117,1,2999.0,449.85
5288,503122,129,1,549.0,82.35
5289,503123,124,2,1099.0,329.7
5290,503123,106,1,1499.0,224.85
5291,503124,138,1,399.0,59.85
5292,503125,118,1,899.0,134.85
5293,503125,138,1,399.0,59.85
5294,503125,130,1,699.0,104.85
5295,503126,117,1,2999.0,449.85
5296,503126,108,1,399.0,59.85
5297,503126,129,1,549.0,82.35
5298,503127,107,1,1199.0,179.85
5299,503128,103,1,2499.0,249.9
5300,503128,130,1,699.0,69.9
5301,503129,134,2,199.0,0.0
5302,503130,137,3,249.0,74.7
5303,503130,129,1,549.0,54.9
5304,503131,118,1,899.0,89.9
5305,503132,140,1,599.0,0.0
5306,503132,124,1,1099.0,0.0
5307,503133,109,1,3999.0,0.0
5308,503133,129,1,549.0,0.0
5309,503134,123,1,3299.0,0.0
5310,503134,129,1,549.0,0.0
5311,503135,113,1,1299.0,129.9
5312,503135,142,1,799.0,79.9
5313,503135,129,1,549.0,54.9
5314,503136,111,1,499.0,74.85
5315,503136,129,1,549.0,82.35
5316,503137,110,1,799.0,79.9
5317,503138,125,1,1299.0,194.85
5318,503138,129,1,549.0,82.35
5319,503139,142,1,799.0,0.0
5320,503139,105,1,2299.0,0.0
5321,503139,129,1,549.0,0.0
5322,503140,104,1,4999.0,499.9
5323,503140,129,1,549.0,54.9
5324,503141,142,1,799.0,0.0
5325,503141,131,1,299.0,0.0
5326,503141,138,1,399.0,0.0
5327,503142,130,1,699.0,69.9
5328,503142,107,1,1199.0,119.9
5329,503143,113,1,1299.0,0.0
5330,503143,118,1,899.0,0.0
5331,503143,129,1,549.0,0.0
5332,503144,137,1,249.0,24.9
5333,503145,120,1,699.0,0.0
5334,503146,127,1,649.0,97.35
5335,503147,124,1,1099.0,109.9
5336,503147,129,1,549.0,54.9
5337,503148,104,1,4999.0,249.95
5338,503148,144,1,2999.0,149.95
5339,503149,137,1,249.0,24.9
5340,503150,128,1,999.0,149.85
5341,503150,129,1,549.0,82.35
5342,503151,104,2,4999.0,1499.7
5343,503151,118,1,899.0,134.85
5344,503151,107,3,1199.0,539.55
5345,503152,140,1,599.0,59.9
5346,503152,111,2,499.0,99.8
5347,503152,110,1,799.0,79.9
5348,503152,129,1,549.0,54.9
5349,503153,123,1,3299.0,494.85
5350,503153,112,1,1499.0,224.85
5351,503154,117,1,2999.0,449.85
5352,503155,122,1,1899.0,0.0
5353,503155,115,1,3999.0,0.0
5354,503155,103,1,2499.0,0.0
5355,503155,105,2,2299.0,0.0
5356,503155,129,1,549.0,0.0
5357,503156,104,2,4999.0,999.8
5358,503157,107,1,1199.0,179.85
5359,503158,138,2,399.0,79.8
5360,503159,103,1,2499.0,0.0
5361,503160,126,1,449.0,44.9
5362,503160,111,1,499.0,49.9
5363,503160,105,1,2299.0,229.9
5364,503160,129,2,549.0,109.8
5365,503161,121,1,2799.0,279.9
5366,503161,129,1,549.0,54.9
5367,503162,103,1,2499.0,374.85
5368,503162,117,1,2999.0,449.85
5369,503163,109,1,3999.0,199.95
5370,503163,101,1,1999.0,99.95
5371,503164,118,2,899.0,269.7
5372,503164,127,1,649.0,97.35
5373,503164,129,1,549.0,82.35
5374,503165,137,1,249.0,24.9
5375,503166,114,2,1199.0,0.0
5376,503166,109,1,3999.0,0.0
5377,503166,134,1,199.0,0.0
5378,503167,104,1,4999.0,499.9
5379,503167,110,1,799.0,79.9
5380,503167,136,1,899.0,89.9
5381,503168,123,2,3299.0,0.0
5382,503168,126,1,449.0,0.0
5383,503168,104,1,4999.0,0.0
5384,503168,102,1,3499.0,0.0
5385,503169,113,1,1299.0,194.85
5386,503169,123,2,3299.0,989.7
5387,503169,103,1,2499.0,374.85
5388,503170,135,1,1499.0,0.0
5389,503170,131,2,299.0,0.0
5390,503171,120,3,699.0,314.55
5391,503172,120,2,699.0,0.0
5392,503173,108,2,399.0,79.8
5393,503174,116,1,2499.0,374.85
5394,503174,117,1,2999.0,449.85
5395,503175,115,1,3999.0,599.85
5396,503175,140,1,599.0,89.85
5397,503175,116,1,2499.0,374.85
5398,503176,143,3,799.0,239.7
5399,503177,109,2,3999.0,1199.7
5400,503177,124,1,1099.0,164.85
5401,503177,131,1,299.0,44.85
5402,503178,112,1,1499.0,0.0
5403,503179,131,2,299.0,59.8
5404,503180,126,1,449.0,0.0
5405,503180,141,1,249.0,0.0
5406,503181,116,1,2499.0,374.85
5407,503181,133,1,399.0,59.85
5408,503182,133,1,399.0,39.9
5409,503182,107,1,1199.0,119.9
5410,503182,129,1,549.0,54.9
5411,503183,124,1,1099.0,109.9
5412,503184,125,1,1299.0,0.0
5413,503184,118,1,899.0,0.0
5414,503185,106,1,1499.0,149.9
5415,503185,129,1,549.0,54.9
5416,503186,107,1,1199.0,119.9
5417,503186,137,1,249.0,24.9
5418,503186,117,1,2999.0,299.9
5419,503187,111,3,499.0,0.0
5420,503187,145,1,599.0,0.0
5421,503188,104,1,4999.0,249.95
5422,503189,141,1,249.0,24.9
5423,503189,129,1,549.0,54.9
5424,503190,128,1,999.0,99.9
5425,503190,118,1,899.0,89.9
5426,503191,116,2,2499.0,0.0
5427,503192,135,1,1499.0,224.85
5428,503193,102,1,3499.0,349.9
5429,503193,123,1,3299.0,329.9
5430,503193,127,1,649.0,64.9
5431,503194,123,1,3299.0,329.9
5432,503195,131,1,299.0,29.9
5433,503196,143,1,799.0,79.9
5434,503197,121,1,2799.0,0.0
5435,503198,112,1,1499.0,0.0
5436,503199,111,3,499.0,224.55
5437,503199,122,1,1899.0,284.85
5438,503199,112,1,1499.0,224.85
5439,503200,114,1,1199.0,0.0
5440,503200,105,2,2299.0,0.0
5441,503200,129,3,549.0,0.0
5442,503201,118,1,899.0,89.9
5443,503202,113,2,1299.0,259.8
5444,503202,129,1,549.0,54.9
5445,503203,109,1,3999.0,0.0
5446,503203,129,1,549.0,0.0
5447,503204,115,1,3999.0,0.0
5448,503204,126,1,449.0,0.0
5449,503205,111,1,499.0,0.0
5450,503206,103,1,2499.0,249.9
5451,503207,138,1,399.0,39.9
5452,503207,124,1,1099.0,109.9
5453,503208,133,1,399.0,0.0
5454,503209,118,1,899.0,89.9
5455,503209,128,1,999.0,99.9
5456,503209,129,1,549.0,54.9
5457,503210,114,1,1199.0,179.85
5458,503210,129,1,549.0,82.35
5459,503211,119,2,2199.0,659.7
5460,503211,137,1,249.0,37.35
5461,503212,134,1,199.0,19.9
5462,503212,143,1,799.0,79.9
5463,503212,144,1,2999.0,299.9
5464,503213,127,1,649.0,97.35
5465,503213,124,1,1099.0,164.85
5466,503214,146,1,4499.0,449.9
5467,503215,107,1,1199.0,179.85
5468,503215,111,2,499.0,149.7
5469,503216,140,1,599.0,89.85
5470,503216,106,1,1499.0,224.85
5471,503216,129,1,549.0,82.35
5472,503217,118,3,899.0,404.55
5473,503217,122,1,1899.0,284.85
5474,503218,131,1,299.0,29.9
5475,503218,105,2,2299.0,459.8
5476,503219,137,1,249.0,24.9
5477,503220,118,1,899.0,89.9
5478,503221,147,2,1299.0,259.8
5479,503221,113,2,1299.0,259.8
5480,503221,148,1,699.0,69.9
5481,503221,129,1,549.0,54.9
5482,503222,134,1,199.0,19.9
5483,503223,135,2,1499.0,0.0
5484,503223,115,1,3999.0,0.0
5485,503224,111,1,499.0,49.9
5486,503224,147,2,1299.0,259.8
5487,503224,130,2,699.0,139.8
5488,503224,137,1,249.0,24.9
5489,503224,129,1,549.0,54.9
5490,503225,107,1,1199.0,119.9
5491,503225,129,1,549.0,54.9
5492,503226,109,2,3999.0,1199.7
5493,503227,131,1,299.0,29.9
5494,503227,129,2,549.0,109.8
5495,503228,104,1,4999.0,0.0
5496,503228,125,1,1299.0,0.0
5497,503229,118,1,899.0,89.9
5498,503229,129,1,549.0,54.9
5499,503230,133,1,399.0,39.9
5500,503230,129,1,549.0,54.9
5501,503231,124,1,1099.0,109.9
5502,503231,129,2,549.0,109.8
5503,503232,136,1,899.0,89.9
5504,503232,129,1,549.0,54.9
5505,503233,123,1,3299.0,0.0
5506,503234,113,1,1299.0,64.95
5507,503235,147,1,1299.0,0.0
5508,503236,131,1,299.0,44.85
5509,503237,114,1,1199.0,59.95
5510,503238,104,1,4999.0,499.9
5511,503238,129,1,549.0,54.9
5512,503239,102,1,3499.0,349.9
5513,503239,121,1,2799.0,279.9
5514,503240,132,1,449.0,0.0
5515,503241,137,1,249.0,0.0
5516,503242,118,1,899.0,0.0
5517,503242,107,1,1199.0,0.0
5518,503243,118,1,899.0,0.0
5519,503243,129,2,549.0,0.0
5520,503244,131,1,299.0,29.9
5521,503244,129,1,549.0,54.9
5522,503245,105,3,2299.0,689.7
5523,503245,129,1,549.0,54.9
5524,503246,138,1,399.0,39.9
5525,503246,112,1,1499.0,149.9
5526,503246,122,1,1899.0,189.9
5527,503246,129,1,549.0,54.9
5528,503247,138,3,399.0,179.55
5529,503247,101,3,1999.0,899.55
5530,503247,129,1,549.0,82.35
5531,503248,120,1,699.0,104.85
5532,503249,112,1,1499.0,224.85
5533,503250,135,1,1499.0,0.0
5534,503250,138,1,399.0,0.0
5535,503251,136,1,899.0,134.85
5536,503252,113,1,1299.0,194.85
5537,503252,104,1,4999.0,749.85
5538,503252,118,1,899.0,134.85
5539,503252,129,1,549.0,82.35
5540,503253,101,1,1999.0,199.9
5541,503254,138,1,399.0,0.0
5542,503254,133,1,399.0,0.0
5543,503254,114,1,1199.0,0.0
5544,503254,129,1,549.0,0.0
5545,503255,113,1,1299.0,0.0
5546,503256,103,1,2499.0,124.95
5547,503257,126,1,449.0,0.0
5548,503257,147,3,1299.0,0.0
5549,503257,120,1,699.0,0.0
5550,503257,121,1,2799.0,0.0
5551,503258,145,1,599.0,89.85
5552,503259,119,1,2199.0,0.0
5553,503259,103,1,2499.0,0.0
5554,503259,146,1,4499.0,0.0
5555,503259,133,1,399.0,0.0
5556,503260,112,1,1499.0,0.0
5557,503260,144,1,2999.0,0.0
5558,503260,129,1,549.0,0.0
5559,503261,123,1,3299.0,494.85
5560,503261,134,1,199.0,29.85
5561,503261,120,1,699.0,104.85
5562,503261,112,1,1499.0,224.85
5563,503262,139,1,349.0,0.0
5564,503262,129,1,549.0,0.0
5565,503263,108,1,399.0,39.9
5566,503263,114,2,1199.0,239.8
5567,503264,144,2,2999.0,599.8
5568,503264,102,1,3499.0,349.9
5569,503264,129,1,549.0,54.9
5570,503265,101,3,1999.0,599.7
5571,503265,129,1,549.0,54.9
5572,503266,107,2,1199.0,239.8
5573,503267,121,1,2799.0,419.85
5574,503267,118,1,899.0,134.85
5575,503268,116,1,2499.0,249.9
5576,503269,131,1,299.0,14.95
5577,503269,139,2,349.0,34.9
5578,503269,112,1,1499.0,74.95
5579,503270,124,1,1099.0,109.9
5580,503271,137,1,249.0,0.0
5581,503271,129,1,549.0,0.0
5582,503272,116,1,2499.0,249.9
5583,503272,107,2,1199.0,239.8
5584,503272,129,3,549.0,164.7
5585,503273,113,1,1299.0,194.85
5586,503273,116,1,2499.0,374.85
5587,503274,142,1,799.0,119.85
5588,503274,109,1,3999.0,599.85
5589,503274,129,1,549.0,82.35
5590,503275,124,1,1099.0,109.9
5591,503276,116,2,2499.0,499.8
5592,503276,113,1,1299.0,129.9
5593,503277,104,1,4999.0,749.85
5594,503278,107,1,1199.0,119.9
5595,503278,129,2,549.0,109.8
5596,503279,116,2,2499.0,499.8
5597,503280,108,1,399.0,59.85
5598,503280,130,1,699.0,104.85
5599,503281,119,1,2199.0,329.85
5600,503281,129,2,549.0,164.7
5601,503282,113,1,1299.0,0.0
5602,503283,117,1,2999.0,0.0
5603,503283,110,1,799.0,0.0
5604,503283,113,1,1299.0,0.0
5605,503284,111,1,499.0,74.85
5606,503284,144,1,2999.0,449.85
5607,503284,129,1,549.0,82.35
5608,503285,120,1,699.0,69.9
5609,503286,105,1,2299.0,0.0
5610,503287,129,1,549.0,0.0
5611,503287,117,1,2999.0,0.0
5612,503288,141,1,249.0,24.9
5613,503289,106,1,1499.0,0.0
5614,503289,108,1,399.0,0.0
5615,503289,129,1,549.0,0.0
5616,503290,115,1,3999.0,0.0
5617,503290,102,1,3499.0,0.0
5618,503290,130,1,699.0,0.0
5619,503291,126,1,449.0,44.9
5620,503291,143,1,799.0,79.9
5621,503291,129,1,549.0,54.9
5622,503292,123,1,3299.0,329.9
5623,503293,106,1,1499.0,0.0
5624,503294,106,1,1499.0,149.9
5625,503294,126,1,449.0,44.9
5626,503295,122,1,1899.0,189.9
5627,503295,123,1,3299.0,329.9
5628,503296,118,2,899.0,179.8
5629,503296,131,1,299.0,29.9
5630,503296,116,1,2499.0,249.9
5631,503297,111,1,499.0,49.9
5632,503297,117,1,2999.0,299.9
5633,503298,141,1,249.0,0.0
5634,503298,116,1,2499.0,0.0
5635,503299,102,1,3499.0,349.9
5636,503299,108,1,399.0,39.9
5637,503300,118,1,899.0,89.9
5638,503300,129,1,549.0,54.9
5639,503301,113,1,1299.0,0.0
5640,503302,120,1,699.0,0.0
5641,503302,117,2,2999.0,0.0
5642,503303,116,1,2499.0,0.0
5643,503304,137,3,249.0,112.05
5644,503305,102,1,3499.0,524.85
5645,503305,119,1,2199.0,329.85
5646,503305,129,1,549.0,82.35
5647,503306,134,1,199.0,19.9
5648,503306,130,2,699.0,139.8
5649,503306,108,1,399.0,39.9
5650,503307,140,2,599.0,119.8
5651,503308,122,2,1899.0,379.8
5652,503308,104,2,4999.0,999.8
5653,503309,144,1,2999.0,149.95
5654,503309,129,2,549.0,54.9
5655,503310,134,1,199.0,19.9
5656,503310,116,1,2499.0,249.9
5657,503311,109,1,3999.0,0.0
5658,503311,129,1,549.0,0.0
5659,503312,106,1,1499.0,149.9
5660,503313,118,1,899.0,89.9
5661,503313,130,1,699.0,69.9
5662,503313,140,1,599.0,59.9
5663,503313,129,3,549.0,164.7
5664,503314,128,1,999.0,149.85
5665,503314,140,2,599.0,179.7
5666,503315,113,1,1299.0,129.9
5667,503315,144,1,2999.0,299.9
5668,503316,128,1,999.0,149.85
5669,503316,123,2,3299.0,989.7
5670,503316,112,1,1499.0,224.85
5671,503317,135,1,1499.0,224.85
5672,503318,136,1,899.0,134.85
5673,503318,109,2,3999.0,1199.7
5674,503318,129,1,549.0,82.35
5675,503319,101,1,1999.0,0.0
5676,503319,135,1,1499.0,0.0
5677,503320,114,2,1199.0,359.7
5678,503320,117,1,2999.0,449.85
5679,503320,106,1,1499.0,224.85
5680,503321,123,1,3299.0,494.85
5681,503321,129,1,549.0,82.35
5682,503322,147,1,1299.0,129.9
5683,503323,122,1,1899.0,189.9
5684,503323,141,1,249.0,24.9
5685,503324,111,1,499.0,49.9
5686,503325,133,1,399.0,0.0
5687,503325,122,1,1899.0,0.0
5688,503325,120,1,699.0,0.0
5689,503325,129,1,549.0,0.0
5690,503326,124,1,1099.0,109.9
5691,503326,129,1,549.0,54.9
5692,503327,118,2,899.0,0.0
5693,503327,120,1,699.0,0.0
5694,503327,116,1,2499.0,0.0
5695,503327,129,1,549.0,0.0
5696,503328,113,2,1299.0,0.0
5697,503328,111,1,499.0,0.0
5698,503329,128,1,999.0,149.85
5699,503329,102,1,3499.0,524.85
5700,503329,136,1,899.0,134.85
5701,503330,115,1,3999.0,599.85
5702,503330,123,1,3299.0,494.85
5703,503330,129,1,549.0,82.35
5704,503331,124,1,1099.0,109.9
5705,503331,105,1,2299.0,229.9
5706,503331,144,3,2999.0,899.7
5707,503331,127,1,649.0,64.9
5708,503332,135,1,1499.0,149.9
5709,503332,114,1,1199.0,119.9
5710,503333,122,1,1899.0,0.0
5711,503333,143,1,799.0,0.0
5712,503333,102,1,3499.0,0.0
5713,503334,118,1,899.0,89.9
5714,503335,107,1,1199.0,0.0
5715,503335,129,1,549.0,0.0
5716,503336,104,1,4999.0,499.9
5717,503336,108,1,399.0,39.9
5718,503336,129,1,549.0,54.9
5719,503337,106,1,1499.0,149.9
5720,503337,112,1,1499.0,149.9
5721,503337,143,1,799.0,79.9
5722,503337,127,1,649.0,64.9
5723,503338,132,1,449.0,44.9
5724,503338,107,1,1199.0,119.9
5725,503338,129,3,549.0,164.7
5726,503339,135,1,1499.0,149.9
5727,503339,129,2,549.0,109.8
5728,503340,116,1,2499.0,249.9
5729,503341,115,1,3999.0,0.0
5730,503342,131,1,299.0,44.85
5731,503343,112,1,1499.0,0.0
5732,503343,111,1,499.0,0.0
5733,503344,135,2,1499.0,299.8
5734,503344,103,2,2499.0,499.8
5735,503344,106,1,1499.0,149.9
5736,503345,119,1,2199.0,0.0
5737,503346,120,2,699.0,0.0
5738,503346,129,1,549.0,0.0
5739,503347,114,1,1199.0,0.0
5740,503347,112,1,1499.0,0.0
5741,503347,129,1,549.0,0.0
5742,503348,102,1,3499.0,0.0
5743,503349,113,2,1299.0,0.0
5744,503349,126,1,449.0,0.0
5745,503350,143,1,799.0,79.9
5746,503351,136,3,899.0,404.55
5747,503351,135,2,1499.0,449.7
5748,503352,133,1,399.0,0.0
5749,503352,114,1,1199.0,0.0
5750,503353,112,1,1499.0,149.9
5751,503353,102,1,3499.0,349.9
5752,503354,124,1,1099.0,109.9
5753,503354,102,2,3499.0,699.8
5754,503355,145,1,599.0,0.0
5755,503355,129,3,549.0,0.0
5756,503356,134,1,199.0,0.0
5757,503356,124,1,1099.0,0.0
5758,503357,108,1,399.0,0.0
5759,503357,118,1,899.0,0.0
5760,503357,123,1,3299.0,0.0
5761,503357,106,1,1499.0,0.0
5762,503358,108,1,399.0,0.0
5763,503358,130,1,699.0,0.0
5764,503358,129,1,549.0,0.0
5765,503359,137,1,249.0,37.35
5766,503359,119,1,2199.0,329.85
5767,503359,109,1,3999.0,599.85
5768,503359,129,1,549.0,82.35
5769,503360,118,2,899.0,0.0
5770,503360,111,1,499.0,0.0
5771,503361,127,3,649.0,0.0
5772,503361,118,1,899.0,0.0
5773,503361,115,1,3999.0,0.0
5774,503361,119,1,2199.0,0.0
5775,503362,118,2,899.0,179.8
5776,503363,108,1,399.0,39.9
5777,503363,129,3,549.0,164.7
5778,503364,115,2,3999.0,0.0
5779,503364,129,1,549.0,0.0
5780,503365,124,1,1099.0,109.9
5781,503366,109,1,3999.0,399.9
5782,503367,115,2,3999.0,799.8
5783,503368,118,1,899.0,0.0
5784,503369,117,2,2999.0,899.7
5785,503370,135,1,1499.0,0.0
5786,503370,138,1,399.0,0.0
5787,503370,129,1,549.0,0.0
5788,503371,101,1,1999.0,299.85
5789,503371,107,1,1199.0,179.85
5790,503371,129,1,549.0,82.35
5791,503372,115,1,3999.0,399.9
5792,503372,128,1,999.0,99.9
5793,503372,129,1,549.0,54.9
5794,503373,113,1,1299.0,0.0
5795,503374,118,1,899.0,0.0
5796,503374,104,3,4999.0,0.0
5797,503374,129,2,549.0,0.0
5798,503375,134,1,199.0,19.9
5799,503375,141,2,249.0,49.8
5800,503375,124,1,1099.0,109.9
5801,503376,138,3,399.0,119.7
5802,503377,120,1,699.0,0.0
5803,503377,129,1,549.0,0.0
5804,503378,113,1,1299.0,0.0
5805,503378,129,2,549.0,0.0
5806,503379,147,1,1299.0,0.0
5807,503380,140,3,599.0,179.7
5808,503381,123,1,3299.0,0.0
5809,503381,130,2,699.0,0.0
5810,503381,126,1,449.0,0.0
5811,503382,112,1,1499.0,0.0
5812,503382,111,1,499.0,0.0
5813,503383,134,1,199.0,19.9
5814,503384,128,1,999.0,0.0
5815,503384,143,1,799.0,0.0
5816,503385,137,1,249.0,24.9
5817,503385,135,2,1499.0,299.8
5818,503385,113,1,1299.0,129.9
5819,503385,118,1,899.0,89.9
5820,503386,118,1,899.0,89.9
5821,503387,127,1,649.0,64.9
5822,503388,140,1,599.0,59.9
5823,503389,119,1,2199.0,0.0
5824,503389,129,2,549.0,0.0
5825,503390,134,1,199.0,19.9
5826,503391,111,1,499.0,49.9
5827,503392,139,1,349.0,52.35
5828,503393,133,2,399.0,0.0
5829,503393,129,2,549.0,0.0
5830,503394,147,1,1299.0,194.85
5831,503394,137,1,249.0,37.35
5832,503394,127,1,649.0,97.35
5833,503394,129,1,549.0,82.35
5834,503395,111,1,499.0,49.9
5835,503395,137,1,249.0,24.9
5836,503395,117,2,2999.0,599.8
5837,503395,129,1,549.0,54.9
5838,503396,105,2,2299.0,689.7
5839,503397,112,1,1499.0,224.85
5840,503398,148,2,699.0,139.8
5841,503398,113,1,1299.0,129.9
5842,503398,129,2,549.0,109.8
5843,503399,104,2,4999.0,1499.7
5844,503399,111,1,499.0,74.85
5845,503400,141,1,249.0,0.0
5846,503401,113,1,1299.0,194.85
5847,503402,107,1,1199.0,119.9
5848,503402,113,2,1299.0,259.8
5849,503403,109,1,3999.0,0.0
5850,503403,129,1,549.0,0.0
5851,503404,101,2,1999.0,599.7
5852,503405,111,1,499.0,74.85
5853,503405,129,1,549.0,82.35
5854,503406,122,1,1899.0,284.85
5855,503407,138,1,399.0,0.0
5856,503408,104,1,4999.0,749.85
5857,503408,110,2,799.0,239.7
5858,503409,104,1,4999.0,499.9
5859,503409,133,2,399.0,79.8
5860,503409,112,1,1499.0,149.9
5861,503409,131,1,299.0,29.9
5862,503409,129,1,549.0,54.9
5863,503410,137,2,249.0,0.0
5864,503411,108,1,399.0,39.9
5865,503411,116,1,2499.0,249.9
5866,503412,123,1,3299.0,329.9
5867,503412,108,2,399.0,79.8
5868,503413,128,1,999.0,0.0
5869,503413,141,2,249.0,0.0
5870,503413,117,1,2999.0,0.0
5871,503414,138,2,399.0,0.0
5872,503415,138,1,399.0,59.85
5873,503415,114,1,1199.0,179.85
5874,503416,109,1,3999.0,0.0
5875,503416,142,2,799.0,0.0
5876,503416,111,1,499.0,0.0
5877,503417,109,1,3999.0,0.0
5878,503418,113,2,1299.0,389.7
5879,503418,140,2,599.0,179.7
5880,503419,144,1,2999.0,0.0
5881,503419,111,1,499.0,0.0
5882,503419,137,1,249.0,0.0
5883,503420,117,1,2999.0,0.0
5884,503421,110,1,799.0,119.85
5885,503422,110,1,799.0,0.0
5886,503423,127,1,649.0,97.35
5887,503423,104,1,4999.0,749.85
5888,503423,109,1,3999.0,599.85
5889,503424,118,1,899.0,0.0
5890,503425,108,1,399.0,0.0
5891,503426,131,1,299.0,0.0
5892,503427,111,1,499.0,0.0
5893,503428,130,1,699.0,104.85
5894,503429,135,1,1499.0,0.0
5895,503429,131,1,299.0,0.0
5896,503430,139,1,349.0,0.0
5897,503430,144,1,2999.0,0.0
5898,503431,120,2,699.0,209.7
5899,503431,106,1,1499.0,224.85
5900,503431,116,1,2499.0,374.85
5901,503432,120,1,699.0,0.0
5902,503433,133,1,399.0,0.0
5903,503433,126,1,449.0,0.0
5904,503434,137,1,249.0,12.45
5905,503435,123,3,3299.0,1484.55
5906,503436,135,1,1499.0,0.0
5907,503436,111,1,499.0,0.0
5908,503437,118,2,899.0,0.0
5909,503438,112,1,1499.0,0.0
5910,503439,124,1,1099.0,164.85
5911,503440,131,2,299.0,29.9
5912,503440,101,1,1999.0,99.95
5913,503441,125,2,1299.0,0.0
5914,503441,129,2,549.0,0.0
5915,503441,142,2,799.0,0.0
5916,503442,116,1,2499.0,0.0
5917,503442,144,3,2999.0,0.0
5918,503443,104,1,4999.0,749.85
5919,503443,124,1,1099.0,164.85
5920,503444,140,1,599.0,89.85
5921,503445,126,1,449.0,0.0
5922,503446,125,1,1299.0,194.85
5923,503446,127,1,649.0,97.35
5924,503447,112,1,1499.0,0.0
5925,503448,109,1,3999.0,599.85
5926,503449,142,1,799.0,119.85
5927,503450,140,1,599.0,89.85
5928,503450,138,2,399.0,119.7
5929,503450,113,1,1299.0,194.85
5930,503451,101,3,1999.0,0.0
5931,503452,108,3,399.0,0.0
5932,503453,112,1,1499.0,0.0
5933,503453,107,1,1199.0,0.0
5934,503453,115,1,3999.0,0.0
5935,503453,119,1,2199.0,0.0
5936,503454,126,1,449.0,22.45
5937,503454,127,1,649.0,32.45
5938,503454,116,1,2499.0,124.95
5939,503455,117,2,2999.0,0.0
5940,503455,128,1,999.0,0.0
5941,503456,112,1,1499.0,224.85
5942,503456,135,1,1499.0,224.85
5943,503457,128,1,999.0,0.0
5944,503458,135,1,1499.0,0.0
5945,503458,116,3,2499.0,0.0
5946,503459,116,1,2499.0,374.85
5947,503460,145,1,599.0,29.95
5948,503461,117,1,2999.0,0.0
5949,503461,122,1,1899.0,0.0
5950,503461,108,1,399.0,0.0
5951,503461,129,1,549.0,0.0
5952,503462,145,1,599.0,0.0
5953,503463,110,1,799.0,119.85
5954,503464,136,1,899.0,134.85
5955,503465,131,1,299.0,0.0
5956,503465,101,1,1999.0,0.0
5957,503466,135,1,1499.0,0.0
5958,503467,109,1,3999.0,0.0
5959,503467,120,2,699.0,0.0
5960,503468,111,2,499.0,0.0
5961,503469,123,1,3299.0,0.0
5962,503469,103,1,2499.0,0.0
5963,503470,132,1,449.0,0.0
5964,503470,118,1,899.0,0.0
5965,503471,124,1,1099.0,0.0
5966,503471,103,1,2499.0,0.0
5967,503471,110,2,799.0,0.0
5968,503472,121,1,2799.0,0.0
5969,503473,112,2,1499.0,449.7
5970,503474,122,1,1899.0,0.0
5971,503474,133,1,399.0,0.0
5972,503475,143,1,799.0,0.0
5973,503476,103,1,2499.0,0.0
5974,503477,147,1,1299.0,0.0
5975,503477,135,1,1499.0,0.0
5976,503477,108,1,399.0,0.0
5977,503478,117,1,2999.0,0.0
5978,503478,111,1,499.0,0.0
5979,503478,119,1,2199.0,0.0
5980,503479,106,1,1499.0,0.0
5981,503480,113,1,1299.0,0.0
5982,503480,109,1,3999.0,0.0
5983,503481,128,3,999.0,0.0
5984,503482,136,2,899.0,0.0
5985,503482,112,1,1499.0,0.0
5986,503482,117,1,2999.0,0.0
5987,503483,140,1,599.0,0.0
5988,503484,118,1,899.0,134.85
5989,503484,126,1,449.0,67.35
5990,503484,113,3,1299.0,584.55
5991,503485,116,1,2499.0,0.0
5992,503486,115,1,3999.0,599.85
5993,503486,120,1,699.0,104.85
5994,503486,141,1,249.0,37.35
5995,503486,128,2,999.0,299.7
5996,503487,123,1,3299.0,494.85
5997,503488,137,3,249.0,112.05
5998,503488,124,1,1099.0,164.85
5999,503489,121,1,2799.0,419.85
6000,503489,111,2,499.0,149.7
6001,503489,101,1,1999.0,299.85
6002,503489,125,1,1299.0,194.85
6003,503490,102,1,3499.0,0.0
6004,503491,145,1,599.0,0.0
6005,503492,126,1,449.0,0.0
6006,503492,109,1,3999.0,0.0
6007,503493,128,1,999.0,0.0
6008,503493,136,1,899.0,0.0
6009,503494,111,1,499.0,0.0
6010,503494,144,1,2999.0,0.0
6011,503495,138,1,399.0,59.85
6012,503495,126,2,449.0,134.7
6013,503496,127,1,649.0,0.0
6014,503497,111,1,499.0,0.0
6015,503497,102,1,3499.0,0.0
6016,503498,144,1,2999.0,0.0
6017,503498,127,1,649.0,0.0
6018,503499,134,1,199.0,0.0
6019,503500,133,1,399.0,59.85
6020,503501,116,1,2499.0,374.85
6021,503501,125,1,1299.0,194.85
6022,503502,133,1,399.0,0.0
6023,503502,131,1,299.0,0.0
6024,503503,101,1,1999.0,99.95
6025,503503,112,1,1499.0,74.95
6026,503504,128,1,999.0,149.85
6027,503505,122,2,1899.0,569.7
6028,503506,122,1,1899.0,0.0
6029,503506,126,1,449.0,0.0
6030,503507,110,1,799.0,0.0
6031,503507,118,1,899.0,0.0
6032,503507,138,1,399.0,0.0
6033,503508,105,2,2299.0,689.7
6034,503508,109,1,3999.0,599.85
6035,503508,140,3,599.0,269.55
6036,503509,137,1,249.0,0.0
6037,503509,147,1,1299.0,0.0
6038,503509,112,1,1499.0,0.0
6039,503509,120,1,699.0,0.0
6040,503510,130,2,699.0,0.0
6041,503510,106,1,1499.0,0.0
6042,503511,102,1,3499.0,0.0
6043,503512,130,1,699.0,0.0
6044,503513,135,2,1499.0,0.0
6045,503513,113,1,1299.0,0.0
6046,503514,148,3,699.0,314.55
6047,503514,127,1,649.0,97.35
6048,503514,137,1,249.0,37.35
6049,503514,105,1,2299.0,344.85
6050,503515,122,1,1899.0,0.0
6051,503516,135,1,1499.0,224.85
6052,503517,132,1,449.0,0.0
6053,503518,136,1,899.0,134.85
6054,503518,110,1,799.0,119.85
6055,503518,144,1,2999.0,449.85
6056,503519,114,1,1199.0,0.0
6057,503519,104,1,4999.0,0.0
6058,503519,107,1,1199.0,0.0
6059,503519,108,2,399.0,0.0
6060,503520,123,1,3299.0,0.0
6061,503520,135,1,1499.0,0.0
6062,503521,126,1,449.0,0.0
6063,503521,122,1,1899.0,0.0
6064,503522,147,1,1299.0,0.0
6065,503523,118,1,899.0,134.85
6066,503524,129,1,549.0,0.0
6067,503525,108,1,399.0,0.0
6068,503525,129,1,549.0,0.0
6069,503526,133,1,399.0,0.0
6070,503527,134,1,199.0,0.0
6071,503528,140,1,599.0,0.0
6072,503528,124,1,1099.0,0.0
6073,503529,116,1,2499.0,0.0
6074,503530,124,1,1099.0,0.0
6075,503531,106,1,1499.0,0.0
6076,503532,140,1,599.0,0.0
6077,503532,129,1,549.0,0.0
6078,503533,114,1,1199.0,0.0
6079,503534,118,2,899.0,0.0
6080,503535,101,1,1999.0,299.85
6081,503535,118,1,899.0,134.85
6082,503535,130,1,699.0,104.85
6083,503536,124,1,1099.0,164.85
6084,503536,114,1,1199.0,179.85
6085,503537,111,1,499.0,74.85
6086,503537,144,1,2999.0,449.85
6087,503538,135,1,1499.0,0.0
6088,503538,107,1,1199.0,0.0
6089,503538,137,1,249.0,0.0
6090,503539,122,2,1899.0,0.0
6091,503540,107,2,1199.0,359.7
6092,503541,139,1,349.0,0.0
6093,503542,123,1,3299.0,0.0
6094,503543,139,1,349.0,17.45
6095,503543,111,1,499.0,24.95
6096,503543,118,1,899.0,44.95
6097,503544,125,1,1299.0,64.95
6098,503545,108,1,399.0,59.85
6099,503546,110,1,799.0,119.85
6100,503546,134,1,199.0,29.85
6101,503547,137,1,249.0,0.0
6102,503547,133,1,399.0,0.0
6103,503548,131,1,299.0,0.0
6104,503549,128,1,999.0,0.0
6105,503549,133,3,399.0,0.0
6106,503550,113,1,1299.0,0.0
6107,503551,118,1,899.0,0.0
6108,503552,135,2,1499.0,0.0
6109,503553,120,1,699.0,0.0
6110,503553,129,1,549.0,0.0
6111,503554,107,1,1199.0,179.85
6112,503554,114,1,1199.0,179.85
6113,503555,127,1,649.0,97.35
6114,503555,130,1,699.0,104.85
6115,503556,104,1,4999.0,749.85
6116,503556,131,1,299.0,44.85
6117,503557,117,2,2999.0,0.0
6118,503557,142,1,799.0,0.0
6119,503558,140,2,599.0,0.0
6120,503558,105,1,2299.0,0.0
6121,503559,105,1,2299.0,0.0
6122,503559,131,1,299.0,0.0
6123,503559,116,1,2499.0,0.0
6124,503560,105,1,2299.0,0.0
6125,503561,135,1,1499.0,0.0
6126,503561,107,1,1199.0,0.0
6127,503562,126,1,449.0,0.0
6128,503563,118,1,899.0,134.85
6129,503564,111,1,499.0,0.0
6130,503565,114,1,1199.0,179.85
6131,503566,137,1,249.0,0.0
6132,503567,106,1,1499.0,0.0
6133,503567,116,1,2499.0,0.0
6134,503567,115,3,3999.0,0.0
6135,503567,105,1,2299.0,0.0
6136,503568,107,1,1199.0,0.0
6137,503569,108,1,399.0,59.85
6138,503569,120,1,699.0,104.85
6139,503569,121,1,2799.0,419.85
6140,503569,122,1,1899.0,284.85
6141,503570,131,1,299.0,44.85
6142,503570,120,2,699.0,209.7
6143,503571,136,1,899.0,0.0
6144,503571,112,1,1499.0,0.0
6145,503572,137,1,249.0,0.0
6146,503573,139,1,349.0,0.0
6147,503574,116,2,2499.0,0.0
6148,503575,122,2,1899.0,0.0
6149,503576,143,1,799.0,0.0
6150,503576,118,1,899.0,0.0
6151,503576,106,1,1499.0,0.0
6152,503577,145,1,599.0,89.85
6153,503577,131,1,299.0,44.85
6154,503578,131,1,299.0,0.0
6155,503579,147,2,1299.0,0.0
6156,503580,111,1,499.0,24.95
6157,503581,126,1,449.0,0.0
6158,503581,130,3,699.0,0.0
6159,503581,104,1,4999.0,0.0
6160,503582,114,1,1199.0,179.85
6161,503582,147,1,1299.0,194.85
6162,503583,133,1,399.0,0.0
6163,503584,102,1,3499.0,0.0
6164,503584,117,1,2999.0,0.0
6165,503585,119,1,2199.0,329.85
6166,503585,113,1,1299.0,194.85
6167,503586,109,1,3999.0,599.85
6168,503586,110,1,799.0,119.85
6169,503587,109,1,3999.0,599.85
6170,503588,118,1,899.0,0.0
6171,503588,137,1,249.0,0.0
6172,503588,117,1,2999.0,0.0
6173,503589,116,1,2499.0,374.85
6174,503590,101,2,1999.0,599.7
6175,503591,116,1,2499.0,124.95
6176,503592,103,1,2499.0,374.85
6177,503592,144,2,2999.0,899.7
6178,503593,112,1,1499.0,0.0
6179,503594,107,1,1199.0,0.0
6180,503594,137,1,249.0,0.0
6181,503594,111,1,499.0,0.0
6182,503595,109,1,3999.0,0.0
6183,503595,104,1,4999.0,0.0
6184,503596,138,2,399.0,0.0
6185,503596,114,1,1199.0,0.0
6186,503596,133,1,399.0,0.0
6187,503597,117,1,2999.0,449.85
6188,503598,120,2,699.0,209.7
6189,503599,108,1,399.0,0.0
6190,503600,119,1,2199.0,0.0
6191,503601,116,1,2499.0,0.0
6192,503601,148,1,699.0,0.0
6193,503602,120,2,699.0,0.0
6194,503602,135,1,1499.0,0.0
6195,503602,122,1,1899.0,0.0
6196,503603,125,1,1299.0,0.0
6197,503604,120,2,699.0,209.7
6198,503605,115,3,3999.0,0.0
6199,503606,137,1,249.0,37.35
6200,503607,143,1,799.0,119.85
6201,503608,123,2,3299.0,0.0
6202,503608,125,1,1299.0,0.0
6203,503609,147,1,1299.0,0.0
6204,503610,107,1,1199.0,0.0
6205,503611,112,1,1499.0,0.0
6206,503611,122,3,1899.0,0.0
6207,503611,109,1,3999.0,0.0
6208,503612,108,1,399.0,0.0
6209,503613,131,1,299.0,0.0
6210,503614,111,1,499.0,0.0
6211,503615,139,1,349.0,0.0
6212,503615,111,1,499.0,0.0
6213,503616,116,1,2499.0,0.0
6214,503616,111,1,499.0,0.0
6215,503617,124,1,1099.0,54.95
6216,503618,133,1,399.0,59.85
6217,503619,137,2,249.0,0.0
6218,503620,111,1,499.0,0.0
6219,503620,143,1,799.0,0.0
6220,503621,130,1,699.0,0.0
6221,503622,109,1,3999.0,0.0
6222,503623,115,2,3999.0,0.0
6223,503624,108,1,399.0,0.0
6224,503625,110,1,799.0,0.0
6225,503625,111,1,499.0,0.0
6226,503626,118,1,899.0,134.85
6227,503626,143,1,799.0,119.85
6228,503626,109,1,3999.0,599.85
6229,503627,110,3,799.0,359.55
6230,503627,103,1,2499.0,374.85
6231,503628,144,1,2999.0,449.85
6232,503628,130,1,699.0,104.85
6233,503628,121,1,2799.0,419.85
6234,503629,147,1,1299.0,0.0
6235,503630,107,1,1199.0,0.0
6236,503631,123,1,3299.0,0.0
6237,503632,148,1,699.0,0.0
6238,503633,127,1,649.0,97.35
6239,503634,126,1,449.0,0.0
6240,503635,140,1,599.0,0.0
6241,503635,137,1,249.0,0.0
6242,503636,118,1,899.0,0.0
6243,503636,126,2,449.0,0.0
6244,503636,137,2,249.0,0.0
6245,503636,130,1,699.0,0.0
6246,503637,106,1,1499.0,0.0
6247,503637,140,1,599.0,0.0
6248,503637,138,1,399.0,0.0
6249,503637,105,1,2299.0,0.0
6250,503638,125,1,1299.0,194.85
6251,503638,115,2,3999.0,1199.7
6252,503639,109,2,3999.0,1199.7
6253,503640,110,3,799.0,359.55
6254,503640,135,1,1499.0,224.85
6255,503641,118,1,899.0,0.0
6256,503642,106,2,1499.0,0.0
6257,503643,101,1,1999.0,299.85
6258,503644,117,1,2999.0,449.85
6259,503645,132,1,449.0,67.35
6260,503645,101,1,1999.0,299.85
6261,503646,131,1,299.0,0.0
6262,503646,130,3,699.0,0.0
6263,503647,108,1,399.0,19.95
6264,503647,121,1,2799.0,139.95
6265,503648,114,2,1199.0,0.0
6266,503648,107,1,1199.0,0.0
6267,503648,123,1,3299.0,0.0
6268,503649,104,1,4999.0,0.0
6269,503650,114,1,1199.0,179.85
6270,503651,112,1,1499.0,0.0
6271,503652,131,1,299.0,0.0
6272,503653,124,1,1099.0,54.95
6273,503653,118,2,899.0,89.9
6274,503654,124,1,1099.0,164.85
6275,503654,123,1,3299.0,494.85
6276,503655,104,1,4999.0,0.0
6277,503655,130,1,699.0,0.0
6278,503656,128,1,999.0,149.85
6279,503657,122,1,1899.0,0.0
6280,503658,104,1,4999.0,0.0
6281,503659,109,3,3999.0,1799.55
6282,503660,102,1,3499.0,0.0
6283,503660,104,1,4999.0,0.0
6284,503661,112,1,1499.0,0.0
6285,503661,138,1,399.0,0.0
6286,503662,113,1,1299.0,0.0
6287,503663,111,1,499.0,74.85
6288,503663,135,1,1499.0,224.85
6289,503663,119,1,2199.0,329.85
6290,503664,125,1,1299.0,0.0
6291,503665,132,1,449.0,0.0
6292,503666,108,1,399.0,0.0
6293,503666,138,1,399.0,0.0
6294,503667,111,2,499.0,0.0
6295,503668,103,1,2499.0,374.85
6296,503668,111,1,499.0,74.85
6297,503668,125,2,1299.0,389.7
6298,503669,107,1,1199.0,179.85
6299,503670,146,1,4499.0,0.0
6300,503671,111,1,499.0,74.85
6301,503672,130,1,699.0,0.0
6302,503673,135,1,1499.0,224.85
6303,503674,111,3,499.0,74.85
6304,503674,113,3,1299.0,194.85
6305,503674,116,1,2499.0,124.95
6306,503675,143,1,799.0,0.0
6307,503676,137,1,249.0,12.45
6308,503676,105,1,2299.0,114.95
6309,503677,140,1,599.0,0.0
6310,503678,135,1,1499.0,0.0
6311,503679,105,1,2299.0,0.0
6312,503680,118,1,899.0,0.0
6313,503681,117,2,2999.0,0.0
6314,503682,120,2,699.0,0.0
6315,503683,105,1,2299.0,0.0
6316,503684,111,1,499.0,0.0
6317,503684,101,1,1999.0,0.0
6318,503684,102,2,3499.0,0.0
6319,503684,123,1,3299.0,0.0
6320,503685,106,1,1499.0,0.0
6321,503685,118,1,899.0,0.0
6322,503686,131,1,299.0,14.95
6323,503686,122,2,1899.0,189.9
6324,503687,136,1,899.0,0.0
6325,503687,142,3,799.0,0.0
6326,503688,120,1,699.0,0.0
6327,503689,124,1,1099.0,0.0
6328,503690,118,1,899.0,0.0
6329,503691,137,1,249.0,37.35
6330,503692,118,1,899.0,0.0
6331,503692,141,2,249.0,0.0
6332,503692,112,1,1499.0,0.0
6333,503692,107,1,1199.0,0.0
6334,503693,137,1,249.0,0.0
6335,503693,116,1,2499.0,0.0
6336,503693,131,1,299.0,0.0
6337,503694,103,1,2499.0,0.0
6338,503695,118,1,899.0,0.0
6339,503696,114,2,1199.0,0.0
6340,503697,131,1,299.0,0.0
6341,503698,116,1,2499.0,0.0
6342,503698,119,2,2199.0,0.0
6343,503699,107,1,1199.0,179.85
6344,503700,101,1,1999.0,0.0
6345,503700,120,1,699.0,0.0
6346,503701,105,1,2299.0,0.0
6347,503702,126,1,449.0,0.0
6348,503702,111,1,499.0,0.0
6349,503702,109,1,3999.0,0.0
6350,503703,111,1,499.0,74.85
6351,503703,147,1,1299.0,194.85
6352,503704,101,1,1999.0,0.0
6353,503704,127,2,649.0,0.0
6354,503704,124,1,1099.0,0.0
6355,503705,101,1,1999.0,299.85
6356,503706,123,1,3299.0,0.0
6357,503707,123,1,3299.0,0.0
6358,503708,112,2,1499.0,0.0
6359,503708,107,3,1199.0,0.0
6360,503708,131,1,299.0,0.0
6361,503709,109,1,3999.0,599.85
6362,503709,136,2,899.0,269.7
6363,503710,133,1,399.0,59.85
6364,503710,104,1,4999.0,749.85
6365,503711,128,1,999.0,49.95
6366,503711,137,1,249.0,12.45
6367,503712,101,1,1999.0,299.85
6368,503713,128,1,999.0,49.95
6369,503714,101,3,1999.0,0.0
6370,503715,113,1,1299.0,0.0
6371,503716,123,1,3299.0,0.0
6372,503716,116,1,2499.0,0.0
6373,503717,122,1,1899.0,0.0
6374,503718,102,1,3499.0,0.0
6375,503719,137,1,249.0,37.35
6376,503720,142,1,799.0,0.0
6377,503721,104,1,4999.0,0.0
6378,503721,125,1,1299.0,0.0
6379,503722,130,1,699.0,0.0
6380,503722,112,2,1499.0,0.0
6381,503723,125,1,1299.0,0.0
6382,503723,107,1,1199.0,0.0
6383,503724,103,1,2499.0,0.0
6384,503724,120,1,699.0,0.0
6385,503725,113,1,1299.0,0.0
6386,503725,102,2,3499.0,0.0
6387,503725,138,1,399.0,0.0
6388,503726,123,1,3299.0,0.0
6389,503726,117,1,2999.0,0.0
6390,503727,103,2,2499.0,0.0
6391,503727,111,1,499.0,0.0
6392,503728,119,1,2199.0,329.85
6393,503729,105,1,2299.0,0.0
6394,503730,148,1,699.0,0.0
6395,503730,115,1,3999.0,0.0
6396,503730,139,2,349.0,0.0
6397,503731,105,1,2299.0,344.85
6398,503731,141,1,249.0,37.35
6399,503731,143,1,799.0,119.85
6400,503731,123,1,3299.0,494.85
6401,503732,106,3,1499.0,0.0
6402,503733,126,1,449.0,0.0
6403,503734,106,1,1499.0,0.0
6404,503734,107,1,1199.0,0.0
6405,503735,113,1,1299.0,0.0
6406,503735,111,1,499.0,0.0
6407,503736,147,1,1299.0,0.0
6408,503736,113,1,1299.0,0.0
6409,503736,144,1,2999.0,0.0
6410,503737,117,1,2999.0,0.0
6411,503738,147,1,1299.0,0.0
6412,503739,138,1,399.0,59.85
6413,503739,117,1,2999.0,449.85
6414,503740,131,2,299.0,89.7
6415,503741,137,1,249.0,0.0
6416,503741,133,1,399.0,0.0
6417,503742,117,1,2999.0,0.0
6418,503742,123,3,3299.0,0.0
6419,503743,135,1,1499.0,0.0
6420,503744,122,1,1899.0,0.0
6421,503744,101,1,1999.0,0.0
6422,503744,104,1,4999.0,0.0
6423,503744,134,2,199.0,0.0
6424,503745,102,1,3499.0,0.0
6425,503745,144,1,2999.0,0.0
6426,503746,131,1,299.0,0.0
6427,503747,109,1,3999.0,0.0
6428,503747,137,1,249.0,0.0
6429,503747,111,1,499.0,0.0
6430,503748,127,1,649.0,97.35
6431,503749,101,1,1999.0,0.0
6432,503750,112,1,1499.0,0.0
6433,503751,119,1,2199.0,109.95
6434,503751,144,2,2999.0,299.9
6435,503752,113,1,1299.0,194.85
6436,503752,137,2,249.0,74.7
6437,503753,104,1,4999.0,0.0
6438,503754,137,1,249.0,0.0
6439,503755,110,1,799.0,0.0
6440,503755,129,2,549.0,0.0
6441,503756,103,1,2499.0,374.85
6442,503757,103,1,2499.0,0.0
6443,503757,104,1,4999.0,0.0
6444,503757,118,1,899.0,0.0
6445,503758,124,2,1099.0,109.9
6446,503758,123,2,3299.0,329.9
6447,503759,108,2,399.0,119.7
6448,503760,103,1,2499.0,0.0
6449,503761,107,2,1199.0,0.0
6450,503761,106,1,1499.0,0.0
6451,503762,130,1,699.0,0.0
6452,503763,129,3,549.0,247.05
6453,503764,148,1,699.0,0.0
6454,503765,133,1,399.0,59.85
6455,503765,131,1,299.0,44.85
6456,503765,123,1,3299.0,494.85
6457,503765,129,2,549.0,164.7
6458,503766,105,1,2299.0,0.0
6459,503767,128,1,999.0,149.85
6460,503768,108,1,399.0,59.85
6461,503768,112,1,1499.0,224.85
6462,503768,137,1,249.0,37.35
6463,503769,125,1,1299.0,0.0
6464,503770,112,1,1499.0,224.85
6465,503770,120,2,699.0,209.7
6466,503771,144,1,2999.0,449.85
6467,503771,134,1,199.0,29.85
6468,503771,113,1,1299.0,194.85
6469,503772,107,1,1199.0,0.0
6470,503773,147,1,1299.0,0.0
6471,503773,109,1,3999.0,0.0
6472,503774,113,1,1299.0,194.85
6473,503775,102,2,3499.0,0.0
6474,503775,124,1,1099.0,0.0
6475,503776,138,1,399.0,0.0
6476,503777,104,2,4999.0,499.9
6477,503777,111,1,499.0,24.95
6478,503777,118,1,899.0,44.95
6479,503778,135,3,1499.0,0.0
6480,503779,132,2,449.0,0.0
6481,503780,136,2,899.0,0.0
6482,503781,135,1,1499.0,0.0
6483,503782,141,1,249.0,0.0
6484,503783,113,2,1299.0,0.0
6485,503783,115,1,3999.0,0.0
6486,503783,108,1,399.0,0.0
6487,503784,107,2,1199.0,0.0
6488,503784,106,1,1499.0,0.0
6489,503784,118,3,899.0,0.0
6490,503785,120,2,699.0,0.0
6491,503786,114,1,1199.0,0.0
6492,503787,102,1,3499.0,0.0
6493,503788,118,1,899.0,0.0
6494,503789,111,1,499.0,74.85
6495,503790,121,2,2799.0,0.0
6496,503791,133,1,399.0,59.85
6497,503792,137,2,249.0,0.0
6498,503793,135,1,1499.0,224.85
6499,503794,127,1,649.0,0.0
6500,503795,104,1,4999.0,249.95
6501,503796,118,3,899.0,0.0
6502,503797,120,2,699.0,0.0
6503,503798,147,2,1299.0,0.0
6504,503799,116,2,2499.0,0.0
6505,503800,137,2,249.0,0.0
6506,503801,104,1,4999.0,749.85
6507,503801,144,1,2999.0,449.85
6508,503801,147,2,1299.0,389.7
6509,503802,109,1,3999.0,599.85
6510,503803,111,2,499.0,0.0
6511,503804,148,1,699.0,0.0
6512,503805,114,1,1199.0,0.0
6513,503806,116,1,2499.0,0.0
6514,503807,111,1,499.0,0.0
6515,503808,137,1,249.0,37.35
6516,503808,148,2,699.0,209.7
6517,503809,107,1,1199.0,179.85
6518,503810,124,1,1099.0,0.0
6519,503810,147,1,1299.0,0.0
6520,503811,113,1,1299.0,0.0
6521,503811,125,1,1299.0,0.0
6522,503811,111,1,499.0,0.0
6523,503812,118,1,899.0,0.0
6524,503813,116,1,2499.0,0.0
6525,503813,146,1,4499.0,0.0
6526,503814,124,1,1099.0,164.85
6527,503815,123,1,3299.0,494.85
6528,503815,105,1,2299.0,344.85
6529,503816,135,2,1499.0,0.0
6530,503816,126,1,449.0,0.0
6531,503816,148,1,699.0,0.0
6532,503817,117,1,2999.0,0.0
6533,503818,112,2,1499.0,449.7
6534,503818,144,1,2999.0,449.85
6535,503819,132,1,449.0,0.0
6536,503819,104,1,4999.0,0.0
6537,503819,133,1,399.0,0.0
6538,503820,135,1,1499.0,224.85
6539,503820,137,3,249.0,112.05
6540,503821,137,1,249.0,0.0
6541,503822,110,1,799.0,0.0
6542,503823,147,1,1299.0,194.85
6543,503823,104,1,4999.0,749.85
6544,503823,111,2,499.0,149.7
6545,503824,135,1,1499.0,0.0
6546,503824,120,1,699.0,0.0
6547,503825,131,1,299.0,14.95
6548,503826,141,1,249.0,0.0
6549,503826,117,1,2999.0,0.0
6550,503827,143,1,799.0,119.85
6551,503827,107,1,1199.0,179.85
6552,503828,124,2,1099.0,0.0
6553,503829,112,1,1499.0,0.0
6554,503829,141,1,249.0,0.0
6555,503829,111,1,499.0,0.0
6556,503830,104,1,4999.0,0.0
6557,503831,105,1,2299.0,344.85
6558,503832,129,2,549.0,164.7
6559,503833,105,1,2299.0,0.0
6560,503833,133,1,399.0,0.0
6561,503833,114,1,1199.0,0.0
6562,503833,144,1,2999.0,0.0
6563,503834,117,1,2999.0,0.0
6564,503835,114,1,1199.0,0.0
6565,503836,101,1,1999.0,0.0
6566,503837,144,1,2999.0,0.0
6567,503838,115,1,3999.0,0.0
6568,503838,118,1,899.0,0.0
6569,503839,104,1,4999.0,0.0
6570,503840,107,1,1199.0,0.0
6571,503841,122,1,1899.0,0.0
6572,503841,137,1,249.0,0.0
6573,503842,124,1,1099.0,0.0
6574,503843,137,1,249.0,37.35
6575,503844,109,1,3999.0,0.0
6576,503845,109,3,3999.0,599.85
6577,503846,136,1,899.0,0.0
6578,503846,116,1,2499.0,0.0
6579,503847,138,1,399.0,0.0
6580,503848,118,1,899.0,134.85
6581,503849,140,1,599.0,89.85
6582,503849,104,1,4999.0,749.85
6583,503850,142,1,799.0,0.0
6584,503851,140,1,599.0,89.85
6585,503851,107,1,1199.0,179.85
6586,503852,121,1,2799.0,0.0
6587,503853,104,1,4999.0,749.85
6588,503853,112,3,1499.0,674.55
6589,503854,140,1,599.0,0.0
6590,503854,136,1,899.0,0.0
6591,503855,130,1,699.0,0.0
6592,503855,106,1,1499.0,0.0
6593,503856,114,1,1199.0,0.0
6594,503856,103,1,2499.0,0.0
6595,503857,118,1,899.0,0.0
6596,503858,128,1,999.0,0.0
6597,503859,110,1,799.0,119.85
6598,503860,112,2,1499.0,0.0
6599,503860,113,1,1299.0,0.0
6600,503861,141,1,249.0,12.45
6601,503861,134,1,199.0,9.95
6602,503861,137,3,249.0,37.35
6603,503862,126,1,449.0,0.0
6604,503863,132,1,449.0,0.0
6605,503863,144,1,2999.0,0.0
6606,503864,144,2,2999.0,0.0
6607,503865,102,1,3499.0,0.0
6608,503866,128,1,999.0,0.0
6609,503866,126,1,449.0,0.0
6610,503867,108,1,399.0,0.0
6611,503868,113,1,1299.0,194.85
6612,503868,140,1,599.0,89.85
6613,503869,140,1,599.0,0.0
6614,503869,108,1,399.0,0.0
6615,503869,125,1,1299.0,0.0
6616,503870,132,1,449.0,0.0
6617,503871,116,1,2499.0,0.0
6618,503872,113,1,1299.0,0.0
6619,503872,140,1,599.0,0.0
6620,503873,108,1,399.0,59.85
6621,503873,124,1,1099.0,164.85
6622,503873,110,1,799.0,119.85
6623,503873,142,1,799.0,119.85
6624,503874,118,2,899.0,269.7
6625,503874,123,1,3299.0,494.85
6626,503874,107,2,1199.0,359.7
6627,503875,135,2,1499.0,0.0
6628,503876,134,1,199.0,0.0
6629,503877,130,1,699.0,34.95
6630,503878,127,1,649.0,97.35
6631,503878,111,1,499.0,74.85
6632,503878,116,3,2499.0,1124.55
6633,503879,138,2,399.0,0.0
6634,503880,134,2,199.0,19.9
6635,503881,134,3,199.0,0.0
6636,503882,118,1,899.0,0.0
6637,503883,102,1,3499.0,0.0
6638,503884,101,1,1999.0,0.0
6639,503885,112,1,1499.0,0.0
6640,503886,109,1,3999.0,0.0
6641,503887,113,1,1299.0,0.0
6642,503888,108,1,399.0,0.0
6643,503889,140,1,599.0,0.0
6644,503889,118,1,899.0,0.0
6645,503890,109,1,3999.0,0.0
6646,503891,114,1,1199.0,179.85
6647,503892,102,1,3499.0,0.0
6648,503893,136,1,899.0,0.0
6649,503893,140,2,599.0,0.0
6650,503894,119,1,2199.0,329.85
6651,503895,138,2,399.0,0.0
6652,503895,143,1,799.0,0.0
6653,503896,123,1,3299.0,0.0
6654,503897,120,1,699.0,0.0
6655,503898,134,1,199.0,0.0
6656,503899,103,1,2499.0,0.0
6657,503900,118,1,899.0,134.85
6658,503900,108,1,399.0,59.85
6659,503901,117,1,2999.0,0.0
6660,503901,125,1,1299.0,0.0
6661,503902,147,1,1299.0,194.85
6662,503903,110,1,799.0,0.0
6663,503904,107,1,1199.0,0.0
6664,503905,102,1,3499.0,0.0
6665,503906,143,2,799.0,0.0
6666,503907,122,1,1899.0,0.0
6667,503907,143,2,799.0,0.0
6668,503907,139,1,349.0,0.0
6669,503908,136,3,899.0,404.55
6670,503909,113,1,1299.0,0.0
6671,503909,144,2,2999.0,0.0
6672,503910,134,1,199.0,0.0
6673,503910,102,1,3499.0,0.0
6674,503911,112,1,1499.0,224.85
6675,503912,147,2,1299.0,0.0
6676,503912,128,1,999.0,0.0
6677,503912,117,1,2999.0,0.0
6678,503912,136,3,899.0,0.0
6679,503913,128,1,999.0,149.85
6680,503914,111,1,499.0,74.85
6681,503915,107,2,1199.0,359.7
6682,503915,141,2,249.0,74.7
6683,503915,114,2,1199.0,359.7
6684,503916,133,3,399.0,59.85
6685,503916,107,3,1199.0,179.85
6686,503916,123,1,3299.0,164.95
6687,503917,108,1,399.0,59.85
6688,503917,115,1,3999.0,599.85
6689,503917,134,2,199.0,59.7
6690,503917,104,1,4999.0,749.85
6691,503918,116,1,2499.0,0.0
6692,503918,112,1,1499.0,0.0
6693,503919,130,2,699.0,209.7
6694,503920,125,1,1299.0,0.0
6695,503921,113,1,1299.0,0.0
6696,503921,102,1,3499.0,0.0
6697,503922,126,1,449.0,0.0
6698,503923,127,1,649.0,0.0
6699,503924,112,1,1499.0,224.85
6700,503925,127,1,649.0,97.35
6701,503926,107,2,1199.0,0.0
6702,503926,116,1,2499.0,0.0
6703,503926,103,1,2499.0,0.0
6704,503927,142,1,799.0,0.0
6705,503927,132,1,449.0,0.0
6706,503928,130,2,699.0,0.0
6707,503928,131,1,299.0,0.0
6708,503929,113,1,1299.0,194.85
6709,503929,116,1,2499.0,374.85
6710,503929,108,1,399.0,59.85
6711,503930,111,1,499.0,0.0
6712,503931,116,1,2499.0,374.85
6713,503932,147,1,1299.0,0.0
6714,503932,114,1,1199.0,0.0
6715,503932,109,1,3999.0,0.0
6716,503933,101,1,1999.0,0.0
6717,503933,106,1,1499.0,0.0
6718,503934,140,1,599.0,0.0
6719,503935,117,1,2999.0,0.0
6720,503936,122,1,1899.0,0.0
6721,503937,124,1,1099.0,164.85
6722,503938,118,2,899.0,269.7
6723,503938,113,1,1299.0,194.85
6724,503939,112,1,1499.0,224.85
6725,503940,137,2,249.0,74.7
6726,503940,111,1,499.0,74.85
6727,503941,130,1,699.0,104.85
6728,503941,124,1,1099.0,164.85
6729,503942,111,1,499.0,0.0
6730,503943,118,1,899.0,0.0
6731,503944,104,1,4999.0,749.85
6732,503945,118,1,899.0,0.0
6733,503945,111,1,499.0,0.0
6734,503945,144,1,2999.0,0.0
6735,503946,135,1,1499.0,0.0
6736,503947,143,1,799.0,0.0
6737,503948,109,1,3999.0,0.0
6738,503948,118,1,899.0,0.0
6739,503948,112,1,1499.0,0.0
6740,503948,144,1,2999.0,0.0
6741,503949,104,1,4999.0,0.0
6742,503950,121,1,2799.0,0.0
6743,503950,120,1,699.0,0.0
6744,503950,109,1,3999.0,0.0
6745,503951,115,1,3999.0,0.0
6746,503952,132,1,449.0,0.0
6747,503953,118,1,899.0,0.0
6748,503954,113,2,1299.0,389.7
6749,503954,104,1,4999.0,749.85
6750,503954,130,1,699.0,104.85
6751,503955,103,1,2499.0,374.85
6752,503956,143,1,799.0,0.0
6753,503957,134,1,199.0,29.85
6754,503958,109,1,3999.0,0.0
6755,503958,111,1,499.0,0.0
6756,503958,110,1,799.0,0.0
6757,503958,128,1,999.0,0.0
6758,503959,109,1,3999.0,0.0
6759,503959,104,1,4999.0,0.0
6760,503960,131,3,299.0,134.55
6761,503961,138,1,399.0,0.0
6762,503962,147,1,1299.0,0.0
6763,503963,140,1,599.0,0.0
6764,503963,104,1,4999.0,0.0
6765,503964,102,1,3499.0,0.0
6766,503965,128,1,999.0,0.0
6767,503966,103,1,2499.0,0.0
6768,503966,114,1,1199.0,0.0
6769,503967,128,1,999.0,49.95
6770,503967,122,1,1899.0,94.95
6771,503968,112,1,1499.0,224.85
6772,503968,124,1,1099.0,164.85
6773,503968,118,1,899.0,134.85
6774,503968,116,1,2499.0,374.85
6775,503969,101,1,1999.0,0.0
6776,503970,112,1,1499.0,224.85
6777,503971,143,1,799.0,119.85
6778,503971,120,1,699.0,104.85
6779,503971,118,1,899.0,134.85
6780,503972,146,1,4499.0,674.85
6781,503972,101,1,1999.0,299.85
6782,503973,112,1,1499.0,0.0
6783,503974,116,1,2499.0,0.0
6784,503975,118,1,899.0,0.0
6785,503975,122,1,1899.0,0.0
6786,503976,113,1,1299.0,0.0
6787,503977,107,1,1199.0,0.0
6788,503978,113,1,1299.0,194.85
6789,503979,137,1,249.0,0.0
6790,503979,110,1,799.0,0.0
6791,503979,128,1,999.0,0.0
6792,503980,114,1,1199.0,0.0
6793,503980,107,1,1199.0,0.0
6794,503981,104,1,4999.0,0.0
6795,503982,119,1,2199.0,0.0
6796,503983,121,2,2799.0,839.7
6797,503983,113,1,1299.0,194.85
6798,503984,113,1,1299.0,0.0
6799,503984,144,1,2999.0,0.0
6800,503984,105,1,2299.0,0.0
6801,503985,117,2,2999.0,299.9
6802,503985,109,1,3999.0,199.95
6803,503985,145,1,599.0,29.95
6804,503985,143,1,799.0,39.95
6805,503986,104,1,4999.0,249.95
6806,503986,123,1,3299.0,164.95
6807,503987,111,1,499.0,74.85
6808,503987,123,1,3299.0,494.85
6809,503988,118,1,899.0,0.0
6810,503989,117,1,2999.0,0.0
6811,503989,113,2,1299.0,0.0
6812,503989,131,1,299.0,0.0
6813,503990,115,1,3999.0,0.0
6814,503991,133,1,399.0,0.0
6815,503992,131,1,299.0,0.0
6816,503992,123,1,3299.0,0.0
6817,503993,107,1,1199.0,0.0
6818,503994,124,1,1099.0,164.85
6819,503995,101,1,1999.0,0.0
6820,503996,117,1,2999.0,449.85
6821,503997,116,1,2499.0,0.0
6822,503997,137,2,249.0,0.0
6823,503998,118,1,899.0,134.85
6824,503998,103,1,2499.0,374.85
6825,503999,108,1,399.0,0.0
6826,503999,111,1,499.0,0.0
6827,504000,116,1,2499.0,374.85
6828,504000,133,1,399.0,59.85
6829,504001,130,1,699.0,34.95
6830,504001,121,1,2799.0,139.95
6831,504002,131,1,299.0,0.0
6832,504003,128,1,999.0,0.0
6833,504003,124,2,1099.0,0.0
6834,504003,116,2,2499.0,0.0
6835,504004,139,1,349.0,52.35
6836,504004,116,1,2499.0,374.85
6837,504005,122,1,1899.0,0.0
6838,504005,124,2,1099.0,0.0
6839,504006,118,1,899.0,0.0
6840,504007,133,1,399.0,0.0
6841,504008,103,1,2499.0,0.0
6842,504008,110,1,799.0,0.0
6843,504009,108,1,399.0,0.0
6844,504010,134,1,199.0,29.85
6845,504011,101,2,1999.0,0.0
6846,504011,116,2,2499.0,0.0
6847,504012,105,1,2299.0,344.85
6848,504012,113,1,1299.0,194.85
6849,504012,116,2,2499.0,749.7
6850,504012,111,1,499.0,74.85
6851,504013,115,1,3999.0,199.95
6852,504014,118,1,899.0,134.85
6853,504015,111,3,499.0,0.0
6854,504016,109,1,3999.0,0.0
6855,504016,132,2,449.0,0.0
6856,504016,113,1,1299.0,0.0
6857,504017,148,1,699.0,0.0
6858,504017,115,1,3999.0,0.0
6859,504018,112,1,1499.0,224.85
6860,504019,116,2,2499.0,749.7
6861,504019,124,1,1099.0,164.85
6862,504020,103,1,2499.0,0.0
6863,504020,109,1,3999.0,0.0
6864,504021,135,2,1499.0,449.7
6865,504021,122,1,1899.0,284.85
6866,504021,109,2,3999.0,1199.7
6867,504021,102,1,3499.0,524.85
6868,504022,132,1,449.0,0.0
6869,504022,116,1,2499.0,0.0
6870,504023,104,1,4999.0,749.85
6871,504023,137,1,249.0,37.35
6872,504024,121,1,2799.0,0.0
6873,504024,137,1,249.0,0.0
6874,504025,148,1,699.0,104.85
6875,504026,135,1,1499.0,0.0
6876,504027,123,1,3299.0,0.0
6877,504028,113,3,1299.0,0.0
6878,504028,110,1,799.0,0.0
6879,504029,115,1,3999.0,0.0
6880,504030,103,1,2499.0,0.0
6881,504030,133,1,399.0,0.0
6882,504030,108,1,399.0,0.0
6883,504031,131,1,299.0,44.85
6884,504031,137,1,249.0,37.35
6885,504031,111,1,499.0,74.85
6886,504032,115,1,3999.0,599.85
6887,504033,101,1,1999.0,0.0
6888,504034,104,1,4999.0,0.0
6889,504035,111,1,499.0,74.85
6890,504035,132,1,449.0,67.35
6891,504036,138,3,399.0,179.55
6892,504037,135,1,1499.0,224.85
6893,504038,135,1,1499.0,224.85
6894,504039,142,1,799.0,0.0
6895,504040,120,1,699.0,104.85
6896,504041,126,1,449.0,0.0
6897,504042,116,1,2499.0,374.85
6898,504043,125,1,1299.0,0.0
6899,504043,120,1,699.0,0.0
6900,504043,116,1,2499.0,0.0
6901,504043,115,2,3999.0,0.0
6902,504044,102,1,3499.0,524.85
6903,504045,116,1,2499.0,374.85
6904,504045,132,1,449.0,67.35
6905,504045,136,1,899.0,134.85
6906,504046,110,1,799.0,0.0
6907,504046,105,1,2299.0,0.0
6908,504047,124,1,1099.0,0.0
6909,504048,147,1,1299.0,194.85
6910,504049,126,1,449.0,0.0
6911,504049,122,1,1899.0,0.0
6912,504049,115,1,3999.0,0.0
6913,504050,118,1,899.0,0.0
6914,504051,138,1,399.0,59.85
6915,504052,121,1,2799.0,419.85
6916,504052,111,2,499.0,149.7
6917,504053,130,1,699.0,0.0
6918,504054,130,1,699.0,0.0
6919,504054,104,1,4999.0,0.0
6920,504055,128,1,999.0,149.85
6921,504055,114,1,1199.0,179.85
6922,504056,147,1,1299.0,0.0
6923,504056,120,1,699.0,0.0
6924,504056,122,1,1899.0,0.0
6925,504057,109,2,3999.0,0.0
6926,504058,138,2,399.0,119.7
6927,504059,109,1,3999.0,0.0
6928,504060,124,1,1099.0,54.95
6929,504061,120,1,699.0,104.85
6930,504062,128,2,999.0,0.0
6931,504063,101,1,1999.0,0.0
6932,504063,147,1,1299.0,0.0
6933,504064,113,1,1299.0,0.0
6934,504064,116,1,2499.0,0.0
6935,504064,117,2,2999.0,0.0
6936,504064,135,1,1499.0,0.0
6937,504065,141,3,249.0,0.0
6938,504066,123,1,3299.0,0.0
6939,504066,117,1,2999.0,0.0
6940,504066,113,1,1299.0,0.0
6941,504067,119,1,2199.0,0.0
6942,504068,132,1,449.0,22.45
6943,504068,138,3,399.0,59.85
6944,504069,117,1,2999.0,0.0
6945,504070,125,3,1299.0,584.55
6946,504071,112,1,1499.0,0.0
6947,504072,123,1,3299.0,0.0
6948,504072,131,1,299.0,0.0
6949,504072,106,1,1499.0,0.0
6950,504072,105,2,2299.0,0.0
6951,504073,102,1,3499.0,174.95
6952,504073,107,1,1199.0,59.95
6953,504074,135,1,1499.0,0.0
6954,504075,124,1,1099.0,0.0
6955,504076,118,1,899.0,134.85
6956,504076,105,2,2299.0,689.7
6957,504077,113,1,1299.0,0.0
6958,504078,107,1,1199.0,0.0
6959,504079,101,1,1999.0,299.85
6960,504080,126,1,449.0,22.45
6961,504081,114,2,1199.0,359.7
6962,504082,120,1,699.0,0.0
6963,504083,106,1,1499.0,0.0
6964,504084,114,1,1199.0,0.0
6965,504085,117,2,2999.0,0.0
6966,504085,103,1,2499.0,0.0
6967,504086,103,1,2499.0,0.0
6968,504087,148,2,699.0,0.0
6969,504088,130,1,699.0,104.85
6970,504089,113,1,1299.0,0.0
6971,504089,140,1,599.0,0.0
6972,504090,126,1,449.0,67.35
6973,504091,116,1,2499.0,0.0
6974,504091,104,1,4999.0,0.0
6975,504091,113,1,1299.0,0.0
6976,504092,105,1,2299.0,0.0
6977,504093,117,1,2999.0,449.85
6978,504094,104,1,4999.0,749.85
6979,504094,111,2,499.0,149.7
6980,504094,134,2,199.0,59.7
6981,504095,101,2,1999.0,0.0
6982,504095,108,2,399.0,0.0
6983,504096,118,1,899.0,0.0
6984,504097,112,1,1499.0,0.0
6985,504097,105,1,2299.0,0.0
6986,504098,105,1,2299.0,0.0
6987,504098,112,1,1499.0,0.0
6988,504099,130,1,699.0,0.0
6989,504100,115,1,3999.0,0.0
6990,504100,116,1,2499.0,0.0
6991,504101,103,1,2499.0,0.0
6992,504101,131,1,299.0,0.0
6993,504102,136,1,899.0,0.0
6994,504103,118,1,899.0,0.0
6995,504104,109,1,3999.0,0.0
6996,504105,104,1,4999.0,749.85
6997,504106,116,1,2499.0,0.0
6998,504106,102,1,3499.0,0.0
6999,504107,107,1,1199.0,0.0
7000,504108,135,2,1499.0,0.0
7001,504109,121,1,2799.0,419.85
7002,504109,125,1,1299.0,194.85
7003,504109,122,1,1899.0,284.85
7004,504110,140,1,599.0,0.0
7005,504110,112,1,1499.0,0.0
7006,504111,114,1,1199.0,179.85
7007,504111,110,1,799.0,119.85
7008,504112,122,1,1899.0,0.0
7009,504113,116,2,2499.0,0.0
7010,504113,113,1,1299.0,0.0
7011,504113,101,1,1999.0,0.0
7012,504114,119,1,2199.0,0.0
7013,504115,148,1,699.0,104.85
7014,504116,122,1,1899.0,284.85
7015,504117,122,1,1899.0,284.85
7016,504117,113,1,1299.0,194.85
7017,504117,146,1,4499.0,674.85
7018,504118,135,1,1499.0,74.95
7019,504119,105,1,2299.0,0.0
7020,504120,113,1,1299.0,194.85
7021,504120,137,1,249.0,37.35
7022,504121,103,1,2499.0,0.0
7023,504121,111,1,499.0,0.0
7024,504122,125,1,1299.0,194.85
7025,504122,124,1,1099.0,164.85
7026,504122,117,1,2999.0,449.85
7027,504123,127,1,649.0,0.0
7028,504123,112,1,1499.0,0.0
7029,504124,103,1,2499.0,0.0
7030,504124,109,1,3999.0,0.0
7031,504125,103,1,2499.0,0.0
7032,504125,112,3,1499.0,0.0
7033,504126,145,1,599.0,0.0
7034,504127,104,1,4999.0,0.0
7035,504127,122,1,1899.0,0.0
7036,504127,107,1,1199.0,0.0
7037,504128,101,1,1999.0,0.0
7038,504128,111,1,499.0,0.0
7039,504129,103,1,2499.0,0.0
7040,504130,123,1,3299.0,494.85
7041,504131,109,1,3999.0,599.85
7042,504131,114,1,1199.0,179.85
7043,504132,114,2,1199.0,0.0
7044,504132,142,1,799.0,0.0
7045,504132,112,1,1499.0,0.0
7046,504133,127,1,649.0,0.0
7047,504134,110,1,799.0,0.0
7048,504134,108,1,399.0,0.0
7049,504135,121,1,2799.0,139.95
7050,504135,118,1,899.0,44.95
7051,504136,137,1,249.0,0.0
7052,504136,118,1,899.0,0.0
7053,504137,116,1,2499.0,0.0
7054,504137,107,1,1199.0,0.0
7055,504137,106,1,1499.0,0.0
7056,504138,131,1,299.0,0.0
7057,504139,109,1,3999.0,0.0
7058,504139,126,1,449.0,0.0
7059,504139,143,1,799.0,0.0
7060,504140,123,3,3299.0,1484.55
7061,504141,104,1,4999.0,0.0
7062,504142,115,1,3999.0,0.0
7063,504143,139,1,349.0,52.35
7064,504144,124,1,1099.0,0.0
7065,504145,145,2,599.0,0.0
7066,504146,105,1,2299.0,0.0
7067,504147,115,1,3999.0,0.0
7068,504148,104,1,4999.0,749.85
7069,504148,105,1,2299.0,344.85
7070,504149,118,1,899.0,0.0
7071,504149,120,1,699.0,0.0
7072,504150,108,2,399.0,119.7
7073,504150,142,1,799.0,119.85
7074,504150,107,1,1199.0,179.85
7075,504151,126,1,449.0,67.35
7076,504151,111,2,499.0,149.7
7077,504152,125,2,1299.0,0.0
7078,504153,138,2,399.0,119.7
7079,504153,101,1,1999.0,299.85
7080,504154,104,1,4999.0,249.95
7081,504155,130,1,699.0,0.0
7082,504155,140,1,599.0,0.0
7083,504156,145,2,599.0,0.0
7084,504156,132,2,449.0,0.0
7085,504156,124,1,1099.0,0.0
7086,504157,113,1,1299.0,0.0
7087,504157,117,1,2999.0,0.0
7088,504158,137,1,249.0,0.0
7089,504158,132,2,449.0,0.0
7090,504159,113,1,1299.0,0.0
7091,504160,101,1,1999.0,0.0
7092,504161,108,2,399.0,39.9
7093,504162,125,1,1299.0,0.0
7094,504163,128,1,999.0,0.0
7095,504163,130,1,699.0,0.0
7096,504163,103,1,2499.0,0.0
7097,504163,102,1,3499.0,0.0
7098,504164,106,1,1499.0,0.0
7099,504164,114,1,1199.0,0.0
7100,504165,111,1,499.0,74.85
7101,504166,107,1,1199.0,179.85
7102,504166,113,1,1299.0,194.85
7103,504167,127,2,649.0,0.0
7104,504168,127,2,649.0,0.0
7105,504168,116,1,2499.0,0.0
7106,504169,137,2,249.0,74.7
7107,504170,124,1,1099.0,0.0
7108,504170,142,1,799.0,0.0
7109,504171,134,1,199.0,0.0
7110,504171,116,1,2499.0,0.0
7111,504172,133,1,399.0,0.0
7112,504172,106,1,1499.0,0.0
7113,504173,123,1,3299.0,0.0
7114,504174,140,1,599.0,0.0
7115,504174,101,1,1999.0,0.0
7116,504174,117,1,2999.0,0.0
7117,504175,111,1,499.0,0.0
7118,504175,135,1,1499.0,0.0
7119,504175,112,1,1499.0,0.0
7120,504176,126,1,449.0,0.0
7121,504177,134,1,199.0,0.0
7122,504177,111,1,499.0,0.0
7123,504178,119,1,2199.0,0.0
7124,504179,111,1,499.0,0.0
7125,504180,134,1,199.0,0.0
7126,504180,107,1,1199.0,0.0
7127,504181,101,2,1999.0,0.0
7128,504181,111,1,499.0,0.0
7129,504182,147,1,1299.0,64.95
7130,504182,114,1,1199.0,59.95
7131,504183,142,1,799.0,0.0
7132,504183,118,1,899.0,0.0
7133,504183,129,2,549.0,0.0
7134,504184,138,1,399.0,0.0
7135,504185,144,2,2999.0,0.0
7136,504185,110,1,799.0,0.0
7137,504186,126,1,449.0,0.0
7138,504187,118,1,899.0,134.85
7139,504188,130,1,699.0,0.0
7140,504189,110,1,799.0,0.0
7141,504190,112,1,1499.0,224.85
7142,504190,115,1,3999.0,599.85
7143,504190,120,2,699.0,209.7
7144,504191,134,2,199.0,0.0
7145,504192,124,2,1099.0,329.7
7146,504193,114,1,1199.0,0.0
7147,504194,109,1,3999.0,0.0
7148,504195,105,1,2299.0,0.0
7149,504195,141,1,249.0,0.0
7150,504195,120,1,699.0,0.0
7151,504196,118,1,899.0,0.0
7152,504196,130,3,699.0,0.0
7153,504197,123,1,3299.0,0.0
7154,504197,138,2,399.0,0.0
7155,504198,134,1,199.0,29.85
7156,504199,116,1,2499.0,374.85
7157,504200,120,1,699.0,0.0
7158,504201,109,1,3999.0,0.0
7159,504202,123,1,3299.0,494.85
7160,504202,106,3,1499.0,674.55
7161,504203,133,2,399.0,0.0
7162,504204,134,1,199.0,29.85
7163,504205,130,1,699.0,104.85
7164,504205,111,2,499.0,149.7
7165,504206,123,1,3299.0,494.85
7166,504207,129,1,549.0,82.35
7167,504208,133,1,399.0,0.0
7168,504208,131,1,299.0,0.0
7169,504209,124,1,1099.0,164.85
7170,504209,137,1,249.0,37.35
7171,504209,122,1,1899.0,284.85
7172,504209,102,1,3499.0,524.85
7173,504210,112,1,1499.0,0.0
7174,504210,115,1,3999.0,0.0
7175,504210,137,1,249.0,0.0
7176,504211,123,1,3299.0,494.85
7177,504212,147,1,1299.0,194.85
7178,504212,136,1,899.0,134.85
7179,504213,142,1,799.0,0.0
7180,504213,112,1,1499.0,0.0
7181,504214,131,1,299.0,0.0
7182,504214,117,1,2999.0,0.0
7183,504215,116,1,2499.0,0.0
7184,504216,111,1,499.0,0.0
7185,504217,142,1,799.0,119.85
7186,504217,104,1,4999.0,749.85
7187,504218,120,2,699.0,0.0
7188,504219,137,1,249.0,0.0
7189,504219,111,1,499.0,0.0
7190,504220,110,1,799.0,0.0
7191,504221,107,1,1199.0,0.0
7192,504222,106,1,1499.0,0.0
7193,504223,142,1,799.0,0.0
7194,504223,135,2,1499.0,0.0
7195,504223,103,1,2499.0,0.0
7196,504223,133,1,399.0,0.0
7197,504224,135,1,1499.0,0.0
7198,504225,108,1,399.0,59.85
7199,504226,134,1,199.0,9.95
7200,504227,118,1,899.0,0.0
7201,504227,123,1,3299.0,0.0
7202,504227,108,2,399.0,0.0
7203,504228,147,1,1299.0,194.85
7204,504229,120,3,699.0,0.0
7205,504229,116,1,2499.0,0.0
7206,504230,113,1,1299.0,0.0
7207,504230,114,3,1199.0,0.0
7208,504230,111,2,499.0,0.0
7209,504230,106,1,1499.0,0.0
7210,504231,123,1,3299.0,0.0
7211,504231,136,1,899.0,0.0
7212,504231,137,1,249.0,0.0
7213,504232,103,1,2499.0,0.0
7214,504233,111,1,499.0,0.0
7215,504233,126,1,449.0,0.0
7216,504233,104,1,4999.0,0.0
7217,504234,131,1,299.0,0.0
7218,504234,109,1,3999.0,0.0
7219,504235,123,1,3299.0,0.0
7220,504236,121,1,2799.0,0.0
7221,504237,137,1,249.0,0.0
7222,504237,119,1,2199.0,0.0
7223,504238,141,1,249.0,0.0
7224,504238,104,1,4999.0,0.0
7225,504239,130,1,699.0,0.0
7226,504240,126,1,449.0,0.0
7227,504240,121,1,2799.0,0.0
7228,504240,128,3,999.0,0.0
7229,504241,111,2,499.0,0.0
7230,504241,116,1,2499.0,0.0
7231,504242,140,2,599.0,0.0
7232,504243,109,1,3999.0,0.0
7233,504244,111,1,499.0,0.0
7234,504245,116,1,2499.0,0.0
7235,504245,148,2,699.0,0.0
7236,504245,104,1,4999.0,0.0
7237,504246,128,1,999.0,149.85
7238,504246,130,1,699.0,104.85
7239,504247,104,1,4999.0,0.0
7240,504247,129,1,549.0,0.0
7241,504247,132,1,449.0,0.0
7242,504248,140,1,599.0,0.0
7243,504249,125,2,1299.0,0.0
7244,504249,124,1,1099.0,0.0
7245,504250,139,1,349.0,0.0
7246,504250,118,1,899.0,0.0
7247,504250,116,1,2499.0,0.0
7248,504250,132,1,449.0,0.0
7249,504251,113,1,1299.0,194.85
7250,504252,101,1,1999.0,0.0
7251,504253,140,1,599.0,89.85
7252,504254,116,1,2499.0,0.0
7253,504254,109,1,3999.0,0.0
7254,504254,144,1,2999.0,0.0
7255,504254,119,1,2199.0,0.0
7256,504255,116,1,2499.0,0.0
7257,504255,111,1,499.0,0.0
7258,504256,122,1,1899.0,284.85
7259,504257,120,1,699.0,104.85
7260,504257,113,1,1299.0,194.85
7261,504258,112,2,1499.0,0.0
7262,504259,123,1,3299.0,494.85
7263,504259,105,1,2299.0,344.85
7264,504259,117,1,2999.0,449.85
7265,504259,108,1,399.0,59.85
7266,504260,126,1,449.0,0.0
7267,504261,112,2,1499.0,0.0
7268,504262,105,1,2299.0,0.0
7269,504262,112,2,1499.0,0.0
7270,504263,113,1,1299.0,0.0
7271,504263,142,1,799.0,0.0
7272,504264,113,1,1299.0,0.0
7273,504264,137,1,249.0,0.0
7274,504265,109,1,3999.0,0.0
7275,504265,118,1,899.0,0.0
7276,504266,110,3,799.0,359.55
7277,504266,114,1,1199.0,179.85
7278,504267,128,1,999.0,0.0
7279,504268,129,1,549.0,0.0
7280,504269,117,1,2999.0,0.0
7281,504270,143,1,799.0,0.0
7282,504271,116,1,2499.0,0.0
7283,504272,142,1,799.0,0.0
7284,504273,111,1,499.0,0.0
7285,504273,135,1,1499.0,0.0
7286,504274,140,1,599.0,0.0
7287,504274,110,2,799.0,0.0
7288,504275,116,1,2499.0,0.0
7289,504276,120,1,699.0,0.0
7290,504276,107,1,1199.0,0.0
7291,504277,142,1,799.0,119.85
7292,504277,112,1,1499.0,224.85
7293,504278,140,1,599.0,0.0
7294,504278,104,1,4999.0,0.0
7295,504279,107,1,1199.0,0.0
7296,504280,141,2,249.0,0.0
7297,504281,117,1,2999.0,0.0
7298,504282,133,1,399.0,0.0
7299,504282,118,1,899.0,0.0
7300,504282,127,1,649.0,0.0
7301,504283,137,1,249.0,0.0
7302,504284,118,2,899.0,0.0
7303,504284,144,1,2999.0,0.0
7304,504284,114,1,1199.0,0.0
7305,504284,112,1,1499.0,0.0
7306,504285,140,1,599.0,0.0
7307,504285,106,2,1499.0,0.0
7308,504285,113,1,1299.0,0.0
7309,504286,122,2,1899.0,0.0
7310,504287,107,1,1199.0,0.0
7311,504287,118,1,899.0,0.0
7312,504287,102,1,3499.0,0.0
7313,504288,148,1,699.0,0.0
7314,504289,111,1,499.0,74.85
7315,504289,123,1,3299.0,494.85
7316,504289,102,1,3499.0,524.85
7317,504289,118,1,899.0,134.85
7318,504290,109,1,3999.0,0.0
7319,504290,141,1,249.0,0.0
7320,504291,130,1,699.0,104.85
7321,504292,128,1,999.0,149.85
7322,504292,137,1,249.0,37.35
7323,504293,117,1,2999.0,0.0
7324,504294,134,1,199.0,29.85
7325,504295,138,2,399.0,0.0
7326,504295,140,1,599.0,0.0
7327,504296,126,1,449.0,0.0
7328,504297,141,1,249.0,0.0
7329,504298,120,1,699.0,104.85
7330,504299,130,1,699.0,104.85
7331,504299,124,1,1099.0,164.85
7332,504300,143,1,799.0,0.0
7333,504301,103,1,2499.0,374.85
7334,504302,108,1,399.0,59.85
7335,504303,143,3,799.0,0.0
7336,504303,107,1,1199.0,0.0
7337,504303,145,3,599.0,0.0
7338,504304,128,1,999.0,149.85
7339,504305,116,1,2499.0,0.0
7340,504305,132,1,449.0,0.0
7341,504306,109,2,3999.0,0.0
7342,504306,134,3,199.0,0.0
7343,504307,105,1,2299.0,344.85
7344,504308,120,1,699.0,0.0
7345,504308,111,1,499.0,0.0
7346,504309,142,1,799.0,39.95
7347,504309,129,1,549.0,27.45
7348,504310,126,1,449.0,0.0
7349,504311,129,2,549.0,0.0
7350,504311,110,1,799.0,0.0
7351,504312,127,1,649.0,0.0
7352,504312,141,1,249.0,0.0
7353,504313,137,1,249.0,37.35
7354,504313,112,1,1499.0,224.85
7355,504314,135,1,1499.0,0.0
7356,504314,112,1,1499.0,0.0
7357,504314,129,1,549.0,0.0
7358,504315,123,1,3299.0,494.85
7359,504315,144,2,2999.0,899.7
7360,504315,135,1,1499.0,224.85
7361,504315,115,1,3999.0,599.85
7362,504316,127,1,649.0,0.0
7363,504316,107,1,1199.0,0.0
7364,504317,107,1,1199.0,0.0
7365,504317,144,1,2999.0,0.0
7366,504318,135,2,1499.0,0.0
7367,504319,113,1,1299.0,194.85
7368,504320,130,1,699.0,34.95
7369,504321,113,1,1299.0,0.0
7370,504321,118,1,899.0,0.0
7371,504322,137,2,249.0,74.7
7372,504322,115,3,3999.0,1799.55
7373,504323,124,1,1099.0,164.85
7374,504323,134,1,199.0,29.85
7375,504324,108,1,399.0,0.0
7376,504324,133,1,399.0,0.0
7377,504324,120,2,699.0,0.0
7378,504325,130,1,699.0,0.0
7379,504326,131,1,299.0,0.0
7380,504327,108,1,399.0,0.0
7381,504327,109,2,3999.0,0.0
7382,504328,112,1,1499.0,0.0
7383,504328,113,3,1299.0,0.0
7384,504329,143,1,799.0,0.0
7385,504330,140,1,599.0,0.0
7386,504331,128,2,999.0,299.7
7387,504331,122,1,1899.0,284.85
7388,504331,123,1,3299.0,494.85
7389,504331,104,1,4999.0,749.85
7390,504332,124,1,1099.0,0.0
7391,504333,123,1,3299.0,164.95
7392,504334,109,1,3999.0,0.0
7393,504335,111,1,499.0,0.0
7394,504336,104,1,4999.0,0.0
7395,504336,137,2,249.0,0.0
7396,504336,138,1,399.0,0.0
7397,504336,113,1,1299.0,0.0
7398,504337,133,1,399.0,0.0
7399,504337,129,1,549.0,0.0
7400,504338,135,1,1499.0,0.0
7401,504339,111,1,499.0,0.0
7402,504340,113,1,1299.0,0.0
7403,504341,143,1,799.0,119.85
7404,504341,137,1,249.0,37.35
7405,504341,104,3,4999.0,2249.55
7406,504341,117,1,2999.0,449.85
7407,504342,136,1,899.0,0.0
7408,504342,105,1,2299.0,0.0
7409,504343,114,2,1199.0,0.0
7410,504343,126,1,449.0,0.0
7411,504344,113,1,1299.0,0.0
7412,504344,148,1,699.0,0.0
7413,504345,125,3,1299.0,194.85
7414,504346,125,2,1299.0,0.0
7415,504346,127,1,649.0,0.0
7416,504346,133,1,399.0,0.0
7417,504347,104,2,4999.0,0.0
7418,504348,131,1,299.0,0.0
7419,504348,124,2,1099.0,0.0
7420,504348,114,2,1199.0,0.0
7421,504348,136,2,899.0,0.0
7422,504349,124,1,1099.0,0.0
7423,504350,126,1,449.0,0.0
7424,504351,107,1,1199.0,0.0
7425,504352,137,2,249.0,0.0
7426,504353,118,1,899.0,0.0
7427,504353,123,1,3299.0,0.0
7428,504354,124,1,1099.0,0.0
7429,504354,112,2,1499.0,0.0
7430,504355,113,1,1299.0,0.0
7431,504356,132,1,449.0,0.0
7432,504356,115,2,3999.0,0.0
7433,504356,117,3,2999.0,0.0
7434,504357,111,2,499.0,0.0
7435,504357,131,2,299.0,0.0
7436,504358,126,1,449.0,0.0
7437,504358,135,2,1499.0,0.0
7438,504358,136,1,899.0,0.0
7439,504359,112,1,1499.0,0.0
7440,504360,102,1,3499.0,0.0
7441,504361,103,1,2499.0,374.85
7442,504362,135,1,1499.0,0.0
7443,504362,115,1,3999.0,0.0
7444,504363,136,1,899.0,134.85
7445,504363,118,1,899.0,134.85
7446,504364,143,1,799.0,0.0
7447,504364,147,1,1299.0,0.0
7448,504365,128,1,999.0,0.0
7449,504365,131,1,299.0,0.0
7450,504365,118,1,899.0,0.0
7451,504366,140,1,599.0,0.0
7452,504367,103,1,2499.0,374.85
7453,504368,113,3,1299.0,584.55
7454,504369,117,1,2999.0,449.85
7455,504370,139,1,349.0,0.0
7456,504371,143,1,799.0,119.85
7457,504371,121,1,2799.0,419.85
7458,504371,116,1,2499.0,374.85
7459,504372,129,1,549.0,82.35
7460,504373,142,1,799.0,0.0
7461,504373,112,1,1499.0,0.0
7462,504373,117,1,2999.0,0.0
7463,504373,108,1,399.0,0.0
7464,504374,110,1,799.0,0.0
7465,504374,113,2,1299.0,0.0
7466,504375,112,1,1499.0,0.0
7467,504375,131,1,299.0,0.0
7468,504375,126,2,449.0,0.0
7469,504376,146,3,4499.0,0.0
7470,504376,124,1,1099.0,0.0
7471,504376,118,1,899.0,0.0
7472,504377,115,1,3999.0,0.0
7473,504377,131,1,299.0,0.0
7474,504378,125,2,1299.0,0.0
7475,504378,147,1,1299.0,0.0
7476,504379,115,1,3999.0,599.85
7477,504379,140,3,599.0,269.55
7478,504379,126,1,449.0,67.35
7479,504380,123,1,3299.0,494.85
7480,504380,116,1,2499.0,374.85
7481,504381,101,2,1999.0,0.0
7482,504382,113,2,1299.0,389.7
7483,504382,144,1,2999.0,449.85
7484,504383,113,2,1299.0,0.0
7485,504384,131,3,299.0,0.0
7486,504385,107,1,1199.0,0.0
7487,504386,136,1,899.0,0.0
7488,504387,113,1,1299.0,0.0
7489,504388,113,1,1299.0,194.85
7490,504388,116,2,2499.0,749.7
7491,504388,139,1,349.0,52.35
7492,504389,138,1,399.0,19.95
7493,504390,133,1,399.0,0.0
7494,504390,126,1,449.0,0.0
7495,504391,118,1,899.0,0.0
7496,504391,135,1,1499.0,0.0
7497,504391,117,1,2999.0,0.0
7498,504391,144,1,2999.0,0.0
7499,504392,107,1,1199.0,59.95
7500,504392,114,1,1199.0,59.95
7501,504392,128,1,999.0,49.95
7502,504393,112,1,1499.0,0.0
7503,504394,122,1,1899.0,284.85
7504,504395,122,1,1899.0,0.0
7505,504396,109,1,3999.0,0.0
7506,504397,143,1,799.0,0.0
7507,504397,125,1,1299.0,0.0
7508,504398,114,1,1199.0,0.0
7509,504398,118,1,899.0,0.0
7510,504399,118,1,899.0,44.95
7511,504399,101,1,1999.0,99.95
7512,504399,121,1,2799.0,139.95
7513,504400,117,1,2999.0,449.85
7514,504400,124,1,1099.0,164.85
7515,504401,116,1,2499.0,0.0
7516,504402,130,1,699.0,0.0
7517,504403,113,1,1299.0,194.85
7518,504403,138,1,399.0,59.85
7519,504403,120,1,699.0,104.85
7520,504404,119,1,2199.0,0.0
7521,504404,137,1,249.0,0.0
7522,504404,120,1,699.0,0.0
7523,504405,116,1,2499.0,0.0
7524,504406,143,1,799.0,0.0
7525,504407,111,1,499.0,74.85
7526,504408,130,1,699.0,104.85
7527,504408,142,1,799.0,119.85
7528,504409,133,2,399.0,0.0
7529,504409,125,1,1299.0,0.0
7530,504410,126,1,449.0,0.0
7531,504411,112,1,1499.0,74.95
7532,504411,126,1,449.0,22.45
7533,504412,142,3,799.0,119.85
7534,504412,144,1,2999.0,149.95
7535,504413,127,1,649.0,0.0
7536,504414,104,1,4999.0,0.0
7537,504415,102,2,3499.0,0.0
7538,504416,130,1,699.0,0.0
7539,504416,132,2,449.0,0.0
7540,504416,106,1,1499.0,0.0
7541,504417,137,1,249.0,0.0
7542,504417,118,2,899.0,0.0
7543,504418,116,1,2499.0,0.0
7544,504419,108,2,399.0,0.0
7545,504419,117,1,2999.0,0.0
7546,504419,112,1,1499.0,0.0
7547,504420,106,1,1499.0,0.0
7548,504420,108,1,399.0,0.0
7549,504421,113,1,1299.0,0.0
7550,504422,119,1,2199.0,0.0
7551,504423,134,1,199.0,0.0
7552,504424,113,1,1299.0,0.0
7553,504424,117,2,2999.0,0.0
7554,504425,127,1,649.0,0.0
7555,504425,114,1,1199.0,0.0
7556,504425,108,1,399.0,0.0
7557,504425,140,2,599.0,0.0
7558,504426,120,1,699.0,0.0
7559,504426,107,1,1199.0,0.0
7560,504426,148,1,699.0,0.0
7561,504427,139,2,349.0,0.0
7562,504428,112,1,1499.0,224.85
7563,504428,111,1,499.0,74.85
7564,504428,130,1,699.0,104.85
7565,504429,135,1,1499.0,0.0
7566,504430,130,1,699.0,0.0
7567,504430,129,1,549.0,0.0
7568,504430,111,2,499.0,0.0
7569,504431,120,1,699.0,104.85
7570,504431,127,1,649.0,97.35
7571,504432,102,2,3499.0,1049.7
7572,504432,107,1,1199.0,179.85
7573,504432,135,1,1499.0,224.85
7574,504432,128,2,999.0,299.7
7575,504433,104,1,4999.0,749.85
7576,504434,105,1,2299.0,0.0
7577,504435,115,2,3999.0,0.0
7578,504435,117,1,2999.0,0.0
7579,504435,112,1,1499.0,0.0
7580,504436,135,2,1499.0,0.0
7581,504436,102,1,3499.0,0.0
7582,504437,143,1,799.0,119.85
7583,504438,125,1,1299.0,194.85
7584,504438,111,1,499.0,74.85
7585,504439,106,2,1499.0,0.0
7586,504439,142,1,799.0,0.0
7587,504440,133,1,399.0,0.0
7588,504440,130,1,699.0,0.0
7589,504441,123,1,3299.0,0.0
7590,504441,120,1,699.0,0.0
7591,504442,119,1,2199.0,0.0
7592,504442,121,1,2799.0,0.0
7593,504442,139,1,349.0,0.0
7594,504442,107,1,1199.0,0.0
7595,504443,132,1,449.0,0.0
7596,504444,108,1,399.0,0.0
7597,504445,125,1,1299.0,194.85
7598,504445,144,2,2999.0,899.7
7599,504446,133,1,399.0,59.85
7600,504446,130,1,699.0,104.85
7601,504446,123,1,3299.0,494.85
7602,504447,111,1,499.0,74.85
7603,504448,134,1,199.0,0.0
7604,504449,124,1,1099.0,164.85
7605,504450,107,1,1199.0,0.0
7606,504451,117,1,2999.0,0.0
7607,504452,112,1,1499.0,0.0
7608,504453,119,1,2199.0,329.85
7609,504453,118,1,899.0,134.85
7610,504454,120,1,699.0,0.0
7611,504454,132,1,449.0,0.0
7612,504454,122,1,1899.0,0.0
7613,504455,129,1,549.0,0.0
7614,504456,119,1,2199.0,0.0
7615,504456,117,1,2999.0,0.0
7616,504457,111,1,499.0,0.0
7617,504457,137,1,249.0,0.0
7618,504458,139,1,349.0,52.35
7619,504459,144,1,2999.0,0.0
7620,504459,114,1,1199.0,0.0
7621,504459,124,2,1099.0,0.0
7622,504460,129,1,549.0,0.0
7623,504461,112,1,1499.0,0.0
7624,504462,120,1,699.0,0.0
7625,504462,117,1,2999.0,0.0
7626,504463,105,1,2299.0,0.0
7627,504464,106,1,1499.0,0.0
7628,504464,114,1,1199.0,0.0
7629,504465,127,1,649.0,0.0
7630,504466,121,1,2799.0,0.0
7631,504467,131,1,299.0,0.0
7632,504467,113,1,1299.0,0.0
7633,504467,115,1,3999.0,0.0
7634,504468,108,1,399.0,59.85
7635,504468,131,1,299.0,44.85
7636,504468,103,1,2499.0,374.85
7637,504468,141,2,249.0,74.7
7638,504469,116,1,2499.0,0.0
7639,504469,104,1,4999.0,0.0
7640,504469,138,1,399.0,0.0
7641,504470,110,3,799.0,0.0
7642,504471,115,1,3999.0,599.85
7643,504472,111,1,499.0,74.85
7644,504473,103,1,2499.0,0.0
7645,504474,140,1,599.0,0.0
7646,504475,137,2,249.0,0.0
7647,504476,127,1,649.0,0.0
7648,504477,131,1,299.0,0.0
7649,504478,122,1,1899.0,0.0
7650,504478,143,1,799.0,0.0
7651,504478,109,1,3999.0,0.0
7652,504478,137,1,249.0,0.0
7653,504479,131,1,299.0,0.0
7654,504480,146,1,4499.0,0.0
7655,504480,111,1,499.0,0.0
7656,504481,106,2,1499.0,0.0
7657,504482,111,1,499.0,24.95
7658,504482,134,1,199.0,9.95
7659,504483,116,1,2499.0,0.0
7660,504484,116,2,2499.0,0.0
7661,504485,120,1,699.0,104.85
7662,504485,113,1,1299.0,194.85
7663,504485,137,1,249.0,37.35
7664,504485,122,1,1899.0,284.85
7665,504486,132,1,449.0,0.0
7666,504487,111,1,499.0,0.0
7667,504488,128,2,999.0,299.7
7668,504488,117,1,2999.0,449.85
7669,504488,123,1,3299.0,494.85
7670,504488,109,1,3999.0,599.85
7671,504489,111,1,499.0,0.0
7672,504490,132,1,449.0,0.0
7673,504491,101,1,1999.0,0.0
7674,504491,135,1,1499.0,0.0
7675,504491,140,1,599.0,0.0
7676,504492,128,1,999.0,0.0
7677,504492,123,3,3299.0,0.0
7678,504492,118,1,899.0,0.0
7679,504493,102,1,3499.0,0.0
7680,504493,113,1,1299.0,0.0
7681,504493,112,1,1499.0,0.0
7682,504494,118,1,899.0,0.0
7683,504495,101,1,1999.0,0.0
7684,504495,124,2,1099.0,0.0
7685,504495,130,1,699.0,0.0
7686,504496,109,2,3999.0,0.0
7687,504496,118,1,899.0,0.0
7688,504497,111,2,499.0,0.0
7689,504497,130,1,699.0,0.0
7690,504497,114,2,1199.0,0.0
7691,504498,108,1,399.0,59.85
7692,504499,101,1,1999.0,99.95
7693,504499,137,1,249.0,12.45
7694,504499,139,1,349.0,17.45
7695,504500,117,1,2999.0,0.0
7696,504500,101,2,1999.0,0.0
7697,504501,117,1,2999.0,449.85
7698,504502,114,1,1199.0,0.0
7699,504503,112,1,1499.0,0.0
7700,504504,102,1,3499.0,0.0
7701,504504,118,1,899.0,0.0
7702,504504,131,1,299.0,0.0
7703,504505,123,1,3299.0,0.0
7704,504505,135,2,1499.0,0.0
7705,504506,140,1,599.0,0.0
7706,504507,121,2,2799.0,0.0
7707,504508,107,1,1199.0,179.85
7708,504508,142,3,799.0,359.55
7709,504508,137,1,249.0,37.35
7710,504508,113,1,1299.0,194.85
7711,504509,115,3,3999.0,0.0
7712,504510,120,1,699.0,104.85
7713,504511,141,1,249.0,0.0
7714,504512,112,1,1499.0,0.0
7715,504512,114,1,1199.0,0.0
7716,504513,114,3,1199.0,539.55
7717,504514,113,1,1299.0,0.0
7718,504515,138,1,399.0,0.0
7719,504516,128,1,999.0,0.0
7720,504517,135,1,1499.0,0.0
7721,504518,137,2,249.0,0.0
7722,504519,104,2,4999.0,0.0
7723,504519,112,1,1499.0,0.0
7724,504519,103,1,2499.0,0.0
7725,504520,104,2,4999.0,0.0
7726,504520,137,1,249.0,0.0
7727,504521,111,1,499.0,0.0
7728,504522,132,3,449.0,67.35
7729,504522,118,1,899.0,44.95
7730,504522,124,1,1099.0,54.95
7731,504523,145,1,599.0,0.0
7732,504524,135,1,1499.0,0.0
7733,504525,128,1,999.0,0.0
7734,504525,129,1,549.0,0.0
7735,504525,135,1,1499.0,0.0
7736,504526,143,1,799.0,0.0
7737,504527,112,2,1499.0,0.0
7738,504527,123,1,3299.0,0.0
7739,504528,148,1,699.0,0.0
7740,504529,113,1,1299.0,194.85
7741,504529,131,2,299.0,89.7
7742,504530,112,1,1499.0,0.0
7743,504531,131,1,299.0,0.0
7744,504532,141,1,249.0,0.0
7745,504533,118,1,899.0,0.0
7746,504534,114,1,1199.0,0.0
7747,504535,113,1,1299.0,0.0
7748,504536,117,1,2999.0,0.0
7749,504537,127,1,649.0,0.0
7750,504538,126,1,449.0,0.0
7751,504538,137,1,249.0,0.0
7752,504539,142,1,799.0,0.0
7753,504540,103,1,2499.0,0.0
7754,504540,107,1,1199.0,0.0
7755,504540,113,1,1299.0,0.0
7756,504541,137,1,249.0,37.35
7757,504542,135,1,1499.0,74.95
7758,504542,120,1,699.0,34.95
7759,504543,145,1,599.0,0.0
7760,504544,124,1,1099.0,0.0
7761,504545,128,1,999.0,0.0
7762,504546,129,1,549.0,82.35
7763,504546,101,1,1999.0,299.85
7764,504547,147,2,1299.0,389.7
7765,504547,117,1,2999.0,449.85
7766,504547,108,1,399.0,59.85
7767,504547,111,1,499.0,74.85
7768,504548,139,1,349.0,0.0
7769,504549,136,1,899.0,134.85
7770,504550,118,1,899.0,0.0
7771,504550,113,1,1299.0,0.0
7772,504551,133,2,399.0,0.0
7773,504552,111,1,499.0,0.0
7774,504553,117,1,2999.0,0.0
7775,504553,120,1,699.0,0.0
7776,504554,105,1,2299.0,0.0
7777,504554,126,1,449.0,0.0
7778,504554,120,1,699.0,0.0
7779,504555,123,1,3299.0,0.0
7780,504556,116,1,2499.0,0.0
7781,504557,120,1,699.0,0.0
7782,504558,124,1,1099.0,164.85
7783,504559,134,1,199.0,29.85
7784,504559,143,1,799.0,119.85
7785,504560,122,1,1899.0,284.85
7786,504560,116,1,2499.0,374.85
7787,504561,147,3,1299.0,0.0
7788,504562,148,1,699.0,0.0
7789,504562,126,1,449.0,0.0
7790,504563,143,3,799.0,0.0
7791,504564,114,1,1199.0,0.0
7792,504565,124,2,1099.0,0.0
7793,504565,123,1,3299.0,0.0
7794,504566,108,1,399.0,0.0
7795,504567,120,1,699.0,0.0
7796,504567,135,2,1499.0,0.0
7797,504567,111,2,499.0,0.0
7798,504567,104,1,4999.0,0.0
7799,504568,103,1,2499.0,0.0
7800,504569,124,1,1099.0,0.0
7801,504570,115,1,3999.0,0.0
7802,504570,142,1,799.0,0.0
7803,504570,106,2,1499.0,0.0
7804,504570,123,1,3299.0,0.0
7805,504571,125,1,1299.0,0.0
7806,504572,112,2,1499.0,0.0
7807,504572,109,1,3999.0,0.0
7808,504573,134,2,199.0,0.0
7809,504574,107,1,1199.0,179.85
7810,504574,136,1,899.0,134.85
7811,504575,113,1,1299.0,0.0
7812,504575,101,1,1999.0,0.0
7813,504576,113,3,1299.0,0.0
7814,504577,128,1,999.0,0.0
7815,504578,111,1,499.0,74.85
7816,504578,144,1,2999.0,449.85
7817,504579,129,1,549.0,0.0
7818,504580,123,1,3299.0,164.95
7819,504581,128,2,999.0,299.7
7820,504581,112,1,1499.0,224.85
7821,504582,118,1,899.0,0.0
7822,504583,128,1,999.0,0.0
7823,504584,145,1,599.0,89.85
7824,504585,106,1,1499.0,0.0
7825,504585,130,1,699.0,0.0
7826,504586,135,1,1499.0,224.85
7827,504587,127,2,649.0,194.7
7828,504588,105,1,2299.0,0.0
7829,504589,131,1,299.0,0.0
7830,504590,146,3,4499.0,0.0
7831,504591,134,1,199.0,0.0
7832,504592,109,1,3999.0,199.95
7833,504593,118,2,899.0,0.0
7834,504593,109,1,3999.0,0.0
7835,504593,110,1,799.0,0.0
7836,504594,138,2,399.0,0.0
7837,504594,116,1,2499.0,0.0
7838,504595,107,1,1199.0,0.0
7839,504595,134,1,199.0,0.0
7840,504596,123,1,3299.0,0.0
7841,504596,141,1,249.0,0.0
7842,504596,118,1,899.0,0.0
7843,504596,110,2,799.0,0.0
7844,504597,141,3,249.0,0.0
7845,504597,106,1,1499.0,0.0
7846,504598,118,1,899.0,0.0
7847,504599,147,1,1299.0,0.0
7848,504600,127,1,649.0,97.35
7849,504601,141,1,249.0,12.45
7850,504602,102,1,3499.0,0.0
7851,504603,121,1,2799.0,0.0
7852,504604,138,1,399.0,19.95
7853,504605,123,1,3299.0,0.0
7854,504605,118,1,899.0,0.0
7855,504605,111,1,499.0,0.0
7856,504606,122,1,1899.0,0.0
7857,504607,117,1,2999.0,449.85
7858,504608,104,1,4999.0,749.85
7859,504609,111,1,499.0,74.85
7860,504609,126,2,449.0,134.7
7861,504610,134,1,199.0,0.0
7862,504611,113,1,1299.0,0.0
7863,504612,148,1,699.0,104.85
7864,504613,125,1,1299.0,0.0
7865,504614,107,1,1199.0,0.0
7866,504614,113,2,1299.0,0.0
7867,504615,102,2,3499.0,0.0
7868,504615,126,1,449.0,0.0
7869,504616,131,1,299.0,0.0
7870,504617,111,1,499.0,0.0
7871,504617,107,1,1199.0,0.0
7872,504618,120,1,699.0,104.85
7873,504619,104,1,4999.0,0.0
7874,504619,128,1,999.0,0.0
7875,504620,120,1,699.0,0.0
7876,504620,106,1,1499.0,0.0
7877,504621,113,1,1299.0,194.85
7878,504621,131,1,299.0,44.85
7879,504622,138,1,399.0,0.0
7880,504622,115,1,3999.0,0.0
7881,504622,106,1,1499.0,0.0
7882,504623,128,1,999.0,0.0
7883,504624,114,1,1199.0,0.0
7884,504625,126,1,449.0,0.0
7885,504626,127,3,649.0,0.0
7886,504626,104,1,4999.0,0.0
7887,504626,147,1,1299.0,0.0
7888,504627,125,1,1299.0,0.0
7889,504627,127,1,649.0,0.0
7890,504628,108,1,399.0,0.0
7891,504629,124,1,1099.0,164.85
7892,504630,107,1,1199.0,0.0
7893,504631,106,1,1499.0,224.85
7894,504631,122,2,1899.0,569.7
7895,504631,107,1,1199.0,179.85
7896,504632,123,1,3299.0,0.0
7897,504632,127,1,649.0,0.0
7898,504632,147,1,1299.0,0.0
7899,504632,130,1,699.0,0.0
7900,504633,119,1,2199.0,0.0
7901,504633,102,1,3499.0,0.0
7902,504634,109,1,3999.0,0.0
7903,504635,140,1,599.0,0.0
7904,504635,135,2,1499.0,0.0
7905,504635,111,1,499.0,0.0
7906,504636,141,2,249.0,0.0
7907,504636,129,1,549.0,0.0
7908,504637,126,1,449.0,67.35
7909,504638,104,2,4999.0,0.0
7910,504639,115,1,3999.0,599.85
7911,504640,103,1,2499.0,0.0
7912,504640,148,1,699.0,0.0
7913,504641,140,1,599.0,0.0
7914,504642,117,1,2999.0,0.0
7915,504643,117,1,2999.0,449.85
7916,504644,120,1,699.0,0.0
7917,504645,114,1,1199.0,0.0
7918,504646,112,2,1499.0,0.0
7919,504647,105,1,2299.0,344.85
7920,504648,113,1,1299.0,0.0
7921,504649,111,1,499.0,0.0
7922,504649,118,1,899.0,0.0
7923,504649,115,2,3999.0,0.0
7924,504650,111,1,499.0,74.85
7925,504651,133,2,399.0,119.7
7926,504651,113,1,1299.0,194.85
7927,504652,105,1,2299.0,344.85
7928,504652,111,1,499.0,74.85
7929,504653,135,1,1499.0,0.0
7930,504654,117,1,2999.0,0.0
7931,504654,133,1,399.0,0.0
7932,504655,120,2,699.0,0.0
7933,504656,131,1,299.0,44.85
7934,504656,138,1,399.0,59.85
7935,504656,117,1,2999.0,449.85
7936,504657,114,1,1199.0,179.85
7937,504657,120,1,699.0,104.85
7938,504658,113,1,1299.0,0.0
7939,504658,129,1,549.0,0.0
7940,504659,140,1,599.0,0.0
7941,504659,135,1,1499.0,0.0
7942,504660,147,3,1299.0,584.55
7943,504661,122,1,1899.0,0.0
7944,504662,111,1,499.0,74.85
7945,504663,104,1,4999.0,0.0
7946,504663,120,1,699.0,0.0
7947,504664,144,1,2999.0,0.0
7948,504665,147,1,1299.0,0.0
7949,504666,122,1,1899.0,284.85
7950,504666,136,1,899.0,134.85
7951,504666,102,1,3499.0,524.85
7952,504666,113,1,1299.0,194.85
7953,504667,145,3,599.0,269.55
7954,504668,111,1,499.0,74.85
7955,504668,120,1,699.0,104.85
7956,504669,113,1,1299.0,194.85
7957,504670,127,1,649.0,0.0
7958,504670,118,2,899.0,0.0
7959,504670,146,2,4499.0,0.0
7960,504670,147,2,1299.0,0.0
7961,504671,113,2,1299.0,389.7
7962,504671,114,1,1199.0,179.85
7963,504672,116,1,2499.0,374.85
7964,504673,135,1,1499.0,0.0
7965,504673,122,1,1899.0,0.0
7966,504674,125,1,1299.0,194.85
7967,504675,119,1,2199.0,329.85
7968,504675,135,1,1499.0,224.85
7969,504676,125,1,1299.0,0.0
7970,504677,118,1,899.0,0.0
7971,504678,131,1,299.0,0.0
7972,504678,137,1,249.0,0.0
7973,504678,106,1,1499.0,0.0
7974,504679,115,1,3999.0,199.95
7975,504679,104,1,4999.0,249.95
7976,504680,135,1,1499.0,224.85
7977,504681,113,3,1299.0,0.0
7978,504682,130,2,699.0,0.0
7979,504683,139,1,349.0,0.0
7980,504683,137,1,249.0,0.0
7981,504684,113,1,1299.0,194.85
7982,504685,134,1,199.0,0.0
7983,504686,131,1,299.0,0.0
7984,504686,102,1,3499.0,0.0
7985,504687,104,1,4999.0,0.0
7986,504687,113,1,1299.0,0.0
7987,504688,102,3,3499.0,1574.55
7988,504688,146,1,4499.0,674.85
7989,504689,136,1,899.0,0.0
7990,504690,127,1,649.0,0.0
7991,504691,115,1,3999.0,0.0
7992,504692,122,1,1899.0,0.0
7993,504693,147,1,1299.0,0.0
7994,504694,124,1,1099.0,0.0
7995,504695,122,3,1899.0,854.55
7996,504695,128,1,999.0,149.85
7997,504695,137,2,249.0,74.7
7998,504695,123,1,3299.0,494.85
7999,504696,114,1,1199.0,179.85
8000,504696,144,1,2999.0,449.85
8001,504697,116,1,2499.0,0.0
8002,504697,108,2,399.0,0.0
8003,504698,126,1,449.0,0.0
8004,504699,119,1,2199.0,0.0
8005,504700,145,3,599.0,0.0
8006,504700,135,1,1499.0,0.0
8007,504700,111,1,499.0,0.0
8008,504701,119,2,2199.0,659.7
8009,504701,135,1,1499.0,224.85
8010,504702,127,1,649.0,0.0
8011,504703,103,1,2499.0,0.0
8012,504703,107,1,1199.0,0.0
8013,504703,109,1,3999.0,0.0
8014,504704,123,1,3299.0,0.0
8015,504704,141,1,249.0,0.0
8016,504704,120,1,699.0,0.0
8017,504705,112,2,1499.0,0.0
8018,504706,134,1,199.0,0.0
8019,504706,137,3,249.0,0.0
8020,504707,114,1,1199.0,0.0
8021,504708,107,1,1199.0,0.0
8022,504708,137,1,249.0,0.0
8023,504708,118,1,899.0,0.0
8024,504709,108,1,399.0,0.0
8025,504709,118,2,899.0,0.0
8026,504710,103,1,2499.0,0.0
8027,504711,129,3,549.0,247.05
8028,504712,113,1,1299.0,0.0
8029,504712,118,1,899.0,0.0
8030,504713,128,1,999.0,149.85
8031,504713,117,1,2999.0,449.85
8032,504714,109,1,3999.0,599.85
8033,504715,117,1,2999.0,0.0
8034,504716,135,1,1499.0,0.0
8035,504716,136,1,899.0,0.0
8036,504717,119,2,2199.0,0.0
8037,504718,104,1,4999.0,749.85
8038,504718,120,1,699.0,104.85
8039,504718,108,1,399.0,59.85
8040,504718,123,1,3299.0,494.85
8041,504719,109,2,3999.0,1199.7
8042,504720,126,1,449.0,0.0
8043,504721,117,1,2999.0,149.95
8044,504722,147,1,1299.0,0.0
8045,504723,101,1,1999.0,0.0
8046,504723,120,1,699.0,0.0
8047,504723,117,2,2999.0,0.0
8048,504724,120,2,699.0,0.0
8049,504725,126,1,449.0,0.0
8050,504725,111,1,499.0,0.0
8051,504726,105,1,2299.0,0.0
8052,504726,130,1,699.0,0.0
8053,504726,127,1,649.0,0.0
8054,504727,137,1,249.0,0.0
8055,504727,112,1,1499.0,0.0
8056,504727,116,2,2499.0,0.0
8057,504728,118,2,899.0,0.0
8058,504729,113,2,1299.0,0.0
8059,504730,126,2,449.0,0.0
8060,504730,106,1,1499.0,0.0
8061,504731,110,1,799.0,0.0
8062,504732,111,1,499.0,0.0
8063,504733,136,3,899.0,0.0
8064,504733,142,1,799.0,0.0
8065,504733,132,1,449.0,0.0
8066,504734,111,1,499.0,74.85
8067,504735,136,1,899.0,44.95
8068,504736,128,1,999.0,0.0
8069,504736,130,1,699.0,0.0
8070,504736,112,1,1499.0,0.0
8071,504737,121,1,2799.0,139.95
8072,504737,130,1,699.0,34.95
8073,504737,113,1,1299.0,64.95
8074,504737,110,2,799.0,79.9
8075,504738,111,1,499.0,74.85
8076,504738,131,2,299.0,89.7
8077,504738,107,1,1199.0,179.85
8078,504738,112,1,1499.0,224.85
8079,504739,134,1,199.0,0.0
8080,504739,114,1,1199.0,0.0
8081,504740,128,1,999.0,0.0
8082,504741,131,1,299.0,0.0
8083,504742,120,3,699.0,0.0
8084,504743,107,1,1199.0,179.85
8085,504744,116,1,2499.0,0.0
8086,504745,103,1,2499.0,374.85
8087,504745,107,1,1199.0,179.85
8088,504746,105,2,2299.0,0.0
8089,504746,121,3,2799.0,0.0
8090,504747,129,2,549.0,164.7
8091,504747,116,1,2499.0,374.85
8092,504747,147,2,1299.0,389.7
8093,504748,127,1,649.0,0.0
8094,504749,118,1,899.0,0.0
8095,504749,111,1,499.0,0.0
8096,504750,127,1,649.0,0.0
8097,504751,121,1,2799.0,0.0
8098,504752,114,1,1199.0,0.0
8099,504753,130,2,699.0,0.0
8100,504753,101,1,1999.0,0.0
8101,504754,112,1,1499.0,0.0
8102,504755,108,1,399.0,0.0
8103,504755,116,1,2499.0,0.0
8104,504755,117,1,2999.0,0.0
8105,504756,103,1,2499.0,374.85
8106,504756,124,1,1099.0,164.85
8107,504757,120,1,699.0,0.0
8108,504758,144,1,2999.0,0.0
8109,504758,137,2,249.0,0.0
8110,504758,124,1,1099.0,0.0
8111,504759,130,1,699.0,104.85
8112,504759,118,2,899.0,269.7
8113,504759,116,1,2499.0,374.85
8114,504760,135,1,1499.0,0.0
8115,504761,144,1,2999.0,449.85
8116,504761,126,1,449.0,67.35
8117,504761,135,1,1499.0,224.85
8118,504762,110,1,799.0,39.95
8119,504763,134,1,199.0,0.0
8120,504763,118,1,899.0,0.0
8121,504764,126,2,449.0,0.0
8122,504765,112,1,1499.0,74.95
8123,504766,131,1,299.0,44.85
8124,504767,128,1,999.0,0.0
8125,504767,141,1,249.0,0.0
8126,504768,126,2,449.0,0.0
8127,504769,130,2,699.0,0.0
8128,504769,111,2,499.0,0.0
8129,504770,143,1,799.0,0.0
8130,504771,102,1,3499.0,0.0
8131,504772,117,2,2999.0,0.0
8132,504772,109,1,3999.0,0.0
8133,504773,126,2,449.0,0.0
8134,504773,123,1,3299.0,0.0
8135,504774,120,1,699.0,104.85
8136,504775,107,1,1199.0,0.0
8137,504776,130,1,699.0,0.0
8138,504777,112,1,1499.0,224.85
8139,504778,101,1,1999.0,0.0
8140,504778,109,1,3999.0,0.0
8141,504779,131,1,299.0,44.85
8142,504779,147,1,1299.0,194.85
8143,504780,128,1,999.0,149.85
8144,504780,124,1,1099.0,164.85
8145,504780,106,1,1499.0,224.85
8146,504781,115,2,3999.0,1199.7
8147,504781,113,1,1299.0,194.85
8148,504781,121,1,2799.0,419.85
8149,504782,127,1,649.0,0.0
8150,504783,131,1,299.0,0.0
8151,504783,147,1,1299.0,0.0
8152,504783,118,1,899.0,0.0
8153,504783,135,1,1499.0,0.0
8154,504784,145,2,599.0,0.0
8155,504785,102,1,3499.0,0.0
8156,504785,107,1,1199.0,0.0
8157,504786,145,1,599.0,0.0
8158,504786,130,1,699.0,0.0
8159,504787,131,1,299.0,0.0
8160,504788,133,1,399.0,0.0
8161,504788,124,1,1099.0,0.0
8162,504789,104,1,4999.0,0.0
8163,504790,115,1,3999.0,599.85
8164,504791,135,1,1499.0,224.85
8165,504791,109,1,3999.0,599.85
8166,504791,114,1,1199.0,179.85
8167,504791,147,2,1299.0,389.7
8168,504792,136,1,899.0,44.95
8169,504793,115,1,3999.0,599.85
8170,504794,131,1,299.0,0.0
8171,504795,109,1,3999.0,0.0
8172,504796,147,2,1299.0,0.0
8173,504797,101,1,1999.0,0.0
8174,504797,124,1,1099.0,0.0
8175,504797,128,1,999.0,0.0
8176,504798,103,1,2499.0,0.0
8177,504798,123,1,3299.0,0.0
8178,504799,113,1,1299.0,64.95
8179,504799,103,1,2499.0,124.95
8180,504800,120,2,699.0,209.7
8181,504800,137,1,249.0,37.35
8182,504801,133,1,399.0,0.0
8183,504802,125,1,1299.0,0.0
8184,504802,130,1,699.0,0.0
8185,504802,140,1,599.0,0.0
8186,504802,129,1,549.0,0.0
8187,504803,125,1,1299.0,194.85
8188,504804,113,2,1299.0,0.0
8189,504804,124,1,1099.0,0.0
8190,504805,112,3,1499.0,0.0
8191,504806,111,1,499.0,0.0
8192,504807,107,1,1199.0,0.0
8193,504808,134,1,199.0,0.0
8194,504809,107,1,1199.0,0.0
8195,504810,112,1,1499.0,0.0
8196,504811,108,1,399.0,0.0
8197,504812,123,1,3299.0,0.0
8198,504813,115,1,3999.0,599.85
8199,504814,125,1,1299.0,0.0
8200,504814,115,1,3999.0,0.0
8201,504815,112,1,1499.0,0.0
8202,504816,104,1,4999.0,0.0
8203,504816,115,1,3999.0,0.0
8204,504816,124,1,1099.0,0.0
8205,504817,118,1,899.0,0.0
8206,504817,110,1,799.0,0.0
8207,504817,126,1,449.0,0.0
8208,504818,119,1,2199.0,0.0
8209,504819,130,1,699.0,0.0
8210,504819,141,1,249.0,0.0
8211,504820,147,1,1299.0,0.0
8212,504820,130,1,699.0,0.0
8213,504821,104,1,4999.0,0.0
8214,504821,129,1,549.0,0.0
8215,504822,122,1,1899.0,0.0
8216,504822,112,1,1499.0,0.0
8217,504822,147,1,1299.0,0.0
8218,504823,105,2,2299.0,0.0
8219,504824,131,1,299.0,0.0
8220,504824,137,1,249.0,0.0
8221,504825,143,1,799.0,119.85
8222,504826,111,1,499.0,0.0
8223,504826,126,2,449.0,0.0
8224,504827,140,1,599.0,0.0
8225,504827,125,1,1299.0,0.0
8226,504828,133,1,399.0,0.0
8227,504828,135,2,1499.0,0.0
8228,504829,130,2,699.0,209.7
8229,504829,108,1,399.0,59.85
8230,504829,112,1,1499.0,224.85
8231,504830,107,1,1199.0,0.0
8232,504831,111,1,499.0,0.0
8233,504831,143,1,799.0,0.0
8234,504832,102,1,3499.0,524.85
8235,504832,143,1,799.0,119.85
8236,504833,119,1,2199.0,329.85
8237,504833,108,1,399.0,59.85
8238,504833,134,1,199.0,29.85
8239,504834,132,1,449.0,22.45
8240,504835,102,1,3499.0,0.0
8241,504836,121,1,2799.0,0.0
8242,504836,124,2,1099.0,0.0
8243,504837,124,2,1099.0,0.0
8244,504837,114,2,1199.0,0.0
8245,504838,102,1,3499.0,524.85
8246,504839,126,1,449.0,0.0
8247,504839,142,1,799.0,0.0
8248,504840,145,1,599.0,0.0
8249,504841,104,1,4999.0,0.0
8250,504841,144,1,2999.0,0.0
8251,504842,114,2,1199.0,119.9
8252,504842,130,1,699.0,34.95
8253,504843,115,2,3999.0,0.0
8254,504843,107,1,1199.0,0.0
8255,504844,133,1,399.0,0.0
8256,504844,129,1,549.0,0.0
8257,504845,111,1,499.0,74.85
8258,504845,116,1,2499.0,374.85
8259,504846,103,1,2499.0,0.0
8260,504847,128,1,999.0,0.0
8261,504848,101,1,1999.0,0.0
8262,504848,114,1,1199.0,0.0
8263,504849,147,2,1299.0,0.0
8264,504850,105,1,2299.0,0.0
8265,504851,142,1,799.0,0.0
8266,504851,128,1,999.0,0.0
8267,504851,138,2,399.0,0.0
8268,504852,148,1,699.0,34.95
8269,504852,118,1,899.0,44.95
8270,504852,120,1,699.0,34.95
8271,504852,112,1,1499.0,74.95
8272,504853,143,3,799.0,0.0
8273,504854,128,1,999.0,0.0
8274,504854,122,1,1899.0,0.0
8275,504854,106,1,1499.0,0.0
8276,504855,120,1,699.0,0.0
8277,504855,105,1,2299.0,0.0
8278,504855,110,1,799.0,0.0
8279,504856,111,1,499.0,0.0
8280,504857,102,1,3499.0,524.85
8281,504858,104,1,4999.0,0.0
8282,504858,123,1,3299.0,0.0
8283,504858,105,1,2299.0,0.0
8284,504859,117,1,2999.0,0.0
8285,504860,102,2,3499.0,0.0
8286,504861,103,1,2499.0,0.0
8287,504861,122,1,1899.0,0.0
8288,504862,113,1,1299.0,0.0
8289,504862,116,1,2499.0,0.0
8290,504863,114,1,1199.0,0.0
8291,504863,134,1,199.0,0.0
8292,504864,105,3,2299.0,0.0
8293,504865,125,1,1299.0,194.85
8294,504866,120,1,699.0,0.0
8295,504867,137,1,249.0,0.0
8296,504868,140,3,599.0,0.0
8297,504869,132,1,449.0,0.0
8298,504869,111,1,499.0,0.0
8299,504870,124,1,1099.0,0.0
8300,504871,126,1,449.0,0.0
8301,504872,106,1,1499.0,74.95
8302,504872,123,1,3299.0,164.95
8303,504873,112,1,1499.0,224.85
8304,504874,117,1,2999.0,0.0
8305,504874,145,1,599.0,0.0
8306,504875,126,1,449.0,22.45
8307,504876,113,2,1299.0,0.0
8308,504877,121,1,2799.0,0.0
8309,504878,125,1,1299.0,0.0
8310,504879,109,1,3999.0,0.0
8311,504879,143,1,799.0,0.0
8312,504880,143,1,799.0,0.0
8313,504881,136,1,899.0,134.85
8314,504882,114,1,1199.0,0.0
8315,504883,102,1,3499.0,0.0
8316,504884,106,1,1499.0,224.85
8317,504885,112,2,1499.0,0.0
8318,504886,118,3,899.0,0.0
8319,504886,109,1,3999.0,0.0
8320,504886,111,1,499.0,0.0
8321,504886,116,1,2499.0,0.0
8322,504887,133,1,399.0,0.0
8323,504888,111,1,499.0,0.0
8324,504889,101,1,1999.0,299.85
8325,504890,134,1,199.0,0.0
8326,504890,114,1,1199.0,0.0
8327,504891,111,1,499.0,74.85
8328,504892,134,1,199.0,0.0
8329,504893,148,1,699.0,0.0
8330,504893,101,1,1999.0,0.0
8331,504893,116,2,2499.0,0.0
8332,504894,116,1,2499.0,374.85
8333,504895,104,1,4999.0,249.95
8334,504895,135,1,1499.0,74.95
8335,504895,130,1,699.0,34.95
8336,504896,123,2,3299.0,0.0
8337,504897,102,1,3499.0,0.0
8338,504898,106,1,1499.0,224.85
8339,504899,143,1,799.0,119.85
8340,504900,101,1,1999.0,0.0
8341,504900,135,2,1499.0,0.0
8342,504900,132,1,449.0,0.0
8343,504901,101,1,1999.0,0.0
8344,504902,102,1,3499.0,0.0
8345,504902,133,1,399.0,0.0
8346,504903,108,1,399.0,0.0
8347,504903,117,1,2999.0,0.0
8348,504903,113,1,1299.0,0.0
8349,504904,107,1,1199.0,0.0
8350,504905,108,3,399.0,0.0
8351,504906,114,1,1199.0,0.0
8352,504906,125,1,1299.0,0.0
8353,504907,126,3,449.0,0.0
8354,504908,132,1,449.0,0.0
8355,504908,113,1,1299.0,0.0
8356,504909,108,1,399.0,0.0
8357,504909,103,1,2499.0,0.0
8358,504909,113,1,1299.0,0.0
8359,504909,116,1,2499.0,0.0
8360,504910,124,1,1099.0,0.0
8361,504911,103,1,2499.0,0.0
8362,504911,120,1,699.0,0.0
8363,504912,113,1,1299.0,194.85
8364,504912,133,1,399.0,59.85
8365,504913,113,1,1299.0,0.0
8366,504914,143,1,799.0,0.0
8367,504914,123,1,3299.0,0.0
8368,504914,118,1,899.0,0.0
8369,504915,117,1,2999.0,449.85
8370,504916,122,1,1899.0,284.85
8371,504917,131,1,299.0,44.85
8372,504918,127,1,649.0,0.0
8373,504918,116,1,2499.0,0.0
8374,504919,138,1,399.0,59.85
8375,504919,101,1,1999.0,299.85
8376,504919,137,2,249.0,74.7
8377,504919,123,2,3299.0,989.7
8378,504920,124,1,1099.0,0.0
8379,504921,117,1,2999.0,0.0
8380,504921,113,2,1299.0,0.0
8381,504921,132,1,449.0,0.0
8382,504921,134,1,199.0,0.0
8383,504922,110,1,799.0,0.0
8384,504923,127,1,649.0,0.0
8385,504923,108,1,399.0,0.0
8386,504923,118,1,899.0,0.0
8387,504924,113,1,1299.0,0.0
8388,504924,123,1,3299.0,0.0
8389,504925,103,1,2499.0,0.0
8390,504926,108,1,399.0,0.0
8391,504927,102,2,3499.0,1049.7
8392,504928,106,1,1499.0,0.0
8393,504928,134,1,199.0,0.0
8394,504929,145,1,599.0,0.0
8395,504930,104,1,4999.0,749.85
8396,504931,131,1,299.0,0.0
8397,504932,130,1,699.0,0.0
8398,504933,121,1,2799.0,0.0
8399,504934,116,1,2499.0,0.0
8400,504934,137,2,249.0,0.0
8401,504934,145,1,599.0,0.0
8402,504934,119,2,2199.0,0.0
8403,504935,145,1,599.0,0.0
8404,504936,106,3,1499.0,0.0
8405,504937,111,1,499.0,0.0
8406,504937,122,2,1899.0,0.0
8407,504937,108,1,399.0,0.0
8408,504938,138,3,399.0,179.55
8409,504938,140,1,599.0,89.85
8410,504939,114,1,1199.0,0.0
8411,504939,127,2,649.0,0.0
8412,504939,140,1,599.0,0.0
8413,504939,118,1,899.0,0.0
8414,504940,119,1,2199.0,109.95
8415,504940,106,1,1499.0,74.95
8416,504941,120,1,699.0,0.0
8417,504942,120,1,699.0,104.85
8418,504943,125,2,1299.0,389.7
8419,504943,107,1,1199.0,179.85
8420,504944,116,1,2499.0,0.0
8421,504944,118,1,899.0,0.0
8422,504945,148,3,699.0,0.0
8423,504945,127,1,649.0,0.0
8424,504946,136,1,899.0,0.0
8425,504947,140,1,599.0,0.0
8426,504948,128,1,999.0,0.0
8427,504949,101,2,1999.0,0.0
8428,504949,119,1,2199.0,0.0
8429,504950,114,1,1199.0,0.0
8430,504951,130,1,699.0,0.0
8431,504952,140,1,599.0,0.0
8432,504953,121,1,2799.0,0.0
8433,504954,117,1,2999.0,0.0
8434,504954,108,2,399.0,0.0
8435,504955,125,1,1299.0,0.0
8436,504956,123,1,3299.0,494.85
8437,504956,126,1,449.0,67.35
8438,504957,104,1,4999.0,0.0
8439,504958,142,1,799.0,0.0
8440,504958,143,1,799.0,0.0
8441,504959,130,2,699.0,0.0
8442,504959,145,1,599.0,0.0
8443,504960,118,1,899.0,0.0
8444,504960,136,1,899.0,0.0
8445,504960,113,1,1299.0,0.0
8446,504960,121,1,2799.0,0.0
8447,504961,103,1,2499.0,0.0
8448,504961,128,1,999.0,0.0
8449,504962,118,1,899.0,0.0
8450,504963,108,2,399.0,0.0
8451,504963,116,1,2499.0,0.0
8452,504963,101,2,1999.0,0.0
8453,504963,133,3,399.0,0.0
8454,504964,109,1,3999.0,0.0
8455,504965,134,1,199.0,0.0
8456,504966,113,1,1299.0,0.0
8457,504966,124,1,1099.0,0.0
8458,504967,134,1,199.0,0.0
8459,504968,113,1,1299.0,194.85
8460,504968,143,1,799.0,119.85
8461,504969,112,1,1499.0,0.0
8462,504969,123,1,3299.0,0.0
8463,504970,119,2,2199.0,0.0
8464,504971,107,1,1199.0,179.85
8465,504972,129,1,549.0,0.0
8466,504973,110,1,799.0,39.95
8467,504973,111,1,499.0,24.95
8468,504973,116,1,2499.0,124.95
8469,504974,128,1,999.0,0.0
8470,504974,116,1,2499.0,0.0
8471,504975,113,1,1299.0,0.0
8472,504975,140,1,599.0,0.0
8473,504976,106,1,1499.0,0.0
8474,504976,118,1,899.0,0.0
8475,504977,131,1,299.0,0.0
8476,504978,127,1,649.0,32.45
8477,504979,118,1,899.0,0.0
8478,504980,131,1,299.0,0.0
8479,504981,129,1,549.0,82.35
8480,504982,103,1,2499.0,0.0
8481,504983,118,1,899.0,0.0
8482,504983,134,1,199.0,0.0
8483,504983,141,1,249.0,0.0
8484,504983,125,1,1299.0,0.0
8485,504984,148,2,699.0,0.0
8486,504984,135,1,1499.0,0.0
8487,504985,107,1,1199.0,59.95
8488,504985,137,1,249.0,12.45
8489,504985,144,1,2999.0,149.95
8490,504986,136,1,899.0,134.85
8491,504987,112,1,1499.0,0.0
8492,504988,120,1,699.0,0.0
8493,504988,105,1,2299.0,0.0
8494,504988,118,1,899.0,0.0
8495,504989,114,2,1199.0,0.0
8496,504990,118,1,899.0,0.0
8497,504991,124,1,1099.0,0.0
8498,504992,113,1,1299.0,0.0
8499,504993,111,1,499.0,0.0
8500,504993,120,1,699.0,0.0
8501,504994,147,1,1299.0,0.0
8502,504994,113,1,1299.0,0.0
8503,504994,127,1,649.0,0.0
8504,504994,105,1,2299.0,0.0
8505,504995,120,1,699.0,0.0
8506,504996,112,1,1499.0,74.95
8507,504996,131,1,299.0,14.95
8508,504996,101,1,1999.0,99.95
8509,504996,125,1,1299.0,64.95
8510,504997,133,1,399.0,59.85
8511,504998,131,1,299.0,44.85
8512,504999,130,1,699.0,0.0
8513,505000,117,2,2999.0,899.7
8514,505000,106,1,1499.0,224.85
8515,505000,128,2,999.0,299.7
8516,505001,130,1,699.0,104.85
8517,505002,111,1,499.0,0.0
8518,505003,140,1,599.0,0.0
8519,505003,118,2,899.0,0.0
8520,505004,135,1,1499.0,224.85
8521,505005,105,1,2299.0,0.0
8522,505006,124,1,1099.0,0.0
8523,505007,146,2,4499.0,0.0
8524,505007,114,1,1199.0,0.0
8525,505007,102,1,3499.0,0.0
8526,505007,125,1,1299.0,0.0
8527,505008,109,1,3999.0,0.0
8528,505009,135,2,1499.0,0.0
8529,505010,124,1,1099.0,0.0
8530,505010,114,1,1199.0,0.0
8531,505011,106,1,1499.0,0.0
8532,505012,102,2,3499.0,1049.7
8533,505013,105,2,2299.0,0.0
8534,505014,128,1,999.0,0.0
8535,505014,132,1,449.0,0.0
8536,505015,116,1,2499.0,0.0
8537,505016,128,1,999.0,0.0
8538,505017,104,1,4999.0,749.85
8539,505018,111,1,499.0,0.0
8540,505018,107,2,1199.0,0.0
8541,505018,103,1,2499.0,0.0
8542,505019,113,2,1299.0,0.0
8543,505019,115,1,3999.0,0.0
8544,505019,104,1,4999.0,0.0
8545,505019,121,1,2799.0,0.0
8546,505020,126,1,449.0,0.0
8547,505020,124,1,1099.0,0.0
8548,505021,106,2,1499.0,149.9
8549,505021,135,1,1499.0,74.95
8550,505022,102,1,3499.0,524.85
8551,505022,109,1,3999.0,599.85
8552,505023,118,1,899.0,0.0
8553,505023,102,1,3499.0,0.0
8554,505024,136,3,899.0,0.0
8555,505025,101,2,1999.0,0.0
8556,505026,113,2,1299.0,0.0
8557,505026,134,1,199.0,0.0
8558,505027,140,1,599.0,0.0
8559,505027,121,1,2799.0,0.0
8560,505028,139,1,349.0,0.0
8561,505028,102,1,3499.0,0.0
8562,505029,116,2,2499.0,0.0
8563,505029,148,1,699.0,0.0
8564,505030,114,1,1199.0,0.0
8565,505031,116,1,2499.0,0.0
8566,505031,120,2,699.0,0.0
8567,505031,104,1,4999.0,0.0
8568,505032,141,1,249.0,37.35
8569,505032,114,1,1199.0,179.85
8570,505032,104,1,4999.0,749.85
8571,505033,143,1,799.0,0.0
8572,505034,132,1,449.0,67.35
8573,505034,112,1,1499.0,224.85
8574,505035,112,2,1499.0,0.0
8575,505035,117,1,2999.0,0.0
8576,505035,137,1,249.0,0.0
8577,505036,132,1,449.0,67.35
8578,505036,121,1,2799.0,419.85
8579,505036,105,2,2299.0,689.7
8580,505037,133,2,399.0,0.0
8581,505037,117,1,2999.0,0.0
8582,505038,116,1,2499.0,0.0
8583,505039,130,1,699.0,0.0
8584,505040,147,1,1299.0,0.0
8585,505040,111,1,499.0,0.0
8586,505041,120,1,699.0,0.0
8587,505042,106,1,1499.0,0.0
8588,505043,136,1,899.0,134.85
8589,505043,131,1,299.0,44.85
8590,505044,111,1,499.0,74.85
8591,505045,127,1,649.0,32.45
8592,505046,104,1,4999.0,749.85
8593,505046,112,1,1499.0,224.85
8594,505047,108,1,399.0,0.0
8595,505047,111,1,499.0,0.0
8596,505048,118,2,899.0,0.0
8597,505048,106,1,1499.0,0.0
8598,505048,117,1,2999.0,0.0
8599,505049,116,1,2499.0,374.85
8600,505050,118,2,899.0,269.7
8601,505051,147,1,1299.0,64.95
8602,505052,143,1,799.0,119.85
8603,505053,121,2,2799.0,0.0
8604,505053,116,1,2499.0,0.0
8605,505053,112,1,1499.0,0.0
8606,505053,108,1,399.0,0.0
8607,505054,107,1,1199.0,0.0
8608,505054,116,2,2499.0,0.0
8609,505055,111,1,499.0,0.0
8610,505055,135,1,1499.0,0.0
8611,505055,106,1,1499.0,0.0
8612,505056,118,1,899.0,0.0
8613,505057,109,1,3999.0,0.0
8614,505058,135,1,1499.0,224.85
8615,505058,101,1,1999.0,299.85
8616,505058,139,1,349.0,52.35
8617,505059,142,1,799.0,0.0
8618,505059,131,2,299.0,0.0
8619,505060,140,1,599.0,0.0
8620,505061,111,1,499.0,0.0
8621,505062,137,1,249.0,0.0
8622,505063,122,1,1899.0,0.0
8623,505063,106,1,1499.0,0.0
8624,505063,130,1,699.0,0.0
8625,505064,142,1,799.0,0.0
8626,505064,109,2,3999.0,0.0
8627,505065,120,1,699.0,0.0
8628,505066,106,2,1499.0,0.0
8629,505067,139,1,349.0,52.35
8630,505067,108,1,399.0,59.85
8631,505068,124,1,1099.0,0.0
8632,505069,126,2,449.0,134.7
8633,505070,107,2,1199.0,359.7
8634,505071,134,1,199.0,0.0
8635,505071,133,1,399.0,0.0
8636,505071,103,1,2499.0,0.0
8637,505071,119,1,2199.0,0.0
8638,505072,137,1,249.0,0.0
8639,505073,124,1,1099.0,0.0
8640,505074,111,1,499.0,0.0
8641,505075,140,2,599.0,59.9
8642,505075,107,2,1199.0,119.9
8643,505075,118,2,899.0,89.9
8644,505076,107,1,1199.0,0.0
8645,505077,148,3,699.0,0.0
8646,505077,133,3,399.0,0.0
8647,505078,106,1,1499.0,0.0
8648,505079,119,1,2199.0,0.0
8649,505080,134,1,199.0,0.0
8650,505081,140,1,599.0,89.85
8651,505081,134,1,199.0,29.85
8652,505082,108,1,399.0,59.85
8653,505082,106,1,1499.0,224.85
8654,505083,112,1,1499.0,0.0
8655,505084,137,1,249.0,0.0
8656,505085,111,2,499.0,0.0
8657,505086,105,1,2299.0,0.0
8658,505086,104,1,4999.0,0.0
8659,505087,129,1,549.0,0.0
8660,505087,123,1,3299.0,0.0
8661,505087,137,1,249.0,0.0
8662,505088,126,1,449.0,67.35
8663,505088,105,1,2299.0,344.85
8664,505089,147,1,1299.0,0.0
8665,505089,138,1,399.0,0.0
8666,505089,126,1,449.0,0.0
8667,505089,140,1,599.0,0.0
8668,505090,113,1,1299.0,0.0
8669,505091,103,1,2499.0,374.85
8670,505091,131,2,299.0,89.7
8671,505091,106,2,1499.0,449.7
8672,505092,129,1,549.0,0.0
8673,505093,135,1,1499.0,0.0
8674,505094,109,1,3999.0,0.0
8675,505095,113,1,1299.0,0.0
8676,505095,148,3,699.0,0.0
8677,505096,106,1,1499.0,224.85
8678,505096,145,1,599.0,89.85
8679,505096,137,1,249.0,37.35
8680,505097,138,3,399.0,0.0
8681,505097,126,1,449.0,0.0
8682,505097,131,1,299.0,0.0
8683,505098,110,1,799.0,0.0
8684,505099,101,1,1999.0,0.0
8685,505099,107,1,1199.0,0.0
8686,505100,117,1,2999.0,0.0
8687,505101,102,1,3499.0,0.0
8688,505101,108,1,399.0,0.0
8689,505102,144,1,2999.0,0.0
8690,505103,123,1,3299.0,0.0
8691,505103,124,1,1099.0,0.0
8692,505104,127,1,649.0,0.0
8693,505105,123,1,3299.0,494.85
8694,505105,112,2,1499.0,449.7
8695,505105,114,1,1199.0,179.85
8696,505106,125,1,1299.0,0.0
8697,505107,104,1,4999.0,749.85
8698,505107,111,1,499.0,74.85
8699,505108,117,2,2999.0,0.0
8700,505108,120,1,699.0,0.0
8701,505109,140,1,599.0,0.0
8702,505110,122,2,1899.0,0.0
8703,505110,145,1,599.0,0.0
8704,505110,146,1,4499.0,0.0
8705,505110,136,1,899.0,0.0
8706,505111,107,1,1199.0,0.0
8707,505112,130,3,699.0,314.55
8708,505113,103,2,2499.0,749.7
8709,505114,105,2,2299.0,0.0
8710,505114,148,1,699.0,0.0
8711,505114,115,1,3999.0,0.0
8712,505114,138,1,399.0,0.0
8713,505115,104,1,4999.0,749.85
8714,505115,136,1,899.0,134.85
8715,505116,136,1,899.0,0.0
8716,505117,136,1,899.0,0.0
8717,505118,107,2,1199.0,0.0
8718,505119,111,1,499.0,0.0
8719,505120,119,1,2199.0,0.0
8720,505121,111,2,499.0,0.0
8721,505122,124,1,1099.0,0.0
8722,505122,102,1,3499.0,0.0
8723,505122,118,1,899.0,0.0
8724,505123,141,1,249.0,37.35
8725,505123,108,1,399.0,59.85
8726,505124,107,1,1199.0,179.85
8727,505124,117,1,2999.0,449.85
8728,505124,130,1,699.0,104.85
8729,505125,124,1,1099.0,0.0
8730,505125,137,2,249.0,0.0
8731,505126,114,1,1199.0,0.0
8732,505126,111,1,499.0,0.0
8733,505126,112,1,1499.0,0.0
8734,505127,109,1,3999.0,0.0
8735,505128,134,2,199.0,19.9
8736,505129,117,1,2999.0,0.0
8737,505130,116,1,2499.0,374.85
8738,505130,113,1,1299.0,194.85
8739,505130,123,1,3299.0,494.85
8740,505131,102,1,3499.0,524.85
8741,505131,148,1,699.0,104.85
8742,505132,136,1,899.0,0.0
8743,505133,113,1,1299.0,0.0
8744,505133,117,1,2999.0,0.0
8745,505134,118,1,899.0,0.0
8746,505134,111,1,499.0,0.0
8747,505135,120,1,699.0,0.0
8748,505136,110,1,799.0,119.85
8749,505136,104,1,4999.0,749.85
8750,505136,107,1,1199.0,179.85
8751,505136,133,2,399.0,119.7
8752,505137,126,1,449.0,0.0
8753,505137,118,1,899.0,0.0
8754,505138,120,2,699.0,0.0
8755,505138,118,1,899.0,0.0
8756,505138,116,1,2499.0,0.0
8757,505139,117,1,2999.0,0.0
8758,505140,102,2,3499.0,0.0
8759,505141,121,1,2799.0,0.0
8760,505142,125,2,1299.0,0.0
8761,505142,113,1,1299.0,0.0
8762,505142,109,1,3999.0,0.0
8763,505143,121,1,2799.0,0.0
8764,505143,124,1,1099.0,0.0
8765,505144,114,1,1199.0,179.85
8766,505144,113,1,1299.0,194.85
8767,505145,104,1,4999.0,749.85
8768,505145,114,2,1199.0,359.7
8769,505146,117,3,2999.0,449.85
8770,505147,134,1,199.0,0.0
8771,505148,111,1,499.0,0.0
8772,505148,102,2,3499.0,0.0
8773,505148,119,1,2199.0,0.0
8774,505149,105,1,2299.0,0.0
8775,505149,144,1,2999.0,0.0
8776,505149,128,3,999.0,0.0
8777,505150,118,1,899.0,0.0
8778,505150,125,1,1299.0,0.0
8779,505150,116,1,2499.0,0.0
8780,505151,143,1,799.0,0.0
8781,505152,130,1,699.0,0.0
8782,505153,120,1,699.0,0.0
8783,505154,123,2,3299.0,0.0
8784,505155,104,1,4999.0,0.0
8785,505155,130,1,699.0,0.0
8786,505156,135,1,1499.0,0.0
8787,505156,143,2,799.0,0.0
8788,505157,139,1,349.0,52.35
8789,505157,124,1,1099.0,164.85
8790,505158,103,2,2499.0,0.0
8791,505158,120,1,699.0,0.0
8792,505159,126,1,449.0,0.0
8793,505159,104,2,4999.0,0.0
8794,505160,113,1,1299.0,0.0
8795,505160,120,1,699.0,0.0
8796,505161,110,1,799.0,0.0
8797,505161,144,1,2999.0,0.0
8798,505162,131,1,299.0,44.85
8799,505163,112,1,1499.0,0.0
8800,505164,134,3,199.0,0.0
8801,505164,102,1,3499.0,0.0
8802,505165,120,1,699.0,0.0
8803,505166,145,1,599.0,0.0
8804,505166,142,1,799.0,0.0
8805,505167,104,1,4999.0,749.85
8806,505167,107,1,1199.0,179.85
8807,505168,101,2,1999.0,0.0
8808,505169,103,1,2499.0,0.0
8809,505170,136,1,899.0,0.0
8810,505171,123,1,3299.0,494.85
8811,505172,111,1,499.0,24.95
8812,505173,122,1,1899.0,284.85
8813,505174,121,1,2799.0,419.85
8814,505174,114,1,1199.0,179.85
8815,505175,108,3,399.0,0.0
8816,505176,130,2,699.0,209.7
8817,505177,129,1,549.0,82.35
8818,505178,123,1,3299.0,494.85
8819,505179,103,1,2499.0,0.0
8820,505180,128,1,999.0,49.95
8821,505181,107,1,1199.0,179.85
8822,505182,111,1,499.0,0.0
8823,505183,112,1,1499.0,0.0
8824,505184,140,1,599.0,89.85
8825,505184,130,2,699.0,209.7
8826,505184,117,1,2999.0,449.85
8827,505184,123,1,3299.0,494.85
8828,505185,136,1,899.0,0.0
8829,505186,118,1,899.0,134.85
8830,505186,108,1,399.0,59.85
8831,505187,132,1,449.0,67.35
8832,505187,102,1,3499.0,524.85
8833,505188,131,2,299.0,0.0
8834,505188,113,1,1299.0,0.0
8835,505189,124,1,1099.0,164.85
8836,505189,118,1,899.0,134.85
8837,505190,102,1,3499.0,0.0
8838,505191,109,1,3999.0,0.0
8839,505192,147,2,1299.0,0.0
8840,505192,104,1,4999.0,0.0
8841,505193,112,1,1499.0,74.95
8842,505193,117,1,2999.0,149.95
8843,505194,117,1,2999.0,0.0
8844,505195,135,1,1499.0,0.0
8845,505195,143,1,799.0,0.0
8846,505195,114,1,1199.0,0.0
8847,505196,118,1,899.0,134.85
8848,505197,107,1,1199.0,0.0
8849,505197,106,1,1499.0,0.0
8850,505197,111,2,499.0,0.0
8851,505198,120,1,699.0,0.0
8852,505198,102,1,3499.0,0.0
8853,505199,103,1,2499.0,0.0
8854,505200,132,1,449.0,67.35
8855,505201,126,2,449.0,134.7
8856,505202,129,1,549.0,0.0
8857,505202,123,1,3299.0,0.0
8858,505202,130,1,699.0,0.0
8859,505202,145,1,599.0,0.0
8860,505203,121,1,2799.0,0.0
8861,505203,128,1,999.0,0.0
8862,505203,111,1,499.0,0.0
8863,505204,144,1,2999.0,0.0
8864,505204,135,1,1499.0,0.0
8865,505204,129,1,549.0,0.0
8866,505205,133,1,399.0,0.0
8867,505206,124,1,1099.0,164.85
8868,505206,135,1,1499.0,224.85
8869,505207,108,2,399.0,0.0
8870,505208,115,1,3999.0,599.85
8871,505209,123,1,3299.0,0.0
8872,505210,111,1,499.0,0.0
8873,505210,138,2,399.0,0.0
8874,505211,143,1,799.0,0.0
8875,505212,134,1,199.0,0.0
8876,505212,122,1,1899.0,0.0
8877,505213,117,1,2999.0,449.85
8878,505213,127,1,649.0,97.35
8879,505213,142,1,799.0,119.85
8880,505213,128,1,999.0,149.85
8881,505214,114,2,1199.0,0.0
8882,505214,120,1,699.0,0.0
8883,505214,136,1,899.0,0.0
8884,505215,136,1,899.0,0.0
8885,505215,118,1,899.0,0.0
8886,505216,141,1,249.0,0.0
8887,505216,107,1,1199.0,0.0
8888,505216,147,1,1299.0,0.0
8889,505217,131,2,299.0,0.0
8890,505218,116,2,2499.0,0.0
8891,505219,113,1,1299.0,194.85
8892,505219,132,2,449.0,134.7
8893,505219,122,1,1899.0,284.85
8894,505219,130,1,699.0,104.85
8895,505220,122,1,1899.0,0.0
8896,505221,104,2,4999.0,1499.7
8897,505222,134,2,199.0,0.0
8898,505223,120,1,699.0,0.0
8899,505224,103,2,2499.0,0.0
8900,505225,131,1,299.0,44.85
8901,505225,107,3,1199.0,539.55
8902,505225,114,1,1199.0,179.85
8903,505226,139,1,349.0,0.0
8904,505227,147,1,1299.0,0.0
8905,505228,101,1,1999.0,299.85
8906,505229,140,1,599.0,0.0
8907,505230,139,1,349.0,0.0
8908,505231,118,1,899.0,0.0
8909,505231,112,2,1499.0,0.0
8910,505232,148,1,699.0,0.0
8911,505233,117,1,2999.0,449.85
8912,505234,114,1,1199.0,179.85
8913,505234,116,1,2499.0,374.85
8914,505234,130,1,699.0,104.85
8915,505234,103,1,2499.0,374.85
8916,505235,118,1,899.0,0.0
8917,505236,117,3,2999.0,0.0
8918,505237,139,1,349.0,0.0
8919,505237,116,1,2499.0,0.0
8920,505238,118,1,899.0,44.95
8921,505239,114,1,1199.0,0.0
8922,505239,102,1,3499.0,0.0
8923,505240,102,2,3499.0,1049.7
8924,505241,132,1,449.0,0.0
8925,505242,115,2,3999.0,1199.7
8926,505243,113,2,1299.0,0.0
8927,505244,134,1,199.0,0.0
8928,505244,106,1,1499.0,0.0
8929,505245,105,1,2299.0,0.0
8930,505246,145,1,599.0,89.85
8931,505246,128,2,999.0,299.7
8932,505247,137,1,249.0,0.0
8933,505248,139,3,349.0,0.0
8934,505249,115,1,3999.0,0.0
8935,505250,118,1,899.0,0.0
8936,505251,125,2,1299.0,0.0
8937,505251,106,1,1499.0,0.0
8938,505252,102,1,3499.0,0.0
8939,505252,112,1,1499.0,0.0
8940,505253,121,1,2799.0,0.0
8941,505254,115,1,3999.0,0.0
8942,505255,124,1,1099.0,0.0
8943,505256,124,1,1099.0,0.0
8944,505256,119,1,2199.0,0.0
8945,505257,131,1,299.0,44.85
8946,505257,123,1,3299.0,494.85
8947,505257,121,1,2799.0,419.85
8948,505258,118,1,899.0,0.0
8949,505258,126,1,449.0,0.0
8950,505259,145,1,599.0,0.0
8951,505259,138,1,399.0,0.0
8952,505260,108,1,399.0,0.0
8953,505260,107,1,1199.0,0.0
8954,505261,133,1,399.0,0.0
8955,505262,145,1,599.0,89.85
8956,505262,137,1,249.0,37.35
8957,505263,107,1,1199.0,0.0
8958,505263,111,1,499.0,0.0
8959,505263,126,1,449.0,0.0
8960,505263,108,1,399.0,0.0
8961,505264,104,1,4999.0,749.85
8962,505264,130,1,699.0,104.85
8963,505264,120,1,699.0,104.85
8964,505265,118,1,899.0,0.0
8965,505266,103,1,2499.0,0.0
8966,505267,119,1,2199.0,329.85
8967,505267,129,1,549.0,82.35
8968,505267,148,1,699.0,104.85
8969,505268,148,1,699.0,0.0
8970,505268,118,1,899.0,0.0
8971,505269,142,1,799.0,0.0
8972,505269,136,2,899.0,0.0
8973,505269,109,1,3999.0,0.0
8974,505270,119,2,2199.0,0.0
8975,505271,135,1,1499.0,0.0
8976,505272,126,1,449.0,0.0
8977,505273,120,1,699.0,0.0
8978,505274,112,1,1499.0,0.0
8979,505274,104,1,4999.0,0.0
8980,505275,141,1,249.0,0.0
8981,505276,126,1,449.0,67.35
8982,505277,115,1,3999.0,599.85
8983,505277,137,1,249.0,37.35
8984,505277,114,1,1199.0,179.85
8985,505278,123,2,3299.0,0.0
8986,505279,142,1,799.0,0.0
8987,505280,121,1,2799.0,0.0
8988,505281,114,1,1199.0,0.0
8989,505282,118,1,899.0,0.0
8990,505282,124,1,1099.0,0.0
8991,505282,134,1,199.0,0.0
8992,505283,114,1,1199.0,179.85
8993,505283,107,1,1199.0,179.85
8994,505284,104,2,4999.0,1499.7
8995,505285,112,1,1499.0,0.0
8996,505286,120,1,699.0,0.0
8997,505286,135,3,1499.0,0.0
8998,505287,117,1,2999.0,0.0
8999,505287,128,1,999.0,0.0
9000,505288,103,1,2499.0,0.0
9001,505288,137,1,249.0,0.0
9002,505289,120,3,699.0,104.85
9003,505290,126,1,449.0,0.0
9004,505290,143,1,799.0,0.0
9005,505290,105,1,2299.0,0.0
9006,505291,123,1,3299.0,494.85
9007,505291,104,2,4999.0,1499.7
9008,505292,130,1,699.0,104.85
9009,505293,116,1,2499.0,0.0
9010,505294,116,1,2499.0,0.0
9011,505295,141,1,249.0,0.0
9012,505295,111,1,499.0,0.0
9013,505295,137,1,249.0,0.0
9014,505296,128,2,999.0,0.0
9015,505296,146,1,4499.0,0.0
9016,505296,137,1,249.0,0.0
9017,505297,109,1,3999.0,599.85
9018,505297,112,1,1499.0,224.85
9019,505298,124,1,1099.0,0.0
9020,505298,123,1,3299.0,0.0
9021,505299,106,1,1499.0,224.85
9022,505299,117,1,2999.0,449.85
9023,505300,146,1,4499.0,0.0
9024,505301,128,1,999.0,0.0
9025,505301,117,1,2999.0,0.0
9026,505302,117,1,2999.0,0.0
9027,505302,130,1,699.0,0.0
9028,505303,108,1,399.0,59.85
9029,505304,104,3,4999.0,2249.55
9030,505304,127,1,649.0,97.35
9031,505305,108,1,399.0,59.85
9032,505306,142,1,799.0,0.0
9033,505307,102,2,3499.0,1049.7
9034,505307,143,1,799.0,119.85
9035,505308,137,1,249.0,0.0
9036,505309,136,1,899.0,44.95
9037,505309,143,1,799.0,39.95
9038,505310,111,1,499.0,0.0
9039,505311,140,1,599.0,89.85
9040,505311,101,1,1999.0,299.85
9041,505311,117,1,2999.0,449.85
9042,505311,145,1,599.0,89.85
9043,505312,126,1,449.0,67.35
9044,505312,108,1,399.0,59.85
9045,505313,114,1,1199.0,0.0
9046,505314,102,1,3499.0,0.0
9047,505315,143,3,799.0,0.0
9048,505315,125,1,1299.0,0.0
9049,505316,131,1,299.0,44.85
9050,505317,110,1,799.0,119.85
9051,505317,118,1,899.0,134.85
9052,505318,123,1,3299.0,0.0
9053,505318,104,1,4999.0,0.0
9054,505318,106,1,1499.0,0.0
9055,505319,108,1,399.0,59.85
9056,505320,117,1,2999.0,0.0
9057,505321,109,1,3999.0,599.85
9058,505321,114,1,1199.0,179.85
9059,505322,147,1,1299.0,0.0
9060,505322,131,1,299.0,0.0
9061,505323,103,1,2499.0,0.0
9062,505323,114,1,1199.0,0.0
9063,505323,107,1,1199.0,0.0
9064,505323,130,1,699.0,0.0
9065,505324,116,1,2499.0,124.95
9066,505324,117,1,2999.0,149.95
9067,505324,146,1,4499.0,224.95
9068,505324,101,1,1999.0,99.95
9069,505325,105,1,2299.0,114.95
9070,505326,130,1,699.0,0.0
9071,505326,124,1,1099.0,0.0
9072,505327,126,1,449.0,0.0
9073,505328,104,1,4999.0,249.95
9074,505329,107,3,1199.0,0.0
9075,505330,118,1,899.0,0.0
9076,505330,111,1,499.0,0.0
9077,505330,114,1,1199.0,0.0
9078,505331,128,2,999.0,0.0
9079,505332,102,1,3499.0,524.85
9080,505332,113,1,1299.0,194.85
9081,505333,127,1,649.0,97.35
9082,505334,116,1,2499.0,0.0
9083,505334,118,1,899.0,0.0
9084,505335,120,1,699.0,104.85
9085,505336,136,1,899.0,0.0
9086,505336,105,1,2299.0,0.0
9087,505336,125,1,1299.0,0.0
9088,505337,104,1,4999.0,0.0
9089,505337,134,1,199.0,0.0
9090,505337,143,3,799.0,0.0
9091,505338,130,1,699.0,104.85
9092,505339,119,1,2199.0,0.0
9093,505340,132,1,449.0,0.0
9094,505340,146,1,4499.0,0.0
9095,505340,101,1,1999.0,0.0
9096,505341,140,1,599.0,89.85
9097,505341,123,1,3299.0,494.85
9098,505342,112,2,1499.0,0.0
9099,505343,128,1,999.0,149.85
9100,505344,122,1,1899.0,284.85
9101,505345,143,1,799.0,0.0
9102,505345,142,1,799.0,0.0
9103,505345,120,1,699.0,0.0
9104,505346,139,1,349.0,0.0
9105,505346,113,1,1299.0,0.0
9106,505347,105,1,2299.0,0.0
9107,505347,107,2,1199.0,0.0
9108,505347,118,1,899.0,0.0
9109,505348,106,1,1499.0,0.0
9110,505348,114,1,1199.0,0.0
9111,505349,116,1,2499.0,374.85
9112,505350,130,1,699.0,0.0
9113,505350,115,1,3999.0,0.0
9114,505351,141,2,249.0,74.7
9115,505351,101,1,1999.0,299.85
9116,505351,111,1,499.0,74.85
9117,505351,115,3,3999.0,1799.55
9118,505352,139,1,349.0,52.35
9119,505353,129,1,549.0,0.0
9120,505354,117,3,2999.0,0.0
9121,505355,139,1,349.0,52.35
9122,505355,102,1,3499.0,524.85
9123,505356,138,1,399.0,59.85
9124,505357,127,1,649.0,0.0
9125,505357,104,1,4999.0,0.0
9126,505357,147,1,1299.0,0.0
9127,505357,111,2,499.0,0.0
9128,505358,130,1,699.0,0.0
9129,505359,121,1,2799.0,419.85
9130,505359,118,1,899.0,134.85
9131,505359,115,2,3999.0,1199.7
9132,505359,122,2,1899.0,569.7
9133,505360,131,1,299.0,0.0
9134,505360,110,1,799.0,0.0
9135,505361,135,1,1499.0,0.0
9136,505361,143,2,799.0,0.0
9137,505362,111,1,499.0,74.85
9138,505362,112,1,1499.0,224.85
9139,505363,111,1,499.0,24.95
9140,505363,122,1,1899.0,94.95
9141,505363,107,1,1199.0,59.95
9142,505364,142,1,799.0,0.0
9143,505365,123,2,3299.0,0.0
9144,505366,140,1,599.0,0.0
9145,505367,117,1,2999.0,0.0
9146,505367,101,2,1999.0,0.0
9147,505368,114,1,1199.0,0.0
9148,505369,112,1,1499.0,224.85
9149,505369,143,1,799.0,119.85
9150,505370,134,1,199.0,0.0
9151,505370,123,1,3299.0,0.0
9152,505371,140,2,599.0,59.9
9153,505371,104,2,4999.0,499.9
9154,505371,141,1,249.0,12.45
9155,505372,104,1,4999.0,0.0
9156,505373,117,1,2999.0,449.85
9157,505373,133,1,399.0,59.85
9158,505373,112,1,1499.0,224.85
9159,505374,135,1,1499.0,224.85
9160,505375,108,1,399.0,0.0
9161,505375,131,2,299.0,0.0
9162,505376,117,1,2999.0,0.0
9163,505377,135,1,1499.0,0.0
9164,505377,108,1,399.0,0.0
9165,505378,101,1,1999.0,0.0
9166,505378,126,1,449.0,0.0
9167,505379,106,1,1499.0,0.0
9168,505380,134,1,199.0,9.95
9169,505381,145,1,599.0,89.85
9170,505382,123,1,3299.0,0.0
9171,505382,112,2,1499.0,0.0
9172,505383,144,1,2999.0,0.0
9173,505383,141,1,249.0,0.0
9174,505384,113,1,1299.0,0.0
9175,505385,106,1,1499.0,0.0
9176,505385,118,1,899.0,0.0
9177,505386,133,1,399.0,0.0
9178,505386,117,2,2999.0,0.0
9179,505387,132,1,449.0,22.45
9180,505387,117,2,2999.0,299.9
9181,505388,122,1,1899.0,0.0
9182,505388,134,1,199.0,0.0
9183,505389,107,1,1199.0,0.0
9184,505389,123,2,3299.0,0.0
9185,505389,117,1,2999.0,0.0
9186,505389,133,1,399.0,0.0
9187,505390,107,2,1199.0,0.0
9188,505390,112,1,1499.0,0.0
9189,505390,124,1,1099.0,0.0
9190,505390,104,1,4999.0,0.0
9191,505391,120,1,699.0,34.95
9192,505392,139,1,349.0,0.0
9193,505393,122,2,1899.0,569.7
9194,505394,109,1,3999.0,0.0
9195,505395,103,1,2499.0,124.95
9196,505396,121,1,2799.0,419.85
9197,505397,127,1,649.0,0.0
9198,505397,109,1,3999.0,0.0
9199,505397,113,1,1299.0,0.0
9200,505398,111,2,499.0,0.0
9201,505398,102,1,3499.0,0.0
9202,505398,138,1,399.0,0.0
9203,505399,112,1,1499.0,74.95
9204,505400,143,1,799.0,0.0
9205,505400,101,1,1999.0,0.0
9206,505400,118,1,899.0,0.0
9207,505401,135,1,1499.0,224.85
9208,505402,117,1,2999.0,0.0
9209,505403,137,3,249.0,0.0
9210,505404,109,2,3999.0,0.0
9211,505405,114,1,1199.0,0.0
9212,505406,117,1,2999.0,449.85
9213,505407,110,1,799.0,0.0
9214,505407,129,1,549.0,0.0
9215,505408,125,1,1299.0,0.0
9216,505409,104,1,4999.0,749.85
9217,505410,130,1,699.0,104.85
9218,505410,103,1,2499.0,374.85
9219,505411,118,1,899.0,44.95
9220,505412,111,1,499.0,74.85
9221,505412,123,1,3299.0,494.85
9222,505413,127,1,649.0,0.0
9223,505413,120,1,699.0,0.0
9224,505414,118,1,899.0,134.85
9225,505414,137,1,249.0,37.35
9226,505415,146,1,4499.0,0.0
9227,505415,117,1,2999.0,0.0
9228,505416,114,1,1199.0,0.0
9229,505416,120,1,699.0,0.0
9230,505416,108,1,399.0,0.0
9231,505417,143,2,799.0,239.7
9232,505418,117,1,2999.0,0.0
9233,505419,111,1,499.0,24.95
9234,505420,116,1,2499.0,0.0
9235,505420,110,3,799.0,0.0
9236,505421,118,1,899.0,0.0
9237,505422,133,1,399.0,0.0
9238,505423,112,1,1499.0,74.95
9239,505423,117,1,2999.0,149.95
9240,505423,119,1,2199.0,109.95
9241,505424,131,1,299.0,0.0
9242,505425,118,1,899.0,0.0
9243,505425,122,1,1899.0,0.0
9244,505426,120,1,699.0,0.0
9245,505427,118,1,899.0,0.0
9246,505427,104,1,4999.0,0.0
9247,505428,112,1,1499.0,0.0
9248,505428,127,1,649.0,0.0
9249,505428,109,1,3999.0,0.0
9250,505429,108,1,399.0,0.0
9251,505430,141,2,249.0,0.0
9252,505431,101,1,1999.0,299.85
9253,505432,124,1,1099.0,0.0
9254,505432,117,1,2999.0,0.0
9255,505433,122,1,1899.0,284.85
9256,505433,148,2,699.0,209.7
9257,505433,143,1,799.0,119.85
9258,505434,102,1,3499.0,524.85
9259,505435,143,2,799.0,239.7
9260,505435,112,1,1499.0,224.85
9261,505435,116,1,2499.0,374.85
9262,505436,139,1,349.0,0.0
9263,505437,133,1,399.0,0.0
9264,505438,137,2,249.0,74.7
9265,505439,108,1,399.0,0.0
9266,505439,131,2,299.0,0.0
9267,505440,122,1,1899.0,0.0
9268,505440,137,1,249.0,0.0
9269,505440,127,1,649.0,0.0
9270,505441,116,1,2499.0,374.85
9271,505441,107,1,1199.0,179.85
9272,505442,117,1,2999.0,449.85
9273,505442,124,1,1099.0,164.85
9274,505443,124,2,1099.0,0.0
9275,505443,144,1,2999.0,0.0
9276,505444,106,1,1499.0,0.0
9277,505444,118,1,899.0,0.0
9278,505444,133,1,399.0,0.0
9279,505445,128,1,999.0,0.0
9280,505445,114,1,1199.0,0.0
9281,505446,120,1,699.0,0.0
9282,505446,122,1,1899.0,0.0
9283,505447,117,1,2999.0,0.0
9284,505448,137,1,249.0,37.35
9285,505449,124,1,1099.0,0.0
9286,505450,147,1,1299.0,194.85
9287,505450,123,1,3299.0,494.85
9288,505450,130,2,699.0,209.7
9289,505451,118,1,899.0,134.85
9290,505451,111,1,499.0,74.85
9291,505452,102,1,3499.0,524.85
9292,505453,125,1,1299.0,194.85
9293,505453,113,1,1299.0,194.85
9294,505454,137,1,249.0,0.0
9295,505455,105,2,2299.0,0.0
9296,505455,135,3,1499.0,0.0
9297,505455,102,1,3499.0,0.0
9298,505456,109,1,3999.0,0.0
9299,505456,133,1,399.0,0.0
9300,505457,140,2,599.0,0.0
9301,505457,137,1,249.0,0.0
9302,505457,102,1,3499.0,0.0
9303,505457,124,1,1099.0,0.0
9304,505458,115,2,3999.0,1199.7
9305,505459,114,1,1199.0,0.0
9306,505460,125,2,1299.0,0.0
9307,505460,135,1,1499.0,0.0
9308,505461,111,3,499.0,0.0
9309,505461,102,1,3499.0,0.0
9310,505462,146,2,4499.0,449.9
9311,505462,132,1,449.0,22.45
9312,505463,140,1,599.0,0.0
9313,505463,136,1,899.0,0.0
9314,505464,102,1,3499.0,0.0
9315,505464,128,2,999.0,0.0
9316,505464,133,1,399.0,0.0
9317,505465,139,1,349.0,0.0
9318,505466,113,1,1299.0,0.0
9319,505467,121,1,2799.0,0.0
9320,505467,143,1,799.0,0.0
9321,505468,118,2,899.0,89.9
9322,505469,113,2,1299.0,389.7
9323,505470,101,2,1999.0,0.0
9324,505471,113,1,1299.0,0.0
9325,505471,110,1,799.0,0.0
9326,505472,123,1,3299.0,0.0
9327,505473,134,1,199.0,0.0
9328,505473,109,1,3999.0,0.0
9329,505473,135,1,1499.0,0.0
9330,505474,127,1,649.0,0.0
9331,505474,129,1,549.0,0.0
9332,505474,119,1,2199.0,0.0
9333,505475,105,1,2299.0,0.0
9334,505476,129,1,549.0,0.0
9335,505476,103,1,2499.0,0.0
9336,505477,108,1,399.0,59.85
9337,505477,144,1,2999.0,449.85
9338,505478,105,1,2299.0,0.0
9339,505479,112,2,1499.0,449.7
9340,505479,118,1,899.0,134.85
9341,505479,148,1,699.0,104.85
9342,505479,128,1,999.0,149.85
9343,505480,102,1,3499.0,0.0
9344,505480,125,1,1299.0,0.0
9345,505480,110,1,799.0,0.0
9346,505481,123,1,3299.0,0.0
9347,505482,120,1,699.0,0.0
9348,505483,131,1,299.0,0.0
9349,505484,105,1,2299.0,0.0
9350,505485,107,1,1199.0,0.0
9351,505486,136,1,899.0,134.85
9352,505486,116,1,2499.0,374.85
9353,505487,107,1,1199.0,0.0
9354,505488,117,1,2999.0,449.85
9355,505488,132,3,449.0,202.05
9356,505488,118,1,899.0,134.85
9357,505489,120,1,699.0,0.0
9358,505490,129,3,549.0,0.0
9359,505490,110,1,799.0,0.0
9360,505490,146,1,4499.0,0.0
9361,505491,108,2,399.0,0.0
9362,505491,133,1,399.0,0.0
9363,505491,111,2,499.0,0.0
9364,505492,118,1,899.0,0.0
9365,505493,110,1,799.0,119.85
9366,505494,117,1,2999.0,0.0
9367,505495,125,1,1299.0,0.0
9368,505495,140,1,599.0,0.0
9369,505496,113,1,1299.0,194.85
9370,505496,127,2,649.0,194.7
9371,505496,118,1,899.0,134.85
9372,505497,107,2,1199.0,359.7
9373,505498,133,1,399.0,59.85
9374,505499,107,2,1199.0,0.0
9375,505500,132,1,449.0,0.0
9376,505501,120,1,699.0,0.0
9377,505502,141,2,249.0,0.0
9378,505502,144,1,2999.0,0.0
9379,505503,141,1,249.0,0.0
9380,505503,135,1,1499.0,0.0
9381,505503,109,1,3999.0,0.0
9382,505504,104,1,4999.0,249.95
9383,505505,128,1,999.0,149.85
9384,505506,118,1,899.0,0.0
9385,505506,139,1,349.0,0.0
9386,505507,143,1,799.0,0.0
9387,505507,118,1,899.0,0.0
9388,505507,140,1,599.0,0.0
9389,505508,109,1,3999.0,0.0
9390,505509,114,1,1199.0,0.0
9391,505509,143,2,799.0,0.0
9392,505510,123,1,3299.0,164.95
9393,505510,107,1,1199.0,59.95
9394,505511,131,1,299.0,0.0
9395,505512,124,1,1099.0,0.0
9396,505512,137,1,249.0,0.0
9397,505512,115,1,3999.0,0.0
9398,505513,103,1,2499.0,0.0
9399,505514,103,1,2499.0,0.0
9400,505515,131,1,299.0,0.0
9401,505515,112,1,1499.0,0.0
9402,505515,135,1,1499.0,0.0
9403,505516,111,2,499.0,0.0
9404,505516,141,1,249.0,0.0
9405,505517,108,1,399.0,59.85
9406,505517,113,1,1299.0,194.85
9407,505518,137,1,249.0,0.0
9408,505518,114,1,1199.0,0.0
9409,505519,134,1,199.0,0.0
9410,505520,109,1,3999.0,0.0
9411,505521,104,1,4999.0,0.0
9412,505521,137,1,249.0,0.0
9413,505522,131,1,299.0,0.0
9414,505522,137,1,249.0,0.0
9415,505522,107,1,1199.0,0.0
9416,505523,113,1,1299.0,194.85
9417,505524,117,1,2999.0,0.0
9418,505524,131,1,299.0,0.0
9419,505524,137,1,249.0,0.0
9420,505525,117,1,2999.0,449.85
9421,505525,142,1,799.0,119.85
9422,505526,118,1,899.0,0.0
9423,505527,147,1,1299.0,0.0
9424,505527,131,1,299.0,0.0
9425,505528,127,1,649.0,0.0
9426,505528,122,1,1899.0,0.0
9427,505529,107,3,1199.0,179.85
9428,505529,131,2,299.0,29.9
9429,505529,104,2,4999.0,499.9
9430,505530,112,1,1499.0,0.0
9431,505531,137,2,249.0,0.0
9432,505531,126,2,449.0,0.0
9433,505532,118,1,899.0,0.0
9434,505532,134,1,199.0,0.0
9435,505533,147,1,1299.0,0.0
9436,505534,109,1,3999.0,0.0
9437,505535,112,2,1499.0,0.0
9438,505535,123,1,3299.0,0.0
9439,505536,122,1,1899.0,0.0
9440,505536,135,1,1499.0,0.0
9441,505536,105,2,2299.0,0.0
9442,505536,102,1,3499.0,0.0
9443,505537,107,1,1199.0,179.85
9444,505538,131,1,299.0,0.0
9445,505539,136,2,899.0,0.0
9446,505539,113,1,1299.0,0.0
9447,505540,134,2,199.0,0.0
9448,505541,108,1,399.0,59.85
9449,505542,118,1,899.0,0.0
9450,505543,113,1,1299.0,0.0
9451,505543,132,1,449.0,0.0
9452,505543,145,1,599.0,0.0
9453,505543,117,1,2999.0,0.0
9454,505544,105,2,2299.0,689.7
9455,505544,136,1,899.0,134.85
9456,505545,124,1,1099.0,0.0
9457,505545,111,1,499.0,0.0
9458,505546,118,2,899.0,269.7
9459,505546,119,1,2199.0,329.85
9460,505547,109,1,3999.0,599.85
9461,505547,125,1,1299.0,194.85
9462,505547,115,1,3999.0,599.85
9463,505548,123,1,3299.0,0.0
9464,505548,107,1,1199.0,0.0
9465,505548,143,2,799.0,0.0
9466,505549,130,1,699.0,0.0
9467,505549,118,1,899.0,0.0
9468,505549,144,1,2999.0,0.0
9469,505550,112,1,1499.0,0.0
9470,505551,117,1,2999.0,0.0
9471,505552,118,2,899.0,269.7
9472,505552,111,1,499.0,74.85
9473,505553,137,1,249.0,0.0
9474,505553,131,2,299.0,0.0
9475,505554,137,1,249.0,0.0
9476,505554,116,2,2499.0,0.0
9477,505555,145,1,599.0,0.0
9478,505556,141,2,249.0,24.9
9479,505556,115,3,3999.0,599.85
9480,505556,134,1,199.0,9.95
9481,505557,118,3,899.0,0.0
9482,505557,104,1,4999.0,0.0
9483,505558,123,1,3299.0,0.0
9484,505559,118,3,899.0,404.55
9485,505560,145,1,599.0,0.0
9486,505560,123,1,3299.0,0.0
9487,505560,108,2,399.0,0.0
9488,505561,106,1,1499.0,224.85
9489,505562,111,3,499.0,0.0
9490,505563,120,1,699.0,0.0
9491,505564,118,1,899.0,134.85
9492,505564,114,1,1199.0,179.85
9493,505564,105,1,2299.0,344.85
9494,505564,108,1,399.0,59.85
9495,505565,136,1,899.0,0.0
9496,505566,136,1,899.0,134.85
9497,505567,103,1,2499.0,0.0
9498,505568,113,1,1299.0,0.0
9499,505569,116,1,2499.0,0.0
9500,505570,107,1,1199.0,0.0
9501,505570,123,3,3299.0,0.0
9502,505570,137,2,249.0,0.0
9503,505571,124,1,1099.0,0.0
9504,505571,116,1,2499.0,0.0
9505,505571,141,1,249.0,0.0
9506,505572,136,1,899.0,44.95
9507,505573,112,2,1499.0,0.0
9508,505574,125,1,1299.0,64.95
9509,505575,108,1,399.0,0.0
9510,505576,129,1,549.0,0.0
9511,505576,102,1,3499.0,0.0
9512,505577,108,1,399.0,0.0
9513,505578,113,1,1299.0,0.0
9514,505579,133,1,399.0,0.0
9515,505579,121,1,2799.0,0.0
9516,505579,134,1,199.0,0.0
9517,505580,128,1,999.0,0.0
9518,505580,103,1,2499.0,0.0
9519,505581,118,1,899.0,134.85
9520,505581,107,1,1199.0,179.85
9521,505582,109,1,3999.0,0.0
9522,505582,128,1,999.0,0.0
9523,505582,126,3,449.0,0.0
9524,505582,122,1,1899.0,0.0
9525,505583,131,1,299.0,0.0
9526,505584,131,1,299.0,44.85
9527,505585,137,1,249.0,12.45
9528,505585,114,1,1199.0,59.95
9529,505586,130,2,699.0,0.0
9530,505587,124,1,1099.0,0.0
9531,505588,123,1,3299.0,0.0
9532,505589,112,2,1499.0,0.0
9533,505590,117,1,2999.0,0.0
9534,505590,134,1,199.0,0.0
9535,505590,133,3,399.0,0.0
9536,505591,102,1,3499.0,0.0
9537,505592,146,1,4499.0,674.85
9538,505593,104,1,4999.0,0.0
9539,505594,109,2,3999.0,0.0
9540,505595,113,1,1299.0,64.95
9541,505595,120,1,699.0,34.95
9542,505596,140,1,599.0,0.0
9543,505597,106,1,1499.0,0.0
9544,505598,117,1,2999.0,0.0
9545,505598,127,1,649.0,0.0
9546,505599,104,1,4999.0,0.0
9547,505600,144,1,2999.0,0.0
9548,505601,113,1,1299.0,194.85
9549,505601,120,2,699.0,209.7
9550,505602,111,1,499.0,74.85
9551,505602,117,3,2999.0,1349.55
9552,505603,129,1,549.0,0.0
9553,505603,110,3,799.0,0.0
9554,505604,117,1,2999.0,0.0
9555,505605,112,2,1499.0,0.0
9556,505606,126,1,449.0,0.0
9557,505606,110,1,799.0,0.0
9558,505606,111,2,499.0,0.0
9559,505606,138,1,399.0,0.0
9560,505607,109,1,3999.0,0.0
9561,505607,123,1,3299.0,0.0
9562,505608,104,1,4999.0,0.0
9563,505609,133,1,399.0,0.0
9564,505609,124,1,1099.0,0.0
9565,505610,104,1,4999.0,0.0
9566,505610,116,1,2499.0,0.0
9567,505610,107,1,1199.0,0.0
9568,505610,124,1,1099.0,0.0
9569,505611,139,1,349.0,0.0
9570,505612,117,1,2999.0,149.95
9571,505612,113,1,1299.0,64.95
9572,505613,111,1,499.0,0.0
9573,505613,117,1,2999.0,0.0
9574,505613,122,1,1899.0,0.0
9575,505613,132,1,449.0,0.0
9576,505614,135,1,1499.0,224.85
9577,505615,134,1,199.0,0.0
9578,505615,114,1,1199.0,0.0
9579,505615,130,1,699.0,0.0
9580,505616,147,1,1299.0,0.0
9581,505616,112,1,1499.0,0.0
9582,505617,116,1,2499.0,0.0
9583,505617,123,1,3299.0,0.0
9584,505618,116,2,2499.0,749.7
9585,505618,133,1,399.0,59.85
9586,505619,109,1,3999.0,0.0
9587,505619,138,2,399.0,0.0
9588,505620,102,1,3499.0,0.0
9589,505621,101,1,1999.0,299.85
9590,505622,116,1,2499.0,0.0
9591,505623,144,1,2999.0,0.0
9592,505624,102,1,3499.0,0.0
9593,505624,119,1,2199.0,0.0
9594,505625,105,1,2299.0,114.95
9595,505626,106,1,1499.0,0.0
9596,505627,145,1,599.0,0.0
9597,505627,123,1,3299.0,0.0
9598,505628,113,1,1299.0,0.0
9599,505628,135,1,1499.0,0.0
9600,505628,107,1,1199.0,0.0
9601,505629,147,1,1299.0,0.0
9602,505629,118,1,899.0,0.0
9603,505630,116,1,2499.0,374.85
9604,505630,130,1,699.0,104.85
9605,505630,140,1,599.0,89.85
9606,505631,108,1,399.0,0.0
9607,505632,116,1,2499.0,374.85
9608,505633,112,3,1499.0,674.55
9609,505633,133,1,399.0,59.85
9610,505634,133,1,399.0,0.0
9611,505634,116,1,2499.0,0.0
9612,505635,112,2,1574.0,472.2
9613,505636,147,1,1364.0,0.0
9614,505636,121,1,2939.0,0.0
9615,505637,109,1,4199.0,629.85
9616,505638,128,1,1049.0,0.0
9617,505639,103,1,2624.0,0.0
9618,505640,145,1,629.0,0.0
9619,505641,116,1,2624.0,393.6
9620,505641,108,1,419.0,62.85
9621,505641,145,1,629.0,94.35
9622,505641,111,1,524.0,78.6
9623,505642,131,1,314.0,0.0
9624,505642,113,1,1364.0,0.0
9625,505643,106,1,1574.0,0.0
9626,505644,106,1,1574.0,236.1
9627,505644,107,1,1259.0,188.85
9628,505644,126,1,471.0,70.65
9629,505644,122,1,1994.0,299.1
9630,505645,110,1,839.0,0.0
9631,505646,105,1,2414.0,362.1
9632,505647,142,2,839.0,0.0
9633,505647,139,3,366.0,0.0
9634,505647,121,1,2939.0,0.0
9635,505648,130,1,734.0,0.0
9636,505649,109,1,4199.0,0.0
9637,505650,111,1,524.0,78.6
9638,505650,131,1,314.0,47.1
9639,505650,102,1,3674.0,551.1
9640,505651,106,1,1574.0,0.0
9641,505651,101,1,2099.0,0.0
9642,505651,138,1,419.0,0.0
9643,505652,116,1,2624.0,0.0
9644,505653,103,1,2624.0,393.6
9645,505653,123,1,3464.0,519.6
9646,505654,139,1,366.0,0.0
9647,505655,148,1,734.0,36.7
9648,505656,118,1,944.0,0.0
9649,505657,137,1,261.0,39.15
9650,505658,110,1,839.0,0.0
9651,505658,137,1,261.0,0.0
9652,505659,111,1,524.0,0.0
9653,505660,120,1,734.0,0.0
9654,505660,118,3,944.0,0.0
9655,505660,113,1,1364.0,0.0
9656,505660,110,1,839.0,0.0
9657,505661,115,1,4199.0,0.0
9658,505662,104,1,5249.0,262.45
9659,505662,102,1,3674.0,183.7
9660,505663,117,1,3149.0,472.35
9661,505664,110,1,839.0,125.85
9662,505665,113,1,1364.0,0.0
9663,505666,116,1,2624.0,393.6
9664,505667,111,1,524.0,0.0
9665,505668,114,1,1259.0,0.0
9666,505669,106,1,1574.0,0.0
9667,505670,146,1,4724.0,708.6
9668,505671,104,1,5249.0,787.35
9669,505672,113,1,1364.0,204.6
9670,505673,112,1,1574.0,0.0
9671,505674,115,1,4199.0,0.0
9672,505675,107,1,1259.0,0.0
9673,505675,101,1,2099.0,0.0
9674,505676,111,1,524.0,0.0
9675,505677,108,2,419.0,0.0
9676,505678,104,1,5249.0,787.35
9677,505679,102,2,3674.0,0.0
9678,505680,124,1,1154.0,173.1
9679,505680,118,1,944.0,141.6
9680,505681,123,1,3464.0,0.0
9681,505681,114,1,1259.0,0.0
9682,505681,104,1,5249.0,0.0
9683,505682,118,1,944.0,0.0
9684,505682,131,1,314.0,0.0
9685,505682,113,1,1364.0,0.0
9686,505683,115,2,4199.0,0.0
9687,505683,108,1,419.0,0.0
9688,505684,134,1,209.0,0.0
9689,505685,113,1,1364.0,0.0
9690,505685,126,1,471.0,0.0
9691,505685,112,1,1574.0,0.0
9692,505686,109,1,4199.0,0.0
9693,505687,120,1,734.0,0.0
9694,505688,128,1,1049.0,157.35
9695,505689,118,2,944.0,0.0
9696,505690,118,1,944.0,0.0
9697,505690,137,1,261.0,0.0
9698,505691,113,1,1364.0,0.0
9699,505692,125,1,1364.0,0.0
9700,505692,131,1,314.0,0.0
9701,505692,140,1,629.0,0.0
9702,505692,113,1,1364.0,0.0
9703,505693,116,3,2624.0,1180.8
9704,505693,107,1,1259.0,188.85
9705,505694,142,1,839.0,0.0
9706,505694,141,1,261.0,0.0
9707,505694,123,1,3464.0,0.0
9708,505695,120,2,734.0,0.0
9709,505696,111,1,524.0,78.6
9710,505696,137,1,261.0,39.15
9711,505697,144,1,3149.0,0.0
9712,505697,148,1,734.0,0.0
9713,505697,123,2,3464.0,0.0
9714,505698,118,1,944.0,0.0
9715,505699,143,1,839.0,0.0
9716,505700,121,1,2939.0,0.0
9717,505700,107,1,1259.0,0.0
9718,505701,139,1,366.0,54.9
9719,505701,112,2,1574.0,472.2
9720,505701,122,2,1994.0,598.2
9721,505702,131,1,314.0,0.0
9722,505703,133,1,419.0,0.0
9723,505704,119,1,2309.0,346.35
9724,505704,140,1,629.0,94.35
9725,505704,117,2,3149.0,944.7
9726,505705,107,1,1259.0,0.0
9727,505705,135,2,1574.0,0.0
9728,505705,119,1,2309.0,0.0
9729,505706,142,1,839.0,0.0
9730,505707,134,1,209.0,0.0
9731,505707,130,1,734.0,0.0
9732,505707,102,1,3674.0,0.0
9733,505708,124,1,1154.0,57.7
9734,505708,117,1,3149.0,157.45
9735,505709,111,1,524.0,78.6
9736,505709,137,1,261.0,39.15
9737,505710,117,1,3149.0,0.0
9738,505710,122,1,1994.0,0.0
9739,505711,103,1,2624.0,0.0
9740,505712,132,1,471.0,0.0
9741,505713,129,1,576.0,0.0
9742,505714,144,1,3149.0,472.35
9743,505715,143,1,839.0,125.85
9744,505716,143,1,839.0,0.0
9745,505717,135,1,1574.0,0.0
9746,505717,118,1,944.0,0.0
9747,505718,112,1,1574.0,236.1
9748,505719,120,1,734.0,0.0
9749,505720,120,1,734.0,110.1
9750,505720,131,1,314.0,47.1
9751,505721,119,1,2309.0,0.0
9752,505721,148,2,734.0,0.0
9753,505721,120,1,734.0,0.0
9754,505722,126,1,471.0,0.0
9755,505723,134,3,209.0,0.0
9756,505723,107,1,1259.0,0.0
9757,505724,114,2,1259.0,0.0
9758,505725,102,1,3674.0,0.0
9759,505726,137,1,261.0,0.0
9760,505726,128,1,1049.0,0.0
9761,505727,117,1,3149.0,0.0
9762,505727,116,1,2624.0,0.0
9763,505728,130,3,734.0,0.0
9764,505728,113,1,1364.0,0.0
9765,505729,120,1,734.0,0.0
9766,505730,130,1,734.0,0.0
9767,505731,140,1,629.0,0.0
9768,505731,116,1,2624.0,0.0
9769,505731,138,1,419.0,0.0
9770,505732,140,1,629.0,0.0
9771,505732,109,1,4199.0,0.0
9772,505733,132,3,471.0,0.0
9773,505733,103,1,2624.0,0.0
9774,505734,105,2,2414.0,0.0
9775,505735,126,1,471.0,70.65
9776,505735,109,3,4199.0,1889.55
9777,505736,125,1,1364.0,0.0
9778,505736,139,1,366.0,0.0
9779,505737,137,1,261.0,0.0
9780,505738,118,1,944.0,141.6
9781,505739,137,1,261.0,39.15
9782,505739,118,1,944.0,141.6
9783,505740,120,2,734.0,0.0
9784,505741,143,1,839.0,0.0
9785,505741,103,1,2624.0,0.0
9786,505742,116,1,2624.0,0.0
9787,505743,101,1,2099.0,314.85
9788,505744,117,2,3149.0,0.0
9789,505744,143,1,839.0,0.0
9790,505745,113,1,1364.0,204.6
9791,505745,122,1,1994.0,299.1
9792,505745,112,1,1574.0,236.1
9793,505745,104,1,5249.0,787.35
9794,505746,111,1,524.0,0.0
9795,505747,108,1,419.0,0.0
9796,505748,104,1,5249.0,0.0
9797,505749,118,1,944.0,0.0
9798,505749,130,1,734.0,0.0
9799,505749,117,1,3149.0,0.0
9800,505750,142,1,839.0,125.85
9801,505750,107,2,1259.0,377.7
9802,505751,127,1,681.0,0.0
9803,505751,116,1,2624.0,0.0
9804,505751,124,1,1154.0,0.0
9805,505752,103,1,2624.0,393.6
9806,505752,112,1,1574.0,236.1
9807,505752,145,1,629.0,94.35
9808,505753,117,1,3149.0,0.0
9809,505753,125,1,1364.0,0.0
9810,505754,107,1,1259.0,188.85
9811,505754,131,1,314.0,47.1
9812,505755,123,3,3464.0,1558.8
9813,505756,117,1,3149.0,0.0
9814,505757,133,2,419.0,0.0
9815,505757,140,2,629.0,0.0
9816,505757,127,1,681.0,0.0
9817,505757,113,2,1364.0,0.0
9818,505758,107,1,1259.0,0.0
9819,505759,109,1,4199.0,0.0
9820,505760,113,1,1364.0,0.0
9821,505760,118,1,944.0,0.0
9822,505760,120,1,734.0,0.0
9823,505761,135,2,1574.0,157.4
9824,505762,107,1,1259.0,0.0
9825,505763,103,1,2624.0,0.0
9826,505763,123,2,3464.0,0.0
9827,505764,119,1,2309.0,0.0
9828,505765,148,1,734.0,110.1
9829,505765,145,1,629.0,94.35
9830,505766,131,1,314.0,0.0
9831,505767,147,1,1364.0,0.0
9832,505768,106,3,1574.0,0.0
9833,505768,109,1,4199.0,0.0
9834,505769,137,1,261.0,0.0
9835,505770,108,1,419.0,20.95
9836,505771,107,1,1259.0,0.0
9837,505772,120,1,734.0,0.0
9838,505773,111,1,524.0,78.6
9839,505774,130,3,734.0,330.3
9840,505774,111,1,524.0,78.6
9841,505775,144,1,3149.0,0.0
9842,505776,112,3,1574.0,708.3
9843,505776,111,1,524.0,78.6
9844,505776,144,1,3149.0,472.35
9845,505777,107,1,1259.0,188.85
9846,505778,117,1,3149.0,0.0
9847,505778,107,1,1259.0,0.0
9848,505779,132,1,471.0,0.0
9849,505780,102,1,3674.0,0.0
9850,505780,106,1,1574.0,0.0
9851,505780,111,1,524.0,0.0
9852,505781,109,1,4199.0,0.0
9853,505782,126,1,471.0,0.0
9854,505783,147,1,1364.0,204.6
9855,505784,143,1,839.0,41.95
9856,505785,112,1,1574.0,0.0
9857,505786,115,1,4199.0,629.85
9858,505786,144,1,3149.0,472.35
9859,505786,107,1,1259.0,188.85
9860,505786,117,1,3149.0,472.35
9861,505787,116,1,2624.0,0.0
9862,505788,124,1,1154.0,0.0
9863,505789,111,1,524.0,0.0
9864,505789,107,1,1259.0,0.0
9865,505790,143,2,839.0,0.0
9866,505791,133,1,419.0,62.85
9867,505792,116,1,2624.0,393.6
9868,505793,131,1,314.0,0.0
9869,505794,104,2,5249.0,0.0
9870,505794,135,1,1574.0,0.0
9871,505794,134,1,209.0,0.0
9872,505795,123,3,3464.0,1558.8
9873,505795,112,1,1574.0,236.1
9874,505795,117,2,3149.0,944.7
9875,505796,113,3,1364.0,204.6
9876,505796,102,1,3674.0,183.7
9877,505797,133,1,419.0,0.0
9878,505798,126,1,471.0,0.0
9879,505799,147,1,1364.0,0.0
9880,505800,122,1,1994.0,0.0
9881,505801,107,1,1259.0,0.0
9882,505801,137,1,261.0,0.0
9883,505802,136,1,944.0,0.0
9884,505802,119,2,2309.0,0.0
9885,505803,117,1,3149.0,0.0
9886,505803,144,1,3149.0,0.0
9887,505803,126,1,471.0,0.0
9888,505804,112,1,1574.0,0.0
9889,505805,136,1,944.0,0.0
9890,505806,134,1,209.0,31.35
9891,505807,102,1,3674.0,0.0
9892,505808,131,1,314.0,47.1
9893,505809,109,1,4199.0,629.85
9894,505810,136,1,944.0,0.0
9895,505811,112,1,1574.0,0.0
9896,505811,101,1,2099.0,0.0
9897,505812,105,2,2414.0,724.2
9898,505812,131,1,314.0,47.1
9899,505813,142,1,839.0,0.0
9900,505813,144,1,3149.0,0.0
9901,505813,132,1,471.0,0.0
9902,505814,116,1,2624.0,131.2
9903,505815,123,1,3464.0,519.6
9904,505816,135,1,1574.0,0.0
9905,505816,127,1,681.0,0.0
9906,505817,147,1,1364.0,0.0
9907,505817,135,1,1574.0,0.0
9908,505818,124,1,1154.0,0.0
9909,505819,113,1,1364.0,204.6
9910,505819,107,1,1259.0,188.85
9911,505819,131,1,314.0,47.1
9912,505820,104,1,5249.0,787.35
9913,505821,128,1,1049.0,157.35
9914,505821,109,1,4199.0,629.85
9915,505821,124,2,1154.0,346.2
9916,505821,134,1,209.0,31.35
9917,505822,125,1,1364.0,204.6
9918,505823,113,1,1364.0,0.0
9919,505823,128,1,1049.0,0.0
9920,505824,107,1,1259.0,0.0
9921,505825,118,1,944.0,141.6
9922,505825,116,1,2624.0,393.6
9923,505826,108,1,419.0,0.0
9924,505826,144,2,3149.0,0.0
9925,505826,124,2,1154.0,0.0
9926,505827,137,1,261.0,0.0
9927,505827,117,2,3149.0,0.0
9928,505828,106,1,1574.0,0.0
9929,505828,138,1,419.0,0.0
9930,505828,116,1,2624.0,0.0
9931,505829,107,1,1259.0,0.0
9932,505829,115,1,4199.0,0.0
9933,505830,101,1,2099.0,0.0
9934,505830,102,2,3674.0,0.0
9935,505830,131,1,314.0,0.0
9936,505831,134,2,209.0,62.7
9937,505832,131,1,314.0,47.1
9938,505833,107,1,1259.0,0.0
9939,505833,142,2,839.0,0.0
9940,505834,114,1,1259.0,0.0
9941,505834,108,1,419.0,0.0
9942,505835,116,1,2624.0,0.0
9943,505836,147,3,1364.0,0.0
9944,505837,134,1,209.0,0.0
9945,505838,111,1,524.0,26.2
9946,505839,143,1,839.0,0.0
9947,505839,124,1,1154.0,0.0
9948,505839,102,1,3674.0,0.0
9949,505840,111,1,524.0,0.0
9950,505840,103,1,2624.0,0.0
9951,505840,105,1,2414.0,0.0
9952,505841,140,2,629.0,0.0
9953,505841,107,1,1259.0,0.0
9954,505842,140,1,629.0,31.45
9955,505842,103,1,2624.0,131.2
9956,505842,114,1,1259.0,62.95
9957,505843,117,1,3149.0,0.0
9958,505844,117,1,3149.0,0.0
9959,505844,127,1,681.0,0.0
9960,505844,112,1,1574.0,0.0
9961,505845,128,1,1049.0,0.0
9962,505846,108,1,419.0,62.85
9963,505846,117,1,3149.0,472.35
9964,505847,104,1,5249.0,0.0
9965,505847,115,1,4199.0,0.0
9966,505847,124,1,1154.0,0.0
9967,505848,144,1,3149.0,157.45
9968,505848,119,1,2309.0,115.45
9969,505849,105,1,2414.0,120.7
9970,505849,147,1,1364.0,68.2
9971,505849,119,2,2309.0,230.9
9972,505849,102,1,3674.0,183.7
9973,505850,113,1,1364.0,68.2
9974,505851,125,1,1364.0,68.2
9975,505852,133,2,419.0,125.7
9976,505853,147,3,1364.0,0.0
9977,505854,146,1,4724.0,0.0
9978,505855,104,2,5249.0,0.0
9979,505855,130,1,734.0,0.0
9980,505855,123,1,3464.0,0.0
9981,505856,139,1,366.0,18.3
9982,505856,120,1,734.0,36.7
9983,505857,111,1,524.0,78.6
9984,505857,112,1,1574.0,236.1
9985,505858,111,1,524.0,0.0
9986,505858,127,1,681.0,0.0
9987,505858,116,1,2624.0,0.0
9988,505859,112,1,1574.0,0.0
9989,505859,116,1,2624.0,0.0
9990,505860,112,1,1574.0,0.0
9991,505860,107,1,1259.0,0.0
9992,505860,116,1,2624.0,0.0
9993,505861,148,2,734.0,0.0
9994,505862,118,2,944.0,0.0
9995,505862,126,1,471.0,0.0
9996,505863,103,1,2624.0,0.0
9997,505863,108,1,419.0,0.0
9998,505864,146,1,4724.0,0.0
9999,505865,126,1,471.0,0.0
10000,505865,145,1,629.0,0.0
10001,505866,146,1,4724.0,0.0
10002,505867,132,1,471.0,0.0
10003,505868,111,3,524.0,0.0
10004,505869,132,1,471.0,0.0
10005,505870,121,1,2939.0,0.0
10006,505871,112,1,1574.0,0.0
10007,505872,119,1,2309.0,0.0
10008,505872,104,1,5249.0,0.0
10009,505873,120,1,734.0,0.0
10010,505874,111,1,524.0,78.6
10011,505875,102,1,3674.0,0.0
10012,505875,119,1,2309.0,0.0
10013,505875,139,1,366.0,0.0
10014,505876,103,1,2624.0,393.6
10015,505877,102,1,3674.0,0.0
10016,505878,135,1,1574.0,236.1
10017,505879,116,2,2624.0,787.2
10018,505879,109,1,4199.0,629.85
10019,505879,122,1,1994.0,299.1
10020,505880,127,1,681.0,0.0
10021,505881,136,1,944.0,0.0
10022,505882,121,2,2939.0,0.0
10023,505883,113,1,1364.0,204.6
10024,505884,103,1,2624.0,393.6
10025,505885,107,1,1259.0,0.0
10026,505885,134,2,209.0,0.0
10027,505886,125,3,1364.0,613.8
10028,505886,140,1,629.0,94.35
10029,505887,129,2,576.0,0.0
10030,505888,148,1,734.0,0.0
10031,505888,122,1,1994.0,0.0
10032,505888,131,1,314.0,0.0
10033,505888,147,1,1364.0,0.0
10034,505889,142,1,839.0,0.0
10035,505890,118,1,944.0,141.6
10036,505890,106,1,1574.0,236.1
10037,505891,123,1,3464.0,0.0
10038,505891,119,1,2309.0,0.0
10039,505892,128,1,1049.0,0.0
10040,505893,111,1,524.0,0.0
10041,505894,147,1,1364.0,0.0
10042,505895,120,1,734.0,0.0
10043,505896,121,1,2939.0,440.85
10044,505897,145,1,629.0,0.0
10045,505897,137,2,261.0,0.0
10046,505897,108,1,419.0,0.0
10047,505897,112,1,1574.0,0.0
10048,505898,112,1,1574.0,0.0
10049,505899,124,1,1154.0,173.1
10050,505900,128,2,1049.0,314.7
10051,505901,134,1,209.0,0.0
10052,505902,110,2,839.0,0.0
10053,505903,108,1,419.0,62.85
10054,505904,131,1,314.0,0.0
10055,505904,136,1,944.0,0.0
10056,505905,104,1,5249.0,0.0
10057,505906,134,1,209.0,31.35
10058,505907,133,1,419.0,62.85
10059,505908,147,1,1364.0,0.0
10060,505908,139,1,366.0,0.0
10061,505908,115,1,4199.0,0.0
10062,505908,108,1,419.0,0.0
10063,505909,118,1,944.0,0.0
10064,505910,114,2,1259.0,377.7
10065,505911,138,1,419.0,0.0
10066,505912,130,3,734.0,0.0
10067,505912,118,1,944.0,0.0
10068,505912,137,1,261.0,0.0
10069,505913,103,2,2624.0,0.0
10070,505914,119,1,2309.0,0.0
10071,505915,103,1,2624.0,0.0
10072,505916,117,1,3149.0,472.35
10073,505917,130,1,734.0,0.0
10074,505918,111,1,524.0,78.6
10075,505918,141,2,261.0,78.3
10076,505919,113,1,1364.0,0.0
10077,505919,109,1,4199.0,0.0
10078,505920,110,1,839.0,0.0
10079,505921,130,1,734.0,0.0
10080,505922,113,1,1364.0,0.0
10081,505923,102,1,3674.0,0.0
10082,505924,118,1,944.0,0.0
10083,505924,120,2,734.0,0.0
10084,505925,114,1,1259.0,0.0
10085,505925,130,1,734.0,0.0
10086,505925,111,1,524.0,0.0
10087,505925,107,1,1259.0,0.0
10088,505926,117,1,3149.0,0.0
10089,505927,113,1,1364.0,0.0
10090,505928,144,1,3149.0,0.0
10091,505928,138,1,419.0,0.0
10092,505929,131,1,314.0,0.0
10093,505929,104,1,5249.0,0.0
10094,505930,129,1,576.0,0.0
10095,505930,107,2,1259.0,0.0
10096,505931,116,1,2624.0,0.0
10097,505931,130,1,734.0,0.0
10098,505931,131,1,314.0,0.0
10099,505932,131,1,314.0,47.1
10100,505933,111,1,524.0,0.0
10101,505934,122,1,1994.0,0.0
10102,505935,146,1,4724.0,0.0
10103,505935,118,1,944.0,0.0
10104,505936,111,1,524.0,0.0
10105,505937,113,1,1364.0,204.6
10106,505938,110,1,839.0,0.0
10107,505938,104,1,5249.0,0.0
10108,505939,105,1,2414.0,120.7
10109,505939,106,1,1574.0,78.7
10110,505940,140,1,629.0,94.35
10111,505941,135,1,1574.0,0.0
10112,505941,128,1,1049.0,0.0
10113,505941,147,1,1364.0,0.0
10114,505942,107,1,1259.0,62.95
10115,505942,104,1,5249.0,262.45
10116,505942,101,1,2099.0,104.95
10117,505942,144,1,3149.0,157.45
10118,505943,126,1,471.0,0.0
10119,505944,104,1,5249.0,787.35
10120,505945,117,2,3149.0,0.0
10121,505945,114,1,1259.0,0.0
10122,505946,117,1,3149.0,0.0
10123,505946,108,1,419.0,0.0
10124,505947,117,1,3149.0,472.35
10125,505948,103,1,2624.0,0.0
10126,505948,111,1,524.0,0.0
10127,505949,112,1,1574.0,0.0
10128,505950,138,1,419.0,62.85
10129,505951,127,3,681.0,0.0
10130,505952,130,1,734.0,0.0
10131,505953,118,1,944.0,0.0
10132,505954,107,1,1259.0,0.0
10133,505955,124,2,1154.0,0.0
10134,505955,105,1,2414.0,0.0
10135,505956,119,2,2309.0,0.0
10136,505956,103,2,2624.0,0.0
10137,505957,131,1,314.0,0.0
10138,505957,130,1,734.0,0.0
10139,505958,123,2,3464.0,0.0
10140,505958,110,1,839.0,0.0
10141,505958,139,1,366.0,0.0
10142,505958,147,1,1364.0,0.0
10143,505959,126,2,471.0,0.0
10144,505960,106,1,1574.0,0.0
10145,505960,114,1,1259.0,0.0
10146,505960,120,1,734.0,0.0
10147,505961,108,1,419.0,0.0
10148,505961,136,1,944.0,0.0
10149,505962,131,3,314.0,0.0
10150,505962,148,2,734.0,0.0
10151,505962,134,1,209.0,0.0
10152,505963,122,1,1994.0,0.0
10153,505964,110,1,839.0,0.0
10154,505965,114,1,1259.0,0.0
10155,505965,145,1,629.0,0.0
10156,505966,111,1,524.0,0.0
10157,505966,120,1,734.0,0.0
10158,505967,116,1,2624.0,0.0
10159,505968,105,1,2414.0,362.1
10160,505969,108,1,419.0,0.0
10161,505970,136,1,944.0,141.6
10162,505971,127,1,681.0,0.0
10163,505972,109,1,4199.0,0.0
10164,505972,112,1,1574.0,0.0
10165,505972,116,1,2624.0,0.0
10166,505972,111,1,524.0,0.0
10167,505973,138,1,419.0,20.95
10168,505973,148,1,734.0,36.7
10169,505974,121,1,2939.0,0.0
10170,505975,120,1,734.0,0.0
10171,505976,118,1,944.0,0.0
10172,505976,144,1,3149.0,0.0
10173,505977,113,1,1364.0,68.2
10174,505978,132,1,471.0,70.65
10175,505978,128,2,1049.0,314.7
10176,505978,109,1,4199.0,629.85
10177,505979,120,1,734.0,110.1
10178,505979,148,1,734.0,110.1
10179,505979,105,2,2414.0,724.2
10180,505980,108,1,419.0,62.85
10181,505981,147,1,1364.0,0.0
10182,505982,120,1,734.0,0.0
10183,505983,106,3,1574.0,0.0
10184,505984,113,1,1364.0,0.0
10185,505985,130,2,734.0,0.0
10186,505985,135,1,1574.0,0.0
10187,505986,147,1,1364.0,204.6
10188,505986,137,1,261.0,39.15
10189,505986,118,1,944.0,141.6
10190,505987,127,1,681.0,0.0
10191,505987,117,1,3149.0,0.0
10192,505988,128,1,1049.0,0.0
10193,505988,117,1,3149.0,0.0
10194,505988,121,1,2939.0,0.0
10195,505988,140,1,629.0,0.0
10196,505989,118,1,944.0,0.0
10197,505989,116,1,2624.0,0.0
10198,505989,112,1,1574.0,0.0
10199,505989,130,1,734.0,0.0
10200,505990,102,1,3674.0,0.0
10201,505991,137,1,261.0,0.0
10202,505991,128,1,1049.0,0.0
10203,505991,109,1,4199.0,0.0
10204,505992,114,1,1259.0,0.0
10205,505993,142,1,839.0,0.0
10206,505994,135,1,1574.0,236.1
10207,505995,135,1,1574.0,0.0
10208,505996,134,1,209.0,31.35
10209,505997,135,1,1574.0,0.0
10210,505998,120,1,734.0,0.0
10211,505999,110,1,839.0,0.0
10212,505999,113,2,1364.0,0.0
10213,506000,114,1,1259.0,0.0
10214,506000,133,1,419.0,0.0
10215,506001,124,2,1154.0,0.0
10216,506002,131,2,314.0,0.0
10217,506003,102,1,3674.0,0.0
10218,506004,131,1,314.0,15.7
10219,506005,101,1,2099.0,0.0
10220,506005,131,1,314.0,0.0
10221,506006,106,1,1574.0,236.1
10222,506007,142,1,839.0,0.0
10223,506008,138,1,419.0,0.0
10224,506008,108,2,419.0,0.0
10225,506008,132,1,471.0,0.0
10226,506008,104,1,5249.0,0.0
10227,506009,137,1,261.0,0.0
10228,506010,147,1,1364.0,0.0
10229,506010,137,1,261.0,0.0
10230,506011,107,1,1259.0,0.0
10231,506012,130,1,734.0,0.0
10232,506013,135,1,1574.0,0.0
10233,506014,116,1,2624.0,0.0
10234,506014,129,1,576.0,0.0
10235,506015,111,1,524.0,0.0
10236,506016,113,1,1364.0,204.6
10237,506016,145,1,629.0,94.35
10238,506017,130,1,734.0,0.0
10239,506017,147,1,1364.0,0.0
10240,506017,116,1,2624.0,0.0
10241,506018,111,1,524.0,78.6
10242,506018,107,1,1259.0,188.85
10243,506019,118,1,944.0,141.6
10244,506019,137,1,261.0,39.15
10245,506019,146,1,4724.0,708.6
10246,506020,130,2,734.0,0.0
10247,506020,116,1,2624.0,0.0
10248,506021,147,1,1364.0,0.0
10249,506021,111,1,524.0,0.0
10250,506022,137,1,261.0,0.0
10251,506022,133,1,419.0,0.0
10252,506022,122,1,1994.0,0.0
10253,506023,109,1,4199.0,629.85
10254,506024,103,1,2624.0,393.6
10255,506025,146,1,4724.0,0.0
10256,506025,113,2,1364.0,0.0
10257,506026,112,1,1574.0,236.1
10258,506026,141,1,261.0,39.15
10259,506026,116,1,2624.0,393.6
10260,506027,109,1,4199.0,0.0
10261,506027,125,1,1364.0,0.0
10262,506028,145,1,629.0,0.0
10263,506028,108,1,419.0,0.0
10264,506029,134,1,209.0,0.0
10265,506029,135,1,1574.0,0.0
10266,506030,111,1,524.0,0.0
10267,506031,148,1,734.0,0.0
10268,506031,128,1,1049.0,0.0
10269,506031,143,1,839.0,0.0
10270,506032,139,1,366.0,0.0
10271,506032,123,1,3464.0,0.0
10272,506032,105,1,2414.0,0.0
10273,506033,142,1,839.0,0.0
10274,506034,144,1,3149.0,0.0
10275,506035,122,1,1994.0,299.1
10276,506035,137,1,261.0,39.15
10277,506036,112,2,1574.0,472.2
10278,506036,109,1,4199.0,629.85
10279,506037,111,1,524.0,0.0
10280,506038,126,1,471.0,23.55
10281,506039,137,1,261.0,0.0
10282,506039,112,1,1574.0,0.0
10283,506039,138,1,419.0,0.0
10284,506040,106,1,1574.0,0.0
10285,506040,131,1,314.0,0.0
10286,506041,134,1,209.0,31.35
10287,506042,126,1,471.0,0.0
10288,506043,102,2,3674.0,0.0
10289,506044,143,2,839.0,0.0
10290,506045,114,1,1259.0,62.95
10291,506045,112,2,1574.0,157.4
10292,506046,118,2,944.0,0.0
10293,506046,124,2,1154.0,0.0
10294,506047,116,1,2624.0,0.0
10295,506047,102,1,3674.0,0.0
10296,506048,137,1,261.0,0.0
10297,506049,126,1,471.0,0.0
10298,506050,137,1,261.0,0.0
10299,506050,103,1,2624.0,0.0
10300,506050,132,1,471.0,0.0
10301,506051,129,1,576.0,0.0
10302,506052,116,1,2624.0,393.6
10303,506052,139,2,366.0,109.8
10304,506053,111,1,524.0,0.0
10305,506054,147,1,1364.0,0.0
10306,506054,142,2,839.0,0.0
10307,506055,124,1,1154.0,0.0
10308,506055,117,1,3149.0,0.0
10309,506055,118,2,944.0,0.0
10310,506056,119,1,2309.0,0.0
10311,506057,137,1,261.0,0.0
10312,506057,124,1,1154.0,0.0
10313,506058,138,1,419.0,0.0
10314,506058,107,1,1259.0,0.0
10315,506058,123,1,3464.0,0.0
10316,506059,135,3,1574.0,0.0
10317,506060,138,2,419.0,0.0
10318,506061,108,2,419.0,125.7
10319,506061,120,2,734.0,220.2
10320,506061,130,1,734.0,110.1
10321,506061,118,1,944.0,141.6
10322,506062,115,1,4199.0,0.0
10323,506063,101,1,2099.0,0.0
10324,506063,130,2,734.0,0.0
10325,506064,138,1,419.0,62.85
10326,506065,111,1,524.0,0.0
10327,506066,116,1,2624.0,0.0
10328,506067,103,1,2624.0,0.0
10329,506068,134,1,209.0,0.0
10330,506068,116,1,2624.0,0.0
10331,506069,118,2,944.0,94.4
10332,506069,112,1,1574.0,78.7
10333,506069,130,1,734.0,36.7
10334,506070,120,1,734.0,110.1
10335,506071,113,1,1364.0,0.0
10336,506072,134,1,209.0,31.35
10337,506073,104,1,5249.0,262.45
10338,506074,147,1,1364.0,0.0
10339,506074,113,1,1364.0,0.0
10340,506074,145,1,629.0,0.0
10341,506075,131,1,314.0,0.0
10342,506076,118,1,944.0,0.0
10343,506077,119,1,2309.0,0.0
10344,506078,103,1,2624.0,393.6
10345,506079,134,1,209.0,0.0
10346,506080,117,1,3149.0,0.0
10347,506080,132,1,471.0,0.0
10348,506081,142,1,839.0,0.0
10349,506081,111,1,524.0,0.0
10350,506081,146,1,4724.0,0.0
10351,506081,133,1,419.0,0.0
10352,506082,141,1,261.0,0.0
10353,506083,113,2,1364.0,0.0
10354,506083,120,1,734.0,0.0
10355,506083,103,1,2624.0,0.0
10356,506084,113,1,1364.0,204.6
10357,506084,144,1,3149.0,472.35
10358,506085,120,1,734.0,0.0
10359,506086,107,1,1259.0,0.0
10360,506086,137,1,261.0,0.0
10361,506086,135,1,1574.0,0.0
10362,506087,135,1,1574.0,0.0
10363,506087,122,1,1994.0,0.0
10364,506088,128,2,1049.0,0.0
10365,506089,109,1,4199.0,0.0
10366,506090,109,1,4199.0,629.85
10367,506090,121,1,2939.0,440.85
10368,506090,147,1,1364.0,204.6
10369,506091,135,1,1574.0,0.0
10370,506092,141,3,261.0,0.0
10371,506093,116,1,2624.0,0.0
10372,506093,148,1,734.0,0.0
10373,506093,131,1,314.0,0.0
10374,506094,141,1,261.0,39.15
10375,506095,120,1,734.0,0.0
10376,506095,147,1,1364.0,0.0
10377,506096,121,3,2939.0,0.0
10378,506097,148,2,734.0,0.0
10379,506097,141,3,261.0,0.0
10380,506098,107,2,1259.0,0.0
10381,506099,107,1,1259.0,0.0
10382,506100,138,1,419.0,62.85
10383,506101,135,1,1574.0,236.1
10384,506102,103,1,2624.0,0.0
10385,506103,134,1,209.0,0.0
10386,506103,112,1,1574.0,0.0
10387,506104,114,1,1259.0,0.0
10388,506104,135,2,1574.0,0.0
10389,506105,115,1,4199.0,0.0
10390,506105,117,3,3149.0,0.0
10391,506106,114,1,1259.0,0.0
10392,506107,108,1,419.0,62.85
10393,506108,113,1,1364.0,204.6
10394,506109,131,3,314.0,0.0
10395,506110,130,1,734.0,0.0
10396,506110,120,1,734.0,0.0
10397,506111,145,1,629.0,0.0
10398,506112,133,1,419.0,0.0
10399,506113,137,1,261.0,0.0
10400,506113,118,2,944.0,0.0
10401,506113,134,1,209.0,0.0
10402,506114,120,3,734.0,0.0
10403,506114,127,1,681.0,0.0
10404,506115,116,1,2624.0,0.0
10405,506116,133,2,419.0,0.0
10406,506116,113,1,1364.0,0.0
10407,506117,130,2,734.0,73.4
10408,506118,133,1,419.0,0.0
10409,506119,137,1,261.0,0.0
10410,506119,106,2,1574.0,0.0
10411,506120,107,1,1259.0,188.85
10412,506120,134,1,209.0,31.35
10413,506121,113,2,1364.0,0.0
10414,506121,130,1,734.0,0.0
10415,506122,134,1,209.0,0.0
10416,506123,117,1,3149.0,0.0
10417,506124,134,1,209.0,0.0
10418,506125,114,1,1259.0,188.85
10419,506126,139,2,366.0,0.0
10420,506126,111,2,524.0,0.0
10421,506126,131,1,314.0,0.0
10422,506127,115,1,4199.0,0.0
10423,506128,112,1,1574.0,236.1
10424,506129,125,2,1364.0,0.0
10425,506129,117,1,3149.0,0.0
10426,506130,135,1,1574.0,0.0
10427,506131,123,1,3464.0,0.0
10428,506131,106,1,1574.0,0.0
10429,506132,113,1,1364.0,0.0
10430,506133,103,1,2624.0,0.0
10431,506134,118,1,944.0,0.0
10432,506134,114,1,1259.0,0.0
10433,506135,106,2,1574.0,472.2
10434,506136,114,1,1259.0,0.0
10435,506136,138,1,419.0,0.0
10436,506137,113,1,1364.0,0.0
10437,506137,137,1,261.0,0.0
10438,506138,123,1,3464.0,173.2
10439,506138,111,1,524.0,26.2
10440,506139,135,1,1574.0,0.0
10441,506139,137,1,261.0,0.0
10442,506139,115,1,4199.0,0.0
10443,506139,126,1,471.0,0.0
10444,506140,107,1,1259.0,0.0
10445,506141,133,1,419.0,0.0
10446,506142,117,1,3149.0,0.0
10447,506143,124,1,1154.0,0.0
10448,506144,128,1,1049.0,0.0
10449,506144,113,1,1364.0,0.0
10450,506145,130,1,734.0,0.0
10451,506146,111,1,524.0,78.6
10452,506146,124,1,1154.0,173.1
10453,506147,121,1,2939.0,146.95
10454,506147,117,2,3149.0,314.9
10455,506147,112,3,1574.0,236.1
10456,506148,110,1,839.0,0.0
10457,506149,138,1,419.0,0.0
10458,506150,111,1,524.0,0.0
10459,506150,118,1,944.0,0.0
10460,506150,106,2,1574.0,0.0
10461,506151,141,2,261.0,0.0
10462,506151,124,1,1154.0,0.0
10463,506152,126,2,471.0,141.3
10464,506152,117,3,3149.0,1417.05
10465,506152,102,1,3674.0,551.1
10466,506153,117,1,3149.0,0.0
10467,506154,115,1,4199.0,0.0
10468,506154,109,2,4199.0,0.0
10469,506154,124,1,1154.0,0.0
10470,506154,137,1,261.0,0.0
10471,506155,116,1,2624.0,393.6
10472,506156,131,1,314.0,0.0
10473,506156,117,2,3149.0,0.0
10474,506157,112,1,1574.0,0.0
10475,506157,130,1,734.0,0.0
10476,506157,127,1,681.0,0.0
10477,506158,117,1,3149.0,0.0
10478,506159,131,2,314.0,0.0
10479,506159,115,1,4199.0,0.0
10480,506159,109,1,4199.0,0.0
10481,506160,115,1,4199.0,0.0
10482,506161,119,2,2309.0,692.7
10483,506161,131,1,314.0,47.1
10484,506162,109,1,4199.0,0.0
10485,506163,116,1,2624.0,0.0
10486,506163,104,1,5249.0,0.0
10487,506164,114,2,1259.0,0.0
10488,506165,133,1,419.0,20.95
10489,506165,109,2,4199.0,419.9
10490,506165,110,1,839.0,41.95
10491,506165,103,1,2624.0,131.2
10492,506166,103,1,2624.0,0.0
10493,506167,118,1,944.0,0.0
10494,506167,104,2,5249.0,0.0
10495,506168,123,1,3464.0,0.0
10496,506169,117,1,3149.0,157.45
10497,506169,142,1,839.0,41.95
10498,506170,124,1,1154.0,0.0
10499,506170,130,1,734.0,0.0
10500,506171,120,1,734.0,0.0
10501,506172,141,1,261.0,0.0
10502,506172,108,1,419.0,0.0
10503,506173,118,2,944.0,0.0
10504,506173,119,1,2309.0,0.0
10505,506174,106,1,1574.0,0.0
10506,506174,101,1,2099.0,0.0
10507,506175,132,1,471.0,23.55
10508,506175,114,1,1259.0,62.95
10509,506176,141,1,261.0,13.05
10510,506177,126,1,471.0,0.0
10511,506178,127,1,681.0,0.0
10512,506179,109,1,4199.0,629.85
10513,506180,137,1,261.0,0.0
10514,506180,130,1,734.0,0.0
10515,506181,102,1,3674.0,0.0
10516,506181,124,1,1154.0,0.0
10517,506182,120,1,734.0,0.0
10518,506182,130,1,734.0,0.0
10519,506182,124,1,1154.0,0.0
10520,506182,114,1,1259.0,0.0
10521,506183,126,1,471.0,0.0
10522,506183,118,1,944.0,0.0
10523,506183,116,1,2624.0,0.0
10524,506184,128,2,1049.0,0.0
10525,506185,111,1,524.0,0.0
10526,506186,103,1,2624.0,393.6
10527,506187,127,1,681.0,0.0
10528,506187,125,1,1364.0,0.0
10529,506187,124,3,1154.0,0.0
10530,506187,131,2,314.0,0.0
10531,506188,117,1,3149.0,0.0
10532,506189,107,1,1259.0,0.0
10533,506190,117,2,3149.0,944.7
10534,506190,104,1,5249.0,787.35
10535,506190,140,1,629.0,94.35
10536,506191,114,1,1259.0,0.0
10537,506191,147,1,1364.0,0.0
10538,506192,132,1,471.0,0.0
10539,506193,111,3,524.0,0.0
10540,506194,106,2,1574.0,0.0
10541,506195,112,1,1574.0,0.0
10542,506196,108,1,419.0,62.85
10543,506196,112,1,1574.0,236.1
10544,506196,126,1,471.0,70.65
10545,506197,111,1,524.0,0.0
10546,506198,144,1,3149.0,0.0
10547,506199,147,1,1364.0,0.0
10548,506200,116,1,2624.0,0.0
10549,506200,143,3,839.0,0.0
10550,506200,130,1,734.0,0.0
10551,506201,116,1,2624.0,131.2
10552,506202,120,1,734.0,0.0
10553,506203,128,1,1049.0,0.0
10554,506203,126,1,471.0,0.0
10555,506204,127,2,681.0,0.0
10556,506204,106,1,1574.0,0.0
10557,506205,111,1,524.0,78.6
10558,506206,138,1,419.0,0.0
10559,506207,104,2,5249.0,0.0
10560,506208,120,2,734.0,0.0
10561,506208,116,2,2624.0,0.0
10562,506209,105,1,2414.0,0.0
10563,506209,135,1,1574.0,0.0
10564,506209,134,1,209.0,0.0
10565,506210,112,1,1574.0,0.0
10566,506210,121,1,2939.0,0.0
10567,506210,143,1,839.0,0.0
10568,506210,102,1,3674.0,0.0
10569,506211,108,1,419.0,0.0
10570,506212,108,1,419.0,62.85
10571,506212,131,1,314.0,47.1
10572,506213,113,2,1364.0,0.0
10573,506214,127,1,681.0,34.05
10574,506215,114,2,1259.0,0.0
10575,506215,118,1,944.0,0.0
10576,506216,137,1,261.0,0.0
10577,506216,102,1,3674.0,0.0
10578,506217,140,3,629.0,0.0
10579,506217,143,1,839.0,0.0
10580,506217,144,3,3149.0,0.0
10581,506218,108,1,419.0,0.0
10582,506219,124,1,1154.0,0.0
10583,506220,103,1,2624.0,0.0
10584,506221,142,1,839.0,0.0
10585,506221,116,1,2624.0,0.0
10586,506221,135,2,1574.0,0.0
10587,506221,141,1,261.0,0.0
10588,506222,131,1,314.0,0.0
10589,506223,117,1,3149.0,0.0
10590,506223,147,2,1364.0,0.0
10591,506224,116,1,2624.0,0.0
10592,506224,108,3,419.0,0.0
10593,506225,131,1,314.0,47.1
10594,506226,118,1,944.0,0.0
10595,506226,143,1,839.0,0.0
10596,506227,135,1,1574.0,78.7
10597,506227,113,1,1364.0,68.2
10598,506227,118,1,944.0,47.2
10599,506228,124,1,1154.0,173.1
10600,506229,107,1,1259.0,0.0
10601,506229,111,1,524.0,0.0
10602,506230,120,1,734.0,0.0
10603,506230,111,1,524.0,0.0
10604,506231,103,1,2624.0,0.0
10605,506232,106,1,1574.0,0.0
10606,506232,121,2,2939.0,0.0
10607,506232,107,1,1259.0,0.0
10608,506232,111,1,524.0,0.0
10609,506233,137,1,261.0,0.0
10610,506234,116,1,2624.0,393.6
10611,506234,113,1,1364.0,204.6
10612,506234,131,1,314.0,47.1
10613,506235,106,1,1574.0,236.1
10614,506236,106,1,1574.0,0.0
10615,506236,144,1,3149.0,0.0
10616,506237,136,1,944.0,47.2
10617,506238,102,1,3674.0,0.0
10618,506239,120,2,734.0,0.0
10619,506240,111,1,524.0,0.0
10620,506240,114,1,1259.0,0.0
10621,506241,111,2,524.0,52.4
10622,506242,119,2,2309.0,0.0
10623,506243,111,1,524.0,0.0
10624,506243,117,2,3149.0,0.0
10625,506243,148,1,734.0,0.0
10626,506244,114,1,1259.0,0.0
10627,506245,116,1,2624.0,0.0
10628,506245,103,1,2624.0,0.0
10629,506246,102,1,3674.0,551.1
10630,506247,138,1,419.0,62.85
10631,506248,105,1,2414.0,362.1
10632,506249,120,1,734.0,0.0
10633,506250,148,1,734.0,110.1
10634,506250,128,1,1049.0,157.35
10635,506250,111,1,524.0,78.6
10636,506251,113,1,1364.0,0.0
10637,506251,146,1,4724.0,0.0
10638,506252,141,1,261.0,0.0
10639,506252,119,2,2309.0,0.0
10640,506253,111,1,524.0,78.6
10641,506253,102,1,3674.0,551.1
10642,506254,103,1,2624.0,0.0
10643,506255,116,1,2624.0,131.2
10644,506256,107,1,1259.0,0.0
10645,506257,126,1,471.0,0.0
10646,506258,124,1,1154.0,57.7
10647,506259,136,1,944.0,141.6
10648,506259,135,1,1574.0,236.1
10649,506259,101,3,2099.0,944.55
10650,506259,109,2,4199.0,1259.7
10651,506260,123,1,3464.0,0.0
10652,506260,132,1,471.0,0.0
10653,506261,109,1,4199.0,0.0
10654,506262,107,1,1259.0,0.0
10655,506263,113,1,1364.0,0.0
10656,506264,137,2,261.0,0.0
10657,506264,111,1,524.0,0.0
10658,506264,131,1,314.0,0.0
10659,506264,128,1,1049.0,0.0
10660,506265,141,1,261.0,0.0
10661,506265,134,2,209.0,0.0
10662,506266,127,1,681.0,0.0
10663,506266,148,1,734.0,0.0
10664,506267,109,2,4199.0,1259.7
10665,506268,122,2,1994.0,0.0
10666,506269,139,1,366.0,0.0
10667,506270,117,1,3149.0,0.0
10668,506270,134,2,209.0,0.0
10669,506271,101,1,2099.0,0.0
10670,506271,118,1,944.0,0.0
10671,506271,105,1,2414.0,0.0
10672,506272,144,1,3149.0,0.0
10673,506272,108,3,419.0,0.0
10674,506272,104,1,5249.0,0.0
10675,506273,103,2,2624.0,0.0
10676,506274,115,2,4199.0,0.0
10677,506275,104,2,5249.0,0.0
10678,506275,112,1,1574.0,0.0
10679,506275,130,1,734.0,0.0
10680,506275,117,1,3149.0,0.0
10681,506276,133,1,419.0,20.95
10682,506276,143,1,839.0,41.95
10683,506277,113,1,1364.0,204.6
10684,506278,130,1,734.0,0.0
10685,506279,111,1,524.0,78.6
10686,506280,122,1,1994.0,0.0
10687,506281,137,1,261.0,0.0
10688,506281,112,1,1574.0,0.0
10689,506282,117,1,3149.0,0.0
10690,506283,112,1,1574.0,0.0
10691,506284,116,1,2624.0,0.0
10692,506285,101,3,2099.0,0.0
10693,506286,111,1,524.0,0.0
10694,506286,137,1,261.0,0.0
10695,506287,138,1,419.0,0.0
10696,506288,125,1,1364.0,0.0
10697,506288,118,1,944.0,0.0
10698,506289,118,1,944.0,0.0
10699,506290,111,2,524.0,0.0
10700,506290,118,2,944.0,0.0
10701,506290,130,2,734.0,0.0
10702,506291,104,2,5249.0,0.0
10703,506292,127,1,681.0,0.0
10704,506293,101,1,2099.0,314.85
10705,506294,124,1,1154.0,0.0
10706,506295,131,1,314.0,47.1
10707,506295,126,1,471.0,70.65
10708,506295,147,1,1364.0,204.6
10709,506296,143,1,839.0,125.85
10710,506296,135,1,1574.0,236.1
10711,506297,109,1,4199.0,0.0
10712,506297,111,1,524.0,0.0
10713,506298,142,1,839.0,125.85
10714,506299,109,3,4199.0,0.0
10715,506299,143,1,839.0,0.0
10716,506300,103,1,2624.0,393.6
10717,506301,138,3,419.0,0.0
10718,506302,117,1,3149.0,0.0
10719,506302,135,2,1574.0,0.0
10720,506303,118,1,944.0,0.0
10721,506304,104,1,5249.0,0.0
10722,506305,118,2,944.0,283.2
10723,506306,106,3,1574.0,0.0
10724,506307,116,2,2624.0,0.0
10725,506308,140,1,629.0,0.0
10726,506309,141,1,261.0,39.15
10727,506310,128,1,1049.0,52.45
10728,506311,109,2,4199.0,0.0
10729,506312,136,1,944.0,0.0
10730,506313,134,1,209.0,31.35
10731,506314,104,2,5249.0,0.0
10732,506314,113,1,1364.0,0.0
10733,506314,109,1,4199.0,0.0
10734,506315,124,2,1154.0,0.0
10735,506316,116,1,2624.0,0.0
10736,506317,116,2,2624.0,787.2
10737,506317,120,2,734.0,220.2
10738,506318,117,1,3149.0,0.0
10739,506318,129,1,576.0,0.0
10740,506319,113,1,1364.0,0.0
10741,506320,118,3,944.0,0.0
10742,506321,120,1,734.0,110.1
10743,506322,120,2,734.0,220.2
10744,506322,112,1,1574.0,236.1
10745,506323,123,1,3464.0,519.6
10746,506324,116,1,2624.0,0.0
10747,506324,111,1,524.0,0.0
10748,506325,118,3,944.0,0.0
10749,506326,122,1,1994.0,0.0
10750,506326,104,2,5249.0,0.0
10751,506327,116,1,2624.0,131.2
10752,506328,107,1,1259.0,188.85
10753,506329,111,1,524.0,0.0
10754,506329,134,1,209.0,0.0
10755,506329,144,3,3149.0,0.0
10756,506330,135,1,1574.0,0.0
10757,506330,112,1,1574.0,0.0
10758,506331,121,1,2939.0,146.95
10759,506331,116,1,2624.0,131.2
10760,506331,102,2,3674.0,367.4
10761,506332,107,2,1259.0,377.7
10762,506333,122,1,1994.0,299.1
10763,506333,105,1,2414.0,362.1
10764,506333,115,2,4199.0,1259.7
10765,506333,112,1,1574.0,236.1
10766,506334,127,1,681.0,0.0
10767,506335,111,2,524.0,157.2
10768,506336,114,1,1259.0,188.85
10769,506337,144,1,3149.0,0.0
10770,506338,111,1,524.0,0.0
10771,506338,110,2,839.0,0.0
10772,506339,127,1,681.0,0.0
10773,506340,148,1,734.0,0.0
10774,506340,144,1,3149.0,0.0
10775,506340,140,3,629.0,0.0
10776,506340,134,1,209.0,0.0
10777,506341,111,1,524.0,0.0
10778,506342,120,1,734.0,0.0
10779,506342,124,1,1154.0,0.0
10780,506343,118,1,944.0,0.0
10781,506343,104,1,5249.0,0.0
10782,506344,114,1,1259.0,62.95
10783,506344,106,1,1574.0,78.7
10784,506344,118,1,944.0,47.2
10785,506345,136,1,944.0,0.0
10786,506346,146,1,4724.0,0.0
10787,506347,135,1,1574.0,0.0
10788,506348,126,1,471.0,0.0
10789,506349,117,1,3149.0,0.0
10790,506350,108,1,419.0,62.85
10791,506350,112,2,1574.0,472.2
10792,506351,116,1,2624.0,393.6
10793,506352,116,1,2624.0,0.0
10794,506353,107,1,1259.0,0.0
10795,506353,123,1,3464.0,0.0
10796,506354,109,1,4199.0,0.0
10797,506354,117,1,3149.0,0.0
10798,506355,124,1,1154.0,0.0
10799,506356,138,1,419.0,62.85
10800,506356,144,1,3149.0,472.35
10801,506356,127,1,681.0,102.15
10802,506357,116,1,2624.0,0.0
10803,506358,133,1,419.0,0.0
10804,506358,123,1,3464.0,0.0
10805,506358,124,1,1154.0,0.0
10806,506358,102,1,3674.0,0.0
10807,506359,109,1,4199.0,0.0
10808,506359,103,2,2624.0,0.0
10809,506360,109,1,4199.0,0.0
10810,506361,104,1,5249.0,0.0
10811,506362,117,1,3149.0,0.0
10812,506363,108,1,419.0,0.0
10813,506364,142,1,839.0,0.0
10814,506364,112,1,1574.0,0.0
10815,506365,104,3,5249.0,0.0
10816,506366,117,1,3149.0,472.35
10817,506366,124,2,1154.0,346.2
10818,506367,148,1,734.0,0.0
10819,506367,105,1,2414.0,0.0
10820,506368,144,1,3149.0,0.0
10821,506368,129,1,576.0,0.0
10822,506369,102,3,3674.0,0.0
10823,506370,109,1,4199.0,0.0
10824,506371,105,1,2414.0,120.7
10825,506372,111,1,524.0,78.6
10826,506373,113,1,1364.0,0.0
10827,506374,147,2,1364.0,136.4
10828,506375,114,1,1259.0,62.95
10829,506376,144,1,3149.0,0.0
10830,506376,113,1,1364.0,0.0
10831,506377,102,1,3674.0,0.0
10832,506377,111,1,524.0,0.0
10833,506377,140,2,629.0,0.0
10834,506378,118,1,944.0,0.0
10835,506379,137,1,261.0,0.0
10836,506379,110,1,839.0,0.0
10837,506379,104,1,5249.0,0.0
10838,506379,131,1,314.0,0.0
10839,506380,116,1,2624.0,393.6
10840,506381,116,1,2624.0,393.6
10841,506381,117,1,3149.0,472.35
10842,506382,115,2,4199.0,0.0
10843,506383,147,1,1364.0,0.0
10844,506383,120,1,734.0,0.0
10845,506383,122,1,1994.0,0.0
10846,506384,103,1,2624.0,0.0
10847,506385,130,1,734.0,0.0
10848,506386,114,1,1259.0,188.85
10849,506387,111,2,524.0,157.2
10850,506387,107,1,1259.0,188.85
10851,506388,113,1,1364.0,0.0
10852,506389,118,1,944.0,141.6
10853,506390,131,1,314.0,0.0
10854,506390,127,1,681.0,0.0
10855,506391,120,1,734.0,110.1
10856,506391,147,2,1364.0,409.2
10857,506392,101,1,2099.0,0.0
10858,506392,133,1,419.0,0.0
10859,506392,106,1,1574.0,0.0
10860,506393,133,1,419.0,0.0
10861,506394,113,1,1364.0,204.6
10862,506395,108,3,419.0,0.0
10863,506395,113,1,1364.0,0.0
10864,506396,106,1,1574.0,78.7
10865,506397,102,2,3674.0,0.0
10866,506398,128,1,1049.0,0.0
10867,506399,115,1,4199.0,629.85
10868,506399,116,1,2624.0,393.6
10869,506399,114,1,1259.0,188.85
10870,506400,118,2,944.0,94.4
10871,506401,113,2,1364.0,0.0
10872,506402,147,1,1364.0,0.0
10873,506403,121,1,2939.0,440.85
10874,506404,107,1,1259.0,0.0
10875,506405,131,1,314.0,15.7
10876,506405,116,1,2624.0,131.2
10877,506406,105,2,2414.0,0.0
10878,506407,110,1,839.0,0.0
10879,506408,120,1,734.0,0.0
10880,506409,126,1,471.0,0.0
10881,506409,148,2,734.0,0.0
10882,506410,108,1,419.0,62.85
10883,506410,107,1,1259.0,188.85
10884,506410,115,1,4199.0,629.85
10885,506411,114,1,1259.0,0.0
10886,506412,118,1,944.0,0.0
10887,506412,116,1,2624.0,0.0
10888,506412,104,1,5249.0,0.0
10889,506412,113,1,1364.0,0.0
10890,506413,103,1,2624.0,393.6
10891,506413,137,1,261.0,39.15
10892,506413,111,1,524.0,78.6
10893,506414,113,2,1364.0,0.0
10894,506415,140,1,629.0,0.0
10895,506415,130,1,734.0,0.0
10896,506415,120,2,734.0,0.0
10897,506416,103,1,2624.0,0.0
10898,506416,147,2,1364.0,0.0
10899,506417,123,2,3464.0,0.0
10900,506418,125,2,1364.0,0.0
10901,506419,108,1,419.0,62.85
10902,506420,118,1,944.0,0.0
10903,506420,120,1,734.0,0.0
10904,506421,114,1,1259.0,0.0
10905,506421,109,1,4199.0,0.0
10906,506422,112,1,1574.0,0.0
10907,506423,114,1,1259.0,0.0
10908,506424,119,1,2309.0,0.0
10909,506424,118,1,944.0,0.0
10910,506425,105,1,2414.0,0.0
10911,506425,141,1,261.0,0.0
10912,506426,110,2,839.0,251.7
10913,506427,114,1,1259.0,188.85
10914,506427,142,3,839.0,377.55
10915,506427,139,1,366.0,54.9
10916,506428,104,1,5249.0,0.0
10917,506429,116,1,2624.0,393.6
10918,506429,108,1,419.0,62.85
10919,506430,147,1,1364.0,0.0
10920,506431,116,1,2624.0,0.0
10921,506432,111,1,524.0,0.0
10922,506432,139,1,366.0,0.0
10923,506433,113,1,1364.0,68.2
10924,506433,104,2,5249.0,524.9
10925,506434,117,1,3149.0,0.0
10926,506435,113,1,1364.0,204.6
10927,506436,112,1,1574.0,0.0
10928,506437,130,1,734.0,0.0
10929,506437,102,2,3674.0,0.0
10930,506438,139,1,366.0,0.0
10931,506438,136,1,944.0,0.0
10932,506438,137,2,261.0,0.0
10933,506439,118,3,944.0,0.0
10934,506439,111,3,524.0,0.0
10935,506440,122,3,1994.0,0.0
10936,506440,104,1,5249.0,0.0
10937,506440,113,1,1364.0,0.0
10938,506441,117,1,3149.0,0.0
10939,506441,123,1,3464.0,0.0
10940,506441,132,1,471.0,0.0
10941,506441,136,1,944.0,0.0
10942,506442,133,3,419.0,0.0
10943,506442,122,1,1994.0,0.0
10944,506443,118,2,944.0,0.0
10945,506443,127,1,681.0,0.0
10946,506444,120,1,734.0,110.1
10947,506445,131,2,314.0,0.0
10948,506446,109,1,4199.0,629.85
10949,506446,137,1,261.0,39.15
10950,506447,143,3,839.0,0.0
10951,506447,105,1,2414.0,0.0
10952,506448,112,1,1574.0,236.1
10953,506449,118,1,944.0,0.0
10954,506449,107,1,1259.0,0.0
10955,506449,103,1,2624.0,0.0
10956,506450,117,3,3149.0,472.35
10957,506450,130,1,734.0,36.7
10958,506450,107,2,1259.0,125.9
10959,506450,115,1,4199.0,209.95
10960,506451,133,1,419.0,0.0
10961,506451,117,2,3149.0,0.0
10962,506452,148,1,734.0,0.0
10963,506453,110,1,839.0,0.0
10964,506454,113,1,1364.0,0.0
10965,506455,129,1,576.0,86.4
10966,506455,120,1,734.0,110.1
10967,506455,137,1,261.0,39.15
10968,506455,107,2,1259.0,377.7
10969,506456,101,1,2099.0,314.85
10970,506457,147,1,1364.0,0.0
10971,506458,101,2,2099.0,629.7
10972,506459,117,1,3149.0,157.45
10973,506459,137,1,261.0,13.05
10974,506460,135,1,1574.0,0.0
10975,506460,118,2,944.0,0.0
10976,506461,137,1,261.0,0.0
10977,506462,117,1,3149.0,0.0
10978,506463,116,1,2624.0,393.6
10979,506464,124,3,1154.0,0.0
10980,506464,109,2,4199.0,0.0
10981,506465,103,1,2624.0,131.2
10982,506466,115,1,4199.0,0.0
10983,506466,104,1,5249.0,0.0
10984,506467,141,1,261.0,39.15
10985,506468,140,2,629.0,0.0
10986,506469,133,2,419.0,125.7
10987,506469,105,2,2414.0,724.2
10988,506469,112,1,1574.0,236.1
10989,506470,112,1,1574.0,0.0
10990,506470,113,1,1364.0,0.0
10991,506471,103,1,2624.0,393.6
10992,506472,116,2,2624.0,0.0
10993,506473,127,3,681.0,0.0
10994,506474,132,1,471.0,0.0
10995,506475,104,1,5249.0,0.0
10996,506475,108,2,419.0,0.0
10997,506476,135,1,1574.0,0.0
10998,506477,128,1,1049.0,0.0
10999,506478,120,1,734.0,0.0
11000,506478,105,1,2414.0,0.0
11001,506478,112,1,1574.0,0.0
11002,506479,108,1,419.0,0.0
11003,506479,116,1,2624.0,0.0
11004,506480,102,1,3674.0,0.0
11005,506480,122,1,1994.0,0.0
11006,506481,148,1,734.0,0.0
11007,506481,107,1,1259.0,0.0
11008,506482,121,1,2939.0,146.95
11009,506482,111,1,524.0,26.2
11010,506483,111,1,524.0,0.0
11011,506484,115,1,4199.0,629.85
11012,506484,113,1,1364.0,204.6
11013,506485,101,3,2099.0,944.55
11014,506485,116,1,2624.0,393.6
11015,506486,117,1,3149.0,0.0
11016,506487,147,1,1364.0,204.6
11017,506487,110,1,839.0,125.85
11018,506488,107,1,1259.0,0.0
11019,506488,124,2,1154.0,0.0
11020,506489,120,1,734.0,0.0
11021,506490,113,1,1364.0,204.6
11022,506490,131,2,314.0,94.2
11023,506491,122,1,1994.0,0.0
11024,506492,116,1,2624.0,0.0
11025,506492,121,1,2939.0,0.0
11026,506493,139,1,366.0,54.9
11027,506494,141,3,261.0,0.0
11028,506495,137,1,261.0,0.0
11029,506496,104,1,5249.0,787.35
11030,506497,130,1,734.0,0.0
11031,506497,133,2,419.0,0.0
11032,506498,125,3,1364.0,0.0
11033,506499,141,1,261.0,0.0
11034,506500,124,1,1154.0,57.7
11035,506500,126,1,471.0,23.55
11036,506501,120,3,734.0,0.0
11037,506502,130,2,734.0,220.2
11038,506503,104,1,5249.0,0.0
11039,506503,134,2,209.0,0.0
11040,506504,104,1,5249.0,0.0
11041,506505,108,1,419.0,0.0
11042,506505,130,1,734.0,0.0
11043,506506,104,3,5249.0,0.0
11044,506506,113,1,1364.0,0.0
11045,506507,102,1,3674.0,551.1
11046,506508,113,1,1364.0,0.0
11047,506508,119,2,2309.0,0.0
11048,506509,111,1,524.0,0.0
11049,506509,116,1,2624.0,0.0
11050,506509,147,1,1364.0,0.0
11051,506510,101,1,2099.0,0.0
11052,506511,142,1,839.0,0.0
11053,506511,128,1,1049.0,0.0
11054,506511,141,2,261.0,0.0
11055,506512,111,1,524.0,78.6
11056,506512,127,2,681.0,204.3
11057,506513,136,1,944.0,0.0
11058,506514,145,1,629.0,94.35
11059,506515,139,2,366.0,109.8
11060,506516,102,1,3674.0,0.0
11061,506517,125,3,1364.0,613.8
11062,506518,144,1,3149.0,0.0
11063,506518,107,1,1259.0,0.0
11064,506518,120,1,734.0,0.0
11065,506519,120,1,734.0,0.0
11066,506519,139,1,366.0,0.0
11067,506520,106,1,1574.0,0.0
11068,506521,148,2,734.0,0.0
11069,506522,120,1,734.0,0.0
11070,506523,128,1,1049.0,0.0
11071,506524,107,1,1259.0,0.0
11072,506525,112,2,1574.0,0.0
11073,506525,124,1,1154.0,0.0
11074,506526,113,1,1364.0,204.6
11075,506527,109,1,4199.0,0.0
11076,506528,120,2,734.0,0.0
11077,506529,145,1,629.0,0.0
11078,506529,132,2,471.0,0.0
11079,506529,123,2,3464.0,0.0
11080,506530,119,2,2309.0,0.0
11081,506530,120,1,734.0,0.0
11082,506530,127,1,681.0,0.0
11083,506531,133,1,419.0,0.0
11084,506532,121,1,2939.0,146.95
11085,506533,116,3,2624.0,1180.8
11086,506533,112,1,1574.0,236.1
11087,506534,113,1,1364.0,0.0
11088,506534,117,2,3149.0,0.0
11089,506534,124,3,1154.0,0.0
11090,506535,114,1,1259.0,188.85
11091,506536,112,3,1574.0,0.0
11092,506536,127,1,681.0,0.0
11093,506537,113,2,1364.0,0.0
11094,506537,119,1,2309.0,0.0
11095,506537,109,1,4199.0,0.0
11096,506537,111,1,524.0,0.0
11097,506538,136,2,944.0,0.0
11098,506539,111,1,524.0,0.0
11099,506540,135,1,1574.0,0.0
11100,506541,137,2,261.0,0.0
11101,506541,118,1,944.0,0.0
11102,506542,120,1,734.0,0.0
11103,506542,114,1,1259.0,0.0
11104,506542,138,1,419.0,0.0
11105,506543,126,1,471.0,0.0
11106,506544,123,1,3464.0,0.0
11107,506545,116,1,2624.0,393.6
11108,506545,128,1,1049.0,157.35
11109,506546,108,2,419.0,125.7
11110,506547,109,1,4199.0,209.95
11111,506548,137,1,261.0,0.0
11112,506549,120,1,734.0,110.1
11113,506549,112,1,1574.0,236.1
11114,506550,112,2,1574.0,0.0
11115,506551,136,1,944.0,0.0
11116,506552,134,2,209.0,0.0
11117,506553,146,1,4724.0,236.2
11118,506554,116,1,2624.0,0.0
11119,506554,119,3,2309.0,0.0
11120,506554,130,1,734.0,0.0
11121,506555,130,1,734.0,110.1
11122,506556,112,1,1574.0,0.0
11123,506557,111,1,524.0,78.6
11124,506558,108,2,419.0,0.0
11125,506559,126,1,471.0,0.0
11126,506560,128,1,1049.0,0.0
11127,506560,107,1,1259.0,0.0
11128,506560,133,1,419.0,0.0
11129,506561,131,1,314.0,0.0
11130,506562,109,1,4199.0,629.85
11131,506563,102,1,3674.0,0.0
11132,506563,120,2,734.0,0.0
11133,506564,103,1,2624.0,0.0
11134,506565,138,1,419.0,0.0
11135,506566,128,1,1049.0,157.35
11136,506567,103,1,2624.0,0.0
11137,506568,104,1,5249.0,787.35
11138,506569,107,1,1259.0,0.0
11139,506570,124,2,1154.0,0.0
11140,506571,128,1,1049.0,0.0
11141,506571,105,2,2414.0,0.0
11142,506572,111,1,524.0,78.6
11143,506573,126,3,471.0,0.0
11144,506574,129,1,576.0,0.0
11145,506575,104,1,5249.0,0.0
11146,506575,134,1,209.0,0.0
11147,506575,138,2,419.0,0.0
11148,506576,120,1,734.0,0.0
11149,506577,117,2,3149.0,0.0
11150,506578,115,1,4199.0,0.0
11151,506579,143,1,839.0,0.0
11152,506579,137,1,261.0,0.0
11153,506580,118,1,944.0,0.0
11154,506580,133,1,419.0,0.0
11155,506580,123,1,3464.0,0.0
11156,506580,142,1,839.0,0.0
11157,506581,120,1,734.0,0.0
11158,506581,124,1,1154.0,0.0
11159,506582,115,1,4199.0,629.85
11160,506583,112,1,1574.0,0.0
11161,506584,118,2,944.0,0.0
11162,506584,120,1,734.0,0.0
11163,506585,107,3,1259.0,0.0
11164,506586,109,1,4199.0,0.0
11165,506586,125,3,1364.0,0.0
11166,506586,131,1,314.0,0.0
11167,506587,113,1,1364.0,0.0
11168,506588,112,1,1574.0,0.0
11169,506589,113,1,1364.0,0.0
11170,506589,121,1,2939.0,0.0
11171,506590,114,1,1259.0,0.0
11172,506590,148,3,734.0,0.0
11173,506590,141,1,261.0,0.0
11174,506591,127,1,681.0,0.0
11175,506591,115,1,4199.0,0.0
11176,506592,102,1,3674.0,0.0
11177,506592,108,1,419.0,0.0
11178,506593,111,1,524.0,26.2
11179,506594,147,1,1364.0,0.0
11180,506594,130,1,734.0,0.0
11181,506594,138,1,419.0,0.0
11182,506595,114,1,1259.0,0.0
11183,506596,120,1,734.0,110.1
11184,506597,107,1,1259.0,62.95
11185,506597,103,1,2624.0,131.2
11186,506598,134,1,209.0,0.0
11187,506599,125,1,1364.0,0.0
11188,506599,105,1,2414.0,0.0
11189,506600,117,1,3149.0,472.35
11190,506601,128,2,1049.0,0.0
11191,506602,119,2,2309.0,692.7
11192,506602,135,2,1574.0,472.2
11193,506603,126,1,471.0,0.0
11194,506603,124,1,1154.0,0.0
11195,506604,101,1,2099.0,0.0
11196,506605,117,1,3149.0,157.45
11197,506606,111,1,524.0,78.6
11198,506607,108,1,419.0,0.0
11199,506608,120,1,734.0,0.0
11200,506609,107,2,1259.0,0.0
11201,506609,112,2,1574.0,0.0
11202,506610,118,1,944.0,0.0
11203,506611,105,1,2414.0,0.0
11204,506611,121,1,2939.0,0.0
11205,506612,109,1,4199.0,0.0
11206,506612,147,1,1364.0,0.0
11207,506613,137,1,261.0,39.15
11208,506613,104,1,5249.0,787.35
11209,506613,106,2,1574.0,472.2
11210,506614,130,2,734.0,0.0
11211,506615,103,1,2624.0,131.2
11212,506615,107,1,1259.0,62.95
11213,506615,135,2,1574.0,157.4
11214,506615,126,1,471.0,23.55
11215,506616,111,1,524.0,26.2
11216,506617,122,1,1994.0,0.0
11217,506617,129,1,576.0,0.0
11218,506617,145,1,629.0,0.0
11219,506618,101,1,2099.0,0.0
11220,506618,140,1,629.0,0.0
11221,506618,145,1,629.0,0.0
11222,506619,142,1,839.0,0.0
11223,506620,115,1,4199.0,0.0
11224,506621,104,1,5249.0,0.0
11225,506621,110,1,839.0,0.0
11226,506621,123,2,3464.0,0.0
11227,506622,128,1,1049.0,0.0
11228,506622,123,1,3464.0,0.0
11229,506622,113,2,1364.0,0.0
11230,506623,147,1,1364.0,0.0
11231,506624,104,1,5249.0,787.35
11232,506625,126,1,471.0,70.65
11233,506626,133,1,419.0,0.0
11234,506627,119,2,2309.0,0.0
11235,506628,144,1,3149.0,157.45
11236,506629,116,1,2624.0,0.0
11237,506629,134,1,209.0,0.0
11238,506630,108,1,419.0,0.0
11239,506631,106,2,1574.0,472.2
11240,506631,102,1,3674.0,551.1
11241,506632,141,1,261.0,0.0
11242,506632,110,2,839.0,0.0
11243,506633,131,1,314.0,0.0
11244,506634,116,1,2624.0,0.0
11245,506635,107,1,1259.0,188.85
11246,506635,116,1,2624.0,393.6
11247,506636,103,1,2624.0,131.2
11248,506637,119,1,2309.0,0.0
11249,506637,110,1,839.0,0.0
11250,506638,103,1,2624.0,393.6
11251,506639,115,1,4199.0,0.0
11252,506639,138,1,419.0,0.0
11253,506639,128,1,1049.0,0.0
11254,506639,124,1,1154.0,0.0
11255,506640,109,1,4199.0,0.0
11256,506641,121,1,2939.0,440.85
11257,506642,120,1,734.0,0.0
11258,506643,111,1,524.0,26.2
11259,506644,119,1,2309.0,0.0
11260,506644,103,1,2624.0,0.0
11261,506645,128,2,1049.0,314.7
11262,506645,104,1,5249.0,787.35
11263,506646,130,1,734.0,0.0
11264,506646,115,1,4199.0,0.0
11265,506647,112,1,1574.0,0.0
11266,506647,115,2,4199.0,0.0
11267,506648,107,1,1259.0,0.0
11268,506648,110,1,839.0,0.0
11269,506649,134,1,209.0,0.0
11270,506650,118,1,944.0,0.0
11271,506650,138,1,419.0,0.0
11272,506650,107,1,1259.0,0.0
11273,506650,135,1,1574.0,0.0
11274,506651,131,3,314.0,0.0
11275,506652,116,1,2624.0,0.0
11276,506653,128,1,1049.0,0.0
11277,506653,134,1,209.0,0.0
11278,506653,121,1,2939.0,0.0
11279,506654,109,1,4199.0,0.0
11280,506654,120,2,734.0,0.0
11281,506655,111,1,524.0,0.0
11282,506655,118,1,944.0,0.0
11283,506655,113,1,1364.0,0.0
11284,506656,124,1,1154.0,57.7
11285,506656,119,1,2309.0,115.45
11286,506657,114,1,1259.0,0.0
11287,506658,117,1,3149.0,0.0
11288,506659,120,1,734.0,110.1
11289,506660,147,1,1364.0,0.0
11290,506661,126,1,471.0,0.0
11291,506661,147,1,1364.0,0.0
11292,506662,134,1,209.0,31.35
11293,506662,141,1,261.0,39.15
11294,506663,125,1,1364.0,0.0
11295,506663,143,1,839.0,0.0
11296,506664,109,2,4199.0,0.0
11297,506664,126,1,471.0,0.0
11298,506664,117,1,3149.0,0.0
11299,506665,110,1,839.0,0.0
11300,506666,106,1,1574.0,0.0
11301,506667,128,1,1049.0,157.35
11302,506668,113,1,1364.0,0.0
11303,506668,119,1,2309.0,0.0
11304,506669,104,3,5249.0,0.0
11305,506669,107,1,1259.0,0.0
11306,506670,129,1,576.0,86.4
11307,506670,147,2,1364.0,409.2
11308,506670,146,1,4724.0,708.6
11309,506670,118,1,944.0,141.6
11310,506671,114,1,1259.0,188.85
11311,506672,126,1,471.0,0.0
11312,506673,114,1,1259.0,0.0
11313,506674,124,1,1154.0,0.0
11314,506674,117,1,3149.0,0.0
11315,506674,111,2,524.0,0.0
11316,506674,103,1,2624.0,0.0
11317,506675,134,1,209.0,0.0
11318,506676,114,2,1259.0,0.0
11319,506676,117,1,3149.0,0.0
11320,506676,126,1,471.0,0.0
11321,506677,144,1,3149.0,157.45
11322,506678,112,1,1574.0,236.1
11323,506679,133,1,419.0,62.85
11324,506679,126,1,471.0,70.65
11325,506679,119,1,2309.0,346.35
11326,506680,112,1,1574.0,0.0
11327,506681,129,1,576.0,0.0
11328,506681,114,1,1259.0,0.0
11329,506682,128,2,1049.0,0.0
11330,506683,127,1,681.0,102.15
11331,506683,109,2,4199.0,1259.7
11332,506684,128,1,1049.0,157.35
11333,506685,116,1,2624.0,0.0
11334,506686,118,1,944.0,0.0
11335,506687,124,1,1154.0,0.0
11336,506688,118,1,944.0,0.0
11337,506689,118,1,944.0,141.6
11338,506689,107,2,1259.0,377.7
11339,506690,102,1,3674.0,0.0
11340,506690,129,2,576.0,0.0
11341,506691,112,1,1574.0,78.7
11342,506692,102,1,3674.0,183.7
11343,506692,109,2,4199.0,419.9
11344,506693,108,1,419.0,0.0
11345,506693,109,1,4199.0,0.0
11346,506694,114,1,1259.0,0.0
11347,506694,101,1,2099.0,0.0
11348,506695,108,2,419.0,0.0
11349,506695,118,1,944.0,0.0
11350,506696,109,1,4199.0,0.0
11351,506696,108,1,419.0,0.0
11352,506697,109,1,4199.0,629.85
11353,506698,106,1,1574.0,236.1
11354,506699,108,3,419.0,0.0
11355,506700,127,2,681.0,0.0
11356,506701,111,1,524.0,26.2
11357,506701,115,1,4199.0,209.95
11358,506702,114,1,1259.0,0.0
11359,506702,121,1,2939.0,0.0
11360,506702,141,1,261.0,0.0
11361,506703,128,1,1049.0,0.0
11362,506704,125,1,1364.0,0.0
11363,506704,104,1,5249.0,0.0
11364,506705,137,1,261.0,0.0
11365,506706,137,1,261.0,0.0
11366,506706,123,1,3464.0,0.0
11367,506706,108,1,419.0,0.0
11368,506707,106,1,1574.0,0.0
11369,506708,133,1,419.0,62.85
11370,506709,117,1,3149.0,0.0
11371,506709,141,1,261.0,0.0
11372,506710,121,1,2939.0,0.0
11373,506710,132,1,471.0,0.0
11374,506711,101,1,2099.0,314.85
11375,506711,132,1,471.0,70.65
11376,506712,109,1,4199.0,0.0
11377,506712,133,3,419.0,0.0
11378,506713,126,1,471.0,0.0
11379,506713,122,2,1994.0,0.0
11380,506714,148,1,734.0,0.0
11381,506714,132,1,471.0,0.0
11382,506714,123,1,3464.0,0.0
11383,506715,126,1,471.0,0.0
11384,506715,107,1,1259.0,0.0
11385,506716,115,1,4199.0,0.0
11386,506717,109,1,4199.0,0.0
11387,506717,112,1,1574.0,0.0
11388,506717,117,1,3149.0,0.0
11389,506718,143,1,839.0,0.0
11390,506718,137,1,261.0,0.0
11391,506718,113,2,1364.0,0.0
11392,506719,115,1,4199.0,0.0
11393,506720,124,1,1154.0,0.0
11394,506720,111,1,524.0,0.0
11395,506720,110,1,839.0,0.0
11396,506721,103,1,2624.0,0.0
11397,506722,136,1,944.0,0.0
11398,506722,109,1,4199.0,0.0
11399,506722,105,1,2414.0,0.0
11400,506723,109,1,4199.0,629.85
11401,506723,124,1,1154.0,173.1
11402,506723,121,1,2939.0,440.85
11403,506724,124,1,1154.0,0.0
11404,506725,107,1,1259.0,0.0
11405,506725,144,1,3149.0,0.0
11406,506726,116,1,2624.0,393.6
11407,506726,117,1,3149.0,472.35
11408,506727,109,1,4199.0,0.0
11409,506727,148,1,734.0,0.0
11410,506728,130,1,734.0,36.7
11411,506729,141,1,261.0,39.15
11412,506730,124,1,1154.0,57.7
11413,506731,126,1,471.0,70.65
11414,506732,116,2,2624.0,0.0
11415,506733,141,1,261.0,0.0
11416,506734,145,1,629.0,31.45
11417,506734,132,1,471.0,23.55
11418,506735,108,2,419.0,0.0
11419,506735,127,1,681.0,0.0
11420,506736,133,1,419.0,20.95
11421,506736,101,1,2099.0,104.95
11422,506737,113,2,1364.0,0.0
11423,506737,120,3,734.0,0.0
11424,506738,110,1,839.0,125.85
11425,506739,117,3,3149.0,0.0
11426,506740,112,1,1574.0,0.0
11427,506740,113,1,1364.0,0.0
11428,506741,114,1,1259.0,0.0
11429,506742,116,1,2624.0,393.6
11430,506742,120,3,734.0,330.3
11431,506743,118,1,944.0,0.0
11432,506744,133,1,419.0,62.85
11433,506744,107,2,1259.0,377.7
11434,506744,109,1,4199.0,629.85
11435,506744,111,2,524.0,157.2
11436,506745,118,1,944.0,141.6
11437,506746,121,2,2939.0,293.9
11438,506747,137,3,261.0,0.0
11439,506747,126,1,471.0,0.0
11440,506747,130,2,734.0,0.0
11441,506748,146,1,4724.0,0.0
11442,506748,108,1,419.0,0.0
11443,506748,145,1,629.0,0.0
11444,506749,135,1,1574.0,78.7
11445,506750,120,1,734.0,110.1
11446,506751,120,1,734.0,0.0
11447,506752,127,1,681.0,0.0
11448,506753,115,1,4199.0,629.85
11449,506753,107,1,1259.0,188.85
11450,506754,113,1,1364.0,204.6
11451,506754,144,2,3149.0,944.7
11452,506755,143,1,839.0,0.0
11453,506755,124,1,1154.0,0.0
11454,506756,101,1,2099.0,0.0
11455,506757,118,1,944.0,0.0
11456,506757,123,1,3464.0,0.0
11457,506757,103,3,2624.0,0.0
11458,506757,130,1,734.0,0.0
11459,506758,108,1,419.0,62.85
11460,506758,112,1,1574.0,236.1
11461,506759,115,2,4199.0,0.0
11462,506759,121,1,2939.0,0.0
11463,506760,116,2,2624.0,262.4
11464,506761,122,1,1994.0,99.7
11465,506762,143,1,839.0,0.0
11466,506763,144,1,3149.0,472.35
11467,506764,102,3,3674.0,0.0
11468,506765,144,2,3149.0,314.9
11469,506766,107,1,1259.0,0.0
11470,506766,135,1,1574.0,0.0
11471,506767,117,1,3149.0,157.45
11472,506768,112,1,1574.0,0.0
11473,506769,104,1,5249.0,0.0
11474,506770,122,3,1994.0,0.0
11475,506770,132,1,471.0,0.0
11476,506771,126,1,471.0,0.0
11477,506772,112,1,1574.0,78.7
11478,506773,128,1,1049.0,0.0
11479,506773,111,1,524.0,0.0
11480,506774,136,2,944.0,0.0
11481,506774,117,1,3149.0,0.0
11482,506775,117,1,3149.0,0.0
11483,506776,114,1,1259.0,188.85
11484,506776,116,1,2624.0,393.6
11485,506777,109,1,4199.0,629.85
11486,506778,133,1,419.0,62.85
11487,506778,108,1,419.0,62.85
11488,506778,118,1,944.0,141.6
11489,506779,106,1,1574.0,0.0
11490,506779,108,1,419.0,0.0
11491,506779,133,1,419.0,0.0
11492,506780,132,1,471.0,0.0
11493,506781,130,2,734.0,220.2
11494,506781,103,1,2624.0,393.6
11495,506782,111,1,524.0,0.0
11496,506783,142,2,839.0,0.0
11497,506783,126,1,471.0,0.0
11498,506784,120,1,734.0,0.0
11499,506784,116,1,2624.0,0.0
11500,506785,111,1,524.0,26.2
11501,506785,137,1,261.0,13.05
11502,506786,102,1,3674.0,0.0
11503,506786,130,2,734.0,0.0
11504,506786,113,1,1364.0,0.0
11505,506787,104,1,5249.0,0.0
11506,506788,119,1,2309.0,0.0
11507,506789,135,1,1574.0,0.0
11508,506790,109,1,4199.0,0.0
11509,506791,105,1,2414.0,120.7
11510,506792,101,1,2099.0,0.0
11511,506792,113,1,1364.0,0.0
11512,506792,107,1,1259.0,0.0
11513,506793,108,1,419.0,0.0
11514,506794,134,1,209.0,0.0
11515,506795,120,1,734.0,0.0
11516,506796,140,1,629.0,0.0
11517,506797,116,2,2624.0,0.0
11518,506798,107,3,1259.0,566.55
11519,506798,125,1,1364.0,204.6
11520,506799,125,3,1364.0,0.0
11521,506800,128,2,1049.0,104.9
11522,506800,113,1,1364.0,68.2
11523,506800,141,1,261.0,13.05
11524,506801,131,1,314.0,0.0
11525,506801,134,1,209.0,0.0
11526,506801,137,2,261.0,0.0
11527,506801,105,1,2414.0,0.0
11528,506802,141,1,261.0,0.0
11529,506803,142,1,839.0,125.85
11530,506804,104,1,5249.0,0.0
11531,506805,101,2,2099.0,0.0
11532,506805,115,1,4199.0,0.0
11533,506805,134,1,209.0,0.0
11534,506806,101,2,2099.0,0.0
11535,506807,102,1,3674.0,551.1
11536,506808,144,1,3149.0,472.35
11537,506808,120,1,734.0,110.1
11538,506809,116,1,2624.0,0.0
11539,506809,113,1,1364.0,0.0
11540,506809,112,2,1574.0,0.0
11541,506810,115,2,4199.0,0.0
11542,506811,127,1,681.0,0.0
11543,506811,114,1,1259.0,0.0
11544,506811,141,2,261.0,0.0
11545,506812,127,1,681.0,34.05
11546,506812,103,1,2624.0,131.2
11547,506813,134,1,209.0,0.0
11548,506814,133,1,419.0,62.85
11549,506814,125,1,1364.0,204.6
11550,506815,116,1,2624.0,0.0
11551,506816,109,1,4199.0,0.0
11552,506817,103,2,2624.0,0.0
11553,506817,137,1,261.0,0.0
11554,506818,104,1,5249.0,0.0
11555,506818,135,1,1574.0,0.0
11556,506819,127,1,681.0,0.0
11557,506820,127,1,681.0,0.0
11558,506820,121,1,2939.0,0.0
11559,506821,105,1,2414.0,362.1
11560,506821,130,1,734.0,110.1
11561,506822,120,1,734.0,0.0
11562,506822,104,1,5249.0,0.0
11563,506823,128,2,1049.0,0.0
11564,506823,135,1,1574.0,0.0
11565,506824,102,2,3674.0,0.0
11566,506825,123,1,3464.0,519.6
11567,506826,120,1,734.0,0.0
11568,506826,118,2,944.0,0.0
11569,506827,125,1,1364.0,0.0
11570,506827,120,1,734.0,0.0
11571,506828,109,1,4199.0,0.0
11572,506828,127,1,681.0,0.0
11573,506828,148,1,734.0,0.0
11574,506828,114,1,1259.0,0.0
11575,506829,107,1,1259.0,0.0
11576,506830,125,1,1364.0,0.0
11577,506831,144,2,3149.0,944.7
11578,506832,114,3,1259.0,188.85
11579,506833,130,1,734.0,0.0
11580,506834,145,2,629.0,0.0
11581,506835,107,1,1259.0,0.0
11582,506836,146,1,4724.0,0.0
11583,506836,118,1,944.0,0.0
11584,506837,146,1,4724.0,0.0
11585,506837,116,1,2624.0,0.0
11586,506837,121,2,2939.0,0.0
11587,506838,109,1,4199.0,0.0
11588,506838,116,1,2624.0,0.0
11589,506839,109,1,4199.0,209.95
11590,506839,104,2,5249.0,524.9
11591,506839,115,1,4199.0,209.95
11592,506839,130,3,734.0,110.1
11593,506840,112,1,1574.0,0.0
11594,506841,148,1,734.0,0.0
11595,506841,113,2,1364.0,0.0
11596,506841,117,1,3149.0,0.0
11597,506842,105,1,2414.0,362.1
11598,506843,135,1,1574.0,0.0
11599,506843,112,1,1574.0,0.0
11600,506844,119,1,2309.0,0.0
11601,506844,121,2,2939.0,0.0
11602,506844,101,1,2099.0,0.0
11603,506844,124,1,1154.0,0.0
11604,506845,110,1,839.0,0.0
11605,506845,107,1,1259.0,0.0
11606,506846,107,1,1259.0,188.85
11607,506847,128,1,1049.0,0.0
11608,506847,122,1,1994.0,0.0
11609,506847,135,1,1574.0,0.0
11610,506848,113,2,1364.0,409.2
11611,506849,144,1,3149.0,0.0
11612,506850,134,2,209.0,62.7
11613,506850,120,1,734.0,110.1
11614,506851,106,1,1574.0,0.0
11615,506852,145,1,629.0,0.0
11616,506852,143,1,839.0,0.0
11617,506853,110,2,839.0,251.7
11618,506853,104,1,5249.0,787.35
11619,506854,137,1,261.0,0.0
11620,506854,134,1,209.0,0.0
11621,506854,132,1,471.0,0.0
11622,506855,126,2,471.0,0.0
11623,506856,118,1,944.0,0.0
11624,506857,116,1,2624.0,0.0
11625,506857,122,1,1994.0,0.0
11626,506858,147,1,1364.0,0.0
11627,506859,117,1,3149.0,0.0
11628,506860,118,1,944.0,0.0
11629,506861,111,1,524.0,78.6
11630,506862,132,1,471.0,0.0
11631,506862,109,2,4199.0,0.0
11632,506862,133,1,419.0,0.0
11633,506863,134,1,209.0,0.0
11634,506863,130,1,734.0,0.0
11635,506864,108,2,419.0,0.0
11636,506865,138,1,419.0,62.85
11637,506866,139,1,366.0,0.0
11638,506866,120,1,734.0,0.0
11639,506867,113,1,1364.0,204.6
11640,506868,116,1,2624.0,0.0
11641,506869,112,1,1574.0,0.0
11642,506870,141,1,261.0,39.15
11643,506870,117,1,3149.0,472.35
11644,506871,113,1,1364.0,0.0
11645,506872,120,1,734.0,110.1
11646,506873,117,2,3149.0,0.0
11647,506873,127,1,681.0,0.0
11648,506874,103,2,2624.0,0.0
11649,506875,118,1,944.0,0.0
11650,506876,139,1,366.0,0.0
11651,506876,128,1,1049.0,0.0
11652,506876,141,1,261.0,0.0
11653,506877,121,1,2939.0,440.85
11654,506877,104,1,5249.0,787.35
11655,506878,123,1,3464.0,0.0
11656,506879,140,1,629.0,0.0
11657,506880,131,3,314.0,0.0
11658,506881,134,2,209.0,0.0
11659,506882,148,1,734.0,0.0
11660,506882,134,1,209.0,0.0
11661,506883,113,1,1364.0,204.6
11662,506884,135,1,1574.0,0.0
11663,506884,134,1,209.0,0.0
11664,506884,136,1,944.0,0.0
11665,506885,108,1,419.0,0.0
11666,506886,131,1,314.0,0.0
11667,506887,120,1,734.0,0.0
11668,506888,118,1,944.0,0.0
11669,506889,117,1,3149.0,157.45
11670,506889,131,1,314.0,15.7
11671,506890,134,1,209.0,0.0
11672,506890,110,1,839.0,0.0
11673,506890,142,1,839.0,0.0
11674,506890,115,1,4199.0,0.0
11675,506891,135,1,1574.0,0.0
11676,506892,107,2,1259.0,377.7
11677,506892,106,1,1574.0,236.1
11678,506893,129,1,576.0,0.0
11679,506894,109,1,4199.0,0.0
11680,506894,137,1,261.0,0.0
11681,506894,132,1,471.0,0.0
11682,506895,141,1,261.0,39.15
11683,506896,138,2,419.0,0.0
11684,506896,113,1,1364.0,0.0
11685,506896,135,1,1574.0,0.0
11686,506897,117,1,3149.0,0.0
11687,506898,104,1,5249.0,0.0
11688,506899,116,1,2624.0,0.0
11689,506899,147,1,1364.0,0.0
11690,506899,105,1,2414.0,0.0
11691,506900,113,1,1364.0,204.6
11692,506900,118,1,944.0,141.6
11693,506900,106,1,1574.0,236.1
11694,506901,147,1,1364.0,0.0
11695,506901,109,1,4199.0,0.0
11696,506901,144,1,3149.0,0.0
11697,506901,126,1,471.0,0.0
11698,506902,127,1,681.0,0.0
11699,506903,147,1,1364.0,0.0
11700,506903,128,1,1049.0,0.0
11701,506903,136,1,944.0,0.0
11702,506904,131,2,314.0,31.4
11703,506904,126,1,471.0,23.55
11704,506904,121,1,2939.0,146.95
11705,506905,124,1,1154.0,0.0
11706,506906,111,1,524.0,78.6
11707,506907,137,1,261.0,0.0
11708,506908,123,1,3464.0,0.0
11709,506909,107,1,1259.0,188.85
11710,506910,107,2,1259.0,0.0
11711,506910,118,1,944.0,0.0
11712,506911,134,3,209.0,0.0
11713,506912,125,1,1364.0,204.6
11714,506913,134,1,209.0,0.0
11715,506914,111,1,524.0,0.0
11716,506915,117,1,3149.0,0.0
11717,506916,116,1,2624.0,0.0
11718,506917,108,3,419.0,188.55
11719,506918,116,1,2624.0,0.0
11720,506919,117,1,3149.0,472.35
11721,506919,112,1,1574.0,236.1
11722,506919,126,1,471.0,70.65
11723,506920,106,1,1574.0,0.0
11724,506921,140,1,629.0,31.45
11725,506921,114,2,1259.0,125.9
11726,506921,130,1,734.0,36.7
11727,506921,127,1,681.0,34.05
11728,506922,108,1,419.0,0.0
11729,506923,130,2,734.0,0.0
11730,506923,103,1,2624.0,0.0
11731,506923,137,1,261.0,0.0
11732,506924,114,2,1259.0,377.7
11733,506924,101,1,2099.0,314.85
11734,506925,103,2,2624.0,0.0
11735,506925,102,2,3674.0,0.0
11736,506926,147,1,1364.0,0.0
11737,506926,121,2,2939.0,0.0
11738,506927,111,1,524.0,0.0
11739,506927,116,2,2624.0,0.0
11740,506928,144,1,3149.0,0.0
11741,506928,102,1,3674.0,0.0
11742,506929,116,1,2624.0,393.6
11743,506929,132,1,471.0,70.65
11744,506930,130,2,734.0,0.0
11745,506930,112,1,1574.0,0.0
11746,506931,118,1,944.0,0.0
11747,506931,126,1,471.0,0.0
11748,506931,121,1,2939.0,0.0
11749,506932,108,1,419.0,0.0
11750,506933,113,1,1364.0,204.6
11751,506934,127,1,681.0,34.05
11752,506934,137,1,261.0,13.05
11753,506934,107,1,1259.0,62.95
11754,506935,129,1,576.0,86.4
11755,506935,117,1,3149.0,472.35
11756,506936,119,1,2309.0,0.0
11757,506936,107,1,1259.0,0.0
11758,506936,101,1,2099.0,0.0
11759,506937,126,1,471.0,0.0
11760,506937,137,1,261.0,0.0
11761,506938,105,1,2414.0,0.0
11762,506939,136,2,944.0,0.0
11763,506940,118,1,944.0,0.0
11764,506940,138,1,419.0,0.0
11765,506941,135,1,1574.0,236.1
11766,506941,145,1,629.0,94.35
11767,506941,125,1,1364.0,204.6
11768,506942,106,2,1574.0,472.2
11769,506943,101,1,2099.0,314.85
11770,506943,118,2,944.0,283.2
11771,506943,113,1,1364.0,204.6
11772,506944,121,1,2939.0,0.0
11773,506944,131,2,314.0,0.0
11774,506945,112,1,1574.0,236.1
11775,506946,127,2,681.0,0.0
11776,506946,143,1,839.0,0.0
11777,506947,111,1,524.0,78.6
11778,506948,114,2,1259.0,0.0
11779,506949,126,1,471.0,0.0
11780,506949,124,1,1154.0,0.0
11781,506950,125,1,1364.0,0.0
11782,506950,103,1,2624.0,0.0
11783,506951,112,1,1574.0,236.1
11784,506951,136,1,944.0,141.6
11785,506952,111,2,524.0,157.2
11786,506953,117,1,3149.0,0.0
11787,506954,101,1,2099.0,0.0
11788,506955,141,3,261.0,0.0
11789,506955,102,2,3674.0,0.0
11790,506956,125,1,1364.0,0.0
11791,506956,148,2,734.0,0.0
11792,506956,101,1,2099.0,0.0
11793,506957,116,2,2624.0,0.0
11794,506957,119,2,2309.0,0.0
11795,506958,114,1,1259.0,0.0
11796,506959,147,1,1364.0,0.0
11797,506960,138,1,419.0,0.0
11798,506960,139,1,366.0,0.0
11799,506960,126,1,471.0,0.0
11800,506960,105,1,2414.0,0.0
11801,506961,123,1,3464.0,0.0
11802,506962,134,1,209.0,0.0
11803,506962,117,1,3149.0,0.0
11804,506963,130,1,734.0,0.0
11805,506963,116,1,2624.0,0.0
11806,506964,104,2,5249.0,1574.7
11807,506964,123,1,3464.0,519.6
11808,506965,123,1,3464.0,0.0
11809,506965,104,1,5249.0,0.0
11810,506966,124,1,1154.0,0.0
11811,506967,109,2,4199.0,0.0
11812,506968,116,1,2624.0,131.2
11813,506969,103,1,2624.0,0.0
11814,506970,109,1,4199.0,0.0
11815,506971,147,1,1364.0,0.0
11816,506972,133,2,419.0,0.0
11817,506973,116,1,2624.0,0.0
11818,506974,137,1,261.0,0.0
11819,506974,133,1,419.0,0.0
11820,506974,108,1,419.0,0.0
11821,506975,114,2,1259.0,0.0
11822,506976,125,1,1364.0,0.0
11823,506977,116,1,2624.0,0.0
11824,506978,113,2,1364.0,0.0
11825,506978,120,1,734.0,0.0
11826,506979,124,1,1154.0,0.0
11827,506980,147,1,1364.0,204.6
11828,506981,111,3,524.0,235.8
11829,506982,120,2,734.0,0.0
11830,506983,124,1,1154.0,0.0
11831,506984,130,1,734.0,36.7
11832,506984,112,1,1574.0,78.7
11833,506985,106,1,1574.0,236.1
11834,506985,112,1,1574.0,236.1
11835,506986,104,1,5249.0,0.0
11836,506987,113,2,1364.0,0.0
11837,506987,106,1,1574.0,0.0
11838,506987,133,1,419.0,0.0
11839,506987,131,1,314.0,0.0
11840,506988,117,1,3149.0,0.0
11841,506988,110,1,839.0,0.0
11842,506989,111,2,524.0,157.2
11843,506990,112,1,1574.0,0.0
11844,506990,143,1,839.0,0.0
11845,506991,126,1,471.0,0.0
11846,506991,108,1,419.0,0.0
11847,506992,118,2,944.0,0.0
11848,506992,143,1,839.0,0.0
11849,506993,117,2,3149.0,0.0
11850,506994,111,1,524.0,78.6
11851,506994,106,1,1574.0,236.1
11852,506995,111,2,524.0,0.0
11853,506995,114,1,1259.0,0.0
11854,506996,136,1,944.0,141.6
11855,506997,102,1,3674.0,0.0
11856,506998,115,1,4199.0,0.0
11857,506998,114,1,1259.0,0.0
11858,506999,134,1,209.0,0.0
11859,507000,142,2,839.0,0.0
11860,507000,128,1,1049.0,0.0
11861,507000,116,1,2624.0,0.0
11862,507000,130,1,734.0,0.0
11863,507001,112,1,1574.0,0.0
11864,507001,137,2,261.0,0.0
11865,507001,114,1,1259.0,0.0
11866,507002,114,1,1259.0,0.0
11867,507002,135,1,1574.0,0.0
11868,507003,118,1,944.0,141.6
11869,507004,105,1,2414.0,0.0
11870,507004,141,1,261.0,0.0
11871,507005,137,1,261.0,0.0
11872,507006,139,1,366.0,0.0
11873,507006,132,1,471.0,0.0
11874,507007,101,1,2099.0,0.0
11875,507007,122,2,1994.0,0.0
11876,507008,102,1,3674.0,183.7
11877,507009,130,1,734.0,0.0
11878,507010,129,3,576.0,259.2
11879,507011,104,1,5249.0,0.0
11880,507011,134,1,209.0,0.0
11881,507012,113,1,1364.0,0.0
11882,507013,118,1,944.0,141.6
11883,507014,132,1,471.0,0.0
11884,507014,109,1,4199.0,0.0
11885,507014,124,1,1154.0,0.0
11886,507014,134,1,209.0,0.0
11887,507015,104,1,5249.0,787.35
11888,507016,117,1,3149.0,472.35
11889,507016,101,2,2099.0,629.7
11890,507017,120,1,734.0,0.0
11891,507018,117,1,3149.0,472.35
11892,507018,104,2,5249.0,1574.7
11893,507019,137,2,261.0,0.0
11894,507019,141,3,261.0,0.0
11895,507020,112,2,1574.0,157.4
11896,507020,134,1,209.0,10.45
11897,507021,137,1,261.0,0.0
11898,507021,104,1,5249.0,0.0
11899,507022,129,2,576.0,0.0
11900,507023,120,1,734.0,110.1
11901,507023,111,1,524.0,78.6
11902,507024,122,1,1994.0,299.1
11903,507025,107,1,1259.0,0.0
11904,507025,123,1,3464.0,0.0
11905,507026,137,2,261.0,0.0
11906,507026,138,3,419.0,0.0
11907,507026,109,3,4199.0,0.0
11908,507026,106,1,1574.0,0.0
11909,507027,108,1,419.0,0.0
11910,507027,101,2,2099.0,0.0
11911,507027,124,1,1154.0,0.0
11912,507028,140,1,629.0,0.0
11913,507028,118,1,944.0,0.0
11914,507029,113,1,1364.0,0.0
11915,507029,132,1,471.0,0.0
11916,507030,110,1,839.0,125.85
11917,507031,111,1,524.0,0.0
11918,507032,102,2,3674.0,1102.2
11919,507033,110,2,839.0,0.0
11920,507033,123,1,3464.0,0.0
11921,507033,112,1,1574.0,0.0
11922,507034,112,1,1574.0,0.0
11923,507035,103,3,2624.0,0.0
11924,507035,117,3,3149.0,0.0
11925,507035,108,1,419.0,0.0
11926,507035,120,1,734.0,0.0
11927,507036,117,3,3149.0,1417.05
11928,507037,126,1,471.0,70.65
11929,507038,110,1,839.0,0.0
11930,507039,123,1,3464.0,519.6
11931,507039,114,1,1259.0,188.85
11932,507040,111,1,524.0,0.0
11933,507040,114,1,1259.0,0.0
11934,507041,114,2,1259.0,0.0
11935,507042,112,1,1574.0,0.0
11936,507042,114,1,1259.0,0.0
11937,507043,115,1,4199.0,0.0
11938,507043,114,1,1259.0,0.0
11939,507043,117,1,3149.0,0.0
11940,507044,133,1,419.0,0.0
11941,507044,125,1,1364.0,0.0
11942,507045,114,1,1259.0,0.0
11943,507046,107,1,1259.0,188.85
11944,507046,115,1,4199.0,629.85
11945,507046,116,1,2624.0,393.6
11946,507047,140,1,629.0,0.0
11947,507047,117,1,3149.0,0.0
11948,507047,113,1,1364.0,0.0
11949,507047,129,2,576.0,0.0
11950,507048,111,1,524.0,0.0
11951,507048,109,1,4199.0,0.0
11952,507049,145,1,629.0,0.0
11953,507050,110,1,839.0,0.0
11954,507051,115,1,4199.0,0.0
11955,507052,112,1,1574.0,236.1
11956,507052,130,2,734.0,220.2
11957,507053,147,1,1364.0,68.2
11958,507054,129,1,576.0,86.4
11959,507054,123,1,3464.0,519.6
11960,507055,102,3,3674.0,0.0
11961,507055,121,1,2939.0,0.0
11962,507055,111,3,524.0,0.0
11963,507056,139,1,366.0,54.9
11964,507056,127,2,681.0,204.3
11965,507056,105,1,2414.0,362.1
11966,507057,116,1,2624.0,0.0
11967,507057,110,2,839.0,0.0
11968,507057,145,1,629.0,0.0
11969,507057,111,2,524.0,0.0
11970,507058,120,1,734.0,0.0
11971,507059,132,3,471.0,0.0
11972,507060,116,1,2624.0,131.2
11973,507060,101,1,2099.0,104.95
11974,507060,111,1,524.0,26.2
11975,507061,102,1,3674.0,0.0
11976,507062,111,1,524.0,0.0
11977,507063,106,2,1574.0,0.0
11978,507064,120,1,734.0,110.1
11979,507065,117,3,3149.0,1417.05
11980,507066,138,1,419.0,0.0
11981,507067,117,1,3149.0,0.0
11982,507067,147,1,1364.0,0.0
11983,507067,105,1,2414.0,0.0
11984,507067,141,1,261.0,0.0
11985,507068,120,1,734.0,0.0
11986,507068,137,1,261.0,0.0
11987,507068,101,1,2099.0,0.0
11988,507068,114,1,1259.0,0.0
11989,507069,119,1,2309.0,0.0
11990,507070,135,1,1574.0,236.1
11991,507070,101,1,2099.0,314.85
11992,507071,131,1,314.0,47.1
11993,507072,118,1,944.0,0.0
11994,507072,106,1,1574.0,0.0
11995,507073,120,1,734.0,0.0
11996,507074,125,1,1364.0,0.0
11997,507075,128,1,1049.0,0.0
11998,507076,101,1,2099.0,0.0
11999,507076,108,1,419.0,0.0
12000,507076,122,1,1994.0,0.0
12001,507077,135,1,1574.0,0.0
12002,507078,123,1,3464.0,0.0
12003,507079,116,1,2624.0,0.0
12004,507080,126,1,471.0,0.0
12005,507081,124,1,1154.0,173.1
12006,507082,116,1,2624.0,393.6
12007,507082,112,1,1574.0,236.1
12008,507083,108,1,419.0,0.0
12009,507083,135,1,1574.0,0.0
12010,507084,120,1,734.0,0.0
12011,507084,111,1,524.0,0.0
12012,507085,109,1,4199.0,0.0
12013,507085,105,1,2414.0,0.0
12014,507086,106,1,1574.0,78.7
12015,507086,148,1,734.0,36.7
12016,507087,128,1,1049.0,0.0
12017,507088,124,1,1154.0,0.0
12018,507088,121,2,2939.0,0.0
12019,507089,111,2,524.0,0.0
12020,507089,119,1,2309.0,0.0
12021,507089,126,1,471.0,0.0
12022,507090,134,1,209.0,31.35
12023,507090,104,1,5249.0,787.35
12024,507090,109,1,4199.0,629.85
12025,507091,135,1,1574.0,0.0
12026,507092,130,1,734.0,0.0
12027,507092,109,1,4199.0,0.0
12028,507093,131,1,314.0,47.1
12029,507094,114,1,1259.0,0.0
12030,507095,144,1,3149.0,472.35
12031,507096,128,1,1049.0,0.0
12032,507097,134,2,209.0,0.0
12033,507098,143,3,839.0,377.55
12034,507098,104,1,5249.0,787.35
12035,507098,108,1,419.0,62.85
12036,507099,135,1,1574.0,236.1
12037,507099,105,1,2414.0,362.1
12038,507100,139,1,366.0,0.0
12039,507101,106,1,1574.0,0.0
12040,507101,135,1,1574.0,0.0
12041,507102,145,1,629.0,94.35
12042,507102,108,1,419.0,62.85
12043,507103,118,1,944.0,0.0
12044,507103,114,1,1259.0,0.0
12045,507104,118,1,944.0,0.0
12046,507105,111,1,524.0,78.6
12047,507106,145,1,629.0,0.0
12048,507107,137,1,261.0,0.0
12049,507108,133,1,419.0,0.0
12050,507108,120,2,734.0,0.0
12051,507108,126,1,471.0,0.0
12052,507109,106,1,1574.0,0.0
12053,507109,140,1,629.0,0.0
12054,507110,123,1,3464.0,0.0
12055,507111,116,1,2624.0,393.6
12056,507111,139,1,366.0,54.9
12057,507111,115,1,4199.0,629.85
12058,507112,136,2,944.0,283.2
12059,507113,143,1,839.0,0.0
12060,507114,109,1,4199.0,0.0
12061,507115,111,1,524.0,78.6
12062,507115,130,1,734.0,110.1
12063,507115,131,1,314.0,47.1
12064,507116,127,1,681.0,0.0
12065,507117,144,1,3149.0,472.35
12066,507117,111,2,524.0,157.2
12067,507117,101,2,2099.0,629.7
12068,507118,113,1,1364.0,0.0
12069,507119,127,1,681.0,0.0
12070,507120,118,1,944.0,141.6
12071,507121,116,2,2624.0,0.0
12072,507122,120,1,734.0,110.1
12073,507123,116,1,2624.0,0.0
12074,507124,107,1,1259.0,188.85
12075,507124,123,1,3464.0,519.6
12076,507124,111,1,524.0,78.6
12077,507125,123,1,3464.0,0.0
12078,507125,136,1,944.0,0.0
12079,507126,136,1,944.0,0.0
12080,507127,127,1,681.0,0.0
12081,507128,137,1,261.0,0.0
12082,507128,107,1,1259.0,0.0
12083,507129,133,1,419.0,20.95
12084,507130,126,1,471.0,0.0
12085,507130,141,2,261.0,0.0
12086,507130,117,1,3149.0,0.0
12087,507131,113,1,1364.0,204.6
12088,507131,120,1,734.0,110.1
12089,507132,137,1,261.0,0.0
12090,507133,139,3,366.0,0.0
12091,507134,127,1,681.0,0.0
12092,507135,137,2,261.0,0.0
12093,507136,143,3,839.0,0.0
12094,507137,133,1,419.0,0.0
12095,507138,118,1,944.0,141.6
12096,507139,111,1,524.0,0.0
12097,507139,116,1,2624.0,0.0
12098,507139,103,1,2624.0,0.0
12099,507139,113,1,1364.0,0.0
12100,507140,117,1,3149.0,0.0
12101,507141,107,1,1259.0,0.0
12102,507141,129,1,576.0,0.0
12103,507141,105,1,2414.0,0.0
12104,507141,116,1,2624.0,0.0
12105,507142,137,1,261.0,39.15
12106,507142,142,2,839.0,251.7
12107,507143,112,1,1574.0,0.0
12108,507143,123,1,3464.0,0.0
12109,507143,128,1,1049.0,0.0
12110,507143,106,1,1574.0,0.0
12111,507144,118,1,944.0,0.0
12112,507144,146,1,4724.0,0.0
12113,507144,124,1,1154.0,0.0
12114,507145,124,1,1154.0,0.0
12115,507146,130,1,734.0,0.0
12116,507146,104,2,5249.0,0.0
12117,507147,148,1,734.0,0.0
12118,507148,117,1,3149.0,0.0
12119,507148,122,1,1994.0,0.0
12120,507148,136,1,944.0,0.0
12121,507148,124,1,1154.0,0.0
12122,507149,139,1,366.0,54.9
12123,507150,120,1,734.0,0.0
12124,507151,126,1,471.0,70.65
12125,507152,125,1,1364.0,0.0
12126,507152,102,2,3674.0,0.0
12127,507153,145,1,629.0,0.0
12128,507153,118,1,944.0,0.0
12129,507154,134,1,209.0,31.35
12130,507154,148,1,734.0,110.1
12131,507155,125,1,1364.0,0.0
12132,507155,138,1,419.0,0.0
12133,507155,137,1,261.0,0.0
12134,507156,106,1,1574.0,0.0
12135,507156,119,1,2309.0,0.0
12136,507157,116,1,2624.0,0.0
12137,507157,120,1,734.0,0.0
12138,507158,111,2,524.0,0.0
12139,507159,116,1,2624.0,0.0
12140,507160,111,1,524.0,0.0
12141,507161,141,1,261.0,0.0
12142,507161,114,3,1259.0,0.0
12143,507162,124,1,1154.0,173.1
12144,507162,127,1,681.0,102.15
12145,507163,107,1,1259.0,0.0
12146,507164,129,1,576.0,0.0
12147,507164,101,1,2099.0,0.0
12148,507165,145,1,629.0,0.0
12149,507165,122,1,1994.0,0.0
12150,507166,136,1,944.0,0.0
12151,507167,113,2,1364.0,0.0
12152,507167,107,1,1259.0,0.0
12153,507168,111,2,524.0,0.0
12154,507169,109,1,4199.0,629.85
12155,507169,128,2,1049.0,314.7
12156,507170,112,1,1574.0,78.7
12157,507171,117,1,3149.0,0.0
12158,507172,107,1,1259.0,188.85
12159,507172,140,1,629.0,94.35
12160,507172,132,1,471.0,70.65
12161,507172,109,1,4199.0,629.85
12162,507173,117,2,3149.0,0.0
12163,507173,108,1,419.0,0.0
12164,507173,116,2,2624.0,0.0
12165,507174,126,1,471.0,0.0
12166,507175,132,2,471.0,0.0
12167,507176,131,1,314.0,0.0
12168,507177,138,1,419.0,0.0
12169,507178,126,1,471.0,0.0
12170,507179,102,1,3674.0,0.0
12171,507180,118,1,944.0,0.0
12172,507180,145,1,629.0,0.0
12173,507181,140,1,629.0,0.0
12174,507181,120,3,734.0,0.0
12175,507181,124,1,1154.0,0.0
12176,507181,110,1,839.0,0.0
12177,507182,137,1,261.0,0.0
12178,507183,103,1,2624.0,393.6
12179,507184,127,1,681.0,34.05
12180,507185,101,1,2099.0,0.0
12181,507185,105,3,2414.0,0.0
12182,507186,129,3,576.0,0.0
12183,507186,112,1,1574.0,0.0
12184,507187,142,1,839.0,0.0
12185,507188,117,2,3149.0,0.0
12186,507188,110,1,839.0,0.0
12187,507189,126,1,471.0,0.0
12188,507189,147,1,1364.0,0.0
12189,507190,148,1,734.0,0.0
12190,507190,147,1,1364.0,0.0
12191,507190,107,1,1259.0,0.0
12192,507191,131,1,314.0,0.0
12193,507191,112,1,1574.0,0.0
12194,507191,121,1,2939.0,0.0
12195,507191,130,1,734.0,0.0
12196,507192,133,1,419.0,20.95
12197,507192,112,1,1574.0,78.7
12198,507193,107,2,1259.0,0.0
12199,507193,113,1,1364.0,0.0
12200,507194,102,1,3674.0,551.1
12201,507195,125,2,1364.0,0.0
12202,507196,139,1,366.0,0.0
12203,507196,108,1,419.0,0.0
12204,507197,108,1,419.0,62.85
12205,507198,111,1,524.0,78.6
12206,507198,141,2,261.0,78.3
12207,507199,110,1,839.0,0.0
12208,507200,120,1,734.0,0.0
12209,507201,107,1,1259.0,0.0
12210,507201,138,1,419.0,0.0
12211,507201,137,1,261.0,0.0
12212,507202,116,1,2624.0,0.0
12213,507202,140,1,629.0,0.0
12214,507202,135,1,1574.0,0.0
12215,507203,107,2,1259.0,0.0
12216,507204,118,1,944.0,0.0
12217,507204,140,1,629.0,0.0
12218,507205,111,1,524.0,0.0
12219,507205,108,1,419.0,0.0
12220,507206,147,2,1364.0,0.0
12221,507206,111,1,524.0,0.0
12222,507206,142,1,839.0,0.0
12223,507207,144,2,3149.0,0.0
12224,507208,137,1,261.0,0.0
12225,507208,108,1,419.0,0.0
12226,507208,116,1,2624.0,0.0
12227,507209,117,1,3149.0,0.0
12228,507209,130,1,734.0,0.0
12229,507210,111,1,524.0,0.0
12230,507210,118,1,944.0,0.0
12231,507211,115,1,4199.0,0.0
12232,507212,117,1,3149.0,0.0
12233,507212,101,1,2099.0,0.0
12234,507213,132,1,471.0,0.0
12235,507214,112,1,1574.0,0.0
12236,507214,137,1,261.0,0.0
12237,507214,120,1,734.0,0.0
12238,507214,130,1,734.0,0.0
12239,507215,102,1,3674.0,551.1
12240,507216,122,1,1994.0,0.0
12241,507217,128,1,1049.0,0.0
12242,507217,118,1,944.0,0.0
12243,507218,134,1,209.0,0.0
12244,507218,133,1,419.0,0.0
12245,507218,102,1,3674.0,0.0
12246,507219,109,1,4199.0,0.0
12247,507219,139,1,366.0,0.0
12248,507219,130,2,734.0,0.0
12249,507219,112,1,1574.0,0.0
12250,507220,118,1,944.0,0.0
12251,507221,137,1,261.0,13.05
12252,507222,102,1,3674.0,183.7
12253,507222,146,1,4724.0,236.2
12254,507222,107,1,1259.0,62.95
12255,507223,116,1,2624.0,0.0
12256,507224,112,1,1574.0,0.0
12257,507225,116,1,2624.0,0.0
12258,507226,113,1,1364.0,0.0
12259,507226,115,1,4199.0,0.0
12260,507226,146,1,4724.0,0.0
12261,507226,142,1,839.0,0.0
12262,507227,130,2,734.0,220.2
12263,507227,101,1,2099.0,314.85
12264,507228,126,1,471.0,0.0
12265,507229,117,1,3149.0,0.0
12266,507229,111,1,524.0,0.0
12267,507229,126,3,471.0,0.0
12268,507229,105,1,2414.0,0.0
12269,507230,130,1,734.0,0.0
12270,507230,114,1,1259.0,0.0
12271,507231,105,3,2414.0,362.1
12272,507231,147,1,1364.0,68.2
12273,507231,145,1,629.0,31.45
12274,507232,144,1,3149.0,472.35
12275,507233,139,1,366.0,0.0
12276,507234,109,1,4199.0,0.0
12277,507234,111,1,524.0,0.0
12278,507235,101,1,2099.0,0.0
12279,507236,129,2,576.0,0.0
12280,507237,116,1,2624.0,131.2
12281,507238,138,1,419.0,62.85
12282,507239,131,2,314.0,94.2
12283,507239,135,1,1574.0,236.1
12284,507240,138,1,419.0,0.0
12285,507240,117,1,3149.0,0.0
12286,507241,101,1,2099.0,104.95
12287,507241,106,1,1574.0,78.7
12288,507242,143,1,839.0,0.0
12289,507243,116,1,2624.0,393.6
12290,507243,104,1,5249.0,787.35
12291,507243,108,2,419.0,125.7
12292,507244,127,1,681.0,0.0
12293,507244,116,1,2624.0,0.0
12294,507245,116,1,2624.0,0.0
12295,507246,137,1,261.0,0.0
12296,507247,125,1,1364.0,0.0
12297,507248,113,1,1364.0,204.6
12298,507249,103,2,2624.0,0.0
12299,507250,145,1,629.0,0.0
12300,507251,124,3,1154.0,0.0
12301,507251,116,1,2624.0,0.0
12302,507251,112,1,1574.0,0.0
12303,507252,111,2,524.0,0.0
12304,507253,139,1,366.0,54.9
12305,507253,103,3,2624.0,1180.8
12306,507254,107,2,1259.0,0.0
12307,507255,126,1,471.0,0.0
12308,507256,125,1,1364.0,0.0
12309,507257,112,3,1574.0,708.3
12310,507257,130,1,734.0,110.1
12311,507257,113,3,1364.0,613.8
12312,507257,102,3,3674.0,1653.3
12313,507258,116,1,2624.0,131.2
12314,507259,114,1,1259.0,188.85
12315,507260,113,1,1364.0,204.6
12316,507260,147,1,1364.0,204.6
12317,507261,135,1,1574.0,0.0
12318,507262,122,1,1994.0,0.0
12319,507262,112,1,1574.0,0.0
12320,507263,134,1,209.0,0.0
12321,507264,120,1,734.0,0.0
12322,507265,111,1,524.0,0.0
12323,507265,103,1,2624.0,0.0
12324,507266,112,1,1574.0,236.1
12325,507267,112,1,1574.0,0.0
12326,507267,117,2,3149.0,0.0
12327,507267,119,1,2309.0,0.0
12328,507268,113,1,1364.0,0.0
12329,507269,122,1,1994.0,0.0
12330,507269,111,1,524.0,0.0
12331,507270,113,1,1364.0,0.0
12332,507270,121,1,2939.0,0.0
12333,507271,114,1,1259.0,0.0
12334,507271,147,1,1364.0,0.0
12335,507271,120,1,734.0,0.0
12336,507272,126,1,471.0,0.0
12337,507272,148,1,734.0,0.0
12338,507272,111,1,524.0,0.0
12339,507272,107,3,1259.0,0.0
12340,507273,109,1,4199.0,0.0
12341,507273,113,2,1364.0,0.0
12342,507273,118,1,944.0,0.0
12343,507274,108,1,419.0,0.0
12344,507274,118,1,944.0,0.0
12345,507274,113,1,1364.0,0.0
12346,507275,140,1,629.0,0.0
12347,507276,112,1,1574.0,0.0
12348,507276,119,1,2309.0,0.0
12349,507277,112,1,1574.0,0.0
12350,507278,117,1,3149.0,0.0
12351,507279,126,1,471.0,0.0
12352,507280,107,1,1259.0,0.0
12353,507280,117,1,3149.0,0.0
12354,507281,112,1,1574.0,0.0
12355,507282,129,1,576.0,28.8
12356,507283,148,2,734.0,0.0
12357,507284,117,1,3149.0,0.0
12358,507284,118,1,944.0,0.0
12359,507284,140,1,629.0,0.0
12360,507285,112,1,1574.0,236.1
12361,507286,120,2,734.0,73.4
12362,507287,114,1,1259.0,0.0
12363,507287,112,1,1574.0,0.0
12364,507287,115,1,4199.0,0.0
12365,507288,124,1,1154.0,0.0
12366,507289,102,1,3674.0,183.7
12367,507290,140,1,629.0,0.0
12368,507291,135,1,1574.0,0.0
12369,507291,104,1,5249.0,0.0
12370,507291,136,1,944.0,0.0
12371,507291,117,1,3149.0,0.0
12372,507292,103,1,2624.0,0.0
12373,507292,126,1,471.0,0.0
12374,507292,104,1,5249.0,0.0
12375,507293,118,1,944.0,47.2
12376,507294,130,1,734.0,0.0
12377,507295,113,1,1364.0,0.0
12378,507295,138,1,419.0,0.0
12379,507296,121,1,2939.0,0.0
12380,507296,111,1,524.0,0.0
12381,507296,146,1,4724.0,0.0
12382,507296,138,1,419.0,0.0
12383,507297,124,1,1154.0,0.0
12384,507297,137,2,261.0,0.0
12385,507298,113,2,1364.0,0.0
12386,507298,116,1,2624.0,0.0
12387,507298,123,1,3464.0,0.0
12388,507298,109,1,4199.0,0.0
12389,507299,130,1,734.0,0.0
12390,507299,115,1,4199.0,0.0
12391,507300,111,1,524.0,26.2
12392,507301,108,1,419.0,0.0
12393,507302,137,1,261.0,0.0
12394,507302,117,1,3149.0,0.0
12395,507303,112,1,1574.0,0.0
12396,507303,123,1,3464.0,0.0
12397,507303,122,1,1994.0,0.0
12398,507304,128,1,1049.0,157.35
12399,507305,130,1,734.0,0.0
12400,507306,129,1,576.0,86.4
12401,507306,141,1,261.0,39.15
12402,507306,118,1,944.0,141.6
12403,507306,146,1,4724.0,708.6
12404,507307,105,1,2414.0,0.0
12405,507308,115,1,4199.0,0.0
12406,507308,113,1,1364.0,0.0
12407,507309,104,1,5249.0,0.0
12408,507309,131,1,314.0,0.0
12409,507310,129,1,576.0,0.0
12410,507311,136,1,944.0,0.0
12411,507311,123,1,3464.0,0.0
12412,507311,105,1,2414.0,0.0
12413,507311,126,1,471.0,0.0
12414,507312,104,1,5249.0,0.0
12415,507313,143,3,839.0,0.0
12416,507314,115,1,4199.0,0.0
12417,507315,127,1,681.0,0.0
12418,507315,137,1,261.0,0.0
12419,507316,113,1,1364.0,0.0
12420,507316,125,1,1364.0,0.0
12421,507317,116,1,2624.0,0.0
12422,507318,108,1,419.0,0.0
12423,507318,121,1,2939.0,0.0
12424,507319,112,1,1574.0,0.0
12425,507320,122,1,1994.0,0.0
12426,507321,116,1,2624.0,0.0
12427,507321,134,1,209.0,0.0
12428,507321,125,1,1364.0,0.0
12429,507322,140,1,629.0,0.0
12430,507322,108,1,419.0,0.0
12431,507323,118,1,944.0,0.0
12432,507324,120,2,734.0,0.0
12433,507325,125,1,1364.0,0.0
12434,507325,104,1,5249.0,0.0
12435,507326,122,1,1994.0,0.0
12436,507327,107,1,1259.0,62.95
12437,507328,122,1,1994.0,0.0
12438,507329,106,1,1574.0,0.0
12439,507330,126,1,471.0,70.65
12440,507330,117,1,3149.0,472.35
12441,507330,134,1,209.0,31.35
12442,507330,133,1,419.0,62.85
12443,507331,110,1,839.0,0.0
12444,507331,106,1,1574.0,0.0
12445,507332,132,1,471.0,0.0
12446,507333,134,1,209.0,0.0
12447,507333,101,1,2099.0,0.0
12448,507334,120,2,734.0,0.0
12449,507335,112,1,1574.0,0.0
12450,507336,148,1,734.0,0.0
12451,507336,134,1,209.0,0.0
12452,507337,125,1,1364.0,204.6
12453,507338,141,1,261.0,13.05
12454,507338,115,1,4199.0,209.95
12455,507338,147,1,1364.0,68.2
12456,507339,141,1,261.0,0.0
12457,507339,116,1,2624.0,0.0
12458,507340,111,1,524.0,0.0
12459,507341,104,1,5249.0,0.0
12460,507341,109,1,4199.0,0.0
12461,507342,105,1,2414.0,0.0
12462,507343,136,1,944.0,0.0
12463,507344,103,1,2624.0,0.0
12464,507345,146,1,4724.0,0.0
12465,507346,108,1,419.0,0.0
12466,507347,120,1,734.0,0.0
12467,507348,143,1,839.0,0.0
12468,507349,116,2,2624.0,787.2
12469,507350,104,2,5249.0,1574.7
12470,507351,129,1,576.0,0.0
12471,507351,105,1,2414.0,0.0
12472,507352,112,2,1574.0,472.2
12473,507352,147,1,1364.0,204.6
12474,507353,122,1,1994.0,0.0
12475,507353,144,1,3149.0,0.0
12476,507354,101,1,2099.0,0.0
12477,507354,138,2,419.0,0.0
12478,507354,146,1,4724.0,0.0
12479,507354,108,1,419.0,0.0
12480,507355,148,2,734.0,220.2
12481,507356,107,1,1259.0,188.85
12482,507357,117,1,3149.0,157.45
12483,507357,113,3,1364.0,204.6
12484,507357,116,1,2624.0,131.2
12485,507357,132,1,471.0,23.55
12486,507358,137,1,261.0,0.0
12487,507358,127,1,681.0,0.0
12488,507359,122,1,1994.0,0.0
12489,507360,139,1,366.0,0.0
12490,507360,128,1,1049.0,0.0
12491,507361,115,3,4199.0,629.85
12492,507362,129,1,576.0,0.0
12493,507362,111,1,524.0,0.0
12494,507363,125,1,1364.0,0.0
12495,507363,127,1,681.0,0.0
12496,507364,130,1,734.0,0.0
12497,507365,129,3,576.0,0.0
12498,507365,112,1,1574.0,0.0
12499,507366,111,1,524.0,0.0
12500,507367,118,1,944.0,0.0
12501,507367,117,1,3149.0,0.0
12502,507368,124,2,1154.0,0.0
12503,507368,120,2,734.0,0.0
12504,507369,102,1,3674.0,551.1
12505,507369,106,1,1574.0,236.1
12506,507370,124,1,1154.0,57.7
12507,507371,108,3,419.0,0.0
12508,507372,118,1,944.0,0.0
12509,507373,117,1,3149.0,0.0
12510,507373,145,1,629.0,0.0
12511,507374,113,1,1364.0,0.0
12512,507375,107,2,1259.0,377.7
12513,507375,139,1,366.0,54.9
12514,507375,134,1,209.0,31.35
12515,507376,104,1,5249.0,0.0
12516,507377,127,1,681.0,0.0
12517,507378,113,1,1364.0,0.0
12518,507378,120,1,734.0,0.0
12519,507378,148,2,734.0,0.0
12520,507378,102,2,3674.0,0.0
12521,507379,113,1,1364.0,0.0
12522,507380,114,1,1259.0,0.0
12523,507380,102,1,3674.0,0.0
12524,507380,145,1,629.0,0.0
12525,507381,114,3,1259.0,0.0
12526,507382,104,1,5249.0,0.0
12527,507383,104,1,5249.0,0.0
12528,507383,107,1,1259.0,0.0
12529,507384,135,1,1574.0,0.0
12530,507385,101,2,2099.0,0.0
12531,507385,117,2,3149.0,0.0
12532,507385,132,1,471.0,0.0
12533,507386,103,1,2624.0,0.0
12534,507387,106,2,1574.0,157.4
12535,507388,102,1,3674.0,0.0
12536,507389,107,1,1259.0,0.0
12537,507389,108,1,419.0,0.0
12538,507390,117,1,3149.0,0.0
12539,507391,123,1,3464.0,519.6
12540,507392,121,1,2939.0,146.95
12541,507393,123,1,3464.0,519.6
12542,507393,130,1,734.0,110.1
12543,507394,118,1,944.0,0.0
12544,507394,103,1,2624.0,0.0
12545,507395,117,1,3149.0,0.0
12546,507396,120,1,734.0,0.0
12547,507397,123,1,3464.0,173.2
12548,507397,127,1,681.0,34.05
12549,507398,145,1,629.0,0.0
12550,507399,127,1,681.0,34.05
12551,507399,111,1,524.0,26.2
12552,507400,123,1,3464.0,519.6
12553,507401,118,1,944.0,0.0
12554,507401,147,3,1364.0,0.0
12555,507402,114,1,1259.0,0.0
12556,507402,118,1,944.0,0.0
12557,507403,118,1,944.0,141.6
12558,507404,135,1,1574.0,236.1
12559,507404,120,1,734.0,110.1
12560,507405,118,1,944.0,0.0
12561,507406,133,1,419.0,0.0
12562,507407,122,1,1994.0,0.0
12563,507408,103,1,2624.0,393.6
12564,507408,144,1,3149.0,472.35
12565,507408,102,1,3674.0,551.1
12566,507409,130,1,734.0,0.0
12567,507410,119,1,2309.0,0.0
12568,507411,136,1,944.0,141.6
12569,507412,111,1,524.0,78.6
12570,507412,117,2,3149.0,944.7
12571,507413,101,1,2099.0,314.85
12572,507414,102,1,3674.0,0.0
12573,507415,116,1,2624.0,0.0
12574,507416,114,1,1259.0,0.0
12575,507417,122,1,1994.0,0.0
12576,507417,136,1,944.0,0.0
12577,507418,119,1,2309.0,0.0
12578,507418,121,1,2939.0,0.0
12579,507419,102,1,3674.0,0.0
12580,507420,117,1,3149.0,0.0
12581,507421,130,2,734.0,220.2
12582,507422,110,1,839.0,0.0
12583,507422,134,1,209.0,0.0
12584,507423,125,1,1364.0,204.6
12585,507424,133,1,419.0,0.0
12586,507424,142,1,839.0,0.0
12587,507425,119,1,2309.0,0.0
12588,507426,131,1,314.0,0.0
12589,507426,116,1,2624.0,0.0
12590,507426,123,2,3464.0,0.0
12591,507427,113,1,1364.0,0.0
12592,507427,117,1,3149.0,0.0
12593,507428,106,2,1574.0,472.2
12594,507428,124,1,1154.0,173.1
12595,507429,143,1,839.0,125.85
12596,507429,130,1,734.0,110.1
12597,507430,104,1,5249.0,0.0
12598,507431,123,2,3464.0,0.0
12599,507431,140,1,629.0,0.0
12600,507432,133,1,419.0,0.0
12601,507433,137,1,261.0,0.0
12602,507434,126,1,471.0,0.0
12603,507435,108,1,419.0,20.95
12604,507436,101,1,2099.0,0.0
12605,507436,103,2,2624.0,0.0
12606,507437,112,2,1574.0,0.0
12607,507437,137,2,261.0,0.0
12608,507438,136,1,944.0,47.2
12609,507438,125,1,1364.0,68.2
12610,507439,104,1,5249.0,0.0
12611,507440,104,1,5249.0,787.35
12612,507441,145,2,629.0,0.0
12613,507441,112,1,1574.0,0.0
12614,507442,113,1,1364.0,0.0
12615,507442,107,1,1259.0,0.0
12616,507442,138,1,419.0,0.0
12617,507443,118,1,944.0,0.0
12618,507444,113,1,1364.0,0.0
12619,507444,117,1,3149.0,0.0
12620,507445,107,1,1259.0,188.85
12621,507446,117,1,3149.0,472.35
12622,507446,116,1,2624.0,393.6
12623,507447,113,1,1364.0,0.0
12624,507447,132,1,471.0,0.0
12625,507448,122,3,1994.0,0.0
12626,507449,134,3,209.0,0.0
12627,507450,105,2,2414.0,724.2
12628,507451,133,1,419.0,62.85
12629,507451,107,1,1259.0,188.85
12630,507452,104,1,5249.0,0.0
12631,507452,102,2,3674.0,0.0
12632,507453,106,1,1574.0,236.1
12633,507454,104,2,5249.0,0.0
12634,507454,116,2,2624.0,0.0
12635,507454,135,2,1574.0,0.0
12636,507455,113,1,1364.0,0.0
12637,507455,107,1,1259.0,0.0
12638,507456,130,1,734.0,0.0
12639,507457,116,2,2624.0,787.2
12640,507457,103,1,2624.0,393.6
12641,507457,115,1,4199.0,629.85
12642,507458,116,1,2624.0,0.0
12643,507458,111,1,524.0,0.0
12644,507458,108,1,419.0,0.0
12645,507459,104,1,5249.0,0.0
12646,507459,109,1,4199.0,0.0
12647,507459,140,2,629.0,0.0
12648,507460,131,1,314.0,0.0
12649,507461,101,1,2099.0,0.0
12650,507462,104,1,5249.0,0.0
12651,507463,142,1,839.0,0.0
12652,507463,137,2,261.0,0.0
12653,507464,113,2,1364.0,0.0
12654,507464,112,1,1574.0,0.0
12655,507465,132,1,471.0,0.0
12656,507465,105,1,2414.0,0.0
12657,507466,101,1,2099.0,314.85
12658,507466,115,1,4199.0,629.85
12659,507467,120,1,734.0,0.0
12660,507467,142,1,839.0,0.0
12661,507468,112,3,1574.0,0.0
12662,507468,125,2,1364.0,0.0
12663,507469,113,1,1364.0,0.0
12664,507470,135,1,1574.0,0.0
12665,507471,113,1,1364.0,204.6
12666,507472,107,1,1259.0,0.0
12667,507472,106,1,1574.0,0.0
12668,507473,131,1,314.0,0.0
12669,507473,111,1,524.0,0.0
12670,507474,103,1,2624.0,0.0
12671,507475,147,1,1364.0,0.0
12672,507475,108,2,419.0,0.0
12673,507475,141,1,261.0,0.0
12674,507476,136,1,944.0,0.0
12675,507476,102,1,3674.0,0.0
12676,507476,121,1,2939.0,0.0
12677,507477,120,1,734.0,110.1
12678,507478,113,1,1364.0,0.0
12679,507479,134,2,209.0,0.0
12680,507480,116,1,2624.0,0.0
12681,507481,133,1,419.0,0.0
12682,507481,112,2,1574.0,0.0
12683,507481,135,2,1574.0,0.0
12684,507482,114,1,1259.0,0.0
12685,507482,147,1,1364.0,0.0
12686,507483,113,1,1364.0,0.0
12687,507483,118,2,944.0,0.0
12688,507483,101,1,2099.0,0.0
12689,507484,115,1,4199.0,0.0
12690,507484,146,1,4724.0,0.0
12691,507485,111,1,524.0,26.2
12692,507485,103,1,2624.0,131.2
12693,507485,112,2,1574.0,157.4
12694,507486,130,1,734.0,110.1
12695,507487,113,1,1364.0,204.6
12696,507487,114,1,1259.0,188.85
12697,507488,107,1,1259.0,0.0
12698,507488,117,1,3149.0,0.0
12699,507488,109,2,4199.0,0.0
12700,507489,107,1,1259.0,0.0
12701,507490,119,1,2309.0,0.0
12702,507491,118,2,944.0,0.0
12703,507492,118,1,944.0,0.0
12704,507492,135,2,1574.0,0.0
12705,507492,107,3,1259.0,0.0
12706,507493,112,2,1574.0,157.4
12707,507493,135,1,1574.0,78.7
12708,507494,134,1,209.0,0.0
12709,507495,136,1,944.0,0.0
12710,507496,123,1,3464.0,0.0
12711,507497,117,1,3149.0,472.35
12712,507498,111,1,524.0,0.0
12713,507499,141,1,261.0,0.0
12714,507499,119,1,2309.0,0.0
12715,507499,129,1,576.0,0.0
12716,507500,108,1,419.0,0.0
12717,507500,114,1,1259.0,0.0
12718,507501,107,1,1259.0,0.0
12719,507501,117,1,3149.0,0.0
12720,507502,115,1,4199.0,629.85
12721,507502,126,1,471.0,70.65
12722,507502,113,1,1364.0,204.6
12723,507503,144,1,3149.0,0.0
12724,507503,141,1,261.0,0.0
12725,507504,109,1,4199.0,0.0
12726,507504,116,1,2624.0,0.0
12727,507505,101,1,2099.0,0.0
12728,507506,132,1,471.0,0.0
12729,507506,112,1,1574.0,0.0
12730,507507,111,3,524.0,0.0
12731,507507,103,1,2624.0,0.0
12732,507508,114,1,1259.0,0.0
12733,507509,120,1,734.0,110.1
12734,507510,118,1,944.0,0.0
12735,507510,115,1,4199.0,0.0
12736,507510,137,2,261.0,0.0
12737,507510,102,1,3674.0,0.0
12738,507511,141,1,261.0,0.0
12739,507512,146,1,4724.0,236.2
12740,507513,124,1,1154.0,0.0
12741,507514,112,1,1574.0,236.1
12742,507515,128,1,1049.0,0.0
12743,507516,102,1,3674.0,551.1
12744,507517,104,1,5249.0,787.35
12745,507517,127,1,681.0,102.15
12746,507517,132,1,471.0,70.65
12747,507518,107,1,1259.0,0.0
12748,507519,130,2,734.0,220.2
12749,507520,126,1,471.0,0.0
12750,507520,117,2,3149.0,0.0
12751,507521,143,1,839.0,0.0
12752,507522,122,1,1994.0,0.0
12753,507522,118,1,944.0,0.0
12754,507522,105,2,2414.0,0.0
12755,507522,130,1,734.0,0.0
12756,507523,115,1,4199.0,0.0
12757,507523,137,2,261.0,0.0
12758,507523,134,1,209.0,0.0
12759,507523,133,1,419.0,0.0
12760,507524,148,3,734.0,0.0
12761,507525,115,1,4199.0,0.0
12762,507526,102,1,3674.0,183.7
12763,507526,136,1,944.0,47.2
12764,507527,141,1,261.0,0.0
12765,507527,102,1,3674.0,0.0
12766,507528,114,1,1259.0,0.0
12767,507529,146,1,4724.0,0.0
12768,507529,102,1,3674.0,0.0
12769,507529,107,1,1259.0,0.0
12770,507530,133,1,419.0,0.0
12771,507531,102,1,3674.0,551.1
12772,507531,110,1,839.0,125.85
12773,507531,137,1,261.0,39.15
12774,507532,145,1,629.0,31.45
12775,507533,105,1,2414.0,120.7
12776,507533,110,3,839.0,125.85
12777,507534,115,1,4199.0,0.0
12778,507535,147,2,1364.0,0.0
12779,507536,136,1,944.0,0.0
12780,507536,131,3,314.0,0.0
12781,507537,126,1,471.0,0.0
12782,507537,120,1,734.0,0.0
12783,507538,141,2,261.0,78.3
12784,507538,112,1,1574.0,236.1
12785,507538,104,1,5249.0,787.35
12786,507538,121,1,2939.0,440.85
12787,507539,121,1,2939.0,440.85
12788,507540,107,1,1259.0,188.85
12789,507541,115,1,4199.0,0.0
12790,507541,144,1,3149.0,0.0
12791,507541,117,1,3149.0,0.0
12792,507542,116,1,2624.0,0.0
12793,507543,137,1,261.0,0.0
12794,507543,116,1,2624.0,0.0
12795,507544,131,1,314.0,0.0
12796,507545,122,1,1994.0,0.0
12797,507546,109,1,4199.0,629.85
12798,507546,116,1,2624.0,393.6
12799,507547,114,1,1259.0,188.85
12800,507548,117,1,3149.0,0.0
12801,507549,141,1,261.0,0.0
12802,507549,107,2,1259.0,0.0
12803,507550,137,1,261.0,39.15
12804,507550,107,1,1259.0,188.85
12805,507551,116,1,2624.0,131.2
12806,507551,135,2,1574.0,157.4
12807,507552,117,1,3149.0,0.0
12808,507553,144,2,3149.0,0.0
12809,507554,104,1,5249.0,262.45
12810,507555,111,1,524.0,0.0
12811,507556,112,1,1574.0,78.7
12812,507557,127,1,681.0,0.0
12813,507558,122,1,1994.0,99.7
12814,507559,103,1,2624.0,0.0
12815,507559,114,1,1259.0,0.0
12816,507560,107,1,1259.0,188.85
12817,507560,113,1,1364.0,204.6
12818,507561,114,1,1259.0,0.0
12819,507561,107,1,1259.0,0.0
12820,507561,121,3,2939.0,0.0
12821,507562,118,1,944.0,0.0
12822,507563,116,1,2624.0,0.0
12823,507563,127,2,681.0,0.0
12824,507564,126,1,471.0,70.65
12825,507564,146,1,4724.0,708.6
12826,507564,104,1,5249.0,787.35
12827,507564,123,1,3464.0,519.6
12828,507565,119,1,2309.0,0.0
12829,507565,101,1,2099.0,0.0
12830,507566,112,1,1574.0,0.0
12831,507566,127,1,681.0,0.0
12832,507566,118,1,944.0,0.0
12833,507567,121,1,2939.0,0.0
12834,507568,116,1,2624.0,0.0
12835,507569,123,2,3464.0,0.0
12836,507570,124,1,1154.0,0.0
12837,507570,147,3,1364.0,0.0
12838,507570,103,1,2624.0,0.0
12839,507571,124,1,1154.0,0.0
12840,507572,124,1,1154.0,173.1
12841,507572,117,1,3149.0,472.35
12842,507573,116,1,2624.0,0.0
12843,507574,142,1,839.0,0.0
12844,507575,145,1,629.0,0.0
12845,507576,143,1,839.0,41.95
12846,507577,107,1,1259.0,0.0
12847,507578,101,2,2099.0,0.0
12848,507579,116,3,2624.0,0.0
12849,507580,111,1,524.0,0.0
12850,507581,122,1,1994.0,0.0
12851,507582,131,1,314.0,0.0
12852,507582,118,1,944.0,0.0
12853,507582,138,1,419.0,0.0
12854,507583,140,1,629.0,0.0
12855,507583,112,1,1574.0,0.0
12856,507583,118,1,944.0,0.0
12857,507584,125,1,1364.0,204.6
12858,507584,112,1,1574.0,236.1
12859,507585,116,1,2624.0,0.0
12860,507586,148,1,734.0,110.1
12861,507586,135,1,1574.0,236.1
12862,507587,135,1,1574.0,78.7
12863,507588,125,1,1364.0,68.2
12864,507589,126,1,471.0,70.65
12865,507590,104,1,5249.0,0.0
12866,507591,133,1,419.0,0.0
12867,507591,135,1,1574.0,0.0
12868,507591,145,1,629.0,0.0
12869,507592,118,1,944.0,141.6
12870,507593,131,2,314.0,0.0
12871,507593,130,2,734.0,0.0
12872,507593,108,1,419.0,0.0
12873,507594,112,1,1574.0,0.0
12874,507594,106,1,1574.0,0.0
12875,507594,107,1,1259.0,0.0
12876,507595,129,1,576.0,0.0
12877,507595,126,1,471.0,0.0
12878,507596,147,1,1364.0,0.0
12879,507597,124,1,1154.0,173.1
12880,507598,118,2,944.0,0.0
12881,507599,106,1,1574.0,0.0
12882,507600,116,1,2624.0,131.2
12883,507600,113,1,1364.0,68.2
12884,507601,118,1,944.0,0.0
12885,507601,126,1,471.0,0.0
12886,507602,109,1,4199.0,0.0
12887,507602,112,2,1574.0,0.0
12888,507603,133,1,419.0,0.0
12889,507604,107,1,1259.0,188.85
12890,507605,106,1,1574.0,0.0
12891,507606,111,1,524.0,0.0
12892,507606,104,1,5249.0,0.0
12893,507607,132,1,471.0,0.0
12894,507607,116,1,2624.0,0.0
12895,507608,104,1,5249.0,0.0
12896,507608,106,1,1574.0,0.0
12897,507609,147,1,1364.0,0.0
12898,507610,107,1,1259.0,0.0
12899,507611,113,1,1364.0,0.0
12900,507612,113,1,1364.0,0.0
12901,507613,128,1,1049.0,0.0
12902,507614,117,1,3149.0,472.35
12903,507615,103,1,2624.0,131.2
12904,507616,107,1,1259.0,0.0
12905,507616,128,1,1049.0,0.0
12906,507616,145,1,629.0,0.0
12907,507617,132,3,471.0,0.0
12908,507617,133,1,419.0,0.0
12909,507617,118,1,944.0,0.0
12910,507618,126,1,471.0,0.0
12911,507619,111,2,524.0,0.0
12912,507620,140,1,629.0,31.45
12913,507621,135,1,1574.0,0.0
12914,507622,131,1,314.0,0.0
12915,507623,109,1,4199.0,0.0
12916,507624,120,1,734.0,0.0
12917,507625,111,1,524.0,78.6
12918,507625,122,1,1994.0,299.1
12919,507625,148,1,734.0,110.1
12920,507626,137,1,261.0,0.0
12921,507627,113,1,1364.0,0.0
12922,507627,127,1,681.0,0.0
12923,507628,106,1,1574.0,0.0
12924,507628,113,1,1364.0,0.0
12925,507629,126,1,471.0,0.0
12926,507630,135,1,1574.0,0.0
12927,507630,132,1,471.0,0.0
12928,507630,117,1,3149.0,0.0
12929,507631,122,1,1994.0,0.0
12930,507632,141,1,261.0,0.0
12931,507633,130,1,734.0,0.0
12932,507633,136,1,944.0,0.0
12933,507634,108,1,419.0,62.85
12934,507635,135,2,1574.0,0.0
12935,507636,107,2,1259.0,0.0
12936,507637,133,1,419.0,0.0
12937,507637,111,1,524.0,0.0
12938,507638,116,1,2624.0,0.0
12939,507639,125,1,1364.0,204.6
12940,507640,127,1,681.0,0.0
12941,507641,124,1,1154.0,173.1
12942,507642,103,1,2624.0,0.0
12943,507642,107,1,1259.0,0.0
12944,507643,140,1,629.0,31.45
12945,507644,147,1,1364.0,0.0
12946,507645,145,1,629.0,94.35
12947,507645,109,1,4199.0,629.85
12948,507646,136,1,944.0,0.0
12949,507647,114,1,1259.0,0.0
12950,507647,107,1,1259.0,0.0
12951,507647,143,1,839.0,0.0
12952,507648,109,1,4199.0,0.0
12953,507649,125,1,1364.0,68.2
12954,507650,104,2,5249.0,1574.7
12955,507651,137,1,261.0,0.0
12956,507651,112,1,1574.0,0.0
12957,507652,130,1,734.0,110.1
12958,507653,102,1,3674.0,0.0
12959,507653,112,1,1574.0,0.0
12960,507653,106,1,1574.0,0.0
12961,507654,116,1,2624.0,0.0
12962,507654,124,2,1154.0,0.0
12963,507654,131,1,314.0,0.0
12964,507654,107,1,1259.0,0.0
12965,507655,116,1,2624.0,393.6
12966,507656,112,1,1574.0,0.0
12967,507656,117,1,3149.0,0.0
12968,507656,106,1,1574.0,0.0
12969,507657,114,2,1259.0,0.0
12970,507658,131,1,314.0,0.0
12971,507658,138,2,419.0,0.0
12972,507659,116,3,2624.0,393.6
12973,507659,120,2,734.0,73.4
12974,507660,121,3,2939.0,1322.55
12975,507661,120,1,734.0,0.0
12976,507661,127,1,681.0,0.0
12977,507662,106,1,1574.0,0.0
12978,507663,111,1,524.0,78.6
12979,507664,131,2,314.0,0.0
12980,507664,137,2,261.0,0.0
12981,507664,130,1,734.0,0.0
12982,507665,106,2,1574.0,472.2
12983,507666,112,1,1574.0,236.1
12984,507666,136,1,944.0,141.6
12985,507666,145,1,629.0,94.35
12986,507667,109,1,4199.0,0.0
12987,507668,134,1,209.0,31.35
12988,507668,118,1,944.0,141.6
12989,507669,104,1,5249.0,0.0
12990,507669,108,1,419.0,0.0
12991,507670,101,1,2099.0,0.0
12992,507670,124,2,1154.0,0.0
12993,507671,143,1,839.0,125.85
12994,507672,118,1,944.0,0.0
12995,507672,127,2,681.0,0.0
12996,507673,115,1,4199.0,0.0
12997,507674,140,1,629.0,94.35
12998,507675,108,1,419.0,0.0
12999,507675,136,1,944.0,0.0
13000,507675,109,1,4199.0,0.0
13001,507675,129,1,576.0,0.0
13002,507676,118,2,944.0,283.2
13003,507676,144,1,3149.0,472.35
13004,507676,113,1,1364.0,204.6
13005,507677,101,2,2099.0,0.0
13006,507677,120,1,734.0,0.0
13007,507677,104,1,5249.0,0.0
13008,507678,147,1,1364.0,0.0
13009,507679,101,1,2099.0,314.85
13010,507680,108,1,419.0,0.0
13011,507681,119,1,2309.0,0.0
13012,507681,123,1,3464.0,0.0
13013,507682,128,1,1049.0,157.35
13014,507682,113,2,1364.0,409.2
13015,507683,120,2,734.0,220.2
13016,507683,104,1,5249.0,787.35
13017,507684,107,2,1259.0,0.0
13018,507684,124,1,1154.0,0.0
13019,507685,114,1,1259.0,0.0
13020,507685,109,1,4199.0,0.0
13021,507686,120,1,734.0,0.0
13022,507687,141,1,261.0,0.0
13023,507687,111,1,524.0,0.0
13024,507688,107,1,1259.0,0.0
13025,507688,104,1,5249.0,0.0
13026,507689,116,1,2624.0,0.0
13027,507689,107,1,1259.0,0.0
13028,507690,142,1,839.0,0.0
13029,507690,102,1,3674.0,0.0
13030,507690,106,1,1574.0,0.0
13031,507691,112,1,1574.0,0.0
13032,507692,107,1,1259.0,0.0
13033,507692,109,1,4199.0,0.0
13034,507693,111,1,524.0,0.0
13035,507694,110,1,839.0,41.95
13036,507694,105,1,2414.0,120.7
13037,507695,104,2,5249.0,0.0
13038,507696,103,1,2624.0,0.0
13039,507697,106,1,1574.0,236.1
13040,507697,133,2,419.0,125.7
13041,507698,102,1,3674.0,0.0
13042,507698,128,1,1049.0,0.0
13043,507699,111,1,524.0,78.6
13044,507700,135,1,1574.0,236.1
13045,507700,114,1,1259.0,188.85
13046,507701,132,1,471.0,0.0
13047,507702,116,2,2624.0,0.0
13048,507702,114,1,1259.0,0.0
13049,507703,130,1,734.0,110.1
13050,507704,117,1,3149.0,0.0
13051,507705,137,1,261.0,39.15
13052,507706,103,1,2624.0,0.0
13053,507706,113,1,1364.0,0.0
13054,507707,112,1,1574.0,0.0
13055,507707,127,3,681.0,0.0
13056,507708,108,1,419.0,0.0
13057,507708,117,1,3149.0,0.0
13058,507709,109,1,4199.0,629.85
13059,507710,112,1,1574.0,236.1
13060,507710,115,1,4199.0,629.85
13061,507711,143,3,839.0,0.0
13062,507711,141,1,261.0,0.0
13063,507711,130,3,734.0,0.0
13064,507711,136,1,944.0,0.0
13065,507712,140,1,629.0,0.0
13066,507712,141,1,261.0,0.0
13067,507712,138,1,419.0,0.0
13068,507712,111,1,524.0,0.0
13069,507713,101,1,2099.0,314.85
13070,507714,145,1,629.0,0.0
13071,507715,145,1,629.0,94.35
13072,507716,102,1,3674.0,551.1
13073,507716,121,1,2939.0,440.85
13074,507717,135,1,1574.0,0.0
13075,507717,140,1,629.0,0.0
13076,507717,120,2,734.0,0.0
13077,507718,144,2,3149.0,0.0
13078,507718,104,1,5249.0,0.0
13079,507718,120,1,734.0,0.0
13080,507719,117,1,3149.0,0.0
13081,507719,132,2,471.0,0.0
13082,507719,104,1,5249.0,0.0
13083,507720,127,1,681.0,0.0
13084,507721,142,1,839.0,0.0
13085,507722,148,2,734.0,73.4
13086,507723,137,1,261.0,0.0
13087,507724,114,1,1259.0,188.85
13088,507725,104,1,5249.0,0.0
13089,507725,120,1,734.0,0.0
13090,507725,117,1,3149.0,0.0
13091,507726,125,1,1364.0,0.0
13092,507727,126,2,471.0,0.0
13093,507727,109,1,4199.0,0.0
13094,507727,148,2,734.0,0.0
13095,507728,129,1,576.0,0.0
13096,507728,114,2,1259.0,0.0
13097,507729,133,2,419.0,0.0
13098,507730,117,1,3149.0,0.0
13099,507731,136,1,944.0,141.6
13100,507732,140,1,629.0,0.0
13101,507733,108,1,419.0,62.85
13102,507733,116,1,2624.0,393.6
13103,507734,109,1,4199.0,0.0
13104,507734,108,1,419.0,0.0
13105,507735,118,2,944.0,283.2
13106,507735,122,1,1994.0,299.1
13107,507735,106,2,1574.0,472.2
13108,507736,109,2,4199.0,0.0
13109,507737,138,1,419.0,0.0
13110,507738,140,1,629.0,31.45
13111,507738,111,1,524.0,26.2
13112,507739,117,1,3149.0,472.35
13113,507740,103,3,2624.0,0.0
13114,507740,113,1,1364.0,0.0
13115,507741,101,1,2099.0,0.0
13116,507742,136,1,944.0,0.0
13117,507743,109,1,4199.0,0.0
13118,507743,137,1,261.0,0.0
13119,507744,117,2,3149.0,0.0
13120,507745,123,1,3464.0,519.6
13121,507745,108,1,419.0,62.85
13122,507745,141,1,261.0,39.15
13123,507746,102,1,3674.0,551.1
13124,507746,118,1,944.0,141.6
13125,507746,147,1,1364.0,204.6
13126,507746,133,1,419.0,62.85
13127,507747,108,1,419.0,20.95
13128,507747,118,1,944.0,47.2
13129,507747,143,1,839.0,41.95
13130,507748,107,1,1259.0,0.0
13131,507749,135,1,1574.0,0.0
13132,507749,111,2,524.0,0.0
13133,507750,132,1,471.0,0.0
13134,507751,108,1,419.0,0.0
13135,507751,101,1,2099.0,0.0
13136,507752,124,1,1154.0,173.1
13137,507753,118,1,944.0,141.6
13138,507753,108,1,419.0,62.85
13139,507753,106,1,1574.0,236.1
13140,507754,130,1,734.0,0.0
13141,507755,108,1,419.0,0.0
13142,507756,111,1,524.0,0.0
13143,507757,117,1,3149.0,0.0
13144,507758,101,1,2099.0,0.0
13145,507759,101,1,2099.0,0.0
13146,507759,132,1,471.0,0.0
13147,507760,116,2,2624.0,0.0
13148,507761,124,2,1154.0,346.2
13149,507762,111,1,524.0,0.0
13150,507762,116,2,2624.0,0.0
13151,507762,147,1,1364.0,0.0
13152,507762,117,1,3149.0,0.0
13153,507763,101,1,2099.0,314.85
13154,507764,120,1,734.0,0.0
13155,507765,116,1,2624.0,0.0
13156,507766,147,1,1364.0,0.0
13157,507767,134,1,209.0,0.0
13158,507768,134,2,209.0,62.7
13159,507769,146,3,4724.0,0.0
13160,507769,116,1,2624.0,0.0
13161,507769,115,1,4199.0,0.0
13162,507770,116,1,2624.0,0.0
13163,507770,101,1,2099.0,0.0
13164,507770,128,2,1049.0,0.0
13165,507770,109,1,4199.0,0.0
13166,507771,107,1,1259.0,62.95
13167,507772,104,2,5249.0,0.0
13168,507773,124,1,1154.0,0.0
13169,507774,110,1,839.0,125.85
13170,507775,120,1,734.0,0.0
13171,507776,111,1,524.0,0.0
13172,507777,114,1,1259.0,0.0
13173,507778,117,1,3149.0,0.0
13174,507779,127,1,681.0,0.0
13175,507780,110,1,839.0,0.0
13176,507781,116,1,2624.0,0.0
13177,507782,142,1,839.0,125.85
13178,507783,111,1,524.0,0.0
13179,507783,117,1,3149.0,0.0
13180,507784,130,1,734.0,110.1
13181,507785,117,1,3149.0,0.0
13182,507785,131,1,314.0,0.0
13183,507786,126,1,471.0,70.65
13184,507786,131,1,314.0,47.1
13185,507786,125,2,1364.0,409.2
13186,507786,133,1,419.0,62.85
13187,507787,140,1,629.0,0.0
13188,507787,113,1,1364.0,0.0
13189,507788,139,1,366.0,0.0
13190,507789,135,1,1574.0,0.0
13191,507790,108,2,419.0,0.0
13192,507791,113,1,1364.0,0.0
13193,507792,103,2,2624.0,0.0
13194,507793,110,1,839.0,0.0
13195,507794,131,1,314.0,0.0
13196,507794,128,1,1049.0,0.0
13197,507795,114,1,1259.0,0.0
13198,507796,123,1,3464.0,0.0
13199,507797,134,1,209.0,0.0
13200,507797,107,1,1259.0,0.0
13201,507798,116,1,2624.0,0.0
13202,507799,118,2,944.0,0.0
13203,507799,111,1,524.0,0.0
13204,507800,126,3,471.0,0.0
13205,507800,105,1,2414.0,0.0
13206,507801,103,1,2624.0,393.6
13207,507802,120,1,734.0,0.0
13208,507802,109,1,4199.0,0.0
13209,507803,106,1,1574.0,236.1
13210,507804,123,1,3464.0,519.6
13211,507805,144,1,3149.0,0.0
13212,507806,147,1,1364.0,204.6
13213,507806,118,2,944.0,283.2
13214,507807,137,2,261.0,0.0
13215,507807,118,1,944.0,0.0
13216,507808,104,1,5249.0,0.0
13217,507809,141,3,261.0,0.0
13218,507810,112,2,1574.0,0.0
13219,507811,115,2,4199.0,0.0
13220,507812,111,2,524.0,157.2
13221,507812,122,1,1994.0,299.1
13222,507813,103,2,2624.0,787.2
13223,507814,114,2,1259.0,0.0
13224,507815,111,1,524.0,26.2
13225,507816,138,3,419.0,0.0
13226,507817,117,1,3149.0,0.0
13227,507818,123,1,3464.0,0.0
13228,507819,109,1,4199.0,629.85
13229,507820,124,1,1154.0,0.0
13230,507821,115,1,4199.0,629.85
13231,507821,118,1,944.0,141.6
13232,507821,116,1,2624.0,393.6
13233,507822,104,1,5249.0,262.45
13234,507823,147,1,1364.0,204.6
13235,507823,129,1,576.0,86.4
13236,507823,126,1,471.0,70.65
13237,507824,131,1,314.0,0.0
13238,507824,111,1,524.0,0.0
13239,507825,137,1,261.0,0.0
13240,507826,111,1,524.0,0.0
13241,507826,105,1,2414.0,0.0
13242,507827,112,1,1574.0,0.0
13243,507827,137,1,261.0,0.0
13244,507827,123,1,3464.0,0.0
13245,507827,115,1,4199.0,0.0
13246,507828,120,1,734.0,0.0
13247,507828,130,1,734.0,0.0
13248,507828,128,1,1049.0,0.0
13249,507828,115,1,4199.0,0.0
13250,507829,124,1,1154.0,0.0
13251,507829,122,1,1994.0,0.0
13252,507830,111,1,524.0,0.0
13253,507831,115,2,4199.0,419.9
13254,507831,136,1,944.0,47.2
13255,507832,109,1,4199.0,629.85
13256,507833,123,1,3464.0,519.6
13257,507834,140,1,629.0,0.0
13258,507834,145,1,629.0,0.0
13259,507835,147,1,1364.0,0.0
13260,507836,129,1,576.0,0.0
13261,507836,111,1,524.0,0.0
13262,507837,141,1,261.0,0.0
13263,507838,147,1,1364.0,0.0
13264,507838,131,1,314.0,0.0
13265,507838,112,1,1574.0,0.0
13266,507839,122,1,1994.0,0.0
13267,507839,108,1,419.0,0.0
13268,507839,104,1,5249.0,0.0
13269,507839,121,2,2939.0,0.0
13270,507840,111,1,524.0,0.0
13271,507841,112,1,1574.0,236.1
13272,507842,128,1,1049.0,157.35
13273,507843,104,1,5249.0,0.0
13274,507843,129,1,576.0,0.0
13275,507844,114,1,1259.0,0.0
13276,507844,115,1,4199.0,0.0
13277,507844,109,1,4199.0,0.0
13278,507844,107,1,1259.0,0.0
13279,507845,141,1,261.0,0.0
13280,507846,145,1,629.0,94.35
13281,507847,103,3,2624.0,0.0
13282,507848,104,2,5249.0,0.0
13283,507848,131,1,314.0,0.0
13284,507849,138,2,419.0,0.0
13285,507850,119,1,2309.0,0.0
13286,507851,109,1,4199.0,0.0
13287,507851,110,1,839.0,0.0
13288,507852,139,2,366.0,0.0
13289,507852,116,1,2624.0,0.0
13290,507853,138,1,419.0,0.0
13291,507854,128,1,1049.0,157.35
13292,507854,116,1,2624.0,393.6
13293,507854,134,2,209.0,62.7
13294,507854,107,2,1259.0,377.7
13295,507855,106,1,1574.0,236.1
13296,507856,116,1,2624.0,0.0
13297,507857,111,3,524.0,0.0
13298,507858,113,1,1364.0,204.6
13299,507858,116,1,2624.0,393.6
13300,507858,102,1,3674.0,551.1
13301,507858,107,1,1259.0,188.85
13302,507859,120,1,734.0,0.0
13303,507859,138,1,419.0,0.0
13304,507860,118,1,944.0,0.0
13305,507861,118,1,944.0,47.2
13306,507862,111,1,524.0,78.6
13307,507862,143,1,839.0,125.85
13308,507862,125,1,1364.0,204.6
13309,507862,130,1,734.0,110.1
13310,507863,125,1,1364.0,68.2
13311,507863,127,1,681.0,34.05
13312,507863,101,1,2099.0,104.95
13313,507864,127,2,681.0,0.0
13314,507864,148,1,734.0,0.0
13315,507865,132,1,471.0,70.65
13316,507865,124,1,1154.0,173.1
13317,507866,112,1,1574.0,0.0
13318,507867,106,1,1574.0,236.1
13319,507868,142,2,839.0,0.0
13320,507869,143,1,839.0,0.0
13321,507869,109,1,4199.0,0.0
13322,507870,106,1,1574.0,236.1
13323,507870,120,1,734.0,110.1
13324,507870,116,1,2624.0,393.6
13325,507871,111,1,524.0,0.0
13326,507872,116,1,2624.0,0.0
13327,507873,148,1,734.0,0.0
13328,507873,132,1,471.0,0.0
13329,507873,105,1,2414.0,0.0
13330,507874,144,1,3149.0,157.45
13331,507875,120,1,734.0,0.0
13332,507876,134,1,209.0,0.0
13333,507877,118,1,944.0,0.0
13334,507878,111,1,524.0,0.0
13335,507878,139,1,366.0,0.0
13336,507879,136,1,944.0,141.6
13337,507880,106,1,1574.0,236.1
13338,507881,120,1,734.0,0.0
13339,507881,145,1,629.0,0.0
13340,507881,104,1,5249.0,0.0
13341,507881,130,1,734.0,0.0
13342,507882,111,1,524.0,0.0
13343,507882,110,1,839.0,0.0
13344,507883,117,1,3149.0,0.0
13345,507884,118,1,944.0,0.0
13346,507885,144,1,3149.0,472.35
13347,507886,133,1,419.0,62.85
13348,507887,130,2,734.0,0.0
13349,507888,124,1,1154.0,0.0
13350,507888,135,2,1574.0,0.0
13351,507889,138,1,419.0,0.0
13352,507890,133,2,419.0,0.0
13353,507891,101,1,2099.0,314.85
13354,507891,107,1,1259.0,188.85
13355,507892,104,1,5249.0,0.0
13356,507893,125,1,1364.0,0.0
13357,507894,133,1,419.0,0.0
13358,507894,120,1,734.0,0.0
13359,507894,116,2,2624.0,0.0
13360,507895,116,1,2624.0,0.0
13361,507895,112,2,1574.0,0.0
13362,507895,107,1,1259.0,0.0
13363,507896,137,1,261.0,13.05
13364,507896,112,1,1574.0,78.7
13365,507897,114,2,1259.0,0.0
13366,507898,104,1,5249.0,0.0
13367,507898,106,1,1574.0,0.0
13368,507898,103,1,2624.0,0.0
13369,507899,116,1,2624.0,393.6
13370,507899,111,2,524.0,157.2
13371,507900,121,3,2939.0,440.85
13372,507901,108,1,419.0,0.0
13373,507901,122,1,1994.0,0.0
13374,507901,130,1,734.0,0.0
13375,507901,104,1,5249.0,0.0
13376,507902,128,1,1049.0,0.0
13377,507903,135,3,1574.0,708.3
13378,507903,140,2,629.0,188.7
13379,507904,118,2,944.0,0.0
13380,507904,108,1,419.0,0.0
13381,507905,128,1,1049.0,0.0
13382,507905,130,1,734.0,0.0
13383,507906,139,1,366.0,18.3
13384,507906,117,1,3149.0,157.45
13385,507906,107,3,1259.0,188.85
13386,507907,128,1,1049.0,0.0
13387,507908,137,1,261.0,0.0
13388,507909,137,1,261.0,0.0
13389,507910,112,2,1574.0,0.0
13390,507910,145,3,629.0,0.0
13391,507911,138,1,419.0,20.95
13392,507911,117,1,3149.0,157.45
13393,507912,131,1,314.0,0.0
13394,507912,123,1,3464.0,0.0
13395,507913,111,1,524.0,0.0
13396,507914,111,1,524.0,0.0
13397,507914,130,2,734.0,0.0
13398,507915,107,2,1259.0,377.7
13399,507916,118,1,944.0,0.0
13400,507917,142,1,839.0,0.0
13401,507918,101,1,2099.0,0.0
13402,507918,137,3,261.0,0.0
13403,507919,116,1,2624.0,131.2
13404,507919,131,1,314.0,15.7
13405,507919,124,1,1154.0,57.7
13406,507919,111,1,524.0,26.2
13407,507920,135,1,1574.0,0.0
13408,507921,117,1,3149.0,157.45
13409,507922,120,1,734.0,0.0
13410,507922,147,1,1364.0,0.0
13411,507922,110,1,839.0,0.0
13412,507922,116,3,2624.0,0.0
13413,507923,118,1,944.0,47.2
13414,507924,117,1,3149.0,472.35
13415,507925,116,1,2624.0,0.0
13416,507926,136,2,944.0,283.2
13417,507926,143,1,839.0,125.85
13418,507926,113,2,1364.0,409.2
13419,507927,103,1,2624.0,0.0
13420,507927,143,2,839.0,0.0
13421,507928,118,2,944.0,283.2
13422,507929,106,2,1574.0,0.0
13423,507929,107,1,1259.0,0.0
13424,507929,111,1,524.0,0.0
13425,507930,102,1,3674.0,551.1
13426,507931,108,1,419.0,0.0
13427,507931,104,1,5249.0,0.0
13428,507931,120,2,734.0,0.0
13429,507931,144,1,3149.0,0.0
13430,507932,118,1,944.0,0.0
13431,507932,106,1,1574.0,0.0
13432,507933,142,1,839.0,0.0
13433,507934,137,1,261.0,0.0
13434,507935,137,1,261.0,39.15
13435,507935,102,2,3674.0,1102.2
13436,507935,120,2,734.0,220.2
13437,507936,111,1,524.0,0.0
13438,507937,110,1,839.0,0.0
13439,507938,114,3,1259.0,566.55
13440,507939,113,1,1364.0,0.0
13441,507940,113,1,1364.0,0.0
13442,507940,111,1,524.0,0.0
13443,507941,134,1,209.0,0.0
13444,507941,130,2,734.0,0.0
13445,507941,114,1,1259.0,0.0
13446,507941,123,1,3464.0,0.0
13447,507942,130,1,734.0,110.1
13448,507943,110,1,839.0,0.0
13449,507943,117,1,3149.0,0.0
13450,507944,143,1,839.0,0.0
13451,507945,135,2,1574.0,0.0
13452,507946,117,1,3149.0,0.0
13453,507946,111,1,524.0,0.0
13454,507946,118,1,944.0,0.0
13455,507946,124,3,1154.0,0.0
13456,507947,118,1,944.0,0.0
13457,507947,113,1,1364.0,0.0
13458,507948,124,1,1154.0,0.0
13459,507949,107,1,1259.0,0.0
13460,507949,119,2,2309.0,0.0
13461,507949,104,1,5249.0,0.0
13462,507949,123,2,3464.0,0.0
13463,507950,127,1,681.0,0.0
13464,507951,118,1,944.0,0.0
13465,507951,105,1,2414.0,0.0
13466,507951,135,1,1574.0,0.0
13467,507951,117,1,3149.0,0.0
13468,507952,103,1,2624.0,393.6
13469,507953,106,1,1574.0,0.0
13470,507954,140,1,629.0,0.0
13471,507955,108,1,419.0,0.0
13472,507956,141,1,261.0,39.15
13473,507956,128,2,1049.0,314.7
13474,507957,103,1,2624.0,0.0
13475,507957,126,1,471.0,0.0
13476,507957,125,1,1364.0,0.0
13477,507958,114,1,1259.0,188.85
13478,507959,103,1,2624.0,393.6
13479,507959,116,1,2624.0,393.6
13480,507960,143,1,839.0,0.0
13481,507960,120,1,734.0,0.0
13482,507961,148,1,734.0,110.1
13483,507961,111,1,524.0,78.6
13484,507961,109,1,4199.0,629.85
13485,507961,107,1,1259.0,188.85
13486,507962,129,1,576.0,0.0
13487,507962,118,1,944.0,0.0
13488,507963,145,1,629.0,0.0
13489,507964,134,1,209.0,10.45
13490,507964,113,1,1364.0,68.2
13491,507964,125,2,1364.0,136.4
13492,507965,145,1,629.0,0.0
13493,507965,133,1,419.0,0.0
13494,507965,147,1,1364.0,0.0
13495,507966,118,1,944.0,0.0
13496,507966,125,1,1364.0,0.0
13497,507966,120,2,734.0,0.0
13498,507967,137,1,261.0,0.0
13499,507967,145,1,629.0,0.0
13500,507968,142,3,839.0,0.0
13501,507969,131,1,314.0,0.0
13502,507969,145,1,629.0,0.0
13503,507969,116,1,2624.0,0.0
13504,507970,135,2,1574.0,472.2
13505,507971,125,1,1364.0,0.0
13506,507972,117,2,3149.0,0.0
13507,507973,107,1,1259.0,188.85
13508,507973,116,1,2624.0,393.6
13509,507974,134,1,209.0,31.35
13510,507975,120,1,734.0,110.1
13511,507976,111,1,524.0,0.0
13512,507977,105,1,2414.0,120.7
13513,507978,102,1,3674.0,0.0
13514,507978,123,1,3464.0,0.0
13515,507979,107,1,1259.0,0.0
13516,507979,138,1,419.0,0.0
13517,507979,127,1,681.0,0.0
13518,507979,113,1,1364.0,0.0
13519,507980,101,1,2099.0,314.85
13520,507981,117,2,3149.0,0.0
13521,507982,121,1,2939.0,0.0
13522,507983,118,1,944.0,0.0
13523,507983,135,1,1574.0,0.0
13524,507984,124,2,1154.0,346.2
13525,507985,118,1,944.0,0.0
13526,507986,107,1,1259.0,0.0
13527,507986,126,1,471.0,0.0
13528,507987,116,1,2624.0,393.6
13529,507987,123,1,3464.0,519.6
13530,507988,137,1,261.0,0.0
13531,507989,113,1,1364.0,204.6
13532,507990,131,1,314.0,0.0
13533,507991,122,1,1994.0,0.0
13534,507991,113,1,1364.0,0.0
13535,507991,137,1,261.0,0.0
13536,507992,112,1,1574.0,0.0
13537,507992,101,1,2099.0,0.0
13538,507993,122,1,1994.0,0.0
13539,507993,103,1,2624.0,0.0
13540,507993,114,1,1259.0,0.0
13541,507994,123,1,3464.0,0.0
13542,507994,104,1,5249.0,0.0
13543,507995,128,2,1049.0,104.9
13544,507995,123,1,3464.0,173.2
13545,507995,116,1,2624.0,131.2
13546,507995,118,1,944.0,47.2
13547,507996,137,1,261.0,0.0
13548,507997,120,2,734.0,0.0
13549,507998,106,2,1574.0,0.0
13550,507998,116,1,2624.0,0.0
13551,507999,109,1,4199.0,0.0
13552,508000,102,1,3674.0,0.0
13553,508000,131,1,314.0,0.0
13554,508001,144,2,3149.0,944.7
13555,508001,137,1,261.0,39.15
13556,508002,126,3,471.0,0.0
13557,508002,147,1,1364.0,0.0
13558,508003,103,1,2624.0,0.0
13559,508004,113,1,1364.0,204.6
13560,508005,122,1,1994.0,0.0
13561,508005,103,1,2624.0,0.0
13562,508006,103,1,2624.0,131.2
13563,508006,118,2,944.0,94.4
13564,508006,132,1,471.0,23.55
13565,508006,147,2,1364.0,136.4
13566,508007,103,1,2624.0,0.0
13567,508007,117,1,3149.0,0.0
13568,508008,115,1,4199.0,0.0
13569,508009,121,1,2939.0,0.0
13570,508010,130,1,734.0,0.0
13571,508011,136,2,944.0,94.4
13572,508012,112,1,1574.0,0.0
13573,508013,139,1,366.0,54.9
13574,508013,118,2,944.0,283.2
13575,508014,116,1,2624.0,0.0
13576,508015,134,1,209.0,0.0
13577,508015,107,1,1259.0,0.0
13578,508015,118,1,944.0,0.0
13579,508016,118,1,944.0,0.0
13580,508016,114,1,1259.0,0.0
13581,508016,103,2,2624.0,0.0
13582,508017,109,2,4199.0,0.0
13583,508018,140,1,629.0,0.0
13584,508019,132,1,471.0,70.65
13585,508020,144,1,3149.0,472.35
13586,508021,142,1,839.0,0.0
13587,508022,109,1,4199.0,0.0
13588,508022,108,1,419.0,0.0
13589,508023,114,1,1259.0,0.0
13590,508023,102,1,3674.0,0.0
13591,508024,138,1,419.0,0.0
13592,508024,111,1,524.0,0.0
13593,508024,116,1,2624.0,0.0
13594,508025,131,3,314.0,0.0
13595,508026,135,1,1574.0,0.0
13596,508026,107,1,1259.0,0.0
13597,508026,126,1,471.0,0.0
13598,508026,144,1,3149.0,0.0
13599,508027,144,1,3149.0,0.0
13600,508028,146,1,4724.0,236.2
13601,508029,132,1,471.0,0.0
13602,508030,121,1,2939.0,0.0
13603,508031,137,1,261.0,0.0
13604,508031,119,1,2309.0,0.0
13605,508032,123,2,3464.0,0.0
13606,508032,107,1,1259.0,0.0
13607,508032,146,1,4724.0,0.0
13608,508033,128,3,1049.0,0.0
13609,508033,130,1,734.0,0.0
13610,508034,138,1,419.0,0.0
13611,508034,104,1,5249.0,0.0
13612,508034,125,1,1364.0,0.0
13613,508035,114,1,1259.0,0.0
13614,508035,148,1,734.0,0.0
13615,508035,111,1,524.0,0.0
13616,508036,112,1,1574.0,0.0
13617,508036,107,1,1259.0,0.0
13618,508037,146,1,4724.0,708.6
13619,508037,134,1,209.0,31.35
13620,508038,119,1,2309.0,0.0
13621,508039,135,1,1574.0,0.0
13622,508039,126,1,471.0,0.0
13623,508040,115,1,4199.0,0.0
13624,508040,136,1,944.0,0.0
13625,508040,133,1,419.0,0.0
13626,508041,122,1,1994.0,0.0
13627,508042,107,1,1259.0,0.0
13628,508042,124,1,1154.0,0.0
13629,508042,116,1,2624.0,0.0
13630,508043,138,1,419.0,0.0
13631,508043,103,1,2624.0,0.0
13632,508044,101,1,2099.0,314.85
13633,508045,108,1,419.0,62.85
13634,508045,129,3,576.0,259.2
13635,508046,109,1,4199.0,0.0
13636,508046,101,1,2099.0,0.0
13637,508047,134,1,209.0,0.0
13638,508048,103,2,2624.0,0.0
13639,508049,127,1,681.0,0.0
13640,508049,118,1,944.0,0.0
13641,508049,116,1,2624.0,0.0
13642,508050,114,1,1259.0,0.0
13643,508050,117,2,3149.0,0.0
13644,508051,107,2,1259.0,377.7
13645,508052,138,2,419.0,125.7
13646,508053,124,1,1154.0,0.0
13647,508053,135,1,1574.0,0.0
13648,508054,119,1,2309.0,0.0
13649,508055,116,2,2624.0,787.2
13650,508056,112,1,1574.0,0.0
13651,508057,135,1,1574.0,0.0
13652,508057,138,1,419.0,0.0
13653,508057,102,1,3674.0,0.0
13654,508058,143,2,839.0,251.7
13655,508058,140,1,629.0,94.35
13656,508059,127,1,681.0,0.0
13657,508059,106,1,1574.0,0.0
13658,508060,103,1,2624.0,0.0
13659,508060,144,1,3149.0,0.0
13660,508061,104,1,5249.0,262.45
13661,508062,113,3,1364.0,0.0
13662,508063,147,1,1364.0,0.0
13663,508064,116,2,2624.0,0.0
13664,508065,124,2,1154.0,346.2
13665,508065,112,2,1574.0,472.2
13666,508065,120,1,734.0,110.1
13667,508066,103,3,2624.0,0.0
13668,508066,123,1,3464.0,0.0
13669,508066,126,2,471.0,0.0
13670,508066,148,1,734.0,0.0
13671,508067,125,1,1364.0,0.0
13672,508068,123,1,3464.0,0.0
13673,508068,118,1,944.0,0.0
13674,508068,111,1,524.0,0.0
13675,508069,106,1,1574.0,0.0
13676,508069,140,1,629.0,0.0
13677,508070,134,1,209.0,0.0
13678,508070,106,1,1574.0,0.0
13679,508071,117,1,3149.0,0.0
13680,508071,144,2,3149.0,0.0
13681,508072,111,1,524.0,78.6
13682,508073,102,1,3674.0,0.0
13683,508073,104,1,5249.0,0.0
13684,508074,123,1,3464.0,0.0
13685,508074,111,1,524.0,0.0
13686,508075,131,1,314.0,0.0
13687,508076,113,1,1364.0,0.0
13688,508076,143,1,839.0,0.0
13689,508077,122,1,1994.0,0.0
13690,508077,119,3,2309.0,0.0
13691,508078,138,1,419.0,0.0
13692,508079,107,1,1259.0,188.85
13693,508079,106,1,1574.0,236.1
13694,508079,104,1,5249.0,787.35
13695,508080,102,1,3674.0,0.0
13696,508080,123,2,3464.0,0.0
13697,508081,109,1,4199.0,0.0
13698,508081,116,1,2624.0,0.0
13699,508082,111,2,524.0,157.2
13700,508082,137,2,261.0,78.3
13701,508083,113,1,1364.0,204.6
13702,508083,140,1,629.0,94.35
13703,508084,123,1,3464.0,173.2
13704,508084,102,1,3674.0,183.7
13705,508084,114,1,1259.0,62.95
13706,508085,116,1,2624.0,0.0
13707,508086,123,1,3464.0,0.0
13708,508087,120,1,734.0,110.1
13709,508088,147,1,1364.0,0.0
13710,508089,117,1,3149.0,0.0
13711,508089,140,1,629.0,0.0
13712,508089,114,1,1259.0,0.0
13713,508089,138,1,419.0,0.0
13714,508090,144,1,3149.0,0.0
13715,508090,103,1,2624.0,0.0
13716,508091,116,1,2624.0,0.0
13717,508091,143,1,839.0,0.0
13718,508092,135,1,1574.0,78.7
13719,508093,103,1,2624.0,0.0
13720,508094,117,1,3149.0,0.0
13721,508094,140,1,629.0,0.0
13722,508094,118,1,944.0,0.0
13723,508095,140,1,629.0,0.0
13724,508095,117,2,3149.0,0.0
13725,508095,112,2,1574.0,0.0
13726,508096,104,1,5249.0,0.0
13727,508097,128,1,1049.0,0.0
13728,508097,103,1,2624.0,0.0
13729,508098,135,1,1574.0,236.1
13730,508099,111,1,524.0,78.6
13731,508100,145,1,629.0,94.35
13732,508101,107,1,1259.0,188.85
13733,508102,126,1,471.0,0.0
13734,508102,101,1,2099.0,0.0
13735,508103,143,1,839.0,125.85
13736,508103,118,2,944.0,283.2
13737,508103,140,3,629.0,283.05
13738,508104,143,1,839.0,0.0
13739,508105,108,1,419.0,0.0
13740,508105,119,1,2309.0,0.0
13741,508106,144,1,3149.0,0.0
13742,508106,130,1,734.0,0.0
13743,508106,112,1,1574.0,0.0
13744,508107,136,1,944.0,141.6
13745,508108,101,1,2099.0,0.0
13746,508109,137,1,261.0,0.0
13747,508109,130,1,734.0,0.0
13748,508110,135,1,1574.0,236.1
13749,508110,137,1,261.0,39.15
13750,508111,127,1,681.0,34.05
13751,508111,132,1,471.0,23.55
13752,508112,119,1,2309.0,0.0
13753,508113,116,1,2624.0,131.2
13754,508113,115,2,4199.0,419.9
13755,508113,120,1,734.0,36.7
13756,508113,122,2,1994.0,199.4
13757,508114,132,1,471.0,0.0
13758,508114,137,1,261.0,0.0
13759,508115,122,1,1994.0,0.0
13760,508116,117,1,3149.0,0.0
13761,508117,126,1,471.0,0.0
13762,508118,108,2,419.0,0.0
13763,508118,101,1,2099.0,0.0
13764,508118,125,1,1364.0,0.0
13765,508118,127,1,681.0,0.0
13766,508119,117,1,3149.0,0.0
13767,508120,120,1,734.0,0.0
13768,508120,104,1,5249.0,0.0
13769,508120,116,1,2624.0,0.0
13770,508121,113,1,1364.0,0.0
13771,508122,113,1,1364.0,0.0
13772,508122,136,1,944.0,0.0
13773,508122,102,1,3674.0,0.0
13774,508123,123,2,3464.0,0.0
13775,508124,141,1,261.0,0.0
13776,508125,137,1,261.0,0.0
13777,508125,116,2,2624.0,0.0
13778,508126,138,1,419.0,0.0
13779,508126,147,1,1364.0,0.0
13780,508126,137,1,261.0,0.0
13781,508127,105,1,2414.0,362.1
13782,508127,126,2,471.0,141.3
13783,508128,126,1,471.0,23.55
13784,508128,148,1,734.0,36.7
13785,508129,102,3,3674.0,0.0
13786,508130,102,1,3674.0,0.0
13787,508130,112,1,1574.0,0.0
13788,508131,135,1,1574.0,0.0
13789,508132,132,1,471.0,0.0
13790,508133,131,1,314.0,0.0
13791,508133,134,1,209.0,0.0
13792,508134,137,2,261.0,78.3
13793,508134,123,1,3464.0,519.6
13794,508134,113,1,1364.0,204.6
13795,508134,107,1,1259.0,188.85
13796,508135,147,1,1364.0,204.6
13797,508135,113,1,1364.0,204.6
13798,508136,136,1,944.0,0.0
13799,508136,114,1,1259.0,0.0
13800,508137,111,2,524.0,0.0
13801,508137,116,2,2624.0,0.0
13802,508137,112,1,1574.0,0.0
13803,508138,112,1,1574.0,0.0
13804,508138,129,1,576.0,0.0
13805,508138,122,1,1994.0,0.0
13806,508139,131,1,314.0,0.0
13807,508140,134,1,209.0,0.0
13808,508140,109,2,4199.0,0.0
13809,508140,103,1,2624.0,0.0
13810,508141,111,1,524.0,78.6
13811,508142,101,2,2099.0,629.7
13812,508142,105,1,2414.0,362.1
13813,508143,138,1,419.0,0.0
13814,508144,116,1,2624.0,393.6
13815,508145,138,1,419.0,0.0
13816,508146,103,1,2624.0,393.6
13817,508146,102,1,3674.0,551.1
13818,508146,119,1,2309.0,346.35
13819,508147,147,3,1364.0,0.0
13820,508147,118,1,944.0,0.0
13821,508147,144,1,3149.0,0.0
13822,508148,110,1,839.0,125.85
13823,508148,106,3,1574.0,708.3
13824,508149,147,1,1364.0,204.6
13825,508150,107,2,1259.0,377.7
13826,508150,142,1,839.0,125.85
13827,508151,121,1,2939.0,440.85
13828,508152,113,3,1364.0,0.0
13829,508153,147,1,1364.0,0.0
13830,508154,124,2,1154.0,0.0
13831,508155,134,1,209.0,0.0
13832,508156,140,1,629.0,0.0
13833,508157,126,1,471.0,0.0
13834,508157,101,1,2099.0,0.0
13835,508158,124,1,1154.0,173.1
13836,508158,134,1,209.0,31.35
13837,508159,104,1,5249.0,0.0
13838,508160,107,1,1259.0,0.0
13839,508161,117,1,3149.0,472.35
13840,508161,113,2,1364.0,409.2
13841,508162,114,1,1259.0,0.0
13842,508163,118,1,944.0,0.0
13843,508164,107,2,1259.0,377.7
13844,508165,118,1,944.0,0.0
13845,508166,107,1,1259.0,0.0
13846,508166,106,1,1574.0,0.0
13847,508167,105,1,2414.0,0.0
13848,508167,117,1,3149.0,0.0
13849,508167,108,2,419.0,0.0
13850,508168,143,1,839.0,125.85
13851,508168,113,1,1364.0,204.6
13852,508168,112,1,1574.0,236.1
13853,508169,112,2,1574.0,0.0
13854,508170,123,1,3464.0,0.0
13855,508171,138,1,419.0,0.0
13856,508172,136,2,944.0,0.0
13857,508172,139,1,366.0,0.0
13858,508172,122,1,1994.0,0.0
13859,508173,141,1,261.0,39.15
13860,508174,123,1,3464.0,0.0
13861,508175,109,1,4199.0,0.0
13862,508176,131,1,314.0,47.1
13863,508177,118,1,944.0,0.0
13864,508178,122,1,1994.0,0.0
13865,508179,115,3,4199.0,1889.55
13866,508179,106,1,1574.0,236.1
13867,508179,140,1,629.0,94.35
13868,508180,144,1,3149.0,0.0
13869,508181,125,1,1364.0,0.0
13870,508182,116,3,2624.0,1180.8
13871,508182,128,1,1049.0,157.35
13872,508183,109,1,4199.0,209.95
13873,508183,118,1,944.0,47.2
13874,508183,123,1,3464.0,173.2
13875,508184,137,1,261.0,39.15
13876,508184,136,1,944.0,141.6
13877,508185,147,2,1364.0,409.2
13878,508185,139,1,366.0,54.9
13879,508185,137,1,261.0,39.15
13880,508186,144,1,3149.0,0.0
13881,508186,112,2,1574.0,0.0
13882,508187,131,2,314.0,0.0
13883,508187,140,1,629.0,0.0
13884,508187,139,1,366.0,0.0
13885,508187,102,1,3674.0,0.0
13886,508188,134,2,209.0,0.0
13887,508188,141,1,261.0,0.0
13888,508189,130,1,734.0,0.0
13889,508190,127,1,681.0,34.05
13890,508190,111,1,524.0,26.2
13891,508190,120,1,734.0,36.7
13892,508190,112,1,1574.0,78.7
13893,508191,130,1,734.0,0.0
13894,508192,144,1,3149.0,0.0
13895,508193,110,2,839.0,0.0
13896,508193,114,1,1259.0,0.0
13897,508194,104,1,5249.0,0.0
13898,508194,113,1,1364.0,0.0
13899,508195,107,1,1259.0,0.0
13900,508195,116,1,2624.0,0.0
13901,508196,107,1,1259.0,0.0
13902,508196,118,1,944.0,0.0
13903,508197,137,1,261.0,0.0
13904,508197,104,1,5249.0,0.0
13905,508198,111,1,524.0,0.0
13906,508199,104,1,5249.0,0.0
13907,508199,113,1,1364.0,0.0
13908,508200,138,1,419.0,0.0
13909,508200,121,1,2939.0,0.0
13910,508201,101,1,2099.0,0.0
13911,508202,147,1,1364.0,0.0
13912,508203,142,1,839.0,0.0
13913,508203,135,2,1574.0,0.0
13914,508203,109,1,4199.0,0.0
13915,508204,143,1,839.0,125.85
13916,508205,141,1,261.0,0.0
13917,508206,124,1,1154.0,0.0
13918,508207,122,1,1994.0,299.1
13919,508208,135,2,1574.0,0.0
13920,508208,143,1,839.0,0.0
13921,508209,128,1,1049.0,0.0
13922,508210,136,2,944.0,0.0
13923,508211,130,1,734.0,0.0
13924,508212,140,1,629.0,0.0
13925,508213,136,1,944.0,47.2
13926,508213,116,1,2624.0,131.2
13927,508214,125,1,1364.0,204.6
13928,508215,115,2,4199.0,0.0
13929,508216,108,1,419.0,0.0
13930,508217,107,1,1259.0,0.0
13931,508217,102,1,3674.0,0.0
13932,508217,126,1,471.0,0.0
13933,508218,110,1,839.0,0.0
13934,508219,136,2,944.0,283.2
13935,508220,129,1,576.0,86.4
13936,508221,101,1,2099.0,0.0
13937,508222,104,2,5249.0,0.0
13938,508222,109,1,4199.0,0.0
13939,508223,124,1,1154.0,173.1
13940,508224,134,2,209.0,0.0
13941,508224,107,1,1259.0,0.0
13942,508225,123,1,3464.0,0.0
13943,508225,127,1,681.0,0.0
13944,508225,111,1,524.0,0.0
13945,508225,148,1,734.0,0.0
13946,508226,117,1,3149.0,472.35
13947,508227,117,1,3149.0,0.0
13948,508227,130,1,734.0,0.0
13949,508228,140,3,629.0,0.0
13950,508228,127,2,681.0,0.0
13951,508229,128,1,1049.0,0.0
13952,508229,105,1,2414.0,0.0
13953,508230,119,2,2309.0,230.9
13954,508231,127,1,681.0,0.0
13955,508231,113,1,1364.0,0.0
13956,508231,120,1,734.0,0.0
13957,508232,102,1,3674.0,0.0
13958,508233,132,1,471.0,23.55
13959,508234,120,1,734.0,36.7
13960,508234,140,1,629.0,31.45
13961,508235,109,1,4199.0,0.0
13962,508235,121,2,2939.0,0.0
13963,508235,111,1,524.0,0.0
13964,508236,135,1,1574.0,236.1
13965,508236,132,1,471.0,70.65
13966,508237,128,1,1049.0,0.0
13967,508237,105,2,2414.0,0.0
13968,508237,125,1,1364.0,0.0
13969,508238,135,1,1574.0,236.1
13970,508239,121,1,2939.0,0.0
13971,508239,118,2,944.0,0.0
13972,508239,113,1,1364.0,0.0
13973,508239,125,2,1364.0,0.0
13974,508240,135,1,1574.0,0.0
13975,508241,111,1,524.0,0.0
13976,508242,107,1,1259.0,188.85
13977,508243,145,1,629.0,94.35
13978,508243,127,1,681.0,102.15
13979,508244,123,2,3464.0,346.4
13980,508245,142,2,839.0,0.0
13981,508246,141,1,261.0,0.0
13982,508247,126,1,471.0,23.55
13983,508247,108,1,419.0,20.95
13984,508248,127,1,681.0,0.0
13985,508249,119,1,2309.0,0.0
13986,508250,116,2,2624.0,787.2
13987,508250,117,1,3149.0,472.35
13988,508250,102,1,3674.0,551.1
13989,508250,107,1,1259.0,188.85
13990,508251,119,1,2309.0,0.0
13991,508252,139,2,366.0,0.0
13992,508252,141,1,261.0,0.0
13993,508252,101,1,2099.0,0.0
13994,508253,137,1,261.0,0.0
13995,508254,108,1,419.0,0.0
13996,508254,125,1,1364.0,0.0
13997,508254,107,1,1259.0,0.0
13998,508255,137,1,261.0,0.0
13999,508255,135,1,1574.0,0.0
14000,508256,131,2,314.0,0.0
14001,508256,110,1,839.0,0.0
14002,508256,115,1,4199.0,0.0
14003,508257,119,1,2309.0,0.0
14004,508257,106,2,1574.0,0.0
14005,508257,147,1,1364.0,0.0
14006,508258,126,1,471.0,70.65
14007,508259,131,1,314.0,47.1
14008,508259,116,3,2624.0,1180.8
14009,508260,118,1,944.0,0.0
14010,508260,103,1,2624.0,0.0
14011,508260,107,1,1259.0,0.0
14012,508261,102,1,3674.0,551.1
14013,508261,130,1,734.0,110.1
14014,508262,104,1,5249.0,0.0
14015,508262,106,1,1574.0,0.0
14016,508263,103,1,2624.0,0.0
14017,508263,131,1,314.0,0.0
14018,508264,112,1,1574.0,236.1
14019,508264,120,1,734.0,110.1
14020,508265,140,2,629.0,0.0
14021,508265,143,2,839.0,0.0
14022,508265,134,2,209.0,0.0
14023,508266,105,1,2414.0,0.0
14024,508266,141,1,261.0,0.0
14025,508267,144,1,3149.0,0.0
14026,508268,105,1,2414.0,0.0
14027,508269,117,1,3149.0,0.0
14028,508270,147,1,1364.0,0.0
14029,508270,115,1,4199.0,0.0
14030,508271,116,2,2624.0,0.0
14031,508272,104,1,5249.0,0.0
14032,508273,116,2,2624.0,787.2
14033,508273,117,2,3149.0,944.7
14034,508274,114,2,1259.0,377.7
14035,508275,115,1,4199.0,629.85
14036,508276,110,1,839.0,0.0
14037,508277,107,1,1259.0,188.85
14038,508277,116,2,2624.0,787.2
14039,508278,137,1,261.0,39.15
14040,508279,123,1,3464.0,519.6
14041,508279,107,1,1259.0,188.85
14042,508280,126,1,471.0,70.65
14043,508280,105,1,2414.0,362.1
14044,508281,132,1,471.0,23.55
14045,508281,133,1,419.0,20.95
14046,508281,113,1,1364.0,68.2
14047,508282,111,2,524.0,157.2
14048,508283,134,1,209.0,0.0
14049,508283,109,1,4199.0,0.0
14050,508283,104,1,5249.0,0.0
14051,508284,145,2,629.0,0.0
14052,508285,119,1,2309.0,0.0
14053,508286,144,1,3149.0,157.45
14054,508287,104,1,5249.0,0.0
14055,508287,132,1,471.0,0.0
14056,508287,108,1,419.0,0.0
14057,508287,109,1,4199.0,0.0
14058,508288,116,1,2624.0,0.0
14059,508289,112,1,1574.0,0.0
14060,508290,132,1,471.0,0.0
14061,508291,126,1,471.0,0.0
14062,508291,103,1,2624.0,0.0
14063,508292,126,1,471.0,70.65
14064,508293,114,1,1259.0,0.0
14065,508293,125,2,1364.0,0.0
14066,508294,133,1,419.0,0.0
14067,508295,105,1,2414.0,0.0
14068,508296,112,1,1574.0,0.0
14069,508297,113,2,1364.0,409.2
14070,508298,119,1,2309.0,0.0
14071,508299,118,1,944.0,0.0
14072,508300,127,1,681.0,0.0
14073,508300,123,1,3464.0,0.0
14074,508300,128,1,1049.0,0.0
14075,508301,138,2,419.0,0.0
14076,508302,104,1,5249.0,0.0
14077,508302,123,1,3464.0,0.0
14078,508302,116,1,2624.0,0.0
14079,508303,138,1,419.0,0.0
14080,508303,137,1,261.0,0.0
14081,508304,134,1,209.0,10.45
14082,508304,137,1,261.0,13.05
14083,508305,117,1,3149.0,0.0
14084,508306,136,1,944.0,141.6
14085,508307,117,1,3149.0,0.0
14086,508308,109,2,4199.0,1259.7
14087,508309,138,1,419.0,62.85
14088,508309,106,1,1574.0,236.1
14089,508310,112,3,1574.0,0.0
14090,508311,107,1,1259.0,62.95
14091,508312,131,2,314.0,94.2
14092,508312,101,1,2099.0,314.85
14093,508313,105,2,2414.0,0.0
14094,508314,118,3,944.0,0.0
14095,508314,127,1,681.0,0.0
14096,508315,130,2,734.0,0.0
14097,508316,114,1,1259.0,188.85
14098,508316,116,1,2624.0,393.6
14099,508317,124,1,1154.0,0.0
14100,508318,118,1,944.0,0.0
14101,508319,126,2,471.0,0.0
14102,508319,137,1,261.0,0.0
14103,508319,131,1,314.0,0.0
14104,508320,141,1,261.0,0.0
14105,508320,139,1,366.0,0.0
14106,508321,113,1,1364.0,68.2
14107,508321,114,1,1259.0,62.95
14108,508322,125,3,1364.0,0.0
14109,508323,134,1,209.0,0.0
14110,508323,141,2,261.0,0.0
14111,508324,122,1,1994.0,0.0
14112,508324,101,1,2099.0,0.0
14113,508324,134,1,209.0,0.0
14114,508324,142,2,839.0,0.0
14115,508325,121,1,2939.0,0.0
14116,508325,101,1,2099.0,0.0
14117,508325,132,1,471.0,0.0
14118,508326,118,1,944.0,141.6
14119,508327,137,1,261.0,0.0
14120,508328,118,2,944.0,0.0
14121,508328,113,1,1364.0,0.0
14122,508328,134,1,209.0,0.0
14123,508328,136,2,944.0,0.0
14124,508329,113,1,1364.0,204.6
14125,508329,109,1,4199.0,629.85
14126,508329,132,2,471.0,141.3
14127,508329,104,2,5249.0,1574.7
14128,508330,111,1,524.0,0.0
14129,508330,110,1,839.0,0.0
14130,508331,140,1,629.0,0.0
14131,508331,142,1,839.0,0.0
14132,508332,104,1,5249.0,0.0
14133,508332,112,1,1574.0,0.0
14134,508333,145,3,629.0,0.0
14135,508333,118,2,944.0,0.0
14136,508333,104,1,5249.0,0.0
14137,508334,112,1,1574.0,236.1
14138,508334,127,1,681.0,102.15
14139,508335,119,1,2309.0,346.35
14140,508335,117,1,3149.0,472.35
14141,508336,141,1,261.0,0.0
14142,508336,111,1,524.0,0.0
14143,508337,105,1,2414.0,0.0
14144,508337,101,2,2099.0,0.0
14145,508338,114,1,1259.0,0.0
14146,508338,118,2,944.0,0.0
14147,508339,102,1,3674.0,0.0
14148,508340,115,1,4199.0,0.0
14149,508341,114,1,1259.0,188.85
14150,508341,129,1,576.0,86.4
14151,508341,109,1,4199.0,629.85
14152,508342,109,1,4199.0,0.0
14153,508342,107,2,1259.0,0.0
14154,508342,139,1,366.0,0.0
14155,508342,112,1,1574.0,0.0
14156,508343,147,1,1364.0,204.6
14157,508343,111,1,524.0,78.6
14158,508343,135,1,1574.0,236.1
14159,508344,137,2,261.0,0.0
14160,508345,111,2,524.0,0.0
14161,508346,113,1,1364.0,204.6
14162,508347,109,1,4199.0,0.0
14163,508347,118,2,944.0,0.0
14164,508348,114,1,1259.0,188.85
14165,508348,108,1,419.0,62.85
14166,508349,107,1,1259.0,0.0
14167,508349,106,2,1574.0,0.0
14168,508350,140,2,629.0,0.0
14169,508351,114,1,1259.0,0.0
14170,508351,113,1,1364.0,0.0
14171,508351,109,2,4199.0,0.0
14172,508352,109,2,4199.0,0.0
14173,508352,134,1,209.0,0.0
14174,508353,124,1,1154.0,0.0
14175,508353,137,1,261.0,0.0
14176,508354,117,1,3149.0,0.0
14177,508355,105,1,2414.0,0.0
14178,508355,111,1,524.0,0.0
14179,508355,107,1,1259.0,0.0
14180,508356,122,1,1994.0,299.1
14181,508357,135,1,1574.0,236.1
14182,508357,147,2,1364.0,409.2
14183,508358,123,1,3464.0,0.0
14184,508359,116,3,2624.0,393.6
14185,508360,103,1,2624.0,0.0
14186,508361,137,1,261.0,0.0
14187,508361,147,1,1364.0,0.0
14188,508361,130,1,734.0,0.0
14189,508362,102,1,3674.0,0.0
14190,508363,107,1,1259.0,188.85
14191,508363,105,1,2414.0,362.1
14192,508364,137,3,261.0,0.0
14193,508365,112,1,1574.0,0.0
14194,508365,141,1,261.0,0.0
14195,508365,143,1,839.0,0.0
14196,508365,130,1,734.0,0.0
14197,508366,148,1,734.0,0.0
14198,508366,125,1,1364.0,0.0
14199,508366,111,1,524.0,0.0
14200,508367,127,1,681.0,0.0
14201,508368,101,1,2099.0,0.0
14202,508369,115,1,4199.0,0.0
14203,508369,104,1,5249.0,0.0
14204,508370,103,2,2624.0,0.0
14205,508370,104,1,5249.0,0.0
14206,508371,109,1,4199.0,629.85
14207,508371,124,1,1154.0,173.1
14208,508372,107,1,1259.0,0.0
14209,508373,104,3,5249.0,0.0
14210,508373,138,1,419.0,0.0
14211,508374,107,1,1259.0,0.0
14212,508374,112,1,1574.0,0.0
14213,508375,115,1,4199.0,629.85
14214,508375,109,1,4199.0,629.85
14215,508375,122,2,1994.0,598.2
14216,508376,105,1,2414.0,120.7
14217,508377,105,1,2414.0,362.1
14218,508377,143,1,839.0,125.85
14219,508378,134,1,209.0,31.35
14220,508379,104,1,5249.0,0.0
14221,508379,137,1,261.0,0.0
14222,508379,140,1,629.0,0.0
14223,508379,108,3,419.0,0.0
14224,508380,113,1,1364.0,0.0
14225,508381,143,1,839.0,0.0
14226,508381,112,1,1574.0,0.0
14227,508382,113,1,1364.0,204.6
14228,508383,109,1,4199.0,0.0
14229,508384,117,1,3149.0,157.45
14230,508384,108,1,419.0,20.95
14231,508385,113,1,1364.0,0.0
14232,508386,107,1,1259.0,0.0
14233,508386,141,1,261.0,0.0
14234,508387,117,2,3149.0,0.0
14235,508388,113,2,1364.0,0.0
14236,508389,112,1,1574.0,236.1
14237,508389,116,1,2624.0,393.6
14238,508389,105,1,2414.0,362.1
14239,508390,131,1,314.0,0.0
14240,508391,119,1,2309.0,0.0
14241,508391,102,1,3674.0,0.0
14242,508392,104,1,5249.0,787.35
14243,508392,128,1,1049.0,157.35
14244,508392,117,1,3149.0,472.35
14245,508392,116,2,2624.0,787.2
14246,508393,143,1,839.0,41.95
14247,508393,122,1,1994.0,99.7
14248,508393,116,1,2624.0,131.2
14249,508394,111,1,524.0,0.0
14250,508395,144,1,3149.0,472.35
14251,508396,113,1,1364.0,0.0
14252,508396,109,2,4199.0,0.0
14253,508396,125,1,1364.0,0.0
14254,508397,117,1,3149.0,0.0
14255,508398,131,1,314.0,0.0
14256,508398,105,1,2414.0,0.0
14257,508398,116,1,2624.0,0.0
14258,508399,107,1,1259.0,0.0
14259,508399,123,2,3464.0,0.0
14260,508400,124,1,1154.0,0.0
14261,508400,101,1,2099.0,0.0
14262,508401,120,1,734.0,0.0
14263,508401,107,1,1259.0,0.0
14264,508402,113,1,1364.0,0.0
14265,508403,102,1,3674.0,0.0
14266,508404,117,1,3149.0,0.0
14267,508405,109,1,4199.0,0.0
14268,508406,133,1,419.0,0.0
14269,508406,105,1,2414.0,0.0
14270,508406,107,1,1259.0,0.0
14271,508406,141,1,261.0,0.0
14272,508407,123,1,3464.0,0.0
14273,508408,132,2,471.0,47.1
14274,508408,122,2,1994.0,199.4
14275,508409,141,1,261.0,0.0
14276,508409,124,2,1154.0,0.0
14277,508410,101,1,2099.0,0.0
14278,508411,135,1,1574.0,236.1
14279,508411,104,1,5249.0,787.35
14280,508412,120,1,734.0,110.1
14281,508412,111,1,524.0,78.6
14282,508413,117,1,3149.0,472.35
14283,508413,115,1,4199.0,629.85
14284,508413,142,1,839.0,125.85
14285,508413,111,1,524.0,78.6
14286,508414,125,1,1364.0,0.0
14287,508415,118,1,944.0,0.0
14288,508416,113,1,1364.0,0.0
14289,508416,102,2,3674.0,0.0
14290,508416,120,1,734.0,0.0
14291,508417,142,1,839.0,0.0
14292,508417,120,1,734.0,0.0
14293,508417,114,2,1259.0,0.0
14294,508418,137,2,261.0,78.3
14295,508419,124,1,1154.0,0.0
14296,508419,113,2,1364.0,0.0
14297,508419,145,1,629.0,0.0
14298,508420,108,1,419.0,0.0
14299,508421,127,1,681.0,0.0
14300,508421,133,1,419.0,0.0
14301,508422,111,1,524.0,0.0
14302,508423,113,2,1364.0,0.0
14303,508424,111,1,524.0,0.0
14304,508425,132,2,471.0,0.0
14305,508426,119,2,2309.0,0.0
14306,508427,120,1,734.0,0.0
14307,508428,131,1,314.0,0.0
14308,508428,105,1,2414.0,0.0
14309,508429,109,1,4199.0,0.0
14310,508429,106,1,1574.0,0.0
14311,508430,142,1,839.0,0.0
14312,508431,117,1,3149.0,0.0
14313,508432,121,1,2939.0,0.0
14314,508432,114,2,1259.0,0.0
14315,508432,111,1,524.0,0.0
14316,508433,137,1,261.0,39.15
14317,508433,123,1,3464.0,519.6
14318,508433,124,1,1154.0,173.1
14319,508434,108,1,419.0,0.0
14320,508434,126,1,471.0,0.0
14321,508434,114,1,1259.0,0.0
14322,508435,111,1,524.0,78.6
14323,508435,101,1,2099.0,314.85
14324,508436,113,2,1364.0,0.0
14325,508437,112,1,1574.0,0.0
14326,508438,134,1,209.0,0.0
14327,508439,136,1,944.0,0.0
14328,508440,127,1,681.0,0.0
14329,508440,113,1,1364.0,0.0
14330,508440,116,1,2624.0,0.0
14331,508441,142,1,839.0,0.0
14332,508442,132,1,471.0,70.65
14333,508443,118,1,944.0,141.6
14334,508444,126,1,471.0,0.0
14335,508444,137,1,261.0,0.0
14336,508445,117,2,3149.0,0.0
14337,508446,124,1,1154.0,173.1
14338,508446,114,1,1259.0,188.85
14339,508446,111,2,524.0,157.2
14340,508447,120,2,734.0,0.0
14341,508448,116,1,2624.0,393.6
14342,508449,123,1,3464.0,0.0
14343,508449,143,2,839.0,0.0
14344,508449,102,1,3674.0,0.0
14345,508449,131,1,314.0,0.0
14346,508450,122,1,1994.0,0.0
14347,508450,112,1,1574.0,0.0
14348,508450,101,1,2099.0,0.0
14349,508451,137,3,261.0,0.0
14350,508452,102,1,3674.0,0.0
14351,508453,118,1,944.0,0.0
14352,508454,128,1,1049.0,0.0
14353,508455,137,1,261.0,0.0
14354,508455,123,2,3464.0,0.0
14355,508456,116,2,2624.0,0.0
14356,508457,116,1,2624.0,393.6
14357,508457,114,1,1259.0,188.85
14358,508458,102,1,3674.0,0.0
14359,508458,116,1,2624.0,0.0
14360,508458,130,1,734.0,0.0
14361,508459,142,1,839.0,125.85
14362,508460,107,1,1259.0,0.0
14363,508460,116,3,2624.0,0.0
14364,508460,125,1,1364.0,0.0
14365,508461,118,1,944.0,0.0
14366,508462,134,2,209.0,20.9
14367,508463,107,2,1259.0,377.7
14368,508463,118,1,944.0,141.6
14369,508464,148,1,734.0,110.1
14370,508464,140,1,629.0,94.35
14371,508464,108,2,419.0,125.7
14372,508464,112,1,1574.0,236.1
14373,508465,130,1,734.0,0.0
14374,508466,130,1,734.0,110.1
14375,508466,104,1,5249.0,787.35
14376,508467,123,1,3464.0,0.0
14377,508467,104,1,5249.0,0.0
14378,508468,135,1,1574.0,236.1
14379,508468,130,1,734.0,110.1
14380,508469,130,1,734.0,0.0
14381,508470,111,3,524.0,0.0
14382,508470,119,1,2309.0,0.0
14383,508470,126,1,471.0,0.0
14384,508470,141,2,261.0,0.0
14385,508471,108,1,419.0,0.0
14386,508472,104,1,5249.0,0.0
14387,508472,145,2,629.0,0.0
14388,508472,147,1,1364.0,0.0
14389,508473,115,1,4199.0,0.0
14390,508473,107,1,1259.0,0.0
14391,508474,103,1,2624.0,131.2
14392,508474,101,1,2099.0,104.95
14393,508474,117,3,3149.0,472.35
14394,508474,121,1,2939.0,146.95
14395,508475,123,1,3464.0,519.6
14396,508475,116,2,2624.0,787.2
14397,508475,130,1,734.0,110.1
14398,508476,111,1,524.0,0.0
14399,508476,117,1,3149.0,0.0
14400,508476,120,1,734.0,0.0
14401,508477,112,1,1574.0,0.0
14402,508477,108,1,419.0,0.0
14403,508477,122,1,1994.0,0.0
14404,508478,132,1,471.0,0.0
14405,508479,102,2,3674.0,1102.2
14406,508479,118,1,944.0,141.6
14407,508480,127,1,681.0,102.15
14408,508480,120,1,734.0,110.1
14409,508480,104,1,5249.0,787.35
14410,508480,141,1,261.0,39.15
14411,508481,141,1,261.0,0.0
14412,508481,135,2,1574.0,0.0
14413,508481,118,1,944.0,0.0
14414,508482,144,1,3149.0,0.0
14415,508483,128,1,1049.0,157.35
14416,508483,138,1,419.0,62.85
14417,508484,107,2,1259.0,377.7
14418,508485,114,1,1259.0,0.0
14419,508486,130,1,734.0,0.0
14420,508486,129,1,576.0,0.0
14421,508487,116,1,2624.0,0.0
14422,508488,126,1,471.0,0.0
14423,508489,106,1,1574.0,0.0
14424,508490,106,1,1574.0,0.0
14425,508491,140,1,629.0,0.0
14426,508491,104,1,5249.0,0.0
14427,508492,130,1,734.0,0.0
14428,508492,117,1,3149.0,0.0
14429,508492,107,1,1259.0,0.0
14430,508493,129,1,576.0,0.0
14431,508493,142,1,839.0,0.0
14432,508494,115,2,4199.0,0.0
14433,508495,120,1,734.0,110.1
14434,508496,112,1,1574.0,236.1
14435,508497,141,1,261.0,0.0
14436,508498,118,1,944.0,0.0
14437,508499,134,1,209.0,0.0
14438,508500,101,1,2099.0,104.95
14439,508501,123,2,3464.0,0.0
14440,508502,111,1,524.0,0.0
14441,508503,117,1,3149.0,0.0
14442,508503,134,1,209.0,0.0
14443,508503,116,2,2624.0,0.0
14444,508504,106,1,1574.0,0.0
14445,508504,142,1,839.0,0.0
14446,508505,123,1,3464.0,519.6
14447,508506,136,2,944.0,283.2
14448,508507,108,1,419.0,0.0
14449,508508,148,1,734.0,36.7
14450,508509,121,1,2939.0,440.85
14451,508509,139,1,366.0,54.9
14452,508509,145,1,629.0,94.35
14453,508510,118,2,944.0,0.0
14454,508511,109,1,4199.0,629.85
14455,508512,120,1,734.0,0.0
14456,508512,127,3,681.0,0.0
14457,508512,126,2,471.0,0.0
14458,508513,108,1,419.0,0.0
14459,508513,132,1,471.0,0.0
14460,508514,119,1,2309.0,0.0
14461,508515,128,2,1049.0,0.0
14462,508516,123,1,3464.0,0.0
14463,508517,121,3,2939.0,1322.55
14464,508518,102,2,3674.0,0.0
14465,508519,120,1,734.0,0.0
14466,508520,109,1,4199.0,0.0
14467,508521,117,1,3149.0,157.45
14468,508521,118,1,944.0,47.2
14469,508521,112,1,1574.0,78.7
14470,508522,134,1,209.0,0.0
14471,508522,116,1,2624.0,0.0
14472,508523,108,1,419.0,0.0
14473,508523,133,2,419.0,0.0
14474,508523,112,1,1574.0,0.0
14475,508523,118,1,944.0,0.0
14476,508524,116,2,2624.0,0.0
14477,508524,135,1,1574.0,0.0
14478,508525,106,1,1574.0,0.0
14479,508525,117,1,3149.0,0.0
14480,508525,115,1,4199.0,0.0
14481,508525,105,1,2414.0,0.0
14482,508526,131,2,314.0,0.0
14483,508527,103,2,2624.0,0.0
14484,508527,113,1,1364.0,0.0
14485,508528,109,3,4199.0,629.85
14486,508529,127,1,681.0,0.0
14487,508530,112,1,1574.0,236.1
14488,508531,137,2,261.0,0.0
14489,508532,133,1,419.0,0.0
14490,508532,115,2,4199.0,0.0
14491,508532,135,1,1574.0,0.0
14492,508533,111,1,524.0,78.6
14493,508533,120,1,734.0,110.1
14494,508534,103,1,2624.0,0.0
14495,508535,127,2,681.0,0.0
14496,508536,138,1,419.0,0.0
14497,508537,127,1,681.0,0.0
14498,508537,148,2,734.0,0.0
14499,508538,123,1,3464.0,0.0
14500,508539,136,1,944.0,141.6
14501,508539,128,1,1049.0,157.35
14502,508539,108,1,419.0,62.85
14503,508540,107,1,1259.0,0.0
14504,508540,118,1,944.0,0.0
14505,508541,122,2,1994.0,0.0
14506,508542,135,1,1574.0,0.0
14507,508543,125,1,1364.0,204.6
14508,508543,113,1,1364.0,204.6
14509,508543,141,1,261.0,39.15
14510,508543,135,1,1574.0,236.1
14511,508544,111,1,524.0,0.0
14512,508545,136,1,944.0,0.0
14513,508546,111,2,524.0,0.0
14514,508546,112,1,1574.0,0.0
14515,508547,137,1,261.0,0.0
14516,508548,147,1,1364.0,0.0
14517,508549,137,1,261.0,0.0
14518,508550,123,1,3464.0,0.0
14519,508550,103,1,2624.0,0.0
14520,508551,134,1,209.0,0.0
14521,508552,106,1,1574.0,0.0
14522,508552,111,1,524.0,0.0
14523,508553,116,1,2624.0,0.0
14524,508553,142,1,839.0,0.0
14525,508553,130,1,734.0,0.0
14526,508554,137,1,261.0,0.0
14527,508555,108,1,419.0,0.0
14528,508555,112,1,1574.0,0.0
14529,508556,120,1,734.0,110.1
14530,508557,115,1,4199.0,0.0
14531,508558,114,1,1259.0,0.0
14532,508559,109,1,4199.0,0.0
14533,508559,123,1,3464.0,0.0
14534,508560,137,3,261.0,39.15
14535,508560,135,1,1574.0,78.7
14536,508561,123,1,3464.0,519.6
14537,508562,111,1,524.0,0.0
14538,508562,116,1,2624.0,0.0
14539,508563,134,1,209.0,0.0
14540,508563,141,1,261.0,0.0
14541,508564,118,1,944.0,0.0
14542,508565,112,1,1574.0,236.1
14543,508565,133,1,419.0,62.85
14544,508566,136,1,944.0,0.0
14545,508567,124,1,1154.0,173.1
14546,508567,148,2,734.0,220.2
14547,508568,131,1,314.0,47.1
14548,508569,131,1,314.0,0.0
14549,508570,109,1,4199.0,629.85
14550,508571,117,1,3149.0,0.0
14551,508572,106,1,1574.0,0.0
14552,508573,102,2,3674.0,0.0
14553,508573,104,1,5249.0,0.0
14554,508573,135,2,1574.0,0.0
14555,508573,132,2,471.0,0.0
14556,508574,118,1,944.0,141.6
14557,508574,134,1,209.0,31.35
14558,508575,123,1,3464.0,519.6
14559,508576,135,2,1574.0,472.2
14560,508577,120,1,734.0,0.0
14561,508577,114,1,1259.0,0.0
14562,508578,125,1,1364.0,0.0
14563,508578,131,1,314.0,0.0
14564,508579,104,1,5249.0,0.0
14565,508580,108,1,419.0,0.0
14566,508581,140,2,629.0,0.0
14567,508582,123,2,3464.0,0.0
14568,508583,113,1,1364.0,68.2
14569,508584,137,1,261.0,0.0
14570,508584,123,1,3464.0,0.0
14571,508584,117,1,3149.0,0.0
14572,508585,106,1,1574.0,0.0
14573,508586,123,1,3464.0,0.0
14574,508586,119,1,2309.0,0.0
14575,508586,130,1,734.0,0.0
14576,508587,141,2,261.0,0.0
14577,508588,120,1,734.0,110.1
14578,508588,107,1,1259.0,188.85
14579,508589,102,1,3674.0,0.0
14580,508590,135,1,1574.0,0.0
14581,508590,124,2,1154.0,0.0
14582,508591,114,1,1259.0,0.0
14583,508592,128,1,1049.0,0.0
14584,508592,132,1,471.0,0.0
14585,508592,116,1,2624.0,0.0
14586,508593,117,1,3149.0,0.0
14587,508594,143,1,839.0,0.0
14588,508595,112,1,1574.0,0.0
14589,508596,118,1,944.0,0.0
14590,508596,119,1,2309.0,0.0
14591,508597,105,1,2414.0,0.0
14592,508598,139,1,366.0,54.9
14593,508599,109,1,4199.0,0.0
14594,508599,145,1,629.0,0.0
14595,508599,121,1,2939.0,0.0
14596,508600,134,1,209.0,31.35
14597,508601,101,1,2099.0,0.0
14598,508601,116,1,2624.0,0.0
14599,508602,127,1,681.0,0.0
14600,508602,117,1,3149.0,0.0
14601,508602,109,1,4199.0,0.0
14602,508603,104,1,5249.0,0.0
14603,508604,106,1,1574.0,0.0
14604,508605,118,2,944.0,0.0
14605,508605,131,1,314.0,0.0
14606,508606,111,1,524.0,78.6
14607,508606,129,1,576.0,86.4
14608,508606,143,1,839.0,125.85
14609,508606,125,1,1364.0,204.6
14610,508607,123,1,3464.0,173.2
14611,508607,140,1,629.0,31.45
14612,508607,139,2,366.0,36.6
14613,508608,130,1,734.0,0.0
14614,508609,141,1,261.0,0.0
14615,508610,140,1,629.0,94.35
14616,508611,108,1,419.0,0.0
14617,508612,123,1,3464.0,0.0
14618,508613,136,2,944.0,0.0
14619,508614,105,1,2414.0,120.7
14620,508615,145,2,629.0,0.0
14621,508615,112,1,1574.0,0.0
14622,508616,103,1,2624.0,393.6
14623,508616,117,1,3149.0,472.35
14624,508617,130,2,734.0,0.0
14625,508618,116,1,2624.0,393.6
14626,508618,123,1,3464.0,519.6
14627,508618,105,2,2414.0,724.2
14628,508619,107,2,1259.0,0.0
14629,508619,130,1,734.0,0.0
14630,508620,105,1,2414.0,0.0
14631,508621,112,1,1574.0,236.1
14632,508622,137,1,261.0,0.0
14633,508623,137,1,261.0,39.15
14634,508624,112,1,1574.0,0.0
14635,508624,134,1,209.0,0.0
14636,508624,131,1,314.0,0.0
14637,508625,134,1,209.0,0.0
14638,508626,130,1,734.0,0.0
14639,508627,107,1,1259.0,0.0
14640,508627,118,2,944.0,0.0
14641,508628,139,1,366.0,0.0
14642,508628,116,1,2624.0,0.0
14643,508629,141,1,261.0,39.15
14644,508630,135,1,1574.0,0.0
14645,508630,111,2,524.0,0.0
14646,508631,135,1,1574.0,0.0
14647,508632,116,1,2624.0,0.0
14648,508632,133,1,419.0,0.0
14649,508633,113,1,1364.0,204.6
14650,508633,116,1,2624.0,393.6
14651,508634,111,1,524.0,0.0
14652,508635,120,1,734.0,0.0
14653,508636,104,2,5249.0,0.0
14654,508637,136,1,944.0,0.0
14655,508638,111,1,524.0,78.6
14656,508639,139,1,366.0,54.9
14657,508639,111,1,524.0,78.6
14658,508640,119,1,2309.0,0.0
14659,508641,143,1,839.0,0.0
14660,508641,131,1,314.0,0.0
14661,508642,108,1,419.0,0.0
14662,508643,137,1,261.0,0.0
14663,508643,118,1,944.0,0.0
14664,508644,102,1,3674.0,183.7
14665,508645,121,1,2939.0,0.0
14666,508646,131,1,314.0,47.1
14667,508646,132,1,471.0,70.65
14668,508647,104,1,5249.0,0.0
14669,508648,116,1,2624.0,393.6
14670,508648,134,1,209.0,31.35
14671,508648,129,1,576.0,86.4
14672,508649,134,1,209.0,0.0
14673,508650,108,1,419.0,0.0
14674,508651,129,1,576.0,0.0
14675,508652,142,1,839.0,0.0
14676,508652,101,1,2099.0,0.0
14677,508653,113,1,1364.0,0.0
14678,508654,132,1,471.0,70.65
14679,508655,124,1,1154.0,173.1
14680,508656,117,1,3149.0,0.0
14681,508657,113,1,1364.0,0.0
14682,508657,112,3,1574.0,0.0
14683,508657,137,1,261.0,0.0
14684,508657,108,1,419.0,0.0
14685,508658,141,1,261.0,0.0
14686,508659,120,1,734.0,0.0
14687,508660,145,1,629.0,0.0
14688,508660,107,1,1259.0,0.0
14689,508661,125,1,1364.0,0.0
14690,508662,133,1,419.0,0.0
14691,508663,109,1,4199.0,629.85
14692,508663,120,1,734.0,110.1
14693,508664,113,1,1364.0,0.0
14694,508664,147,1,1364.0,0.0
14695,508664,114,1,1259.0,0.0
14696,508665,138,1,419.0,0.0
14697,508665,108,1,419.0,0.0
14698,508665,112,1,1574.0,0.0
14699,508666,106,2,1574.0,472.2
14700,508667,113,1,1364.0,0.0
14701,508667,118,1,944.0,0.0
14702,508668,125,1,1364.0,204.6
14703,508669,115,1,4199.0,209.95
14704,508669,108,1,419.0,20.95
14705,508670,102,1,3674.0,183.7
14706,508670,106,1,1574.0,78.7
14707,508670,141,1,261.0,13.05
14708,508670,116,1,2624.0,131.2
14709,508671,114,2,1259.0,377.7
14710,508672,121,1,2939.0,0.0
14711,508672,119,1,2309.0,0.0
14712,508673,106,1,1574.0,236.1
14713,508673,116,2,2624.0,787.2
14714,508674,133,1,419.0,0.0
14715,508674,145,3,629.0,0.0
14716,508675,130,1,734.0,0.0
14717,508675,121,2,2939.0,0.0
14718,508675,118,2,944.0,0.0
14719,508676,116,1,2624.0,0.0
14720,508676,128,1,1049.0,0.0
14721,508677,134,1,209.0,0.0
14722,508678,125,2,1364.0,0.0
14723,508679,143,1,839.0,0.0
14724,508680,128,1,1049.0,0.0
14725,508681,114,1,1259.0,0.0
14726,508681,123,1,3464.0,0.0
14727,508682,124,1,1154.0,0.0
14728,508683,101,1,2099.0,0.0
14729,508684,119,1,2309.0,0.0
14730,508684,147,2,1364.0,0.0
14731,508684,109,1,4199.0,0.0
14732,508684,127,1,681.0,0.0
14733,508685,108,1,419.0,0.0
14734,508686,102,1,3674.0,0.0
14735,508687,114,1,1259.0,0.0
14736,508687,112,1,1574.0,0.0
14737,508687,143,1,839.0,0.0
14738,508687,127,1,681.0,0.0
14739,508688,108,1,419.0,0.0
14740,508688,147,1,1364.0,0.0
14741,508689,105,1,2414.0,0.0
14742,508690,143,1,839.0,125.85
14743,508690,126,1,471.0,70.65
14744,508691,107,1,1259.0,0.0
14745,508692,106,1,1574.0,78.7
14746,508693,105,1,2414.0,0.0
14747,508693,113,2,1364.0,0.0
14748,508693,144,1,3149.0,0.0
14749,508694,120,1,734.0,110.1
14750,508695,118,1,944.0,141.6
14751,508696,116,1,2624.0,393.6
14752,508697,124,2,1154.0,0.0
14753,508698,134,1,209.0,0.0
14754,508698,125,1,1364.0,0.0
14755,508699,143,3,839.0,0.0
14756,508699,121,2,2939.0,0.0
14757,508699,107,1,1259.0,0.0
14758,508700,134,1,209.0,31.35
14759,508701,120,1,734.0,0.0
14760,508702,113,1,1364.0,204.6
14761,508703,137,1,261.0,0.0
14762,508703,134,2,209.0,0.0
14763,508704,117,1,3149.0,157.45
14764,508705,111,1,524.0,0.0
14765,508706,111,1,524.0,0.0
14766,508706,115,1,4199.0,0.0
14767,508706,131,1,314.0,0.0
14768,508707,127,1,681.0,102.15
14769,508708,143,1,839.0,0.0
14770,508709,138,1,419.0,0.0
14771,508710,126,1,471.0,0.0
14772,508710,112,1,1574.0,0.0
14773,508710,144,1,3149.0,0.0
14774,508710,103,2,2624.0,0.0
14775,508711,128,1,1049.0,157.35
14776,508711,137,1,261.0,39.15
14777,508711,111,2,524.0,157.2
14778,508711,106,1,1574.0,236.1
14779,508712,112,1,1574.0,0.0
14780,508713,137,2,261.0,26.1
14781,508714,103,1,2624.0,393.6
14782,508715,108,1,419.0,0.0
14783,508716,118,2,944.0,0.0
14784,508716,136,1,944.0,0.0
14785,508716,137,1,261.0,0.0
14786,508716,103,1,2624.0,0.0
14787,508717,113,2,1364.0,0.0
14788,508718,131,1,314.0,0.0
14789,508718,143,1,839.0,0.0
14790,508719,109,1,4199.0,629.85
14791,508719,101,2,2099.0,629.7
14792,508720,109,1,4199.0,0.0
14793,508720,111,1,524.0,0.0
14794,508720,143,2,839.0,0.0
14795,508721,107,1,1259.0,0.0
14796,508721,137,1,261.0,0.0
14797,508721,109,2,4199.0,0.0
14798,508722,116,1,2624.0,0.0
14799,508722,137,1,261.0,0.0
14800,508722,134,1,209.0,0.0
14801,508723,128,1,1049.0,0.0
14802,508724,122,1,1994.0,0.0
14803,508724,126,1,471.0,0.0
14804,508724,136,1,944.0,0.0
14805,508725,106,1,1574.0,78.7
14806,508726,142,1,839.0,0.0
14807,508726,147,2,1364.0,0.0
14808,508726,103,1,2624.0,0.0
14809,508727,104,1,5249.0,0.0
14810,508728,134,1,209.0,31.35
14811,508728,107,1,1259.0,188.85
14812,508729,116,1,2624.0,0.0
14813,508730,118,1,944.0,0.0
14814,508730,124,1,1154.0,0.0
14815,508730,102,1,3674.0,0.0
14816,508731,108,2,419.0,125.7
14817,508732,117,1,3149.0,472.35
14818,508733,111,1,524.0,0.0
14819,508734,120,1,734.0,0.0
14820,508735,134,1,209.0,0.0
14821,508735,115,1,4199.0,0.0
14822,508735,120,2,734.0,0.0
14823,508736,138,2,419.0,125.7
14824,508737,113,2,1364.0,0.0
14825,508737,120,2,734.0,0.0
14826,508738,130,1,734.0,0.0
14827,508739,113,2,1364.0,0.0
14828,508740,117,1,3149.0,157.45
14829,508740,140,1,629.0,31.45
14830,508741,104,1,5249.0,0.0
14831,508741,123,1,3464.0,0.0
14832,508742,111,2,524.0,0.0
14833,508742,108,1,419.0,0.0
14834,508742,129,1,576.0,0.0
14835,508743,140,1,629.0,94.35
14836,508744,117,1,3149.0,472.35
14837,508744,113,2,1364.0,409.2
14838,508745,129,1,576.0,0.0
14839,508745,148,1,734.0,0.0
14840,508746,113,1,1364.0,204.6
14841,508746,116,1,2624.0,393.6
14842,508747,140,1,629.0,94.35
14843,508747,118,1,944.0,141.6
14844,508747,116,1,2624.0,393.6
14845,508747,137,2,261.0,78.3
14846,508748,134,2,209.0,0.0
14847,508748,117,1,3149.0,0.0
14848,508749,131,1,314.0,0.0
14849,508750,111,1,524.0,0.0
14850,508751,103,1,2624.0,0.0
14851,508752,115,1,4199.0,0.0
14852,508752,135,2,1574.0,0.0
14853,508753,131,3,314.0,0.0
14854,508754,117,1,3149.0,0.0
14855,508755,139,1,366.0,0.0
14856,508755,111,1,524.0,0.0
14857,508755,125,1,1364.0,0.0
14858,508755,107,1,1259.0,0.0
14859,508756,125,1,1364.0,0.0
14860,508756,124,1,1154.0,0.0
14861,508756,112,1,1574.0,0.0
14862,508756,123,1,3464.0,0.0
14863,508757,105,1,2414.0,0.0
14864,508758,131,1,314.0,0.0
14865,508759,103,1,2624.0,0.0
14866,508760,113,1,1364.0,0.0
14867,508761,104,1,5249.0,0.0
14868,508761,112,2,1574.0,0.0
14869,508762,103,1,2624.0,0.0
14870,508763,127,2,681.0,204.3
14871,508763,118,1,944.0,141.6
14872,508764,144,1,3149.0,0.0
14873,508765,140,1,629.0,94.35
14874,508766,104,1,5249.0,0.0
14875,508767,130,1,734.0,0.0
14876,508768,126,1,471.0,0.0
14877,508768,133,1,419.0,0.0
14878,508769,123,1,3464.0,0.0
14879,508769,117,1,3149.0,0.0
14880,508770,104,1,5249.0,262.45
14881,508770,133,1,419.0,20.95
14882,508771,125,2,1364.0,0.0
14883,508771,111,2,524.0,0.0
14884,508771,107,1,1259.0,0.0
14885,508772,111,1,524.0,0.0
14886,508773,137,1,261.0,0.0
14887,508774,132,1,471.0,23.55
14888,508775,103,1,2624.0,0.0
14889,508775,102,1,3674.0,0.0
14890,508776,140,1,629.0,0.0
14891,508776,107,1,1259.0,0.0
14892,508777,135,1,1574.0,0.0
14893,508777,112,1,1574.0,0.0
14894,508778,137,1,261.0,0.0
14895,508778,104,1,5249.0,0.0
14896,508778,147,1,1364.0,0.0
14897,508778,115,1,4199.0,0.0
14898,508779,122,1,1994.0,0.0
14899,508779,118,1,944.0,0.0
14900,508779,108,1,419.0,0.0
14901,508780,120,1,734.0,110.1
14902,508781,107,1,1259.0,0.0
14903,508781,118,1,944.0,0.0
14904,508781,138,1,419.0,0.0
14905,508781,113,3,1364.0,0.0
14906,508782,102,1,3674.0,0.0
14907,508783,143,1,839.0,0.0
14908,508783,132,1,471.0,0.0
14909,508784,137,2,261.0,0.0
14910,508785,105,1,2414.0,0.0
14911,508785,107,1,1259.0,0.0
14912,508786,118,1,944.0,47.2
14913,508786,111,1,524.0,26.2
14914,508786,143,1,839.0,41.95
14915,508787,129,1,576.0,86.4
14916,508788,105,1,2414.0,362.1
14917,508788,130,1,734.0,110.1
14918,508789,116,3,2624.0,0.0
14919,508790,116,1,2624.0,0.0
14920,508790,112,1,1574.0,0.0
14921,508790,136,1,944.0,0.0
14922,508791,126,1,471.0,0.0
14923,508791,101,1,2099.0,0.0
14924,508792,105,1,2414.0,0.0
14925,508793,142,1,839.0,125.85
14926,508793,118,1,944.0,141.6
14927,508793,134,2,209.0,62.7
14928,508794,117,1,3149.0,472.35
14929,508795,131,1,314.0,47.1
14930,508796,112,1,1574.0,0.0
14931,508796,137,1,261.0,0.0
14932,508797,135,1,1574.0,0.0
14933,508797,127,2,681.0,0.0
14934,508797,128,1,1049.0,0.0
14935,508798,116,1,2624.0,0.0
14936,508798,104,1,5249.0,0.0
14937,508798,113,3,1364.0,0.0
14938,508799,117,2,3149.0,0.0
14939,508800,134,1,209.0,0.0
14940,508801,120,2,734.0,0.0
14941,508802,134,1,209.0,31.35
14942,508803,111,1,524.0,0.0
14943,508804,127,1,681.0,0.0
14944,508804,117,1,3149.0,0.0
14945,508804,108,2,419.0,0.0
14946,508805,141,1,261.0,0.0
14947,508805,108,1,419.0,0.0
14948,508806,117,1,3149.0,0.0
14949,508807,117,1,3149.0,472.35
14950,508808,116,2,2624.0,787.2
14951,508809,130,1,734.0,0.0
14952,508810,111,1,524.0,0.0
14953,508810,103,1,2624.0,0.0
14954,508811,105,1,2414.0,0.0
14955,508811,103,1,2624.0,0.0
14956,508811,120,1,734.0,0.0
14957,508812,117,1,3149.0,0.0
14958,508812,141,1,261.0,0.0
14959,508813,132,2,471.0,141.3
14960,508814,107,1,1259.0,0.0
14961,508814,130,3,734.0,0.0
14962,508814,115,1,4199.0,0.0
14963,508815,139,2,366.0,0.0
14964,508815,117,1,3149.0,0.0
14965,508816,124,1,1154.0,0.0
14966,508817,113,1,1364.0,0.0
14967,508818,108,1,419.0,0.0
14968,508819,140,1,629.0,0.0
14969,508820,111,1,524.0,78.6
14970,508820,122,1,1994.0,299.1
14971,508820,102,1,3674.0,551.1
14972,508821,135,1,1574.0,0.0
14973,508822,117,1,3149.0,0.0
14974,508822,135,1,1574.0,0.0
14975,508823,131,1,314.0,0.0
14976,508824,101,1,2099.0,0.0
14977,508825,115,1,4199.0,0.0
14978,508826,147,1,1364.0,0.0
14979,508826,130,2,734.0,0.0
14980,508826,119,1,2309.0,0.0
14981,508827,111,2,524.0,0.0
14982,508827,114,1,1259.0,0.0
14983,508828,119,1,2309.0,0.0
14984,508829,113,1,1364.0,0.0
14985,508830,126,1,471.0,0.0
14986,508830,147,1,1364.0,0.0
14987,508830,136,1,944.0,0.0
14988,508831,103,1,2624.0,0.0
14989,508832,124,1,1154.0,0.0
14990,508833,120,1,734.0,0.0
14991,508834,125,1,1364.0,204.6
14992,508835,128,2,1049.0,0.0
14993,508835,111,1,524.0,0.0
14994,508836,137,3,261.0,117.45
14995,508837,140,1,629.0,0.0
14996,508837,113,3,1364.0,0.0
14997,508837,109,1,4199.0,0.0
14998,508838,101,1,2099.0,314.85
14999,508839,147,1,1364.0,0.0
15000,508839,140,1,629.0,0.0
15001,508840,124,1,1154.0,0.0
15002,508840,104,3,5249.0,0.0
15003,508840,145,1,629.0,0.0
15004,508840,141,1,261.0,0.0
15005,508841,102,1,3674.0,0.0
15006,508841,143,1,839.0,0.0
15007,508842,108,2,419.0,0.0
15008,508843,131,2,314.0,0.0
15009,508843,142,1,839.0,0.0
15010,508844,128,1,1049.0,157.35
15011,508844,132,2,471.0,141.3
15012,508845,111,1,524.0,0.0
15013,508845,113,1,1364.0,0.0
15014,508846,107,1,1259.0,0.0
15015,508847,134,2,209.0,0.0
15016,508847,109,1,4199.0,0.0
15017,508848,112,1,1574.0,78.7
15018,508849,143,1,839.0,125.85
15019,508850,114,1,1259.0,0.0
15020,508850,117,1,3149.0,0.0
15021,508851,112,1,1574.0,0.0
15022,508852,124,1,1154.0,0.0
15023,508853,146,2,4724.0,472.4
15024,508854,117,1,3149.0,0.0
15025,508854,101,1,2099.0,0.0
15026,508854,105,1,2414.0,0.0
15027,508854,129,1,576.0,0.0
15028,508855,131,1,314.0,0.0
15029,508856,113,1,1364.0,68.2
15030,508857,141,1,261.0,0.0
15031,508857,117,1,3149.0,0.0
15032,508858,115,2,4199.0,0.0
15033,508859,110,1,839.0,0.0
15034,508860,116,1,2624.0,0.0
15035,508860,124,1,1154.0,0.0
15036,508860,113,1,1364.0,0.0
15037,508861,112,1,1574.0,236.1
15038,508862,114,1,1259.0,188.85
15039,508862,144,2,3149.0,944.7
15040,508863,123,1,3464.0,0.0
15041,508864,123,2,3464.0,0.0
15042,508864,121,2,2939.0,0.0
15043,508865,122,1,1994.0,0.0
15044,508865,111,1,524.0,0.0
15045,508866,122,2,1994.0,0.0
15046,508867,109,1,4199.0,0.0
15047,508867,112,1,1574.0,0.0
15048,508868,130,2,734.0,0.0
15049,508869,113,1,1364.0,204.6
15050,508869,126,2,471.0,141.3
15051,508870,137,2,261.0,78.3
15052,508870,116,1,2624.0,393.6
15053,508870,113,1,1364.0,204.6
15054,508870,104,1,5249.0,787.35
15055,508871,117,2,3149.0,0.0
15056,508871,111,1,524.0,0.0
15057,508871,136,1,944.0,0.0
15058,508872,126,1,471.0,0.0
15059,508872,118,1,944.0,0.0
15060,508873,126,1,471.0,0.0
15061,508874,143,2,839.0,0.0
15062,508875,119,1,2309.0,0.0
15063,508875,130,1,734.0,0.0
15064,508876,137,1,261.0,0.0
15065,508877,143,1,839.0,125.85
15066,508877,112,1,1574.0,236.1
15067,508877,119,1,2309.0,346.35
15068,508878,120,1,734.0,110.1
15069,508878,105,2,2414.0,724.2
15070,508878,109,1,4199.0,629.85
15071,508878,112,1,1574.0,236.1
15072,508879,145,1,629.0,94.35
15073,508879,124,2,1154.0,346.2
15074,508879,140,1,629.0,94.35
15075,508880,113,1,1364.0,0.0
15076,508880,120,1,734.0,0.0
15077,508880,148,2,734.0,0.0
15078,508880,116,3,2624.0,0.0
15079,508881,126,2,471.0,141.3
15080,508882,148,1,734.0,0.0
15081,508882,140,1,629.0,0.0
15082,508883,147,1,1364.0,0.0
15083,508884,110,1,839.0,0.0
15084,508885,118,1,944.0,0.0
15085,508886,108,1,419.0,62.85
15086,508887,145,1,629.0,0.0
15087,508887,142,2,839.0,0.0
15088,508888,120,1,734.0,0.0
15089,508889,125,1,1364.0,0.0
15090,508890,117,1,3149.0,0.0
15091,508890,112,1,1574.0,0.0
15092,508891,120,2,734.0,0.0
15093,508892,121,3,2939.0,0.0
15094,508893,126,1,471.0,70.65
15095,508894,126,1,471.0,70.65
15096,508894,134,1,209.0,31.35
15097,508895,128,1,1049.0,0.0
15098,508896,105,1,2414.0,0.0
15099,508896,114,1,1259.0,0.0
15100,508897,130,1,734.0,0.0
15101,508898,134,1,209.0,0.0
15102,508899,117,1,3149.0,472.35
15103,508900,119,1,2309.0,0.0
15104,508901,114,2,1259.0,125.9
15105,508901,101,1,2099.0,104.95
15106,508901,108,1,419.0,20.95
15107,508901,120,1,734.0,36.7
15108,508902,120,1,734.0,0.0
15109,508903,118,1,944.0,141.6
15110,508903,113,1,1364.0,204.6
15111,508903,111,1,524.0,78.6
15112,508904,145,3,629.0,283.05
15113,508904,105,1,2414.0,362.1
15114,508904,117,1,3149.0,472.35
15115,508905,118,1,944.0,0.0
15116,508905,133,1,419.0,0.0
15117,508906,116,1,2624.0,0.0
15118,508906,143,1,839.0,0.0
15119,508907,130,1,734.0,110.1
15120,508907,107,2,1259.0,377.7
15121,508907,112,1,1574.0,236.1
15122,508908,110,1,839.0,0.0
15123,508909,131,1,314.0,0.0
15124,508909,103,1,2624.0,0.0
15125,508910,102,1,3674.0,551.1
15126,508910,124,1,1154.0,173.1
15127,508911,132,1,471.0,0.0
15128,508912,140,1,629.0,94.35
15129,508913,104,2,5249.0,0.0
15130,508914,123,1,3464.0,519.6
15131,508915,119,1,2309.0,0.0
15132,508916,145,1,629.0,94.35
15133,508916,139,1,366.0,54.9
15134,508916,104,1,5249.0,787.35
15135,508916,108,2,419.0,125.7
15136,508917,138,1,419.0,0.0
15137,508918,140,1,629.0,0.0
15138,508918,118,1,944.0,0.0
15139,508919,107,1,1259.0,0.0
15140,508919,129,1,576.0,0.0
15141,508919,111,1,524.0,0.0
15142,508920,131,1,314.0,0.0
15143,508921,120,1,734.0,36.7
15144,508922,109,1,4199.0,0.0
15145,508922,130,1,734.0,0.0
15146,508923,139,1,366.0,54.9
15147,508923,109,1,4199.0,629.85
15148,508924,125,2,1364.0,0.0
15149,508925,124,1,1154.0,0.0
15150,508926,111,1,524.0,78.6
15151,508927,102,1,3674.0,0.0
15152,508928,131,1,314.0,15.7
15153,508929,104,2,5249.0,524.9
15154,508930,138,2,419.0,0.0
15155,508930,124,1,1154.0,0.0
15156,508931,113,2,1364.0,0.0
15157,508932,109,1,4199.0,0.0
15158,508933,112,1,1574.0,0.0
15159,508934,131,1,314.0,0.0
15160,508935,123,1,3464.0,519.6
15161,508936,116,1,2624.0,0.0
15162,508937,105,1,2414.0,362.1
15163,508937,126,1,471.0,70.65
15164,508937,104,1,5249.0,787.35
15165,508937,137,1,261.0,39.15
15166,508938,127,2,681.0,0.0
15167,508939,137,1,261.0,13.05
15168,508939,122,1,1994.0,99.7
15169,508940,147,1,1364.0,204.6
15170,508941,120,1,734.0,110.1
15171,508941,112,1,1574.0,236.1
15172,508942,133,1,419.0,0.0
15173,508943,113,1,1364.0,0.0
15174,508944,135,2,1574.0,0.0
15175,508944,104,1,5249.0,0.0
15176,508944,114,1,1259.0,0.0
15177,508945,104,1,5249.0,0.0
15178,508946,108,1,419.0,0.0
15179,508947,131,2,314.0,0.0
15180,508947,118,1,944.0,0.0
15181,508947,116,1,2624.0,0.0
15182,508947,122,1,1994.0,0.0
15183,508948,105,1,2414.0,0.0
15184,508949,106,2,1574.0,0.0
15185,508949,113,1,1364.0,0.0
15186,508950,109,1,4199.0,629.85
15187,508951,113,1,1364.0,0.0
15188,508952,114,1,1259.0,188.85
15189,508952,118,1,944.0,141.6
15190,508953,141,1,261.0,0.0
15191,508954,131,1,314.0,0.0
15192,508955,124,1,1154.0,0.0
15193,508955,114,1,1259.0,0.0
15194,508955,120,2,734.0,0.0
15195,508955,130,1,734.0,0.0
15196,508956,137,2,261.0,0.0
15197,508957,123,1,3464.0,0.0
15198,508958,116,1,2624.0,393.6
15199,508959,107,1,1259.0,0.0
15200,508959,144,1,3149.0,0.0
15201,508960,104,2,5249.0,0.0
15202,508961,113,1,1364.0,204.6
15203,508962,121,1,2939.0,440.85
15204,508962,112,1,1574.0,236.1
15205,508963,128,1,1049.0,0.0
15206,508963,143,1,839.0,0.0
15207,508963,118,1,944.0,0.0
15208,508964,144,2,3149.0,944.7
15209,508965,118,1,944.0,0.0
15210,508966,113,1,1364.0,0.0
15211,508966,140,1,629.0,0.0
15212,508967,128,1,1049.0,0.0
15213,508968,104,1,5249.0,0.0
15214,508969,128,1,1049.0,52.45
15215,508969,133,1,419.0,20.95
15216,508970,136,1,944.0,0.0
15217,508971,139,1,366.0,54.9
15218,508971,112,2,1574.0,472.2
15219,508971,101,1,2099.0,314.85
15220,508971,135,1,1574.0,236.1
15221,508972,104,2,5249.0,1574.7
15222,508973,136,1,944.0,0.0
15223,508974,134,1,209.0,0.0
15224,508974,122,1,1994.0,0.0
15225,508975,112,1,1574.0,0.0
15226,508975,105,3,2414.0,0.0
15227,508976,116,1,2624.0,0.0
15228,508976,115,1,4199.0,0.0
15229,508977,118,1,944.0,0.0
15230,508978,110,1,839.0,0.0
15231,508978,105,1,2414.0,0.0
15232,508979,131,1,314.0,0.0
15233,508979,132,1,471.0,0.0
15234,508980,106,1,1574.0,0.0
15235,508981,118,1,944.0,0.0
15236,508982,132,1,471.0,0.0
15237,508983,137,1,261.0,39.15
15238,508984,147,1,1364.0,0.0
15239,508985,123,1,3464.0,0.0
15240,508986,116,1,2624.0,131.2
15241,508986,113,1,1364.0,68.2
15242,508987,134,1,209.0,0.0
15243,508988,118,1,944.0,0.0
15244,508989,104,1,5249.0,0.0
15245,508990,141,1,261.0,0.0
15246,508991,112,1,1574.0,0.0
15247,508992,132,1,471.0,0.0
15248,508993,123,1,3464.0,0.0
15249,508994,108,1,419.0,62.85
15250,508995,108,1,419.0,0.0
15251,508995,106,1,1574.0,0.0
15252,508995,127,1,681.0,0.0
15253,508995,131,1,314.0,0.0
15254,508996,118,1,944.0,141.6
15255,508997,101,1,2099.0,0.0
15256,508998,140,1,629.0,94.35
15257,508999,141,1,261.0,39.15
15258,508999,139,2,366.0,109.8
15259,509000,127,1,681.0,0.0
15260,509001,137,3,261.0,0.0
15261,509002,116,1,2624.0,393.6
15262,509003,111,2,524.0,0.0
15263,509004,135,1,1574.0,0.0
15264,509004,113,1,1364.0,0.0
15265,509005,145,1,629.0,0.0
15266,509005,120,1,734.0,0.0
15267,509005,122,1,1994.0,0.0
15268,509006,125,1,1364.0,0.0
15269,509007,125,1,1364.0,0.0
15270,509007,120,2,734.0,0.0
15271,509008,112,1,1574.0,0.0
15272,509009,134,1,209.0,0.0
15273,509010,118,1,944.0,0.0
15274,509011,118,1,944.0,0.0
15275,509012,139,1,366.0,0.0
15276,509013,130,1,734.0,110.1
15277,509014,134,2,209.0,0.0
15278,509014,111,2,524.0,0.0
15279,509014,144,1,3149.0,0.0
15280,509015,137,2,261.0,0.0
15281,509015,117,1,3149.0,0.0
15282,509016,125,1,1364.0,204.6
15283,509017,123,1,3464.0,0.0
15284,509017,148,2,734.0,0.0
15285,509017,135,2,1574.0,0.0
15286,509017,116,1,2624.0,0.0
15287,509018,112,1,1574.0,0.0
15288,509019,106,1,1574.0,0.0
15289,509020,107,1,1259.0,0.0
15290,509020,118,1,944.0,0.0
15291,509020,117,1,3149.0,0.0
15292,509021,144,1,3149.0,472.35
15293,509022,113,1,1364.0,0.0
15294,509023,102,1,3674.0,183.7
15295,509024,137,1,261.0,39.15
15296,509024,107,1,1259.0,188.85
15297,509024,123,2,3464.0,1039.2
15298,509025,108,2,419.0,0.0
15299,509026,130,1,734.0,110.1
15300,509027,107,2,1259.0,0.0
15301,509028,114,1,1259.0,0.0
15302,509029,121,1,2939.0,0.0
15303,509030,127,2,681.0,0.0
15304,509031,136,1,944.0,0.0
15305,509032,132,1,471.0,70.65
15306,509033,113,1,1364.0,0.0
15307,509034,101,1,2099.0,0.0
15308,509034,129,1,576.0,0.0
15309,509034,128,1,1049.0,0.0
15310,509035,113,1,1364.0,0.0
15311,509036,136,1,944.0,141.6
15312,509037,108,1,419.0,0.0
15313,509038,128,1,1049.0,0.0
15314,509039,145,1,629.0,31.45
15315,509039,123,1,3464.0,173.2
15316,509040,107,1,1259.0,0.0
15317,509041,116,1,2624.0,0.0
15318,509041,113,1,1364.0,0.0
15319,509042,137,1,261.0,0.0
15320,509043,113,1,1364.0,0.0
15321,509044,109,1,4199.0,0.0
15322,509044,118,1,944.0,0.0
15323,509045,143,1,839.0,0.0
15324,509046,131,2,314.0,94.2
15325,509047,116,1,2624.0,0.0
15326,509048,113,1,1364.0,204.6
15327,509048,142,2,839.0,251.7
15328,509048,108,1,419.0,62.85
15329,509049,135,3,1574.0,236.1
15330,509050,112,1,1574.0,0.0
15331,509050,122,1,1994.0,0.0
15332,509050,126,1,471.0,0.0
15333,509051,121,2,2939.0,0.0
15334,509052,102,1,3674.0,0.0
15335,509052,138,2,419.0,0.0
15336,509052,135,1,1574.0,0.0
15337,509053,114,1,1259.0,0.0
15338,509053,117,3,3149.0,0.0
15339,509054,107,1,1259.0,62.95
15340,509054,122,1,1994.0,99.7
15341,509055,112,1,1574.0,78.7
15342,509056,124,1,1154.0,173.1
15343,509057,107,1,1259.0,62.95
15344,509058,106,1,1574.0,0.0
15345,509058,104,1,5249.0,0.0
15346,509059,130,1,734.0,110.1
15347,509060,105,1,2414.0,120.7
15348,509061,113,1,1364.0,204.6
15349,509062,133,1,419.0,0.0
15350,509063,117,1,3149.0,0.0
15351,509063,128,1,1049.0,0.0
15352,509064,122,1,1994.0,0.0
15353,509064,132,1,471.0,0.0
15354,509064,118,1,944.0,0.0
15355,509065,118,1,944.0,0.0
15356,509066,116,1,2624.0,393.6
15357,509066,122,2,1994.0,598.2
15358,509067,134,1,209.0,0.0
15359,509067,112,1,1574.0,0.0
15360,509068,132,1,471.0,0.0
15361,509068,117,1,3149.0,0.0
15362,509069,130,1,734.0,36.7
15363,509070,113,1,1364.0,204.6
15364,509071,119,1,2309.0,0.0
15365,509071,117,1,3149.0,0.0
15366,509072,108,3,419.0,0.0
15367,509073,116,1,2624.0,393.6
15368,509074,143,2,839.0,0.0
15369,509075,137,1,261.0,0.0
15370,509075,139,1,366.0,0.0
15371,509076,120,3,734.0,330.3
15372,509076,134,2,209.0,62.7
15373,509076,124,1,1154.0,173.1
15374,509077,134,1,209.0,0.0
15375,509078,146,1,4724.0,0.0
15376,509078,113,1,1364.0,0.0
15377,509079,111,3,524.0,235.8
15378,509079,124,1,1154.0,173.1
15379,509080,112,1,1574.0,0.0
15380,509080,113,1,1364.0,0.0
15381,509080,137,2,261.0,0.0
15382,509080,136,1,944.0,0.0
15383,509081,103,1,2624.0,131.2
15384,509082,109,1,4199.0,629.85
15385,509083,123,1,3464.0,0.0
15386,509084,126,1,471.0,0.0
15387,509085,120,1,734.0,0.0
15388,509085,117,1,3149.0,0.0
15389,509086,129,1,576.0,0.0
15390,509087,108,1,419.0,62.85
15391,509087,145,1,629.0,94.35
15392,509088,134,1,209.0,10.45
15393,509088,103,1,2624.0,131.2
15394,509088,140,2,629.0,62.9
15395,509089,105,1,2414.0,0.0
15396,509090,124,1,1154.0,0.0
15397,509091,120,1,734.0,0.0
15398,509092,123,1,3464.0,519.6
15399,509093,101,2,2099.0,0.0
15400,509094,115,1,4199.0,0.0
15401,509095,120,2,734.0,0.0
15402,509096,107,1,1259.0,0.0
15403,509096,111,1,524.0,0.0
15404,509096,136,1,944.0,0.0
15405,509097,102,1,3674.0,551.1
15406,509097,109,1,4199.0,629.85
15407,509098,146,1,4724.0,0.0
15408,509098,116,1,2624.0,0.0
15409,509098,117,1,3149.0,0.0
15410,509099,111,1,524.0,0.0
15411,509099,101,1,2099.0,0.0
15412,509100,119,2,2309.0,0.0
15413,509101,135,3,1574.0,0.0
15414,509102,118,1,944.0,0.0
15415,509102,115,1,4199.0,0.0
15416,509103,125,1,1364.0,204.6
15417,509104,142,1,839.0,0.0
15418,509105,132,1,471.0,0.0
15419,509106,130,1,734.0,0.0
15420,509106,120,3,734.0,0.0
15421,509106,137,1,261.0,0.0
15422,509107,131,1,314.0,0.0
15423,509107,127,1,681.0,0.0
15424,509108,136,1,944.0,0.0
15425,509109,126,2,471.0,0.0
15426,509109,118,1,944.0,0.0
15427,509110,136,1,944.0,141.6
15428,509110,141,2,261.0,78.3
15429,509110,142,1,839.0,125.85
15430,509111,111,3,524.0,0.0
15431,509111,147,3,1364.0,0.0
15432,509112,119,1,2309.0,0.0
15433,509113,112,1,1574.0,0.0
15434,509114,122,1,1994.0,99.7
15435,509114,112,1,1574.0,78.7
15436,509115,108,1,419.0,62.85
15437,509116,106,1,1574.0,0.0
15438,509117,114,1,1259.0,188.85
15439,509118,117,1,3149.0,0.0
15440,509119,115,1,4199.0,209.95
15441,509120,140,1,629.0,0.0
15442,509120,138,2,419.0,0.0
15443,509120,142,2,839.0,0.0
15444,509121,134,3,209.0,0.0
15445,509121,131,1,314.0,0.0
15446,509122,106,1,1574.0,236.1
15447,509123,124,2,1154.0,0.0
15448,509124,113,2,1364.0,409.2
15449,509124,135,1,1574.0,236.1
15450,509125,102,1,3674.0,0.0
15451,509126,134,1,209.0,0.0
15452,509127,132,1,471.0,70.65
15453,509128,134,1,209.0,0.0
15454,509129,111,2,524.0,0.0
15455,509129,122,1,1994.0,0.0
15456,509130,131,3,314.0,141.3
15457,509130,123,1,3464.0,519.6
15458,509131,118,1,944.0,141.6
15459,509131,111,1,524.0,78.6
15460,509131,128,2,1049.0,314.7
15461,509132,117,1,3149.0,472.35
15462,509132,103,1,2624.0,393.6
15463,509132,128,2,1049.0,314.7
15464,509133,115,1,4199.0,0.0
15465,509133,126,1,471.0,0.0
15466,509133,113,1,1364.0,0.0
15467,509133,130,1,734.0,0.0
15468,509134,107,1,1259.0,0.0
15469,509134,104,1,5249.0,0.0
15470,509135,144,1,3149.0,0.0
15471,509135,135,1,1574.0,0.0
15472,509135,112,1,1574.0,0.0
15473,509135,113,1,1364.0,0.0
15474,509136,108,1,419.0,0.0
15475,509136,111,2,524.0,0.0
15476,509137,117,1,3149.0,0.0
15477,509137,147,1,1364.0,0.0
15478,509138,137,1,261.0,39.15
15479,509138,118,1,944.0,141.6
15480,509139,106,1,1574.0,236.1
15481,509139,103,1,2624.0,393.6
15482,509139,111,1,524.0,78.6
15483,509140,109,1,4199.0,0.0
15484,509140,120,1,734.0,0.0
15485,509141,106,1,1574.0,78.7
15486,509141,132,2,471.0,47.1
15487,509141,135,1,1574.0,78.7
15488,509142,138,1,419.0,0.0
15489,509142,118,1,944.0,0.0
15490,509143,102,2,3674.0,0.0
15491,509143,109,1,4199.0,0.0
15492,509143,132,1,471.0,0.0
15493,509143,125,1,1364.0,0.0
15494,509144,134,2,209.0,0.0
15495,509144,117,1,3149.0,0.0
15496,509145,141,1,261.0,39.15
15497,509145,104,2,5249.0,1574.7
15498,509145,101,1,2099.0,314.85
15499,509146,116,1,2624.0,0.0
15500,509147,107,1,1259.0,0.0
15501,509148,102,1,3674.0,0.0
15502,509148,134,1,209.0,0.0
15503,509149,135,1,1574.0,0.0
15504,509149,123,1,3464.0,0.0
15505,509150,102,1,3674.0,0.0
15506,509151,142,1,839.0,0.0
15507,509151,110,1,839.0,0.0
15508,509152,145,1,629.0,0.0
15509,509153,106,1,1574.0,236.1
15510,509154,126,1,471.0,70.65
15511,509155,138,1,419.0,0.0
15512,509156,123,1,3464.0,0.0
15513,509157,124,1,1154.0,57.7
15514,509158,110,2,839.0,251.7
15515,509158,102,1,3674.0,551.1
15516,509158,146,1,4724.0,708.6
15517,509159,106,3,1574.0,0.0
15518,509160,111,1,524.0,0.0
15519,509161,121,1,2939.0,0.0
15520,509162,102,1,3674.0,551.1
15521,509162,123,1,3464.0,519.6
15522,509163,113,2,1364.0,0.0
15523,509164,111,1,524.0,0.0
15524,509165,102,1,3674.0,0.0
15525,509166,126,1,471.0,0.0
15526,509167,137,1,261.0,0.0
15527,509168,108,3,419.0,62.85
15528,509169,118,1,944.0,0.0
15529,509169,136,1,944.0,0.0
15530,509170,131,1,314.0,0.0
15531,509171,116,1,2624.0,0.0
15532,509171,118,1,944.0,0.0
15533,509171,120,1,734.0,0.0
15534,509172,123,2,3464.0,0.0
15535,509173,110,1,839.0,0.0
15536,509173,103,1,2624.0,0.0
15537,509174,113,1,1364.0,0.0
15538,509174,109,1,4199.0,0.0
15539,509174,116,1,2624.0,0.0
15540,509174,105,2,2414.0,0.0
15541,509175,108,1,419.0,0.0
15542,509176,133,1,419.0,0.0
15543,509176,113,1,1364.0,0.0
15544,509177,129,1,576.0,28.8
15545,509178,143,1,839.0,0.0
15546,509178,117,1,3149.0,0.0
15547,509179,116,1,2624.0,0.0
15548,509179,112,1,1574.0,0.0
15549,509180,126,1,471.0,0.0
15550,509180,123,1,3464.0,0.0
15551,509180,118,1,944.0,0.0
15552,509181,101,1,2099.0,0.0
15553,509182,101,1,2099.0,0.0
15554,509183,110,1,839.0,0.0
15555,509184,106,1,1574.0,236.1
15556,509184,111,1,524.0,78.6
15557,509184,107,1,1259.0,188.85
15558,509184,124,1,1154.0,173.1
15559,509185,106,1,1574.0,236.1
15560,509186,128,1,1049.0,0.0
15561,509186,111,1,524.0,0.0
15562,509186,112,1,1574.0,0.0
15563,509186,116,1,2624.0,0.0
15564,509187,115,1,4199.0,0.0
15565,509187,130,1,734.0,0.0
15566,509188,131,2,314.0,94.2
15567,509189,137,1,261.0,0.0
15568,509190,123,3,3464.0,0.0
15569,509190,105,1,2414.0,0.0
15570,509191,107,1,1259.0,188.85
15571,509191,112,1,1574.0,236.1
15572,509192,106,2,1574.0,0.0
15573,509193,136,1,944.0,141.6
15574,509193,113,1,1364.0,204.6
15575,509194,126,1,471.0,70.65
15576,509195,123,1,3464.0,519.6
15577,509196,136,1,944.0,141.6
15578,509197,147,1,1364.0,204.6
15579,509198,118,1,944.0,0.0
15580,509198,139,1,366.0,0.0
15581,509199,119,1,2309.0,0.0
15582,509200,124,1,1154.0,0.0
15583,509201,102,1,3674.0,0.0
15584,509201,120,2,734.0,0.0
15585,509201,112,1,1574.0,0.0
15586,509202,141,1,261.0,0.0
15587,509202,140,1,629.0,0.0
15588,509202,111,1,524.0,0.0
15589,509203,147,2,1364.0,0.0
15590,509203,148,1,734.0,0.0
15591,509203,128,2,1049.0,0.0
15592,509203,143,1,839.0,0.0
15593,509204,131,1,314.0,15.7
15594,509205,120,1,734.0,0.0
15595,509206,147,1,1364.0,0.0
15596,509206,111,2,524.0,0.0
15597,509207,126,1,471.0,0.0
15598,509208,108,1,419.0,0.0
15599,509209,118,1,944.0,0.0
15600,509210,122,1,1994.0,0.0
15601,509210,102,1,3674.0,0.0
15602,509211,111,1,524.0,0.0
15603,509211,123,1,3464.0,0.0
15604,509212,105,2,2414.0,0.0
15605,509212,118,1,944.0,0.0
15606,509212,113,3,1364.0,0.0
15607,509212,138,1,419.0,0.0
15608,509213,115,1,4199.0,0.0
15609,509214,130,1,734.0,0.0
15610,509215,139,1,366.0,0.0
15611,509216,113,1,1364.0,0.0
15612,509216,135,2,1574.0,0.0
15613,509216,134,1,209.0,0.0
15614,509217,125,1,1364.0,0.0
15615,509217,135,1,1574.0,0.0
15616,509217,123,1,3464.0,0.0
15617,509218,120,1,734.0,110.1
15618,509219,119,3,2309.0,0.0
15619,509219,130,1,734.0,0.0
15620,509220,103,2,2624.0,787.2
15621,509221,118,2,944.0,0.0
15622,509222,111,2,524.0,157.2
15623,509223,144,2,3149.0,944.7
15624,509224,116,1,2624.0,393.6
15625,509224,114,1,1259.0,188.85
15626,509224,137,1,261.0,39.15
15627,509225,106,1,1574.0,0.0
15628,509226,113,1,1364.0,0.0
15629,509226,115,1,4199.0,0.0
15630,509226,108,1,419.0,0.0
15631,509227,112,2,1574.0,0.0
15632,509227,121,2,2939.0,0.0
15633,509228,106,3,1574.0,708.3
15634,509229,134,1,209.0,31.35
15635,509230,137,1,261.0,0.0
15636,509231,127,1,681.0,102.15
15637,509231,134,2,209.0,62.7
15638,509231,113,1,1364.0,204.6
15639,509232,146,2,4724.0,0.0
15640,509232,103,2,2624.0,0.0
15641,509233,109,1,4199.0,0.0
15642,509233,137,1,261.0,0.0
15643,509234,134,1,209.0,31.35
15644,509235,142,3,839.0,0.0
15645,509235,125,1,1364.0,0.0
15646,509236,119,1,2309.0,0.0
15647,509236,120,1,734.0,0.0
15648,509236,139,1,366.0,0.0
15649,509237,105,1,2414.0,362.1
15650,509238,145,1,629.0,0.0
15651,509238,127,1,681.0,0.0
15652,509238,121,1,2939.0,0.0
15653,509238,108,2,419.0,0.0
15654,509239,120,1,734.0,0.0
15655,509239,108,1,419.0,0.0
15656,509239,107,2,1259.0,0.0
15657,509239,106,1,1574.0,0.0
15658,509240,120,1,734.0,0.0
15659,509241,137,1,261.0,0.0
15660,509242,146,1,4724.0,236.2
15661,509242,118,1,944.0,47.2
15662,509242,107,1,1259.0,62.95
15663,509243,102,1,3674.0,0.0
15664,509244,115,3,4199.0,1889.55
15665,509244,142,1,839.0,125.85
15666,509244,108,1,419.0,62.85
15667,509245,134,1,209.0,0.0
15668,509245,124,1,1154.0,0.0
15669,509246,142,1,839.0,0.0
15670,509246,126,1,471.0,0.0
15671,509246,139,2,366.0,0.0
15672,509247,146,1,4724.0,0.0
15673,509247,135,1,1574.0,0.0
15674,509248,129,1,576.0,0.0
15675,509249,103,1,2624.0,131.2
15676,509249,105,1,2414.0,120.7
15677,509250,141,2,261.0,0.0
15678,509251,114,1,1259.0,188.85
15679,509252,118,1,944.0,0.0
15680,509253,134,1,209.0,0.0
15681,509254,145,1,629.0,0.0
15682,509254,135,1,1574.0,0.0
15683,509255,112,2,1574.0,0.0
15684,509256,127,1,681.0,34.05
15685,509257,126,1,471.0,0.0
15686,509258,135,1,1574.0,0.0
15687,509259,116,1,2624.0,0.0
15688,509259,113,2,1364.0,0.0
15689,509260,101,1,2099.0,0.0
15690,509261,128,1,1049.0,0.0
15691,509262,108,1,419.0,0.0
15692,509263,127,1,681.0,0.0
15693,509264,119,1,2309.0,346.35
15694,509265,105,1,2414.0,0.0
15695,509265,144,1,3149.0,0.0
15696,509266,122,1,1994.0,0.0
15697,509267,114,2,1259.0,377.7
15698,509267,125,1,1364.0,204.6
15699,509267,123,1,3464.0,519.6
15700,509268,109,2,4199.0,0.0
15701,509269,118,1,944.0,0.0
15702,509269,111,2,524.0,0.0
15703,509270,108,1,419.0,0.0
15704,509271,125,1,1364.0,0.0
15705,509271,106,1,1574.0,0.0
15706,509271,138,1,419.0,0.0
15707,509272,125,1,1364.0,0.0
15708,509273,117,1,3149.0,472.35
15709,509273,121,1,2939.0,440.85
15710,509273,128,2,1049.0,314.7
15711,509274,123,1,3464.0,519.6
15712,509275,128,1,1049.0,52.45
15713,509275,111,1,524.0,26.2
15714,509275,122,1,1994.0,99.7
15715,509276,123,1,3464.0,0.0
15716,509277,101,1,2099.0,0.0
15717,509277,137,1,261.0,0.0
15718,509277,108,1,419.0,0.0
15719,509277,103,1,2624.0,0.0
15720,509278,105,1,2414.0,120.7
15721,509279,124,1,1154.0,0.0
15722,509279,126,2,471.0,0.0
15723,509280,120,1,734.0,0.0
15724,509281,130,1,734.0,0.0
15725,509281,111,1,524.0,0.0
15726,509282,101,1,2099.0,0.0
15727,509283,108,1,419.0,0.0
15728,509284,130,1,734.0,0.0
15729,509285,130,1,734.0,0.0
15730,509285,116,1,2624.0,0.0
15731,509286,112,1,1574.0,236.1
15732,509287,145,1,629.0,94.35
15733,509288,143,2,839.0,0.0
15734,509289,140,1,629.0,0.0
15735,509290,120,1,734.0,0.0
15736,509291,138,1,419.0,0.0
15737,509292,111,1,524.0,78.6
15738,509293,131,1,314.0,47.1
15739,509294,116,1,2624.0,393.6
15740,509295,110,1,839.0,0.0
15741,509296,137,1,261.0,39.15
15742,509297,134,2,209.0,0.0
15743,509297,113,1,1364.0,0.0
15744,509297,103,1,2624.0,0.0
15745,509298,123,1,3464.0,0.0
15746,509299,115,1,4199.0,0.0
15747,509299,106,1,1574.0,0.0
15748,509299,124,1,1154.0,0.0
15749,509300,126,1,471.0,0.0
15750,509301,143,1,839.0,125.85
15751,509301,107,1,1259.0,188.85
15752,509302,111,1,524.0,0.0
15753,509302,120,2,734.0,0.0
15754,509302,121,1,2939.0,0.0
15755,509303,135,1,1574.0,0.0
15756,509304,108,1,419.0,62.85
15757,509304,109,1,4199.0,629.85
15758,509305,112,1,1574.0,0.0
15759,509306,119,1,2309.0,346.35
15760,509307,115,1,4199.0,0.0
15761,509308,104,2,5249.0,0.0
15762,509309,141,1,261.0,0.0
15763,509309,119,1,2309.0,0.0
15764,509310,118,1,944.0,0.0
15765,509311,136,2,944.0,0.0
15766,509311,110,1,839.0,0.0
15767,509312,135,1,1574.0,0.0
15768,509312,115,2,4199.0,0.0
15769,509313,125,1,1364.0,0.0
15770,509314,107,1,1259.0,0.0
15771,509315,147,1,1364.0,204.6
15772,509316,117,1,3149.0,0.0
15773,509316,143,2,839.0,0.0
15774,509316,128,1,1049.0,0.0
15775,509317,117,2,3149.0,0.0
15776,509318,107,1,1259.0,188.85
15777,509318,117,2,3149.0,944.7
15778,509318,103,2,2624.0,787.2
15779,509319,130,1,734.0,0.0
15780,509319,133,2,419.0,0.0
15781,509320,134,1,209.0,0.0
15782,509321,103,2,2624.0,0.0
15783,509321,112,1,1574.0,0.0
15784,509322,118,1,944.0,0.0
15785,509322,126,1,471.0,0.0
15786,509322,139,1,366.0,0.0
15787,509323,105,2,2414.0,0.0
15788,509324,117,1,3149.0,0.0
15789,509325,130,2,734.0,220.2
15790,509326,125,1,1364.0,68.2
15791,509326,134,1,209.0,10.45
15792,509327,144,1,3149.0,472.35
15793,509327,135,1,1574.0,236.1
15794,509327,101,2,2099.0,629.7
15795,509328,142,1,839.0,0.0
15796,509329,136,1,944.0,0.0
15797,509329,125,1,1364.0,0.0
15798,509330,128,1,1049.0,0.0
15799,509330,124,1,1154.0,0.0
15800,509331,129,1,576.0,0.0
15801,509332,120,1,734.0,0.0
15802,509333,120,1,734.0,0.0
15803,509334,115,1,4199.0,0.0
15804,509335,104,1,5249.0,0.0
15805,509336,140,1,629.0,0.0
15806,509337,114,1,1259.0,0.0
15807,509338,118,1,944.0,0.0
15808,509338,137,1,261.0,0.0
15809,509339,107,1,1259.0,0.0
15810,509339,141,1,261.0,0.0
15811,509340,107,1,1259.0,0.0
15812,509341,131,1,314.0,0.0
15813,509342,114,2,1259.0,0.0
15814,509343,137,1,261.0,0.0
15815,509343,147,3,1364.0,0.0
15816,509343,107,1,1259.0,0.0
15817,509344,134,2,209.0,62.7
15818,509344,145,1,629.0,94.35
15819,509345,143,1,839.0,0.0
15820,509345,137,1,261.0,0.0
15821,509346,117,1,3149.0,0.0
15822,509346,114,3,1259.0,0.0
15823,509347,147,1,1364.0,0.0
15824,509348,111,1,524.0,0.0
15825,509349,111,2,524.0,0.0
15826,509349,123,1,3464.0,0.0
15827,509350,111,2,524.0,0.0
15828,509350,147,1,1364.0,0.0
15829,509351,134,2,209.0,0.0
15830,509352,104,1,5249.0,262.45
15831,509353,148,1,734.0,0.0
15832,509354,118,2,944.0,0.0
15833,509355,124,3,1154.0,0.0
15834,509355,116,1,2624.0,0.0
15835,509356,108,1,419.0,62.85
15836,509357,130,1,734.0,0.0
15837,509358,137,1,261.0,0.0
15838,509358,109,2,4199.0,0.0
15839,509358,125,1,1364.0,0.0
15840,509359,133,1,419.0,0.0
15841,509359,102,2,3674.0,0.0
15842,509360,113,2,1364.0,136.4
15843,509360,118,1,944.0,47.2
15844,509361,113,1,1364.0,0.0
15845,509361,141,1,261.0,0.0
15846,509362,106,1,1574.0,0.0
15847,509362,123,2,3464.0,0.0
15848,509363,125,1,1364.0,0.0
15849,509364,114,2,1259.0,0.0
15850,509365,104,3,5249.0,0.0
15851,509365,116,3,2624.0,0.0
15852,509366,135,1,1574.0,78.7
15853,509367,138,1,419.0,0.0
15854,509367,101,1,2099.0,0.0
15855,509367,145,1,629.0,0.0
15856,509368,108,1,419.0,0.0
15857,509369,123,1,3464.0,0.0
15858,509369,116,2,2624.0,0.0
15859,509370,126,1,471.0,70.65
15860,509371,137,1,261.0,0.0
15861,509371,123,1,3464.0,0.0
15862,509371,116,1,2624.0,0.0
15863,509371,117,2,3149.0,0.0
15864,509372,132,1,471.0,70.65
15865,509373,113,1,1364.0,0.0
15866,509374,120,1,734.0,0.0
15867,509375,144,1,3149.0,0.0
15868,509376,118,1,944.0,141.6
15869,509377,138,1,419.0,0.0
15870,509378,108,1,419.0,62.85
15871,509378,135,1,1574.0,236.1
15872,509378,137,1,261.0,39.15
15873,509379,134,1,209.0,0.0
15874,509380,131,2,314.0,94.2
15875,509380,111,1,524.0,78.6
15876,509381,148,1,734.0,0.0
15877,509382,121,1,2939.0,0.0
15878,509383,128,1,1049.0,0.0
15879,509383,139,1,366.0,0.0
15880,509384,133,1,419.0,62.85
15881,509385,107,1,1259.0,0.0
15882,509385,138,1,419.0,0.0
15883,509386,141,1,261.0,0.0
15884,509387,125,1,1364.0,204.6
15885,509388,113,1,1364.0,204.6
15886,509388,119,2,2309.0,692.7
15887,509389,142,1,839.0,0.0
15888,509390,124,1,1154.0,0.0
15889,509391,113,1,1364.0,0.0
15890,509392,131,1,314.0,0.0
15891,509392,125,1,1364.0,0.0
15892,509393,124,1,1154.0,173.1
15893,509394,113,1,1364.0,0.0
15894,509394,112,1,1574.0,0.0
15895,509395,107,1,1259.0,0.0
15896,509395,124,1,1154.0,0.0
15897,509396,125,1,1364.0,0.0
15898,509397,102,1,3674.0,0.0
15899,509398,131,1,314.0,0.0
15900,509399,131,1,314.0,0.0
15901,509399,109,1,4199.0,0.0
15902,509399,111,1,524.0,0.0
15903,509399,134,1,209.0,0.0
15904,509400,129,1,576.0,86.4
15905,509401,122,1,1994.0,0.0
15906,509401,140,1,629.0,0.0
15907,509401,146,1,4724.0,0.0
15908,509402,140,1,629.0,0.0
15909,509402,104,1,5249.0,0.0
15910,509402,137,1,261.0,0.0
15911,509402,109,3,4199.0,0.0
15912,509403,132,1,471.0,47.1
15913,509403,129,1,576.0,57.6
15914,509404,141,1,261.0,26.1
15915,509405,109,1,4199.0,419.9
15916,509406,126,1,471.0,47.1
15917,509407,130,1,734.0,0.0
15918,509408,147,1,1364.0,68.2
15919,509408,106,1,1574.0,78.7
15920,509409,116,3,2624.0,787.2
15921,509409,137,1,261.0,26.1
15922,509409,145,2,629.0,125.8
15923,509410,104,1,5249.0,0.0
15924,509411,106,1,1574.0,0.0
15925,509411,126,1,471.0,0.0
15926,509411,112,2,1574.0,0.0
15927,509411,143,1,839.0,0.0
15928,509411,129,1,576.0,0.0
15929,509412,113,1,1364.0,136.4
15930,509413,104,1,5249.0,262.45
15931,509413,113,1,1364.0,68.2
15932,509413,114,1,1259.0,62.95
15933,509414,143,1,839.0,0.0
15934,509414,129,2,576.0,0.0
15935,509415,116,1,2624.0,262.4
15936,509415,101,2,2099.0,419.8
15937,509415,113,1,1364.0,136.4
15938,509415,118,1,944.0,94.4
15939,509416,107,1,1259.0,125.9
15940,509416,129,1,576.0,57.6
15941,509417,108,2,419.0,83.8
15942,509417,129,1,576.0,57.6
15943,509418,141,1,261.0,0.0
15944,509418,115,1,4199.0,0.0
15945,509419,118,1,944.0,94.4
15946,509419,129,2,576.0,115.2
15947,509420,121,1,2939.0,293.9
15948,509421,118,1,944.0,141.6
15949,509421,117,2,3149.0,944.7
15950,509422,116,2,2624.0,262.4
15951,509423,126,3,471.0,0.0
15952,509423,129,1,576.0,0.0
15953,509424,127,1,681.0,68.1
15954,509424,129,1,576.0,57.6
15955,509425,128,1,1049.0,104.9
15956,509426,142,1,839.0,0.0
15957,509426,125,1,1364.0,0.0
15958,509427,117,1,3149.0,314.9
15959,509428,102,3,3674.0,0.0
15960,509428,129,1,576.0,0.0
15961,509429,125,1,1364.0,136.4
15962,509430,148,1,734.0,73.4
15963,509430,129,1,576.0,57.6
15964,509431,104,1,5249.0,524.9
15965,509432,116,1,2624.0,131.2
15966,509432,120,2,734.0,73.4
15967,509432,129,1,576.0,28.8
15968,509433,107,1,1259.0,125.9
15969,509434,134,1,209.0,20.9
15970,509434,118,1,944.0,94.4
15971,509435,117,2,3149.0,629.8
15972,509436,124,1,1154.0,115.4
15973,509436,112,1,1574.0,157.4
15974,509437,133,1,419.0,41.9
15975,509437,129,1,576.0,57.6
15976,509438,112,1,1574.0,157.4
15977,509439,120,1,734.0,110.1
15978,509439,111,1,524.0,78.6
15979,509439,129,1,576.0,86.4
15980,509440,144,1,3149.0,0.0
15981,509440,129,3,576.0,0.0
15982,509441,106,3,1574.0,472.2
15983,509441,117,1,3149.0,314.9
15984,509442,148,1,734.0,0.0
15985,509442,118,2,944.0,0.0
15986,509442,129,2,576.0,0.0
15987,509443,111,1,524.0,52.4
15988,509444,116,1,2624.0,262.4
15989,509445,123,1,3464.0,0.0
15990,509445,104,1,5249.0,0.0
15991,509445,129,1,576.0,0.0
15992,509446,116,1,2624.0,262.4
15993,509447,122,1,1994.0,199.4
15994,509448,112,1,1574.0,0.0
15995,509449,113,1,1364.0,136.4
15996,509450,134,1,209.0,0.0
15997,509451,104,1,5249.0,524.9
15998,509451,111,1,524.0,52.4
15999,509451,135,3,1574.0,472.2
16000,509452,128,1,1049.0,104.9
16001,509452,129,1,576.0,57.6
16002,509453,147,1,1364.0,0.0
16003,509453,129,2,576.0,0.0
16004,509454,116,1,2624.0,0.0
16005,509454,129,1,576.0,0.0
16006,509455,118,2,944.0,188.8
16007,509455,122,1,1994.0,199.4
16008,509455,113,1,1364.0,136.4
16009,509455,129,3,576.0,172.8
16010,509456,108,1,419.0,41.9
16011,509456,114,1,1259.0,125.9
16012,509456,111,1,524.0,52.4
16013,509457,127,1,681.0,68.1
16014,509457,116,1,2624.0,262.4
16015,509458,106,2,1574.0,314.8
16016,509458,123,2,3464.0,692.8
16017,509459,104,1,5249.0,0.0
16018,509459,129,2,576.0,0.0
16019,509460,102,1,3674.0,0.0
16020,509461,126,1,471.0,47.1
16021,509461,134,1,209.0,20.9
16022,509461,145,1,629.0,62.9
16023,509462,109,1,4199.0,419.9
16024,509462,118,1,944.0,94.4
16025,509462,129,1,576.0,57.6
16026,509463,116,1,2624.0,0.0
16027,509463,134,1,209.0,0.0
16028,509463,114,1,1259.0,0.0
16029,509463,101,1,2099.0,0.0
16030,509464,112,1,1574.0,236.1
16031,509464,128,1,1049.0,157.35
16032,509465,107,1,1259.0,125.9
16033,509465,129,1,576.0,57.6
16034,509466,135,1,1574.0,236.1
16035,509467,132,1,471.0,47.1
16036,509468,118,1,944.0,0.0
16037,509468,114,1,1259.0,0.0
16038,509469,116,1,2624.0,262.4
16039,509469,127,1,681.0,68.1
16040,509470,112,1,1574.0,0.0
16041,509471,139,2,366.0,0.0
16042,509472,137,1,261.0,0.0
16043,509473,136,1,944.0,141.6
16044,509473,111,2,524.0,157.2
16045,509473,130,1,734.0,110.1
16046,509473,118,2,944.0,283.2
16047,509473,129,1,576.0,86.4
16048,509474,130,2,734.0,146.8
16049,509474,122,1,1994.0,199.4
16050,509474,124,2,1154.0,230.8
16051,509475,112,2,1574.0,314.8
16052,509476,124,1,1154.0,0.0
16053,509477,127,1,681.0,68.1
16054,509477,129,1,576.0,57.6
16055,509478,126,2,471.0,141.3
16056,509478,105,1,2414.0,362.1
16057,509479,111,1,524.0,0.0
16058,509479,112,1,1574.0,0.0
16059,509479,121,1,2939.0,0.0
16060,509479,129,1,576.0,0.0
16061,509480,121,2,2939.0,587.8
16062,509480,129,2,576.0,115.2
16063,509481,108,1,419.0,41.9
16064,509481,137,2,261.0,52.2
16065,509481,131,1,314.0,31.4
16066,509481,118,1,944.0,94.4
16067,509482,141,1,261.0,26.1
16068,509483,128,1,1049.0,0.0
16069,509483,129,1,576.0,0.0
16070,509484,134,1,209.0,31.35
16071,509484,136,1,944.0,141.6
16072,509484,137,3,261.0,117.45
16073,509484,123,1,3464.0,519.6
16074,509485,137,1,261.0,39.15
16075,509486,130,1,734.0,0.0
16076,509487,117,1,3149.0,0.0
16077,509487,129,1,576.0,0.0
16078,509488,104,1,5249.0,524.9
16079,509488,102,1,3674.0,367.4
16080,509488,134,2,209.0,41.8
16081,509488,129,1,576.0,57.6
16082,509489,146,1,4724.0,472.4
16083,509489,125,1,1364.0,136.4
16084,509489,143,1,839.0,83.9
16085,509490,117,1,3149.0,472.35
16086,509491,118,1,944.0,0.0
16087,509492,140,2,629.0,125.8
16088,509492,104,1,5249.0,524.9
16089,509492,129,1,576.0,57.6
16090,509493,127,1,681.0,68.1
16091,509494,141,1,261.0,0.0
16092,509494,111,1,524.0,0.0
16093,509495,124,1,1154.0,115.4
16094,509496,131,1,314.0,31.4
16095,509497,131,2,314.0,94.2
16096,509497,129,1,576.0,86.4
16097,509498,111,1,524.0,0.0
16098,509499,130,1,734.0,73.4
16099,509499,129,2,576.0,115.2
16100,509500,119,1,2309.0,346.35
16101,509501,119,2,2309.0,0.0
16102,509502,110,2,839.0,167.8
16103,509502,120,1,734.0,73.4
16104,509502,130,1,734.0,73.4
16105,509502,119,2,2309.0,461.8
16106,509503,122,1,1994.0,199.4
16107,509503,129,1,576.0,57.6
16108,509504,120,1,734.0,73.4
16109,509504,114,1,1259.0,125.9
16110,509504,140,1,629.0,62.9
16111,509504,139,1,366.0,36.6
16112,509505,119,1,2309.0,230.9
16113,509505,117,1,3149.0,314.9
16114,509506,120,1,734.0,0.0
16115,509506,141,1,261.0,0.0
16116,509507,122,1,1994.0,0.0
16117,509508,111,1,524.0,52.4
16118,509508,126,1,471.0,47.1
16119,509508,108,1,419.0,41.9
16120,509508,129,2,576.0,115.2
16121,509509,111,1,524.0,0.0
16122,509509,112,1,1574.0,0.0
16123,509510,140,1,629.0,62.9
16124,509511,132,1,471.0,0.0
16125,509512,119,1,2309.0,0.0
16126,509513,104,1,5249.0,0.0
16127,509513,130,1,734.0,0.0
16128,509514,119,1,2309.0,230.9
16129,509514,129,1,576.0,57.6
16130,509515,102,1,3674.0,0.0
16131,509515,101,1,2099.0,0.0
16132,509515,136,1,944.0,0.0
16133,509516,114,1,1259.0,188.85
16134,509517,138,1,419.0,0.0
16135,509517,103,1,2624.0,0.0
16136,509517,116,2,2624.0,0.0
16137,509517,137,3,261.0,0.0
16138,509518,116,1,2624.0,0.0
16139,509518,129,2,576.0,0.0
16140,509519,112,3,1574.0,0.0
16141,509519,102,2,3674.0,0.0
16142,509520,109,2,4199.0,0.0
16143,509521,109,1,4199.0,0.0
16144,509522,132,1,471.0,47.1
16145,509522,129,1,576.0,57.6
16146,509523,144,1,3149.0,0.0
16147,509524,108,1,419.0,0.0
16148,509525,124,1,1154.0,115.4
16149,509525,130,1,734.0,73.4
16150,509526,120,1,734.0,73.4
16151,509526,137,3,261.0,78.3
16152,509527,102,1,3674.0,0.0
16153,509528,124,1,1154.0,173.1
16154,509529,124,1,1154.0,173.1
16155,509530,119,1,2309.0,230.9
16156,509531,108,1,419.0,62.85
16157,509531,119,1,2309.0,346.35
16158,509531,138,1,419.0,62.85
16159,509531,129,1,576.0,86.4
16160,509532,130,1,734.0,73.4
16161,509532,109,1,4199.0,419.9
16162,509533,119,1,2309.0,230.9
16163,509533,135,1,1574.0,157.4
16164,509534,130,2,734.0,146.8
16165,509535,106,2,1574.0,157.4
16166,509536,116,1,2624.0,262.4
16167,509536,107,1,1259.0,125.9
16168,509536,117,3,3149.0,944.7
16169,509536,140,1,629.0,62.9
16170,509537,116,2,2624.0,524.8
16171,509537,102,1,3674.0,367.4
16172,509537,129,2,576.0,115.2
16173,509538,134,1,209.0,20.9
16174,509539,123,1,3464.0,346.4
16175,509539,129,2,576.0,115.2
16176,509540,103,1,2624.0,262.4
16177,509540,140,1,629.0,62.9
16178,509541,104,2,5249.0,1049.8
16179,509541,129,1,576.0,57.6
16180,509542,112,1,1574.0,0.0
16181,509543,138,1,419.0,41.9
16182,509543,129,1,576.0,57.6
16183,509544,111,1,524.0,52.4
16184,509544,135,2,1574.0,314.8
16185,509545,118,1,944.0,94.4
16186,509545,129,1,576.0,57.6
16187,509546,137,1,261.0,13.05
16188,509547,143,1,839.0,0.0
16189,509547,104,1,5249.0,0.0
16190,509547,138,1,419.0,0.0
16191,509547,129,1,576.0,0.0
16192,509548,113,1,1364.0,136.4
16193,509548,129,2,576.0,115.2
16194,509549,112,1,1574.0,0.0
16195,509549,101,3,2099.0,0.0
16196,509549,131,1,314.0,0.0
16197,509549,119,1,2309.0,0.0
16198,509550,131,1,314.0,31.4
16199,509550,125,1,1364.0,136.4
16200,509551,120,1,734.0,110.1
16201,509552,109,1,4199.0,419.9
16202,509552,129,1,576.0,57.6
16203,509553,103,1,2624.0,262.4
16204,509553,140,1,629.0,62.9
16205,509553,123,2,3464.0,692.8
16206,509553,129,3,576.0,172.8
16207,509554,112,1,1574.0,157.4
16208,509554,120,1,734.0,73.4
16209,509555,148,1,734.0,73.4
16210,509555,120,1,734.0,73.4
16211,509555,114,1,1259.0,125.9
16212,509555,107,1,1259.0,125.9
16213,509556,117,1,3149.0,314.9
16214,509556,111,1,524.0,52.4
16215,509556,129,1,576.0,57.6
16216,509557,146,1,4724.0,708.6
16217,509558,148,1,734.0,0.0
16218,509558,129,2,576.0,0.0
16219,509559,126,1,471.0,47.1
16220,509560,107,3,1259.0,377.7
16221,509560,129,1,576.0,57.6
16222,509561,119,2,2309.0,461.8
16223,509561,129,1,576.0,57.6
16224,509562,112,1,1574.0,157.4
16225,509563,107,1,1259.0,125.9
16226,509564,141,1,261.0,39.15
16227,509564,129,1,576.0,86.4
16228,509565,130,2,734.0,0.0
16229,509565,137,2,261.0,0.0
16230,509566,116,1,2624.0,131.2
16231,509566,129,1,576.0,28.8
16232,509567,104,1,5249.0,0.0
16233,509567,131,1,314.0,0.0
16234,509567,118,1,944.0,0.0
16235,509568,112,1,1574.0,157.4
16236,509568,147,2,1364.0,272.8
16237,509568,129,1,576.0,57.6
16238,509569,116,1,2624.0,262.4
16239,509570,143,3,839.0,377.55
16240,509571,146,1,4724.0,0.0
16241,509571,129,1,576.0,0.0
16242,509572,108,1,419.0,0.0
16243,509572,105,3,2414.0,0.0
16244,509572,129,1,576.0,0.0
16245,509573,123,1,3464.0,0.0
16246,509573,102,1,3674.0,0.0
16247,509573,129,1,576.0,0.0
16248,509574,113,2,1364.0,272.8
16249,509574,129,1,576.0,57.6
16250,509575,143,1,839.0,125.85
16251,509575,130,1,734.0,110.1
16252,509576,103,1,2624.0,0.0
16253,509576,134,1,209.0,0.0
16254,509576,129,1,576.0,0.0
16255,509577,107,1,1259.0,0.0
16256,509578,139,1,366.0,36.6
16257,509578,131,1,314.0,31.4
16258,509579,103,1,2624.0,0.0
16259,509579,112,1,1574.0,0.0
16260,509580,128,1,1049.0,104.9
16261,509581,139,1,366.0,0.0
16262,509581,106,1,1574.0,0.0
16263,509581,129,1,576.0,0.0
16264,509582,116,2,2624.0,524.8
16265,509582,120,1,734.0,73.4
16266,509583,101,2,2099.0,0.0
16267,509584,110,1,839.0,0.0
16268,509584,129,1,576.0,0.0
16269,509585,142,1,839.0,83.9
16270,509585,129,1,576.0,57.6
16271,509586,107,1,1259.0,125.9
16272,509586,129,1,576.0,57.6
16273,509587,106,1,1574.0,0.0
16274,509588,130,1,734.0,73.4
16275,509588,141,1,261.0,26.1
16276,509588,137,1,261.0,26.1
16277,509589,123,1,3464.0,346.4
16278,509589,137,2,261.0,52.2
16279,509589,129,2,576.0,115.2
16280,509590,127,1,681.0,0.0
16281,509591,110,1,839.0,83.9
16282,509592,102,2,3674.0,734.8
16283,509592,105,1,2414.0,241.4
16284,509592,111,1,524.0,52.4
16285,509592,140,1,629.0,62.9
16286,509593,110,1,839.0,0.0
16287,509593,140,1,629.0,0.0
16288,509593,129,1,576.0,0.0
16289,509594,111,1,524.0,0.0
16290,509595,123,1,3464.0,346.4
16291,509595,129,1,576.0,57.6
16292,509596,114,2,1259.0,251.8
16293,509597,137,1,261.0,26.1
16294,509597,129,1,576.0,57.6
16295,509598,120,2,734.0,146.8
16296,509598,129,1,576.0,57.6
16297,509599,109,1,4199.0,419.9
16298,509600,134,1,209.0,0.0
16299,509601,106,1,1574.0,157.4
16300,509602,125,1,1364.0,136.4
16301,509602,130,2,734.0,146.8
16302,509603,120,2,734.0,73.4
16303,509603,129,1,576.0,28.8
16304,509604,112,1,1574.0,157.4
16305,509604,116,3,2624.0,787.2
16306,509604,129,1,576.0,57.6
16307,509605,129,1,576.0,86.4
16308,509605,122,1,1994.0,299.1
16309,509605,102,1,3674.0,551.1
16310,509606,137,1,261.0,39.15
16311,509607,104,1,5249.0,524.9
16312,509608,102,1,3674.0,0.0
16313,509608,123,1,3464.0,0.0
16314,509608,129,1,576.0,0.0
16315,509609,140,2,629.0,125.8
16316,509609,131,1,314.0,31.4
16317,509610,120,1,734.0,0.0
16318,509611,112,1,1574.0,157.4
16319,509611,114,1,1259.0,125.9
16320,509611,129,1,576.0,57.6
16321,509612,141,3,261.0,0.0
16322,509612,112,1,1574.0,0.0
16323,509612,115,2,4199.0,0.0
16324,509612,111,1,524.0,0.0
16325,509613,126,2,471.0,94.2
16326,509614,107,1,1259.0,0.0
16327,509614,129,1,576.0,0.0
16328,509615,112,1,1574.0,0.0
16329,509615,129,1,576.0,0.0
16330,509616,114,1,1259.0,0.0
16331,509617,138,1,419.0,41.9
16332,509618,102,1,3674.0,0.0
16333,509618,129,1,576.0,0.0
16334,509619,120,1,734.0,110.1
16335,509619,129,1,576.0,86.4
16336,509620,125,1,1364.0,0.0
16337,509620,106,1,1574.0,0.0
16338,509620,107,1,1259.0,0.0
16339,509621,103,1,2624.0,262.4
16340,509621,136,1,944.0,94.4
16341,509621,142,2,839.0,167.8
16342,509621,124,1,1154.0,115.4
16343,509622,127,1,681.0,102.15
16344,509622,114,1,1259.0,188.85
16345,509622,104,1,5249.0,787.35
16346,509623,112,1,1574.0,236.1
16347,509624,108,1,419.0,0.0
16348,509625,114,1,1259.0,0.0
16349,509625,134,1,209.0,0.0
16350,509625,113,1,1364.0,0.0
16351,509625,129,1,576.0,0.0
16352,509626,137,1,261.0,0.0
16353,509626,129,1,576.0,0.0
16354,509627,134,1,209.0,10.45
16355,509627,143,1,839.0,41.95
16356,509628,122,1,1994.0,0.0
16357,509628,102,1,3674.0,0.0
16358,509628,120,3,734.0,0.0
16359,509629,135,1,1574.0,157.4
16360,509629,106,1,1574.0,157.4
16361,509629,111,2,524.0,104.8
16362,509630,111,1,524.0,0.0
16363,509631,111,1,524.0,52.4
16364,509632,131,1,314.0,0.0
16365,509632,113,1,1364.0,0.0
16366,509632,102,2,3674.0,0.0
16367,509633,124,1,1154.0,173.1
16368,509634,138,2,419.0,125.7
16369,509634,123,2,3464.0,1039.2
16370,509635,133,1,419.0,41.9
16371,509635,129,1,576.0,57.6
16372,509636,141,1,261.0,0.0
16373,509637,135,1,1574.0,236.1
16374,509637,132,2,471.0,141.3
16375,509638,108,1,419.0,41.9
16376,509638,129,1,576.0,57.6
16377,509639,122,1,1994.0,0.0
16378,509639,129,1,576.0,0.0
16379,509640,139,2,366.0,73.2
16380,509641,103,1,2624.0,0.0
16381,509641,105,1,2414.0,0.0
16382,509641,111,1,524.0,0.0
16383,509641,129,1,576.0,0.0
16384,509642,104,1,5249.0,524.9
16385,509642,111,1,524.0,52.4
16386,509643,110,1,839.0,0.0
16387,509643,129,2,576.0,0.0
16388,509644,118,1,944.0,94.4
16389,509644,123,1,3464.0,346.4
16390,509644,129,1,576.0,57.6
16391,509645,134,1,209.0,20.9
16392,509645,114,2,1259.0,251.8
16393,509645,129,1,576.0,57.6
16394,509646,102,1,3674.0,367.4
16395,509647,123,1,3464.0,346.4
16396,509647,115,1,4199.0,419.9
16397,509648,110,1,839.0,83.9
16398,509648,129,1,576.0,57.6
16399,509649,117,2,3149.0,629.8
16400,509649,124,1,1154.0,115.4
16401,509650,130,1,734.0,0.0
16402,509650,123,1,3464.0,0.0
16403,509651,118,1,944.0,0.0
16404,509652,112,1,1574.0,157.4
16405,509653,128,1,1049.0,0.0
16406,509654,107,1,1259.0,0.0
16407,509655,108,1,419.0,0.0
16408,509656,112,1,1574.0,0.0
16409,509656,138,1,419.0,0.0
16410,509656,129,1,576.0,0.0
16411,509657,116,1,2624.0,262.4
16412,509657,129,1,576.0,57.6
16413,509658,104,1,5249.0,0.0
16414,509658,129,1,576.0,0.0
16415,509659,104,1,5249.0,787.35
16416,509660,147,1,1364.0,136.4
16417,509660,126,1,471.0,47.1
16418,509661,135,2,1574.0,314.8
16419,509661,145,2,629.0,125.8
16420,509662,134,1,209.0,0.0
16421,509662,126,1,471.0,0.0
16422,509663,144,1,3149.0,314.9
16423,509663,129,1,576.0,57.6
16424,509664,131,2,314.0,62.8
16425,509664,137,2,261.0,52.2
16426,509664,129,2,576.0,115.2
16427,509665,130,1,734.0,73.4
16428,509665,132,1,471.0,47.1
16429,509666,129,1,576.0,57.6
16430,509667,117,1,3149.0,472.35
16431,509667,141,1,261.0,39.15
16432,509668,128,1,1049.0,0.0
16433,509668,137,1,261.0,0.0
16434,509669,127,1,681.0,68.1
16435,509669,129,1,576.0,57.6
16436,509670,136,2,944.0,0.0
16437,509671,111,1,524.0,0.0
16438,509671,141,1,261.0,0.0
16439,509671,137,1,261.0,0.0
16440,509671,140,1,629.0,0.0
16441,509672,139,1,366.0,0.0
16442,509672,129,1,576.0,0.0
16443,509673,118,1,944.0,0.0
16444,509673,143,1,839.0,0.0
16445,509673,146,1,4724.0,0.0
16446,509674,135,1,1574.0,157.4
16447,509674,117,1,3149.0,314.9
16448,509675,113,1,1364.0,0.0
16449,509675,145,1,629.0,0.0
16450,509676,118,1,944.0,94.4
16451,509676,108,1,419.0,41.9
16452,509676,129,1,576.0,57.6
16453,509677,106,1,1574.0,157.4
16454,509677,129,1,576.0,57.6
16455,509678,131,1,314.0,31.4
16456,509678,112,1,1574.0,157.4
16457,509678,134,1,209.0,20.9
16458,509678,129,1,576.0,57.6
16459,509679,102,2,3674.0,734.8
16460,509680,143,1,839.0,0.0
16461,509681,147,1,1364.0,0.0
16462,509682,137,2,261.0,0.0
16463,509683,108,1,419.0,0.0
16464,509683,102,1,3674.0,0.0
16465,509683,129,1,576.0,0.0
16466,509684,124,1,1154.0,115.4
16467,509684,129,1,576.0,57.6
16468,509685,112,1,1574.0,236.1
16469,509685,129,1,576.0,86.4
16470,509686,136,1,944.0,0.0
16471,509686,116,1,2624.0,0.0
16472,509687,124,1,1154.0,115.4
16473,509687,116,1,2624.0,262.4
16474,509688,111,1,524.0,52.4
16475,509688,129,1,576.0,57.6
16476,509689,143,1,839.0,83.9
16477,509689,129,1,576.0,57.6
16478,509690,140,1,629.0,94.35
16479,509690,125,1,1364.0,204.6
16480,509690,111,1,524.0,78.6
16481,509691,106,1,1574.0,157.4
16482,509691,111,3,524.0,157.2
16483,509691,120,1,734.0,73.4
16484,509691,129,1,576.0,57.6
16485,509692,130,3,734.0,0.0
16486,509693,127,2,681.0,0.0
16487,509693,129,1,576.0,0.0
16488,509694,140,1,629.0,62.9
16489,509694,129,1,576.0,57.6
16490,509695,113,1,1364.0,204.6
16491,509696,118,1,944.0,94.4
16492,509696,129,1,576.0,57.6
16493,509697,103,3,2624.0,0.0
16494,509697,129,3,576.0,0.0
16495,509698,127,3,681.0,306.45
16496,509698,129,1,576.0,86.4
16497,509699,114,1,1259.0,0.0
16498,509700,106,1,1574.0,0.0
16499,509700,111,1,524.0,0.0
16500,509701,108,1,419.0,62.85
16501,509702,141,1,261.0,26.1
16502,509703,129,1,576.0,0.0
16503,509703,120,1,734.0,0.0
16504,509704,113,2,1364.0,272.8
16505,509705,138,1,419.0,0.0
16506,509705,129,1,576.0,0.0
16507,509706,135,1,1574.0,157.4
16508,509706,129,1,576.0,57.6
16509,509707,116,1,2624.0,262.4
16510,509708,148,1,734.0,110.1
16511,509708,133,2,419.0,125.7
16512,509708,130,1,734.0,110.1
16513,509709,131,1,314.0,31.4
16514,509710,117,1,3149.0,0.0
16515,509710,134,1,209.0,0.0
16516,509710,112,1,1574.0,0.0
16517,509711,115,1,4199.0,0.0
16518,509712,140,3,629.0,0.0
16519,509712,123,2,3464.0,0.0
16520,509712,129,1,576.0,0.0
16521,509713,130,2,734.0,146.8
16522,509713,129,1,576.0,57.6
16523,509714,129,1,576.0,57.6
16524,509715,121,1,2939.0,440.85
16525,509715,101,2,2099.0,629.7
16526,509715,130,1,734.0,110.1
16527,509715,102,1,3674.0,551.1
16528,509716,123,1,3464.0,0.0
16529,509716,117,2,3149.0,0.0
16530,509716,122,1,1994.0,0.0
16531,509717,106,2,1574.0,314.8
16532,509717,129,2,576.0,115.2
16533,509718,108,2,419.0,0.0
16534,509718,122,3,1994.0,0.0
16535,509719,118,1,944.0,94.4
16536,509719,140,2,629.0,125.8
16537,509720,128,1,1049.0,0.0
16538,509721,118,1,944.0,94.4
16539,509721,125,1,1364.0,136.4
16540,509721,117,1,3149.0,314.9
16541,509721,107,1,1259.0,125.9
16542,509722,122,1,1994.0,0.0
16543,509722,138,1,419.0,0.0
16544,509723,118,2,944.0,283.2
16545,509724,133,1,419.0,0.0
16546,509724,129,1,576.0,0.0
16547,509725,115,2,4199.0,0.0
16548,509725,129,3,576.0,0.0
16549,509726,116,1,2624.0,0.0
16550,509727,114,1,1259.0,125.9
16551,509728,132,2,471.0,0.0
16552,509729,127,1,681.0,68.1
16553,509730,104,1,5249.0,0.0
16554,509731,137,1,261.0,26.1
16555,509731,122,1,1994.0,199.4
16556,509731,117,1,3149.0,314.9
16557,509732,147,1,1364.0,0.0
16558,509732,129,2,576.0,0.0
16559,509733,124,1,1154.0,115.4
16560,509733,129,1,576.0,57.6
16561,509734,143,1,839.0,83.9
16562,509735,130,1,734.0,73.4
16563,509735,102,1,3674.0,367.4
16564,509735,111,3,524.0,157.2
16565,509735,129,3,576.0,172.8
16566,509736,130,2,734.0,146.8
16567,509737,118,3,944.0,0.0
16568,509737,124,1,1154.0,0.0
16569,509738,123,2,3464.0,692.8
16570,509738,129,1,576.0,57.6
16571,509739,128,2,1049.0,0.0
16572,509739,146,1,4724.0,0.0
16573,509739,129,1,576.0,0.0
16574,509740,129,3,576.0,259.2
16575,509740,113,1,1364.0,204.6
16576,509741,114,2,1259.0,0.0
16577,509741,124,1,1154.0,0.0
16578,509742,112,1,1574.0,157.4
16579,509742,129,1,576.0,57.6
16580,509743,133,1,419.0,41.9
16581,509744,113,1,1364.0,136.4
16582,509744,106,2,1574.0,314.8
16583,509745,102,3,3674.0,1102.2
16584,509745,129,1,576.0,57.6
16585,509746,111,1,524.0,52.4
16586,509746,129,1,576.0,57.6
16587,509747,103,1,2624.0,262.4
16588,509748,107,1,1259.0,0.0
16589,509748,129,1,576.0,0.0
16590,509749,114,1,1259.0,125.9
16591,509750,120,1,734.0,0.0
16592,509751,125,1,1364.0,136.4
16593,509751,129,2,576.0,115.2
16594,509752,102,1,3674.0,0.0
16595,509753,131,1,314.0,31.4
16596,509753,130,1,734.0,73.4
16597,509753,103,1,2624.0,262.4
16598,509753,129,1,576.0,57.6
16599,509754,107,2,1259.0,251.8
16600,509755,108,3,419.0,188.55
16601,509756,115,1,4199.0,629.85
16602,509757,137,1,261.0,26.1
16603,509758,131,1,314.0,47.1
16604,509758,129,1,576.0,86.4
16605,509759,105,2,2414.0,482.8
16606,509759,129,1,576.0,57.6
16607,509760,101,2,2099.0,0.0
16608,509761,113,1,1364.0,0.0
16609,509762,119,2,2309.0,461.8
16610,509762,103,1,2624.0,262.4
16611,509763,137,1,261.0,26.1
16612,509763,111,1,524.0,52.4
16613,509763,129,1,576.0,57.6
16614,509764,131,1,314.0,47.1
16615,509764,102,1,3674.0,551.1
16616,509764,129,1,576.0,86.4
16617,509765,128,1,1049.0,104.9
16618,509765,127,1,681.0,68.1
16619,509765,143,1,839.0,83.9
16620,509766,110,1,839.0,0.0
16621,509766,118,1,944.0,0.0
16622,509766,129,1,576.0,0.0
16623,509767,123,1,3464.0,519.6
16624,509767,137,1,261.0,39.15
16625,509767,129,1,576.0,86.4
16626,509768,147,1,1364.0,0.0
16627,509769,103,1,2624.0,262.4
16628,509769,137,1,261.0,26.1
16629,509769,112,1,1574.0,157.4
16630,509770,107,3,1259.0,0.0
16631,509770,141,3,261.0,0.0
16632,509770,137,1,261.0,0.0
16633,509771,137,1,261.0,39.15
16634,509771,114,1,1259.0,188.85
16635,509772,115,1,4199.0,629.85
16636,509773,142,1,839.0,83.9
16637,509773,117,1,3149.0,314.9
16638,509773,103,1,2624.0,262.4
16639,509774,110,1,839.0,0.0
16640,509775,106,1,1574.0,157.4
16641,509775,129,2,576.0,115.2
16642,509776,130,1,734.0,110.1
16643,509777,113,1,1364.0,204.6
16644,509777,136,3,944.0,424.8
16645,509777,119,1,2309.0,346.35
16646,509778,103,1,2624.0,393.6
16647,509778,129,2,576.0,172.8
16648,509779,120,1,734.0,73.4
16649,509779,105,1,2414.0,241.4
16650,509779,129,1,576.0,57.6
16651,509780,146,1,4724.0,472.4
16652,509781,145,1,629.0,62.9
16653,509781,111,1,524.0,52.4
16654,509781,106,1,1574.0,157.4
16655,509781,137,1,261.0,26.1
16656,509782,129,1,576.0,57.6
16657,509783,101,2,2099.0,419.8
16658,509784,116,1,2624.0,0.0
16659,509784,102,1,3674.0,0.0
16660,509784,129,1,576.0,0.0
16661,509785,101,1,2099.0,209.9
16662,509785,129,1,576.0,57.6
16663,509786,148,1,734.0,110.1
16664,509787,123,1,3464.0,0.0
16665,509787,135,1,1574.0,0.0
16666,509787,130,1,734.0,0.0
16667,509788,112,1,1574.0,157.4
16668,509789,107,1,1259.0,125.9
16669,509790,125,1,1364.0,136.4
16670,509790,108,1,419.0,41.9
16671,509790,104,1,5249.0,524.9
16672,509790,129,1,576.0,57.6
16673,509791,120,2,734.0,220.2
16674,509792,126,1,471.0,47.1
16675,509793,118,1,944.0,0.0
16676,509794,143,1,839.0,125.85
16677,509794,102,1,3674.0,551.1
16678,509794,107,1,1259.0,188.85
16679,509794,118,3,944.0,424.8
16680,509795,136,1,944.0,0.0
16681,509796,140,1,629.0,94.35
16682,509797,130,1,734.0,0.0
16683,509797,111,1,524.0,0.0
16684,509797,129,1,576.0,0.0
16685,509798,113,1,1364.0,136.4
16686,509799,129,1,576.0,0.0
16687,509800,108,1,419.0,41.9
16688,509801,125,1,1364.0,136.4
16689,509801,112,1,1574.0,157.4
16690,509801,142,1,839.0,83.9
16691,509801,108,1,419.0,41.9
16692,509801,129,1,576.0,57.6
16693,509802,115,1,4199.0,0.0
16694,509802,101,1,2099.0,0.0
16695,509802,118,1,944.0,0.0
16696,509802,102,2,3674.0,0.0
16697,509803,112,1,1574.0,236.1
16698,509804,118,1,944.0,0.0
16699,509804,129,1,576.0,0.0
16700,509805,121,1,2939.0,0.0
16701,509805,133,1,419.0,0.0
16702,509806,148,1,734.0,0.0
16703,509806,128,1,1049.0,0.0
16704,509807,111,1,524.0,78.6
16705,509808,118,1,944.0,94.4
16706,509809,115,1,4199.0,0.0
16707,509810,115,2,4199.0,839.8
16708,509810,129,1,576.0,57.6
16709,509811,113,2,1364.0,0.0
16710,509811,128,1,1049.0,0.0
16711,509812,118,1,944.0,94.4
16712,509812,129,2,576.0,115.2
16713,509813,123,3,3464.0,1039.2
16714,509813,118,1,944.0,94.4
16715,509813,112,2,1574.0,314.8
16716,509813,117,1,3149.0,314.9
16717,509814,115,1,4199.0,0.0
16718,509814,122,1,1994.0,0.0
16719,509815,104,1,5249.0,0.0
16720,509815,107,1,1259.0,0.0
16721,509816,111,2,524.0,0.0
16722,509817,116,1,2624.0,262.4
16723,509818,106,1,1574.0,0.0
16724,509818,102,1,3674.0,0.0
16725,509819,109,1,4199.0,629.85
16726,509819,112,1,1574.0,236.1
16727,509819,129,1,576.0,86.4
16728,509820,113,1,1364.0,136.4
16729,509820,119,1,2309.0,230.9
16730,509820,123,1,3464.0,346.4
16731,509820,129,3,576.0,172.8
16732,509821,112,2,1574.0,314.8
16733,509821,122,1,1994.0,199.4
16734,509822,109,1,4199.0,419.9
16735,509822,118,1,944.0,94.4
16736,509823,115,1,4199.0,419.9
16737,509823,107,1,1259.0,125.9
16738,509823,110,1,839.0,83.9
16739,509824,125,1,1364.0,204.6
16740,509824,127,1,681.0,102.15
16741,509824,129,1,576.0,86.4
16742,509825,137,1,261.0,39.15
16743,509826,105,1,2414.0,241.4
16744,509826,108,2,419.0,83.8
16745,509826,144,1,3149.0,314.9
16746,509826,129,1,576.0,57.6
16747,509827,139,1,366.0,0.0
16748,509827,123,1,3464.0,0.0
16749,509827,129,1,576.0,0.0
16750,509828,107,1,1259.0,0.0
16751,509828,137,1,261.0,0.0
16752,509828,129,1,576.0,0.0
16753,509829,127,1,681.0,0.0
16754,509830,118,1,944.0,141.6
16755,509830,129,1,576.0,86.4
16756,509831,114,1,1259.0,0.0
16757,509831,129,1,576.0,0.0
16758,509832,136,1,944.0,94.4
16759,509832,108,3,419.0,125.7
16760,509832,107,1,1259.0,125.9
16761,509833,128,1,1049.0,0.0
16762,509834,140,2,629.0,125.8
16763,509835,123,1,3464.0,346.4
16764,509835,107,1,1259.0,125.9
16765,509835,134,1,209.0,20.9
16766,509835,108,1,419.0,41.9
16767,509836,112,3,1574.0,472.2
16768,509836,129,1,576.0,57.6
16769,509837,117,2,3149.0,629.8
16770,509837,138,1,419.0,41.9
16771,509837,129,1,576.0,57.6
16772,509838,114,1,1259.0,0.0
16773,509839,119,1,2309.0,230.9
16774,509840,145,1,629.0,62.9
16775,509841,135,1,1574.0,157.4
16776,509841,130,1,734.0,73.4
16777,509841,140,1,629.0,62.9
16778,509841,129,1,576.0,57.6
16779,509842,117,1,3149.0,314.9
16780,509842,124,1,1154.0,115.4
16781,509842,129,1,576.0,57.6
16782,509843,119,1,2309.0,346.35
16783,509844,128,1,1049.0,0.0
16784,509844,134,1,209.0,0.0
16785,509845,147,1,1364.0,204.6
16786,509845,129,1,576.0,86.4
16787,509846,113,1,1364.0,136.4
16788,509847,142,1,839.0,0.0
16789,509847,117,1,3149.0,0.0
16790,509848,111,1,524.0,52.4
16791,509848,129,3,576.0,172.8
16792,509849,128,1,1049.0,157.35
16793,509850,120,1,734.0,73.4
16794,509850,129,1,576.0,57.6
16795,509851,113,2,1364.0,272.8
16796,509852,134,1,209.0,20.9
16797,509852,104,1,5249.0,524.9
16798,509853,132,2,471.0,94.2
16799,509853,109,2,4199.0,839.8
16800,509854,131,1,314.0,31.4
16801,509854,114,1,1259.0,125.9
16802,509854,129,1,576.0,57.6
16803,509855,122,1,1994.0,0.0
16804,509855,116,1,2624.0,0.0
16805,509855,129,1,576.0,0.0
16806,509856,141,1,261.0,0.0
16807,509857,112,1,1574.0,236.1
16808,509858,128,1,1049.0,104.9
16809,509858,129,1,576.0,57.6
16810,509859,138,1,419.0,41.9
16811,509859,129,1,576.0,57.6
16812,509860,140,1,629.0,0.0
16813,509861,107,1,1259.0,125.9
16814,509862,110,1,839.0,0.0
16815,509863,143,1,839.0,83.9
16816,509864,109,1,4199.0,419.9
16817,509865,106,1,1574.0,157.4
16818,509866,119,1,2309.0,0.0
16819,509866,129,1,576.0,0.0
16820,509867,136,2,944.0,0.0
16821,509868,116,1,2624.0,131.2
16822,509869,135,1,1574.0,0.0
16823,509869,108,1,419.0,0.0
16824,509869,146,1,4724.0,0.0
16825,509870,104,1,5249.0,0.0
16826,509870,129,1,576.0,0.0
16827,509871,116,1,2624.0,0.0
16828,509871,106,1,1574.0,0.0
16829,509871,126,1,471.0,0.0
16830,509872,134,1,209.0,20.9
16831,509873,117,1,3149.0,0.0
16832,509874,101,1,2099.0,209.9
16833,509875,103,1,2624.0,262.4
16834,509875,129,2,576.0,115.2
16835,509876,121,1,2939.0,293.9
16836,509877,131,1,314.0,0.0
16837,509878,102,2,3674.0,734.8
16838,509878,129,1,576.0,57.6
16839,509879,116,1,2624.0,262.4
16840,509879,129,1,576.0,57.6
16841,509880,141,1,261.0,39.15
16842,509880,147,1,1364.0,204.6
16843,509881,132,1,471.0,0.0
16844,509882,104,1,5249.0,0.0
16845,509882,118,2,944.0,0.0
16846,509882,129,1,576.0,0.0
16847,509883,114,2,1259.0,251.8
16848,509883,102,1,3674.0,367.4
16849,509883,123,1,3464.0,346.4
16850,509883,112,2,1574.0,314.8
16851,509884,130,1,734.0,73.4
16852,509885,126,1,471.0,47.1
16853,509885,111,1,524.0,52.4
16854,509885,129,1,576.0,57.6
16855,509886,107,2,1259.0,0.0
16856,509886,129,1,576.0,0.0
16857,509887,123,1,3464.0,0.0
16858,509888,118,3,944.0,283.2
16859,509889,109,1,4199.0,419.9
16860,509890,111,1,524.0,0.0
16861,509891,113,1,1364.0,136.4
16862,509891,129,1,576.0,57.6
16863,509892,129,1,576.0,57.6
16864,509892,137,1,261.0,26.1
16865,509893,135,1,1574.0,0.0
16866,509894,118,2,944.0,188.8
16867,509895,119,1,2309.0,0.0
16868,509895,103,1,2624.0,0.0
16869,509896,134,1,209.0,20.9
16870,509896,123,1,3464.0,346.4
16871,509896,129,1,576.0,57.6
16872,509897,113,1,1364.0,136.4
16873,509897,108,1,419.0,41.9
16874,509898,128,1,1049.0,104.9
16875,509898,112,1,1574.0,157.4
16876,509899,137,1,261.0,39.15
16877,509899,129,2,576.0,172.8
16878,509900,148,1,734.0,0.0
16879,509900,131,1,314.0,0.0
16880,509900,111,1,524.0,0.0
16881,509901,114,1,1259.0,0.0
16882,509901,143,1,839.0,0.0
16883,509902,147,1,1364.0,136.4
16884,509902,129,1,576.0,57.6
16885,509903,111,1,524.0,52.4
16886,509903,136,3,944.0,283.2
16887,509904,143,1,839.0,0.0
16888,509904,129,1,576.0,0.0
16889,509905,116,2,2624.0,0.0
16890,509905,132,1,471.0,0.0
16891,509905,136,1,944.0,0.0
16892,509905,129,3,576.0,0.0
16893,509906,106,2,1574.0,0.0
16894,509906,129,1,576.0,0.0
16895,509907,130,1,734.0,73.4
16896,509908,137,1,261.0,0.0
16897,509909,109,1,4199.0,0.0
16898,509909,141,1,261.0,0.0
16899,509909,108,1,419.0,0.0
16900,509910,115,1,4199.0,419.9
16901,509910,147,2,1364.0,272.8
16902,509910,122,1,1994.0,199.4
16903,509910,129,1,576.0,57.6
16904,509911,125,1,1364.0,136.4
16905,509911,110,1,839.0,83.9
16906,509911,133,2,419.0,83.8
16907,509912,121,1,2939.0,0.0
16908,509912,111,1,524.0,0.0
16909,509913,111,1,524.0,0.0
16910,509913,104,1,5249.0,0.0
16911,509914,104,2,5249.0,1049.8
16912,509914,132,1,471.0,47.1
16913,509914,106,1,1574.0,157.4
16914,509914,129,1,576.0,57.6
16915,509915,129,1,576.0,0.0
16916,509915,112,1,1574.0,0.0
16917,509915,117,1,3149.0,0.0
16918,509916,105,1,2414.0,0.0
16919,509917,117,1,3149.0,0.0
16920,509917,106,1,1574.0,0.0
16921,509917,129,1,576.0,0.0
16922,509918,137,1,261.0,26.1
16923,509918,101,1,2099.0,209.9
16924,509919,113,1,1364.0,0.0
16925,509920,110,1,839.0,83.9
16926,509920,129,1,576.0,57.6
16927,509921,120,2,734.0,220.2
16928,509922,132,1,471.0,47.1
16929,509922,124,1,1154.0,115.4
16930,509922,123,1,3464.0,346.4
16931,509923,143,1,839.0,0.0
16932,509923,129,1,576.0,0.0
16933,509924,138,1,419.0,62.85
16934,509925,142,2,839.0,0.0
16935,509925,119,1,2309.0,0.0
16936,509925,103,1,2624.0,0.0
16937,509926,120,2,734.0,146.8
16938,509927,137,1,261.0,26.1
16939,509927,133,1,419.0,41.9
16940,509927,101,1,2099.0,209.9
16941,509927,129,1,576.0,57.6
16942,509928,137,1,261.0,26.1
16943,509928,103,1,2624.0,262.4
16944,509928,117,2,3149.0,629.8
16945,509929,126,1,471.0,47.1
16946,509930,112,2,1574.0,0.0
16947,509931,112,1,1574.0,157.4
16948,509932,108,1,419.0,0.0
16949,509932,120,2,734.0,0.0
16950,509932,129,1,576.0,0.0
16951,509933,142,1,839.0,0.0
16952,509933,129,1,576.0,0.0
16953,509934,117,1,3149.0,472.35
16954,509935,107,1,1259.0,125.9
16955,509935,127,3,681.0,204.3
16956,509935,129,2,576.0,115.2
16957,509936,134,1,209.0,31.35
16958,509936,105,2,2414.0,724.2
16959,509936,114,3,1259.0,566.55
16960,509937,108,1,419.0,20.95
16961,509938,135,1,1574.0,0.0
16962,509938,141,1,261.0,0.0
16963,509939,117,1,3149.0,314.9
16964,509940,112,1,1574.0,157.4
16965,509941,122,1,1994.0,0.0
16966,509941,123,2,3464.0,0.0
16967,509941,145,1,629.0,0.0
16968,509942,104,1,5249.0,787.35
16969,509943,112,2,1574.0,0.0
16970,509943,116,2,2624.0,0.0
16971,509944,114,1,1259.0,62.95
16972,509944,111,1,524.0,26.2
16973,509944,126,1,471.0,23.55
16974,509945,111,2,524.0,157.2
16975,509946,118,1,944.0,0.0
16976,509947,143,1,839.0,0.0
16977,509947,129,1,576.0,0.0
16978,509948,112,1,1574.0,157.4
16979,509948,125,3,1364.0,409.2
16980,509948,124,2,1154.0,230.8
16981,509948,129,1,576.0,57.6
16982,509949,112,1,1574.0,0.0
16983,509950,101,1,2099.0,0.0
16984,509950,107,1,1259.0,0.0
16985,509950,131,1,314.0,0.0
16986,509951,143,3,839.0,251.7
16987,509952,122,1,1994.0,199.4
16988,509952,101,1,2099.0,209.9
16989,509953,122,1,1994.0,199.4
16990,509953,101,3,2099.0,629.7
16991,509954,102,1,3674.0,0.0
16992,509954,120,1,734.0,0.0
16993,509955,126,2,471.0,141.3
16994,509956,119,2,2309.0,461.8
16995,509957,108,1,419.0,0.0
16996,509957,129,2,576.0,0.0
16997,509958,132,1,471.0,70.65
16998,509958,121,1,2939.0,440.85
16999,509959,108,1,419.0,0.0
17000,509959,129,2,576.0,0.0
17001,509960,111,1,524.0,26.2
17002,509961,133,1,419.0,0.0
17003,509962,113,1,1364.0,136.4
17004,509963,133,1,419.0,41.9
17005,509963,117,1,3149.0,314.9
17006,509963,129,2,576.0,115.2
17007,509964,120,1,734.0,110.1
17008,509965,103,1,2624.0,262.4
17009,509965,129,1,576.0,57.6
17010,509966,112,1,1574.0,157.4
17011,509967,126,1,471.0,47.1
17012,509967,136,2,944.0,188.8
17013,509967,129,1,576.0,57.6
17014,509968,135,1,1574.0,157.4
17015,509968,129,2,576.0,115.2
17016,509969,102,1,3674.0,367.4
17017,509970,116,1,2624.0,0.0
17018,509970,129,1,576.0,0.0
17019,509971,142,2,839.0,251.7
17020,509971,102,1,3674.0,551.1
17021,509972,123,2,3464.0,0.0
17022,509972,118,1,944.0,0.0
17023,509973,141,1,261.0,0.0
17024,509973,129,1,576.0,0.0
17025,509974,109,1,4199.0,419.9
17026,509975,105,1,2414.0,362.1
17027,509976,122,1,1994.0,0.0
17028,509976,130,1,734.0,0.0
17029,509976,129,1,576.0,0.0
17030,509977,117,1,3149.0,0.0
17031,509977,107,1,1259.0,0.0
17032,509977,102,1,3674.0,0.0
17033,509977,129,1,576.0,0.0
17034,509978,124,2,1154.0,230.8
17035,509979,123,1,3464.0,346.4
17036,509980,111,1,524.0,26.2
17037,509980,129,1,576.0,28.8
17038,509981,136,2,944.0,0.0
17039,509981,134,1,209.0,0.0
17040,509981,129,2,576.0,0.0
17041,509981,102,1,3674.0,0.0
17042,509982,115,1,4199.0,0.0
17043,509982,136,1,944.0,0.0
17044,509982,129,1,576.0,0.0
17045,509983,120,1,734.0,0.0
17046,509983,129,1,576.0,0.0
17047,509984,105,2,2414.0,482.8
17048,509984,129,1,576.0,57.6
17049,509985,107,1,1259.0,0.0
17050,509986,148,2,734.0,0.0
17051,509986,129,1,576.0,0.0
17052,509987,135,2,1574.0,314.8
17053,509988,124,1,1154.0,115.4
17054,509988,108,2,419.0,83.8
17055,509989,103,2,2624.0,524.8
17056,509990,111,1,524.0,52.4
17057,509991,114,1,1259.0,125.9
17058,509991,133,1,419.0,41.9
17059,509992,134,1,209.0,0.0
17060,509993,127,1,681.0,0.0
17061,509993,123,2,3464.0,0.0
17062,509993,120,1,734.0,0.0
17063,509993,137,2,261.0,0.0
17064,509994,137,1,261.0,13.05
17065,509994,129,1,576.0,28.8
17066,509995,130,1,734.0,110.1
17067,509995,129,2,576.0,172.8
17068,509996,102,1,3674.0,367.4
17069,509997,141,2,261.0,52.2
17070,509997,130,1,734.0,73.4
17071,509997,129,1,576.0,57.6
17072,509998,105,1,2414.0,241.4
17073,509999,106,1,1574.0,0.0
17074,509999,131,2,314.0,0.0
17075,510000,119,1,2309.0,230.9
17076,510000,129,2,576.0,115.2
17077,510001,118,2,944.0,188.8
17078,510002,116,2,2624.0,524.8
17079,510002,127,2,681.0,136.2
17080,510002,101,1,2099.0,209.9
17081,510003,106,1,1574.0,0.0
17082,510004,141,2,261.0,52.2
17083,510005,121,2,2939.0,587.8
17084,510006,121,1,2939.0,293.9
17085,510006,138,1,419.0,41.9
17086,510007,140,1,629.0,0.0
17087,510008,135,1,1574.0,157.4
17088,510008,122,2,1994.0,398.8
17089,510009,106,1,1574.0,0.0
17090,510009,143,1,839.0,0.0
17091,510010,144,1,3149.0,472.35
17092,510010,104,2,5249.0,1574.7
17093,510010,123,1,3464.0,519.6
17094,510011,112,1,1574.0,157.4
17095,510011,123,1,3464.0,346.4
17096,510012,103,1,2624.0,0.0
17097,510012,129,1,576.0,0.0
17098,510013,147,1,1364.0,0.0
17099,510013,107,1,1259.0,0.0
17100,510013,129,1,576.0,0.0
17101,510014,135,1,1574.0,157.4
17102,510014,113,1,1364.0,136.4
17103,510015,112,1,1574.0,157.4
17104,510016,148,1,734.0,73.4
17105,510016,112,1,1574.0,157.4
17106,510017,144,1,3149.0,0.0
17107,510017,135,1,1574.0,0.0
17108,510017,129,1,576.0,0.0
17109,510018,118,1,944.0,94.4
17110,510018,129,1,576.0,57.6
17111,510019,129,1,576.0,0.0
17112,510019,146,1,4724.0,0.0
17113,510020,101,1,2099.0,209.9
17114,510020,108,1,419.0,41.9
17115,510021,109,2,4199.0,0.0
17116,510021,146,1,4724.0,0.0
17117,510022,135,1,1574.0,0.0
17118,510022,114,1,1259.0,0.0
17119,510023,143,1,839.0,0.0
17120,510024,114,1,1259.0,125.9
17121,510025,118,1,944.0,0.0
17122,510025,135,1,1574.0,0.0
17123,510026,123,1,3464.0,346.4
17124,510027,120,1,734.0,0.0
17125,510027,118,1,944.0,0.0
17126,510027,105,2,2414.0,0.0
17127,510027,129,1,576.0,0.0
17128,510028,124,1,1154.0,0.0
17129,510029,143,1,839.0,125.85
17130,510029,122,1,1994.0,299.1
17131,510029,138,1,419.0,62.85
17132,510030,112,1,1574.0,157.4
17133,510030,128,1,1049.0,104.9
17134,510030,126,1,471.0,47.1
17135,510031,127,2,681.0,136.2
17136,510031,118,1,944.0,94.4
17137,510032,131,1,314.0,0.0
17138,510032,139,1,366.0,0.0
17139,510032,129,3,576.0,0.0
17140,510033,131,1,314.0,0.0
17141,510033,129,1,576.0,0.0
17142,510034,123,1,3464.0,346.4
17143,510035,118,1,944.0,94.4
17144,510035,129,2,576.0,115.2
17145,510036,107,1,1259.0,125.9
17146,510036,116,1,2624.0,262.4
17147,510036,129,1,576.0,57.6
17148,510037,120,1,734.0,0.0
17149,510038,118,1,944.0,0.0
17150,510039,134,1,209.0,31.35
17151,510039,124,2,1154.0,346.2
17152,510039,116,1,2624.0,393.6
17153,510040,130,1,734.0,0.0
17154,510041,110,1,839.0,0.0
17155,510041,129,1,576.0,0.0
17156,510042,117,1,3149.0,0.0
17157,510042,129,2,576.0,0.0
17158,510043,107,1,1259.0,125.9
17159,510043,118,1,944.0,94.4
17160,510043,129,1,576.0,57.6
17161,510044,134,1,209.0,0.0
17162,510044,140,1,629.0,0.0
17163,510044,113,1,1364.0,0.0
17164,510044,129,1,576.0,0.0
17165,510045,114,3,1259.0,0.0
17166,510045,101,2,2099.0,0.0
17167,510045,129,1,576.0,0.0
17168,510046,109,1,4199.0,0.0
17169,510047,108,2,419.0,83.8
17170,510047,118,1,944.0,94.4
17171,510047,115,1,4199.0,419.9
17172,510048,147,1,1364.0,204.6
17173,510048,120,1,734.0,110.1
17174,510048,129,1,576.0,86.4
17175,510049,116,1,2624.0,262.4
17176,510049,120,1,734.0,73.4
17177,510050,109,1,4199.0,419.9
17178,510051,136,2,944.0,188.8
17179,510051,133,2,419.0,83.8
17180,510052,145,1,629.0,0.0
17181,510053,108,2,419.0,83.8
17182,510053,129,1,576.0,57.6
17183,510054,110,1,839.0,0.0
17184,510054,129,1,576.0,0.0
17185,510055,111,1,524.0,26.2
17186,510055,129,1,576.0,28.8
17187,510056,116,1,2624.0,0.0
17188,510056,111,1,524.0,0.0
17189,510056,112,2,1574.0,0.0
17190,510057,124,1,1154.0,0.0
17191,510057,130,1,734.0,0.0
17192,510057,129,1,576.0,0.0
17193,510058,102,2,3674.0,0.0
17194,510059,114,1,1259.0,188.85
17195,510060,120,1,734.0,0.0
17196,510061,108,1,419.0,0.0
17197,510061,147,1,1364.0,0.0
17198,510062,104,1,5249.0,0.0
17199,510063,111,1,524.0,0.0
17200,510063,113,1,1364.0,0.0
17201,510063,133,1,419.0,0.0
17202,510064,111,3,524.0,0.0
17203,510064,124,1,1154.0,0.0
17204,510065,134,1,209.0,20.9
17205,510065,128,1,1049.0,104.9
17206,510066,140,2,629.0,0.0
17207,510066,141,1,261.0,0.0
17208,510067,113,1,1364.0,136.4
17209,510068,126,1,471.0,0.0
17210,510068,102,1,3674.0,0.0
17211,510068,108,2,419.0,0.0
17212,510069,102,1,3674.0,367.4
17213,510069,115,1,4199.0,419.9
17214,510069,109,1,4199.0,419.9
17215,510070,128,1,1049.0,104.9
17216,510070,113,1,1364.0,136.4
17217,510070,112,1,1574.0,157.4
17218,510070,123,1,3464.0,346.4
17219,510071,108,1,419.0,41.9
17220,510072,132,1,471.0,70.65
17221,510072,137,1,261.0,39.15
17222,510073,110,1,839.0,83.9
17223,510074,133,1,419.0,20.95
17224,510075,113,2,1364.0,0.0
17225,510076,144,1,3149.0,0.0
17226,510077,122,1,1994.0,299.1
17227,510078,107,1,1259.0,0.0
17228,510078,114,1,1259.0,0.0
17229,510078,129,1,576.0,0.0
17230,510079,122,1,1994.0,199.4
17231,510080,140,1,629.0,62.9
17232,510081,104,1,5249.0,787.35
17233,510082,118,1,944.0,0.0
17234,510082,141,2,261.0,0.0
17235,510082,129,1,576.0,0.0
17236,510083,118,2,944.0,283.2
17237,510084,101,2,2099.0,0.0
17238,510085,113,1,1364.0,136.4
17239,510086,124,2,1154.0,230.8
17240,510086,111,2,524.0,104.8
17241,510087,117,1,3149.0,472.35
17242,510088,101,1,2099.0,0.0
17243,510088,129,1,576.0,0.0
17244,510089,112,3,1574.0,0.0
17245,510089,118,1,944.0,0.0
17246,510089,129,1,576.0,0.0
17247,510090,104,1,5249.0,524.9
17248,510090,119,1,2309.0,230.9
17249,510091,112,1,1574.0,157.4
17250,510091,129,1,576.0,57.6
17251,510092,103,2,2624.0,524.8
17252,510093,142,1,839.0,83.9
17253,510094,117,1,3149.0,0.0
17254,510095,118,2,944.0,0.0
17255,510095,126,2,471.0,0.0
17256,510096,108,1,419.0,0.0
17257,510096,129,1,576.0,0.0
17258,510097,109,1,4199.0,419.9
17259,510097,116,1,2624.0,262.4
17260,510097,129,2,576.0,115.2
17261,510098,113,3,1364.0,613.8
17262,510098,129,1,576.0,86.4
17263,510099,117,1,3149.0,314.9
17264,510100,123,1,3464.0,346.4
17265,510101,120,1,734.0,73.4
17266,510101,118,1,944.0,94.4
17267,510101,121,1,2939.0,293.9
17268,510101,136,1,944.0,94.4
17269,510101,129,1,576.0,57.6
17270,510102,141,1,261.0,0.0
17271,510102,129,2,576.0,0.0
17272,510103,118,3,944.0,283.2
17273,510103,137,3,261.0,78.3
17274,510104,106,1,1574.0,236.1
17275,510105,137,1,261.0,26.1
17276,510105,131,1,314.0,31.4
17277,510105,108,1,419.0,41.9
17278,510106,136,1,944.0,0.0
17279,510106,141,2,261.0,0.0
17280,510107,117,1,3149.0,314.9
17281,510107,129,1,576.0,57.6
17282,510108,104,1,5249.0,787.35
17283,510108,129,1,576.0,86.4
17284,510109,120,1,734.0,73.4
17285,510109,140,1,629.0,62.9
17286,510109,121,1,2939.0,293.9
17287,510110,112,1,1574.0,78.7
17288,510110,115,1,4199.0,209.95
17289,510110,129,1,576.0,28.8
17290,510111,120,1,734.0,0.0
17291,510112,134,2,209.0,62.7
17292,510112,105,1,2414.0,362.1
17293,510112,113,1,1364.0,204.6
17294,510112,129,1,576.0,86.4
17295,510113,121,1,2939.0,293.9
17296,510113,120,1,734.0,73.4
17297,510114,130,1,734.0,110.1
17298,510114,129,1,576.0,86.4
17299,510115,137,1,261.0,0.0
17300,510115,102,1,3674.0,0.0
17301,510115,129,1,576.0,0.0
17302,510116,127,1,681.0,68.1
17303,510116,113,1,1364.0,136.4
17304,510117,108,1,419.0,41.9
17305,510118,110,1,839.0,0.0
17306,510118,127,1,681.0,0.0
17307,510118,145,1,629.0,0.0
17308,510118,129,1,576.0,0.0
17309,510119,120,2,734.0,146.8
17310,510119,118,2,944.0,188.8
17311,510120,140,1,629.0,62.9
17312,510120,129,1,576.0,57.6
17313,510121,141,1,261.0,26.1
17314,510122,131,1,314.0,31.4
17315,510123,103,1,2624.0,262.4
17316,510124,123,1,3464.0,0.0
17317,510124,129,1,576.0,0.0
17318,510125,107,1,1259.0,0.0
17319,510125,113,1,1364.0,0.0
17320,510125,140,1,629.0,0.0
17321,510126,107,1,1259.0,0.0
17322,510127,131,1,314.0,31.4
17323,510128,138,1,419.0,62.85
17324,510128,102,1,3674.0,551.1
17325,510128,129,1,576.0,86.4
17326,510128,120,1,734.0,110.1
17327,510129,116,1,2624.0,262.4
17328,510129,101,1,2099.0,209.9
17329,510129,129,2,576.0,115.2
17330,510130,144,1,3149.0,0.0
17331,510131,105,1,2414.0,120.7
17332,510131,104,1,5249.0,262.45
17333,510131,135,1,1574.0,78.7
17334,510132,136,1,944.0,0.0
17335,510132,118,1,944.0,0.0
17336,510132,120,3,734.0,0.0
17337,510132,143,1,839.0,0.0
17338,510133,116,1,2624.0,262.4
17339,510133,129,1,576.0,57.6
17340,510134,107,1,1259.0,125.9
17341,510134,129,1,576.0,57.6
17342,510135,117,1,3149.0,314.9
17343,510135,140,2,629.0,125.8
17344,510135,129,1,576.0,57.6
17345,510136,124,1,1154.0,115.4
17346,510136,111,1,524.0,52.4
17347,510136,104,1,5249.0,524.9
17348,510136,126,2,471.0,94.2
17349,510137,117,1,3149.0,314.9
17350,510137,111,1,524.0,52.4
17351,510138,118,2,944.0,188.8
17352,510138,117,1,3149.0,314.9
17353,510139,116,3,2624.0,0.0
17354,510139,102,1,3674.0,0.0
17355,510139,123,1,3464.0,0.0
17356,510140,139,1,366.0,36.6
17357,510140,133,1,419.0,41.9
17358,510140,113,1,1364.0,136.4
17359,510141,107,1,1259.0,125.9
17360,510142,104,1,5249.0,787.35
17361,510142,123,1,3464.0,519.6
17362,510143,124,1,1154.0,0.0
17363,510144,137,1,261.0,0.0
17364,510144,107,1,1259.0,0.0
17365,510144,111,1,524.0,0.0
17366,510145,122,3,1994.0,0.0
17367,510146,104,2,5249.0,0.0
17368,510146,139,1,366.0,0.0
17369,510146,127,1,681.0,0.0
17370,510146,129,1,576.0,0.0
17371,510147,123,1,3464.0,346.4
17372,510147,129,1,576.0,57.6
17373,510148,117,1,3149.0,472.35
17374,510148,115,1,4199.0,629.85
17375,510149,111,1,524.0,52.4
17376,510149,129,1,576.0,57.6
17377,510150,106,1,1574.0,157.4
17378,510151,120,1,734.0,0.0
17379,510152,130,1,734.0,0.0
17380,510152,129,3,576.0,0.0
17381,510153,119,2,2309.0,461.8
17382,510153,116,1,2624.0,262.4
17383,510154,124,1,1154.0,115.4
17384,510154,125,1,1364.0,136.4
17385,510155,125,1,1364.0,0.0
17386,510155,108,1,419.0,0.0
17387,510155,117,1,3149.0,0.0
17388,510155,129,2,576.0,0.0
17389,510156,112,1,1574.0,157.4
17390,510157,106,1,1574.0,157.4
17391,510157,129,2,576.0,115.2
17392,510158,127,1,681.0,68.1
17393,510158,138,1,419.0,41.9
17394,510158,125,2,1364.0,272.8
17395,510158,118,1,944.0,94.4
17396,510159,109,1,4199.0,0.0
17397,510159,111,1,524.0,0.0
17398,510159,107,1,1259.0,0.0
17399,510160,115,1,4199.0,419.9
17400,510160,129,1,576.0,57.6
17401,510161,146,1,4724.0,0.0
17402,510162,113,2,1364.0,0.0
17403,510162,109,3,4199.0,0.0
17404,510162,129,1,576.0,0.0
17405,510163,111,2,524.0,104.8
17406,510164,107,1,1259.0,0.0
17407,510164,112,1,1574.0,0.0
17408,510164,103,1,2624.0,0.0
17409,510164,117,1,3149.0,0.0
17410,510165,140,1,629.0,0.0
17411,510166,114,2,1259.0,251.8
17412,510166,123,2,3464.0,692.8
17413,510167,144,1,3149.0,314.9
17414,510167,127,1,681.0,68.1
17415,510167,112,1,1574.0,157.4
17416,510168,135,3,1574.0,472.2
17417,510169,148,1,734.0,0.0
17418,510169,112,1,1574.0,0.0
17419,510169,129,1,576.0,0.0
17420,510170,145,1,629.0,0.0
17421,510170,129,1,576.0,0.0
17422,510171,123,1,3464.0,346.4
17423,510172,106,1,1574.0,157.4
17424,510173,123,2,3464.0,0.0
17425,510174,116,1,2624.0,262.4
17426,510174,120,1,734.0,73.4
17427,510174,113,1,1364.0,136.4
17428,510175,104,1,5249.0,524.9
17429,510176,106,2,1574.0,157.4
17430,510176,129,1,576.0,28.8
17431,510177,118,1,944.0,94.4
17432,510178,109,1,4199.0,0.0
17433,510179,122,1,1994.0,199.4
17434,510179,112,1,1574.0,157.4
17435,510180,137,1,261.0,26.1
17436,510180,104,1,5249.0,524.9
17437,510180,103,1,2624.0,262.4
17438,510180,129,1,576.0,57.6
17439,510181,118,1,944.0,0.0
17440,510182,139,1,366.0,0.0
17441,510183,118,1,944.0,141.6
17442,510183,111,1,524.0,78.6
17443,510183,129,1,576.0,86.4
17444,510184,120,1,734.0,73.4
17445,510184,103,1,2624.0,262.4
17446,510184,129,1,576.0,57.6
17447,510185,121,1,2939.0,0.0
17448,510185,104,1,5249.0,0.0
17449,510186,127,1,681.0,68.1
17450,510186,134,1,209.0,20.9
17451,510187,111,1,524.0,52.4
17452,510188,127,1,681.0,0.0
17453,510189,118,1,944.0,0.0
17454,510189,117,3,3149.0,0.0
17455,510189,144,1,3149.0,0.0
17456,510190,140,1,629.0,94.35
17457,510190,112,1,1574.0,236.1
17458,510191,102,1,3674.0,367.4
17459,510191,107,1,1259.0,125.9
17460,510191,141,1,261.0,26.1
17461,510191,129,1,576.0,57.6
17462,510192,113,1,1364.0,0.0
17463,510192,135,1,1574.0,0.0
17464,510192,129,1,576.0,0.0
17465,510193,123,1,3464.0,346.4
17466,510194,117,1,3149.0,314.9
17467,510194,109,1,4199.0,419.9
17468,510195,134,2,209.0,62.7
17469,510195,111,2,524.0,157.2
17470,510195,129,1,576.0,86.4
17471,510196,117,1,3149.0,0.0
17472,510196,132,1,471.0,0.0
17473,510197,101,1,2099.0,209.9
17474,510198,141,1,261.0,39.15
17475,510198,108,1,419.0,62.85
17476,510198,128,1,1049.0,157.35
17477,510198,147,1,1364.0,204.6
17478,510198,129,2,576.0,172.8
17479,510199,108,2,419.0,0.0
17480,510199,131,1,314.0,0.0
17481,510199,117,1,3149.0,0.0
17482,510200,118,1,944.0,94.4
17483,510201,126,1,471.0,47.1
17484,510202,123,1,3464.0,346.4
17485,510202,117,1,3149.0,314.9
17486,510203,112,1,1574.0,157.4
17487,510203,129,1,576.0,57.6
17488,510204,128,2,1049.0,0.0
17489,510204,104,1,5249.0,0.0
17490,510205,113,1,1364.0,136.4
17491,510205,129,1,576.0,57.6
17492,510206,143,1,839.0,83.9
17493,510207,121,1,2939.0,0.0
17494,510207,136,1,944.0,0.0
17495,510207,111,1,524.0,0.0
17496,510207,105,3,2414.0,0.0
17497,510208,133,1,419.0,62.85
17498,510208,138,1,419.0,62.85
17499,510209,107,2,1259.0,0.0
17500,510209,137,1,261.0,0.0
17501,510210,137,1,261.0,13.05
17502,510210,109,1,4199.0,209.95
17503,510210,120,1,734.0,36.7
17504,510210,101,1,2099.0,104.95
17505,510210,129,1,576.0,28.8
17506,510211,112,1,1574.0,157.4
17507,510212,130,1,734.0,73.4
17508,510213,116,1,2624.0,262.4
17509,510214,148,1,734.0,0.0
17510,510215,138,1,419.0,41.9
17511,510215,129,2,576.0,115.2
17512,510216,116,1,2624.0,262.4
17513,510217,134,1,209.0,20.9
17514,510217,113,1,1364.0,136.4
17515,510218,104,1,5249.0,0.0
17516,510219,119,1,2309.0,346.35
17517,510219,129,1,576.0,86.4
17518,510220,118,2,944.0,0.0
17519,510220,134,1,209.0,0.0
17520,510221,109,1,4199.0,419.9
17521,510221,102,1,3674.0,367.4
17522,510221,115,2,4199.0,839.8
17523,510221,134,1,209.0,20.9
17524,510221,129,1,576.0,57.6
17525,510222,130,1,734.0,73.4
17526,510222,125,1,1364.0,136.4
17527,510222,136,1,944.0,94.4
17528,510223,106,1,1574.0,157.4
17529,510223,101,2,2099.0,419.8
17530,510223,129,1,576.0,57.6
17531,510224,115,1,4199.0,419.9
17532,510225,113,1,1364.0,0.0
17533,510225,118,1,944.0,0.0
17534,510225,116,1,2624.0,0.0
17535,510226,101,1,2099.0,0.0
17536,510226,129,1,576.0,0.0
17537,510227,135,1,1574.0,157.4
17538,510228,107,2,1259.0,251.8
17539,510229,112,1,1574.0,157.4
17540,510229,129,1,576.0,57.6
17541,510230,120,1,734.0,73.4
17542,510230,129,2,576.0,115.2
17543,510231,107,1,1259.0,0.0
17544,510231,104,1,5249.0,0.0
17545,510232,113,2,1364.0,0.0
17546,510232,129,1,576.0,0.0
17547,510233,122,1,1994.0,199.4
17548,510233,116,1,2624.0,262.4
17549,510234,115,1,4199.0,0.0
17550,510234,108,1,419.0,0.0
17551,510235,126,2,471.0,94.2
17552,510235,129,1,576.0,57.6
17553,510236,120,1,734.0,73.4
17554,510236,103,1,2624.0,262.4
17555,510237,121,1,2939.0,293.9
17556,510238,111,1,524.0,52.4
17557,510238,138,2,419.0,83.8
17558,510238,129,1,576.0,57.6
17559,510239,136,1,944.0,94.4
17560,510239,128,1,1049.0,104.9
17561,510240,119,1,2309.0,0.0
17562,510240,113,1,1364.0,0.0
17563,510240,110,1,839.0,0.0
17564,510240,129,1,576.0,0.0
17565,510241,125,1,1364.0,136.4
17566,510241,101,2,2099.0,419.8
17567,510242,131,2,314.0,0.0
17568,510242,115,1,4199.0,0.0
17569,510242,127,3,681.0,0.0
17570,510242,107,1,1259.0,0.0
17571,510243,128,1,1049.0,0.0
17572,510243,129,1,576.0,0.0
17573,510244,116,1,2624.0,262.4
17574,510245,106,1,1574.0,157.4
17575,510245,143,1,839.0,83.9
17576,510245,114,1,1259.0,125.9
17577,510246,112,1,1574.0,0.0
17578,510246,129,1,576.0,0.0
17579,510247,113,1,1364.0,204.6
17580,510248,116,1,2624.0,0.0
17581,510248,129,1,576.0,0.0
17582,510249,135,1,1574.0,157.4
17583,510249,124,1,1154.0,115.4
17584,510250,104,1,5249.0,524.9
17585,510250,130,1,734.0,73.4
17586,510250,123,1,3464.0,346.4
17587,510251,131,1,314.0,31.4
17588,510251,129,3,576.0,172.8
17589,510252,116,2,2624.0,524.8
17590,510252,129,1,576.0,57.6
17591,510253,117,1,3149.0,314.9
17592,510253,118,2,944.0,188.8
17593,510253,103,1,2624.0,262.4
17594,510253,128,1,1049.0,104.9
17595,510254,147,2,1364.0,272.8
17596,510255,119,3,2309.0,1039.05
17597,510255,134,1,209.0,31.35
17598,510255,128,1,1049.0,157.35
17599,510256,101,3,2099.0,629.7
17600,510257,103,1,2624.0,262.4
17601,510257,129,1,576.0,57.6
17602,510258,116,1,2624.0,0.0
17603,510259,111,1,524.0,0.0
17604,510260,101,1,2099.0,0.0
17605,510260,126,3,471.0,0.0
17606,510260,104,1,5249.0,0.0
17607,510260,106,1,1574.0,0.0
17608,510261,112,2,1574.0,0.0
17609,510261,146,1,4724.0,0.0
17610,510262,103,1,2624.0,0.0
17611,510263,135,1,1574.0,157.4
17612,510263,114,2,1259.0,251.8
17613,510263,129,1,576.0,57.6
17614,510264,118,1,944.0,0.0
17615,510265,111,1,524.0,52.4
17616,510265,133,2,419.0,83.8
17617,510266,118,1,944.0,94.4
17618,510267,116,1,2624.0,0.0
17619,510267,119,1,2309.0,0.0
17620,510267,114,1,1259.0,0.0
17621,510267,129,1,576.0,0.0
17622,510268,141,1,261.0,26.1
17623,510268,137,2,261.0,52.2
17624,510268,129,1,576.0,57.6
17625,510269,111,1,524.0,0.0
17626,510269,117,1,3149.0,0.0
17627,510270,137,1,261.0,39.15
17628,510270,111,3,524.0,235.8
17629,510270,129,1,576.0,86.4
17630,510271,127,1,681.0,68.1
17631,510272,137,2,261.0,52.2
17632,510272,104,1,5249.0,524.9
17633,510273,131,3,314.0,94.2
17634,510273,144,1,3149.0,314.9
17635,510274,121,1,2939.0,293.9
17636,510274,107,1,1259.0,125.9
17637,510274,110,1,839.0,83.9
17638,510275,136,1,944.0,0.0
17639,510275,134,1,209.0,0.0
17640,510275,107,2,1259.0,0.0
17641,510275,102,1,3674.0,0.0
17642,510276,111,1,524.0,52.4
17643,510276,118,1,944.0,94.4
17644,510277,147,2,1364.0,272.8
17645,510277,129,2,576.0,115.2
17646,510278,146,1,4724.0,472.4
17647,510279,137,1,261.0,26.1
17648,510279,129,1,576.0,57.6
17649,510280,103,1,2624.0,262.4
17650,510281,111,2,524.0,104.8
17651,510281,144,1,3149.0,314.9
17652,510282,110,1,839.0,83.9
17653,510283,114,1,1259.0,125.9
17654,510283,116,1,2624.0,262.4
17655,510283,129,1,576.0,57.6
17656,510284,117,1,3149.0,314.9
17657,510285,118,1,944.0,94.4
17658,510285,129,1,576.0,57.6
17659,510286,102,1,3674.0,551.1
17660,510287,132,1,471.0,47.1
17661,510288,145,2,629.0,125.8
17662,510288,115,1,4199.0,419.9
17663,510288,137,1,261.0,26.1
17664,510289,118,1,944.0,94.4
17665,510289,129,1,576.0,57.6
17666,510290,145,2,629.0,0.0
17667,510290,105,2,2414.0,0.0
17668,510290,108,1,419.0,0.0
17669,510290,129,1,576.0,0.0
17670,510291,135,1,1574.0,157.4
17671,510292,144,1,3149.0,314.9
17672,510293,126,1,471.0,0.0
17673,510293,109,1,4199.0,0.0
17674,510294,109,1,4199.0,629.85
17675,510294,113,1,1364.0,204.6
17676,510294,129,1,576.0,86.4
17677,510295,147,1,1364.0,136.4
17678,510295,129,1,576.0,57.6
17679,510296,108,2,419.0,0.0
17680,510296,148,1,734.0,0.0
17681,510297,112,1,1574.0,0.0
17682,510298,128,1,1049.0,0.0
17683,510299,127,1,681.0,68.1
17684,510300,106,1,1574.0,157.4
17685,510300,117,1,3149.0,314.9
17686,510300,129,1,576.0,57.6
17687,510301,118,1,944.0,0.0
17688,510301,129,1,576.0,0.0
17689,510302,131,1,314.0,47.1
17690,510303,137,1,261.0,26.1
17691,510304,109,1,4199.0,419.9
17692,510304,121,3,2939.0,881.7
17693,510304,129,1,576.0,57.6
17694,510305,117,1,3149.0,0.0
17695,510306,127,1,681.0,68.1
17696,510307,144,1,3149.0,314.9
17697,510307,129,1,576.0,57.6
17698,510308,128,1,1049.0,104.9
17699,510309,107,2,1259.0,377.7
17700,510309,105,1,2414.0,362.1
17701,510310,135,2,1574.0,314.8
17702,510311,116,1,2624.0,0.0
17703,510311,129,1,576.0,0.0
17704,510312,123,1,3464.0,0.0
17705,510313,106,1,1574.0,157.4
17706,510313,140,1,629.0,62.9
17707,510313,138,1,419.0,41.9
17708,510313,137,1,261.0,26.1
17709,510314,137,1,261.0,0.0
17710,510315,140,1,629.0,62.9
17711,510315,107,1,1259.0,125.9
17712,510315,108,1,419.0,41.9
17713,510316,126,1,471.0,0.0
17714,510317,131,1,314.0,0.0
17715,510317,129,1,576.0,0.0
17716,510318,103,2,2624.0,524.8
17717,510318,129,1,576.0,57.6
17718,510319,127,1,681.0,68.1
17719,510319,109,2,4199.0,839.8
17720,510320,111,1,524.0,52.4
17721,510321,103,1,2624.0,131.2
17722,510322,123,1,3464.0,346.4
17723,510323,107,1,1259.0,0.0
17724,510323,112,1,1574.0,0.0
17725,510323,111,1,524.0,0.0
17726,510324,118,1,944.0,94.4
17727,510324,142,1,839.0,83.9
17728,510325,132,1,471.0,47.1
17729,510326,132,1,471.0,0.0
17730,510326,129,1,576.0,0.0
17731,510327,145,1,629.0,62.9
17732,510327,129,3,576.0,172.8
17733,510328,119,2,2309.0,0.0
17734,510328,132,1,471.0,0.0
17735,510328,129,1,576.0,0.0
17736,510329,120,1,734.0,0.0
17737,510329,128,1,1049.0,0.0
17738,510329,129,1,576.0,0.0
17739,510330,118,1,944.0,94.4
17740,510331,104,1,5249.0,0.0
17741,510332,121,1,2939.0,293.9
17742,510333,147,3,1364.0,0.0
17743,510333,129,1,576.0,0.0
17744,510334,141,1,261.0,26.1
17745,510334,104,1,5249.0,524.9
17746,510334,136,1,944.0,94.4
17747,510335,106,1,1574.0,157.4
17748,510335,120,1,734.0,73.4
17749,510335,125,1,1364.0,136.4
17750,510335,116,1,2624.0,262.4
17751,510335,129,1,576.0,57.6
17752,510336,130,1,734.0,0.0
17753,510337,117,3,3149.0,944.7
17754,510338,108,1,419.0,41.9
17755,510338,124,1,1154.0,115.4
17756,510338,125,1,1364.0,136.4
17757,510338,116,1,2624.0,262.4
17758,510338,129,1,576.0,57.6
17759,510339,116,1,2624.0,0.0
17760,510339,111,1,524.0,0.0
17761,510339,129,1,576.0,0.0
17762,510340,118,1,944.0,0.0
17763,510340,129,1,576.0,0.0
17764,510341,106,1,1574.0,236.1
17765,510342,131,1,314.0,31.4
17766,510342,129,1,576.0,57.6
17767,510343,113,2,1364.0,409.2
17768,510343,109,3,4199.0,1889.55
17769,510343,114,1,1259.0,188.85
17770,510343,118,1,944.0,141.6
17771,510343,129,1,576.0,86.4
17772,510344,104,1,5249.0,524.9
17773,510344,129,2,576.0,115.2
17774,510345,111,2,524.0,0.0
17775,510346,112,2,1574.0,0.0
17776,510346,106,1,1574.0,0.0
17777,510346,129,1,576.0,0.0
17778,510347,117,2,3149.0,0.0
17779,510347,114,1,1259.0,0.0
17780,510347,136,1,944.0,0.0
17781,510347,115,1,4199.0,0.0
17782,510347,129,1,576.0,0.0
17783,510348,117,1,3149.0,0.0
17784,510349,124,1,1154.0,0.0
17785,510349,129,1,576.0,0.0
17786,510350,142,1,839.0,83.9
17787,510350,116,3,2624.0,787.2
17788,510350,129,2,576.0,115.2
17789,510351,109,3,4199.0,0.0
17790,510351,129,3,576.0,0.0
17791,510352,110,2,839.0,0.0
17792,510352,115,1,4199.0,0.0
17793,510352,103,1,2624.0,0.0
17794,510352,129,2,576.0,0.0
17795,510353,107,1,1259.0,0.0
17796,510353,112,2,1574.0,0.0
17797,510353,129,1,576.0,0.0
17798,510354,140,1,629.0,0.0
17799,510355,145,2,629.0,125.8
17800,510356,106,1,1574.0,236.1
17801,510356,129,1,576.0,86.4
17802,510357,102,1,3674.0,367.4
17803,510357,128,1,1049.0,104.9
17804,510357,123,3,3464.0,1039.2
17805,510358,131,1,314.0,31.4
17806,510359,112,1,1574.0,236.1
17807,510359,129,2,576.0,172.8
17808,510360,102,1,3674.0,551.1
17809,510361,125,1,1364.0,204.6
17810,510362,145,1,629.0,94.35
17811,510363,113,1,1364.0,68.2
17812,510363,111,1,524.0,26.2
17813,510363,129,1,576.0,28.8
17814,510364,107,3,1259.0,377.7
17815,510364,129,1,576.0,57.6
17816,510365,117,1,3149.0,472.35
17817,510365,129,1,576.0,86.4
17818,510366,143,1,839.0,83.9
17819,510366,118,1,944.0,94.4
17820,510366,129,1,576.0,57.6
17821,510367,107,1,1259.0,188.85
17822,510367,129,1,576.0,86.4
17823,510368,103,1,2624.0,131.2
17824,510369,134,1,209.0,20.9
17825,510369,129,1,576.0,57.6
17826,510370,135,1,1574.0,157.4
17827,510370,112,1,1574.0,157.4
17828,510370,105,1,2414.0,241.4
17829,510371,130,1,734.0,110.1
17830,510371,120,1,734.0,110.1
17831,510372,113,1,1364.0,136.4
17832,510373,105,1,2414.0,241.4
17833,510374,124,1,1154.0,115.4
17834,510374,111,1,524.0,52.4
17835,510375,103,1,2624.0,393.6
17836,510376,118,1,944.0,94.4
17837,510377,105,1,2414.0,241.4
17838,510377,122,1,1994.0,199.4
17839,510378,140,1,629.0,94.35
17840,510379,124,2,1154.0,230.8
17841,510379,129,1,576.0,57.6
17842,510380,120,1,734.0,73.4
17843,510381,110,1,839.0,0.0
17844,510381,129,1,576.0,0.0
17845,510382,143,1,839.0,0.0
17846,510382,129,1,576.0,0.0
17847,510383,144,3,3149.0,0.0
17848,510384,144,2,3149.0,629.8
17849,510384,112,1,1574.0,157.4
17850,510384,113,1,1364.0,136.4
17851,510384,120,1,734.0,73.4
17852,510384,129,1,576.0,57.6
17853,510385,104,1,5249.0,0.0
17854,510385,139,1,366.0,0.0
17855,510385,107,1,1259.0,0.0
17856,510386,126,2,471.0,0.0
17857,510386,110,1,839.0,0.0
17858,510387,142,1,839.0,125.85
17859,510387,132,2,471.0,141.3
17860,510388,128,1,1049.0,157.35
17861,510389,111,1,524.0,0.0
17862,510389,115,1,4199.0,0.0
17863,510390,135,1,1574.0,78.7
17864,510391,146,1,4724.0,0.0
17865,510392,114,1,1259.0,0.0
17866,510392,126,1,471.0,0.0
17867,510393,109,1,4199.0,0.0
17868,510394,106,1,1574.0,0.0
17869,510394,122,1,1994.0,0.0
17870,510394,134,1,209.0,0.0
17871,510395,116,1,2624.0,0.0
17872,510396,101,1,2099.0,314.85
17873,510397,111,1,524.0,0.0
17874,510398,107,1,1259.0,0.0
17875,510398,116,1,2624.0,0.0
17876,510399,111,1,524.0,0.0
17877,510400,147,1,1364.0,0.0
17878,510400,111,1,524.0,0.0
17879,510401,120,1,734.0,0.0
17880,510402,120,1,734.0,0.0
17881,510402,111,1,524.0,0.0
17882,510403,112,1,1574.0,0.0
17883,510404,134,1,209.0,0.0
17884,510405,111,1,524.0,78.6
17885,510406,140,1,629.0,94.35
17886,510406,108,1,419.0,62.85
17887,510407,127,1,681.0,102.15
17888,510407,136,2,944.0,283.2
17889,510408,109,2,4199.0,0.0
17890,510409,142,1,839.0,0.0
17891,510409,131,1,314.0,0.0
17892,510409,108,1,419.0,0.0
17893,510410,143,1,839.0,0.0
17894,510411,135,1,1574.0,0.0
17895,510412,110,1,839.0,0.0
17896,510413,128,1,1049.0,0.0
17897,510414,112,1,1574.0,0.0
17898,510415,119,1,2309.0,0.0
17899,510416,126,1,471.0,0.0
17900,510417,125,2,1364.0,409.2
17901,510417,134,1,209.0,31.35
17902,510418,117,1,3149.0,0.0
17903,510419,119,1,2309.0,0.0
17904,510419,103,1,2624.0,0.0
17905,510419,113,1,1364.0,0.0
17906,510419,127,1,681.0,0.0
17907,510420,142,1,839.0,0.0
17908,510420,113,1,1364.0,0.0
17909,510421,134,1,209.0,31.35
17910,510422,104,1,5249.0,0.0
17911,510422,128,2,1049.0,0.0
17912,510423,134,1,209.0,0.0
17913,510424,110,1,839.0,0.0
17914,510424,122,1,1994.0,0.0
17915,510424,132,1,471.0,0.0
17916,510425,143,1,839.0,0.0
17917,510426,130,3,734.0,0.0
17918,510427,107,1,1259.0,188.85
17919,510427,106,1,1574.0,236.1
17920,510427,128,2,1049.0,314.7
17921,510428,118,1,944.0,141.6
17922,510429,114,2,1259.0,0.0
17923,510430,135,1,1574.0,0.0
17924,510430,112,1,1574.0,0.0
17925,510431,125,1,1364.0,0.0
17926,510432,147,1,1364.0,204.6
17927,510432,112,1,1574.0,236.1
17928,510433,124,2,1154.0,0.0
17929,510434,141,1,261.0,0.0
17930,510435,134,1,209.0,0.0
17931,510436,123,1,3464.0,0.0
17932,510437,113,2,1364.0,409.2
17933,510438,114,1,1259.0,188.85
17934,510438,112,1,1574.0,236.1
17935,510439,128,1,1049.0,0.0
17936,510439,132,1,471.0,0.0
17937,510440,127,1,681.0,0.0
17938,510441,147,1,1364.0,204.6
17939,510442,126,1,471.0,0.0
17940,510442,116,1,2624.0,0.0
17941,510443,111,2,524.0,0.0
17942,510444,105,1,2414.0,362.1
17943,510444,114,1,1259.0,188.85
17944,510445,137,1,261.0,39.15
17945,510446,131,1,314.0,0.0
17946,510446,121,1,2939.0,0.0
17947,510447,143,1,839.0,125.85
17948,510448,108,1,419.0,0.0
17949,510448,126,1,471.0,0.0
17950,510449,111,1,524.0,0.0
17951,510449,140,1,629.0,0.0
17952,510449,122,1,1994.0,0.0
17953,510450,135,1,1574.0,0.0
17954,510450,108,1,419.0,0.0
17955,510451,113,1,1364.0,0.0
17956,510452,119,2,2309.0,692.7
17957,510453,123,2,3464.0,0.0
17958,510454,118,1,944.0,47.2
17959,510455,134,1,209.0,0.0
17960,510455,130,1,734.0,0.0
17961,510455,111,2,524.0,0.0
17962,510456,130,1,734.0,0.0
17963,510457,102,2,3674.0,0.0
17964,510457,103,1,2624.0,0.0
17965,510458,126,1,471.0,0.0
17966,510458,129,1,576.0,0.0
17967,510458,142,1,839.0,0.0
17968,510459,115,1,4199.0,629.85
17969,510459,128,1,1049.0,157.35
17970,510460,122,1,1994.0,0.0
17971,510461,117,1,3149.0,472.35
17972,510461,103,2,2624.0,787.2
17973,510462,113,1,1364.0,0.0
17974,510462,119,1,2309.0,0.0
17975,510463,125,1,1364.0,204.6
17976,510463,127,1,681.0,102.15
17977,510464,122,1,1994.0,299.1
17978,510465,102,1,3674.0,0.0
17979,510465,112,1,1574.0,0.0
17980,510466,130,1,734.0,0.0
17981,510467,105,1,2414.0,0.0
17982,510467,117,1,3149.0,0.0
17983,510468,107,1,1259.0,188.85
17984,510469,133,1,419.0,62.85
17985,510470,141,1,261.0,0.0
17986,510471,126,2,471.0,141.3
17987,510471,141,2,261.0,78.3
17988,510472,106,1,1574.0,236.1
17989,510473,138,1,419.0,62.85
17990,510474,119,1,2309.0,0.0
17991,510474,128,1,1049.0,0.0
17992,510475,104,2,5249.0,0.0
17993,510476,116,1,2624.0,0.0
17994,510477,117,1,3149.0,472.35
17995,510478,122,1,1994.0,299.1
17996,510479,121,1,2939.0,440.85
17997,510480,120,1,734.0,0.0
17998,510480,146,1,4724.0,0.0
17999,510480,137,2,261.0,0.0
18000,510481,126,1,471.0,0.0
18001,510481,134,1,209.0,0.0
18002,510481,109,1,4199.0,0.0
18003,510482,111,1,524.0,78.6
18004,510483,106,1,1574.0,0.0
18005,510483,127,2,681.0,0.0
18006,510484,119,2,2309.0,692.7
18007,510485,127,1,681.0,0.0
18008,510486,114,1,1259.0,188.85
18009,510487,108,3,419.0,0.0
18010,510488,123,1,3464.0,0.0
18011,510488,131,1,314.0,0.0
18012,510488,120,1,734.0,0.0
18013,510489,127,1,681.0,0.0
18014,510490,111,1,524.0,78.6
18015,510491,124,1,1154.0,0.0
18016,510492,103,1,2624.0,393.6
18017,510492,123,1,3464.0,519.6
18018,510492,112,1,1574.0,236.1
18019,510492,107,1,1259.0,188.85
18020,510493,111,3,524.0,235.8
18021,510493,103,2,2624.0,787.2
18022,510494,104,2,5249.0,0.0
18023,510494,122,1,1994.0,0.0
18024,510494,112,1,1574.0,0.0
18025,510495,118,1,944.0,141.6
18026,510495,143,1,839.0,125.85
18027,510496,110,2,839.0,0.0
18028,510496,113,1,1364.0,0.0
18029,510496,117,1,3149.0,0.0
18030,510497,116,1,2624.0,0.0
18031,510498,132,1,471.0,0.0
18032,510498,146,2,4724.0,0.0
18033,510499,111,2,524.0,157.2
18034,510500,131,1,314.0,0.0
18035,510500,108,1,419.0,0.0
18036,510501,104,1,5249.0,787.35
18037,510501,114,1,1259.0,188.85
18038,510501,119,1,2309.0,346.35
18039,510501,147,1,1364.0,204.6
18040,510502,117,1,3149.0,0.0
18041,510502,112,1,1574.0,0.0
18042,510503,128,1,1049.0,0.0
18043,510504,145,2,629.0,0.0
18044,510504,120,1,734.0,0.0
18045,510505,109,1,4199.0,0.0
18046,510505,114,1,1259.0,0.0
18047,510506,144,1,3149.0,472.35
18048,510506,127,1,681.0,102.15
18049,510507,131,1,314.0,0.0
18050,510507,135,1,1574.0,0.0
18051,510508,133,1,419.0,0.0
18052,510508,135,1,1574.0,0.0
18053,510508,120,1,734.0,0.0
18054,510509,123,1,3464.0,173.2
18055,510509,130,2,734.0,73.4
18056,510510,103,1,2624.0,0.0
18057,510511,138,1,419.0,62.85
18058,510512,105,1,2414.0,362.1
18059,510512,102,1,3674.0,551.1
18060,510513,124,2,1154.0,0.0
18061,510514,112,2,1574.0,472.2
18062,510515,122,1,1994.0,299.1
18063,510516,113,1,1364.0,0.0
18064,510516,111,1,524.0,0.0
18065,510516,139,1,366.0,0.0
18066,510517,138,1,419.0,0.0
18067,510518,129,1,576.0,0.0
18068,510518,108,2,419.0,0.0
18069,510519,137,2,261.0,0.0
18070,510519,116,1,2624.0,0.0
18071,510520,111,2,524.0,0.0
18072,510521,120,1,734.0,0.0
18073,510522,117,1,3149.0,472.35
18074,510523,101,1,2099.0,0.0
18075,510524,122,1,1994.0,0.0
18076,510524,143,2,839.0,0.0
18077,510525,103,1,2624.0,0.0
18078,510525,118,1,944.0,0.0
18079,510526,110,1,839.0,0.0
18080,510527,111,3,524.0,0.0
18081,510527,107,1,1259.0,0.0
18082,510528,127,1,681.0,0.0
18083,510528,130,1,734.0,0.0
18084,510528,113,1,1364.0,0.0
18085,510529,102,1,3674.0,0.0
18086,510530,104,1,5249.0,0.0
18087,510530,134,1,209.0,0.0
18088,510530,128,1,1049.0,0.0
18089,510530,123,1,3464.0,0.0
18090,510531,111,1,524.0,78.6
18091,510531,122,1,1994.0,299.1
18092,510532,127,1,681.0,102.15
18093,510533,120,2,734.0,220.2
18094,510534,118,1,944.0,47.2
18095,510535,129,3,576.0,259.2
18096,510535,107,1,1259.0,188.85
18097,510536,125,1,1364.0,0.0
18098,510536,131,1,314.0,0.0
18099,510536,118,1,944.0,0.0
18100,510537,122,3,1994.0,0.0
18101,510538,118,1,944.0,0.0
18102,510539,109,1,4199.0,629.85
18103,510540,122,1,1994.0,299.1
18104,510540,116,1,2624.0,393.6
18105,510541,109,1,4199.0,0.0
18106,510542,139,2,366.0,0.0
18107,510543,101,1,2099.0,314.85
18108,510543,102,1,3674.0,551.1
18109,510544,130,1,734.0,0.0
18110,510545,105,1,2414.0,0.0
18111,510546,132,1,471.0,70.65
18112,510547,127,1,681.0,0.0
18113,510547,102,1,3674.0,0.0
18114,510547,117,1,3149.0,0.0
18115,510548,143,1,839.0,0.0
18116,510548,112,1,1574.0,0.0
18117,510549,135,2,1574.0,157.4
18118,510550,132,1,471.0,0.0
18119,510551,102,1,3674.0,183.7
18120,510551,127,1,681.0,34.05
18121,510551,106,1,1574.0,78.7
18122,510552,135,1,1574.0,0.0
18123,510553,116,3,2624.0,0.0
18124,510553,113,1,1364.0,0.0
18125,510553,106,1,1574.0,0.0
18126,510554,113,1,1364.0,0.0
18127,510555,107,1,1259.0,62.95
18128,510556,119,2,2309.0,0.0
18129,510556,103,1,2624.0,0.0
18130,510557,117,1,3149.0,0.0
18131,510557,134,1,209.0,0.0
18132,510558,145,1,629.0,94.35
18133,510558,128,1,1049.0,157.35
18134,510558,117,1,3149.0,472.35
18135,510559,129,1,576.0,28.8
18136,510560,105,3,2414.0,0.0
18137,510561,108,2,419.0,0.0
18138,510562,146,1,4724.0,0.0
18139,510562,133,1,419.0,0.0
18140,510563,111,1,524.0,0.0
18141,510564,116,1,2624.0,0.0
18142,510565,109,1,4199.0,0.0
18143,510566,123,1,3464.0,519.6
18144,510566,107,2,1259.0,377.7
18145,510566,112,3,1574.0,708.3
18146,510566,131,1,314.0,47.1
18147,510567,122,1,1994.0,0.0
18148,510567,103,1,2624.0,0.0
18149,510568,141,1,261.0,0.0
18150,510569,112,1,1574.0,236.1
18151,510569,134,1,209.0,31.35
18152,510570,130,1,734.0,0.0
18153,510570,135,1,1574.0,0.0
18154,510571,130,1,734.0,0.0
18155,510572,116,1,2624.0,0.0
18156,510572,109,1,4199.0,0.0
18157,510572,123,1,3464.0,0.0
18158,510573,126,1,471.0,0.0
18159,510573,109,1,4199.0,0.0
18160,510574,128,1,1049.0,157.35
18161,510574,101,2,2099.0,629.7
18162,510575,113,1,1364.0,0.0
18163,510576,102,1,3674.0,0.0
18164,510577,147,1,1364.0,204.6
18165,510577,137,2,261.0,78.3
18166,510577,119,1,2309.0,346.35
18167,510578,147,1,1364.0,204.6
18168,510579,101,1,2099.0,0.0
18169,510580,104,1,5249.0,0.0
18170,510580,125,2,1364.0,0.0
18171,510580,103,1,2624.0,0.0
18172,510580,107,1,1259.0,0.0
18173,510581,134,3,209.0,94.05
18174,510581,102,2,3674.0,1102.2
18175,510582,104,1,5249.0,0.0
18176,510582,135,2,1574.0,0.0
18177,510583,128,2,1049.0,0.0
18178,510584,108,1,419.0,0.0
18179,510585,105,1,2414.0,0.0
18180,510586,139,1,366.0,0.0
18181,510587,137,1,261.0,0.0
18182,510587,136,1,944.0,0.0
18183,510588,139,1,366.0,0.0
18184,510589,109,2,4199.0,0.0
18185,510589,143,1,839.0,0.0
18186,510590,126,1,471.0,0.0
18187,510590,103,2,2624.0,0.0
18188,510591,116,1,2624.0,393.6
18189,510591,117,2,3149.0,944.7
18190,510591,113,1,1364.0,204.6
18191,510592,103,1,2624.0,0.0
18192,510592,120,1,734.0,0.0
18193,510593,126,1,471.0,0.0
18194,510594,105,1,2414.0,0.0
18195,510595,114,1,1259.0,0.0
18196,510596,147,1,1364.0,68.2
18197,510597,116,1,2624.0,0.0
18198,510598,113,1,1364.0,204.6
18199,510598,132,1,471.0,70.65
18200,510599,136,1,944.0,0.0
18201,510600,124,3,1154.0,0.0
18202,510600,116,1,2624.0,0.0
18203,510600,117,1,3149.0,0.0
18204,510601,123,1,3464.0,0.0
18205,510601,143,1,839.0,0.0
18206,510602,107,1,1259.0,0.0
18207,510603,120,1,734.0,0.0
18208,510603,116,1,2624.0,0.0
18209,510604,117,1,3149.0,0.0
18210,510605,120,1,734.0,0.0
18211,510606,114,1,1259.0,188.85
18212,510607,102,1,3674.0,551.1
18213,510607,128,1,1049.0,157.35
18214,510607,115,1,4199.0,629.85
18215,510608,108,1,419.0,0.0
18216,510609,122,1,1994.0,0.0
18217,510609,117,1,3149.0,0.0
18218,510610,113,1,1364.0,0.0
18219,510611,117,1,3149.0,157.45
18220,510612,107,1,1259.0,188.85
18221,510612,104,1,5249.0,787.35
18222,510613,148,1,734.0,0.0
18223,510613,135,1,1574.0,0.0
18224,510614,103,3,2624.0,0.0
18225,510615,116,1,2624.0,131.2
18226,510615,109,1,4199.0,209.95
18227,510616,137,2,261.0,0.0
18228,510617,109,2,4199.0,419.9
18229,510617,108,1,419.0,20.95
18230,510618,137,2,261.0,0.0
18231,510619,107,1,1259.0,0.0
18232,510619,128,1,1049.0,0.0
18233,510620,113,1,1364.0,0.0
18234,510620,126,1,471.0,0.0
18235,510620,108,1,419.0,0.0
18236,510621,118,1,944.0,0.0
18237,510622,112,1,1574.0,236.1
18238,510623,146,1,4724.0,0.0
18239,510624,123,1,3464.0,519.6
18240,510624,131,1,314.0,47.1
18241,510624,126,1,471.0,70.65
18242,510625,115,1,4199.0,0.0
18243,510626,118,1,944.0,0.0
18244,510627,132,1,471.0,70.65
18245,510627,111,1,524.0,78.6
18246,510628,108,2,419.0,0.0
18247,510628,105,2,2414.0,0.0
18248,510629,109,2,4199.0,0.0
18249,510630,121,1,2939.0,146.95
18250,510631,129,1,576.0,0.0
18251,510631,102,1,3674.0,0.0
18252,510631,111,1,524.0,0.0
18253,510632,105,1,2414.0,0.0
18254,510632,114,1,1259.0,0.0
18255,510633,119,1,2309.0,0.0
18256,510634,116,1,2624.0,0.0
18257,510635,134,1,209.0,0.0
18258,510636,143,1,839.0,125.85
18259,510636,105,1,2414.0,362.1
18260,510636,117,1,3149.0,472.35
18261,510637,125,1,1364.0,0.0
18262,510637,116,1,2624.0,0.0
18263,510637,134,1,209.0,0.0
18264,510638,107,3,1259.0,566.55
18265,510639,108,1,419.0,0.0
18266,510639,132,1,471.0,0.0
18267,510640,128,1,1049.0,157.35
18268,510640,104,1,5249.0,787.35
18269,510640,130,1,734.0,110.1
18270,510641,126,1,471.0,70.65
18271,510642,112,1,1574.0,0.0
18272,510643,134,1,209.0,31.35
18273,510644,130,1,734.0,0.0
18274,510645,124,1,1154.0,0.0
18275,510645,135,1,1574.0,0.0
18276,510646,103,1,2624.0,393.6
18277,510647,122,1,1994.0,0.0
18278,510648,109,2,4199.0,0.0
18279,510649,119,1,2309.0,0.0
18280,510649,123,1,3464.0,0.0
18281,510650,111,1,524.0,0.0
18282,510650,124,1,1154.0,0.0
18283,510650,106,1,1574.0,0.0
18284,510651,113,1,1364.0,68.2
18285,510652,128,1,1049.0,0.0
18286,510653,129,1,576.0,0.0
18287,510653,115,1,4199.0,0.0
18288,510654,102,1,3674.0,0.0
18289,510654,139,1,366.0,0.0
18290,510654,137,1,261.0,0.0
18291,510655,136,1,944.0,0.0
18292,510655,104,1,5249.0,0.0
18293,510656,120,1,734.0,36.7
18294,510657,133,1,419.0,0.0
18295,510658,140,1,629.0,94.35
18296,510658,139,1,366.0,54.9
18297,510658,132,1,471.0,70.65
18298,510659,123,1,3464.0,0.0
18299,510660,140,1,629.0,0.0
18300,510661,144,3,3149.0,0.0
18301,510662,145,1,629.0,0.0
18302,510663,122,1,1994.0,299.1
18303,510664,131,1,314.0,0.0
18304,510664,118,2,944.0,0.0
18305,510665,132,1,471.0,0.0
18306,510666,128,1,1049.0,157.35
18307,510667,138,1,419.0,20.95
18308,510668,132,1,471.0,0.0
18309,510669,105,1,2414.0,0.0
18310,510670,144,2,3149.0,0.0
18311,510670,138,1,419.0,0.0
18312,510671,139,1,366.0,54.9
18313,510671,126,1,471.0,70.65
18314,510672,123,1,3464.0,0.0
18315,510672,106,1,1574.0,0.0
18316,510672,102,2,3674.0,0.0
18317,510673,130,1,734.0,0.0
18318,510673,114,1,1259.0,0.0
18319,510674,106,1,1574.0,0.0
18320,510674,108,1,419.0,0.0
18321,510674,126,1,471.0,0.0
18322,510674,129,1,576.0,0.0
18323,510675,117,1,3149.0,0.0
18324,510676,121,1,2939.0,0.0
18325,510676,144,1,3149.0,0.0
18326,510677,120,1,734.0,0.0
18327,510678,111,1,524.0,0.0
18328,510678,117,1,3149.0,0.0
18329,510678,144,1,3149.0,0.0
18330,510679,144,1,3149.0,0.0
18331,510680,120,1,734.0,36.7
18332,510680,107,1,1259.0,62.95
18333,510681,116,1,2624.0,0.0
18334,510682,102,1,3674.0,0.0
18335,510683,101,1,2099.0,0.0
18336,510683,134,1,209.0,0.0
18337,510684,108,1,419.0,0.0
18338,510684,111,1,524.0,0.0
18339,510684,140,1,629.0,0.0
18340,510684,120,2,734.0,0.0
18341,510685,105,1,2414.0,0.0
18342,510686,148,1,734.0,0.0
18343,510687,112,1,1574.0,0.0
18344,510687,107,1,1259.0,0.0
18345,510687,132,1,471.0,0.0
18346,510687,118,1,944.0,0.0
18347,510688,107,1,1259.0,188.85
18348,510689,108,1,419.0,62.85
18349,510689,130,1,734.0,110.1
18350,510689,113,1,1364.0,204.6
18351,510690,106,1,1574.0,0.0
18352,510690,113,2,1364.0,0.0
18353,510691,112,1,1574.0,0.0
18354,510692,108,1,419.0,62.85
18355,510693,138,1,419.0,20.95
18356,510694,127,2,681.0,0.0
18357,510694,135,1,1574.0,0.0
18358,510695,103,1,2624.0,393.6
18359,510696,143,1,839.0,125.85
18360,510696,113,2,1364.0,409.2
18361,510696,116,1,2624.0,393.6
18362,510697,110,1,839.0,0.0
18363,510698,104,3,5249.0,0.0
18364,510698,118,1,944.0,0.0
18365,510698,113,1,1364.0,0.0
18366,510699,127,1,681.0,102.15
18367,510699,128,3,1049.0,472.05
18368,510700,113,1,1364.0,0.0
18369,510701,117,1,3149.0,472.35
18370,510701,109,1,4199.0,629.85
18371,510702,140,1,629.0,94.35
18372,510703,137,1,261.0,0.0
18373,510703,120,1,734.0,0.0
18374,510704,142,1,839.0,0.0
18375,510704,111,2,524.0,0.0
18376,510705,128,1,1049.0,0.0
18377,510706,123,1,3464.0,173.2
18378,510706,135,1,1574.0,78.7
18379,510707,124,1,1154.0,57.7
18380,510707,123,1,3464.0,173.2
18381,510707,105,1,2414.0,120.7
18382,510708,120,1,734.0,110.1
18383,510708,126,1,471.0,70.65
18384,510709,129,1,576.0,86.4
18385,510709,123,3,3464.0,1558.8
18386,510710,128,1,1049.0,0.0
18387,510711,117,1,3149.0,0.0
18388,510711,123,1,3464.0,0.0
18389,510711,142,3,839.0,0.0
18390,510712,123,1,3464.0,519.6
18391,510713,145,1,629.0,94.35
18392,510714,139,1,366.0,54.9
18393,510715,135,1,1574.0,236.1
18394,510715,115,2,4199.0,1259.7
18395,510716,116,1,2624.0,131.2
18396,510717,107,1,1259.0,0.0
18397,510717,108,1,419.0,0.0
18398,510718,124,1,1154.0,0.0
18399,510719,111,1,524.0,0.0
18400,510720,137,1,261.0,0.0
18401,510720,129,2,576.0,0.0
18402,510721,142,1,839.0,0.0
18403,510722,121,1,2939.0,0.0
18404,510723,125,1,1364.0,0.0
18405,510724,135,1,1574.0,0.0
18406,510725,147,1,1364.0,204.6
18407,510725,103,2,2624.0,787.2
18408,510725,122,1,1994.0,299.1
18409,510726,112,1,1574.0,0.0
18410,510726,107,1,1259.0,0.0
18411,510727,124,1,1154.0,0.0
18412,510728,117,1,3149.0,472.35
18413,510728,139,1,366.0,54.9
18414,510729,111,1,524.0,0.0
18415,510730,102,1,3674.0,0.0
18416,510731,113,1,1364.0,204.6
18417,510732,111,3,524.0,0.0
18418,510733,110,1,839.0,125.85
18419,510734,110,3,839.0,0.0
18420,510734,111,3,524.0,0.0
18421,510735,128,1,1049.0,0.0
18422,510735,127,1,681.0,0.0
18423,510735,146,1,4724.0,0.0
18424,510736,107,1,1259.0,0.0
18425,510737,120,1,734.0,0.0
18426,510738,137,1,261.0,0.0
18427,510739,138,1,419.0,20.95
18428,510739,120,1,734.0,36.7
18429,510740,124,1,1154.0,0.0
18430,510740,116,2,2624.0,0.0
18431,510741,122,2,1994.0,0.0
18432,510742,117,1,3149.0,157.45
18433,510743,118,2,944.0,94.4
18434,510744,122,2,1994.0,598.2
18435,510745,138,1,419.0,0.0
18436,510745,113,1,1364.0,0.0
18437,510745,139,1,366.0,0.0
18438,510746,108,1,419.0,0.0
18439,510747,128,1,1049.0,0.0
18440,510747,111,1,524.0,0.0
18441,510748,120,1,734.0,0.0
18442,510749,114,1,1259.0,0.0
18443,510749,112,1,1574.0,0.0
18444,510749,131,1,314.0,0.0
18445,510750,137,1,261.0,39.15
18446,510751,112,1,1574.0,0.0
18447,510752,137,1,261.0,0.0
18448,510753,115,1,4199.0,0.0
18449,510754,131,1,314.0,0.0
18450,510755,148,1,734.0,0.0
18451,510756,107,1,1259.0,0.0
18452,510757,117,1,3149.0,0.0
18453,510758,131,1,314.0,0.0
18454,510759,114,1,1259.0,0.0
18455,510760,103,1,2624.0,393.6
18456,510761,118,1,944.0,0.0
18457,510761,134,1,209.0,0.0
18458,510762,116,1,2624.0,0.0
18459,510763,125,1,1364.0,0.0
18460,510763,130,1,734.0,0.0
18461,510764,110,1,839.0,0.0
18462,510765,121,1,2939.0,0.0
18463,510765,126,2,471.0,0.0
18464,510766,124,1,1154.0,0.0
18465,510767,104,1,5249.0,0.0
18466,510767,116,2,2624.0,0.0
18467,510768,123,1,3464.0,519.6
18468,510769,133,1,419.0,0.0
18469,510769,116,2,2624.0,0.0
18470,510769,120,1,734.0,0.0
18471,510770,137,1,261.0,0.0
18472,510771,124,1,1154.0,0.0
18473,510772,106,1,1574.0,0.0
18474,510773,124,1,1154.0,0.0
18475,510773,118,1,944.0,0.0
18476,510774,112,3,1574.0,0.0
18477,510775,107,1,1259.0,0.0
18478,510775,105,1,2414.0,0.0
18479,510776,111,1,524.0,0.0
18480,510776,118,3,944.0,0.0
18481,510777,130,1,734.0,0.0
18482,510777,144,1,3149.0,0.0
18483,510778,120,2,734.0,0.0
18484,510778,142,2,839.0,0.0
18485,510779,129,1,576.0,28.8
18486,510780,107,2,1259.0,0.0
18487,510780,131,1,314.0,0.0
18488,510781,137,1,261.0,0.0
18489,510781,120,1,734.0,0.0
18490,510782,110,1,839.0,0.0
18491,510782,109,1,4199.0,0.0
18492,510782,136,1,944.0,0.0
18493,510783,133,1,419.0,0.0
18494,510783,136,2,944.0,0.0
18495,510784,126,1,471.0,0.0
18496,510785,145,1,629.0,0.0
18497,510786,126,1,471.0,0.0
18498,510787,104,1,5249.0,0.0
18499,510787,111,1,524.0,0.0
18500,510788,116,1,2624.0,393.6
18501,510789,101,1,2099.0,0.0
18502,510790,120,1,734.0,0.0
18503,510791,127,1,681.0,34.05
18504,510792,111,1,524.0,0.0
18505,510793,147,2,1364.0,0.0
18506,510794,112,1,1574.0,78.7
18507,510795,109,1,4199.0,0.0
18508,510795,113,1,1364.0,0.0
18509,510796,146,1,4724.0,0.0
18510,510797,140,1,629.0,0.0
18511,510798,114,1,1259.0,188.85
18512,510798,123,2,3464.0,1039.2
18513,510798,116,1,2624.0,393.6
18514,510799,118,1,944.0,0.0
18515,510800,133,2,419.0,0.0
18516,510800,118,2,944.0,0.0
18517,510801,124,1,1154.0,0.0
18518,510802,130,1,734.0,110.1
18519,510803,117,1,3149.0,472.35
18520,510803,120,1,734.0,110.1
18521,510804,124,2,1154.0,0.0
18522,510804,117,1,3149.0,0.0
18523,510805,111,1,524.0,0.0
18524,510805,140,1,629.0,0.0
18525,510805,114,1,1259.0,0.0
18526,510805,135,1,1574.0,0.0
18527,510806,120,1,734.0,0.0
18528,510806,123,1,3464.0,0.0
18529,510806,113,2,1364.0,0.0
18530,510807,113,1,1364.0,0.0
18531,510808,110,2,839.0,0.0
18532,510808,139,1,366.0,0.0
18533,510809,118,1,944.0,0.0
18534,510810,123,1,3464.0,519.6
18535,510811,122,1,1994.0,0.0
18536,510812,115,1,4199.0,0.0
18537,510812,118,1,944.0,0.0
18538,510812,139,1,366.0,0.0
18539,510813,104,1,5249.0,787.35
18540,510813,103,2,2624.0,787.2
18541,510814,131,2,314.0,0.0
18542,510814,106,1,1574.0,0.0
18543,510814,138,3,419.0,0.0
18544,510814,147,1,1364.0,0.0
18545,510815,139,1,366.0,0.0
18546,510816,123,2,3464.0,1039.2
18547,510817,126,1,471.0,0.0
18548,510817,116,1,2624.0,0.0
18549,510818,131,1,314.0,0.0
18550,510818,134,1,209.0,0.0
18551,510818,104,1,5249.0,0.0
18552,510818,107,1,1259.0,0.0
18553,510819,145,1,629.0,0.0
18554,510820,112,1,1574.0,0.0
18555,510821,144,1,3149.0,0.0
18556,510822,127,1,681.0,0.0
18557,510823,103,1,2624.0,393.6
18558,510823,140,1,629.0,94.35
18559,510823,113,2,1364.0,409.2
18560,510824,127,1,681.0,102.15
18561,510825,106,3,1574.0,0.0
18562,510826,118,1,944.0,141.6
18563,510826,113,1,1364.0,204.6
18564,510827,111,1,524.0,78.6
18565,510827,135,1,1574.0,236.1
18566,510828,125,1,1364.0,0.0
18567,510829,143,1,839.0,125.85
18568,510829,103,1,2624.0,393.6
18569,510829,118,1,944.0,141.6
18570,510830,119,1,2309.0,0.0
18571,510831,143,2,839.0,0.0
18572,510831,126,2,471.0,0.0
18573,510832,103,1,2624.0,0.0
18574,510832,116,1,2624.0,0.0
18575,510833,114,1,1259.0,0.0
18576,510833,107,1,1259.0,0.0
18577,510834,116,2,2624.0,787.2
18578,510835,143,1,839.0,41.95
18579,510835,121,1,2939.0,146.95
18580,510836,132,1,471.0,0.0
18581,510836,102,1,3674.0,0.0
18582,510836,120,1,734.0,0.0
18583,510837,135,2,1574.0,0.0
18584,510838,108,3,419.0,0.0
18585,510838,137,1,261.0,0.0
18586,510839,118,1,944.0,141.6
18587,510840,110,1,839.0,0.0
18588,510841,103,1,2624.0,393.6
18589,510842,107,1,1259.0,0.0
18590,510842,108,1,419.0,0.0
18591,510843,111,1,524.0,78.6
18592,510844,132,2,471.0,141.3
18593,510844,114,2,1259.0,377.7
18594,510844,140,1,629.0,94.35
18595,510845,130,2,734.0,0.0
18596,510845,117,1,3149.0,0.0
18597,510846,127,1,681.0,0.0
18598,510847,107,1,1259.0,0.0
18599,510848,130,2,734.0,0.0
18600,510849,106,1,1574.0,236.1
18601,510850,114,3,1259.0,0.0
18602,510850,142,1,839.0,0.0
18603,510851,104,1,5249.0,0.0
18604,510851,132,1,471.0,0.0
18605,510852,142,1,839.0,125.85
18606,510853,137,1,261.0,39.15
18607,510854,117,2,3149.0,944.7
18608,510855,113,1,1364.0,0.0
18609,510856,137,1,261.0,0.0
18610,510856,111,1,524.0,0.0
18611,510857,131,1,314.0,15.7
18612,510858,104,2,5249.0,0.0
18613,510859,117,1,3149.0,0.0
18614,510859,118,1,944.0,0.0
18615,510860,122,1,1994.0,0.0
18616,510860,118,1,944.0,0.0
18617,510860,115,1,4199.0,0.0
18618,510861,107,1,1259.0,0.0
18619,510862,121,1,2939.0,0.0
18620,510863,117,1,3149.0,0.0
18621,510864,137,1,261.0,0.0
18622,510865,108,1,419.0,0.0
18623,510866,122,1,1994.0,299.1
18624,510866,105,3,2414.0,1086.3
18625,510867,125,1,1364.0,0.0
18626,510868,133,1,419.0,0.0
18627,510869,135,1,1574.0,0.0
18628,510869,113,1,1364.0,0.0
18629,510870,111,1,524.0,0.0
18630,510870,116,1,2624.0,0.0
18631,510871,132,1,471.0,70.65
18632,510872,126,1,471.0,0.0
18633,510873,108,2,419.0,0.0
18634,510874,119,1,2309.0,0.0
18635,510875,116,1,2624.0,0.0
18636,510876,106,1,1574.0,0.0
18637,510876,125,1,1364.0,0.0
18638,510876,117,1,3149.0,0.0
18639,510877,128,1,1049.0,157.35
18640,510878,137,1,261.0,0.0
18641,510879,128,1,1049.0,0.0
18642,510880,136,1,944.0,141.6
18643,510880,106,1,1574.0,236.1
18644,510881,120,1,734.0,0.0
18645,510881,110,1,839.0,0.0
18646,510882,113,1,1364.0,0.0
18647,510882,147,1,1364.0,0.0
18648,510882,123,1,3464.0,0.0
18649,510883,137,1,261.0,0.0
18650,510884,125,1,1364.0,0.0
18651,510885,134,3,209.0,94.05
18652,510886,131,2,314.0,0.0
18653,510887,107,1,1259.0,188.85
18654,510888,120,2,734.0,0.0
18655,510889,135,1,1574.0,0.0
18656,510890,104,1,5249.0,0.0
18657,510890,117,1,3149.0,0.0
18658,510891,103,1,2624.0,0.0
18659,510892,105,2,2414.0,0.0
18660,510893,131,1,314.0,0.0
18661,510893,111,1,524.0,0.0
18662,510894,128,1,1049.0,0.0
18663,510895,107,1,1259.0,0.0
18664,510895,112,1,1574.0,0.0
18665,510896,147,1,1364.0,0.0
18666,510897,139,3,366.0,0.0
18667,510897,127,1,681.0,0.0
18668,510898,140,2,629.0,0.0
18669,510899,138,1,419.0,0.0
18670,510899,135,2,1574.0,0.0
18671,510900,123,1,3464.0,519.6
18672,510901,144,2,3149.0,0.0
18673,510902,113,1,1364.0,204.6
18674,510903,133,2,419.0,41.9
18675,510903,101,1,2099.0,104.95
18676,510904,117,1,3149.0,0.0
18677,510905,134,1,209.0,0.0
18678,510906,109,1,4199.0,629.85
18679,510907,123,1,3464.0,0.0
18680,510908,113,1,1364.0,0.0
18681,510908,126,2,471.0,0.0
18682,510909,107,1,1259.0,0.0
18683,510909,122,1,1994.0,0.0
18684,510909,140,1,629.0,0.0
18685,510910,123,1,3464.0,0.0
18686,510911,104,1,5249.0,787.35
18687,510912,117,1,3149.0,0.0
18688,510912,122,1,1994.0,0.0
18689,510913,118,1,944.0,47.2
18690,510913,111,1,524.0,26.2
18691,510914,107,1,1259.0,188.85
18692,510915,117,1,3149.0,157.45
18693,510916,114,2,1259.0,0.0
18694,510917,141,1,261.0,0.0
18695,510918,143,2,839.0,0.0
18696,510919,125,1,1364.0,0.0
18697,510919,123,1,3464.0,0.0
18698,510919,122,1,1994.0,0.0
18699,510920,131,1,314.0,47.1
18700,510921,135,1,1574.0,236.1
18701,510922,103,1,2624.0,0.0
18702,510923,133,1,419.0,62.85
18703,510924,103,1,2624.0,0.0
18704,510925,137,1,261.0,0.0
18705,510926,130,1,734.0,110.1
18706,510927,116,1,2624.0,0.0
18707,510927,113,1,1364.0,0.0
18708,510928,119,1,2309.0,0.0
18709,510929,118,1,944.0,0.0
18710,510929,146,1,4724.0,0.0
18711,510930,113,3,1364.0,613.8
18712,510930,112,1,1574.0,236.1
18713,510931,126,1,471.0,70.65
18714,510931,112,1,1574.0,236.1
18715,510932,107,1,1259.0,62.95
18716,510933,137,1,261.0,39.15
18717,510934,130,1,734.0,0.0
18718,510935,120,1,734.0,0.0
18719,510936,117,1,3149.0,0.0
18720,510937,101,1,2099.0,0.0
18721,510938,104,1,5249.0,0.0
18722,510938,127,1,681.0,0.0
18723,510939,133,1,419.0,62.85
18724,510939,145,1,629.0,94.35
18725,510939,138,1,419.0,62.85
18726,510940,118,1,944.0,47.2
18727,510940,111,1,524.0,26.2
18728,510941,124,1,1154.0,0.0
18729,510941,143,1,839.0,0.0
18730,510941,138,1,419.0,0.0
18731,510942,138,1,419.0,0.0
18732,510942,124,1,1154.0,0.0
18733,510943,138,1,419.0,0.0
18734,510944,138,1,419.0,0.0
18735,510945,127,2,681.0,0.0
18736,510945,105,2,2414.0,0.0
18737,510946,107,1,1259.0,0.0
18738,510947,119,1,2309.0,0.0
18739,510948,105,1,2414.0,362.1
18740,510948,143,2,839.0,251.7
18741,510948,132,2,471.0,141.3
18742,510948,104,1,5249.0,787.35
18743,510949,123,1,3464.0,0.0
18744,510949,119,2,2309.0,0.0
18745,510950,133,3,419.0,188.55
18746,510951,108,1,419.0,0.0
18747,510952,114,1,1259.0,188.85
18748,510952,117,1,3149.0,472.35
18749,510953,117,3,3149.0,0.0
18750,510954,113,1,1364.0,0.0
18751,510954,125,2,1364.0,0.0
18752,510955,104,1,5249.0,262.45
18753,510955,122,1,1994.0,99.7
18754,510956,131,1,314.0,0.0
18755,510957,135,2,1574.0,0.0
18756,510958,114,3,1259.0,0.0
18757,510959,130,1,734.0,110.1
18758,510959,105,1,2414.0,362.1
18759,510960,111,1,524.0,0.0
18760,510961,111,3,524.0,0.0
18761,510961,116,2,2624.0,0.0
18762,510962,107,1,1259.0,0.0
18763,510963,111,1,524.0,0.0
18764,510963,124,1,1154.0,0.0
18765,510963,117,1,3149.0,0.0
18766,510964,104,1,5249.0,0.0
18767,510964,137,1,261.0,0.0
18768,510965,105,1,2414.0,362.1
18769,510966,122,3,1994.0,0.0
18770,510966,139,1,366.0,0.0
18771,510967,141,1,261.0,0.0
18772,510967,112,1,1574.0,0.0
18773,510968,115,1,4199.0,629.85
18774,510969,137,1,261.0,13.05
18775,510970,107,1,1259.0,0.0
18776,510970,106,1,1574.0,0.0
18777,510971,112,3,1574.0,0.0
18778,510972,148,1,734.0,0.0
18779,510972,124,1,1154.0,0.0
18780,510972,127,2,681.0,0.0
18781,510973,108,1,419.0,0.0
18782,510974,102,1,3674.0,0.0
18783,510975,126,1,471.0,70.65
18784,510976,141,1,261.0,0.0
18785,510976,113,1,1364.0,0.0
18786,510977,126,2,471.0,0.0
18787,510978,118,1,944.0,47.2
18788,510979,101,1,2099.0,0.0
18789,510980,113,1,1364.0,0.0
18790,510980,137,2,261.0,0.0
18791,510981,142,1,839.0,0.0
18792,510982,138,1,419.0,0.0
18793,510982,107,1,1259.0,0.0
18794,510983,117,1,3149.0,0.0
18795,510984,112,1,1574.0,0.0
18796,510984,103,1,2624.0,0.0
18797,510984,133,1,419.0,0.0
18798,510984,126,1,471.0,0.0
18799,510985,110,1,839.0,0.0
18800,510986,133,1,419.0,0.0
18801,510986,116,1,2624.0,0.0
18802,510987,106,1,1574.0,0.0
18803,510987,124,1,1154.0,0.0
18804,510988,109,1,4199.0,0.0
18805,510988,125,3,1364.0,0.0
18806,510989,117,1,3149.0,157.45
18807,510990,120,1,734.0,0.0
18808,510990,110,1,839.0,0.0
18809,510990,128,2,1049.0,0.0
18810,510991,133,1,419.0,62.85
18811,510991,138,1,419.0,62.85
18812,510992,120,1,734.0,0.0
18813,510993,138,1,419.0,62.85
18814,510994,102,1,3674.0,0.0
18815,510994,133,1,419.0,0.0
18816,510995,123,1,3464.0,0.0
18817,510996,114,1,1259.0,0.0
18818,510997,111,1,524.0,0.0
18819,510997,130,2,734.0,0.0
18820,510998,103,1,2624.0,131.2
18821,510998,135,1,1574.0,78.7
18822,510999,127,1,681.0,0.0
18823,510999,112,1,1574.0,0.0
18824,510999,106,1,1574.0,0.0
18825,511000,108,1,419.0,0.0
18826,511000,124,1,1154.0,0.0
18827,511001,107,1,1259.0,0.0
18828,511001,111,1,524.0,0.0
18829,511002,116,1,2624.0,131.2
18830,511002,113,1,1364.0,68.2
18831,511003,110,1,839.0,0.0
18832,511004,107,2,1259.0,377.7
18833,511005,119,2,2309.0,0.0
18834,511005,116,1,2624.0,0.0
18835,511006,127,1,681.0,102.15
18836,511006,108,1,419.0,62.85
18837,511007,116,1,2624.0,0.0
18838,511007,126,1,471.0,0.0
18839,511007,123,2,3464.0,0.0
18840,511008,124,1,1154.0,0.0
18841,511008,121,1,2939.0,0.0
18842,511009,113,1,1364.0,0.0
18843,511010,102,1,3674.0,551.1
18844,511010,107,1,1259.0,188.85
18845,511011,111,1,524.0,0.0
18846,511011,140,1,629.0,0.0
18847,511012,111,1,524.0,0.0
18848,511012,125,1,1364.0,0.0
18849,511013,146,1,4724.0,0.0
18850,511013,107,1,1259.0,0.0
18851,511014,109,1,4199.0,0.0
18852,511015,144,2,3149.0,0.0
18853,511016,117,1,3149.0,472.35
18854,511017,117,1,3149.0,0.0
18855,511018,147,1,1364.0,68.2
18856,511018,141,1,261.0,13.05
18857,511019,109,1,4199.0,629.85
18858,511020,137,1,261.0,0.0
18859,511021,112,2,1574.0,472.2
18860,511022,136,1,944.0,0.0
18861,511022,141,3,261.0,0.0
18862,511023,105,1,2414.0,362.1
18863,511023,137,3,261.0,117.45
18864,511023,103,1,2624.0,393.6
18865,511024,120,1,734.0,0.0
18866,511025,111,1,524.0,0.0
18867,511026,138,1,419.0,0.0
18868,511026,127,1,681.0,0.0
18869,511027,138,1,419.0,0.0
18870,511027,120,1,734.0,0.0
18871,511028,125,1,1364.0,204.6
18872,511029,127,1,681.0,0.0
18873,511029,112,1,1574.0,0.0
18874,511029,118,1,944.0,0.0
18875,511030,111,1,524.0,0.0
18876,511031,113,2,1364.0,409.2
18877,511032,113,3,1364.0,0.0
18878,511032,124,1,1154.0,0.0
18879,511033,109,1,4199.0,0.0
18880,511034,118,2,944.0,0.0
18881,511035,113,2,1364.0,409.2
18882,511036,147,1,1364.0,0.0
18883,511036,130,1,734.0,0.0
18884,511036,108,1,419.0,0.0
18885,511036,132,1,471.0,0.0
18886,511037,106,1,1574.0,0.0
18887,511037,137,1,261.0,0.0
18888,511038,123,1,3464.0,0.0
18889,511038,120,1,734.0,0.0
18890,511039,116,1,2624.0,0.0
18891,511040,147,1,1364.0,68.2
18892,511041,138,3,419.0,0.0
18893,511041,108,1,419.0,0.0
18894,511042,115,2,4199.0,1259.7
18895,511043,118,1,944.0,0.0
18896,511044,118,1,944.0,0.0
18897,511045,111,3,524.0,235.8
18898,511045,118,1,944.0,141.6
18899,511046,135,2,1574.0,472.2
18900,511046,102,3,3674.0,1653.3
18901,511047,134,1,209.0,31.35
18902,511047,104,1,5249.0,787.35
18903,511048,133,1,419.0,0.0
18904,511048,103,2,2624.0,0.0
18905,511049,108,1,419.0,62.85
18906,511049,136,1,944.0,141.6
18907,511050,139,1,366.0,0.0
18908,511050,124,1,1154.0,0.0
18909,511051,111,2,524.0,0.0
18910,511052,115,2,4199.0,0.0
18911,511052,137,1,261.0,0.0
18912,511053,117,1,3149.0,472.35
18913,511053,104,2,5249.0,1574.7
18914,511053,142,1,839.0,125.85
18915,511054,126,1,471.0,0.0
18916,511055,104,1,5249.0,787.35
18917,511056,116,1,2624.0,0.0
18918,511057,117,1,3149.0,0.0
18919,511058,118,2,944.0,0.0
18920,511058,137,1,261.0,0.0
18921,511059,131,2,314.0,0.0
18922,511059,141,1,261.0,0.0
18923,511060,106,1,1574.0,0.0
18924,511061,119,1,2309.0,0.0
18925,511062,128,1,1049.0,0.0
18926,511063,115,1,4199.0,0.0
18927,511063,135,1,1574.0,0.0
18928,511064,107,1,1259.0,0.0
18929,511065,117,1,3149.0,0.0
18930,511065,103,1,2624.0,0.0
18931,511065,126,1,471.0,0.0
18932,511066,121,1,2939.0,0.0
18933,511067,111,1,524.0,0.0
18934,511067,125,1,1364.0,0.0
18935,511068,112,1,1574.0,0.0
18936,511068,102,1,3674.0,0.0
18937,511068,120,1,734.0,0.0
18938,511068,138,1,419.0,0.0
18939,511069,109,1,4199.0,629.85
18940,511069,107,1,1259.0,188.85
18941,511070,135,2,1574.0,472.2
18942,511071,113,1,1364.0,68.2
18943,511071,142,1,839.0,41.95
18944,511072,118,1,944.0,0.0
18945,511073,114,1,1259.0,188.85
18946,511074,105,1,2414.0,0.0
18947,511075,134,1,209.0,31.35
18948,511076,131,2,314.0,94.2
18949,511077,124,2,1154.0,0.0
18950,511077,104,2,5249.0,0.0
18951,511078,136,1,944.0,0.0
18952,511078,113,1,1364.0,0.0
18953,511079,120,1,734.0,110.1
18954,511080,114,2,1259.0,0.0
18955,511080,137,1,261.0,0.0
18956,511081,106,1,1574.0,236.1
18957,511082,148,1,734.0,36.7
18958,511083,130,1,734.0,0.0
18959,511083,138,1,419.0,0.0
18960,511083,127,2,681.0,0.0
18961,511084,120,1,734.0,36.7
18962,511085,115,1,4199.0,629.85
18963,511086,120,1,734.0,110.1
18964,511087,137,1,261.0,39.15
18965,511088,132,1,471.0,0.0
18966,511088,146,1,4724.0,0.0
18967,511088,126,1,471.0,0.0
18968,511088,117,1,3149.0,0.0
18969,511089,109,1,4199.0,0.0
18970,511089,124,1,1154.0,0.0
18971,511090,107,2,1259.0,125.9
18972,511091,131,1,314.0,0.0
18973,511091,130,1,734.0,0.0
18974,511092,117,1,3149.0,0.0
18975,511092,137,1,261.0,0.0
18976,511093,107,1,1259.0,188.85
18977,511094,112,2,1574.0,0.0
18978,511095,105,1,2414.0,362.1
18979,511095,126,1,471.0,70.65
18980,511096,103,1,2624.0,393.6
18981,511097,116,1,2624.0,0.0
18982,511097,120,1,734.0,0.0
18983,511098,129,1,576.0,86.4
18984,511099,137,1,261.0,39.15
18985,511099,120,1,734.0,110.1
18986,511100,135,1,1574.0,236.1
18987,511100,108,2,419.0,125.7
18988,511101,106,2,1574.0,0.0
18989,511102,116,1,2624.0,0.0
18990,511102,111,1,524.0,0.0
18991,511103,123,1,3464.0,0.0
18992,511103,113,1,1364.0,0.0
18993,511103,144,1,3149.0,0.0
18994,511104,103,1,2624.0,0.0
18995,511105,120,1,734.0,0.0
18996,511105,122,1,1994.0,0.0
18997,511106,134,1,209.0,0.0
18998,511106,101,1,2099.0,0.0
18999,511107,117,1,3149.0,0.0
19000,511108,116,1,2624.0,0.0
19001,511109,110,1,839.0,125.85
19002,511109,111,1,524.0,78.6
19003,511109,117,1,3149.0,472.35
19004,511110,125,1,1364.0,204.6
19005,511111,110,1,839.0,0.0
19006,511111,116,1,2624.0,0.0
19007,511112,147,1,1364.0,0.0
19008,511113,124,1,1154.0,173.1
19009,511113,139,2,366.0,109.8
19010,511113,125,1,1364.0,204.6
19011,511114,118,2,944.0,0.0
19012,511115,137,1,261.0,0.0
19013,511115,115,1,4199.0,0.0
19014,511116,112,2,1574.0,472.2
19015,511117,108,1,419.0,0.0
19016,511118,140,1,629.0,0.0
19017,511119,118,3,944.0,0.0
19018,511120,111,1,524.0,0.0
19019,511121,109,1,4199.0,629.85
19020,511121,121,1,2939.0,440.85
19021,511122,121,1,2939.0,440.85
19022,511122,135,1,1574.0,236.1
19023,511123,144,1,3149.0,0.0
19024,511123,137,1,261.0,0.0
19025,511124,113,1,1364.0,0.0
19026,511125,143,2,839.0,251.7
19027,511125,107,1,1259.0,188.85
19028,511126,117,1,3149.0,0.0
19029,511127,114,1,1259.0,0.0
19030,511127,126,1,471.0,0.0
19031,511128,105,1,2414.0,362.1
19032,511128,148,1,734.0,110.1
19033,511128,117,1,3149.0,472.35
19034,511129,111,1,524.0,0.0
19035,511129,117,1,3149.0,0.0
19036,511129,109,1,4199.0,0.0
19037,511129,108,1,419.0,0.0
19038,511130,131,1,314.0,0.0
19039,511131,145,2,629.0,0.0
19040,511131,135,1,1574.0,0.0
19041,511132,103,1,2624.0,393.6
19042,511133,114,1,1259.0,0.0
19043,511134,128,1,1049.0,52.45
19044,511135,137,3,261.0,0.0
19045,511136,144,1,3149.0,0.0
19046,511137,101,2,2099.0,0.0
19047,511138,128,1,1049.0,157.35
19048,511139,115,1,4199.0,629.85
19049,511140,114,1,1259.0,0.0
19050,511140,142,1,839.0,0.0
19051,511141,120,1,734.0,0.0
19052,511141,114,1,1259.0,0.0
19053,511142,102,1,3674.0,0.0
19054,511142,108,1,419.0,0.0
19055,511143,118,1,944.0,0.0
19056,511143,121,1,2939.0,0.0
19057,511143,113,1,1364.0,0.0
19058,511143,103,2,2624.0,0.0
19059,511144,102,2,3674.0,0.0
19060,511144,101,1,2099.0,0.0
19061,511145,123,1,3464.0,173.2
19062,511146,138,1,419.0,62.85
19063,511146,114,1,1259.0,188.85
19064,511147,126,1,471.0,0.0
19065,511147,103,1,2624.0,0.0
19066,511147,132,1,471.0,0.0
19067,511148,102,1,3674.0,551.1
19068,511148,134,3,209.0,94.05
19069,511149,108,1,419.0,62.85
19070,511150,124,1,1154.0,173.1
19071,511150,101,1,2099.0,314.85
19072,511150,121,1,2939.0,440.85
19073,511151,148,1,734.0,110.1
19074,511151,118,1,944.0,141.6
19075,511151,116,1,2624.0,393.6
19076,511151,140,1,629.0,94.35
19077,511152,110,1,839.0,0.0
19078,511153,107,2,1259.0,0.0
19079,511154,138,2,419.0,0.0
19080,511155,131,3,314.0,141.3
19081,511156,140,1,629.0,94.35
19082,511156,115,1,4199.0,629.85
19083,511157,101,1,2099.0,104.95
19084,511158,140,1,629.0,94.35
19085,511159,135,1,1574.0,0.0
19086,511160,136,1,944.0,141.6
19087,511161,135,1,1574.0,0.0
19088,511161,120,1,734.0,0.0
19089,511161,115,1,4199.0,0.0
19090,511161,139,1,366.0,0.0
19091,511162,137,1,261.0,13.05
19092,511163,104,1,5249.0,787.35
19093,511164,118,3,944.0,0.0
19094,511165,131,1,314.0,0.0
19095,511166,101,1,2099.0,0.0
19096,511167,124,2,1154.0,115.4
19097,511167,116,3,2624.0,393.6
19098,511167,112,2,1574.0,157.4
19099,511168,145,1,629.0,94.35
19100,511169,101,1,2099.0,0.0
19101,511170,106,2,1574.0,472.2
19102,511170,135,1,1574.0,236.1
19103,511171,132,2,471.0,0.0
19104,511171,101,1,2099.0,0.0
19105,511171,117,1,3149.0,0.0
19106,511171,126,2,471.0,0.0
19107,511172,111,1,524.0,78.6
19108,511172,129,1,576.0,86.4
19109,511172,119,1,2309.0,346.35
19110,511173,113,1,1364.0,0.0
19111,511174,118,1,944.0,141.6
19112,511174,138,3,419.0,188.55
19113,511175,136,2,944.0,0.0
19114,511175,137,1,261.0,0.0
19115,511176,145,2,629.0,0.0
19116,511177,103,1,2624.0,0.0
19117,511177,145,1,629.0,0.0
19118,511178,126,1,471.0,0.0
19119,511178,121,2,2939.0,0.0
19120,511178,113,1,1364.0,0.0
19121,511178,120,1,734.0,0.0
19122,511179,146,1,4724.0,0.0
19123,511180,107,2,1259.0,0.0
19124,511180,117,2,3149.0,0.0
19125,511181,111,1,524.0,0.0
19126,511182,101,2,2099.0,629.7
19127,511183,115,2,4199.0,0.0
19128,511184,148,1,734.0,0.0
19129,511184,116,1,2624.0,0.0
19130,511185,107,1,1259.0,0.0
19131,511185,116,1,2624.0,0.0
19132,511186,115,2,4199.0,0.0
19133,511187,126,1,471.0,0.0
19134,511188,127,1,681.0,0.0
19135,511188,120,1,734.0,0.0
19136,511189,146,1,4724.0,708.6
19137,511189,132,1,471.0,70.65
19138,511189,133,1,419.0,62.85
19139,511190,116,1,2624.0,0.0
19140,511190,111,1,524.0,0.0
19141,511191,111,1,524.0,0.0
19142,511191,112,1,1574.0,0.0
19143,511192,136,1,944.0,0.0
19144,511192,118,2,944.0,0.0
19145,511193,111,2,524.0,0.0
19146,511194,133,1,419.0,0.0
19147,511195,142,2,839.0,83.9
19148,511195,129,1,576.0,28.8
19149,511195,126,1,471.0,23.55
19150,511196,148,1,734.0,0.0
19151,511197,117,1,3149.0,0.0
19152,511197,122,2,1994.0,0.0
19153,511198,123,1,3464.0,0.0
19154,511198,112,1,1574.0,0.0
19155,511199,106,1,1574.0,236.1
19156,511200,135,1,1574.0,236.1
19157,511200,123,1,3464.0,519.6
19158,511200,108,1,419.0,62.85
19159,511201,129,1,576.0,0.0
19160,511201,126,2,471.0,0.0
19161,511201,114,1,1259.0,0.0
19162,511202,123,1,3464.0,0.0
19163,511203,135,3,1574.0,0.0
19164,511203,123,1,3464.0,0.0
19165,511204,111,1,524.0,78.6
19166,511204,107,1,1259.0,188.85
19167,511204,139,1,366.0,54.9
19168,511205,133,1,419.0,20.95
19169,511206,114,1,1259.0,0.0
19170,511207,123,1,3464.0,0.0
19171,511207,133,1,419.0,0.0
19172,511207,127,2,681.0,0.0
19173,511207,103,1,2624.0,0.0
19174,511208,113,1,1364.0,68.2
19175,511208,137,1,261.0,13.05
19176,511209,145,1,629.0,0.0
19177,511210,125,1,1364.0,0.0
19178,511211,130,1,734.0,0.0
19179,511211,114,1,1259.0,0.0
19180,511212,127,3,681.0,102.15
19181,511213,118,1,944.0,0.0
19182,511213,138,1,419.0,0.0
19183,511214,128,1,1049.0,52.45
19184,511215,111,1,524.0,0.0
19185,511215,132,1,471.0,0.0
19186,511216,107,1,1259.0,0.0
19187,511216,118,1,944.0,0.0
19188,511217,137,2,261.0,78.3
19189,511218,104,1,5249.0,0.0
19190,511219,110,1,839.0,0.0
19191,511220,111,3,524.0,0.0
19192,511221,114,2,1259.0,377.7
19193,511222,107,1,1259.0,0.0
19194,511223,140,1,629.0,94.35
19195,511224,111,1,524.0,0.0
19196,511225,101,2,2099.0,0.0
19197,511226,105,2,2414.0,0.0
19198,511227,117,1,3149.0,0.0
19199,511228,118,1,944.0,141.6
19200,511228,145,1,629.0,94.35
19201,511229,136,1,944.0,0.0
19202,511230,136,1,944.0,0.0
19203,511231,142,1,839.0,0.0
19204,511231,138,1,419.0,0.0
19205,511232,121,1,2939.0,440.85
19206,511232,123,1,3464.0,519.6
19207,511233,123,3,3464.0,0.0
19208,511233,122,1,1994.0,0.0
19209,511234,129,1,576.0,86.4
19210,511234,123,1,3464.0,519.6
19211,511235,132,1,471.0,0.0
19212,511235,148,1,734.0,0.0
19213,511236,142,1,839.0,0.0
19214,511236,115,1,4199.0,0.0
19215,511237,109,1,4199.0,209.95
19216,511237,130,1,734.0,36.7
19217,511237,133,1,419.0,20.95
19218,511238,139,1,366.0,0.0
19219,511239,118,1,944.0,0.0
19220,511240,124,1,1154.0,0.0
19221,511241,144,1,3149.0,0.0
19222,511242,130,1,734.0,110.1
19223,511243,130,1,734.0,0.0
19224,511243,142,2,839.0,0.0
19225,511244,102,2,3674.0,0.0
19226,511245,111,1,524.0,0.0
19227,511246,117,1,3149.0,472.35
19228,511247,132,1,471.0,70.65
19229,511248,131,1,314.0,0.0
19230,511249,103,1,2624.0,393.6
19231,511249,110,1,839.0,125.85
19232,511250,120,1,734.0,0.0
19233,511251,104,1,5249.0,0.0
19234,511252,122,2,1994.0,0.0
19235,511252,116,1,2624.0,0.0
19236,511252,109,1,4199.0,0.0
19237,511253,110,1,839.0,0.0
19238,511253,131,1,314.0,0.0
19239,511254,113,1,1364.0,0.0
19240,511255,112,1,1574.0,0.0
19241,511256,142,2,839.0,0.0
19242,511257,140,1,629.0,0.0
19243,511257,107,1,1259.0,0.0
19244,511258,120,1,734.0,0.0
19245,511258,135,3,1574.0,0.0
19246,511258,109,2,4199.0,0.0
19247,511258,124,1,1154.0,0.0
19248,511259,113,1,1364.0,0.0
19249,511259,124,2,1154.0,0.0
19250,511260,117,1,3149.0,472.35
19251,511260,114,1,1259.0,188.85
19252,511261,117,1,3149.0,472.35
19253,511261,125,1,1364.0,204.6
19254,511262,139,1,366.0,54.9
19255,511262,132,1,471.0,70.65
19256,511262,117,1,3149.0,472.35
19257,511262,111,2,524.0,157.2
19258,511263,114,1,1259.0,188.85
19259,511263,121,1,2939.0,440.85
19260,511264,144,2,3149.0,944.7
19261,511265,109,1,4199.0,629.85
19262,511265,117,1,3149.0,472.35
19263,511265,103,1,2624.0,393.6
19264,511266,116,1,2624.0,0.0
19265,511266,134,1,209.0,0.0
19266,511267,114,1,1259.0,188.85
19267,511267,123,3,3464.0,1558.8
19268,511268,102,1,3674.0,551.1
19269,511269,120,1,734.0,0.0
19270,511270,109,1,4199.0,629.85
19271,511270,117,1,3149.0,472.35
19272,511270,141,2,261.0,78.3
19273,511271,130,1,734.0,36.7
19274,511271,135,1,1574.0,78.7
19275,511271,119,1,2309.0,115.45
19276,511271,113,1,1364.0,68.2
19277,511272,121,1,2939.0,0.0
19278,511272,117,1,3149.0,0.0
19279,511273,113,1,1364.0,0.0
19280,511274,122,1,1994.0,0.0
19281,511274,111,1,524.0,0.0
19282,511275,133,1,419.0,62.85
19283,511275,122,3,1994.0,897.3
19284,511276,107,1,1259.0,188.85
19285,511277,135,1,1574.0,0.0
19286,511277,132,1,471.0,0.0
19287,511278,127,1,681.0,102.15
19288,511279,116,1,2624.0,393.6
19289,511279,106,1,1574.0,236.1
19290,511279,113,1,1364.0,204.6
19291,511280,108,2,419.0,0.0
19292,511281,102,1,3674.0,551.1
19293,511282,144,1,3149.0,0.0
19294,511282,108,1,419.0,0.0
19295,511283,121,1,2939.0,0.0
19296,511284,128,1,1049.0,0.0
19297,511284,134,1,209.0,0.0
19298,511284,102,1,3674.0,0.0
19299,511285,130,1,734.0,0.0
19300,511286,114,1,1259.0,0.0
19301,511286,103,2,2624.0,0.0
19302,511286,116,1,2624.0,0.0
19303,511287,118,1,944.0,0.0
19304,511288,107,1,1259.0,0.0
19305,511289,109,1,4199.0,0.0
19306,511289,111,1,524.0,0.0
19307,511289,118,1,944.0,0.0
19308,511290,124,1,1154.0,0.0
19309,511291,118,1,944.0,0.0
19310,511291,122,1,1994.0,0.0
19311,511292,132,1,471.0,23.55
19312,511292,115,1,4199.0,209.95
19313,511293,103,2,2624.0,0.0
19314,511293,112,1,1574.0,0.0
19315,511294,118,2,944.0,0.0
19316,511295,118,1,944.0,0.0
19317,511296,113,1,1364.0,204.6
19318,511297,117,1,3149.0,0.0
19319,511297,121,1,2939.0,0.0
19320,511297,102,1,3674.0,0.0
19321,511297,125,2,1364.0,0.0
19322,511298,118,1,944.0,141.6
19323,511298,124,1,1154.0,173.1
19324,511299,117,1,3149.0,0.0
19325,511299,108,1,419.0,0.0
19326,511299,146,1,4724.0,0.0
19327,511300,133,1,419.0,0.0
19328,511301,109,2,4199.0,1259.7
19329,511301,137,2,261.0,78.3
19330,511301,111,1,524.0,78.6
19331,511301,102,1,3674.0,551.1
19332,511302,113,2,1364.0,0.0
19333,511303,109,1,4199.0,0.0
19334,511304,141,1,261.0,0.0
19335,511304,128,1,1049.0,0.0
19336,511305,102,3,3674.0,1653.3
19337,511306,139,2,366.0,0.0
19338,511306,115,1,4199.0,0.0
19339,511306,127,1,681.0,0.0
19340,511307,103,1,2624.0,393.6
19341,511308,136,1,944.0,0.0
19342,511308,117,1,3149.0,0.0
19343,511308,104,1,5249.0,0.0
19344,511309,107,2,1259.0,0.0
19345,511310,115,1,4199.0,0.0
19346,511311,134,1,209.0,0.0
19347,511311,114,1,1259.0,0.0
19348,511311,132,1,471.0,0.0
19349,511312,128,2,1049.0,0.0
19350,511312,130,1,734.0,0.0
19351,511312,111,3,524.0,0.0
19352,511313,113,1,1364.0,0.0
19353,511313,103,2,2624.0,0.0
19354,511313,107,2,1259.0,0.0
19355,511314,137,1,261.0,0.0
19356,511315,126,1,471.0,0.0
19357,511315,130,1,734.0,0.0
19358,511316,124,1,1154.0,173.1
19359,511317,102,1,3674.0,0.0
19360,511318,133,1,419.0,0.0
19361,511319,147,1,1364.0,0.0
19362,511319,111,2,524.0,0.0
19363,511319,142,1,839.0,0.0
19364,511319,114,1,1259.0,0.0
19365,511320,103,1,2624.0,131.2
19366,511320,117,1,3149.0,157.45
19367,511321,105,2,2414.0,0.0
19368,511322,102,1,3674.0,0.0
19369,511323,130,1,734.0,0.0
19370,511324,111,1,524.0,0.0
19371,511324,132,1,471.0,0.0
19372,511324,136,1,944.0,0.0
19373,511325,131,1,314.0,0.0
19374,511326,104,1,5249.0,0.0
19375,511327,111,1,524.0,78.6
19376,511327,126,3,471.0,211.95
19377,511327,108,2,419.0,125.7
19378,511328,113,1,1364.0,0.0
19379,511329,108,3,419.0,0.0
19380,511329,102,1,3674.0,0.0
19381,511330,108,2,419.0,0.0
19382,511331,119,1,2309.0,0.0
19383,511332,112,1,1574.0,236.1
19384,511333,122,1,1994.0,299.1
19385,511333,129,1,576.0,86.4
19386,511334,111,1,524.0,0.0
19387,511335,141,1,261.0,0.0
19388,511335,110,1,839.0,0.0
19389,511336,118,1,944.0,0.0
19390,511337,131,1,314.0,0.0
19391,511338,112,2,1574.0,472.2
19392,511339,137,1,261.0,0.0
19393,511339,102,1,3674.0,0.0
19394,511340,135,1,1574.0,78.7
19395,511341,113,2,1364.0,136.4
19396,511342,112,2,1574.0,472.2
19397,511343,144,1,3149.0,0.0
19398,511344,132,1,471.0,0.0
19399,511345,145,2,629.0,0.0
19400,511346,114,1,1259.0,0.0
19401,511347,128,1,1049.0,157.35
19402,511347,108,1,419.0,62.85
19403,511348,128,1,1049.0,0.0
19404,511348,141,1,261.0,0.0
19405,511349,111,2,524.0,0.0
19406,511349,126,2,471.0,0.0
19407,511350,105,1,2414.0,0.0
19408,511351,110,1,839.0,0.0
19409,511352,137,1,261.0,0.0
19410,511353,145,1,629.0,0.0
19411,511353,135,1,1574.0,0.0
19412,511354,130,1,734.0,0.0
19413,511355,121,1,2939.0,0.0
19414,511355,107,1,1259.0,0.0
19415,511355,122,1,1994.0,0.0
19416,511356,137,2,261.0,0.0
19417,511356,107,1,1259.0,0.0
19418,511357,112,1,1574.0,0.0
19419,511357,144,1,3149.0,0.0
19420,511358,130,1,734.0,0.0
19421,511358,116,1,2624.0,0.0
19422,511359,102,1,3674.0,0.0
19423,511360,134,1,209.0,0.0
19424,511361,113,1,1364.0,204.6
19425,511361,143,1,839.0,125.85
19426,511361,137,1,261.0,39.15
19427,511362,136,1,944.0,0.0
19428,511362,125,1,1364.0,0.0
19429,511363,122,1,1994.0,0.0
19430,511363,126,2,471.0,0.0
19431,511364,138,1,419.0,0.0
19432,511364,101,1,2099.0,0.0
19433,511365,126,2,471.0,0.0
19434,511365,136,1,944.0,0.0
19435,511366,134,1,209.0,0.0
19436,511367,114,1,1259.0,0.0
19437,511367,113,1,1364.0,0.0
19438,511368,129,2,576.0,172.8
19439,511369,108,1,419.0,0.0
19440,511370,127,1,681.0,0.0
19441,511370,128,1,1049.0,0.0
19442,511370,113,1,1364.0,0.0
19443,511370,140,1,629.0,0.0
19444,511371,115,1,4199.0,0.0
19445,511371,104,2,5249.0,0.0
19446,511372,112,1,1574.0,236.1
19447,511372,117,1,3149.0,472.35
19448,511373,142,1,839.0,0.0
19449,511374,115,1,4199.0,0.0
19450,511375,129,1,576.0,0.0
19451,511375,133,1,419.0,0.0
19452,511375,111,1,524.0,0.0
19453,511376,146,1,4724.0,708.6
19454,511377,117,1,3149.0,0.0
19455,511378,116,1,2624.0,0.0
19456,511379,120,2,734.0,0.0
19457,511380,117,1,3149.0,0.0
19458,511381,124,1,1154.0,0.0
19459,511382,101,2,2099.0,0.0
19460,511382,109,1,4199.0,0.0
19461,511383,148,1,734.0,110.1
19462,511384,102,1,3674.0,0.0
19463,511384,124,1,1154.0,0.0
19464,511385,103,2,2624.0,0.0
19465,511386,109,2,4199.0,0.0
19466,511387,132,1,471.0,0.0
19467,511387,130,1,734.0,0.0
19468,511388,127,1,681.0,0.0
19469,511388,125,1,1364.0,0.0
19470,511389,114,1,1259.0,0.0
19471,511390,108,1,419.0,62.85
19472,511390,123,1,3464.0,519.6
19473,511391,120,1,734.0,110.1
19474,511391,109,1,4199.0,629.85
19475,511392,148,1,734.0,0.0
19476,511393,147,1,1364.0,0.0
19477,511394,135,1,1574.0,0.0
19478,511395,128,1,1049.0,0.0
19479,511395,134,1,209.0,0.0
19480,511395,129,1,576.0,0.0
19481,511396,112,1,1574.0,236.1
19482,511397,130,1,734.0,0.0
19483,511397,118,1,944.0,0.0
19484,511397,124,1,1154.0,0.0
19485,511398,121,2,2939.0,881.7
19486,511398,127,1,681.0,102.15
19487,511399,104,1,5249.0,0.0
19488,511400,118,1,944.0,0.0
19489,511401,140,1,629.0,0.0
19490,511402,107,1,1259.0,0.0
19491,511403,102,1,3674.0,0.0
19492,511404,107,3,1259.0,566.55
19493,511404,113,1,1364.0,204.6
19494,511405,122,2,1994.0,0.0
19495,511405,106,1,1574.0,0.0
19496,511406,117,1,3149.0,0.0
19497,511407,119,1,2309.0,115.45
19498,511408,113,2,1364.0,409.2
19499,511408,124,2,1154.0,346.2
19500,511409,121,1,2939.0,0.0
19501,511410,146,1,4724.0,0.0
19502,511410,113,1,1364.0,0.0
19503,511410,106,1,1574.0,0.0
19504,511410,126,1,471.0,0.0
19505,511411,133,1,419.0,0.0
19506,511412,127,2,681.0,0.0
19507,511413,127,1,681.0,34.05
19508,511413,112,1,1574.0,78.7
19509,511413,113,1,1364.0,68.2
19510,511414,117,1,3149.0,0.0
19511,511415,111,1,524.0,78.6
19512,511415,108,1,419.0,62.85
19513,511416,140,1,629.0,0.0
19514,511416,135,1,1574.0,0.0
19515,511416,111,1,524.0,0.0
19516,511417,113,2,1364.0,0.0
19517,511418,147,1,1364.0,0.0
19518,511419,112,1,1574.0,0.0
19519,511420,129,1,576.0,0.0
19520,511421,117,2,3149.0,944.7
19521,511421,130,2,734.0,220.2
19522,511422,105,1,2414.0,362.1
19523,511423,143,1,839.0,0.0
19524,511423,112,1,1574.0,0.0
19525,511424,133,2,419.0,125.7
19526,511425,107,1,1259.0,188.85
19527,511426,124,1,1154.0,173.1
19528,511427,112,1,1574.0,236.1
19529,511428,102,1,3674.0,0.0
19530,511429,147,1,1364.0,204.6
19531,511430,101,2,2099.0,0.0
19532,511430,122,2,1994.0,0.0
19533,511431,126,2,471.0,0.0
19534,511431,112,1,1574.0,0.0
19535,511432,101,1,2099.0,314.85
19536,511433,145,2,629.0,62.9
19537,511433,115,2,4199.0,419.9
19538,511433,105,2,2414.0,241.4
19539,511433,114,1,1259.0,62.95
19540,511434,117,1,3149.0,472.35
19541,511434,115,1,4199.0,629.85
19542,511435,109,1,4199.0,209.95
19543,511436,122,1,1994.0,0.0
19544,511437,136,1,944.0,0.0
19545,511437,107,1,1259.0,0.0
19546,511438,139,1,366.0,0.0
19547,511438,127,1,681.0,0.0
19548,511438,117,1,3149.0,0.0
19549,511438,124,1,1154.0,0.0
19550,511439,134,1,209.0,0.0
19551,511440,135,1,1574.0,0.0
19552,511440,132,1,471.0,0.0
19553,511440,131,1,314.0,0.0
19554,511441,125,1,1364.0,0.0
19555,511442,127,1,681.0,0.0
19556,511442,109,1,4199.0,0.0
19557,511442,111,1,524.0,0.0
19558,511443,128,1,1049.0,0.0
19559,511444,136,1,944.0,141.6
19560,511445,135,1,1574.0,236.1
19561,511446,133,1,419.0,0.0
19562,511446,116,1,2624.0,0.0
19563,511446,148,1,734.0,0.0
19564,511447,129,1,576.0,0.0
19565,511447,107,1,1259.0,0.0
19566,511447,112,1,1574.0,0.0
19567,511447,146,1,4724.0,0.0
19568,511448,144,1,3149.0,0.0
19569,511449,135,1,1574.0,0.0
19570,511449,138,1,419.0,0.0
19571,511449,104,2,5249.0,0.0
19572,511449,102,2,3674.0,0.0
19573,511450,127,1,681.0,0.0
19574,511451,140,1,629.0,0.0
19575,511451,131,1,314.0,0.0
19576,511451,142,2,839.0,0.0
19577,511452,124,1,1154.0,173.1
19578,511453,148,1,734.0,0.0
19579,511453,144,1,3149.0,0.0
19580,511453,118,1,944.0,0.0
19581,511454,107,2,1259.0,0.0
19582,511454,134,1,209.0,0.0
19583,511454,109,1,4199.0,0.0
19584,511455,108,1,419.0,0.0
19585,511455,132,1,471.0,0.0
19586,511456,130,1,734.0,0.0
19587,511456,116,3,2624.0,0.0
19588,511457,125,1,1364.0,204.6
19589,511457,123,1,3464.0,519.6
19590,511458,118,1,944.0,0.0
19591,511459,111,1,524.0,0.0
19592,511459,122,1,1994.0,0.0
19593,511459,128,1,1049.0,0.0
19594,511460,109,1,4199.0,629.85
19595,511461,108,1,419.0,62.85
19596,511461,117,1,3149.0,472.35
19597,511462,134,1,209.0,0.0
19598,511463,119,1,2309.0,0.0
19599,511464,110,2,839.0,0.0
19600,511465,134,1,209.0,31.35
19601,511466,137,1,261.0,13.05
19602,511467,105,1,2414.0,0.0
19603,511468,122,1,1994.0,0.0
19604,511469,109,1,4199.0,0.0
19605,511469,131,1,314.0,0.0
19606,511470,133,2,419.0,0.0
19607,511471,140,1,629.0,0.0
19608,511472,113,1,1364.0,0.0
19609,511473,111,1,524.0,0.0
19610,511473,112,1,1574.0,0.0
19611,511474,112,1,1574.0,0.0
19612,511475,143,1,839.0,0.0
19613,511476,107,1,1259.0,0.0
19614,511477,116,3,2624.0,1180.8
19615,511478,101,1,2099.0,0.0
19616,511478,125,1,1364.0,0.0
19617,511479,131,2,314.0,0.0
19618,511480,133,2,419.0,41.9
19619,511480,113,1,1364.0,68.2
19620,511481,124,1,1154.0,173.1
19621,511481,116,1,2624.0,393.6
19622,511482,118,2,944.0,283.2
19623,511482,144,1,3149.0,472.35
19624,511482,114,3,1259.0,566.55
19625,511482,103,1,2624.0,393.6
19626,511483,108,1,419.0,62.85
19627,511483,111,1,524.0,78.6
19628,511484,135,1,1574.0,236.1
19629,511485,118,1,944.0,0.0
19630,511485,126,1,471.0,0.0
19631,511486,113,2,1364.0,0.0
19632,511486,123,1,3464.0,0.0
19633,511486,104,1,5249.0,0.0
19634,511487,141,1,261.0,39.15
19635,511487,127,1,681.0,102.15
19636,511488,134,2,209.0,0.0
19637,511489,147,2,1364.0,409.2
19638,511489,121,1,2939.0,440.85
19639,511490,112,1,1574.0,0.0
19640,511490,128,2,1049.0,0.0
19641,511491,118,2,944.0,0.0
19642,511492,120,1,734.0,0.0
19643,511493,107,1,1259.0,0.0
19644,511493,118,2,944.0,0.0
19645,511494,120,1,734.0,0.0
19646,511494,125,1,1364.0,0.0
19647,511494,143,2,839.0,0.0
19648,511495,102,3,3674.0,0.0
19649,511496,103,1,2624.0,0.0
19650,511496,118,1,944.0,0.0
19651,511496,104,1,5249.0,0.0
19652,511497,140,1,629.0,0.0
19653,511498,124,1,1154.0,0.0
19654,511498,117,1,3149.0,0.0
19655,511499,111,1,524.0,78.6
19656,511499,118,1,944.0,141.6
19657,511499,115,1,4199.0,629.85
19658,511500,113,1,1364.0,0.0
19659,511500,135,1,1574.0,0.0
19660,511501,114,1,1259.0,188.85
19661,511501,132,1,471.0,70.65
19662,511502,117,1,3149.0,0.0
19663,511503,102,1,3674.0,551.1
19664,511504,119,1,2309.0,0.0
19665,511504,106,1,1574.0,0.0
19666,511505,118,2,944.0,283.2
19667,511506,145,1,629.0,0.0
19668,511506,120,2,734.0,0.0
19669,511507,103,1,2624.0,0.0
19670,511508,109,1,4199.0,0.0
19671,511509,127,1,681.0,0.0
19672,511510,104,1,5249.0,0.0
19673,511511,138,1,419.0,0.0
19674,511511,113,1,1364.0,0.0
19675,511511,142,1,839.0,0.0
19676,511512,144,3,3149.0,1417.05
19677,511512,106,1,1574.0,236.1
19678,511513,102,1,3674.0,0.0
19679,511514,131,1,314.0,0.0
19680,511515,102,1,3674.0,0.0
19681,511515,118,1,944.0,0.0
19682,511516,133,1,419.0,0.0
19683,511516,114,1,1259.0,0.0
19684,511517,104,2,5249.0,0.0
19685,511518,128,1,1049.0,0.0
19686,511519,135,1,1574.0,0.0
19687,511520,143,1,839.0,125.85
19688,511521,108,2,419.0,0.0
19689,511522,140,1,629.0,0.0
19690,511522,108,1,419.0,0.0
19691,511523,119,1,2309.0,346.35
19692,511523,118,1,944.0,141.6
19693,511524,102,3,3674.0,0.0
19694,511524,101,3,2099.0,0.0
19695,511524,116,1,2624.0,0.0
19696,511524,135,1,1574.0,0.0
19697,511525,101,1,2099.0,314.85
19698,511525,123,2,3464.0,1039.2
19699,511526,117,1,3149.0,0.0
19700,511527,107,1,1259.0,0.0
19701,511527,117,1,3149.0,0.0
19702,511528,120,1,734.0,0.0
19703,511529,132,1,471.0,0.0
19704,511530,103,1,2624.0,0.0
19705,511531,108,1,419.0,0.0
19706,511532,136,1,944.0,0.0
19707,511533,130,1,734.0,0.0
19708,511534,135,1,1574.0,0.0
19709,511535,134,2,209.0,0.0
19710,511536,113,2,1364.0,409.2
19711,511537,118,3,944.0,0.0
19712,511538,134,1,209.0,0.0
19713,511539,105,2,2414.0,724.2
19714,511540,137,1,261.0,39.15
19715,511540,110,1,839.0,125.85
19716,511541,108,1,419.0,62.85
19717,511541,117,2,3149.0,944.7
19718,511541,127,1,681.0,102.15
19719,511542,110,1,839.0,0.0
19720,511542,138,1,419.0,0.0
19721,511542,116,1,2624.0,0.0
19722,511543,145,1,629.0,0.0
19723,511543,112,1,1574.0,0.0
19724,511543,124,1,1154.0,0.0
19725,511544,109,1,4199.0,629.85
19726,511545,123,1,3464.0,519.6
19727,511545,124,2,1154.0,346.2
19728,511546,128,1,1049.0,0.0
19729,511546,112,1,1574.0,0.0
19730,511546,120,2,734.0,0.0
19731,511547,111,1,524.0,0.0
19732,511548,109,1,4199.0,0.0
19733,511549,113,1,1364.0,0.0
19734,511550,118,2,944.0,283.2
19735,511551,102,1,3674.0,0.0
19736,511551,111,1,524.0,0.0
19737,511552,113,2,1364.0,0.0
19738,511552,146,1,4724.0,0.0
19739,511553,143,1,839.0,0.0
19740,511554,118,1,944.0,0.0
19741,511555,112,3,1574.0,0.0
19742,511556,113,1,1364.0,0.0
19743,511556,134,2,209.0,0.0
19744,511557,126,1,471.0,0.0
19745,511557,113,2,1364.0,0.0
19746,511558,115,2,4199.0,0.0
19747,511559,136,2,944.0,0.0
19748,511560,130,1,734.0,110.1
19749,511561,122,2,1994.0,0.0
19750,511561,130,1,734.0,0.0
19751,511561,137,1,261.0,0.0
19752,511561,135,1,1574.0,0.0
19753,511562,121,1,2939.0,0.0
19754,511562,112,3,1574.0,0.0
19755,511563,112,1,1574.0,78.7
19756,511563,137,1,261.0,13.05
19757,511563,145,1,629.0,31.45
19758,511564,119,1,2309.0,346.35
19759,511564,123,1,3464.0,519.6
19760,511565,148,1,734.0,0.0
19761,511565,101,2,2099.0,0.0
19762,511566,109,1,4199.0,629.85
19763,511567,126,2,471.0,0.0
19764,511568,148,3,734.0,0.0
19765,511569,110,2,839.0,251.7
19766,511569,116,1,2624.0,393.6
19767,511570,122,1,1994.0,0.0
19768,511571,140,2,629.0,0.0
19769,511571,120,1,734.0,0.0
19770,511572,139,1,366.0,18.3
19771,511573,112,1,1574.0,236.1
19772,511573,137,1,261.0,39.15
19773,511573,122,1,1994.0,299.1
19774,511573,125,1,1364.0,204.6
19775,511574,122,1,1994.0,0.0
19776,511575,129,1,576.0,0.0
19777,511576,114,1,1259.0,0.0
19778,511577,116,1,2624.0,0.0
19779,511578,135,1,1574.0,0.0
19780,511578,117,3,3149.0,0.0
19781,511579,133,1,419.0,0.0
19782,511580,104,1,5249.0,0.0
19783,511581,115,1,4199.0,0.0
19784,511582,121,1,2939.0,440.85
19785,511582,127,1,681.0,102.15
19786,511583,112,1,1574.0,0.0
19787,511584,123,1,3464.0,0.0
19788,511584,104,1,5249.0,0.0
19789,511585,127,1,681.0,0.0
19790,511586,111,1,524.0,0.0
19791,511586,140,1,629.0,0.0
19792,511587,116,1,2624.0,0.0
19793,511587,124,1,1154.0,0.0
19794,511588,114,1,1259.0,0.0
19795,511589,116,1,2624.0,393.6
19796,511589,117,1,3149.0,472.35
19797,511589,105,1,2414.0,362.1
19798,511589,129,2,576.0,172.8
19799,511590,142,1,839.0,0.0
19800,511590,113,1,1364.0,0.0
19801,511590,105,2,2414.0,0.0
19802,511590,116,1,2624.0,0.0
19803,511591,138,1,419.0,0.0
19804,511591,111,1,524.0,0.0
19805,511592,123,1,3464.0,0.0
19806,511592,118,2,944.0,0.0
19807,511593,109,1,4199.0,0.0
19808,511593,147,1,1364.0,0.0
19809,511593,118,1,944.0,0.0
19810,511594,135,1,1574.0,0.0
19811,511595,141,1,261.0,39.15
19812,511596,131,1,314.0,47.1
19813,511597,123,1,3464.0,0.0
19814,511598,135,1,1574.0,0.0
19815,511598,134,1,209.0,0.0
19816,511599,123,1,3464.0,0.0
19817,511599,122,1,1994.0,0.0
19818,511600,118,1,944.0,47.2
19819,511601,112,1,1574.0,0.0
19820,511601,125,2,1364.0,0.0
19821,511601,118,1,944.0,0.0
19822,511602,117,1,3149.0,0.0
19823,511602,118,1,944.0,0.0
19824,511602,126,1,471.0,0.0
19825,511602,142,1,839.0,0.0
19826,511603,116,1,2624.0,0.0
19827,511603,125,1,1364.0,0.0
19828,511603,122,1,1994.0,0.0
19829,511604,110,1,839.0,0.0
19830,511604,106,1,1574.0,0.0
19831,511604,121,1,2939.0,0.0
19832,511605,110,1,839.0,125.85
19833,511606,116,1,2624.0,0.0
19834,511607,121,1,2939.0,440.85
19835,511607,118,3,944.0,424.8
19836,511608,141,1,261.0,0.0
19837,511608,137,1,261.0,0.0
19838,511609,147,1,1364.0,68.2
19839,511610,113,1,1364.0,0.0
19840,511610,148,1,734.0,0.0
19841,511611,114,1,1259.0,62.95
19842,511612,117,1,3149.0,0.0
19843,511613,132,1,471.0,0.0
19844,511614,134,1,209.0,31.35
19845,511615,139,3,366.0,0.0
19846,511616,117,1,3149.0,0.0
19847,511616,124,1,1154.0,0.0
19848,511616,101,1,2099.0,0.0
19849,511617,103,1,2624.0,0.0
19850,511618,144,1,3149.0,0.0
19851,511618,137,1,261.0,0.0
19852,511619,116,1,2624.0,0.0
19853,511619,102,1,3674.0,0.0
19854,511620,124,1,1154.0,57.7
19855,511620,106,1,1574.0,78.7
19856,511620,146,1,4724.0,236.2
19857,511621,110,1,839.0,125.85
19858,511621,118,1,944.0,141.6
19859,511622,131,3,314.0,0.0
19860,511622,145,2,629.0,0.0
19861,511622,103,2,2624.0,0.0
19862,511623,131,1,314.0,47.1
19863,511624,117,1,3149.0,0.0
19864,511624,121,1,2939.0,0.0
19865,511624,128,1,1049.0,0.0
19866,511625,120,3,734.0,0.0
19867,511625,104,1,5249.0,0.0
19868,511626,107,1,1259.0,0.0
19869,511626,144,1,3149.0,0.0
19870,511627,122,2,1994.0,598.2
19871,511628,126,1,471.0,0.0
19872,511628,143,2,839.0,0.0
19873,511629,137,2,261.0,0.0
19874,511630,114,1,1259.0,188.85
19875,511630,133,1,419.0,62.85
19876,511630,124,1,1154.0,173.1
19877,511631,110,1,839.0,0.0
19878,511631,120,1,734.0,0.0
19879,511632,117,1,3149.0,0.0
19880,511632,119,1,2309.0,0.0
19881,511632,116,1,2624.0,0.0
19882,511633,120,1,734.0,110.1
19883,511633,118,2,944.0,283.2
19884,511633,109,2,4199.0,1259.7
19885,511634,141,1,261.0,13.05
19886,511634,127,1,681.0,34.05
19887,511635,109,1,4199.0,209.95
19888,511636,146,1,4724.0,708.6
19889,511637,107,2,1259.0,0.0
19890,511637,111,1,524.0,0.0
19891,511638,136,1,944.0,0.0
19892,511639,141,1,261.0,0.0
19893,511640,134,2,209.0,0.0
19894,511640,111,1,524.0,0.0
19895,511640,114,1,1259.0,0.0
19896,511641,103,1,2624.0,0.0
19897,511642,114,1,1259.0,0.0
19898,511643,118,1,944.0,0.0
19899,511643,114,1,1259.0,0.0
19900,511644,148,1,734.0,0.0
19901,511644,145,1,629.0,0.0
19902,511645,117,1,3149.0,0.0
19903,511646,122,3,1994.0,0.0
19904,511647,116,1,2624.0,0.0
19905,511647,120,2,734.0,0.0
19906,511647,113,3,1364.0,0.0
19907,511648,118,1,944.0,0.0
19908,511649,125,1,1364.0,0.0
19909,511650,101,1,2099.0,0.0
19910,511651,123,1,3464.0,519.6
19911,511651,124,2,1154.0,346.2
19912,511652,102,1,3674.0,0.0
19913,511653,115,1,4199.0,629.85
19914,511653,102,2,3674.0,1102.2
19915,511653,134,2,209.0,62.7
19916,511654,120,1,734.0,110.1
19917,511654,140,3,629.0,283.05
19918,511655,138,1,419.0,62.85
19919,511656,116,1,2624.0,0.0
19920,511657,133,2,419.0,0.0
19921,511658,117,1,3149.0,0.0
19922,511659,126,1,471.0,70.65
19923,511660,107,1,1259.0,0.0
19924,511660,131,1,314.0,0.0
19925,511660,121,1,2939.0,0.0
19926,511661,145,1,629.0,0.0
19927,511662,125,2,1364.0,0.0
19928,511663,127,2,681.0,0.0
19929,511664,137,1,261.0,39.15
19930,511664,130,2,734.0,220.2
19931,511664,117,2,3149.0,944.7
19932,511665,134,1,209.0,31.35
19933,511666,127,2,681.0,0.0
19934,511667,118,3,944.0,0.0
19935,511668,114,1,1259.0,0.0
19936,511668,104,1,5249.0,0.0
19937,511669,116,1,2624.0,0.0
19938,511669,120,1,734.0,0.0
19939,511670,147,1,1364.0,204.6
19940,511670,146,1,4724.0,708.6
19941,511670,144,1,3149.0,472.35
19942,511671,112,1,1574.0,0.0
19943,511672,147,2,1364.0,409.2
19944,511673,142,1,839.0,0.0
19945,511674,107,1,1259.0,0.0
19946,511674,115,1,4199.0,0.0
19947,511675,118,1,944.0,0.0
19948,511675,103,2,2624.0,0.0
19949,511675,111,1,524.0,0.0
19950,511675,112,1,1574.0,0.0
19951,511676,122,1,1994.0,0.0
19952,511677,121,2,2939.0,0.0
19953,511677,131,1,314.0,0.0
19954,511678,146,2,4724.0,0.0
19955,511678,114,1,1259.0,0.0
19956,511678,122,1,1994.0,0.0
19957,511679,137,1,261.0,39.15
19958,511679,133,1,419.0,62.85
19959,511680,106,1,1574.0,236.1
19960,511681,134,1,209.0,0.0
19961,511682,147,1,1364.0,204.6
19962,511683,109,1,4199.0,629.85
19963,511683,113,1,1364.0,204.6
19964,511683,117,1,3149.0,472.35
19965,511684,104,2,5249.0,0.0
19966,511684,118,1,944.0,0.0
19967,511685,103,1,2624.0,0.0
19968,511685,114,1,1259.0,0.0
19969,511686,117,1,3149.0,472.35
19970,511687,107,1,1259.0,0.0
19971,511688,103,1,2624.0,0.0
19972,511689,125,1,1364.0,0.0
19973,511690,111,1,524.0,0.0
19974,511691,116,1,2624.0,131.2
19975,511691,146,1,4724.0,236.2
19976,511692,102,2,3674.0,0.0
19977,511693,127,1,681.0,102.15
19978,511693,130,2,734.0,220.2
19979,511693,118,2,944.0,283.2
19980,511693,113,1,1364.0,204.6
19981,511694,103,1,2624.0,0.0
19982,511695,112,1,1574.0,0.0
19983,511695,143,1,839.0,0.0
19984,511695,127,1,681.0,0.0
19985,511695,132,2,471.0,0.0
19986,511696,115,1,4199.0,0.0
19987,511696,113,1,1364.0,0.0
19988,511696,117,1,3149.0,0.0
19989,511697,128,1,1049.0,0.0
19990,511697,137,1,261.0,0.0
19991,511698,141,1,261.0,39.15
19992,511698,145,2,629.0,188.7
19993,511699,135,2,1574.0,0.0
19994,511700,145,2,629.0,62.9
19995,511701,143,1,839.0,0.0
19996,511702,104,1,5249.0,0.0
19997,511702,121,2,2939.0,0.0
19998,511703,114,1,1259.0,0.0
19999,511703,142,2,839.0,0.0
20000,511704,123,3,3464.0,0.0
20001,511704,130,1,734.0,0.0
20002,511705,109,1,4199.0,629.85
20003,511706,103,1,2624.0,0.0
20004,511707,119,1,2309.0,0.0
20005,511707,107,1,1259.0,0.0
20006,511708,119,1,2309.0,0.0
20007,511709,137,2,261.0,0.0
20008,511709,134,1,209.0,0.0
20009,511710,110,1,839.0,0.0
20010,511710,120,1,734.0,0.0
20011,511711,117,1,3149.0,0.0
20012,511712,124,2,1154.0,0.0
20013,511712,112,1,1574.0,0.0
20014,511713,113,1,1364.0,0.0
20015,511714,114,1,1259.0,62.95
20016,511714,137,1,261.0,13.05
20017,511715,104,1,5249.0,0.0
20018,511716,141,3,261.0,0.0
20019,511717,125,1,1364.0,204.6
20020,511718,120,1,734.0,0.0
20021,511718,107,1,1259.0,0.0
20022,511718,108,1,419.0,0.0
20023,511718,102,1,3674.0,0.0
20024,511719,104,1,5249.0,262.45
20025,511720,102,1,3674.0,0.0
20026,511720,117,1,3149.0,0.0
20027,511721,115,1,4199.0,0.0
20028,511722,134,1,209.0,0.0
20029,511723,132,1,471.0,0.0
20030,511724,119,1,2309.0,0.0
20031,511724,117,2,3149.0,0.0
20032,511724,123,1,3464.0,0.0
20033,511725,123,2,3464.0,0.0
20034,511725,133,1,419.0,0.0
20035,511726,120,1,734.0,36.7
20036,511727,148,1,734.0,0.0
20037,511727,141,1,261.0,0.0
20038,511728,107,3,1259.0,0.0
20039,511729,118,1,944.0,0.0
20040,511729,148,3,734.0,0.0
20041,511730,126,1,471.0,0.0
20042,511730,122,1,1994.0,0.0
20043,511731,144,1,3149.0,0.0
20044,511732,148,1,734.0,0.0
20045,511733,111,1,524.0,0.0
20046,511734,110,2,839.0,251.7
20047,511735,106,1,1574.0,236.1
20048,511735,115,2,4199.0,1259.7
20049,511736,110,1,839.0,0.0
20050,511737,148,1,734.0,110.1
20051,511737,115,2,4199.0,1259.7
20052,511737,108,1,419.0,62.85
20053,511738,122,1,1994.0,0.0
20054,511738,112,1,1574.0,0.0
20055,511738,102,2,3674.0,0.0
20056,511739,104,1,5249.0,0.0
20057,511740,106,1,1574.0,0.0
20058,511740,112,1,1574.0,0.0
20059,511741,107,2,1259.0,125.9
20060,511741,117,1,3149.0,157.45
20061,511742,147,1,1364.0,0.0
20062,511742,123,1,3464.0,0.0
20063,511742,120,1,734.0,0.0
20064,511743,111,1,524.0,26.2
20065,511743,140,1,629.0,31.45
20066,511744,104,1,5249.0,0.0
20067,511745,140,3,629.0,0.0
20068,511746,114,2,1259.0,0.0
20069,511746,118,2,944.0,0.0
20070,511747,140,1,629.0,0.0
20071,511747,112,1,1574.0,0.0
20072,511748,137,2,261.0,0.0
20073,511748,148,1,734.0,0.0
20074,511748,136,2,944.0,0.0
20075,511749,114,1,1259.0,188.85
20076,511750,104,1,5249.0,787.35
20077,511750,113,1,1364.0,204.6
20078,511751,117,1,3149.0,0.0
20079,511751,132,1,471.0,0.0
20080,511751,105,2,2414.0,0.0
20081,511752,111,1,524.0,78.6
20082,511752,118,1,944.0,141.6
20083,511752,120,2,734.0,220.2
20084,511753,143,1,839.0,0.0
20085,511753,106,1,1574.0,0.0
20086,511754,108,2,419.0,125.7
20087,511755,104,1,5249.0,0.0
20088,511756,118,1,944.0,0.0
20089,511756,107,1,1259.0,0.0
20090,511757,113,1,1364.0,0.0
20091,511758,134,2,209.0,0.0
20092,511759,113,1,1364.0,204.6
20093,511760,111,1,524.0,0.0
20094,511761,114,1,1259.0,188.85
20095,511762,120,3,734.0,330.3
20096,511762,101,1,2099.0,314.85
20097,511763,105,1,2414.0,0.0
20098,511764,116,2,2624.0,0.0
20099,511764,126,1,471.0,0.0
20100,511764,120,1,734.0,0.0
20101,511765,114,1,1259.0,0.0
20102,511766,126,1,471.0,0.0
20103,511767,139,1,366.0,0.0
20104,511768,134,2,209.0,0.0
20105,511769,135,1,1574.0,0.0
20106,511769,122,1,1994.0,0.0
20107,511770,111,1,524.0,0.0
20108,511770,102,1,3674.0,0.0
20109,511771,111,1,524.0,78.6
20110,511771,112,1,1574.0,236.1
20111,511771,116,2,2624.0,787.2
20112,511772,120,1,734.0,0.0
20113,511773,130,2,734.0,0.0
20114,511774,127,1,681.0,0.0
20115,511774,137,1,261.0,0.0
20116,511775,113,1,1364.0,204.6
20117,511775,117,1,3149.0,472.35
20118,511776,116,3,2624.0,0.0
20119,511776,112,1,1574.0,0.0
20120,511777,116,1,2624.0,0.0
20121,511778,116,1,2624.0,0.0
20122,511779,108,1,419.0,0.0
20123,511780,118,1,944.0,0.0
20124,511781,141,1,261.0,0.0
20125,511782,134,1,209.0,0.0
20126,511782,109,1,4199.0,0.0
20127,511783,113,1,1364.0,204.6
20128,511783,138,1,419.0,62.85
20129,511783,115,2,4199.0,1259.7
20130,511783,118,1,944.0,141.6
20131,511784,101,1,2099.0,0.0
20132,511784,131,1,314.0,0.0
20133,511784,119,1,2309.0,0.0
20134,511784,122,1,1994.0,0.0
20135,511785,135,1,1574.0,0.0
20136,511786,130,1,734.0,110.1
20137,511786,117,1,3149.0,472.35
20138,511787,106,1,1574.0,236.1
20139,511787,118,1,944.0,141.6
20140,511788,118,1,944.0,0.0
20141,511789,140,1,629.0,94.35
20142,511790,131,1,314.0,0.0
20143,511791,112,1,1574.0,0.0
20144,511792,118,2,944.0,0.0
20145,511793,134,1,209.0,0.0
20146,511794,138,1,419.0,0.0
20147,511795,137,1,261.0,0.0
20148,511796,130,1,734.0,0.0
20149,511796,123,1,3464.0,0.0
20150,511797,123,1,3464.0,0.0
20151,511798,131,3,314.0,141.3
20152,511799,138,1,419.0,0.0
20153,511799,101,1,2099.0,0.0
20154,511800,126,2,471.0,141.3
20155,511801,112,1,1574.0,236.1
20156,511801,121,2,2939.0,881.7
20157,511802,137,1,261.0,13.05
20158,511803,117,1,3149.0,0.0
20159,511804,119,1,2309.0,0.0
20160,511804,129,1,576.0,0.0
20161,511805,121,1,2939.0,440.85
20162,511806,103,2,2624.0,0.0
20163,511806,121,1,2939.0,0.0
20164,511806,118,1,944.0,0.0
20165,511806,134,1,209.0,0.0
20166,511807,126,1,471.0,0.0
20167,511807,116,1,2624.0,0.0
20168,511808,112,1,1574.0,0.0
20169,511808,142,1,839.0,0.0
20170,511808,131,2,314.0,0.0
20171,511809,103,2,2624.0,0.0
20172,511809,125,1,1364.0,0.0
20173,511810,135,1,1574.0,0.0
20174,511811,111,1,524.0,0.0
20175,511812,111,1,524.0,78.6
20176,511812,101,1,2099.0,314.85
20177,511813,128,2,1049.0,0.0
20178,511814,111,1,524.0,0.0
20179,511814,118,1,944.0,0.0
20180,511815,132,1,471.0,0.0
20181,511816,108,1,419.0,0.0
20182,511817,117,1,3149.0,157.45
20183,511818,111,1,524.0,0.0
20184,511818,134,1,209.0,0.0
20185,511818,120,1,734.0,0.0
20186,511818,105,1,2414.0,0.0
20187,511819,127,1,681.0,0.0
20188,511820,124,1,1154.0,173.1
20189,511821,132,1,471.0,70.65
20190,511822,109,1,4199.0,629.85
20191,511823,143,1,839.0,0.0
20192,511824,117,1,3149.0,472.35
20193,511825,104,1,5249.0,787.35
20194,511826,115,1,4199.0,0.0
20195,511827,108,1,419.0,0.0
20196,511828,148,1,734.0,110.1
20197,511828,102,1,3674.0,551.1
20198,511829,141,1,261.0,0.0
20199,511830,121,1,2939.0,0.0
20200,511830,106,1,1574.0,0.0
20201,511830,123,2,3464.0,0.0
20202,511830,138,2,419.0,0.0
20203,511831,109,1,4199.0,0.0
20204,511832,112,1,1574.0,0.0
20205,511833,109,1,4199.0,629.85
20206,511834,119,1,2309.0,0.0
20207,511834,141,1,261.0,0.0
20208,511834,133,1,419.0,0.0
20209,511834,128,1,1049.0,0.0
20210,511835,147,1,1364.0,204.6
20211,511836,105,1,2414.0,0.0
20212,511837,112,1,1574.0,0.0
20213,511838,108,1,419.0,0.0
20214,511838,120,1,734.0,0.0
20215,511839,124,2,1154.0,0.0
20216,511839,122,2,1994.0,0.0
20217,511840,135,1,1574.0,0.0
20218,511840,112,1,1574.0,0.0
20219,511840,105,1,2414.0,0.0
20220,511841,113,2,1364.0,0.0
20221,511841,111,1,524.0,0.0
20222,511842,101,1,2099.0,0.0
20223,511843,116,1,2624.0,0.0
20224,511844,115,1,4199.0,0.0
20225,511844,112,1,1574.0,0.0
20226,511845,114,1,1259.0,0.0
20227,511845,127,1,681.0,0.0
20228,511846,111,1,524.0,0.0
20229,511847,136,1,944.0,0.0
20230,511847,124,1,1154.0,0.0
20231,511847,133,1,419.0,0.0
20232,511848,117,1,3149.0,0.0
20233,511849,110,1,839.0,0.0
20234,511849,106,1,1574.0,0.0
20235,511850,115,1,4199.0,209.95
20236,511851,129,1,576.0,28.8
20237,511852,108,1,419.0,62.85
20238,511852,144,1,3149.0,472.35
20239,511853,103,1,2624.0,393.6
20240,511854,124,1,1154.0,0.0
20241,511854,138,2,419.0,0.0
20242,511855,141,1,261.0,39.15
20243,511856,116,1,2624.0,0.0
20244,511856,122,2,1994.0,0.0
20245,511857,109,1,4199.0,629.85
20246,511858,121,1,2939.0,0.0
20247,511859,137,1,261.0,0.0
20248,511859,103,1,2624.0,0.0
20249,511860,139,1,366.0,0.0
20250,511860,111,1,524.0,0.0
20251,511860,104,1,5249.0,0.0
20252,511861,138,1,419.0,0.0
20253,511862,107,1,1259.0,0.0
20254,511863,109,1,4199.0,0.0
20255,511863,130,1,734.0,0.0
20256,511863,134,1,209.0,0.0
20257,511863,141,1,261.0,0.0
20258,511864,126,1,471.0,70.65
20259,511864,118,1,944.0,141.6
20260,511865,117,1,3149.0,0.0
20261,511866,125,2,1364.0,0.0
20262,511866,140,1,629.0,0.0
20263,511867,119,1,2309.0,0.0
20264,511867,123,1,3464.0,0.0
20265,511867,120,1,734.0,0.0
20266,511867,117,1,3149.0,0.0
20267,511868,136,2,944.0,283.2
20268,511868,123,1,3464.0,519.6
20269,511868,113,1,1364.0,204.6
20270,511869,140,1,629.0,0.0
20271,511869,105,1,2414.0,0.0
20272,511870,141,1,261.0,0.0
20273,511870,126,1,471.0,0.0
20274,511870,121,1,2939.0,0.0
20275,511871,109,1,4199.0,629.85
20276,511872,111,1,524.0,78.6
20277,511873,141,1,261.0,0.0
20278,511874,130,1,734.0,0.0
20279,511874,120,1,734.0,0.0
20280,511874,131,2,314.0,0.0
20281,511875,126,1,471.0,0.0
20282,511876,134,1,209.0,0.0
20283,511877,123,1,3464.0,0.0
20284,511877,107,2,1259.0,0.0
20285,511878,113,1,1364.0,68.2
20286,511878,130,1,734.0,36.7
20287,511879,123,1,3464.0,0.0
20288,511879,111,1,524.0,0.0
20289,511880,116,1,2624.0,0.0
20290,511880,101,1,2099.0,0.0
20291,511880,107,2,1259.0,0.0
20292,511881,125,1,1364.0,68.2
20293,511881,138,3,419.0,62.85
20294,511882,114,1,1259.0,0.0
20295,511883,126,1,471.0,0.0
20296,511883,144,1,3149.0,0.0
20297,511884,141,2,261.0,78.3
20298,511885,136,1,944.0,141.6
