customer_id,gender,birth_year,city,state,region,acquisition_channel,signup_date,age_band,first_order_date,cohort_month
10001,F,1998,Mumbai,Maharashtra,West,Email,2024-01-01,25-34,2024-01-08,2024-01
10002,F,1989,Gurugram,Haryana,North,Referral,2024-01-01,35-44,2024-01-05,2024-01
10003,M,2001,Pune,Maharashtra,West,Organic Search,2024-01-01,18-24,2024-01-02,2024-01
10004,M,2004,Mumbai,Maharashtra,West,Paid Social,2024-01-01,18-24,2024-01-04,2024-01
10005,M,1994,Bengaluru,Karnataka,South,Email,2024-01-01,25-34,2024-01-08,2024-01
10006,M,1997,Delhi,Delhi,North,Paid Social,2024-01-01,25-34,2024-01-14,2024-01
10007,F,1992,Chennai,Tamil Nadu,South,Organic Search,2024-01-01,25-34,2024-01-03,2024-01
10008,M,1991,Kolkata,West Bengal,East,Paid Social,2024-01-02,25-34,2024-01-03,2024-01
10009,F,2004,Noida,Uttar Pradesh,North,Referral,2024-01-02,18-24,2024-01-02,2024-01
10010,M,1987,Bengaluru,Karnataka,South,Organic Search,2024-01-02,35-44,,
10011,F,2000,Hyderabad,Telangana,South,Paid Social,2024-01-02,25-34,2024-01-05,2024-01
10012,M,1990,Ahmedabad,Gujarat,West,Paid Social,2024-01-02,35-44,2024-01-05,2024-01
10013,M,1987,Kolkata,West Bengal,East,Paid Social,2024-01-03,35-44,2024-01-06,2024-01
10014,F,2002,Pune,Maharashtra,West,Organic Search,2024-01-03,18-24,2024-01-03,2024-01
10015,M,1999,Jaipur,Rajasthan,North,Organic Search,2024-01-03,25-34,2024-01-07,2024-01
10016,M,1988,Pune,Maharashtra,West,Paid Social,2024-01-03,35-44,2024-01-06,2024-01
10017,M,1992,Pune,Maharashtra,West,Organic Search,2024-01-03,25-34,,
10018,F,1993,Lucknow,Uttar Pradesh,North,Paid Search,2024-01-03,25-34,2024-01-15,2024-01
10019,F,1995,Hyderabad,Telangana,South,Paid Search,2024-01-04,25-34,,
10020,F,1990,Indore,Madhya Pradesh,West,Organic Search,2024-01-04,35-44,2024-01-12,2024-01
10021,F,2006,Mumbai,Maharashtra,West,Paid Social,2024-01-04,18-24,,
10022,M,1985,Mumbai,Maharashtra,West,Affiliate,2024-01-04,35-44,2024-01-13,2024-01
10023,M,1981,Mumbai,Maharashtra,West,Paid Search,2024-01-04,35-44,2024-01-07,2024-01
10024,M,1993,Mumbai,Maharashtra,West,Organic Search,2024-01-04,25-34,,
10025,M,1978,Pune,Maharashtra,West,Organic Search,2024-01-04,45+,2024-01-04,2024-01
10026,F,1987,Chandigarh,Chandigarh,North,Paid Social,2024-01-04,35-44,,
10027,F,1988,Hyderabad,Telangana,South,Paid Search,2024-01-04,35-44,2024-01-13,2024-01
10028,M,1994,Kochi,Kerala,South,Email,2024-01-04,25-34,2024-01-06,2024-01
10029,F,1992,Pune,Maharashtra,West,Paid Social,2024-01-05,25-34,,
10030,M,1995,Bengaluru,Karnataka,South,Paid Search,2024-01-05,25-34,2024-01-05,2024-01
10031,F,1987,Kolkata,West Bengal,East,Paid Search,2024-01-05,35-44,,
10032,F,1990,Noida,Uttar Pradesh,North,Paid Social,2024-01-05,35-44,,
10033,F,1998,Gurugram,Haryana,North,Organic Search,2024-01-05,25-34,2024-01-08,2024-01
10034,F,1975,Delhi,Delhi,North,Paid Search,2024-01-05,45+,,
10035,M,1997,Mumbai,Maharashtra,West,Paid Search,2024-01-05,25-34,2024-01-07,2024-01
10036,M,1976,Chandigarh,Chandigarh,North,Paid Social,2024-01-05,45+,,
10037,F,1994,Ahmedabad,Gujarat,West,Paid Social,2024-01-05,25-34,2024-01-05,2024-01
10038,M,1998,Mumbai,Maharashtra,West,Email,2024-01-05,25-34,,
10039,F,1996,Noida,Uttar Pradesh,North,Organic Search,2024-01-05,25-34,2024-01-08,2024-01
10040,M,1989,Mumbai,Maharashtra,West,Email,2024-01-05,35-44,2024-01-05,2024-01
10041,M,1996,Delhi,Delhi,North,Paid Social,2024-01-05,25-34,,
10042,F,1986,Pune,Maharashtra,West,Referral,2024-01-06,35-44,2024-01-09,2024-01
10043,F,2005,Jaipur,Rajasthan,North,Paid Social,2024-01-06,18-24,2024-01-10,2024-01
10044,F,2000,Delhi,Delhi,North,Referral,2024-01-06,25-34,2024-01-06,2024-01
10045,F,1986,Delhi,Delhi,North,Paid Social,2024-01-06,35-44,2024-01-09,2024-01
10046,M,2005,Bengaluru,Karnataka,South,Organic Search,2024-01-06,18-24,,
10047,F,1995,Lucknow,Uttar Pradesh,North,Paid Search,2024-01-06,25-34,2024-01-09,2024-01
10048,F,1984,Bengaluru,Karnataka,South,Affiliate,2024-01-06,35-44,,
10049,M,2003,Hyderabad,Telangana,South,Paid Search,2024-01-06,18-24,2024-01-09,2024-01
10050,F,2006,Pune,Maharashtra,West,Referral,2024-01-07,18-24,2024-01-07,2024-01
10051,F,1991,Delhi,Delhi,North,Email,2024-01-07,25-34,2024-01-10,2024-01
10052,F,1996,Indore,Madhya Pradesh,West,Paid Search,2024-01-07,25-34,2024-01-12,2024-01
10053,M,1993,Delhi,Delhi,North,Email,2024-01-07,25-34,2024-01-12,2024-01
10054,M,1998,Hyderabad,Telangana,South,Paid Search,2024-01-07,25-34,2024-01-08,2024-01
10055,M,2000,Hyderabad,Telangana,South,Organic Search,2024-01-07,25-34,2024-01-07,2024-01
10056,F,2001,Mumbai,Maharashtra,West,Paid Social,2024-01-08,18-24,2024-01-09,2024-01
10057,F,1979,Lucknow,Uttar Pradesh,North,Referral,2024-01-08,45+,2024-01-08,2024-01
10058,M,1989,Bengaluru,Karnataka,South,Paid Search,2024-01-08,35-44,2024-01-16,2024-01
10059,M,2001,Ahmedabad,Gujarat,West,Organic Search,2024-01-08,18-24,,
10060,F,1988,Gurugram,Haryana,North,Paid Social,2024-01-08,35-44,,
10061,M,1996,Hyderabad,Telangana,South,Referral,2024-01-08,25-34,2024-01-08,2024-01
10062,F,1986,Chandigarh,Chandigarh,North,Paid Social,2024-01-09,35-44,2024-01-13,2024-01
10063,F,1999,Chennai,Tamil Nadu,South,Paid Search,2024-01-09,25-34,2024-01-09,2024-01
10064,F,1994,Hyderabad,Telangana,South,Paid Search,2024-01-09,25-34,2024-01-11,2024-01
10065,M,1998,Jaipur,Rajasthan,North,Paid Social,2024-01-09,25-34,2024-01-12,2024-01
10066,M,1997,Lucknow,Uttar Pradesh,North,Organic Search,2024-01-09,25-34,2024-01-13,2024-01
10067,F,1982,Mumbai,Maharashtra,West,Email,2024-01-09,35-44,2024-01-11,2024-01
10068,F,2006,Hyderabad,Telangana,South,Organic Search,2024-01-10,18-24,2024-01-11,2024-01
10069,F,1983,Delhi,Delhi,North,Paid Social,2024-01-10,35-44,2024-01-22,2024-01
10070,F,2006,Chandigarh,Chandigarh,North,Email,2024-01-10,18-24,2024-01-11,2024-01
10071,F,1976,Bengaluru,Karnataka,South,Paid Social,2024-01-10,45+,2024-01-21,2024-01
10072,F,1994,Delhi,Delhi,North,Referral,2024-01-10,25-34,2024-01-15,2024-01
10073,M,1982,Delhi,Delhi,North,Organic Search,2024-01-10,35-44,,
10074,M,2006,Hyderabad,Telangana,South,Paid Search,2024-01-10,18-24,,
10075,M,1985,Pune,Maharashtra,West,Paid Social,2024-01-10,35-44,2024-01-12,2024-01
10076,M,1985,Ahmedabad,Gujarat,West,Email,2024-01-11,35-44,2024-01-20,2024-01
10077,M,1994,Lucknow,Uttar Pradesh,North,Paid Social,2024-01-11,25-34,2024-01-18,2024-01
10078,M,2005,Pune,Maharashtra,West,Organic Search,2024-01-11,18-24,2024-01-15,2024-01
10079,M,2003,Ahmedabad,Gujarat,West,Organic Search,2024-01-11,18-24,2024-01-17,2024-01
10080,F,1992,Mumbai,Maharashtra,West,Email,2024-01-11,25-34,2024-01-11,2024-01
10081,F,1991,Kolkata,West Bengal,East,Paid Social,2024-01-11,25-34,2024-01-15,2024-01
10082,M,1998,Delhi,Delhi,North,Organic Search,2024-01-12,25-34,,
10083,M,1993,Mumbai,Maharashtra,West,Paid Social,2024-01-12,25-34,2024-01-13,2024-01
10084,F,1994,Chennai,Tamil Nadu,South,Organic Search,2024-01-12,25-34,2024-01-21,2024-01
10085,M,1992,Noida,Uttar Pradesh,North,Organic Search,2024-01-12,25-34,2024-01-12,2024-01
10086,M,1998,Kolkata,West Bengal,East,Email,2024-01-13,25-34,2024-01-16,2024-01
10087,F,1997,Mumbai,Maharashtra,West,Paid Social,2024-01-13,25-34,,
10088,F,2006,Gurugram,Haryana,North,Organic Search,2024-01-13,18-24,2024-01-17,2024-01
10089,M,1988,Delhi,Delhi,North,Email,2024-01-13,35-44,2024-01-15,2024-01
10090,F,1988,Chandigarh,Chandigarh,North,Affiliate,2024-01-13,35-44,2024-01-14,2024-01
10091,F,1993,Kochi,Kerala,South,Email,2024-01-13,25-34,2024-01-21,2024-01
10092,M,1992,Kolkata,West Bengal,East,Referral,2024-01-14,25-34,2024-01-19,2024-01
10093,M,2000,Ahmedabad,Gujarat,West,Affiliate,2024-01-14,25-34,,
10094,F,1985,Delhi,Delhi,North,Organic Search,2024-01-14,35-44,2024-01-15,2024-01
10095,F,2004,Mumbai,Maharashtra,West,Email,2024-01-15,18-24,2024-01-20,2024-01
10096,F,1991,Mumbai,Maharashtra,West,Paid Search,2024-01-15,25-34,2024-01-20,2024-01
10097,M,2003,Lucknow,Uttar Pradesh,North,Organic Search,2024-01-15,18-24,2024-01-17,2024-01
10098,M,2006,Delhi,Delhi,North,Organic Search,2024-01-15,18-24,,
10099,M,2002,Mumbai,Maharashtra,West,Organic Search,2024-01-15,18-24,2024-01-17,2024-01
10100,M,1998,Mumbai,Maharashtra,West,Referral,2024-01-15,25-34,,
10101,F,2002,Bengaluru,Karnataka,South,Email,2024-01-15,18-24,2024-01-16,2024-01
10102,M,1991,Mumbai,Maharashtra,West,Organic Search,2024-01-15,25-34,,
10103,M,1996,Delhi,Delhi,North,Email,2024-01-16,25-34,2024-01-21,2024-01
10104,M,1988,Delhi,Delhi,North,Referral,2024-01-16,35-44,2024-01-17,2024-01
10105,M,1989,Bengaluru,Karnataka,South,Organic Search,2024-01-16,35-44,2024-01-16,2024-01
10106,F,1996,Bengaluru,Karnataka,South,Referral,2024-01-16,25-34,2024-01-18,2024-01
10107,M,1994,Gurugram,Haryana,North,Organic Search,2024-01-16,25-34,2024-01-22,2024-01
10108,M,1997,Chennai,Tamil Nadu,South,Organic Search,2024-01-17,25-34,2024-01-21,2024-01
10109,F,1995,Bengaluru,Karnataka,South,Paid Social,2024-01-17,25-34,2024-01-19,2024-01
10110,M,1991,Gurugram,Haryana,North,Email,2024-01-17,25-34,2024-01-23,2024-01
10111,F,2001,Jaipur,Rajasthan,North,Organic Search,2024-01-17,18-24,2024-01-17,2024-01
10112,F,1989,Kolkata,West Bengal,East,Paid Search,2024-01-17,35-44,2024-01-22,2024-01
10113,F,1996,Mumbai,Maharashtra,West,Paid Social,2024-01-17,25-34,2024-01-18,2024-01
10114,M,2003,Lucknow,Uttar Pradesh,North,Referral,2024-01-17,18-24,,
10115,F,1999,Pune,Maharashtra,West,Email,2024-01-17,25-34,2024-01-20,2024-01
10116,M,1993,Noida,Uttar Pradesh,North,Paid Search,2024-01-17,25-34,2024-01-17,2024-01
10117,F,1979,Hyderabad,Telangana,South,Email,2024-01-17,45+,2024-01-18,2024-01
10118,F,1991,Hyderabad,Telangana,South,Paid Social,2024-01-17,25-34,2024-01-26,2024-01
10119,F,2006,Hyderabad,Telangana,South,Organic Search,2024-01-18,18-24,2024-01-18,2024-01
10120,F,1992,Indore,Madhya Pradesh,West,Paid Social,2024-01-18,25-34,2024-01-22,2024-01
10121,M,1993,Bengaluru,Karnataka,South,Paid Search,2024-01-18,25-34,2024-01-23,2024-01
10122,M,1995,Chandigarh,Chandigarh,North,Paid Social,2024-01-18,25-34,2024-01-21,2024-01
10123,M,1997,Chennai,Tamil Nadu,South,Paid Search,2024-01-18,25-34,2024-01-20,2024-01
10124,M,1988,Gurugram,Haryana,North,Organic Search,2024-01-18,35-44,2024-01-24,2024-01
10125,F,2000,Lucknow,Uttar Pradesh,North,Affiliate,2024-01-18,25-34,2024-01-22,2024-01
10126,F,1997,Kolkata,West Bengal,East,Email,2024-01-18,25-34,2024-02-22,2024-02
10127,F,1980,Kolkata,West Bengal,East,Paid Search,2024-01-19,45+,,
10128,M,1973,Pune,Maharashtra,West,Referral,2024-01-19,45+,2024-01-21,2024-01
10129,M,1989,Pune,Maharashtra,West,Affiliate,2024-01-19,35-44,2024-01-20,2024-01
10130,M,1984,Delhi,Delhi,North,Organic Search,2024-01-19,35-44,2024-01-21,2024-01
10131,F,1996,Bengaluru,Karnataka,South,Paid Social,2024-01-19,25-34,2024-01-21,2024-01
10132,M,1991,Delhi,Delhi,North,Organic Search,2024-01-20,25-34,,
10133,M,1997,Chandigarh,Chandigarh,North,Referral,2024-01-20,25-34,,
10134,F,1997,Mumbai,Maharashtra,West,Organic Search,2024-01-20,25-34,,
10135,F,1985,Chennai,Tamil Nadu,South,Referral,2024-01-20,35-44,2024-01-25,2024-01
10136,M,1991,Kolkata,West Bengal,East,Organic Search,2024-01-20,25-34,2024-01-21,2024-01
10137,M,1989,Kolkata,West Bengal,East,Paid Search,2024-01-20,35-44,2024-01-23,2024-01
10138,M,2001,Hyderabad,Telangana,South,Referral,2024-01-20,18-24,2024-02-09,2024-02
10139,M,1992,Jaipur,Rajasthan,North,Organic Search,2024-01-20,25-34,2024-01-20,2024-01
10140,M,2004,Delhi,Delhi,North,Affiliate,2024-01-20,18-24,2024-02-22,2024-02
10141,M,2004,Mumbai,Maharashtra,West,Organic Search,2024-01-20,18-24,,
10142,F,1992,Jaipur,Rajasthan,North,Paid Social,2024-01-21,25-34,2024-02-12,2024-02
10143,F,1989,Bengaluru,Karnataka,South,Referral,2024-01-21,35-44,2024-01-27,2024-01
10144,F,1986,Mumbai,Maharashtra,West,Organic Search,2024-01-21,35-44,2024-01-23,2024-01
10145,M,1999,Chennai,Tamil Nadu,South,Paid Social,2024-01-22,25-34,,
10146,F,1993,Mumbai,Maharashtra,West,Paid Social,2024-01-22,25-34,2024-01-23,2024-01
10147,M,1988,Mumbai,Maharashtra,West,Paid Social,2024-01-22,35-44,2024-01-27,2024-01
10148,F,2001,Hyderabad,Telangana,South,Paid Social,2024-01-22,18-24,,
10149,M,2001,Indore,Madhya Pradesh,West,Paid Search,2024-01-22,18-24,2024-01-30,2024-01
10150,M,1986,Lucknow,Uttar Pradesh,North,Paid Search,2024-01-23,35-44,2024-01-26,2024-01
10151,F,1996,Bengaluru,Karnataka,South,Organic Search,2024-01-23,25-34,2024-01-26,2024-01
10152,M,1998,Ahmedabad,Gujarat,West,Affiliate,2024-01-23,25-34,2024-01-30,2024-01
10153,M,2006,Delhi,Delhi,North,Paid Search,2024-01-23,18-24,2024-02-09,2024-02
10154,F,1992,Mumbai,Maharashtra,West,Paid Search,2024-01-23,25-34,2024-01-25,2024-01
10155,F,1994,Kochi,Kerala,South,Organic Search,2024-01-23,25-34,,
10156,M,1999,Noida,Uttar Pradesh,North,Referral,2024-01-23,25-34,,
10157,M,2004,Mumbai,Maharashtra,West,Paid Social,2024-01-23,18-24,,
10158,M,1997,Jaipur,Rajasthan,North,Organic Search,2024-01-24,25-34,2024-01-29,2024-01
10159,F,1995,Pune,Maharashtra,West,Email,2024-01-24,25-34,2024-01-25,2024-01
10160,F,1989,Kolkata,West Bengal,East,Affiliate,2024-01-24,35-44,,
10161,F,1991,Jaipur,Rajasthan,North,Email,2024-01-24,25-34,2024-01-25,2024-01
10162,M,1992,Chennai,Tamil Nadu,South,Paid Social,2024-01-24,25-34,,
10163,M,1999,Chennai,Tamil Nadu,South,Paid Search,2024-01-24,25-34,2024-01-27,2024-01
10164,M,1997,Lucknow,Uttar Pradesh,North,Organic Search,2024-01-25,25-34,2024-01-27,2024-01
10165,M,1988,Hyderabad,Telangana,South,Paid Search,2024-01-25,35-44,2024-01-26,2024-01
10166,F,2000,Kolkata,West Bengal,East,Paid Social,2024-01-25,25-34,2024-02-02,2024-02
10167,F,1992,Kolkata,West Bengal,East,Organic Search,2024-01-25,25-34,2024-01-28,2024-01
10168,F,1992,Indore,Madhya Pradesh,West,Paid Search,2024-01-25,25-34,2024-02-04,2024-02
10169,M,2000,Gurugram,Haryana,North,Paid Social,2024-01-26,25-34,,
10170,M,2001,Delhi,Delhi,North,Referral,2024-01-26,18-24,2024-01-27,2024-01
10171,M,1996,Lucknow,Uttar Pradesh,North,Organic Search,2024-01-26,25-34,2024-01-27,2024-01
10172,F,2006,Indore,Madhya Pradesh,West,Email,2024-01-26,18-24,2024-02-03,2024-02
10173,M,1979,Mumbai,Maharashtra,West,Paid Search,2024-01-26,45+,2024-02-02,2024-02
10174,M,2001,Bengaluru,Karnataka,South,Paid Social,2024-01-27,18-24,2024-01-30,2024-01
10175,F,1986,Hyderabad,Telangana,South,Affiliate,2024-01-27,35-44,,
10176,M,1993,Gurugram,Haryana,North,Organic Search,2024-01-27,25-34,2024-02-06,2024-02
10177,F,1994,Kochi,Kerala,South,Email,2024-01-27,25-34,,
10178,M,1993,Delhi,Delhi,North,Referral,2024-01-27,25-34,2024-01-27,2024-01
10179,M,1986,Lucknow,Uttar Pradesh,North,Affiliate,2024-01-27,35-44,2024-01-30,2024-01
10180,M,1983,Hyderabad,Telangana,South,Paid Search,2024-01-27,35-44,,
10181,M,1978,Gurugram,Haryana,North,Organic Search,2024-01-27,45+,2024-01-28,2024-01
10182,M,1992,Noida,Uttar Pradesh,North,Organic Search,2024-01-27,25-34,2024-01-27,2024-01
10183,M,1995,Kolkata,West Bengal,East,Referral,2024-01-28,25-34,2024-01-28,2024-01
10184,F,1998,Kochi,Kerala,South,Organic Search,2024-01-28,25-34,,
10185,M,2003,Hyderabad,Telangana,South,Paid Search,2024-01-28,18-24,2024-02-08,2024-02
10186,F,2000,Gurugram,Haryana,North,Affiliate,2024-01-28,25-34,2024-02-03,2024-02
10187,F,2001,Lucknow,Uttar Pradesh,North,Paid Search,2024-01-28,18-24,,
10188,M,1986,Lucknow,Uttar Pradesh,North,Organic Search,2024-01-28,35-44,2024-01-29,2024-01
10189,F,2002,Gurugram,Haryana,North,Referral,2024-01-28,18-24,2024-01-28,2024-01
10190,F,1997,Kolkata,West Bengal,East,Organic Search,2024-01-28,25-34,2024-01-30,2024-01
10191,M,1983,Gurugram,Haryana,North,Paid Social,2024-01-28,35-44,,
10192,F,2002,Bengaluru,Karnataka,South,Organic Search,2024-01-28,18-24,2024-01-30,2024-01
10193,M,1987,Delhi,Delhi,North,Paid Search,2024-01-29,35-44,,
10194,F,1985,Ahmedabad,Gujarat,West,Organic Search,2024-01-29,35-44,2024-02-03,2024-02
10195,F,2006,Delhi,Delhi,North,Referral,2024-01-29,18-24,2024-02-01,2024-02
10196,M,1995,Delhi,Delhi,North,Paid Search,2024-01-30,25-34,2024-02-01,2024-02
10197,M,1985,Lucknow,Uttar Pradesh,North,Paid Search,2024-01-30,35-44,2024-02-01,2024-02
10198,M,1989,Kochi,Kerala,South,Affiliate,2024-01-30,35-44,2024-01-31,2024-01
10199,F,2002,Bengaluru,Karnataka,South,Referral,2024-01-30,18-24,2024-02-01,2024-02
10200,F,1984,Bengaluru,Karnataka,South,Paid Social,2024-01-30,35-44,,
10201,F,1992,Jaipur,Rajasthan,North,Affiliate,2024-01-30,25-34,2024-02-01,2024-02
10202,M,1992,Bengaluru,Karnataka,South,Organic Search,2024-01-30,25-34,2024-01-30,2024-01
10203,M,2006,Bengaluru,Karnataka,South,Paid Social,2024-01-31,18-24,2024-01-31,2024-01
10204,F,1982,Mumbai,Maharashtra,West,Affiliate,2024-01-31,35-44,2024-02-09,2024-02
10205,F,1982,Bengaluru,Karnataka,South,Paid Social,2024-01-31,35-44,,
10206,M,1989,Chennai,Tamil Nadu,South,Paid Search,2024-01-31,35-44,2024-02-08,2024-02
10207,M,1988,Kolkata,West Bengal,East,Referral,2024-01-31,35-44,2024-02-01,2024-02
10208,M,1994,Kolkata,West Bengal,East,Organic Search,2024-01-31,25-34,2024-02-04,2024-02
10209,M,1990,Pune,Maharashtra,West,Organic Search,2024-01-31,35-44,2024-02-03,2024-02
10210,M,2000,Delhi,Delhi,North,Referral,2024-01-31,25-34,2024-01-31,2024-01
10211,F,1994,Noida,Uttar Pradesh,North,Organic Search,2024-01-31,25-34,2024-01-31,2024-01
10212,M,1986,Noida,Uttar Pradesh,North,Organic Search,2024-02-01,35-44,2024-02-01,2024-02
10213,F,1992,Jaipur,Rajasthan,North,Paid Search,2024-02-01,25-34,2024-02-10,2024-02
10214,F,1991,Mumbai,Maharashtra,West,Paid Search,2024-02-02,25-34,2024-02-07,2024-02
10215,F,2003,Bengaluru,Karnataka,South,Paid Search,2024-02-02,18-24,2024-02-08,2024-02
10216,M,2000,Pune,Maharashtra,West,Referral,2024-02-02,25-34,2024-02-02,2024-02
10217,M,1999,Bengaluru,Karnataka,South,Paid Social,2024-02-02,25-34,,
10218,F,1988,Kolkata,West Bengal,East,Paid Social,2024-02-02,35-44,2024-02-02,2024-02
10219,F,1996,Delhi,Delhi,North,Organic Search,2024-02-02,25-34,2024-02-02,2024-02
10220,M,1984,Delhi,Delhi,North,Paid Search,2024-02-02,35-44,,
10221,M,1999,Bengaluru,Karnataka,South,Affiliate,2024-02-03,25-34,2024-02-03,2024-02
10222,F,2003,Ahmedabad,Gujarat,West,Paid Search,2024-02-03,18-24,,
10223,M,1977,Pune,Maharashtra,West,Organic Search,2024-02-03,45+,2024-02-05,2024-02
10224,F,1993,Chennai,Tamil Nadu,South,Affiliate,2024-02-03,25-34,2024-02-04,2024-02
10225,M,1993,Gurugram,Haryana,North,Paid Search,2024-02-03,25-34,2024-02-06,2024-02
10226,M,2001,Ahmedabad,Gujarat,West,Paid Search,2024-02-03,18-24,2024-02-03,2024-02
10227,M,1989,Kolkata,West Bengal,East,Organic Search,2024-02-03,35-44,2024-02-06,2024-02
10228,F,1989,Mumbai,Maharashtra,West,Paid Social,2024-02-04,35-44,2024-02-07,2024-02
10229,F,1995,Ahmedabad,Gujarat,West,Organic Search,2024-02-04,25-34,,
10230,F,1999,Delhi,Delhi,North,Paid Social,2024-02-04,25-34,2024-02-05,2024-02
10231,F,1995,Mumbai,Maharashtra,West,Referral,2024-02-04,25-34,2024-02-06,2024-02
10232,M,2001,Delhi,Delhi,North,Paid Social,2024-02-04,18-24,2024-02-08,2024-02
10233,F,1999,Ahmedabad,Gujarat,West,Organic Search,2024-02-05,25-34,2024-02-05,2024-02
10234,F,1990,Indore,Madhya Pradesh,West,Organic Search,2024-02-05,35-44,2024-02-15,2024-02
10235,M,1994,Kolkata,West Bengal,East,Email,2024-02-05,25-34,2024-02-07,2024-02
10236,F,1998,Bengaluru,Karnataka,South,Email,2024-02-05,25-34,,
10237,F,1987,Delhi,Delhi,North,Organic Search,2024-02-05,35-44,2024-02-07,2024-02
10238,F,1988,Chennai,Tamil Nadu,South,Paid Search,2024-02-05,35-44,2024-02-05,2024-02
10239,M,1982,Chandigarh,Chandigarh,North,Paid Social,2024-02-05,35-44,2024-02-08,2024-02
10240,M,2003,Bengaluru,Karnataka,South,Referral,2024-02-05,18-24,2024-02-05,2024-02
10241,F,2006,Lucknow,Uttar Pradesh,North,Email,2024-02-05,18-24,2024-02-05,2024-02
10242,F,1988,Hyderabad,Telangana,South,Paid Social,2024-02-06,35-44,2024-02-13,2024-02
10243,M,1998,Kochi,Kerala,South,Organic Search,2024-02-06,25-34,2024-02-10,2024-02
10244,M,2004,Delhi,Delhi,North,Referral,2024-02-06,18-24,2024-02-08,2024-02
10245,F,1984,Ahmedabad,Gujarat,West,Email,2024-02-06,35-44,2024-02-11,2024-02
10246,M,1996,Ahmedabad,Gujarat,West,Paid Search,2024-02-06,25-34,2024-02-08,2024-02
10247,F,2004,Jaipur,Rajasthan,North,Paid Social,2024-02-07,18-24,,
10248,F,1992,Mumbai,Maharashtra,West,Organic Search,2024-02-07,25-34,2024-02-15,2024-02
10249,M,1993,Bengaluru,Karnataka,South,Paid Search,2024-02-07,25-34,2024-02-14,2024-02
10250,F,2005,Jaipur,Rajasthan,North,Email,2024-02-07,18-24,,
10251,F,1990,Delhi,Delhi,North,Organic Search,2024-02-08,35-44,2024-02-11,2024-02
10252,F,1989,Hyderabad,Telangana,South,Referral,2024-02-08,35-44,,
10253,F,1992,Bengaluru,Karnataka,South,Organic Search,2024-02-08,25-34,2024-02-09,2024-02
10254,F,2006,Lucknow,Uttar Pradesh,North,Paid Search,2024-02-08,18-24,2024-02-09,2024-02
10255,F,2000,Kolkata,West Bengal,East,Paid Social,2024-02-08,25-34,2024-02-13,2024-02
10256,M,1998,Chennai,Tamil Nadu,South,Organic Search,2024-02-09,25-34,2024-02-11,2024-02
10257,F,1998,Kolkata,West Bengal,East,Paid Social,2024-02-09,25-34,,
10258,M,1985,Pune,Maharashtra,West,Paid Search,2024-02-09,35-44,2024-02-19,2024-02
10259,M,1998,Lucknow,Uttar Pradesh,North,Referral,2024-02-09,25-34,,
10260,M,1990,Gurugram,Haryana,North,Affiliate,2024-02-09,35-44,2024-02-16,2024-02
10261,M,1992,Kolkata,West Bengal,East,Paid Search,2024-02-09,25-34,2024-02-10,2024-02
10262,F,1992,Chennai,Tamil Nadu,South,Organic Search,2024-02-09,25-34,2024-03-04,2024-03
10263,M,2002,Bengaluru,Karnataka,South,Email,2024-02-10,18-24,2024-02-10,2024-02
10264,M,2006,Pune,Maharashtra,West,Organic Search,2024-02-10,18-24,2024-02-12,2024-02
10265,F,1987,Mumbai,Maharashtra,West,Organic Search,2024-02-10,35-44,2024-02-10,2024-02
10266,F,2003,Bengaluru,Karnataka,South,Email,2024-02-10,18-24,2024-02-13,2024-02
10267,F,1993,Delhi,Delhi,North,Organic Search,2024-02-10,25-34,2024-02-12,2024-02
10268,M,2000,Pune,Maharashtra,West,Paid Social,2024-02-10,25-34,,
10269,M,1997,Bengaluru,Karnataka,South,Organic Search,2024-02-10,25-34,2024-02-11,2024-02
10270,F,1989,Hyderabad,Telangana,South,Paid Social,2024-02-10,35-44,2024-02-16,2024-02
10271,M,1989,Mumbai,Maharashtra,West,Paid Social,2024-02-10,35-44,2024-02-13,2024-02
10272,M,1993,Bengaluru,Karnataka,South,Paid Social,2024-02-10,25-34,2024-02-10,2024-02
10273,M,1997,Delhi,Delhi,North,Paid Social,2024-02-10,25-34,,
10274,F,1998,Lucknow,Uttar Pradesh,North,Organic Search,2024-02-10,25-34,2024-02-10,2024-02
10275,F,2006,Gurugram,Haryana,North,Organic Search,2024-02-10,18-24,2024-02-19,2024-02
10276,M,1999,Chandigarh,Chandigarh,North,Referral,2024-02-11,25-34,2024-02-11,2024-02
10277,M,1984,Mumbai,Maharashtra,West,Email,2024-02-11,35-44,2024-02-12,2024-02
10278,M,2004,Mumbai,Maharashtra,West,Referral,2024-02-11,18-24,2024-02-20,2024-02
10279,M,1999,Mumbai,Maharashtra,West,Paid Social,2024-02-11,25-34,,
10280,F,1993,Mumbai,Maharashtra,West,Paid Search,2024-02-11,25-34,2024-02-12,2024-02
10281,M,1986,Pune,Maharashtra,West,Paid Social,2024-02-11,35-44,2024-02-13,2024-02
10282,F,1992,Hyderabad,Telangana,South,Paid Social,2024-02-11,25-34,2024-02-13,2024-02
10283,M,2004,Gurugram,Haryana,North,Organic Search,2024-02-11,18-24,2024-02-20,2024-02
10284,F,1998,Mumbai,Maharashtra,West,Paid Search,2024-02-12,25-34,,
10285,F,2005,Delhi,Delhi,North,Organic Search,2024-02-12,18-24,2024-02-12,2024-02
10286,F,2005,Delhi,Delhi,North,Paid Search,2024-02-12,18-24,2024-02-16,2024-02
10287,M,1996,Indore,Madhya Pradesh,West,Referral,2024-02-13,25-34,2024-02-19,2024-02
10288,M,1969,Chennai,Tamil Nadu,South,Paid Search,2024-02-13,45+,2024-02-14,2024-02
10289,M,1987,Jaipur,Rajasthan,North,Referral,2024-02-13,35-44,2024-02-18,2024-02
10290,M,1982,Mumbai,Maharashtra,West,Affiliate,2024-02-13,35-44,2024-02-15,2024-02
10291,M,2006,Noida,Uttar Pradesh,North,Affiliate,2024-02-13,18-24,,
10292,M,1999,Gurugram,Haryana,North,Referral,2024-02-13,25-34,2024-02-13,2024-02
10293,F,1993,Chennai,Tamil Nadu,South,Email,2024-02-13,25-34,2024-02-15,2024-02
10294,F,1990,Ahmedabad,Gujarat,West,Paid Search,2024-02-14,35-44,2024-02-15,2024-02
10295,F,2003,Bengaluru,Karnataka,South,Referral,2024-02-14,18-24,2024-02-16,2024-02
10296,F,1987,Chennai,Tamil Nadu,South,Paid Social,2024-02-14,35-44,,
10297,F,1984,Ahmedabad,Gujarat,West,Affiliate,2024-02-14,35-44,,
10298,F,1983,Gurugram,Haryana,North,Paid Social,2024-02-14,35-44,2024-02-14,2024-02
10299,M,1995,Bengaluru,Karnataka,South,Paid Search,2024-02-14,25-34,2024-02-16,2024-02
10300,M,1988,Bengaluru,Karnataka,South,Referral,2024-02-15,35-44,2024-02-20,2024-02
10301,M,2002,Mumbai,Maharashtra,West,Referral,2024-02-15,18-24,2024-02-15,2024-02
10302,F,1994,Indore,Madhya Pradesh,West,Organic Search,2024-02-15,25-34,2024-02-15,2024-02
10303,F,1983,Pune,Maharashtra,West,Paid Social,2024-02-15,35-44,2024-02-15,2024-02
10304,F,1992,Chandigarh,Chandigarh,North,Paid Social,2024-02-15,25-34,2024-02-16,2024-02
10305,M,1986,Bengaluru,Karnataka,South,Paid Social,2024-02-15,35-44,2024-02-18,2024-02
10306,F,1993,Lucknow,Uttar Pradesh,North,Affiliate,2024-02-15,25-34,2024-02-21,2024-02
10307,M,2003,Chandigarh,Chandigarh,North,Paid Social,2024-02-15,18-24,2024-02-16,2024-02
10308,F,1993,Mumbai,Maharashtra,West,Email,2024-02-15,25-34,2024-02-16,2024-02
10309,M,1989,Indore,Madhya Pradesh,West,Paid Search,2024-02-15,35-44,2024-02-21,2024-02
10310,F,1998,Chennai,Tamil Nadu,South,Organic Search,2024-02-15,25-34,2024-02-15,2024-02
10311,F,1991,Indore,Madhya Pradesh,West,Paid Search,2024-02-16,25-34,,
10312,M,1998,Bengaluru,Karnataka,South,Paid Social,2024-02-16,25-34,2024-02-17,2024-02
10313,F,1997,Jaipur,Rajasthan,North,Referral,2024-02-16,25-34,2024-02-16,2024-02
10314,F,1986,Ahmedabad,Gujarat,West,Paid Social,2024-02-16,35-44,2024-02-16,2024-02
10315,M,1984,Delhi,Delhi,North,Paid Search,2024-02-16,35-44,2024-02-16,2024-02
10316,F,1991,Mumbai,Maharashtra,West,Paid Search,2024-02-17,25-34,2024-02-19,2024-02
10317,M,1997,Bengaluru,Karnataka,South,Affiliate,2024-02-17,25-34,2024-02-25,2024-02
10318,M,2006,Gurugram,Haryana,North,Organic Search,2024-02-17,18-24,2024-02-27,2024-02
10319,M,1985,Kochi,Kerala,South,Organic Search,2024-02-17,35-44,2024-02-19,2024-02
10320,M,1986,Mumbai,Maharashtra,West,Paid Social,2024-02-17,35-44,2024-02-24,2024-02
10321,F,2002,Bengaluru,Karnataka,South,Paid Social,2024-02-17,18-24,2024-02-20,2024-02
10322,M,1995,Mumbai,Maharashtra,West,Paid Search,2024-02-17,25-34,2024-02-21,2024-02
10323,M,1992,Bengaluru,Karnataka,South,Organic Search,2024-02-17,25-34,2024-02-19,2024-02
10324,F,1999,Ahmedabad,Gujarat,West,Paid Social,2024-02-17,25-34,2024-02-18,2024-02
10325,M,2004,Delhi,Delhi,North,Organic Search,2024-02-17,18-24,,
10326,F,2002,Kochi,Kerala,South,Organic Search,2024-02-17,18-24,2024-02-17,2024-02
10327,M,1988,Bengaluru,Karnataka,South,Paid Search,2024-02-17,35-44,2024-02-20,2024-02
10328,F,1997,Pune,Maharashtra,West,Organic Search,2024-02-18,25-34,2024-02-19,2024-02
10329,F,2003,Bengaluru,Karnataka,South,Paid Search,2024-02-18,18-24,2024-02-26,2024-02
10330,F,1992,Lucknow,Uttar Pradesh,North,Referral,2024-02-18,25-34,2024-02-19,2024-02
10331,F,1997,Hyderabad,Telangana,South,Organic Search,2024-02-18,25-34,2024-02-18,2024-02
10332,M,1989,Mumbai,Maharashtra,West,Paid Social,2024-02-18,35-44,2024-02-22,2024-02
10333,M,1986,Hyderabad,Telangana,South,Paid Social,2024-02-18,35-44,2024-02-24,2024-02
10334,F,1997,Jaipur,Rajasthan,North,Organic Search,2024-02-18,25-34,2024-03-01,2024-03
10335,F,2001,Hyderabad,Telangana,South,Referral,2024-02-19,18-24,2024-02-22,2024-02
10336,M,2000,Kochi,Kerala,South,Organic Search,2024-02-19,25-34,2024-02-22,2024-02
10337,M,1983,Kolkata,West Bengal,East,Affiliate,2024-02-19,35-44,2024-02-19,2024-02
10338,M,2004,Hyderabad,Telangana,South,Paid Social,2024-02-19,18-24,2024-02-21,2024-02
10339,M,1999,Bengaluru,Karnataka,South,Paid Search,2024-02-19,25-34,2024-02-24,2024-02
10340,F,2003,Pune,Maharashtra,West,Affiliate,2024-02-19,18-24,2024-02-21,2024-02
10341,F,1987,Delhi,Delhi,North,Paid Search,2024-02-19,35-44,2024-02-21,2024-02
10342,F,2001,Ahmedabad,Gujarat,West,Organic Search,2024-02-20,18-24,2024-02-24,2024-02
10343,M,1999,Ahmedabad,Gujarat,West,Paid Search,2024-02-20,25-34,2024-02-21,2024-02
10344,F,1984,Delhi,Delhi,North,Paid Social,2024-02-20,35-44,2024-02-20,2024-02
10345,F,1998,Bengaluru,Karnataka,South,Referral,2024-02-20,25-34,2024-02-25,2024-02
10346,M,1986,Gurugram,Haryana,North,Paid Social,2024-02-20,35-44,2024-02-22,2024-02
10347,F,1994,Indore,Madhya Pradesh,West,Affiliate,2024-02-20,25-34,2024-02-24,2024-02
10348,F,2006,Pune,Maharashtra,West,Affiliate,2024-02-20,18-24,2024-02-21,2024-02
10349,F,1996,Chennai,Tamil Nadu,South,Organic Search,2024-02-20,25-34,2024-02-20,2024-02
10350,F,1993,Lucknow,Uttar Pradesh,North,Email,2024-02-21,25-34,2024-02-21,2024-02
10351,M,1982,Gurugram,Haryana,North,Organic Search,2024-02-21,35-44,2024-02-22,2024-02
10352,M,1996,Ahmedabad,Gujarat,West,Affiliate,2024-02-21,25-34,2024-02-22,2024-02
10353,F,1993,Mumbai,Maharashtra,West,Organic Search,2024-02-21,25-34,2024-02-22,2024-02
10354,F,1978,Gurugram,Haryana,North,Organic Search,2024-02-22,45+,2024-02-24,2024-02
10355,M,1985,Indore,Madhya Pradesh,West,Paid Search,2024-02-22,35-44,2024-02-23,2024-02
10356,M,2001,Kochi,Kerala,South,Organic Search,2024-02-22,18-24,2024-02-29,2024-02
10357,F,2004,Bengaluru,Karnataka,South,Referral,2024-02-22,18-24,2024-02-25,2024-02
10358,M,1995,Noida,Uttar Pradesh,North,Organic Search,2024-02-22,25-34,2024-02-23,2024-02
10359,M,2002,Lucknow,Uttar Pradesh,North,Paid Search,2024-02-22,18-24,2024-02-29,2024-02
10360,F,1994,Ahmedabad,Gujarat,West,Email,2024-02-22,25-34,,
10361,M,1988,Bengaluru,Karnataka,South,Paid Social,2024-02-22,35-44,,
10362,M,2006,Kolkata,West Bengal,East,Paid Social,2024-02-22,18-24,,
10363,F,1983,Delhi,Delhi,North,Affiliate,2024-02-22,35-44,2024-02-24,2024-02
10364,M,1997,Ahmedabad,Gujarat,West,Organic Search,2024-02-22,25-34,2024-02-23,2024-02
10365,M,1989,Kolkata,West Bengal,East,Paid Search,2024-02-22,35-44,2024-02-24,2024-02
10366,F,1992,Delhi,Delhi,North,Organic Search,2024-02-22,25-34,2024-02-23,2024-02
10367,M,2006,Kolkata,West Bengal,East,Organic Search,2024-02-22,18-24,2024-02-23,2024-02
10368,F,1994,Mumbai,Maharashtra,West,Organic Search,2024-02-23,25-34,2024-02-26,2024-02
10369,F,1991,Bengaluru,Karnataka,South,Paid Social,2024-02-23,25-34,,
10370,M,1990,Mumbai,Maharashtra,West,Organic Search,2024-02-23,35-44,,
10371,M,1999,Chennai,Tamil Nadu,South,Paid Social,2024-02-23,25-34,,
10372,F,1986,Kochi,Kerala,South,Referral,2024-02-23,35-44,2024-02-25,2024-02
10373,M,1995,Gurugram,Haryana,North,Paid Search,2024-02-23,25-34,2024-02-24,2024-02
10374,F,1993,Bengaluru,Karnataka,South,Paid Social,2024-02-23,25-34,2024-02-25,2024-02
10375,F,1988,Delhi,Delhi,North,Organic Search,2024-02-24,35-44,2024-03-04,2024-03
10376,F,1983,Jaipur,Rajasthan,North,Referral,2024-02-24,35-44,2024-03-03,2024-03
10377,M,1994,Ahmedabad,Gujarat,West,Paid Search,2024-02-24,25-34,,
10378,F,1991,Indore,Madhya Pradesh,West,Referral,2024-02-24,25-34,2024-02-24,2024-02
10379,F,1996,Mumbai,Maharashtra,West,Paid Social,2024-02-24,25-34,2024-02-29,2024-02
10380,M,1977,Jaipur,Rajasthan,North,Paid Social,2024-02-24,45+,2024-03-02,2024-03
10381,M,1990,Gurugram,Haryana,North,Paid Search,2024-02-24,35-44,2024-02-29,2024-02
10382,F,2001,Lucknow,Uttar Pradesh,North,Paid Search,2024-02-24,18-24,2024-02-24,2024-02
10383,M,1981,Delhi,Delhi,North,Paid Search,2024-02-24,35-44,2024-02-25,2024-02
10384,F,2006,Lucknow,Uttar Pradesh,North,Paid Social,2024-02-24,18-24,2024-02-25,2024-02
10385,F,1997,Hyderabad,Telangana,South,Paid Social,2024-02-24,25-34,2024-03-05,2024-03
10386,M,1993,Jaipur,Rajasthan,North,Referral,2024-02-24,25-34,2024-02-27,2024-02
10387,F,1995,Kochi,Kerala,South,Organic Search,2024-02-25,25-34,2024-02-27,2024-02
10388,M,1987,Lucknow,Uttar Pradesh,North,Email,2024-02-25,35-44,2024-02-28,2024-02
10389,M,2005,Pune,Maharashtra,West,Affiliate,2024-02-25,18-24,2024-02-26,2024-02
10390,M,1995,Gurugram,Haryana,North,Organic Search,2024-02-25,25-34,,
10391,F,1995,Delhi,Delhi,North,Organic Search,2024-02-25,25-34,2024-03-03,2024-03
10392,F,2002,Bengaluru,Karnataka,South,Paid Social,2024-02-26,18-24,,
10393,F,1997,Chandigarh,Chandigarh,North,Organic Search,2024-02-26,25-34,2024-02-26,2024-02
10394,F,1989,Mumbai,Maharashtra,West,Organic Search,2024-02-26,35-44,2024-02-26,2024-02
10395,M,1994,Mumbai,Maharashtra,West,Paid Social,2024-02-27,25-34,2024-02-29,2024-02
10396,F,1999,Hyderabad,Telangana,South,Paid Social,2024-02-27,25-34,2024-03-01,2024-03
10397,F,1994,Mumbai,Maharashtra,West,Organic Search,2024-02-27,25-34,,
10398,F,1983,Delhi,Delhi,North,Affiliate,2024-02-27,35-44,2024-03-02,2024-03
10399,F,2005,Jaipur,Rajasthan,North,Organic Search,2024-02-27,18-24,2024-02-27,2024-02
10400,F,1995,Ahmedabad,Gujarat,West,Organic Search,2024-02-27,25-34,2024-02-27,2024-02
10401,M,1991,Kolkata,West Bengal,East,Organic Search,2024-02-27,25-34,2024-03-03,2024-03
10402,F,1999,Gurugram,Haryana,North,Affiliate,2024-02-27,25-34,2024-03-04,2024-03
10403,M,1990,Chandigarh,Chandigarh,North,Email,2024-02-27,35-44,,
10404,M,1982,Pune,Maharashtra,West,Organic Search,2024-02-27,35-44,2024-02-29,2024-02
10405,M,1994,Kolkata,West Bengal,East,Referral,2024-02-28,25-34,2024-02-29,2024-02
10406,M,1999,Delhi,Delhi,North,Organic Search,2024-02-28,25-34,2024-03-03,2024-03
10407,M,1992,Hyderabad,Telangana,South,Organic Search,2024-02-28,25-34,2024-03-06,2024-03
10408,F,1992,Bengaluru,Karnataka,South,Organic Search,2024-02-28,25-34,,
10409,F,1992,Jaipur,Rajasthan,North,Referral,2024-02-28,25-34,2024-02-28,2024-02
10410,M,1993,Hyderabad,Telangana,South,Paid Search,2024-02-28,25-34,2024-02-28,2024-02
10411,M,1995,Ahmedabad,Gujarat,West,Paid Social,2024-02-28,25-34,2024-02-28,2024-02
10412,M,2000,Gurugram,Haryana,North,Organic Search,2024-02-28,25-34,,
10413,F,2000,Jaipur,Rajasthan,North,Email,2024-02-28,25-34,2024-03-11,2024-03
10414,M,2006,Chandigarh,Chandigarh,North,Affiliate,2024-02-29,18-24,,
10415,M,2006,Chandigarh,Chandigarh,North,Organic Search,2024-02-29,18-24,2024-02-29,2024-02
10416,F,1987,Bengaluru,Karnataka,South,Paid Social,2024-02-29,35-44,2024-03-18,2024-03
10417,F,1992,Bengaluru,Karnataka,South,Paid Social,2024-02-29,25-34,2024-03-04,2024-03
10418,F,2000,Hyderabad,Telangana,South,Affiliate,2024-02-29,25-34,2024-03-04,2024-03
10419,F,1980,Pune,Maharashtra,West,Paid Social,2024-02-29,45+,2024-02-29,2024-02
10420,F,1996,Mumbai,Maharashtra,West,Organic Search,2024-03-01,25-34,2024-03-11,2024-03
10421,F,1987,Delhi,Delhi,North,Paid Search,2024-03-01,35-44,2024-03-01,2024-03
10422,M,1994,Hyderabad,Telangana,South,Paid Social,2024-03-01,25-34,2024-03-01,2024-03
10423,F,1994,Delhi,Delhi,North,Paid Search,2024-03-01,25-34,2024-03-02,2024-03
10424,M,1980,Jaipur,Rajasthan,North,Organic Search,2024-03-01,45+,,
10425,F,2006,Bengaluru,Karnataka,South,Referral,2024-03-01,18-24,,
10426,M,1990,Hyderabad,Telangana,South,Email,2024-03-01,35-44,2024-03-03,2024-03
10427,F,2005,Delhi,Delhi,North,Paid Search,2024-03-01,18-24,2024-03-07,2024-03
10428,F,1981,Indore,Madhya Pradesh,West,Paid Social,2024-03-01,35-44,2024-03-07,2024-03
10429,M,1989,Delhi,Delhi,North,Paid Social,2024-03-01,35-44,2024-03-03,2024-03
10430,F,2000,Hyderabad,Telangana,South,Paid Social,2024-03-01,25-34,,
10431,F,1992,Bengaluru,Karnataka,South,Organic Search,2024-03-01,25-34,2024-03-13,2024-03
10432,F,2000,Bengaluru,Karnataka,South,Paid Search,2024-03-01,25-34,2024-03-01,2024-03
10433,M,1999,Delhi,Delhi,North,Paid Search,2024-03-02,25-34,,
10434,M,1987,Ahmedabad,Gujarat,West,Affiliate,2024-03-02,35-44,2024-03-04,2024-03
10435,F,2004,Lucknow,Uttar Pradesh,North,Organic Search,2024-03-02,18-24,2024-03-02,2024-03
10436,M,1998,Pune,Maharashtra,West,Paid Search,2024-03-02,25-34,2024-03-03,2024-03
10437,F,1982,Kolkata,West Bengal,East,Paid Social,2024-03-02,35-44,,
10438,M,1995,Delhi,Delhi,North,Email,2024-03-02,25-34,2024-03-04,2024-03
10439,M,1999,Indore,Madhya Pradesh,West,Paid Search,2024-03-02,25-34,2024-03-18,2024-03
10440,F,1993,Gurugram,Haryana,North,Paid Search,2024-03-02,25-34,2024-03-03,2024-03
10441,M,1994,Pune,Maharashtra,West,Paid Social,2024-03-02,25-34,2024-03-08,2024-03
10442,M,1998,Pune,Maharashtra,West,Paid Search,2024-03-03,25-34,2024-03-10,2024-03
10443,M,1981,Mumbai,Maharashtra,West,Paid Social,2024-03-03,35-44,2024-03-03,2024-03
10444,M,1992,Bengaluru,Karnataka,South,Paid Social,2024-03-03,25-34,,
10445,M,1991,Kolkata,West Bengal,East,Paid Social,2024-03-03,25-34,,
10446,M,2000,Hyderabad,Telangana,South,Paid Social,2024-03-04,25-34,2024-03-15,2024-03
10447,F,1989,Kolkata,West Bengal,East,Organic Search,2024-03-04,35-44,,
10448,M,2006,Gurugram,Haryana,North,Paid Social,2024-03-04,18-24,,
10449,F,1989,Kolkata,West Bengal,East,Affiliate,2024-03-04,35-44,,
10450,M,1985,Jaipur,Rajasthan,North,Paid Social,2024-03-04,35-44,2024-03-08,2024-03
10451,M,2004,Delhi,Delhi,North,Referral,2024-03-04,18-24,2024-03-04,2024-03
10452,F,1999,Mumbai,Maharashtra,West,Paid Social,2024-03-04,25-34,2024-03-05,2024-03
10453,M,1997,Lucknow,Uttar Pradesh,North,Paid Social,2024-03-05,25-34,,
10454,M,1992,Hyderabad,Telangana,South,Paid Search,2024-03-05,25-34,2024-03-08,2024-03
10455,M,1991,Delhi,Delhi,North,Affiliate,2024-03-05,25-34,2024-03-07,2024-03
10456,F,1997,Ahmedabad,Gujarat,West,Organic Search,2024-03-05,25-34,,
10457,M,1989,Jaipur,Rajasthan,North,Organic Search,2024-03-05,35-44,2024-03-05,2024-03
10458,F,2006,Noida,Uttar Pradesh,North,Organic Search,2024-03-05,18-24,2024-03-08,2024-03
10459,M,1996,Chennai,Tamil Nadu,South,Paid Social,2024-03-06,25-34,2024-03-11,2024-03
10460,F,1992,Pune,Maharashtra,West,Paid Social,2024-03-06,25-34,2024-03-06,2024-03
10461,F,1990,Chandigarh,Chandigarh,North,Paid Social,2024-03-06,35-44,2024-03-06,2024-03
10462,M,1984,Bengaluru,Karnataka,South,Organic Search,2024-03-06,35-44,2024-03-06,2024-03
10463,F,1999,Chennai,Tamil Nadu,South,Paid Social,2024-03-06,25-34,2024-03-08,2024-03
10464,F,1987,Mumbai,Maharashtra,West,Organic Search,2024-03-06,35-44,,
10465,M,1992,Gurugram,Haryana,North,Referral,2024-03-06,25-34,2024-03-08,2024-03
10466,F,2006,Kolkata,West Bengal,East,Organic Search,2024-03-06,18-24,2024-03-10,2024-03
10467,F,1979,Mumbai,Maharashtra,West,Paid Search,2024-03-06,45+,2024-03-12,2024-03
10468,M,1993,Noida,Uttar Pradesh,North,Paid Search,2024-03-06,25-34,2024-03-16,2024-03
10469,F,1983,Delhi,Delhi,North,Paid Search,2024-03-07,35-44,2024-03-07,2024-03
10470,F,1989,Delhi,Delhi,North,Referral,2024-03-07,35-44,2024-03-07,2024-03
10471,F,1992,Kolkata,West Bengal,East,Affiliate,2024-03-07,25-34,2024-03-07,2024-03
10472,F,1983,Kolkata,West Bengal,East,Paid Social,2024-03-07,35-44,2024-03-08,2024-03
10473,M,1997,Pune,Maharashtra,West,Paid Search,2024-03-07,25-34,2024-03-07,2024-03
10474,M,2005,Bengaluru,Karnataka,South,Paid Search,2024-03-07,18-24,,
10475,M,1996,Chennai,Tamil Nadu,South,Paid Social,2024-03-07,25-34,2024-03-11,2024-03
10476,F,2000,Ahmedabad,Gujarat,West,Paid Search,2024-03-07,25-34,,
10477,M,2006,Bengaluru,Karnataka,South,Referral,2024-03-07,18-24,2024-03-07,2024-03
10478,F,1998,Kolkata,West Bengal,East,Paid Social,2024-03-08,25-34,,
10479,M,1975,Gurugram,Haryana,North,Paid Search,2024-03-08,45+,2024-03-09,2024-03
10480,M,1995,Delhi,Delhi,North,Affiliate,2024-03-08,25-34,,
10481,F,1973,Hyderabad,Telangana,South,Organic Search,2024-03-08,45+,2024-03-08,2024-03
10482,F,1988,Bengaluru,Karnataka,South,Paid Social,2024-03-08,35-44,2024-03-17,2024-03
10483,M,1982,Gurugram,Haryana,North,Paid Search,2024-03-08,35-44,2024-03-08,2024-03
10484,F,1996,Jaipur,Rajasthan,North,Organic Search,2024-03-08,25-34,,
10485,F,1986,Bengaluru,Karnataka,South,Organic Search,2024-03-08,35-44,2024-03-14,2024-03
10486,M,1996,Pune,Maharashtra,West,Paid Social,2024-03-08,25-34,2024-03-12,2024-03
10487,M,2000,Chennai,Tamil Nadu,South,Organic Search,2024-03-09,25-34,2024-03-09,2024-03
10488,M,1986,Chennai,Tamil Nadu,South,Email,2024-03-09,35-44,2024-03-10,2024-03
10489,M,1996,Pune,Maharashtra,West,Paid Search,2024-03-09,25-34,2024-03-09,2024-03
10490,M,1973,Bengaluru,Karnataka,South,Paid Search,2024-03-09,45+,2024-03-15,2024-03
10491,M,1982,Bengaluru,Karnataka,South,Paid Social,2024-03-09,35-44,2024-03-15,2024-03
10492,M,2004,Delhi,Delhi,North,Organic Search,2024-03-09,18-24,2024-03-11,2024-03
10493,F,1986,Mumbai,Maharashtra,West,Organic Search,2024-03-09,35-44,2024-03-14,2024-03
10494,F,1989,Mumbai,Maharashtra,West,Paid Search,2024-03-09,35-44,2024-03-12,2024-03
10495,M,1987,Chennai,Tamil Nadu,South,Paid Social,2024-03-09,35-44,,
10496,M,1980,Chennai,Tamil Nadu,South,Paid Search,2024-03-10,45+,,
10497,F,1985,Delhi,Delhi,North,Paid Search,2024-03-10,35-44,,
10498,M,1993,Chennai,Tamil Nadu,South,Paid Social,2024-03-10,25-34,,
10499,F,1990,Indore,Madhya Pradesh,West,Email,2024-03-10,35-44,,
10500,M,2002,Delhi,Delhi,North,Paid Search,2024-03-10,18-24,,
10501,F,1989,Mumbai,Maharashtra,West,Referral,2024-03-10,35-44,2024-03-11,2024-03
10502,M,1993,Chennai,Tamil Nadu,South,Organic Search,2024-03-10,25-34,2024-03-11,2024-03
10503,M,1989,Mumbai,Maharashtra,West,Paid Social,2024-03-11,35-44,,
10504,M,2001,Bengaluru,Karnataka,South,Paid Search,2024-03-11,18-24,2024-03-17,2024-03
10505,M,1982,Ahmedabad,Gujarat,West,Paid Search,2024-03-11,35-44,2024-03-12,2024-03
10506,F,1997,Ahmedabad,Gujarat,West,Organic Search,2024-03-11,25-34,,
10507,F,1997,Pune,Maharashtra,West,Organic Search,2024-03-11,25-34,,
10508,M,1987,Pune,Maharashtra,West,Paid Search,2024-03-11,35-44,,
10509,M,1993,Kochi,Kerala,South,Organic Search,2024-03-11,25-34,2024-03-11,2024-03
10510,M,1997,Mumbai,Maharashtra,West,Paid Search,2024-03-12,25-34,2024-03-12,2024-03
10511,M,1988,Noida,Uttar Pradesh,North,Paid Search,2024-03-12,35-44,,
10512,F,1988,Mumbai,Maharashtra,West,Organic Search,2024-03-12,35-44,2024-03-14,2024-03
10513,M,1984,Bengaluru,Karnataka,South,Paid Social,2024-03-12,35-44,2024-03-13,2024-03
10514,F,2006,Pune,Maharashtra,West,Paid Search,2024-03-12,18-24,2024-03-21,2024-03
10515,M,1990,Bengaluru,Karnataka,South,Organic Search,2024-03-12,35-44,2024-03-15,2024-03
10516,M,1984,Lucknow,Uttar Pradesh,North,Organic Search,2024-03-12,35-44,,
10517,M,1979,Ahmedabad,Gujarat,West,Paid Social,2024-03-13,45+,2024-03-20,2024-03
10518,F,1987,Chennai,Tamil Nadu,South,Paid Social,2024-03-13,35-44,,
10519,M,1996,Pune,Maharashtra,West,Referral,2024-03-13,25-34,2024-03-13,2024-03
10520,M,1991,Bengaluru,Karnataka,South,Organic Search,2024-03-13,25-34,,
10521,M,1996,Bengaluru,Karnataka,South,Paid Social,2024-03-13,25-34,2024-03-13,2024-03
10522,F,1999,Bengaluru,Karnataka,South,Paid Search,2024-03-13,25-34,2024-03-13,2024-03
10523,F,1992,Mumbai,Maharashtra,West,Email,2024-03-13,25-34,2024-03-16,2024-03
10524,M,1992,Bengaluru,Karnataka,South,Referral,2024-03-13,25-34,2024-03-14,2024-03
10525,M,2006,Mumbai,Maharashtra,West,Organic Search,2024-03-14,18-24,2024-03-16,2024-03
10526,F,1999,Mumbai,Maharashtra,West,Affiliate,2024-03-14,25-34,,
10527,F,1997,Pune,Maharashtra,West,Paid Search,2024-03-14,25-34,2024-03-14,2024-03
10528,F,1991,Mumbai,Maharashtra,West,Affiliate,2024-03-14,25-34,,
10529,M,1999,Delhi,Delhi,North,Paid Search,2024-03-14,25-34,,
10530,F,1996,Bengaluru,Karnataka,South,Paid Search,2024-03-15,25-34,2024-04-06,2024-04
10531,F,1996,Ahmedabad,Gujarat,West,Paid Social,2024-03-15,25-34,2024-03-15,2024-03
10532,F,1999,Delhi,Delhi,North,Organic Search,2024-03-15,25-34,2024-03-15,2024-03
10533,F,1996,Lucknow,Uttar Pradesh,North,Paid Social,2024-03-15,25-34,,
10534,F,1981,Indore,Madhya Pradesh,West,Organic Search,2024-03-15,35-44,2024-03-21,2024-03
10535,M,1994,Pune,Maharashtra,West,Organic Search,2024-03-15,25-34,2024-03-15,2024-03
10536,M,1985,Bengaluru,Karnataka,South,Paid Search,2024-03-16,35-44,2024-03-20,2024-03
10537,F,1999,Pune,Maharashtra,West,Affiliate,2024-03-16,25-34,2024-03-17,2024-03
10538,M,1981,Chennai,Tamil Nadu,South,Affiliate,2024-03-16,35-44,,
10539,M,1993,Delhi,Delhi,North,Paid Social,2024-03-16,25-34,2024-03-18,2024-03
10540,M,1994,Indore,Madhya Pradesh,West,Paid Social,2024-03-16,25-34,,
10541,F,1984,Mumbai,Maharashtra,West,Organic Search,2024-03-16,35-44,,
10542,M,1993,Jaipur,Rajasthan,North,Paid Search,2024-03-17,25-34,2024-03-18,2024-03
10543,M,2000,Kolkata,West Bengal,East,Affiliate,2024-03-17,25-34,2024-03-28,2024-03
10544,M,1989,Chennai,Tamil Nadu,South,Referral,2024-03-17,35-44,2024-03-20,2024-03
10545,M,1996,Gurugram,Haryana,North,Paid Social,2024-03-17,25-34,2024-03-18,2024-03
10546,F,1998,Delhi,Delhi,North,Organic Search,2024-03-17,25-34,2024-03-17,2024-03
10547,F,1985,Chennai,Tamil Nadu,South,Referral,2024-03-17,35-44,2024-03-19,2024-03
10548,M,1994,Gurugram,Haryana,North,Affiliate,2024-03-17,25-34,2024-03-19,2024-03
10549,F,1992,Kochi,Kerala,South,Affiliate,2024-03-17,25-34,,
10550,F,1993,Jaipur,Rajasthan,North,Paid Social,2024-03-17,25-34,,
10551,M,1981,Mumbai,Maharashtra,West,Organic Search,2024-03-18,35-44,,
10552,M,1982,Delhi,Delhi,North,Affiliate,2024-03-18,35-44,,
10553,M,2003,Pune,Maharashtra,West,Paid Social,2024-03-18,18-24,2024-03-18,2024-03
10554,M,2000,Gurugram,Haryana,North,Organic Search,2024-03-18,25-34,2024-03-19,2024-03
10555,F,1995,Mumbai,Maharashtra,West,Organic Search,2024-03-18,25-34,2024-03-18,2024-03
10556,M,2001,Kochi,Kerala,South,Paid Social,2024-03-18,18-24,2024-03-22,2024-03
10557,M,1983,Lucknow,Uttar Pradesh,North,Referral,2024-03-18,35-44,2024-03-29,2024-03
10558,F,1992,Bengaluru,Karnataka,South,Affiliate,2024-03-18,25-34,2024-03-20,2024-03
10559,M,1991,Noida,Uttar Pradesh,North,Affiliate,2024-03-18,25-34,2024-03-19,2024-03
10560,F,1987,Indore,Madhya Pradesh,West,Paid Social,2024-03-19,35-44,,
10561,M,1984,Jaipur,Rajasthan,North,Affiliate,2024-03-19,35-44,,
10562,M,2004,Bengaluru,Karnataka,South,Organic Search,2024-03-19,18-24,2024-03-19,2024-03
10563,M,1988,Hyderabad,Telangana,South,Organic Search,2024-03-19,35-44,2024-03-20,2024-03
10564,F,1997,Chennai,Tamil Nadu,South,Organic Search,2024-03-19,25-34,,
10565,F,1996,Kochi,Kerala,South,Referral,2024-03-19,25-34,,
10566,M,2002,Lucknow,Uttar Pradesh,North,Email,2024-03-19,18-24,2024-03-22,2024-03
10567,F,1999,Delhi,Delhi,North,Referral,2024-03-20,25-34,2024-03-26,2024-03
10568,F,1991,Delhi,Delhi,North,Affiliate,2024-03-20,25-34,2024-03-20,2024-03
10569,M,1983,Bengaluru,Karnataka,South,Paid Social,2024-03-20,35-44,,
10570,M,2001,Gurugram,Haryana,North,Referral,2024-03-20,18-24,2024-03-20,2024-03
10571,M,2003,Hyderabad,Telangana,South,Paid Search,2024-03-20,18-24,2024-04-01,2024-04
10572,F,2006,Kolkata,West Bengal,East,Referral,2024-03-20,18-24,,
10573,M,2001,Gurugram,Haryana,North,Referral,2024-03-21,18-24,2024-04-06,2024-04
10574,M,1988,Jaipur,Rajasthan,North,Paid Search,2024-03-21,35-44,2024-03-31,2024-03
10575,M,1989,Pune,Maharashtra,West,Organic Search,2024-03-21,35-44,,
10576,F,1977,Mumbai,Maharashtra,West,Organic Search,2024-03-21,45+,,
10577,M,1987,Mumbai,Maharashtra,West,Email,2024-03-22,35-44,2024-03-23,2024-03
10578,M,1983,Noida,Uttar Pradesh,North,Paid Social,2024-03-22,35-44,2024-04-01,2024-04
10579,F,1998,Chennai,Tamil Nadu,South,Paid Search,2024-03-22,25-34,2024-03-25,2024-03
10580,M,2001,Bengaluru,Karnataka,South,Affiliate,2024-03-22,18-24,2024-03-24,2024-03
10581,M,2006,Gurugram,Haryana,North,Paid Search,2024-03-22,18-24,,
10582,F,2006,Delhi,Delhi,North,Paid Search,2024-03-23,18-24,2024-04-02,2024-04
10583,M,1995,Hyderabad,Telangana,South,Referral,2024-03-23,25-34,2024-03-24,2024-03
10584,F,1989,Delhi,Delhi,North,Paid Search,2024-03-23,35-44,2024-03-26,2024-03
10585,F,1990,Chennai,Tamil Nadu,South,Paid Search,2024-03-23,35-44,2024-03-24,2024-03
10586,M,1988,Pune,Maharashtra,West,Referral,2024-03-23,35-44,2024-03-24,2024-03
10587,F,2006,Kolkata,West Bengal,East,Paid Search,2024-03-23,18-24,2024-03-26,2024-03
10588,M,1971,Hyderabad,Telangana,South,Paid Search,2024-03-23,45+,2024-03-30,2024-03
10589,M,2006,Chennai,Tamil Nadu,South,Organic Search,2024-03-23,18-24,2024-03-24,2024-03
10590,F,1986,Bengaluru,Karnataka,South,Email,2024-03-24,35-44,2024-03-24,2024-03
10591,F,1990,Ahmedabad,Gujarat,West,Paid Social,2024-03-24,35-44,,
10592,F,1973,Gurugram,Haryana,North,Email,2024-03-24,45+,2024-03-31,2024-03
10593,M,2002,Bengaluru,Karnataka,South,Paid Social,2024-03-24,18-24,,
10594,F,2000,Indore,Madhya Pradesh,West,Organic Search,2024-03-24,25-34,,
10595,M,1985,Mumbai,Maharashtra,West,Paid Search,2024-03-24,35-44,,
10596,M,2002,Ahmedabad,Gujarat,West,Paid Search,2024-03-24,18-24,2024-03-28,2024-03
10597,M,2001,Lucknow,Uttar Pradesh,North,Referral,2024-03-24,18-24,2024-04-01,2024-04
10598,M,1989,Mumbai,Maharashtra,West,Paid Social,2024-03-24,35-44,,
10599,M,1977,Delhi,Delhi,North,Paid Social,2024-03-24,45+,2024-03-24,2024-03
10600,F,1992,Mumbai,Maharashtra,West,Referral,2024-03-25,25-34,2024-03-25,2024-03
10601,F,2002,Mumbai,Maharashtra,West,Organic Search,2024-03-25,18-24,2024-03-25,2024-03
10602,F,1986,Chennai,Tamil Nadu,South,Email,2024-03-25,35-44,2024-04-05,2024-04
10603,M,2002,Pune,Maharashtra,West,Paid Search,2024-03-25,18-24,2024-03-29,2024-03
10604,M,1987,Kochi,Kerala,South,Paid Social,2024-03-25,35-44,2024-03-30,2024-03
10605,F,1993,Kolkata,West Bengal,East,Organic Search,2024-03-25,25-34,2024-03-25,2024-03
10606,F,1988,Delhi,Delhi,North,Organic Search,2024-03-25,35-44,2024-03-28,2024-03
10607,F,1995,Indore,Madhya Pradesh,West,Referral,2024-03-25,25-34,2024-03-26,2024-03
10608,F,2000,Jaipur,Rajasthan,North,Paid Search,2024-03-25,25-34,2024-03-25,2024-03
10609,F,2006,Chennai,Tamil Nadu,South,Email,2024-03-25,18-24,2024-03-25,2024-03
10610,M,1995,Pune,Maharashtra,West,Paid Social,2024-03-26,25-34,,
10611,M,1981,Delhi,Delhi,North,Paid Social,2024-03-26,35-44,2024-04-01,2024-04
10612,M,1999,Noida,Uttar Pradesh,North,Paid Search,2024-03-26,25-34,2024-04-02,2024-04
10613,F,1991,Bengaluru,Karnataka,South,Email,2024-03-26,25-34,,
10614,F,1991,Delhi,Delhi,North,Affiliate,2024-03-27,25-34,2024-04-07,2024-04
10615,F,1994,Mumbai,Maharashtra,West,Organic Search,2024-03-27,25-34,2024-03-27,2024-03
10616,F,1998,Chennai,Tamil Nadu,South,Paid Social,2024-03-27,25-34,2024-03-30,2024-03
10617,F,1990,Delhi,Delhi,North,Email,2024-03-27,35-44,2024-03-27,2024-03
10618,M,1998,Bengaluru,Karnataka,South,Organic Search,2024-03-27,25-34,,
10619,M,1997,Bengaluru,Karnataka,South,Paid Search,2024-03-27,25-34,2024-03-27,2024-03
10620,M,1998,Chandigarh,Chandigarh,North,Affiliate,2024-03-28,25-34,2024-04-03,2024-04
10621,M,2001,Delhi,Delhi,North,Paid Social,2024-03-28,18-24,2024-04-06,2024-04
10622,M,1976,Delhi,Delhi,North,Affiliate,2024-03-28,45+,2024-04-05,2024-04
10623,M,1990,Kolkata,West Bengal,East,Paid Search,2024-03-28,35-44,2024-03-31,2024-03
10624,F,1992,Bengaluru,Karnataka,South,Paid Social,2024-03-28,25-34,2024-03-29,2024-03
10625,F,1992,Mumbai,Maharashtra,West,Paid Search,2024-03-28,25-34,2024-03-28,2024-03
10626,M,1987,Chennai,Tamil Nadu,South,Paid Search,2024-03-28,35-44,2024-03-28,2024-03
10627,M,1988,Delhi,Delhi,North,Email,2024-03-28,35-44,2024-04-03,2024-04
10628,M,1998,Delhi,Delhi,North,Paid Social,2024-03-30,25-34,2024-04-01,2024-04
10629,M,1997,Noida,Uttar Pradesh,North,Affiliate,2024-03-30,25-34,2024-04-02,2024-04
10630,M,1994,Hyderabad,Telangana,South,Paid Search,2024-03-30,25-34,2024-04-01,2024-04
10631,F,1985,Mumbai,Maharashtra,West,Affiliate,2024-03-30,35-44,2024-03-30,2024-03
10632,F,2000,Bengaluru,Karnataka,South,Paid Social,2024-03-30,25-34,2024-03-31,2024-03
10633,F,2000,Lucknow,Uttar Pradesh,North,Organic Search,2024-03-30,25-34,2024-03-31,2024-03
10634,F,2002,Hyderabad,Telangana,South,Paid Search,2024-03-30,18-24,2024-04-05,2024-04
10635,M,1987,Hyderabad,Telangana,South,Organic Search,2024-03-30,35-44,2024-04-05,2024-04
10636,F,2006,Mumbai,Maharashtra,West,Organic Search,2024-03-30,18-24,2024-04-04,2024-04
10637,M,1995,Noida,Uttar Pradesh,North,Affiliate,2024-03-30,25-34,2024-04-05,2024-04
10638,M,1987,Bengaluru,Karnataka,South,Affiliate,2024-03-31,35-44,,
10639,M,2006,Lucknow,Uttar Pradesh,North,Organic Search,2024-03-31,18-24,2024-04-01,2024-04
10640,M,1999,Gurugram,Haryana,North,Organic Search,2024-03-31,25-34,2024-03-31,2024-03
10641,M,1995,Indore,Madhya Pradesh,West,Organic Search,2024-03-31,25-34,2024-04-01,2024-04
10642,M,1996,Pune,Maharashtra,West,Email,2024-03-31,25-34,2024-04-01,2024-04
10643,M,2004,Hyderabad,Telangana,South,Paid Social,2024-03-31,18-24,,
10644,F,1996,Jaipur,Rajasthan,North,Paid Social,2024-03-31,25-34,,
10645,M,1980,Noida,Uttar Pradesh,North,Paid Social,2024-04-01,45+,,
10646,M,1993,Bengaluru,Karnataka,South,Affiliate,2024-04-01,25-34,2024-04-10,2024-04
10647,F,2001,Bengaluru,Karnataka,South,Organic Search,2024-04-01,18-24,2024-04-11,2024-04
10648,F,1993,Mumbai,Maharashtra,West,Organic Search,2024-04-01,25-34,2024-04-01,2024-04
10649,F,1986,Mumbai,Maharashtra,West,Paid Social,2024-04-01,35-44,2024-04-03,2024-04
10650,F,1993,Delhi,Delhi,North,Affiliate,2024-04-01,25-34,,
10651,M,2000,Mumbai,Maharashtra,West,Paid Social,2024-04-02,25-34,,
10652,M,2004,Kolkata,West Bengal,East,Email,2024-04-02,18-24,2024-04-02,2024-04
10653,F,1985,Delhi,Delhi,North,Email,2024-04-02,35-44,2024-04-08,2024-04
10654,F,1984,Ahmedabad,Gujarat,West,Organic Search,2024-04-02,35-44,2024-04-03,2024-04
10655,M,1993,Delhi,Delhi,North,Paid Social,2024-04-03,25-34,2024-04-09,2024-04
10656,M,1988,Chandigarh,Chandigarh,North,Email,2024-04-03,35-44,2024-04-06,2024-04
10657,F,1989,Hyderabad,Telangana,South,Organic Search,2024-04-03,35-44,2024-04-03,2024-04
10658,M,1991,Ahmedabad,Gujarat,West,Paid Social,2024-04-03,25-34,2024-04-04,2024-04
10659,F,2000,Delhi,Delhi,North,Organic Search,2024-04-03,25-34,2024-04-04,2024-04
10660,F,1987,Mumbai,Maharashtra,West,Referral,2024-04-03,35-44,2024-04-03,2024-04
10661,F,1984,Delhi,Delhi,North,Organic Search,2024-04-03,35-44,2024-04-06,2024-04
10662,F,1988,Mumbai,Maharashtra,West,Paid Search,2024-04-03,35-44,2024-04-03,2024-04
10663,F,1981,Hyderabad,Telangana,South,Paid Social,2024-04-03,35-44,2024-04-04,2024-04
10664,F,1994,Lucknow,Uttar Pradesh,North,Paid Social,2024-04-03,25-34,2024-04-03,2024-04
10665,F,1994,Mumbai,Maharashtra,West,Organic Search,2024-04-03,25-34,,
10666,M,2002,Pune,Maharashtra,West,Organic Search,2024-04-03,18-24,,
10667,M,1985,Chennai,Tamil Nadu,South,Email,2024-04-03,35-44,2024-04-12,2024-04
10668,M,1994,Delhi,Delhi,North,Affiliate,2024-04-04,25-34,2024-04-13,2024-04
10669,F,1996,Ahmedabad,Gujarat,West,Paid Social,2024-04-04,25-34,2024-04-04,2024-04
10670,F,1981,Delhi,Delhi,North,Organic Search,2024-04-04,35-44,2024-04-09,2024-04
10671,F,1995,Delhi,Delhi,North,Referral,2024-04-04,25-34,2024-04-04,2024-04
10672,F,1996,Noida,Uttar Pradesh,North,Paid Social,2024-04-04,25-34,2024-04-04,2024-04
10673,M,1992,Bengaluru,Karnataka,South,Paid Search,2024-04-04,25-34,,
10674,M,1983,Delhi,Delhi,North,Organic Search,2024-04-05,35-44,2024-04-05,2024-04
10675,F,1993,Kolkata,West Bengal,East,Organic Search,2024-04-05,25-34,2024-04-06,2024-04
10676,F,1978,Mumbai,Maharashtra,West,Organic Search,2024-04-05,45+,2024-04-18,2024-04
10677,M,1996,Chennai,Tamil Nadu,South,Paid Social,2024-04-05,25-34,2024-04-09,2024-04
10678,M,1999,Noida,Uttar Pradesh,North,Paid Search,2024-04-05,25-34,2024-04-06,2024-04
10679,M,1992,Chandigarh,Chandigarh,North,Paid Social,2024-04-05,25-34,,
10680,F,2004,Bengaluru,Karnataka,South,Paid Social,2024-04-06,18-24,2024-04-07,2024-04
10681,M,1988,Mumbai,Maharashtra,West,Paid Social,2024-04-06,35-44,,
10682,M,1988,Pune,Maharashtra,West,Paid Social,2024-04-06,35-44,2024-04-06,2024-04
10683,M,1991,Hyderabad,Telangana,South,Paid Social,2024-04-06,25-34,2024-04-08,2024-04
10684,F,2006,Bengaluru,Karnataka,South,Organic Search,2024-04-06,18-24,2024-04-06,2024-04
10685,M,1991,Chennai,Tamil Nadu,South,Organic Search,2024-04-06,25-34,,
10686,F,2006,Delhi,Delhi,North,Paid Social,2024-04-06,18-24,2024-04-21,2024-04
10687,F,1993,Indore,Madhya Pradesh,West,Paid Search,2024-04-06,25-34,2024-04-06,2024-04
10688,M,1987,Indore,Madhya Pradesh,West,Paid Search,2024-04-07,35-44,2024-04-23,2024-04
10689,M,2006,Indore,Madhya Pradesh,West,Paid Search,2024-04-07,18-24,,
10690,M,1995,Ahmedabad,Gujarat,West,Organic Search,2024-04-07,25-34,,
10691,M,1991,Bengaluru,Karnataka,South,Organic Search,2024-04-07,25-34,2024-04-07,2024-04
10692,M,2000,Chennai,Tamil Nadu,South,Paid Social,2024-04-07,25-34,2024-04-30,2024-04
10693,F,2003,Noida,Uttar Pradesh,North,Paid Social,2024-04-07,18-24,,
10694,M,1989,Delhi,Delhi,North,Paid Social,2024-04-08,35-44,,
10695,M,2001,Delhi,Delhi,North,Organic Search,2024-04-08,18-24,2024-04-10,2024-04
10696,M,1992,Gurugram,Haryana,North,Referral,2024-04-08,25-34,2024-04-10,2024-04
10697,M,1986,Bengaluru,Karnataka,South,Paid Search,2024-04-08,35-44,2024-04-08,2024-04
10698,M,1988,Mumbai,Maharashtra,West,Paid Social,2024-04-08,35-44,2024-04-15,2024-04
10699,M,1984,Mumbai,Maharashtra,West,Paid Search,2024-04-08,35-44,,
10700,F,1994,Kochi,Kerala,South,Paid Search,2024-04-08,25-34,2024-04-11,2024-04
10701,M,1994,Kochi,Kerala,South,Referral,2024-04-09,25-34,2024-04-09,2024-04
10702,F,2003,Pune,Maharashtra,West,Organic Search,2024-04-09,18-24,2024-04-14,2024-04
10703,F,2000,Mumbai,Maharashtra,West,Organic Search,2024-04-09,25-34,2024-04-10,2024-04
10704,F,1990,Jaipur,Rajasthan,North,Organic Search,2024-04-09,35-44,2024-04-09,2024-04
10705,F,1992,Mumbai,Maharashtra,West,Affiliate,2024-04-09,25-34,2024-04-14,2024-04
10706,M,1988,Mumbai,Maharashtra,West,Affiliate,2024-04-09,35-44,,
10707,F,1994,Delhi,Delhi,North,Paid Social,2024-04-09,25-34,2024-04-19,2024-04
10708,M,1992,Hyderabad,Telangana,South,Paid Search,2024-04-10,25-34,2024-04-10,2024-04
10709,F,1994,Mumbai,Maharashtra,West,Organic Search,2024-04-10,25-34,2024-04-11,2024-04
10710,F,2005,Noida,Uttar Pradesh,North,Referral,2024-04-10,18-24,2024-04-14,2024-04
10711,M,2006,Bengaluru,Karnataka,South,Organic Search,2024-04-10,18-24,,
10712,F,1989,Mumbai,Maharashtra,West,Organic Search,2024-04-11,35-44,2024-04-23,2024-04
10713,F,2000,Chandigarh,Chandigarh,North,Email,2024-04-11,25-34,2024-04-18,2024-04
10714,F,1999,Lucknow,Uttar Pradesh,North,Organic Search,2024-04-11,25-34,2024-04-21,2024-04
10715,F,1989,Delhi,Delhi,North,Email,2024-04-11,35-44,2024-04-13,2024-04
10716,M,2005,Pune,Maharashtra,West,Referral,2024-04-11,18-24,2024-04-13,2024-04
10717,F,1982,Mumbai,Maharashtra,West,Referral,2024-04-11,35-44,2024-04-15,2024-04
10718,M,2002,Delhi,Delhi,North,Paid Social,2024-04-11,18-24,,
10719,M,1993,Hyderabad,Telangana,South,Paid Search,2024-04-11,25-34,2024-04-12,2024-04
10720,M,1985,Hyderabad,Telangana,South,Paid Social,2024-04-11,35-44,2024-04-15,2024-04
10721,M,1992,Pune,Maharashtra,West,Referral,2024-04-12,25-34,,
10722,F,2006,Chennai,Tamil Nadu,South,Referral,2024-04-12,18-24,,
10723,M,2006,Pune,Maharashtra,West,Email,2024-04-12,18-24,2024-04-29,2024-04
10724,F,1987,Gurugram,Haryana,North,Affiliate,2024-04-12,35-44,2024-04-19,2024-04
10725,M,1993,Pune,Maharashtra,West,Paid Social,2024-04-12,25-34,2024-04-18,2024-04
10726,F,1992,Chandigarh,Chandigarh,North,Affiliate,2024-04-12,25-34,2024-04-19,2024-04
10727,M,1993,Mumbai,Maharashtra,West,Organic Search,2024-04-12,25-34,2024-04-13,2024-04
10728,M,2006,Kolkata,West Bengal,East,Affiliate,2024-04-12,18-24,2024-04-16,2024-04
10729,F,1990,Mumbai,Maharashtra,West,Email,2024-04-12,35-44,2024-04-13,2024-04
10730,M,1987,Noida,Uttar Pradesh,North,Organic Search,2024-04-12,35-44,2024-04-12,2024-04
10731,F,1990,Delhi,Delhi,North,Paid Social,2024-04-13,35-44,2024-04-14,2024-04
10732,M,1992,Chennai,Tamil Nadu,South,Paid Social,2024-04-13,25-34,,
10733,M,2000,Delhi,Delhi,North,Referral,2024-04-13,25-34,2024-04-19,2024-04
10734,F,1995,Kochi,Kerala,South,Organic Search,2024-04-13,25-34,,
10735,M,1999,Delhi,Delhi,North,Paid Social,2024-04-13,25-34,,
10736,M,2002,Hyderabad,Telangana,South,Paid Social,2024-04-13,18-24,2024-04-17,2024-04
10737,F,1991,Jaipur,Rajasthan,North,Paid Search,2024-04-13,25-34,2024-04-17,2024-04
10738,M,1993,Lucknow,Uttar Pradesh,North,Affiliate,2024-04-13,25-34,,
10739,F,1997,Gurugram,Haryana,North,Paid Social,2024-04-13,25-34,,
10740,F,1989,Delhi,Delhi,North,Paid Search,2024-04-13,35-44,,
10741,F,1994,Delhi,Delhi,North,Email,2024-04-13,25-34,2024-04-26,2024-04
10742,M,2002,Gurugram,Haryana,North,Organic Search,2024-04-14,18-24,2024-04-19,2024-04
10743,F,1994,Ahmedabad,Gujarat,West,Paid Search,2024-04-14,25-34,2024-04-14,2024-04
10744,M,2004,Ahmedabad,Gujarat,West,Organic Search,2024-04-14,18-24,2024-04-15,2024-04
10745,M,1986,Jaipur,Rajasthan,North,Affiliate,2024-04-14,35-44,,
10746,M,1996,Bengaluru,Karnataka,South,Email,2024-04-14,25-34,,
10747,F,1998,Hyderabad,Telangana,South,Paid Social,2024-04-14,25-34,2024-04-17,2024-04
10748,F,1996,Kolkata,West Bengal,East,Paid Search,2024-04-14,25-34,2024-04-20,2024-04
10749,F,1991,Mumbai,Maharashtra,West,Paid Search,2024-04-14,25-34,2024-04-17,2024-04
10750,M,1982,Mumbai,Maharashtra,West,Paid Social,2024-04-14,35-44,,
10751,F,2002,Kolkata,West Bengal,East,Paid Social,2024-04-15,18-24,,
10752,F,1982,Kolkata,West Bengal,East,Organic Search,2024-04-15,35-44,2024-04-19,2024-04
10753,F,1983,Kochi,Kerala,South,Organic Search,2024-04-15,35-44,2024-04-19,2024-04
10754,F,1998,Indore,Madhya Pradesh,West,Email,2024-04-15,25-34,2024-04-16,2024-04
10755,F,1991,Indore,Madhya Pradesh,West,Paid Social,2024-04-15,25-34,2024-04-17,2024-04
10756,F,1995,Kochi,Kerala,South,Organic Search,2024-04-15,25-34,2024-04-16,2024-04
10757,M,1983,Pune,Maharashtra,West,Affiliate,2024-04-15,35-44,2024-04-15,2024-04
10758,M,1996,Noida,Uttar Pradesh,North,Paid Search,2024-04-15,25-34,,
10759,F,2000,Kolkata,West Bengal,East,Referral,2024-04-15,25-34,2024-04-18,2024-04
10760,M,1981,Chennai,Tamil Nadu,South,Organic Search,2024-04-16,35-44,2024-04-18,2024-04
10761,F,1996,Delhi,Delhi,North,Affiliate,2024-04-16,25-34,2024-04-24,2024-04
10762,M,2001,Delhi,Delhi,North,Organic Search,2024-04-16,18-24,2024-05-02,2024-05
10763,F,1983,Chennai,Tamil Nadu,South,Affiliate,2024-04-16,35-44,,
10764,M,1995,Jaipur,Rajasthan,North,Referral,2024-04-16,25-34,2024-04-18,2024-04
10765,F,1994,Bengaluru,Karnataka,South,Organic Search,2024-04-16,25-34,2024-04-16,2024-04
10766,M,1996,Delhi,Delhi,North,Organic Search,2024-04-17,25-34,,
10767,F,1991,Gurugram,Haryana,North,Referral,2024-04-17,25-34,2024-04-18,2024-04
10768,M,1982,Bengaluru,Karnataka,South,Organic Search,2024-04-17,35-44,2024-04-19,2024-04
10769,F,1990,Kolkata,West Bengal,East,Organic Search,2024-04-17,35-44,2024-04-18,2024-04
10770,M,1989,Pune,Maharashtra,West,Paid Social,2024-04-17,35-44,2024-04-24,2024-04
10771,M,1993,Delhi,Delhi,North,Organic Search,2024-04-17,25-34,,
10772,F,2003,Lucknow,Uttar Pradesh,North,Paid Social,2024-04-17,18-24,2024-04-21,2024-04
10773,F,1982,Noida,Uttar Pradesh,North,Paid Social,2024-04-17,35-44,2024-04-23,2024-04
10774,M,2001,Kolkata,West Bengal,East,Organic Search,2024-04-17,18-24,2024-05-05,2024-05
10775,F,2006,Mumbai,Maharashtra,West,Paid Search,2024-04-17,18-24,2024-04-18,2024-04
10776,F,2006,Kolkata,West Bengal,East,Organic Search,2024-04-18,18-24,2024-04-19,2024-04
10777,M,2006,Chennai,Tamil Nadu,South,Affiliate,2024-04-18,18-24,,
10778,M,1995,Mumbai,Maharashtra,West,Organic Search,2024-04-18,25-34,2024-04-19,2024-04
10779,F,1994,Delhi,Delhi,North,Paid Social,2024-04-18,25-34,2024-04-23,2024-04
10780,F,1979,Kolkata,West Bengal,East,Paid Social,2024-04-18,45+,2024-04-27,2024-04
10781,F,1992,Delhi,Delhi,North,Referral,2024-04-18,25-34,2024-04-24,2024-04
10782,M,2003,Chennai,Tamil Nadu,South,Paid Search,2024-04-18,18-24,2024-04-19,2024-04
10783,F,1982,Mumbai,Maharashtra,West,Organic Search,2024-04-18,35-44,2024-04-26,2024-04
10784,F,1987,Jaipur,Rajasthan,North,Paid Social,2024-04-18,35-44,2024-04-20,2024-04
10785,M,1994,Mumbai,Maharashtra,West,Paid Social,2024-04-18,25-34,2024-04-26,2024-04
10786,M,1980,Mumbai,Maharashtra,West,Referral,2024-04-19,45+,2024-04-21,2024-04
10787,F,2006,Bengaluru,Karnataka,South,Organic Search,2024-04-19,18-24,2024-04-27,2024-04
10788,F,1998,Ahmedabad,Gujarat,West,Referral,2024-04-19,25-34,2024-04-25,2024-04
10789,M,1996,Lucknow,Uttar Pradesh,North,Organic Search,2024-04-19,25-34,2024-04-22,2024-04
10790,M,2000,Pune,Maharashtra,West,Paid Social,2024-04-20,25-34,,
10791,M,1991,Mumbai,Maharashtra,West,Paid Social,2024-04-20,25-34,2024-04-20,2024-04
10792,F,1996,Kochi,Kerala,South,Organic Search,2024-04-20,25-34,2024-04-27,2024-04
10793,M,1986,Chennai,Tamil Nadu,South,Affiliate,2024-04-20,35-44,2024-04-24,2024-04
10794,M,1975,Indore,Madhya Pradesh,West,Paid Social,2024-04-20,45+,2024-04-20,2024-04
10795,M,1993,Kolkata,West Bengal,East,Organic Search,2024-04-20,25-34,2024-04-20,2024-04
10796,F,2006,Mumbai,Maharashtra,West,Organic Search,2024-04-20,18-24,2024-04-24,2024-04
10797,F,2006,Delhi,Delhi,North,Referral,2024-04-20,18-24,2024-04-28,2024-04
10798,M,1992,Delhi,Delhi,North,Email,2024-04-20,25-34,,
10799,F,1991,Chennai,Tamil Nadu,South,Organic Search,2024-04-20,25-34,2024-05-05,2024-05
10800,F,1981,Mumbai,Maharashtra,West,Organic Search,2024-04-20,35-44,2024-04-21,2024-04
10801,F,2002,Chennai,Tamil Nadu,South,Paid Social,2024-04-20,18-24,,
10802,F,1997,Mumbai,Maharashtra,West,Paid Search,2024-04-21,25-34,,
10803,M,1992,Delhi,Delhi,North,Paid Search,2024-04-21,25-34,2024-04-25,2024-04
10804,F,1978,Pune,Maharashtra,West,Paid Search,2024-04-21,45+,2024-04-21,2024-04
10805,F,1979,Indore,Madhya Pradesh,West,Paid Social,2024-04-21,45+,2024-04-21,2024-04
10806,M,1995,Mumbai,Maharashtra,West,Organic Search,2024-04-21,25-34,2024-04-27,2024-04
10807,M,1981,Chennai,Tamil Nadu,South,Paid Search,2024-04-21,35-44,2024-04-22,2024-04
10808,M,1998,Bengaluru,Karnataka,South,Organic Search,2024-04-21,25-34,2024-04-22,2024-04
10809,F,1998,Mumbai,Maharashtra,West,Organic Search,2024-04-21,25-34,2024-05-05,2024-05
10810,M,1983,Bengaluru,Karnataka,South,Affiliate,2024-04-22,35-44,2024-04-28,2024-04
10811,F,1994,Chandigarh,Chandigarh,North,Organic Search,2024-04-22,25-34,,
10812,M,1986,Chennai,Tamil Nadu,South,Organic Search,2024-04-22,35-44,2024-04-23,2024-04
10813,F,2001,Jaipur,Rajasthan,North,Email,2024-04-22,18-24,2024-04-27,2024-04
10814,M,2006,Bengaluru,Karnataka,South,Affiliate,2024-04-22,18-24,2024-04-23,2024-04
10815,F,1993,Mumbai,Maharashtra,West,Email,2024-04-22,25-34,2024-04-29,2024-04
10816,M,2005,Delhi,Delhi,North,Organic Search,2024-04-22,18-24,2024-04-25,2024-04
10817,F,2002,Bengaluru,Karnataka,South,Paid Social,2024-04-22,18-24,,
10818,F,1993,Mumbai,Maharashtra,West,Paid Social,2024-04-23,25-34,2024-05-01,2024-05
10819,M,1998,Bengaluru,Karnataka,South,Referral,2024-04-23,25-34,2024-04-28,2024-04
10820,F,1983,Pune,Maharashtra,West,Organic Search,2024-04-23,35-44,2024-04-26,2024-04
10821,F,1995,Delhi,Delhi,North,Paid Search,2024-04-23,25-34,2024-05-02,2024-05
10822,F,1991,Noida,Uttar Pradesh,North,Organic Search,2024-04-23,25-34,2024-04-25,2024-04
10823,F,2004,Bengaluru,Karnataka,South,Paid Social,2024-04-23,18-24,2024-04-28,2024-04
10824,F,1988,Mumbai,Maharashtra,West,Paid Search,2024-04-23,35-44,2024-04-23,2024-04
10825,F,1985,Mumbai,Maharashtra,West,Paid Social,2024-04-23,35-44,2024-04-23,2024-04
10826,M,1985,Delhi,Delhi,North,Paid Social,2024-04-23,35-44,2024-04-26,2024-04
10827,M,2000,Jaipur,Rajasthan,North,Email,2024-04-23,25-34,,
10828,M,1992,Bengaluru,Karnataka,South,Affiliate,2024-04-23,25-34,2024-04-27,2024-04
10829,F,1980,Chennai,Tamil Nadu,South,Paid Social,2024-04-23,45+,2024-05-04,2024-05
10830,M,2002,Ahmedabad,Gujarat,West,Organic Search,2024-04-24,18-24,2024-04-24,2024-04
10831,M,1981,Ahmedabad,Gujarat,West,Email,2024-04-24,35-44,2024-04-24,2024-04
10832,M,1989,Pune,Maharashtra,West,Organic Search,2024-04-24,35-44,2024-04-30,2024-04
10833,F,1992,Bengaluru,Karnataka,South,Organic Search,2024-04-24,25-34,2024-04-27,2024-04
10834,M,1985,Hyderabad,Telangana,South,Paid Search,2024-04-24,35-44,2024-04-24,2024-04
10835,M,1980,Noida,Uttar Pradesh,North,Paid Social,2024-04-24,45+,,
10836,M,2000,Bengaluru,Karnataka,South,Organic Search,2024-04-24,25-34,2024-05-06,2024-05
10837,F,1999,Lucknow,Uttar Pradesh,North,Paid Search,2024-04-24,25-34,2024-05-04,2024-05
10838,M,1994,Delhi,Delhi,North,Organic Search,2024-04-24,25-34,2024-04-24,2024-04
10839,F,1996,Delhi,Delhi,North,Paid Social,2024-04-24,25-34,2024-04-30,2024-04
10840,F,1980,Delhi,Delhi,North,Paid Social,2024-04-25,45+,,
10841,F,1998,Jaipur,Rajasthan,North,Paid Social,2024-04-25,25-34,2024-04-25,2024-04
10842,M,1997,Delhi,Delhi,North,Paid Search,2024-04-25,25-34,2024-04-27,2024-04
10843,M,1997,Delhi,Delhi,North,Email,2024-04-25,25-34,2024-04-25,2024-04
10844,F,1997,Gurugram,Haryana,North,Paid Search,2024-04-25,25-34,2024-04-27,2024-04
10845,F,2001,Delhi,Delhi,North,Paid Search,2024-04-25,18-24,2024-05-05,2024-05
10846,M,1993,Mumbai,Maharashtra,West,Paid Social,2024-04-25,25-34,2024-04-25,2024-04
10847,M,1994,Hyderabad,Telangana,South,Paid Social,2024-04-25,25-34,2024-04-28,2024-04
10848,M,1983,Ahmedabad,Gujarat,West,Referral,2024-04-25,35-44,,
10849,M,1999,Delhi,Delhi,North,Organic Search,2024-04-25,25-34,2024-04-26,2024-04
10850,F,1988,Mumbai,Maharashtra,West,Email,2024-04-25,35-44,2024-04-27,2024-04
10851,F,1989,Mumbai,Maharashtra,West,Paid Search,2024-04-25,35-44,2024-04-29,2024-04
10852,F,1990,Gurugram,Haryana,North,Email,2024-04-25,35-44,2024-04-28,2024-04
10853,M,1985,Mumbai,Maharashtra,West,Paid Social,2024-04-26,35-44,,
10854,M,1993,Chandigarh,Chandigarh,North,Paid Search,2024-04-26,25-34,2024-04-27,2024-04
10855,F,2000,Pune,Maharashtra,West,Organic Search,2024-04-26,25-34,,
10856,F,1985,Bengaluru,Karnataka,South,Paid Search,2024-04-26,35-44,2024-05-08,2024-05
10857,F,1993,Pune,Maharashtra,West,Paid Social,2024-04-26,25-34,2024-05-09,2024-05
10858,M,1999,Delhi,Delhi,North,Email,2024-04-26,25-34,2024-05-06,2024-05
10859,F,1974,Delhi,Delhi,North,Email,2024-04-26,45+,2024-04-28,2024-04
10860,M,2006,Chennai,Tamil Nadu,South,Paid Social,2024-04-26,18-24,2024-04-30,2024-04
10861,F,1990,Bengaluru,Karnataka,South,Email,2024-04-26,35-44,2024-05-06,2024-05
10862,F,1986,Bengaluru,Karnataka,South,Email,2024-04-26,35-44,2024-04-29,2024-04
10863,F,1994,Kochi,Kerala,South,Affiliate,2024-04-26,25-34,,
10864,F,1988,Ahmedabad,Gujarat,West,Paid Search,2024-04-26,35-44,,
10865,F,1993,Delhi,Delhi,North,Organic Search,2024-04-26,25-34,2024-04-26,2024-04
10866,F,1988,Bengaluru,Karnataka,South,Affiliate,2024-04-26,35-44,2024-04-30,2024-04
10867,M,2003,Gurugram,Haryana,North,Paid Social,2024-04-26,18-24,2024-04-26,2024-04
10868,M,2006,Bengaluru,Karnataka,South,Paid Search,2024-04-27,18-24,2024-04-28,2024-04
10869,M,1999,Mumbai,Maharashtra,West,Paid Search,2024-04-27,25-34,2024-04-28,2024-04
10870,F,1995,Delhi,Delhi,North,Organic Search,2024-04-27,25-34,2024-04-29,2024-04
10871,F,1989,Delhi,Delhi,North,Organic Search,2024-04-27,35-44,2024-04-27,2024-04
10872,M,2002,Mumbai,Maharashtra,West,Paid Search,2024-04-27,18-24,,
10873,F,1987,Indore,Madhya Pradesh,West,Paid Social,2024-04-27,35-44,2024-05-06,2024-05
10874,M,1996,Gurugram,Haryana,North,Paid Social,2024-04-27,25-34,,
10875,M,1989,Delhi,Delhi,North,Paid Social,2024-04-27,35-44,2024-04-27,2024-04
10876,F,1983,Mumbai,Maharashtra,West,Organic Search,2024-04-27,35-44,2024-04-30,2024-04
10877,F,1992,Hyderabad,Telangana,South,Organic Search,2024-04-27,25-34,2024-04-27,2024-04
10878,F,1986,Hyderabad,Telangana,South,Paid Search,2024-04-27,35-44,2024-04-27,2024-04
10879,F,2005,Bengaluru,Karnataka,South,Organic Search,2024-04-27,18-24,2024-04-27,2024-04
10880,F,1987,Mumbai,Maharashtra,West,Email,2024-04-28,35-44,2024-04-30,2024-04
10881,M,1992,Mumbai,Maharashtra,West,Paid Search,2024-04-28,25-34,2024-04-30,2024-04
10882,F,1988,Noida,Uttar Pradesh,North,Paid Search,2024-04-28,35-44,,
10883,F,1984,Delhi,Delhi,North,Paid Social,2024-04-28,35-44,2024-05-01,2024-05
10884,F,1999,Delhi,Delhi,North,Paid Social,2024-04-28,25-34,2024-04-30,2024-04
10885,F,1993,Chennai,Tamil Nadu,South,Organic Search,2024-04-28,25-34,2024-04-29,2024-04
10886,M,2006,Pune,Maharashtra,West,Referral,2024-04-28,18-24,2024-04-29,2024-04
10887,F,2002,Delhi,Delhi,North,Organic Search,2024-04-28,18-24,,
10888,M,1994,Pune,Maharashtra,West,Paid Search,2024-04-28,25-34,2024-05-18,2024-05
10889,M,1996,Lucknow,Uttar Pradesh,North,Paid Search,2024-04-28,25-34,2024-05-01,2024-05
10890,M,1993,Mumbai,Maharashtra,West,Paid Social,2024-04-29,25-34,2024-05-03,2024-05
10891,F,1985,Bengaluru,Karnataka,South,Paid Social,2024-04-29,35-44,2024-05-03,2024-05
10892,F,1982,Hyderabad,Telangana,South,Referral,2024-04-29,35-44,2024-05-13,2024-05
10893,M,1985,Bengaluru,Karnataka,South,Paid Social,2024-04-29,35-44,2024-04-29,2024-04
10894,F,2004,Chennai,Tamil Nadu,South,Organic Search,2024-04-29,18-24,2024-05-08,2024-05
10895,F,1996,Lucknow,Uttar Pradesh,North,Paid Social,2024-04-29,25-34,2024-05-03,2024-05
10896,F,1998,Bengaluru,Karnataka,South,Paid Search,2024-04-29,25-34,,
10897,M,2000,Chennai,Tamil Nadu,South,Paid Social,2024-04-29,25-34,2024-05-04,2024-05
10898,M,1992,Jaipur,Rajasthan,North,Paid Search,2024-04-29,25-34,2024-04-30,2024-04
10899,M,1989,Hyderabad,Telangana,South,Paid Search,2024-04-29,35-44,2024-05-16,2024-05
10900,M,2006,Kolkata,West Bengal,East,Paid Social,2024-04-29,18-24,2024-05-01,2024-05
10901,M,1998,Bengaluru,Karnataka,South,Paid Social,2024-04-29,25-34,2024-04-30,2024-04
10902,M,1980,Gurugram,Haryana,North,Email,2024-04-29,45+,2024-04-29,2024-04
10903,F,1979,Lucknow,Uttar Pradesh,North,Referral,2024-04-30,45+,2024-05-07,2024-05
10904,F,2000,Bengaluru,Karnataka,South,Paid Search,2024-04-30,25-34,,
10905,M,1986,Chennai,Tamil Nadu,South,Organic Search,2024-04-30,35-44,,
10906,M,1992,Delhi,Delhi,North,Organic Search,2024-04-30,25-34,2024-05-02,2024-05
10907,M,1976,Chandigarh,Chandigarh,North,Organic Search,2024-04-30,45+,2024-05-02,2024-05
10908,F,1990,Lucknow,Uttar Pradesh,North,Paid Search,2024-04-30,35-44,2024-05-01,2024-05
10909,F,2001,Mumbai,Maharashtra,West,Organic Search,2024-04-30,18-24,,
10910,M,1989,Hyderabad,Telangana,South,Paid Social,2024-05-01,35-44,2024-05-03,2024-05
10911,F,1984,Pune,Maharashtra,West,Paid Search,2024-05-01,35-44,2024-05-09,2024-05
10912,M,1992,Pune,Maharashtra,West,Organic Search,2024-05-01,25-34,2024-05-09,2024-05
10913,F,1994,Indore,Madhya Pradesh,West,Paid Search,2024-05-01,25-34,,
10914,M,1991,Pune,Maharashtra,West,Referral,2024-05-01,25-34,2024-05-06,2024-05
10915,F,1981,Bengaluru,Karnataka,South,Paid Search,2024-05-01,35-44,2024-05-02,2024-05
10916,M,1997,Delhi,Delhi,North,Email,2024-05-01,25-34,2024-05-01,2024-05
10917,M,1989,Delhi,Delhi,North,Email,2024-05-02,35-44,2024-05-11,2024-05
10918,M,1995,Hyderabad,Telangana,South,Email,2024-05-02,25-34,2024-05-03,2024-05
10919,F,1986,Pune,Maharashtra,West,Paid Social,2024-05-02,35-44,,
10920,F,2003,Jaipur,Rajasthan,North,Referral,2024-05-02,18-24,2024-05-04,2024-05
10921,F,1999,Mumbai,Maharashtra,West,Paid Search,2024-05-02,25-34,2024-05-03,2024-05
10922,M,1991,Bengaluru,Karnataka,South,Paid Social,2024-05-02,25-34,,
10923,F,1996,Delhi,Delhi,North,Organic Search,2024-05-02,25-34,2024-05-05,2024-05
10924,M,2006,Pune,Maharashtra,West,Organic Search,2024-05-02,18-24,2024-05-05,2024-05
10925,F,2003,Delhi,Delhi,North,Affiliate,2024-05-02,18-24,2024-05-02,2024-05
10926,M,2006,Chennai,Tamil Nadu,South,Paid Social,2024-05-02,18-24,2024-05-09,2024-05
10927,F,1998,Ahmedabad,Gujarat,West,Organic Search,2024-05-02,25-34,2024-05-03,2024-05
10928,M,1989,Hyderabad,Telangana,South,Organic Search,2024-05-02,35-44,2024-05-16,2024-05
10929,F,1998,Bengaluru,Karnataka,South,Paid Search,2024-05-03,25-34,2024-05-10,2024-05
10930,M,2006,Hyderabad,Telangana,South,Email,2024-05-03,18-24,2024-05-03,2024-05
10931,M,1998,Mumbai,Maharashtra,West,Email,2024-05-03,25-34,2024-05-04,2024-05
10932,F,1987,Delhi,Delhi,North,Organic Search,2024-05-03,35-44,,
10933,M,1994,Chennai,Tamil Nadu,South,Organic Search,2024-05-03,25-34,2024-05-07,2024-05
10934,F,2000,Chennai,Tamil Nadu,South,Organic Search,2024-05-03,25-34,,
10935,M,1995,Chennai,Tamil Nadu,South,Paid Social,2024-05-03,25-34,2024-05-07,2024-05
10936,M,2000,Kolkata,West Bengal,East,Paid Social,2024-05-03,25-34,2024-05-04,2024-05
10937,M,1989,Indore,Madhya Pradesh,West,Referral,2024-05-04,35-44,2024-05-15,2024-05
10938,F,1992,Pune,Maharashtra,West,Paid Social,2024-05-04,25-34,2024-05-04,2024-05
10939,F,1996,Hyderabad,Telangana,South,Organic Search,2024-05-04,25-34,,
10940,M,1997,Delhi,Delhi,North,Organic Search,2024-05-04,25-34,2024-05-04,2024-05
10941,F,1988,Hyderabad,Telangana,South,Paid Search,2024-05-04,35-44,2024-05-04,2024-05
10942,M,1974,Hyderabad,Telangana,South,Paid Social,2024-05-04,45+,2024-05-04,2024-05
10943,M,1970,Ahmedabad,Gujarat,West,Paid Social,2024-05-04,45+,,
10944,F,1993,Mumbai,Maharashtra,West,Affiliate,2024-05-04,25-34,2024-05-04,2024-05
10945,F,1995,Bengaluru,Karnataka,South,Organic Search,2024-05-04,25-34,2024-05-09,2024-05
10946,F,1992,Kochi,Kerala,South,Affiliate,2024-05-04,25-34,2024-05-07,2024-05
10947,M,1994,Gurugram,Haryana,North,Organic Search,2024-05-05,25-34,2024-05-13,2024-05
10948,M,2006,Chandigarh,Chandigarh,North,Paid Search,2024-05-05,18-24,,
10949,M,1990,Bengaluru,Karnataka,South,Organic Search,2024-05-05,35-44,2024-05-10,2024-05
10950,F,1996,Chennai,Tamil Nadu,South,Paid Search,2024-05-05,25-34,2024-05-05,2024-05
10951,F,2006,Bengaluru,Karnataka,South,Organic Search,2024-05-05,18-24,2024-05-08,2024-05
10952,M,1985,Indore,Madhya Pradesh,West,Organic Search,2024-05-05,35-44,2024-05-07,2024-05
10953,M,2006,Delhi,Delhi,North,Paid Social,2024-05-05,18-24,2024-05-06,2024-05
10954,F,2001,Mumbai,Maharashtra,West,Referral,2024-05-05,18-24,2024-05-06,2024-05
10955,F,1991,Chennai,Tamil Nadu,South,Referral,2024-05-05,25-34,2024-05-06,2024-05
10956,F,1973,Mumbai,Maharashtra,West,Referral,2024-05-05,45+,2024-05-06,2024-05
10957,M,2005,Mumbai,Maharashtra,West,Referral,2024-05-05,18-24,2024-05-11,2024-05
10958,F,2006,Mumbai,Maharashtra,West,Affiliate,2024-05-05,18-24,2024-05-20,2024-05
10959,F,1988,Mumbai,Maharashtra,West,Organic Search,2024-05-05,35-44,,
10960,M,2006,Mumbai,Maharashtra,West,Affiliate,2024-05-05,18-24,2024-05-06,2024-05
10961,F,1980,Hyderabad,Telangana,South,Paid Search,2024-05-05,45+,2024-05-08,2024-05
10962,F,1996,Mumbai,Maharashtra,West,Paid Search,2024-05-06,25-34,,
10963,M,1992,Indore,Madhya Pradesh,West,Paid Social,2024-05-06,25-34,,
10964,M,1983,Mumbai,Maharashtra,West,Organic Search,2024-05-06,35-44,2024-05-07,2024-05
10965,M,1992,Chennai,Tamil Nadu,South,Organic Search,2024-05-06,25-34,2024-05-06,2024-05
10966,M,1993,Gurugram,Haryana,North,Paid Search,2024-05-06,25-34,2024-05-12,2024-05
10967,M,1984,Delhi,Delhi,North,Referral,2024-05-06,35-44,2024-05-07,2024-05
10968,F,1999,Mumbai,Maharashtra,West,Email,2024-05-06,25-34,2024-05-17,2024-05
10969,F,1988,Kolkata,West Bengal,East,Organic Search,2024-05-06,35-44,,
10970,F,1991,Bengaluru,Karnataka,South,Organic Search,2024-05-07,25-34,2024-05-07,2024-05
10971,M,2005,Indore,Madhya Pradesh,West,Paid Social,2024-05-07,18-24,2024-05-13,2024-05
10972,M,1988,Mumbai,Maharashtra,West,Paid Search,2024-05-07,35-44,2024-05-10,2024-05
10973,M,1975,Jaipur,Rajasthan,North,Paid Search,2024-05-07,45+,2024-05-09,2024-05
10974,M,1991,Kolkata,West Bengal,East,Paid Search,2024-05-07,25-34,2024-05-08,2024-05
10975,F,1994,Mumbai,Maharashtra,West,Paid Social,2024-05-07,25-34,,
10976,F,1992,Bengaluru,Karnataka,South,Organic Search,2024-05-08,25-34,,
10977,F,2000,Hyderabad,Telangana,South,Organic Search,2024-05-08,25-34,2024-05-10,2024-05
10978,F,1997,Bengaluru,Karnataka,South,Organic Search,2024-05-08,25-34,,
10979,F,1989,Lucknow,Uttar Pradesh,North,Paid Social,2024-05-08,35-44,,
10980,M,1999,Jaipur,Rajasthan,North,Organic Search,2024-05-08,25-34,2024-05-16,2024-05
10981,M,1997,Delhi,Delhi,North,Paid Social,2024-05-08,25-34,2024-05-29,2024-05
10982,M,1997,Kolkata,West Bengal,East,Email,2024-05-09,25-34,2024-05-09,2024-05
10983,F,1992,Chennai,Tamil Nadu,South,Paid Search,2024-05-09,25-34,,
10984,M,1996,Mumbai,Maharashtra,West,Organic Search,2024-05-09,25-34,,
10985,M,1994,Chennai,Tamil Nadu,South,Organic Search,2024-05-09,25-34,2024-05-17,2024-05
10986,F,1991,Gurugram,Haryana,North,Affiliate,2024-05-09,25-34,2024-05-13,2024-05
10987,F,1997,Delhi,Delhi,North,Paid Social,2024-05-09,25-34,,
10988,M,1998,Delhi,Delhi,North,Referral,2024-05-09,25-34,2024-05-11,2024-05
10989,M,1998,Chennai,Tamil Nadu,South,Email,2024-05-09,25-34,2024-05-09,2024-05
10990,M,1998,Gurugram,Haryana,North,Affiliate,2024-05-10,25-34,,
10991,M,1976,Delhi,Delhi,North,Email,2024-05-10,45+,2024-05-14,2024-05
10992,M,2001,Gurugram,Haryana,North,Paid Search,2024-05-10,18-24,2024-05-16,2024-05
10993,M,1986,Mumbai,Maharashtra,West,Paid Social,2024-05-10,35-44,,
10994,F,2002,Pune,Maharashtra,West,Affiliate,2024-05-10,18-24,2024-05-18,2024-05
10995,M,1983,Lucknow,Uttar Pradesh,North,Paid Social,2024-05-10,35-44,2024-05-12,2024-05
10996,F,2006,Hyderabad,Telangana,South,Referral,2024-05-10,18-24,2024-05-11,2024-05
10997,F,1976,Kolkata,West Bengal,East,Email,2024-05-10,45+,,
10998,F,1996,Jaipur,Rajasthan,North,Paid Social,2024-05-10,25-34,2024-05-19,2024-05
10999,F,1991,Kolkata,West Bengal,East,Paid Social,2024-05-10,25-34,2024-05-20,2024-05
11000,M,1997,Hyderabad,Telangana,South,Paid Social,2024-05-11,25-34,,
11001,F,2006,Chennai,Tamil Nadu,South,Paid Search,2024-05-11,18-24,,
11002,F,1995,Delhi,Delhi,North,Organic Search,2024-05-11,25-34,2024-05-15,2024-05
11003,M,2001,Chennai,Tamil Nadu,South,Paid Social,2024-05-11,18-24,2024-05-11,2024-05
11004,F,2006,Ahmedabad,Gujarat,West,Affiliate,2024-05-11,18-24,2024-05-11,2024-05
11005,F,1989,Delhi,Delhi,North,Email,2024-05-11,35-44,2024-05-13,2024-05
11006,M,1996,Hyderabad,Telangana,South,Organic Search,2024-05-11,25-34,2024-05-15,2024-05
11007,M,2004,Lucknow,Uttar Pradesh,North,Email,2024-05-12,18-24,2024-05-17,2024-05
11008,M,1996,Hyderabad,Telangana,South,Organic Search,2024-05-12,25-34,2024-05-20,2024-05
11009,M,1989,Bengaluru,Karnataka,South,Paid Social,2024-05-12,35-44,2024-05-14,2024-05
11010,M,1998,Pune,Maharashtra,West,Affiliate,2024-05-12,25-34,2024-05-19,2024-05
11011,F,1994,Delhi,Delhi,North,Affiliate,2024-05-12,25-34,,
11012,F,1998,Chennai,Tamil Nadu,South,Paid Social,2024-05-12,25-34,,
11013,M,1989,Gurugram,Haryana,North,Paid Social,2024-05-12,35-44,,
11014,F,1995,Hyderabad,Telangana,South,Paid Search,2024-05-12,25-34,2024-05-13,2024-05
11015,F,1992,Bengaluru,Karnataka,South,Referral,2024-05-13,25-34,2024-05-18,2024-05
11016,F,1990,Delhi,Delhi,North,Organic Search,2024-05-13,35-44,,
11017,F,2004,Ahmedabad,Gujarat,West,Organic Search,2024-05-13,18-24,2024-05-29,2024-05
11018,F,1989,Kolkata,West Bengal,East,Referral,2024-05-13,35-44,2024-05-14,2024-05
11019,F,1987,Kochi,Kerala,South,Organic Search,2024-05-13,35-44,2024-05-13,2024-05
11020,M,1984,Gurugram,Haryana,North,Paid Social,2024-05-13,35-44,2024-05-17,2024-05
11021,M,1993,Gurugram,Haryana,North,Paid Search,2024-05-13,25-34,2024-05-24,2024-05
11022,M,1992,Gurugram,Haryana,North,Organic Search,2024-05-13,25-34,2024-05-20,2024-05
11023,M,1999,Hyderabad,Telangana,South,Organic Search,2024-05-13,25-34,2024-05-14,2024-05
11024,M,1984,Gurugram,Haryana,North,Organic Search,2024-05-13,35-44,2024-05-16,2024-05
11025,M,1980,Delhi,Delhi,North,Organic Search,2024-05-13,45+,,
11026,F,1979,Mumbai,Maharashtra,West,Paid Social,2024-05-13,45+,,
11027,M,1997,Kolkata,West Bengal,East,Paid Social,2024-05-14,25-34,,
11028,F,2002,Jaipur,Rajasthan,North,Paid Search,2024-05-14,18-24,2024-05-15,2024-05
11029,M,2001,Bengaluru,Karnataka,South,Email,2024-05-14,18-24,2024-05-25,2024-05
11030,F,1989,Gurugram,Haryana,North,Referral,2024-05-14,35-44,2024-05-15,2024-05
11031,F,1995,Bengaluru,Karnataka,South,Paid Social,2024-05-14,25-34,2024-05-19,2024-05
11032,M,1976,Ahmedabad,Gujarat,West,Paid Social,2024-05-14,45+,2024-05-17,2024-05
11033,F,2006,Kochi,Kerala,South,Paid Social,2024-05-14,18-24,2024-05-23,2024-05
11034,F,2003,Bengaluru,Karnataka,South,Organic Search,2024-05-14,18-24,2024-05-20,2024-05
11035,F,2001,Delhi,Delhi,North,Organic Search,2024-05-14,18-24,,
11036,F,1986,Mumbai,Maharashtra,West,Paid Search,2024-05-14,35-44,2024-05-15,2024-05
11037,M,1991,Delhi,Delhi,North,Referral,2024-05-14,25-34,2024-05-17,2024-05
11038,M,1992,Lucknow,Uttar Pradesh,North,Paid Search,2024-05-14,25-34,2024-05-17,2024-05
11039,M,2006,Kolkata,West Bengal,East,Affiliate,2024-05-15,18-24,2024-05-23,2024-05
11040,F,2001,Mumbai,Maharashtra,West,Organic Search,2024-05-15,18-24,2024-05-20,2024-05
11041,F,1992,Chennai,Tamil Nadu,South,Paid Search,2024-05-15,25-34,2024-05-17,2024-05
11042,M,1998,Delhi,Delhi,North,Organic Search,2024-05-15,25-34,2024-05-16,2024-05
11043,F,1986,Chennai,Tamil Nadu,South,Referral,2024-05-16,35-44,2024-05-17,2024-05
11044,F,1982,Chennai,Tamil Nadu,South,Paid Search,2024-05-16,35-44,2024-05-19,2024-05
11045,F,1993,Bengaluru,Karnataka,South,Paid Social,2024-05-16,25-34,,
11046,F,1984,Delhi,Delhi,North,Paid Social,2024-05-17,35-44,2024-05-19,2024-05
11047,M,1980,Chennai,Tamil Nadu,South,Organic Search,2024-05-17,45+,2024-05-17,2024-05
11048,M,1994,Chennai,Tamil Nadu,South,Referral,2024-05-17,25-34,2024-05-17,2024-05
11049,F,1991,Noida,Uttar Pradesh,North,Referral,2024-05-17,25-34,2024-05-27,2024-05
11050,M,1985,Kolkata,West Bengal,East,Paid Social,2024-05-17,35-44,,
11051,M,1990,Chennai,Tamil Nadu,South,Paid Search,2024-05-18,35-44,2024-05-22,2024-05
11052,F,1997,Noida,Uttar Pradesh,North,Referral,2024-05-18,25-34,2024-05-25,2024-05
11053,M,1992,Mumbai,Maharashtra,West,Paid Social,2024-05-18,25-34,2024-05-27,2024-05
11054,M,1995,Chandigarh,Chandigarh,North,Email,2024-05-18,25-34,2024-05-18,2024-05
11055,F,1992,Pune,Maharashtra,West,Organic Search,2024-05-18,25-34,2024-05-20,2024-05
11056,M,2006,Chennai,Tamil Nadu,South,Email,2024-05-19,18-24,2024-05-26,2024-05
11057,M,2004,Chennai,Tamil Nadu,South,Email,2024-05-19,18-24,2024-05-24,2024-05
11058,F,1994,Gurugram,Haryana,North,Paid Search,2024-05-19,25-34,2024-05-25,2024-05
11059,M,1987,Ahmedabad,Gujarat,West,Paid Social,2024-05-19,35-44,2024-05-21,2024-05
11060,F,1989,Pune,Maharashtra,West,Organic Search,2024-05-19,35-44,2024-05-19,2024-05
11061,F,1983,Mumbai,Maharashtra,West,Organic Search,2024-05-19,35-44,2024-05-21,2024-05
11062,M,1987,Bengaluru,Karnataka,South,Paid Social,2024-05-20,35-44,2024-05-22,2024-05
11063,F,1999,Bengaluru,Karnataka,South,Organic Search,2024-05-20,25-34,2024-05-21,2024-05
11064,F,1989,Jaipur,Rajasthan,North,Organic Search,2024-05-20,35-44,,
11065,F,1992,Mumbai,Maharashtra,West,Paid Social,2024-05-20,25-34,2024-05-24,2024-05
11066,M,2003,Chennai,Tamil Nadu,South,Affiliate,2024-05-20,18-24,2024-05-20,2024-05
11067,F,1998,Chandigarh,Chandigarh,North,Organic Search,2024-05-20,25-34,2024-05-21,2024-05
11068,M,1994,Mumbai,Maharashtra,West,Organic Search,2024-05-20,25-34,2024-05-21,2024-05
11069,M,1993,Kolkata,West Bengal,East,Organic Search,2024-05-20,25-34,2024-05-30,2024-05
11070,M,1992,Chennai,Tamil Nadu,South,Organic Search,2024-05-20,25-34,,
11071,M,2001,Bengaluru,Karnataka,South,Affiliate,2024-05-20,18-24,2024-05-28,2024-05
11072,M,1996,Jaipur,Rajasthan,North,Paid Search,2024-05-20,25-34,2024-05-23,2024-05
11073,F,1991,Bengaluru,Karnataka,South,Paid Social,2024-05-21,25-34,2024-05-21,2024-05
11074,M,1983,Bengaluru,Karnataka,South,Paid Search,2024-05-21,35-44,2024-05-22,2024-05
11075,F,1997,Mumbai,Maharashtra,West,Affiliate,2024-05-21,25-34,2024-05-27,2024-05
11076,M,1996,Delhi,Delhi,North,Paid Search,2024-05-21,25-34,2024-06-03,2024-06
11077,M,1981,Mumbai,Maharashtra,West,Affiliate,2024-05-22,35-44,2024-05-27,2024-05
11078,F,1992,Pune,Maharashtra,West,Paid Social,2024-05-22,25-34,,
11079,M,1996,Kolkata,West Bengal,East,Affiliate,2024-05-22,25-34,2024-05-22,2024-05
11080,M,1991,Bengaluru,Karnataka,South,Paid Social,2024-05-22,25-34,,
11081,M,2006,Delhi,Delhi,North,Email,2024-05-22,18-24,2024-05-27,2024-05
11082,F,2006,Jaipur,Rajasthan,North,Paid Search,2024-05-22,18-24,2024-05-25,2024-05
11083,M,1983,Pune,Maharashtra,West,Paid Social,2024-05-23,35-44,,
11084,M,1992,Mumbai,Maharashtra,West,Paid Social,2024-05-23,25-34,,
11085,M,2001,Delhi,Delhi,North,Paid Social,2024-05-23,18-24,2024-05-28,2024-05
11086,F,1993,Kolkata,West Bengal,East,Paid Social,2024-05-23,25-34,,
11087,F,1999,Kochi,Kerala,South,Organic Search,2024-05-23,25-34,2024-05-28,2024-05
11088,M,1988,Kochi,Kerala,South,Email,2024-05-23,35-44,2024-05-24,2024-05
11089,M,1981,Mumbai,Maharashtra,West,Paid Search,2024-05-23,35-44,2024-05-31,2024-05
11090,M,1999,Chennai,Tamil Nadu,South,Organic Search,2024-05-23,25-34,2024-05-23,2024-05
11091,M,1991,Bengaluru,Karnataka,South,Paid Social,2024-05-23,25-34,2024-05-28,2024-05
11092,M,2006,Pune,Maharashtra,West,Referral,2024-05-23,18-24,2024-05-23,2024-05
11093,M,2001,Delhi,Delhi,North,Organic Search,2024-05-23,18-24,2024-05-27,2024-05
11094,M,1985,Gurugram,Haryana,North,Paid Search,2024-05-23,35-44,,
11095,F,1999,Lucknow,Uttar Pradesh,North,Paid Social,2024-05-23,25-34,2024-05-23,2024-05
11096,F,1993,Chennai,Tamil Nadu,South,Referral,2024-05-23,25-34,2024-05-29,2024-05
11097,M,1998,Bengaluru,Karnataka,South,Paid Search,2024-05-23,25-34,2024-05-23,2024-05
11098,M,1988,Kolkata,West Bengal,East,Paid Search,2024-05-24,35-44,2024-05-26,2024-05
11099,F,1996,Ahmedabad,Gujarat,West,Referral,2024-05-24,25-34,2024-05-24,2024-05
11100,F,2002,Delhi,Delhi,North,Organic Search,2024-05-24,18-24,,
11101,F,2000,Pune,Maharashtra,West,Email,2024-05-24,25-34,2024-05-30,2024-05
11102,M,2002,Delhi,Delhi,North,Referral,2024-05-24,18-24,2024-05-26,2024-05
11103,M,2006,Kochi,Kerala,South,Email,2024-05-24,18-24,2024-05-27,2024-05
11104,M,1990,Jaipur,Rajasthan,North,Paid Search,2024-05-24,35-44,2024-06-02,2024-06
11105,M,2006,Noida,Uttar Pradesh,North,Organic Search,2024-05-24,18-24,2024-06-01,2024-06
11106,M,1996,Pune,Maharashtra,West,Paid Social,2024-05-24,25-34,2024-05-31,2024-05
11107,F,1990,Hyderabad,Telangana,South,Organic Search,2024-05-24,35-44,,
11108,F,1993,Pune,Maharashtra,West,Organic Search,2024-05-24,25-34,2024-05-25,2024-05
11109,M,2001,Delhi,Delhi,North,Paid Search,2024-05-24,18-24,2024-05-31,2024-05
11110,M,1991,Bengaluru,Karnataka,South,Paid Search,2024-05-24,25-34,2024-05-24,2024-05
11111,F,1978,Delhi,Delhi,North,Paid Search,2024-05-25,45+,2024-06-01,2024-06
11112,M,2000,Indore,Madhya Pradesh,West,Paid Search,2024-05-25,25-34,,
11113,M,1995,Indore,Madhya Pradesh,West,Organic Search,2024-05-25,25-34,2024-05-27,2024-05
11114,F,1989,Noida,Uttar Pradesh,North,Paid Social,2024-05-25,35-44,2024-05-25,2024-05
11115,F,1983,Mumbai,Maharashtra,West,Paid Search,2024-05-25,35-44,2024-05-31,2024-05
11116,F,1997,Delhi,Delhi,North,Paid Social,2024-05-25,25-34,2024-05-28,2024-05
11117,F,2004,Jaipur,Rajasthan,North,Referral,2024-05-25,18-24,2024-05-30,2024-05
11118,F,1986,Indore,Madhya Pradesh,West,Paid Social,2024-05-25,35-44,,
11119,M,1996,Jaipur,Rajasthan,North,Email,2024-05-25,25-34,2024-05-27,2024-05
11120,M,2006,Delhi,Delhi,North,Affiliate,2024-05-26,18-24,,
11121,M,2001,Bengaluru,Karnataka,South,Organic Search,2024-05-26,18-24,2024-05-27,2024-05
11122,M,1994,Bengaluru,Karnataka,South,Paid Search,2024-05-26,25-34,,
11123,M,1993,Chennai,Tamil Nadu,South,Referral,2024-05-26,25-34,2024-05-31,2024-05
11124,M,1990,Chennai,Tamil Nadu,South,Referral,2024-05-26,35-44,2024-05-31,2024-05
11125,F,1994,Pune,Maharashtra,West,Organic Search,2024-05-26,25-34,2024-05-28,2024-05
11126,F,1990,Mumbai,Maharashtra,West,Affiliate,2024-05-26,35-44,2024-05-31,2024-05
11127,M,1991,Ahmedabad,Gujarat,West,Email,2024-05-26,25-34,2024-05-27,2024-05
11128,M,1993,Hyderabad,Telangana,South,Email,2024-05-27,25-34,,
11129,F,1981,Pune,Maharashtra,West,Organic Search,2024-05-27,35-44,2024-05-30,2024-05
11130,M,1992,Kolkata,West Bengal,East,Paid Social,2024-05-27,25-34,2024-05-27,2024-05
11131,M,2006,Bengaluru,Karnataka,South,Paid Search,2024-05-27,18-24,2024-05-28,2024-05
11132,F,1983,Jaipur,Rajasthan,North,Paid Search,2024-05-27,35-44,2024-06-02,2024-06
11133,F,2006,Hyderabad,Telangana,South,Organic Search,2024-05-27,18-24,2024-05-29,2024-05
11134,M,2002,Gurugram,Haryana,North,Organic Search,2024-05-27,18-24,2024-06-02,2024-06
11135,M,1999,Kolkata,West Bengal,East,Email,2024-05-27,25-34,2024-06-10,2024-06
11136,F,1990,Mumbai,Maharashtra,West,Paid Social,2024-05-27,35-44,,
11137,M,2001,Bengaluru,Karnataka,South,Paid Social,2024-05-28,18-24,2024-05-28,2024-05
11138,F,2006,Bengaluru,Karnataka,South,Organic Search,2024-05-28,18-24,2024-06-03,2024-06
11139,M,2003,Delhi,Delhi,North,Affiliate,2024-05-28,18-24,2024-06-03,2024-06
11140,M,1996,Bengaluru,Karnataka,South,Affiliate,2024-05-28,25-34,2024-05-29,2024-05
11141,F,1994,Chandigarh,Chandigarh,North,Paid Social,2024-05-28,25-34,2024-05-31,2024-05
11142,M,1989,Mumbai,Maharashtra,West,Paid Search,2024-05-28,35-44,2024-05-29,2024-05
11143,M,1995,Delhi,Delhi,North,Organic Search,2024-05-28,25-34,2024-05-28,2024-05
11144,F,1999,Hyderabad,Telangana,South,Paid Social,2024-05-29,25-34,2024-05-31,2024-05
11145,F,1995,Chennai,Tamil Nadu,South,Referral,2024-05-29,25-34,2024-06-03,2024-06
11146,M,1994,Delhi,Delhi,North,Affiliate,2024-05-29,25-34,,
11147,M,1994,Hyderabad,Telangana,South,Organic Search,2024-05-29,25-34,2024-06-01,2024-06
11148,M,2006,Chennai,Tamil Nadu,South,Paid Search,2024-05-29,18-24,2024-06-01,2024-06
11149,F,1996,Delhi,Delhi,North,Paid Search,2024-05-29,25-34,2024-06-08,2024-06
11150,M,1996,Kolkata,West Bengal,East,Paid Search,2024-05-29,25-34,2024-05-29,2024-05
11151,F,1975,Delhi,Delhi,North,Paid Social,2024-05-29,45+,,
11152,F,2002,Chennai,Tamil Nadu,South,Paid Social,2024-05-30,18-24,2024-05-30,2024-05
11153,M,1999,Ahmedabad,Gujarat,West,Email,2024-05-30,25-34,2024-05-30,2024-05
11154,M,1999,Kolkata,West Bengal,East,Organic Search,2024-05-30,25-34,,
11155,F,1999,Chandigarh,Chandigarh,North,Paid Search,2024-05-30,25-34,2024-06-02,2024-06
11156,F,1987,Mumbai,Maharashtra,West,Paid Social,2024-05-30,35-44,2024-06-10,2024-06
11157,F,1992,Chennai,Tamil Nadu,South,Referral,2024-05-30,25-34,2024-06-06,2024-06
11158,F,2006,Bengaluru,Karnataka,South,Referral,2024-05-30,18-24,2024-06-05,2024-06
11159,M,1983,Indore,Madhya Pradesh,West,Email,2024-05-30,35-44,2024-06-07,2024-06
11160,M,1984,Bengaluru,Karnataka,South,Paid Social,2024-05-30,35-44,2024-06-19,2024-06
11161,F,1983,Bengaluru,Karnataka,South,Organic Search,2024-05-30,35-44,2024-06-03,2024-06
11162,F,1993,Delhi,Delhi,North,Referral,2024-05-31,25-34,2024-06-02,2024-06
11163,M,2006,Delhi,Delhi,North,Affiliate,2024-05-31,18-24,2024-06-06,2024-06
11164,F,1997,Gurugram,Haryana,North,Paid Search,2024-05-31,25-34,2024-05-31,2024-05
11165,F,2003,Gurugram,Haryana,North,Organic Search,2024-05-31,18-24,2024-06-09,2024-06
11166,F,1978,Chennai,Tamil Nadu,South,Organic Search,2024-05-31,45+,2024-05-31,2024-05
11167,M,1988,Mumbai,Maharashtra,West,Paid Social,2024-05-31,35-44,,
11168,M,1989,Pune,Maharashtra,West,Paid Social,2024-05-31,35-44,,
11169,F,2006,Delhi,Delhi,North,Organic Search,2024-05-31,18-24,2024-05-31,2024-05
11170,F,1995,Chennai,Tamil Nadu,South,Organic Search,2024-06-01,25-34,2024-06-01,2024-06
11171,M,1994,Delhi,Delhi,North,Paid Social,2024-06-01,25-34,2024-06-01,2024-06
11172,M,1996,Delhi,Delhi,North,Paid Search,2024-06-01,25-34,2024-06-02,2024-06
11173,M,1992,Hyderabad,Telangana,South,Organic Search,2024-06-01,25-34,2024-06-01,2024-06
11174,F,2006,Delhi,Delhi,North,Paid Social,2024-06-01,18-24,,
11175,F,2006,Hyderabad,Telangana,South,Organic Search,2024-06-01,18-24,2024-06-02,2024-06
11176,M,2003,Mumbai,Maharashtra,West,Organic Search,2024-06-01,18-24,2024-06-10,2024-06
11177,M,2002,Hyderabad,Telangana,South,Organic Search,2024-06-02,18-24,2024-06-09,2024-06
11178,M,1990,Delhi,Delhi,North,Paid Search,2024-06-02,35-44,2024-06-03,2024-06
11179,M,1998,Mumbai,Maharashtra,West,Organic Search,2024-06-02,25-34,2024-06-05,2024-06
11180,F,1978,Pune,Maharashtra,West,Organic Search,2024-06-02,45+,,
11181,F,1991,Bengaluru,Karnataka,South,Organic Search,2024-06-03,25-34,2024-06-12,2024-06
11182,M,1982,Chennai,Tamil Nadu,South,Referral,2024-06-03,35-44,2024-06-08,2024-06
11183,F,1998,Lucknow,Uttar Pradesh,North,Referral,2024-06-03,25-34,2024-06-05,2024-06
11184,F,1994,Bengaluru,Karnataka,South,Organic Search,2024-06-03,25-34,2024-06-05,2024-06
11185,M,2000,Gurugram,Haryana,North,Paid Social,2024-06-03,25-34,2024-06-04,2024-06
11186,M,2000,Hyderabad,Telangana,South,Organic Search,2024-06-03,25-34,,
11187,F,2003,Kolkata,West Bengal,East,Email,2024-06-03,18-24,2024-06-06,2024-06
11188,F,1988,Delhi,Delhi,North,Organic Search,2024-06-03,35-44,2024-06-11,2024-06
11189,M,1980,Delhi,Delhi,North,Organic Search,2024-06-03,45+,2024-06-05,2024-06
11190,F,2006,Hyderabad,Telangana,South,Paid Search,2024-06-03,18-24,2024-06-04,2024-06
11191,M,1990,Chennai,Tamil Nadu,South,Organic Search,2024-06-03,35-44,2024-06-06,2024-06
11192,M,1994,Bengaluru,Karnataka,South,Organic Search,2024-06-03,25-34,2024-06-04,2024-06
11193,F,2003,Mumbai,Maharashtra,West,Paid Search,2024-06-03,18-24,2024-06-04,2024-06
11194,F,1992,Hyderabad,Telangana,South,Paid Social,2024-06-04,25-34,2024-06-06,2024-06
11195,M,1985,Jaipur,Rajasthan,North,Organic Search,2024-06-04,35-44,2024-06-04,2024-06
11196,M,2006,Kolkata,West Bengal,East,Paid Search,2024-06-04,18-24,2024-06-07,2024-06
11197,F,1990,Chennai,Tamil Nadu,South,Email,2024-06-04,35-44,2024-06-15,2024-06
11198,F,2006,Chennai,Tamil Nadu,South,Organic Search,2024-06-04,18-24,2024-06-08,2024-06
11199,M,1997,Chennai,Tamil Nadu,South,Organic Search,2024-06-05,25-34,2024-06-06,2024-06
11200,F,2002,Kolkata,West Bengal,East,Paid Social,2024-06-05,18-24,2024-06-16,2024-06
11201,M,2002,Delhi,Delhi,North,Organic Search,2024-06-05,18-24,2024-06-06,2024-06
11202,F,1991,Kochi,Kerala,South,Referral,2024-06-05,25-34,2024-06-05,2024-06
11203,F,1999,Lucknow,Uttar Pradesh,North,Organic Search,2024-06-05,25-34,,
11204,F,2006,Mumbai,Maharashtra,West,Organic Search,2024-06-05,18-24,2024-06-06,2024-06
11205,M,2005,Mumbai,Maharashtra,West,Referral,2024-06-06,18-24,2024-06-12,2024-06
11206,F,2004,Lucknow,Uttar Pradesh,North,Email,2024-06-06,18-24,2024-06-07,2024-06
11207,M,2000,Mumbai,Maharashtra,West,Referral,2024-06-06,25-34,2024-06-08,2024-06
11208,M,1994,Pune,Maharashtra,West,Organic Search,2024-06-06,25-34,2024-06-09,2024-06
11209,F,1988,Gurugram,Haryana,North,Paid Social,2024-06-06,35-44,2024-06-09,2024-06
11210,M,2006,Mumbai,Maharashtra,West,Affiliate,2024-06-06,18-24,2024-06-10,2024-06
11211,M,1990,Mumbai,Maharashtra,West,Paid Search,2024-06-06,35-44,,
11212,F,1991,Bengaluru,Karnataka,South,Affiliate,2024-06-07,25-34,2024-06-11,2024-06
11213,M,1995,Ahmedabad,Gujarat,West,Paid Social,2024-06-07,25-34,2024-06-11,2024-06
11214,M,1983,Bengaluru,Karnataka,South,Email,2024-06-07,35-44,2024-06-08,2024-06
11215,F,1991,Hyderabad,Telangana,South,Organic Search,2024-06-07,25-34,2024-06-20,2024-06
11216,M,1988,Bengaluru,Karnataka,South,Affiliate,2024-06-07,35-44,,
11217,M,1983,Lucknow,Uttar Pradesh,North,Email,2024-06-07,35-44,2024-06-17,2024-06
11218,M,1984,Pune,Maharashtra,West,Referral,2024-06-07,35-44,,
11219,M,1994,Mumbai,Maharashtra,West,Affiliate,2024-06-07,25-34,2024-06-18,2024-06
11220,M,2003,Delhi,Delhi,North,Referral,2024-06-07,18-24,2024-06-16,2024-06
11221,M,1994,Chennai,Tamil Nadu,South,Paid Social,2024-06-07,25-34,2024-06-10,2024-06
11222,M,1986,Delhi,Delhi,North,Paid Social,2024-06-07,35-44,2024-06-10,2024-06
11223,F,1989,Kolkata,West Bengal,East,Referral,2024-06-07,35-44,2024-06-12,2024-06
11224,M,1997,Delhi,Delhi,North,Referral,2024-06-08,25-34,,
11225,M,2004,Bengaluru,Karnataka,South,Paid Social,2024-06-08,18-24,,
11226,M,2002,Jaipur,Rajasthan,North,Paid Social,2024-06-08,18-24,,
11227,M,1996,Kochi,Kerala,South,Email,2024-06-08,25-34,2024-06-11,2024-06
11228,F,2006,Hyderabad,Telangana,South,Organic Search,2024-06-08,18-24,2024-06-12,2024-06
11229,M,1990,Delhi,Delhi,North,Paid Social,2024-06-08,35-44,2024-06-13,2024-06
11230,F,1985,Delhi,Delhi,North,Paid Social,2024-06-08,35-44,2024-06-08,2024-06
11231,M,1992,Indore,Madhya Pradesh,West,Referral,2024-06-08,25-34,2024-06-17,2024-06
11232,M,2004,Gurugram,Haryana,North,Organic Search,2024-06-09,18-24,2024-06-09,2024-06
11233,M,2000,Delhi,Delhi,North,Paid Social,2024-06-09,25-34,2024-06-11,2024-06
11234,M,2003,Kolkata,West Bengal,East,Organic Search,2024-06-09,18-24,2024-06-14,2024-06
11235,F,1994,Bengaluru,Karnataka,South,Paid Social,2024-06-09,25-34,2024-06-10,2024-06
11236,M,1996,Delhi,Delhi,North,Referral,2024-06-09,25-34,2024-06-14,2024-06
11237,F,1993,Pune,Maharashtra,West,Paid Social,2024-06-09,25-34,,
11238,M,1988,Gurugram,Haryana,North,Paid Social,2024-06-09,35-44,2024-06-09,2024-06
11239,M,1995,Hyderabad,Telangana,South,Paid Search,2024-06-09,25-34,2024-06-09,2024-06
11240,F,1993,Delhi,Delhi,North,Paid Social,2024-06-09,25-34,,
11241,F,1991,Mumbai,Maharashtra,West,Email,2024-06-09,25-34,2024-06-10,2024-06
11242,M,1999,Lucknow,Uttar Pradesh,North,Referral,2024-06-09,25-34,2024-06-12,2024-06
11243,M,1995,Kolkata,West Bengal,East,Organic Search,2024-06-09,25-34,2024-06-18,2024-06
11244,F,2005,Delhi,Delhi,North,Paid Social,2024-06-10,18-24,,
11245,F,1988,Bengaluru,Karnataka,South,Referral,2024-06-10,35-44,2024-06-11,2024-06
11246,F,1991,Pune,Maharashtra,West,Paid Social,2024-06-10,25-34,2024-06-14,2024-06
11247,M,1980,Hyderabad,Telangana,South,Paid Social,2024-06-10,45+,2024-06-16,2024-06
11248,M,1987,Noida,Uttar Pradesh,North,Email,2024-06-10,35-44,2024-06-10,2024-06
11249,F,1999,Chennai,Tamil Nadu,South,Email,2024-06-10,25-34,2024-06-18,2024-06
11250,M,2001,Kolkata,West Bengal,East,Organic Search,2024-06-10,18-24,2024-06-10,2024-06
11251,M,2000,Noida,Uttar Pradesh,North,Paid Social,2024-06-10,25-34,,
11252,M,2005,Lucknow,Uttar Pradesh,North,Paid Social,2024-06-10,18-24,2024-06-14,2024-06
11253,M,1999,Kolkata,West Bengal,East,Email,2024-06-10,25-34,,
11254,F,1995,Mumbai,Maharashtra,West,Organic Search,2024-06-10,25-34,2024-06-14,2024-06
11255,F,2000,Chennai,Tamil Nadu,South,Organic Search,2024-06-10,25-34,,
11256,M,1988,Chennai,Tamil Nadu,South,Paid Social,2024-06-10,35-44,2024-06-12,2024-06
11257,F,1981,Chandigarh,Chandigarh,North,Paid Search,2024-06-10,35-44,2024-06-22,2024-06
11258,F,1991,Gurugram,Haryana,North,Organic Search,2024-06-11,25-34,2024-06-13,2024-06
11259,M,1992,Mumbai,Maharashtra,West,Affiliate,2024-06-11,25-34,2024-06-14,2024-06
11260,M,1995,Indore,Madhya Pradesh,West,Paid Search,2024-06-11,25-34,2024-06-14,2024-06
11261,M,1988,Pune,Maharashtra,West,Organic Search,2024-06-11,35-44,,
11262,M,1990,Bengaluru,Karnataka,South,Organic Search,2024-06-11,35-44,2024-06-20,2024-06
11263,F,2001,Ahmedabad,Gujarat,West,Organic Search,2024-06-11,18-24,2024-06-15,2024-06
11264,M,1985,Hyderabad,Telangana,South,Organic Search,2024-06-11,35-44,,
11265,M,1994,Delhi,Delhi,North,Paid Search,2024-06-12,25-34,2024-06-15,2024-06
11266,F,1990,Mumbai,Maharashtra,West,Organic Search,2024-06-12,35-44,,
11267,M,1981,Delhi,Delhi,North,Paid Social,2024-06-12,35-44,2024-06-15,2024-06
11268,F,1991,Delhi,Delhi,North,Paid Search,2024-06-12,25-34,2024-06-13,2024-06
11269,F,1987,Chandigarh,Chandigarh,North,Paid Social,2024-06-12,35-44,2024-06-12,2024-06
11270,M,1991,Kochi,Kerala,South,Affiliate,2024-06-12,25-34,2024-06-17,2024-06
11271,F,1995,Mumbai,Maharashtra,West,Affiliate,2024-06-12,25-34,2024-06-15,2024-06
11272,F,1977,Jaipur,Rajasthan,North,Paid Search,2024-06-13,45+,2024-06-18,2024-06
11273,M,2003,Bengaluru,Karnataka,South,Paid Search,2024-06-13,18-24,2024-06-14,2024-06
11274,F,2006,Bengaluru,Karnataka,South,Paid Social,2024-06-13,18-24,2024-06-13,2024-06
11275,M,1987,Pune,Maharashtra,West,Paid Search,2024-06-13,35-44,2024-06-17,2024-06
11276,F,1990,Jaipur,Rajasthan,North,Referral,2024-06-13,35-44,2024-06-13,2024-06
11277,M,1988,Jaipur,Rajasthan,North,Paid Social,2024-06-13,35-44,2024-06-20,2024-06
11278,F,1986,Gurugram,Haryana,North,Organic Search,2024-06-13,35-44,2024-06-14,2024-06
11279,F,2006,Mumbai,Maharashtra,West,Paid Search,2024-06-13,18-24,2024-06-14,2024-06
11280,F,1992,Gurugram,Haryana,North,Email,2024-06-13,25-34,2024-06-16,2024-06
11281,F,2000,Bengaluru,Karnataka,South,Paid Social,2024-06-13,25-34,2024-06-14,2024-06
11282,M,2004,Chennai,Tamil Nadu,South,Paid Social,2024-06-13,18-24,2024-06-14,2024-06
11283,F,2003,Lucknow,Uttar Pradesh,North,Paid Social,2024-06-13,18-24,2024-06-14,2024-06
11284,M,2004,Lucknow,Uttar Pradesh,North,Paid Social,2024-06-13,18-24,2024-06-16,2024-06
11285,F,1984,Chennai,Tamil Nadu,South,Paid Search,2024-06-13,35-44,2024-06-22,2024-06
11286,F,2002,Ahmedabad,Gujarat,West,Paid Social,2024-06-13,18-24,,
11287,F,1991,Bengaluru,Karnataka,South,Organic Search,2024-06-14,25-34,2024-06-14,2024-06
11288,M,2006,Chennai,Tamil Nadu,South,Paid Social,2024-06-14,18-24,2024-06-22,2024-06
11289,M,1988,Bengaluru,Karnataka,South,Organic Search,2024-06-14,35-44,,
11290,F,1985,Bengaluru,Karnataka,South,Email,2024-06-14,35-44,2024-06-14,2024-06
11291,F,1994,Mumbai,Maharashtra,West,Referral,2024-06-14,25-34,2024-06-14,2024-06
11292,M,1999,Kolkata,West Bengal,East,Organic Search,2024-06-14,25-34,2024-06-24,2024-06
11293,F,1980,Bengaluru,Karnataka,South,Referral,2024-06-15,45+,2024-06-15,2024-06
11294,F,1991,Delhi,Delhi,North,Referral,2024-06-15,25-34,2024-06-16,2024-06
11295,F,1985,Indore,Madhya Pradesh,West,Referral,2024-06-15,35-44,2024-06-17,2024-06
11296,F,2001,Delhi,Delhi,North,Paid Search,2024-06-15,18-24,,
11297,M,1990,Pune,Maharashtra,West,Paid Social,2024-06-15,35-44,2024-06-18,2024-06
11298,F,2003,Delhi,Delhi,North,Paid Social,2024-06-15,18-24,2024-06-15,2024-06
11299,F,1988,Bengaluru,Karnataka,South,Paid Search,2024-06-15,35-44,2024-06-18,2024-06
11300,M,1997,Mumbai,Maharashtra,West,Paid Social,2024-06-15,25-34,2024-06-30,2024-06
11301,F,1983,Ahmedabad,Gujarat,West,Organic Search,2024-06-15,35-44,2024-06-18,2024-06
11302,M,1993,Bengaluru,Karnataka,South,Email,2024-06-15,25-34,2024-06-17,2024-06
11303,M,1985,Lucknow,Uttar Pradesh,North,Affiliate,2024-06-15,35-44,,
11304,F,2006,Chandigarh,Chandigarh,North,Paid Search,2024-06-16,18-24,2024-06-16,2024-06
11305,M,2003,Pune,Maharashtra,West,Paid Search,2024-06-16,18-24,2024-06-19,2024-06
11306,F,1996,Ahmedabad,Gujarat,West,Organic Search,2024-06-16,25-34,2024-06-16,2024-06
11307,M,2002,Kochi,Kerala,South,Email,2024-06-16,18-24,2024-06-17,2024-06
11308,M,1990,Mumbai,Maharashtra,West,Organic Search,2024-06-16,35-44,2024-06-24,2024-06
11309,M,1999,Indore,Madhya Pradesh,West,Referral,2024-06-16,25-34,2024-06-19,2024-06
11310,F,1993,Kochi,Kerala,South,Referral,2024-06-16,25-34,2024-06-20,2024-06
11311,M,1998,Bengaluru,Karnataka,South,Paid Search,2024-06-16,25-34,2024-06-20,2024-06
11312,F,1995,Chandigarh,Chandigarh,North,Referral,2024-06-16,25-34,2024-06-20,2024-06
11313,M,1994,Mumbai,Maharashtra,West,Paid Search,2024-06-16,25-34,2024-06-16,2024-06
11314,M,1980,Chennai,Tamil Nadu,South,Paid Search,2024-06-16,45+,2024-06-18,2024-06
11315,F,1989,Mumbai,Maharashtra,West,Email,2024-06-16,35-44,,
11316,F,2006,Lucknow,Uttar Pradesh,North,Paid Search,2024-06-16,18-24,2024-06-16,2024-06
11317,F,1993,Pune,Maharashtra,West,Organic Search,2024-06-17,25-34,,
11318,F,1988,Gurugram,Haryana,North,Paid Social,2024-06-17,35-44,2024-06-26,2024-06
11319,F,1995,Ahmedabad,Gujarat,West,Paid Social,2024-06-17,25-34,,
11320,M,1982,Kolkata,West Bengal,East,Paid Social,2024-06-17,35-44,2024-06-17,2024-06
11321,F,1990,Kolkata,West Bengal,East,Paid Search,2024-06-17,35-44,2024-06-17,2024-06
11322,F,1996,Indore,Madhya Pradesh,West,Paid Social,2024-06-17,25-34,2024-06-20,2024-06
11323,F,1998,Chennai,Tamil Nadu,South,Paid Search,2024-06-18,25-34,2024-06-19,2024-06
11324,M,1997,Hyderabad,Telangana,South,Paid Search,2024-06-18,25-34,,
11325,M,2006,Kolkata,West Bengal,East,Organic Search,2024-06-18,18-24,2024-06-24,2024-06
11326,M,1989,Chennai,Tamil Nadu,South,Paid Social,2024-06-18,35-44,2024-06-19,2024-06
11327,M,1982,Chennai,Tamil Nadu,South,Referral,2024-06-18,35-44,2024-06-23,2024-06
11328,M,1991,Noida,Uttar Pradesh,North,Organic Search,2024-06-18,25-34,2024-06-21,2024-06
11329,M,1990,Gurugram,Haryana,North,Organic Search,2024-06-18,35-44,,
11330,F,1996,Delhi,Delhi,North,Referral,2024-06-18,25-34,2024-06-20,2024-06
11331,M,1992,Bengaluru,Karnataka,South,Paid Search,2024-06-18,25-34,2024-06-21,2024-06
11332,M,1995,Kolkata,West Bengal,East,Paid Search,2024-06-18,25-34,2024-06-18,2024-06
11333,F,1995,Kolkata,West Bengal,East,Paid Social,2024-06-18,25-34,,
11334,M,2001,Chennai,Tamil Nadu,South,Paid Social,2024-06-18,18-24,2024-06-18,2024-06
11335,M,1994,Chennai,Tamil Nadu,South,Organic Search,2024-06-19,25-34,2024-06-19,2024-06
11336,F,1996,Pune,Maharashtra,West,Referral,2024-06-19,25-34,2024-06-26,2024-06
11337,F,2006,Mumbai,Maharashtra,West,Organic Search,2024-06-19,18-24,2024-06-19,2024-06
11338,M,1981,Bengaluru,Karnataka,South,Referral,2024-06-19,35-44,,
11339,F,1996,Delhi,Delhi,North,Referral,2024-06-19,25-34,2024-06-30,2024-06
11340,M,1993,Hyderabad,Telangana,South,Organic Search,2024-06-19,25-34,2024-06-19,2024-06
11341,F,1994,Bengaluru,Karnataka,South,Referral,2024-06-19,25-34,2024-06-19,2024-06
11342,M,1999,Gurugram,Haryana,North,Paid Social,2024-06-19,25-34,,
11343,M,1987,Bengaluru,Karnataka,South,Affiliate,2024-06-20,35-44,,
11344,F,1990,Indore,Madhya Pradesh,West,Paid Social,2024-06-20,35-44,2024-06-21,2024-06
11345,M,2000,Hyderabad,Telangana,South,Paid Search,2024-06-20,25-34,2024-06-28,2024-06
11346,F,1993,Chennai,Tamil Nadu,South,Paid Social,2024-06-20,25-34,2024-06-28,2024-06
11347,M,1986,Lucknow,Uttar Pradesh,North,Paid Social,2024-06-20,35-44,2024-06-21,2024-06
11348,M,2000,Hyderabad,Telangana,South,Referral,2024-06-20,25-34,2024-06-29,2024-06
11349,M,1999,Gurugram,Haryana,North,Paid Search,2024-06-20,25-34,2024-06-20,2024-06
11350,M,1995,Mumbai,Maharashtra,West,Referral,2024-06-20,25-34,2024-07-01,2024-07
11351,M,1997,Pune,Maharashtra,West,Paid Search,2024-06-20,25-34,2024-06-20,2024-06
11352,F,1999,Hyderabad,Telangana,South,Affiliate,2024-06-20,25-34,,
11353,F,1993,Kochi,Kerala,South,Paid Search,2024-06-21,25-34,2024-06-21,2024-06
11354,F,1997,Delhi,Delhi,North,Organic Search,2024-06-21,25-34,2024-06-22,2024-06
11355,F,1985,Bengaluru,Karnataka,South,Organic Search,2024-06-21,35-44,2024-06-22,2024-06
11356,M,1992,Chennai,Tamil Nadu,South,Affiliate,2024-06-21,25-34,,
11357,F,2002,Kolkata,West Bengal,East,Referral,2024-06-21,18-24,2024-06-22,2024-06
11358,M,2006,Lucknow,Uttar Pradesh,North,Paid Search,2024-06-22,18-24,2024-06-24,2024-06
11359,F,1995,Gurugram,Haryana,North,Email,2024-06-22,25-34,2024-07-02,2024-07
11360,M,1987,Pune,Maharashtra,West,Organic Search,2024-06-22,35-44,2024-06-22,2024-06
11361,F,1991,Kochi,Kerala,South,Organic Search,2024-06-22,25-34,2024-06-23,2024-06
11362,M,1982,Chandigarh,Chandigarh,North,Organic Search,2024-06-22,35-44,2024-07-09,2024-07
11363,F,1999,Pune,Maharashtra,West,Paid Search,2024-06-22,25-34,2024-06-25,2024-06
11364,M,1994,Kolkata,West Bengal,East,Paid Social,2024-06-23,25-34,2024-06-29,2024-06
11365,F,1986,Mumbai,Maharashtra,West,Organic Search,2024-06-23,35-44,,
11366,M,1993,Bengaluru,Karnataka,South,Organic Search,2024-06-23,25-34,2024-07-04,2024-07
11367,F,2000,Kolkata,West Bengal,East,Paid Search,2024-06-23,25-34,2024-06-24,2024-06
11368,M,1994,Mumbai,Maharashtra,West,Organic Search,2024-06-23,25-34,,
11369,M,1989,Jaipur,Rajasthan,North,Paid Social,2024-06-23,35-44,2024-06-26,2024-06
11370,M,2002,Jaipur,Rajasthan,North,Paid Social,2024-06-23,18-24,2024-06-29,2024-06
11371,F,1997,Indore,Madhya Pradesh,West,Organic Search,2024-06-23,25-34,2024-07-12,2024-07
11372,F,1988,Gurugram,Haryana,North,Organic Search,2024-06-23,35-44,,
11373,M,1994,Gurugram,Haryana,North,Paid Social,2024-06-24,25-34,2024-06-25,2024-06
11374,M,1977,Lucknow,Uttar Pradesh,North,Referral,2024-06-24,45+,2024-07-01,2024-07
11375,M,1996,Ahmedabad,Gujarat,West,Paid Social,2024-06-24,25-34,2024-06-24,2024-06
11376,F,2006,Chennai,Tamil Nadu,South,Paid Social,2024-06-24,18-24,2024-06-30,2024-06
11377,M,2003,Pune,Maharashtra,West,Affiliate,2024-06-24,18-24,2024-06-27,2024-06
11378,F,1993,Hyderabad,Telangana,South,Referral,2024-06-24,25-34,2024-06-24,2024-06
11379,M,1996,Kolkata,West Bengal,East,Paid Search,2024-06-25,25-34,2024-06-27,2024-06
11380,F,1998,Bengaluru,Karnataka,South,Email,2024-06-25,25-34,2024-06-27,2024-06
11381,M,1999,Bengaluru,Karnataka,South,Paid Social,2024-06-25,25-34,,
11382,F,1993,Delhi,Delhi,North,Paid Social,2024-06-25,25-34,,
11383,F,1977,Mumbai,Maharashtra,West,Paid Social,2024-06-25,45+,,
11384,F,1991,Lucknow,Uttar Pradesh,North,Paid Search,2024-06-25,25-34,2024-07-03,2024-07
11385,M,1989,Pune,Maharashtra,West,Email,2024-06-25,35-44,2024-06-27,2024-06
11386,M,1993,Kolkata,West Bengal,East,Organic Search,2024-06-26,25-34,2024-06-26,2024-06
11387,M,1988,Chandigarh,Chandigarh,North,Paid Search,2024-06-26,35-44,2024-06-26,2024-06
11388,M,1999,Gurugram,Haryana,North,Organic Search,2024-06-26,25-34,2024-07-06,2024-07
11389,F,2006,Hyderabad,Telangana,South,Paid Social,2024-06-26,18-24,2024-06-29,2024-06
11390,M,2002,Kolkata,West Bengal,East,Organic Search,2024-06-26,18-24,,
11391,M,1993,Hyderabad,Telangana,South,Paid Search,2024-06-26,25-34,2024-06-27,2024-06
11392,M,2006,Delhi,Delhi,North,Email,2024-06-26,18-24,2024-06-28,2024-06
11393,M,2002,Ahmedabad,Gujarat,West,Organic Search,2024-06-26,18-24,2024-07-01,2024-07
11394,M,2000,Mumbai,Maharashtra,West,Organic Search,2024-06-26,25-34,2024-07-02,2024-07
11395,M,1989,Bengaluru,Karnataka,South,Paid Social,2024-06-26,35-44,,
11396,F,1993,Bengaluru,Karnataka,South,Paid Search,2024-06-26,25-34,2024-06-29,2024-06
11397,M,1999,Hyderabad,Telangana,South,Organic Search,2024-06-26,25-34,2024-06-26,2024-06
11398,M,2006,Lucknow,Uttar Pradesh,North,Paid Search,2024-06-26,18-24,2024-06-26,2024-06
11399,F,2005,Kolkata,West Bengal,East,Organic Search,2024-06-27,18-24,,
11400,F,1999,Noida,Uttar Pradesh,North,Organic Search,2024-06-27,25-34,2024-06-28,2024-06
11401,M,1995,Delhi,Delhi,North,Referral,2024-06-27,25-34,2024-07-04,2024-07
11402,F,2000,Hyderabad,Telangana,South,Paid Search,2024-06-27,25-34,2024-07-02,2024-07
11403,M,1998,Mumbai,Maharashtra,West,Paid Social,2024-06-27,25-34,2024-07-03,2024-07
11404,M,2006,Pune,Maharashtra,West,Organic Search,2024-06-27,18-24,2024-06-29,2024-06
11405,M,1985,Chandigarh,Chandigarh,North,Affiliate,2024-06-27,35-44,2024-06-30,2024-06
11406,F,1994,Delhi,Delhi,North,Referral,2024-06-27,25-34,2024-06-29,2024-06
11407,F,2000,Noida,Uttar Pradesh,North,Paid Search,2024-06-28,25-34,2024-06-30,2024-06
11408,M,2005,Hyderabad,Telangana,South,Referral,2024-06-28,18-24,2024-07-04,2024-07
11409,F,2006,Noida,Uttar Pradesh,North,Paid Search,2024-06-28,18-24,2024-06-28,2024-06
11410,M,1982,Kolkata,West Bengal,East,Organic Search,2024-06-28,35-44,2024-06-29,2024-06
11411,M,1988,Hyderabad,Telangana,South,Paid Search,2024-06-28,35-44,2024-06-29,2024-06
11412,F,1993,Chennai,Tamil Nadu,South,Paid Social,2024-06-28,25-34,2024-06-29,2024-06
11413,F,1984,Chennai,Tamil Nadu,South,Paid Search,2024-06-28,35-44,2024-06-29,2024-06
11414,M,2006,Bengaluru,Karnataka,South,Paid Search,2024-06-28,18-24,2024-06-29,2024-06
11415,F,1995,Mumbai,Maharashtra,West,Paid Social,2024-06-28,25-34,2024-06-30,2024-06
11416,F,2003,Kochi,Kerala,South,Email,2024-06-29,18-24,2024-07-07,2024-07
11417,F,1993,Mumbai,Maharashtra,West,Email,2024-06-29,25-34,2024-07-02,2024-07
11418,M,1997,Delhi,Delhi,North,Paid Social,2024-06-29,25-34,,
11419,M,1983,Indore,Madhya Pradesh,West,Paid Social,2024-06-29,35-44,2024-06-30,2024-06
11420,F,1986,Delhi,Delhi,North,Paid Social,2024-06-29,35-44,,
11421,M,1986,Bengaluru,Karnataka,South,Paid Search,2024-06-29,35-44,2024-06-30,2024-06
11422,M,1980,Kolkata,West Bengal,East,Referral,2024-06-29,45+,2024-06-29,2024-06
11423,M,2002,Bengaluru,Karnataka,South,Organic Search,2024-06-29,18-24,2024-07-03,2024-07
11424,F,1994,Noida,Uttar Pradesh,North,Email,2024-06-29,25-34,2024-07-03,2024-07
11425,F,2002,Delhi,Delhi,North,Paid Search,2024-06-29,18-24,2024-07-07,2024-07
11426,M,1993,Mumbai,Maharashtra,West,Organic Search,2024-06-30,25-34,2024-07-01,2024-07
11427,F,2003,Gurugram,Haryana,North,Organic Search,2024-06-30,18-24,2024-07-05,2024-07
11428,M,2002,Ahmedabad,Gujarat,West,Referral,2024-06-30,18-24,2024-06-30,2024-06
11429,M,1993,Hyderabad,Telangana,South,Organic Search,2024-06-30,25-34,2024-07-03,2024-07
11430,F,1996,Bengaluru,Karnataka,South,Paid Social,2024-06-30,25-34,2024-07-03,2024-07
11431,F,1997,Indore,Madhya Pradesh,West,Paid Search,2024-06-30,25-34,2024-07-02,2024-07
11432,F,2003,Mumbai,Maharashtra,West,Paid Social,2024-06-30,18-24,2024-07-04,2024-07
11433,M,1994,Gurugram,Haryana,North,Paid Social,2024-06-30,25-34,2024-07-13,2024-07
11434,F,1997,Bengaluru,Karnataka,South,Affiliate,2024-06-30,25-34,2024-07-03,2024-07
11435,M,1982,Mumbai,Maharashtra,West,Paid Search,2024-07-01,35-44,2024-07-01,2024-07
11436,M,1987,Jaipur,Rajasthan,North,Paid Search,2024-07-01,35-44,2024-07-09,2024-07
11437,M,1988,Bengaluru,Karnataka,South,Organic Search,2024-07-01,35-44,2024-07-02,2024-07
11438,M,1998,Mumbai,Maharashtra,West,Paid Search,2024-07-01,25-34,2024-07-19,2024-07
11439,M,1988,Gurugram,Haryana,North,Referral,2024-07-01,35-44,2024-07-08,2024-07
11440,M,1995,Pune,Maharashtra,West,Organic Search,2024-07-01,25-34,,
11441,M,1993,Jaipur,Rajasthan,North,Affiliate,2024-07-01,25-34,2024-07-02,2024-07
11442,M,1994,Bengaluru,Karnataka,South,Organic Search,2024-07-01,25-34,2024-07-02,2024-07
11443,F,2001,Delhi,Delhi,North,Referral,2024-07-01,18-24,2024-07-05,2024-07
11444,F,1995,Chennai,Tamil Nadu,South,Paid Social,2024-07-01,25-34,,
11445,F,1992,Mumbai,Maharashtra,West,Email,2024-07-02,25-34,2024-07-05,2024-07
11446,M,1997,Delhi,Delhi,North,Paid Social,2024-07-02,25-34,,
11447,M,2006,Delhi,Delhi,North,Paid Social,2024-07-02,18-24,,
11448,F,1994,Kolkata,West Bengal,East,Organic Search,2024-07-02,25-34,2024-07-04,2024-07
11449,F,1984,Pune,Maharashtra,West,Paid Search,2024-07-02,35-44,2024-07-06,2024-07
11450,M,1983,Hyderabad,Telangana,South,Referral,2024-07-02,35-44,2024-07-04,2024-07
11451,M,1991,Chennai,Tamil Nadu,South,Organic Search,2024-07-02,25-34,2024-07-06,2024-07
11452,M,1984,Chandigarh,Chandigarh,North,Referral,2024-07-02,35-44,2024-07-03,2024-07
11453,M,1974,Ahmedabad,Gujarat,West,Paid Search,2024-07-03,45+,2024-07-09,2024-07
11454,M,1991,Bengaluru,Karnataka,South,Paid Search,2024-07-03,25-34,2024-07-04,2024-07
11455,M,1997,Chennai,Tamil Nadu,South,Paid Social,2024-07-03,25-34,,
11456,M,2005,Mumbai,Maharashtra,West,Organic Search,2024-07-03,18-24,2024-07-05,2024-07
11457,M,1993,Kolkata,West Bengal,East,Paid Social,2024-07-03,25-34,2024-07-19,2024-07
11458,M,1996,Indore,Madhya Pradesh,West,Email,2024-07-03,25-34,2024-07-06,2024-07
11459,M,1998,Chennai,Tamil Nadu,South,Organic Search,2024-07-04,25-34,2024-07-04,2024-07
11460,M,1994,Delhi,Delhi,North,Organic Search,2024-07-04,25-34,2024-07-05,2024-07
11461,M,1988,Mumbai,Maharashtra,West,Organic Search,2024-07-04,35-44,2024-07-05,2024-07
11462,M,2006,Gurugram,Haryana,North,Paid Social,2024-07-04,18-24,,
11463,F,1986,Kochi,Kerala,South,Referral,2024-07-04,35-44,2024-07-11,2024-07
11464,M,1997,Lucknow,Uttar Pradesh,North,Affiliate,2024-07-04,25-34,,
11465,M,1987,Bengaluru,Karnataka,South,Paid Search,2024-07-04,35-44,2024-07-04,2024-07
11466,F,1994,Delhi,Delhi,North,Organic Search,2024-07-05,25-34,2024-07-14,2024-07
11467,M,1997,Noida,Uttar Pradesh,North,Organic Search,2024-07-05,25-34,,
11468,F,1992,Chandigarh,Chandigarh,North,Paid Search,2024-07-05,25-34,2024-07-05,2024-07
11469,M,1984,Hyderabad,Telangana,South,Paid Social,2024-07-05,35-44,,
11470,F,1991,Lucknow,Uttar Pradesh,North,Email,2024-07-05,25-34,2024-07-05,2024-07
11471,F,2002,Hyderabad,Telangana,South,Organic Search,2024-07-05,18-24,2024-07-05,2024-07
11472,M,1981,Hyderabad,Telangana,South,Referral,2024-07-05,35-44,2024-07-08,2024-07
11473,F,2006,Kolkata,West Bengal,East,Paid Social,2024-07-06,18-24,2024-07-16,2024-07
11474,M,1994,Bengaluru,Karnataka,South,Email,2024-07-06,25-34,2024-07-06,2024-07
11475,F,1999,Bengaluru,Karnataka,South,Email,2024-07-06,25-34,2024-07-15,2024-07
11476,F,1985,Indore,Madhya Pradesh,West,Email,2024-07-06,35-44,,
11477,F,1992,Delhi,Delhi,North,Paid Search,2024-07-06,25-34,2024-07-06,2024-07
11478,F,1988,Pune,Maharashtra,West,Paid Search,2024-07-06,35-44,,
11479,M,1996,Chennai,Tamil Nadu,South,Organic Search,2024-07-06,25-34,2024-07-06,2024-07
11480,M,1985,Delhi,Delhi,North,Organic Search,2024-07-06,35-44,2024-07-15,2024-07
11481,M,1989,Delhi,Delhi,North,Paid Social,2024-07-06,35-44,2024-07-09,2024-07
11482,F,2006,Indore,Madhya Pradesh,West,Affiliate,2024-07-06,18-24,2024-07-09,2024-07
11483,F,1999,Chennai,Tamil Nadu,South,Paid Social,2024-07-06,25-34,,
11484,F,1997,Jaipur,Rajasthan,North,Paid Search,2024-07-07,25-34,2024-07-07,2024-07
11485,F,1996,Chennai,Tamil Nadu,South,Organic Search,2024-07-07,25-34,2024-07-09,2024-07
11486,F,2005,Chandigarh,Chandigarh,North,Paid Social,2024-07-07,18-24,2024-07-11,2024-07
11487,M,1992,Mumbai,Maharashtra,West,Organic Search,2024-07-07,25-34,2024-07-08,2024-07
11488,F,2001,Kolkata,West Bengal,East,Organic Search,2024-07-08,18-24,2024-07-09,2024-07
11489,F,1975,Mumbai,Maharashtra,West,Organic Search,2024-07-08,45+,2024-07-15,2024-07
11490,M,1993,Indore,Madhya Pradesh,West,Email,2024-07-08,25-34,2024-07-08,2024-07
11491,F,1991,Kolkata,West Bengal,East,Paid Search,2024-07-08,25-34,2024-07-08,2024-07
11492,F,1989,Lucknow,Uttar Pradesh,North,Affiliate,2024-07-09,35-44,2024-07-10,2024-07
11493,F,1999,Delhi,Delhi,North,Paid Social,2024-07-09,25-34,2024-07-23,2024-07
11494,M,1992,Kolkata,West Bengal,East,Paid Social,2024-07-09,25-34,,
11495,F,1992,Ahmedabad,Gujarat,West,Referral,2024-07-09,25-34,,
11496,F,1987,Kolkata,West Bengal,East,Email,2024-07-09,35-44,2024-07-09,2024-07
11497,F,1990,Chennai,Tamil Nadu,South,Organic Search,2024-07-09,35-44,,
11498,M,1977,Indore,Madhya Pradesh,West,Organic Search,2024-07-09,45+,,
11499,F,1991,Pune,Maharashtra,West,Organic Search,2024-07-09,25-34,2024-07-13,2024-07
11500,F,1982,Pune,Maharashtra,West,Paid Search,2024-07-09,35-44,2024-07-09,2024-07
11501,M,2006,Gurugram,Haryana,North,Organic Search,2024-07-09,18-24,2024-07-13,2024-07
11502,M,1999,Mumbai,Maharashtra,West,Paid Social,2024-07-09,25-34,2024-07-12,2024-07
11503,M,2001,Hyderabad,Telangana,South,Paid Search,2024-07-09,18-24,,
11504,M,1983,Kolkata,West Bengal,East,Affiliate,2024-07-10,35-44,2024-07-15,2024-07
11505,M,2000,Kolkata,West Bengal,East,Referral,2024-07-10,25-34,2024-07-18,2024-07
11506,F,1988,Kolkata,West Bengal,East,Referral,2024-07-10,35-44,2024-07-10,2024-07
11507,F,1996,Delhi,Delhi,North,Paid Social,2024-07-10,25-34,,
11508,F,1992,Pune,Maharashtra,West,Organic Search,2024-07-10,25-34,2024-07-11,2024-07
11509,M,1982,Noida,Uttar Pradesh,North,Organic Search,2024-07-10,35-44,,
11510,M,1985,Indore,Madhya Pradesh,West,Paid Search,2024-07-10,35-44,2024-07-19,2024-07
11511,M,1999,Kolkata,West Bengal,East,Email,2024-07-10,25-34,2024-07-18,2024-07
11512,F,1999,Chennai,Tamil Nadu,South,Organic Search,2024-07-11,25-34,2024-07-13,2024-07
11513,F,1983,Chennai,Tamil Nadu,South,Paid Search,2024-07-11,35-44,2024-07-14,2024-07
11514,M,2003,Mumbai,Maharashtra,West,Referral,2024-07-11,18-24,,
11515,F,1990,Pune,Maharashtra,West,Paid Search,2024-07-11,35-44,2024-07-20,2024-07
11516,F,1983,Jaipur,Rajasthan,North,Affiliate,2024-07-11,35-44,,
11517,M,1989,Ahmedabad,Gujarat,West,Affiliate,2024-07-11,35-44,2024-07-15,2024-07
11518,M,1983,Jaipur,Rajasthan,North,Organic Search,2024-07-12,35-44,2024-07-13,2024-07
11519,M,1988,Hyderabad,Telangana,South,Paid Social,2024-07-12,35-44,2024-07-17,2024-07
11520,F,1990,Mumbai,Maharashtra,West,Organic Search,2024-07-12,35-44,2024-07-12,2024-07
11521,F,1998,Bengaluru,Karnataka,South,Paid Search,2024-07-12,25-34,2024-07-18,2024-07
11522,F,2000,Chennai,Tamil Nadu,South,Email,2024-07-12,25-34,2024-07-20,2024-07
11523,F,2002,Jaipur,Rajasthan,North,Organic Search,2024-07-12,18-24,2024-07-22,2024-07
11524,M,2000,Bengaluru,Karnataka,South,Affiliate,2024-07-12,25-34,,
11525,F,1978,Chennai,Tamil Nadu,South,Affiliate,2024-07-12,45+,,
11526,F,1982,Kolkata,West Bengal,East,Paid Social,2024-07-13,35-44,2024-07-13,2024-07
11527,F,2002,Gurugram,Haryana,North,Paid Search,2024-07-13,18-24,,
11528,F,1990,Bengaluru,Karnataka,South,Organic Search,2024-07-13,35-44,2024-07-15,2024-07
11529,F,1992,Mumbai,Maharashtra,West,Paid Search,2024-07-13,25-34,2024-07-15,2024-07
11530,F,1999,Jaipur,Rajasthan,North,Organic Search,2024-07-13,25-34,,
11531,F,2004,Gurugram,Haryana,North,Organic Search,2024-07-13,18-24,2024-07-22,2024-07
11532,F,1997,Ahmedabad,Gujarat,West,Organic Search,2024-07-13,25-34,2024-07-15,2024-07
11533,M,1987,Chandigarh,Chandigarh,North,Paid Social,2024-07-14,35-44,2024-07-19,2024-07
11534,M,1984,Bengaluru,Karnataka,South,Organic Search,2024-07-14,35-44,2024-07-17,2024-07
11535,M,1985,Jaipur,Rajasthan,North,Paid Search,2024-07-14,35-44,2024-07-16,2024-07
11536,F,2003,Delhi,Delhi,North,Paid Social,2024-07-14,18-24,,
11537,F,2000,Hyderabad,Telangana,South,Organic Search,2024-07-14,25-34,2024-07-16,2024-07
11538,M,1994,Gurugram,Haryana,North,Paid Search,2024-07-14,25-34,2024-07-23,2024-07
11539,F,1982,Lucknow,Uttar Pradesh,North,Organic Search,2024-07-14,35-44,2024-07-18,2024-07
11540,M,2001,Lucknow,Uttar Pradesh,North,Organic Search,2024-07-14,18-24,2024-07-14,2024-07
11541,F,1995,Mumbai,Maharashtra,West,Organic Search,2024-07-15,25-34,2024-07-15,2024-07
11542,M,1987,Pune,Maharashtra,West,Organic Search,2024-07-15,35-44,,
11543,M,1993,Hyderabad,Telangana,South,Paid Search,2024-07-15,25-34,2024-07-15,2024-07
11544,F,1998,Bengaluru,Karnataka,South,Organic Search,2024-07-15,25-34,2024-07-15,2024-07
11545,F,1990,Gurugram,Haryana,North,Paid Search,2024-07-15,35-44,2024-07-29,2024-07
11546,M,1985,Gurugram,Haryana,North,Referral,2024-07-15,35-44,,
11547,M,1995,Chennai,Tamil Nadu,South,Paid Social,2024-07-15,25-34,2024-07-15,2024-07
11548,M,1996,Lucknow,Uttar Pradesh,North,Paid Search,2024-07-15,25-34,2024-07-18,2024-07
11549,M,1978,Noida,Uttar Pradesh,North,Affiliate,2024-07-15,45+,,
11550,F,1993,Delhi,Delhi,North,Referral,2024-07-15,25-34,2024-07-15,2024-07
11551,M,1987,Hyderabad,Telangana,South,Paid Social,2024-07-15,35-44,2024-07-31,2024-07
11552,M,1997,Bengaluru,Karnataka,South,Paid Search,2024-07-15,25-34,2024-07-15,2024-07
11553,M,1980,Mumbai,Maharashtra,West,Organic Search,2024-07-15,45+,2024-07-17,2024-07
11554,F,1983,Delhi,Delhi,North,Paid Search,2024-07-15,35-44,2024-07-15,2024-07
11555,M,1975,Hyderabad,Telangana,South,Paid Social,2024-07-15,45+,2024-07-17,2024-07
11556,F,1997,Delhi,Delhi,North,Affiliate,2024-07-15,25-34,2024-07-18,2024-07
11557,M,1982,Mumbai,Maharashtra,West,Affiliate,2024-07-15,35-44,2024-07-15,2024-07
11558,M,1983,Chennai,Tamil Nadu,South,Organic Search,2024-07-15,35-44,2024-07-22,2024-07
11559,F,1993,Lucknow,Uttar Pradesh,North,Affiliate,2024-07-15,25-34,2024-07-15,2024-07
11560,F,1992,Mumbai,Maharashtra,West,Referral,2024-07-16,25-34,2024-07-17,2024-07
11561,F,1999,Bengaluru,Karnataka,South,Paid Social,2024-07-16,25-34,,
11562,F,1999,Bengaluru,Karnataka,South,Email,2024-07-16,25-34,2024-07-16,2024-07
11563,F,2003,Mumbai,Maharashtra,West,Paid Search,2024-07-16,18-24,2024-07-27,2024-07
11564,F,2006,Mumbai,Maharashtra,West,Paid Search,2024-07-17,18-24,2024-07-26,2024-07
11565,M,2002,Mumbai,Maharashtra,West,Email,2024-07-17,18-24,2024-07-21,2024-07
11566,M,1996,Pune,Maharashtra,West,Organic Search,2024-07-17,25-34,,
11567,M,1995,Mumbai,Maharashtra,West,Paid Social,2024-07-17,25-34,2024-07-19,2024-07
11568,M,1998,Lucknow,Uttar Pradesh,North,Referral,2024-07-17,25-34,,
11569,F,1977,Chandigarh,Chandigarh,North,Email,2024-07-17,45+,2024-07-20,2024-07
11570,M,1992,Pune,Maharashtra,West,Organic Search,2024-07-17,25-34,2024-07-17,2024-07
11571,F,1979,Mumbai,Maharashtra,West,Paid Social,2024-07-17,45+,2024-07-17,2024-07
11572,F,1988,Ahmedabad,Gujarat,West,Organic Search,2024-07-17,35-44,2024-07-19,2024-07
11573,F,1982,Bengaluru,Karnataka,South,Email,2024-07-17,35-44,2024-07-19,2024-07
11574,M,1997,Kolkata,West Bengal,East,Paid Social,2024-07-18,25-34,,
11575,F,1998,Indore,Madhya Pradesh,West,Paid Social,2024-07-18,25-34,2024-07-25,2024-07
11576,F,2003,Bengaluru,Karnataka,South,Email,2024-07-18,18-24,2024-07-30,2024-07
11577,M,1986,Delhi,Delhi,North,Paid Social,2024-07-18,35-44,,
11578,M,1988,Hyderabad,Telangana,South,Paid Social,2024-07-18,35-44,,
11579,M,2002,Pune,Maharashtra,West,Paid Search,2024-07-18,18-24,,
11580,F,1989,Chennai,Tamil Nadu,South,Paid Social,2024-07-18,35-44,2024-07-19,2024-07
11581,F,1988,Kolkata,West Bengal,East,Paid Social,2024-07-18,35-44,2024-07-21,2024-07
11582,F,1999,Lucknow,Uttar Pradesh,North,Referral,2024-07-18,25-34,2024-07-19,2024-07
11583,F,1998,Kochi,Kerala,South,Organic Search,2024-07-18,25-34,2024-07-26,2024-07
11584,M,2001,Bengaluru,Karnataka,South,Paid Search,2024-07-19,18-24,,
11585,F,1997,Bengaluru,Karnataka,South,Paid Search,2024-07-19,25-34,2024-07-24,2024-07
11586,F,1990,Pune,Maharashtra,West,Organic Search,2024-07-19,35-44,2024-07-19,2024-07
11587,F,2004,Mumbai,Maharashtra,West,Referral,2024-07-19,18-24,2024-07-26,2024-07
11588,M,2001,Hyderabad,Telangana,South,Paid Social,2024-07-19,18-24,2024-07-20,2024-07
11589,F,1993,Delhi,Delhi,North,Organic Search,2024-07-19,25-34,2024-07-27,2024-07
11590,F,2001,Ahmedabad,Gujarat,West,Paid Social,2024-07-19,18-24,,
11591,F,1993,Delhi,Delhi,North,Paid Search,2024-07-19,25-34,2024-08-11,2024-08
11592,M,1986,Lucknow,Uttar Pradesh,North,Referral,2024-07-19,35-44,2024-07-23,2024-07
11593,M,1994,Bengaluru,Karnataka,South,Organic Search,2024-07-19,25-34,,
11594,M,2006,Hyderabad,Telangana,South,Organic Search,2024-07-20,18-24,2024-07-26,2024-07
11595,M,2002,Chennai,Tamil Nadu,South,Organic Search,2024-07-20,18-24,2024-07-22,2024-07
11596,M,1997,Bengaluru,Karnataka,South,Paid Search,2024-07-20,25-34,2024-07-20,2024-07
11597,F,1986,Bengaluru,Karnataka,South,Referral,2024-07-20,35-44,2024-07-24,2024-07
11598,M,1984,Kolkata,West Bengal,East,Paid Social,2024-07-20,35-44,2024-07-24,2024-07
11599,F,1992,Pune,Maharashtra,West,Organic Search,2024-07-20,25-34,,
11600,M,1989,Bengaluru,Karnataka,South,Paid Social,2024-07-20,35-44,2024-07-20,2024-07
11601,M,1994,Chennai,Tamil Nadu,South,Paid Social,2024-07-20,25-34,,
11602,M,1995,Hyderabad,Telangana,South,Referral,2024-07-20,25-34,2024-07-20,2024-07
11603,M,1982,Hyderabad,Telangana,South,Organic Search,2024-07-20,35-44,2024-07-28,2024-07
11604,F,1987,Pune,Maharashtra,West,Paid Social,2024-07-20,35-44,2024-07-20,2024-07
11605,M,1991,Pune,Maharashtra,West,Paid Social,2024-07-20,25-34,2024-07-21,2024-07
11606,F,1997,Bengaluru,Karnataka,South,Paid Social,2024-07-20,25-34,,
11607,M,1997,Bengaluru,Karnataka,South,Paid Search,2024-07-20,25-34,2024-07-20,2024-07
11608,F,1985,Ahmedabad,Gujarat,West,Organic Search,2024-07-21,35-44,2024-07-21,2024-07
11609,M,1984,Gurugram,Haryana,North,Organic Search,2024-07-21,35-44,2024-07-22,2024-07
11610,F,1986,Lucknow,Uttar Pradesh,North,Email,2024-07-21,35-44,2024-07-22,2024-07
11611,M,2000,Pune,Maharashtra,West,Paid Social,2024-07-21,25-34,,
11612,M,1990,Noida,Uttar Pradesh,North,Paid Social,2024-07-21,35-44,2024-08-11,2024-08
11613,M,1994,Mumbai,Maharashtra,West,Paid Social,2024-07-21,25-34,,
11614,F,1997,Gurugram,Haryana,North,Organic Search,2024-07-21,25-34,,
11615,M,2003,Gurugram,Haryana,North,Paid Search,2024-07-21,18-24,2024-07-22,2024-07
11616,F,1984,Chennai,Tamil Nadu,South,Paid Social,2024-07-21,35-44,2024-07-24,2024-07
11617,F,2003,Ahmedabad,Gujarat,West,Organic Search,2024-07-21,18-24,,
11618,M,1998,Hyderabad,Telangana,South,Affiliate,2024-07-22,25-34,2024-07-27,2024-07
11619,M,2006,Delhi,Delhi,North,Organic Search,2024-07-22,18-24,2024-07-26,2024-07
11620,M,2005,Jaipur,Rajasthan,North,Paid Social,2024-07-22,18-24,2024-07-23,2024-07
11621,M,1994,Delhi,Delhi,North,Paid Search,2024-07-22,25-34,2024-07-26,2024-07
11622,M,1988,Delhi,Delhi,North,Email,2024-07-23,35-44,2024-07-30,2024-07
11623,F,1999,Delhi,Delhi,North,Referral,2024-07-23,25-34,,
11624,F,1985,Pune,Maharashtra,West,Paid Search,2024-07-23,35-44,2024-07-25,2024-07
11625,F,1995,Delhi,Delhi,North,Paid Search,2024-07-23,25-34,2024-07-23,2024-07
11626,F,1988,Hyderabad,Telangana,South,Affiliate,2024-07-23,35-44,2024-07-26,2024-07
11627,F,1992,Pune,Maharashtra,West,Paid Social,2024-07-23,25-34,2024-08-03,2024-08
11628,F,1976,Lucknow,Uttar Pradesh,North,Organic Search,2024-07-23,45+,,
11629,M,1993,Chennai,Tamil Nadu,South,Referral,2024-07-23,25-34,2024-07-26,2024-07
11630,M,1994,Pune,Maharashtra,West,Paid Search,2024-07-24,25-34,2024-07-25,2024-07
11631,F,1989,Mumbai,Maharashtra,West,Organic Search,2024-07-24,35-44,,
11632,F,1993,Ahmedabad,Gujarat,West,Referral,2024-07-24,25-34,2024-07-25,2024-07
11633,M,1985,Bengaluru,Karnataka,South,Affiliate,2024-07-24,35-44,2024-08-02,2024-08
11634,M,2000,Ahmedabad,Gujarat,West,Organic Search,2024-07-24,25-34,2024-08-03,2024-08
11635,M,1994,Kolkata,West Bengal,East,Paid Search,2024-07-24,25-34,2024-07-29,2024-07
11636,F,2006,Mumbai,Maharashtra,West,Organic Search,2024-07-24,18-24,,
11637,M,1996,Mumbai,Maharashtra,West,Email,2024-07-24,25-34,2024-07-29,2024-07
11638,F,1997,Chennai,Tamil Nadu,South,Email,2024-07-24,25-34,2024-07-28,2024-07
11639,M,1990,Bengaluru,Karnataka,South,Email,2024-07-24,35-44,2024-07-24,2024-07
11640,M,2003,Kolkata,West Bengal,East,Organic Search,2024-07-25,18-24,2024-07-27,2024-07
11641,F,1990,Hyderabad,Telangana,South,Organic Search,2024-07-25,35-44,2024-07-29,2024-07
11642,F,2006,Pune,Maharashtra,West,Paid Social,2024-07-25,18-24,2024-08-08,2024-08
11643,F,2006,Bengaluru,Karnataka,South,Organic Search,2024-07-25,18-24,2024-07-26,2024-07
11644,F,1989,Mumbai,Maharashtra,West,Organic Search,2024-07-25,35-44,2024-07-29,2024-07
11645,M,1991,Delhi,Delhi,North,Organic Search,2024-07-25,25-34,2024-07-30,2024-07
11646,F,1988,Mumbai,Maharashtra,West,Paid Social,2024-07-25,35-44,2024-08-02,2024-08
11647,F,1983,Jaipur,Rajasthan,North,Paid Social,2024-07-25,35-44,2024-07-31,2024-07
11648,F,1996,Bengaluru,Karnataka,South,Referral,2024-07-26,25-34,,
11649,M,1994,Bengaluru,Karnataka,South,Organic Search,2024-07-26,25-34,2024-07-28,2024-07
11650,F,1999,Kolkata,West Bengal,East,Referral,2024-07-26,25-34,2024-08-02,2024-08
11651,F,1993,Delhi,Delhi,North,Paid Social,2024-07-27,25-34,2024-07-29,2024-07
11652,F,2000,Mumbai,Maharashtra,West,Paid Search,2024-07-27,25-34,2024-07-27,2024-07
11653,F,1993,Mumbai,Maharashtra,West,Paid Social,2024-07-27,25-34,2024-08-05,2024-08
11654,F,1992,Pune,Maharashtra,West,Referral,2024-07-27,25-34,2024-07-27,2024-07
11655,M,1994,Delhi,Delhi,North,Organic Search,2024-07-27,25-34,2024-08-05,2024-08
11656,M,2000,Pune,Maharashtra,West,Referral,2024-07-27,25-34,2024-07-27,2024-07
11657,F,1991,Bengaluru,Karnataka,South,Paid Social,2024-07-27,25-34,,
11658,F,2001,Chandigarh,Chandigarh,North,Paid Social,2024-07-27,18-24,2024-08-06,2024-08
11659,F,1988,Bengaluru,Karnataka,South,Email,2024-07-27,35-44,,
11660,F,1991,Lucknow,Uttar Pradesh,North,Paid Social,2024-07-27,25-34,2024-08-02,2024-08
11661,M,1979,Mumbai,Maharashtra,West,Paid Social,2024-07-27,45+,2024-07-31,2024-07
11662,M,1991,Kochi,Kerala,South,Paid Search,2024-07-28,25-34,,
11663,F,1985,Delhi,Delhi,North,Paid Social,2024-07-28,35-44,2024-07-29,2024-07
11664,F,1998,Jaipur,Rajasthan,North,Referral,2024-07-28,25-34,2024-07-28,2024-07
11665,F,1998,Kolkata,West Bengal,East,Affiliate,2024-07-28,25-34,,
11666,F,2003,Gurugram,Haryana,North,Referral,2024-07-28,18-24,2024-07-28,2024-07
11667,M,2006,Mumbai,Maharashtra,West,Referral,2024-07-28,18-24,2024-08-03,2024-08
11668,M,1992,Mumbai,Maharashtra,West,Paid Social,2024-07-28,25-34,2024-08-06,2024-08
11669,F,1988,Bengaluru,Karnataka,South,Referral,2024-07-28,35-44,2024-08-01,2024-08
11670,F,1997,Indore,Madhya Pradesh,West,Organic Search,2024-07-28,25-34,2024-07-28,2024-07
11671,M,1990,Bengaluru,Karnataka,South,Paid Search,2024-07-28,35-44,2024-08-02,2024-08
11672,M,1989,Kolkata,West Bengal,East,Paid Social,2024-07-28,35-44,2024-07-29,2024-07
11673,F,1993,Mumbai,Maharashtra,West,Paid Social,2024-07-28,25-34,2024-07-31,2024-07
11674,M,1989,Pune,Maharashtra,West,Paid Social,2024-07-28,35-44,2024-07-29,2024-07
11675,M,2006,Kolkata,West Bengal,East,Affiliate,2024-07-28,18-24,2024-07-29,2024-07
11676,F,1991,Delhi,Delhi,North,Email,2024-07-29,25-34,2024-07-29,2024-07
11677,M,1993,Kolkata,West Bengal,East,Referral,2024-07-29,25-34,2024-07-31,2024-07
11678,M,2000,Kolkata,West Bengal,East,Referral,2024-07-29,25-34,2024-08-04,2024-08
11679,F,2006,Kolkata,West Bengal,East,Referral,2024-07-29,18-24,,
11680,M,1992,Delhi,Delhi,North,Paid Social,2024-07-29,25-34,2024-08-07,2024-08
11681,F,1979,Ahmedabad,Gujarat,West,Organic Search,2024-07-29,45+,2024-07-31,2024-07
11682,F,1993,Chennai,Tamil Nadu,South,Email,2024-07-29,25-34,2024-08-01,2024-08
11683,M,1980,Chandigarh,Chandigarh,North,Organic Search,2024-07-29,45+,2024-07-30,2024-07
11684,F,1989,Indore,Madhya Pradesh,West,Referral,2024-07-29,35-44,2024-08-01,2024-08
11685,F,2005,Lucknow,Uttar Pradesh,North,Organic Search,2024-07-29,18-24,2024-08-17,2024-08
11686,M,1987,Delhi,Delhi,North,Paid Social,2024-07-30,35-44,2024-08-04,2024-08
11687,M,1985,Chennai,Tamil Nadu,South,Paid Search,2024-07-30,35-44,2024-07-30,2024-07
11688,F,2000,Kolkata,West Bengal,East,Paid Social,2024-07-30,25-34,,
11689,M,1992,Delhi,Delhi,North,Email,2024-07-30,25-34,2024-08-01,2024-08
11690,F,2003,Delhi,Delhi,North,Organic Search,2024-07-30,18-24,2024-08-08,2024-08
11691,F,1991,Ahmedabad,Gujarat,West,Organic Search,2024-07-30,25-34,,
11692,M,1999,Delhi,Delhi,North,Affiliate,2024-07-30,25-34,,
11693,M,1981,Bengaluru,Karnataka,South,Organic Search,2024-07-30,35-44,2024-07-30,2024-07
11694,F,1986,Bengaluru,Karnataka,South,Referral,2024-07-30,35-44,2024-08-04,2024-08
11695,F,1992,Mumbai,Maharashtra,West,Referral,2024-07-30,25-34,2024-07-30,2024-07
11696,M,1990,Hyderabad,Telangana,South,Referral,2024-07-30,35-44,2024-07-30,2024-07
11697,F,2006,Delhi,Delhi,North,Organic Search,2024-07-30,18-24,2024-07-31,2024-07
11698,M,2002,Jaipur,Rajasthan,North,Referral,2024-07-31,18-24,2024-07-31,2024-07
11699,M,2001,Hyderabad,Telangana,South,Affiliate,2024-07-31,18-24,,
11700,M,1992,Delhi,Delhi,North,Paid Search,2024-07-31,25-34,2024-08-01,2024-08
11701,M,1982,Jaipur,Rajasthan,North,Paid Social,2024-07-31,35-44,,
11702,F,2006,Bengaluru,Karnataka,South,Organic Search,2024-07-31,18-24,2024-07-31,2024-07
11703,M,1981,Lucknow,Uttar Pradesh,North,Affiliate,2024-07-31,35-44,2024-07-31,2024-07
11704,M,1989,Pune,Maharashtra,West,Organic Search,2024-07-31,35-44,2024-08-05,2024-08
11705,M,1998,Chennai,Tamil Nadu,South,Paid Search,2024-07-31,25-34,2024-07-31,2024-07
11706,F,2006,Lucknow,Uttar Pradesh,North,Organic Search,2024-07-31,18-24,,
11707,M,2006,Mumbai,Maharashtra,West,Affiliate,2024-07-31,18-24,2024-07-31,2024-07
11708,M,1998,Delhi,Delhi,North,Paid Social,2024-08-01,25-34,,
11709,M,2006,Bengaluru,Karnataka,South,Organic Search,2024-08-01,18-24,2024-08-03,2024-08
11710,M,1990,Mumbai,Maharashtra,West,Organic Search,2024-08-01,35-44,2024-08-10,2024-08
11711,F,1997,Chennai,Tamil Nadu,South,Email,2024-08-01,25-34,2024-08-15,2024-08
11712,M,2005,Delhi,Delhi,North,Organic Search,2024-08-01,18-24,2024-08-02,2024-08
11713,M,1982,Hyderabad,Telangana,South,Paid Social,2024-08-01,35-44,2024-08-05,2024-08
11714,M,1997,Hyderabad,Telangana,South,Paid Social,2024-08-01,25-34,,
11715,F,1997,Hyderabad,Telangana,South,Referral,2024-08-01,25-34,2024-08-02,2024-08
11716,F,1997,Bengaluru,Karnataka,South,Paid Social,2024-08-01,25-34,2024-08-13,2024-08
11717,M,1985,Lucknow,Uttar Pradesh,North,Referral,2024-08-01,35-44,2024-08-08,2024-08
11718,F,1997,Mumbai,Maharashtra,West,Organic Search,2024-08-02,25-34,2024-08-02,2024-08
11719,M,1996,Mumbai,Maharashtra,West,Paid Search,2024-08-02,25-34,2024-08-08,2024-08
11720,M,1989,Lucknow,Uttar Pradesh,North,Organic Search,2024-08-02,35-44,2024-08-14,2024-08
11721,F,2000,Pune,Maharashtra,West,Paid Search,2024-08-02,25-34,2024-08-06,2024-08
11722,F,2004,Bengaluru,Karnataka,South,Paid Social,2024-08-02,18-24,,
11723,F,1988,Pune,Maharashtra,West,Paid Social,2024-08-03,35-44,2024-08-04,2024-08
11724,F,1997,Kolkata,West Bengal,East,Affiliate,2024-08-03,25-34,2024-08-03,2024-08
11725,F,2005,Bengaluru,Karnataka,South,Affiliate,2024-08-03,18-24,2024-08-08,2024-08
11726,M,2005,Mumbai,Maharashtra,West,Paid Search,2024-08-03,18-24,,
11727,M,1992,Mumbai,Maharashtra,West,Paid Social,2024-08-03,25-34,2024-08-10,2024-08
11728,M,2002,Ahmedabad,Gujarat,West,Paid Social,2024-08-03,18-24,2024-08-05,2024-08
11729,M,1992,Mumbai,Maharashtra,West,Affiliate,2024-08-03,25-34,,
11730,M,2000,Noida,Uttar Pradesh,North,Organic Search,2024-08-03,25-34,2024-08-05,2024-08
11731,F,1988,Pune,Maharashtra,West,Paid Social,2024-08-04,35-44,2024-08-06,2024-08
11732,M,1981,Bengaluru,Karnataka,South,Paid Search,2024-08-04,35-44,,
11733,F,1998,Mumbai,Maharashtra,West,Paid Search,2024-08-04,25-34,,
11734,M,2001,Jaipur,Rajasthan,North,Paid Social,2024-08-04,18-24,2024-08-10,2024-08
11735,M,1999,Noida,Uttar Pradesh,North,Organic Search,2024-08-04,25-34,2024-08-15,2024-08
11736,F,1987,Mumbai,Maharashtra,West,Organic Search,2024-08-04,35-44,2024-08-06,2024-08
11737,M,1974,Lucknow,Uttar Pradesh,North,Referral,2024-08-04,45+,2024-08-05,2024-08
11738,M,2000,Hyderabad,Telangana,South,Organic Search,2024-08-05,25-34,2024-08-07,2024-08
11739,M,2005,Bengaluru,Karnataka,South,Paid Search,2024-08-05,18-24,2024-08-07,2024-08
11740,F,1978,Jaipur,Rajasthan,North,Paid Social,2024-08-05,45+,,
11741,F,1991,Kolkata,West Bengal,East,Paid Social,2024-08-05,25-34,2024-08-19,2024-08
11742,F,1986,Bengaluru,Karnataka,South,Paid Social,2024-08-06,35-44,,
11743,F,1995,Gurugram,Haryana,North,Affiliate,2024-08-06,25-34,2024-08-12,2024-08
11744,M,2004,Hyderabad,Telangana,South,Paid Search,2024-08-06,18-24,2024-08-06,2024-08
11745,F,1992,Hyderabad,Telangana,South,Organic Search,2024-08-06,25-34,,
11746,F,1989,Pune,Maharashtra,West,Organic Search,2024-08-06,35-44,2024-08-06,2024-08
11747,F,1997,Lucknow,Uttar Pradesh,North,Paid Social,2024-08-06,25-34,2024-08-16,2024-08
11748,F,1977,Hyderabad,Telangana,South,Paid Search,2024-08-06,45+,,
11749,F,2000,Delhi,Delhi,North,Email,2024-08-06,25-34,2024-08-10,2024-08
11750,F,2002,Mumbai,Maharashtra,West,Paid Social,2024-08-06,18-24,,
11751,F,1994,Hyderabad,Telangana,South,Paid Search,2024-08-06,25-34,,
11752,M,1990,Hyderabad,Telangana,South,Email,2024-08-06,35-44,2024-08-08,2024-08
11753,F,1991,Bengaluru,Karnataka,South,Referral,2024-08-07,25-34,2024-08-11,2024-08
11754,F,1991,Delhi,Delhi,North,Paid Social,2024-08-07,25-34,2024-08-11,2024-08
11755,M,1993,Chandigarh,Chandigarh,North,Paid Social,2024-08-07,25-34,,
11756,F,1981,Chennai,Tamil Nadu,South,Organic Search,2024-08-07,35-44,2024-08-07,2024-08
11757,M,1997,Bengaluru,Karnataka,South,Paid Social,2024-08-07,25-34,2024-08-11,2024-08
11758,M,1991,Hyderabad,Telangana,South,Organic Search,2024-08-07,25-34,,
11759,M,1994,Delhi,Delhi,North,Paid Social,2024-08-07,25-34,2024-08-12,2024-08
11760,F,1989,Kolkata,West Bengal,East,Email,2024-08-07,35-44,2024-08-10,2024-08
11761,F,1997,Noida,Uttar Pradesh,North,Paid Social,2024-08-07,25-34,2024-08-11,2024-08
11762,M,2004,Chandigarh,Chandigarh,North,Organic Search,2024-08-07,18-24,2024-08-11,2024-08
11763,F,1995,Chennai,Tamil Nadu,South,Organic Search,2024-08-08,25-34,2024-08-14,2024-08
11764,F,1980,Mumbai,Maharashtra,West,Email,2024-08-08,45+,2024-08-08,2024-08
11765,M,1994,Bengaluru,Karnataka,South,Organic Search,2024-08-08,25-34,2024-08-15,2024-08
11766,F,1995,Ahmedabad,Gujarat,West,Paid Social,2024-08-08,25-34,,
11767,M,1993,Chennai,Tamil Nadu,South,Referral,2024-08-08,25-34,2024-08-09,2024-08
11768,M,1987,Gurugram,Haryana,North,Organic Search,2024-08-08,35-44,2024-08-09,2024-08
11769,M,1993,Delhi,Delhi,North,Referral,2024-08-08,25-34,2024-08-08,2024-08
11770,F,2000,Bengaluru,Karnataka,South,Organic Search,2024-08-08,25-34,2024-08-12,2024-08
11771,F,1991,Chennai,Tamil Nadu,South,Referral,2024-08-09,25-34,2024-08-09,2024-08
11772,F,2005,Kochi,Kerala,South,Organic Search,2024-08-09,18-24,2024-08-13,2024-08
11773,F,1988,Mumbai,Maharashtra,West,Organic Search,2024-08-09,35-44,2024-08-11,2024-08
11774,M,1985,Bengaluru,Karnataka,South,Organic Search,2024-08-09,35-44,2024-08-11,2024-08
11775,M,1992,Mumbai,Maharashtra,West,Email,2024-08-09,25-34,2024-08-09,2024-08
11776,F,1977,Chandigarh,Chandigarh,North,Paid Social,2024-08-09,45+,2024-08-10,2024-08
11777,F,1993,Delhi,Delhi,North,Email,2024-08-09,25-34,2024-08-10,2024-08
11778,M,1991,Lucknow,Uttar Pradesh,North,Paid Social,2024-08-09,25-34,,
11779,F,1999,Gurugram,Haryana,North,Referral,2024-08-09,25-34,2024-08-10,2024-08
11780,F,1980,Lucknow,Uttar Pradesh,North,Paid Social,2024-08-09,45+,,
11781,M,2000,Jaipur,Rajasthan,North,Paid Search,2024-08-09,25-34,2024-08-18,2024-08
11782,M,1995,Chennai,Tamil Nadu,South,Paid Social,2024-08-09,25-34,2024-08-11,2024-08
11783,F,2006,Noida,Uttar Pradesh,North,Paid Search,2024-08-10,18-24,2024-08-10,2024-08
11784,M,1992,Hyderabad,Telangana,South,Email,2024-08-10,25-34,2024-08-12,2024-08
11785,M,1996,Chennai,Tamil Nadu,South,Email,2024-08-10,25-34,2024-08-11,2024-08
11786,M,1999,Mumbai,Maharashtra,West,Organic Search,2024-08-10,25-34,2024-08-11,2024-08
11787,F,1977,Bengaluru,Karnataka,South,Email,2024-08-10,45+,,
11788,M,2002,Chandigarh,Chandigarh,North,Organic Search,2024-08-10,18-24,,
11789,M,1992,Delhi,Delhi,North,Paid Social,2024-08-10,25-34,2024-08-11,2024-08
11790,F,1983,Bengaluru,Karnataka,South,Referral,2024-08-10,35-44,2024-08-14,2024-08
11791,F,1993,Indore,Madhya Pradesh,West,Organic Search,2024-08-10,25-34,,
11792,F,2003,Mumbai,Maharashtra,West,Organic Search,2024-08-11,18-24,2024-08-11,2024-08
11793,M,1991,Chennai,Tamil Nadu,South,Referral,2024-08-11,25-34,,
11794,M,1994,Bengaluru,Karnataka,South,Paid Search,2024-08-11,25-34,2024-08-14,2024-08
11795,F,1977,Mumbai,Maharashtra,West,Paid Social,2024-08-11,45+,,
11796,F,1987,Delhi,Delhi,North,Referral,2024-08-11,35-44,,
11797,F,1999,Chennai,Tamil Nadu,South,Organic Search,2024-08-11,25-34,2024-08-15,2024-08
11798,F,2002,Kolkata,West Bengal,East,Organic Search,2024-08-11,18-24,2024-08-11,2024-08
11799,M,1995,Bengaluru,Karnataka,South,Affiliate,2024-08-12,25-34,2024-08-13,2024-08
11800,M,1998,Hyderabad,Telangana,South,Paid Social,2024-08-12,25-34,2024-08-15,2024-08
11801,F,1990,Pune,Maharashtra,West,Paid Social,2024-08-12,35-44,,
11802,M,1994,Lucknow,Uttar Pradesh,North,Paid Search,2024-08-12,25-34,2024-08-28,2024-08
11803,M,1985,Kochi,Kerala,South,Affiliate,2024-08-12,35-44,,
11804,F,1990,Bengaluru,Karnataka,South,Organic Search,2024-08-12,35-44,2024-08-12,2024-08
11805,F,1993,Ahmedabad,Gujarat,West,Organic Search,2024-08-12,25-34,,
11806,F,1981,Bengaluru,Karnataka,South,Paid Search,2024-08-13,35-44,2024-08-14,2024-08
11807,M,2006,Pune,Maharashtra,West,Referral,2024-08-13,18-24,2024-08-23,2024-08
11808,F,1988,Delhi,Delhi,North,Organic Search,2024-08-13,35-44,2024-08-21,2024-08
11809,M,1995,Bengaluru,Karnataka,South,Paid Search,2024-08-13,25-34,,
11810,M,1983,Delhi,Delhi,North,Paid Social,2024-08-13,35-44,2024-08-13,2024-08
11811,F,1969,Noida,Uttar Pradesh,North,Paid Social,2024-08-13,45+,,
11812,F,2006,Gurugram,Haryana,North,Organic Search,2024-08-13,18-24,2024-08-15,2024-08
11813,M,1994,Mumbai,Maharashtra,West,Paid Social,2024-08-13,25-34,2024-08-21,2024-08
11814,F,1976,Kochi,Kerala,South,Paid Search,2024-08-13,45+,2024-08-14,2024-08
11815,F,1985,Delhi,Delhi,North,Paid Search,2024-08-14,35-44,,
11816,M,2006,Mumbai,Maharashtra,West,Organic Search,2024-08-14,18-24,2024-08-16,2024-08
11817,M,1997,Hyderabad,Telangana,South,Affiliate,2024-08-14,25-34,2024-08-15,2024-08
11818,M,1973,Chennai,Tamil Nadu,South,Paid Social,2024-08-14,45+,,
11819,F,1989,Bengaluru,Karnataka,South,Organic Search,2024-08-14,35-44,2024-08-15,2024-08
11820,F,1992,Kolkata,West Bengal,East,Paid Search,2024-08-14,25-34,2024-08-22,2024-08
11821,F,1998,Bengaluru,Karnataka,South,Organic Search,2024-08-14,25-34,,
11822,F,1993,Bengaluru,Karnataka,South,Paid Social,2024-08-14,25-34,2024-08-14,2024-08
11823,F,1980,Mumbai,Maharashtra,West,Paid Social,2024-08-14,45+,,
11824,M,1988,Jaipur,Rajasthan,North,Organic Search,2024-08-14,35-44,,
11825,F,1986,Mumbai,Maharashtra,West,Affiliate,2024-08-14,35-44,,
11826,F,1999,Hyderabad,Telangana,South,Paid Search,2024-08-14,25-34,2024-08-14,2024-08
11827,M,1989,Bengaluru,Karnataka,South,Organic Search,2024-08-14,35-44,,
11828,M,1989,Hyderabad,Telangana,South,Organic Search,2024-08-15,35-44,2024-08-15,2024-08
11829,M,1991,Bengaluru,Karnataka,South,Organic Search,2024-08-15,25-34,2024-08-16,2024-08
11830,F,1987,Bengaluru,Karnataka,South,Email,2024-08-15,35-44,2024-08-19,2024-08
11831,F,2006,Gurugram,Haryana,North,Paid Social,2024-08-15,18-24,,
11832,M,2002,Chandigarh,Chandigarh,North,Referral,2024-08-15,18-24,2024-08-15,2024-08
11833,M,2003,Ahmedabad,Gujarat,West,Organic Search,2024-08-15,18-24,,
11834,F,1984,Delhi,Delhi,North,Paid Search,2024-08-15,35-44,,
11835,M,1996,Kochi,Kerala,South,Paid Search,2024-08-16,25-34,2024-08-16,2024-08
11836,M,2000,Lucknow,Uttar Pradesh,North,Paid Search,2024-08-16,25-34,2024-08-17,2024-08
11837,F,1985,Delhi,Delhi,North,Organic Search,2024-08-16,35-44,2024-08-16,2024-08
11838,M,1984,Bengaluru,Karnataka,South,Organic Search,2024-08-16,35-44,2024-08-28,2024-08
11839,F,1986,Noida,Uttar Pradesh,North,Affiliate,2024-08-16,35-44,2024-08-16,2024-08
11840,F,1982,Ahmedabad,Gujarat,West,Paid Social,2024-08-17,35-44,2024-08-20,2024-08
11841,F,2002,Lucknow,Uttar Pradesh,North,Organic Search,2024-08-17,18-24,,
11842,F,2001,Gurugram,Haryana,North,Referral,2024-08-17,18-24,2024-08-22,2024-08
11843,F,1991,Bengaluru,Karnataka,South,Paid Search,2024-08-17,25-34,2024-08-23,2024-08
11844,M,1993,Mumbai,Maharashtra,West,Referral,2024-08-18,25-34,2024-09-04,2024-09
11845,M,1988,Ahmedabad,Gujarat,West,Affiliate,2024-08-18,35-44,2024-08-18,2024-08
11846,F,2006,Noida,Uttar Pradesh,North,Organic Search,2024-08-18,18-24,,
11847,F,1990,Ahmedabad,Gujarat,West,Affiliate,2024-08-18,35-44,2024-08-27,2024-08
11848,M,1989,Mumbai,Maharashtra,West,Organic Search,2024-08-18,35-44,2024-08-18,2024-08
11849,F,1992,Delhi,Delhi,North,Paid Search,2024-08-18,25-34,2024-08-18,2024-08
11850,F,1983,Bengaluru,Karnataka,South,Paid Social,2024-08-18,35-44,2024-08-19,2024-08
11851,F,1996,Ahmedabad,Gujarat,West,Paid Social,2024-08-18,25-34,2024-08-18,2024-08
11852,M,2005,Kochi,Kerala,South,Organic Search,2024-08-18,18-24,2024-08-21,2024-08
11853,M,1992,Hyderabad,Telangana,South,Organic Search,2024-08-18,25-34,2024-08-21,2024-08
11854,F,2000,Ahmedabad,Gujarat,West,Paid Search,2024-08-18,25-34,2024-08-19,2024-08
11855,M,1978,Delhi,Delhi,North,Paid Search,2024-08-19,45+,2024-08-25,2024-08
11856,M,1986,Hyderabad,Telangana,South,Paid Search,2024-08-19,35-44,2024-08-19,2024-08
11857,M,1994,Ahmedabad,Gujarat,West,Organic Search,2024-08-19,25-34,2024-08-21,2024-08
11858,M,1979,Chennai,Tamil Nadu,South,Affiliate,2024-08-19,45+,,
11859,F,1996,Ahmedabad,Gujarat,West,Referral,2024-08-19,25-34,2024-08-21,2024-08
11860,F,1991,Delhi,Delhi,North,Affiliate,2024-08-19,25-34,2024-08-22,2024-08
11861,F,1996,Hyderabad,Telangana,South,Organic Search,2024-08-19,25-34,2024-08-20,2024-08
11862,F,1992,Hyderabad,Telangana,South,Organic Search,2024-08-19,25-34,,
11863,M,1992,Delhi,Delhi,North,Paid Social,2024-08-19,25-34,2024-08-28,2024-08
11864,F,1973,Bengaluru,Karnataka,South,Paid Social,2024-08-20,45+,,
11865,M,1985,Pune,Maharashtra,West,Paid Social,2024-08-20,35-44,2024-08-23,2024-08
11866,F,1998,Ahmedabad,Gujarat,West,Organic Search,2024-08-20,25-34,2024-08-28,2024-08
11867,M,1982,Chennai,Tamil Nadu,South,Email,2024-08-20,35-44,2024-08-22,2024-08
11868,F,1986,Lucknow,Uttar Pradesh,North,Paid Social,2024-08-20,35-44,,
11869,M,1990,Delhi,Delhi,North,Paid Search,2024-08-20,35-44,2024-08-22,2024-08
11870,M,1991,Noida,Uttar Pradesh,North,Paid Social,2024-08-20,25-34,,
11871,M,1999,Kochi,Kerala,South,Organic Search,2024-08-20,25-34,2024-08-21,2024-08
11872,F,1995,Noida,Uttar Pradesh,North,Organic Search,2024-08-20,25-34,2024-08-21,2024-08
11873,M,1988,Bengaluru,Karnataka,South,Affiliate,2024-08-20,35-44,2024-08-25,2024-08
11874,M,1980,Hyderabad,Telangana,South,Paid Social,2024-08-20,45+,2024-08-25,2024-08
11875,M,2006,Hyderabad,Telangana,South,Organic Search,2024-08-20,18-24,2024-08-29,2024-08
11876,F,1994,Delhi,Delhi,North,Paid Search,2024-08-21,25-34,2024-08-23,2024-08
11877,F,2001,Delhi,Delhi,North,Organic Search,2024-08-21,18-24,2024-08-23,2024-08
11878,M,1974,Kolkata,West Bengal,East,Affiliate,2024-08-21,45+,,
11879,F,1991,Pune,Maharashtra,West,Referral,2024-08-21,25-34,2024-09-06,2024-09
11880,M,1990,Delhi,Delhi,North,Paid Social,2024-08-21,35-44,,
11881,M,1990,Delhi,Delhi,North,Affiliate,2024-08-21,35-44,2024-08-21,2024-08
11882,F,2000,Hyderabad,Telangana,South,Paid Search,2024-08-21,25-34,2024-08-26,2024-08
11883,F,1991,Kochi,Kerala,South,Email,2024-08-21,25-34,2024-08-24,2024-08
11884,F,1990,Pune,Maharashtra,West,Paid Search,2024-08-21,35-44,,
11885,F,1993,Mumbai,Maharashtra,West,Email,2024-08-21,25-34,,
11886,M,1994,Bengaluru,Karnataka,South,Email,2024-08-22,25-34,2024-08-26,2024-08
11887,F,1984,Delhi,Delhi,North,Paid Search,2024-08-22,35-44,2024-08-24,2024-08
11888,M,2001,Chennai,Tamil Nadu,South,Organic Search,2024-08-22,18-24,2024-08-26,2024-08
11889,F,1989,Lucknow,Uttar Pradesh,North,Organic Search,2024-08-22,35-44,2024-08-24,2024-08
11890,F,1993,Noida,Uttar Pradesh,North,Paid Search,2024-08-22,25-34,2024-08-24,2024-08
11891,F,2005,Chandigarh,Chandigarh,North,Organic Search,2024-08-22,18-24,2024-08-26,2024-08
11892,F,2006,Delhi,Delhi,North,Paid Search,2024-08-22,18-24,2024-08-23,2024-08
11893,M,1997,Mumbai,Maharashtra,West,Paid Social,2024-08-23,25-34,2024-09-02,2024-09
11894,F,1980,Bengaluru,Karnataka,South,Organic Search,2024-08-23,45+,2024-08-23,2024-08
11895,F,1991,Pune,Maharashtra,West,Email,2024-08-23,25-34,2024-08-24,2024-08
11896,M,2006,Bengaluru,Karnataka,South,Organic Search,2024-08-23,18-24,2024-08-23,2024-08
11897,F,1992,Noida,Uttar Pradesh,North,Organic Search,2024-08-23,25-34,2024-08-23,2024-08
11898,M,2000,Mumbai,Maharashtra,West,Organic Search,2024-08-23,25-34,2024-08-27,2024-08
11899,F,2000,Pune,Maharashtra,West,Affiliate,2024-08-23,25-34,2024-08-23,2024-08
11900,F,1988,Ahmedabad,Gujarat,West,Paid Search,2024-08-23,35-44,2024-08-29,2024-08
11901,F,2006,Gurugram,Haryana,North,Organic Search,2024-08-23,18-24,2024-08-24,2024-08
11902,M,1997,Hyderabad,Telangana,South,Organic Search,2024-08-23,25-34,2024-08-26,2024-08
11903,M,1993,Delhi,Delhi,North,Paid Search,2024-08-23,25-34,2024-08-26,2024-08
11904,F,1992,Delhi,Delhi,North,Affiliate,2024-08-23,25-34,2024-09-04,2024-09
11905,M,1984,Lucknow,Uttar Pradesh,North,Paid Social,2024-08-24,35-44,2024-08-26,2024-08
11906,M,1987,Bengaluru,Karnataka,South,Paid Search,2024-08-24,35-44,2024-08-24,2024-08
11907,M,1985,Delhi,Delhi,North,Paid Search,2024-08-24,35-44,2024-08-28,2024-08
11908,F,2006,Delhi,Delhi,North,Organic Search,2024-08-24,18-24,2024-08-29,2024-08
11909,F,2002,Pune,Maharashtra,West,Paid Social,2024-08-24,18-24,2024-08-27,2024-08
11910,M,1985,Mumbai,Maharashtra,West,Paid Search,2024-08-24,35-44,2024-08-24,2024-08
11911,F,2006,Gurugram,Haryana,North,Referral,2024-08-24,18-24,2024-08-29,2024-08
11912,M,2004,Bengaluru,Karnataka,South,Organic Search,2024-08-24,18-24,2024-09-06,2024-09
11913,M,1988,Bengaluru,Karnataka,South,Organic Search,2024-08-25,35-44,2024-08-26,2024-08
11914,F,1998,Delhi,Delhi,North,Paid Social,2024-08-25,25-34,2024-08-25,2024-08
11915,F,1988,Noida,Uttar Pradesh,North,Referral,2024-08-25,35-44,2024-09-01,2024-09
11916,F,2002,Mumbai,Maharashtra,West,Paid Social,2024-08-25,18-24,,
11917,M,1997,Kolkata,West Bengal,East,Referral,2024-08-25,25-34,2024-09-08,2024-09
11918,M,1990,Hyderabad,Telangana,South,Email,2024-08-25,35-44,2024-08-25,2024-08
11919,M,1984,Chandigarh,Chandigarh,North,Email,2024-08-25,35-44,,
11920,F,1993,Kolkata,West Bengal,East,Paid Search,2024-08-25,25-34,,
11921,M,1997,Mumbai,Maharashtra,West,Email,2024-08-25,25-34,,
11922,M,2004,Mumbai,Maharashtra,West,Paid Social,2024-08-25,18-24,2024-09-03,2024-09
11923,M,1999,Kolkata,West Bengal,East,Paid Social,2024-08-25,25-34,2024-08-25,2024-08
11924,F,2001,Bengaluru,Karnataka,South,Paid Social,2024-08-25,18-24,2024-08-28,2024-08
11925,F,1987,Ahmedabad,Gujarat,West,Organic Search,2024-08-25,35-44,2024-08-25,2024-08
11926,F,1978,Indore,Madhya Pradesh,West,Paid Social,2024-08-25,45+,2024-08-27,2024-08
11927,M,1980,Kolkata,West Bengal,East,Referral,2024-08-25,45+,2024-08-28,2024-08
11928,M,1991,Gurugram,Haryana,North,Affiliate,2024-08-26,25-34,2024-08-27,2024-08
11929,M,1987,Mumbai,Maharashtra,West,Paid Search,2024-08-26,35-44,2024-09-07,2024-09
11930,M,1993,Mumbai,Maharashtra,West,Affiliate,2024-08-26,25-34,,
11931,F,1999,Kolkata,West Bengal,East,Organic Search,2024-08-26,25-34,2024-08-26,2024-08
11932,F,1999,Delhi,Delhi,North,Affiliate,2024-08-26,25-34,2024-09-03,2024-09
11933,F,1975,Delhi,Delhi,North,Paid Social,2024-08-26,45+,2024-08-31,2024-08
11934,F,2006,Mumbai,Maharashtra,West,Paid Social,2024-08-26,18-24,2024-08-27,2024-08
11935,F,1997,Gurugram,Haryana,North,Paid Social,2024-08-26,25-34,2024-08-31,2024-08
11936,F,1996,Bengaluru,Karnataka,South,Affiliate,2024-08-26,25-34,2024-09-03,2024-09
11937,M,1992,Mumbai,Maharashtra,West,Organic Search,2024-08-27,25-34,2024-08-30,2024-08
11938,F,1991,Chennai,Tamil Nadu,South,Paid Search,2024-08-27,25-34,2024-08-30,2024-08
11939,M,2002,Bengaluru,Karnataka,South,Email,2024-08-27,18-24,2024-09-03,2024-09
11940,F,1986,Pune,Maharashtra,West,Organic Search,2024-08-27,35-44,2024-08-28,2024-08
11941,M,1996,Chennai,Tamil Nadu,South,Paid Social,2024-08-27,25-34,2024-08-28,2024-08
11942,M,2006,Delhi,Delhi,North,Paid Social,2024-08-27,18-24,,
11943,F,1995,Ahmedabad,Gujarat,West,Referral,2024-08-27,25-34,2024-08-28,2024-08
11944,F,1998,Indore,Madhya Pradesh,West,Email,2024-08-28,25-34,2024-08-31,2024-08
11945,M,1982,Lucknow,Uttar Pradesh,North,Organic Search,2024-08-28,35-44,2024-08-29,2024-08
11946,M,2000,Delhi,Delhi,North,Paid Social,2024-08-28,25-34,2024-09-06,2024-09
11947,M,1996,Pune,Maharashtra,West,Paid Social,2024-08-28,25-34,2024-08-30,2024-08
11948,F,1993,Pune,Maharashtra,West,Paid Social,2024-08-28,25-34,2024-08-30,2024-08
11949,M,1999,Bengaluru,Karnataka,South,Organic Search,2024-08-28,25-34,2024-08-28,2024-08
11950,M,1984,Noida,Uttar Pradesh,North,Organic Search,2024-08-28,35-44,2024-09-10,2024-09
11951,M,2006,Gurugram,Haryana,North,Paid Social,2024-08-28,18-24,2024-08-31,2024-08
11952,M,2006,Kolkata,West Bengal,East,Organic Search,2024-08-28,18-24,2024-08-29,2024-08
11953,M,1989,Delhi,Delhi,North,Paid Social,2024-08-28,35-44,2024-08-28,2024-08
11954,F,2003,Kolkata,West Bengal,East,Organic Search,2024-08-28,18-24,2024-09-10,2024-09
11955,M,1992,Bengaluru,Karnataka,South,Affiliate,2024-08-28,25-34,2024-08-29,2024-08
11956,F,1984,Bengaluru,Karnataka,South,Email,2024-08-29,35-44,2024-09-01,2024-09
11957,F,2004,Chandigarh,Chandigarh,North,Paid Social,2024-08-29,18-24,2024-08-31,2024-08
11958,M,1991,Chennai,Tamil Nadu,South,Email,2024-08-29,25-34,2024-09-07,2024-09
11959,M,1998,Kochi,Kerala,South,Affiliate,2024-08-29,25-34,2024-08-31,2024-08
11960,M,2006,Bengaluru,Karnataka,South,Referral,2024-08-29,18-24,2024-09-01,2024-09
11961,M,1998,Bengaluru,Karnataka,South,Paid Social,2024-08-30,25-34,,
11962,M,1995,Pune,Maharashtra,West,Paid Search,2024-08-30,25-34,2024-09-03,2024-09
11963,M,1986,Delhi,Delhi,North,Referral,2024-08-30,35-44,2024-08-30,2024-08
11964,F,1986,Kolkata,West Bengal,East,Paid Social,2024-08-30,35-44,2024-08-31,2024-08
11965,M,1992,Delhi,Delhi,North,Paid Search,2024-08-30,25-34,2024-08-30,2024-08
11966,M,1990,Pune,Maharashtra,West,Paid Social,2024-08-31,35-44,,
11967,F,1999,Mumbai,Maharashtra,West,Organic Search,2024-08-31,25-34,2024-08-31,2024-08
11968,F,1985,Hyderabad,Telangana,South,Referral,2024-08-31,35-44,2024-09-02,2024-09
11969,F,1987,Bengaluru,Karnataka,South,Email,2024-08-31,35-44,,
11970,M,1992,Bengaluru,Karnataka,South,Organic Search,2024-08-31,25-34,2024-08-31,2024-08
11971,F,1994,Delhi,Delhi,North,Organic Search,2024-08-31,25-34,2024-08-31,2024-08
11972,M,1994,Lucknow,Uttar Pradesh,North,Affiliate,2024-08-31,25-34,2024-09-08,2024-09
11973,M,1992,Delhi,Delhi,North,Organic Search,2024-08-31,25-34,2024-09-03,2024-09
11974,M,1987,Kolkata,West Bengal,East,Referral,2024-08-31,35-44,2024-08-31,2024-08
11975,F,1998,Delhi,Delhi,North,Paid Social,2024-08-31,25-34,,
11976,F,2003,Kolkata,West Bengal,East,Paid Social,2024-08-31,18-24,,
11977,F,1996,Delhi,Delhi,North,Organic Search,2024-08-31,25-34,,
11978,M,1989,Chennai,Tamil Nadu,South,Organic Search,2024-08-31,35-44,2024-09-05,2024-09
11979,F,1978,Ahmedabad,Gujarat,West,Paid Social,2024-09-01,45+,2024-09-01,2024-09
11980,M,2006,Chennai,Tamil Nadu,South,Paid Search,2024-09-01,18-24,,
11981,M,1992,Bengaluru,Karnataka,South,Referral,2024-09-01,25-34,,
11982,F,2004,Hyderabad,Telangana,South,Affiliate,2024-09-01,18-24,2024-09-01,2024-09
11983,M,2006,Bengaluru,Karnataka,South,Referral,2024-09-01,18-24,2024-09-08,2024-09
11984,M,2000,Lucknow,Uttar Pradesh,North,Paid Search,2024-09-02,25-34,2024-09-07,2024-09
11985,M,2001,Kolkata,West Bengal,East,Paid Social,2024-09-02,18-24,2024-09-11,2024-09
11986,M,2001,Bengaluru,Karnataka,South,Organic Search,2024-09-02,18-24,2024-09-08,2024-09
11987,M,1992,Noida,Uttar Pradesh,North,Paid Social,2024-09-02,25-34,2024-09-11,2024-09
11988,F,1984,Jaipur,Rajasthan,North,Paid Search,2024-09-02,35-44,,
11989,M,2000,Pune,Maharashtra,West,Email,2024-09-02,25-34,2024-09-13,2024-09
11990,F,1981,Chennai,Tamil Nadu,South,Paid Social,2024-09-03,35-44,,
11991,F,1990,Hyderabad,Telangana,South,Organic Search,2024-09-03,35-44,2024-09-08,2024-09
11992,F,1988,Jaipur,Rajasthan,North,Paid Search,2024-09-03,35-44,2024-09-07,2024-09
11993,M,1998,Bengaluru,Karnataka,South,Paid Social,2024-09-03,25-34,,
11994,M,1995,Delhi,Delhi,North,Email,2024-09-03,25-34,2024-09-03,2024-09
11995,F,1988,Chandigarh,Chandigarh,North,Paid Search,2024-09-04,35-44,2024-09-05,2024-09
11996,M,1990,Chennai,Tamil Nadu,South,Paid Social,2024-09-04,35-44,2024-09-06,2024-09
11997,M,2006,Gurugram,Haryana,North,Organic Search,2024-09-04,18-24,2024-09-07,2024-09
11998,M,1987,Mumbai,Maharashtra,West,Email,2024-09-04,35-44,2024-09-04,2024-09
11999,M,1992,Delhi,Delhi,North,Paid Social,2024-09-04,25-34,,
12000,M,1998,Delhi,Delhi,North,Referral,2024-09-04,25-34,2024-09-04,2024-09
12001,M,1994,Gurugram,Haryana,North,Paid Search,2024-09-04,25-34,2024-09-06,2024-09
12002,M,1998,Delhi,Delhi,North,Affiliate,2024-09-04,25-34,2024-09-05,2024-09
12003,M,2002,Pune,Maharashtra,West,Referral,2024-09-04,18-24,,
12004,F,2005,Kochi,Kerala,South,Organic Search,2024-09-05,18-24,2024-09-05,2024-09
12005,F,1994,Delhi,Delhi,North,Paid Social,2024-09-05,25-34,,
12006,F,1997,Chennai,Tamil Nadu,South,Organic Search,2024-09-05,25-34,2024-09-08,2024-09
12007,F,1995,Bengaluru,Karnataka,South,Referral,2024-09-05,25-34,2024-09-16,2024-09
12008,M,1986,Gurugram,Haryana,North,Referral,2024-09-05,35-44,2024-09-08,2024-09
12009,F,1995,Jaipur,Rajasthan,North,Paid Social,2024-09-05,25-34,,
12010,M,1980,Noida,Uttar Pradesh,North,Paid Search,2024-09-05,45+,,
12011,M,1996,Hyderabad,Telangana,South,Email,2024-09-06,25-34,2024-09-13,2024-09
12012,F,1976,Bengaluru,Karnataka,South,Email,2024-09-06,45+,,
12013,M,1986,Jaipur,Rajasthan,North,Paid Social,2024-09-06,35-44,2024-09-08,2024-09
12014,M,2000,Delhi,Delhi,North,Paid Social,2024-09-06,25-34,,
12015,M,1997,Gurugram,Haryana,North,Paid Search,2024-09-06,25-34,2024-09-13,2024-09
12016,M,1993,Bengaluru,Karnataka,South,Paid Search,2024-09-06,25-34,2024-09-06,2024-09
12017,M,1990,Delhi,Delhi,North,Affiliate,2024-09-06,35-44,,
12018,F,1987,Pune,Maharashtra,West,Referral,2024-09-06,35-44,2024-09-10,2024-09
12019,M,1989,Indore,Madhya Pradesh,West,Organic Search,2024-09-06,35-44,,
12020,M,1999,Bengaluru,Karnataka,South,Paid Search,2024-09-07,25-34,2024-09-08,2024-09
12021,F,1991,Delhi,Delhi,North,Paid Search,2024-09-07,25-34,2024-09-08,2024-09
12022,M,1977,Mumbai,Maharashtra,West,Organic Search,2024-09-07,45+,2024-09-08,2024-09
12023,F,1984,Mumbai,Maharashtra,West,Affiliate,2024-09-07,35-44,2024-09-07,2024-09
12024,F,1987,Chennai,Tamil Nadu,South,Organic Search,2024-09-07,35-44,,
12025,M,1991,Mumbai,Maharashtra,West,Paid Search,2024-09-07,25-34,2024-09-11,2024-09
12026,M,1991,Mumbai,Maharashtra,West,Email,2024-09-07,25-34,2024-09-10,2024-09
12027,F,1985,Delhi,Delhi,North,Organic Search,2024-09-07,35-44,2024-09-09,2024-09
12028,M,1998,Bengaluru,Karnataka,South,Paid Search,2024-09-07,25-34,2024-09-11,2024-09
12029,F,1978,Indore,Madhya Pradesh,West,Paid Social,2024-09-08,45+,,
12030,M,1988,Bengaluru,Karnataka,South,Paid Search,2024-09-08,35-44,2024-09-13,2024-09
12031,M,2000,Bengaluru,Karnataka,South,Paid Search,2024-09-08,25-34,,
12032,M,1998,Chennai,Tamil Nadu,South,Paid Social,2024-09-08,25-34,,
12033,M,1991,Chennai,Tamil Nadu,South,Affiliate,2024-09-08,25-34,2024-09-12,2024-09
12034,F,2001,Jaipur,Rajasthan,North,Email,2024-09-08,18-24,2024-09-08,2024-09
12035,M,1996,Gurugram,Haryana,North,Organic Search,2024-09-08,25-34,2024-09-12,2024-09
12036,M,1994,Kochi,Kerala,South,Paid Social,2024-09-08,25-34,2024-09-09,2024-09
12037,F,1998,Bengaluru,Karnataka,South,Paid Social,2024-09-09,25-34,2024-09-11,2024-09
12038,M,1997,Kolkata,West Bengal,East,Paid Search,2024-09-09,25-34,2024-09-09,2024-09
12039,F,2004,Pune,Maharashtra,West,Organic Search,2024-09-09,18-24,2024-09-11,2024-09
12040,M,1991,Kolkata,West Bengal,East,Paid Social,2024-09-09,25-34,,
12041,F,1992,Delhi,Delhi,North,Paid Search,2024-09-09,25-34,2024-09-11,2024-09
12042,M,1995,Indore,Madhya Pradesh,West,Email,2024-09-09,25-34,2024-09-16,2024-09
12043,M,1994,Pune,Maharashtra,West,Organic Search,2024-09-10,25-34,2024-09-11,2024-09
12044,M,2006,Delhi,Delhi,North,Organic Search,2024-09-10,18-24,2024-09-18,2024-09
12045,M,1998,Noida,Uttar Pradesh,North,Email,2024-09-10,25-34,,
12046,F,1988,Gurugram,Haryana,North,Email,2024-09-10,35-44,,
12047,F,1982,Delhi,Delhi,North,Paid Search,2024-09-10,35-44,2024-09-10,2024-09
12048,M,2006,Kolkata,West Bengal,East,Referral,2024-09-10,18-24,2024-09-12,2024-09
12049,F,1990,Kolkata,West Bengal,East,Email,2024-09-10,35-44,2024-09-13,2024-09
12050,F,1996,Chennai,Tamil Nadu,South,Organic Search,2024-09-10,25-34,2024-09-11,2024-09
12051,M,1993,Kolkata,West Bengal,East,Paid Social,2024-09-11,25-34,2024-09-12,2024-09
12052,M,2000,Chennai,Tamil Nadu,South,Referral,2024-09-11,25-34,2024-09-16,2024-09
12053,M,1989,Kolkata,West Bengal,East,Paid Search,2024-09-11,35-44,,
12054,M,1994,Noida,Uttar Pradesh,North,Affiliate,2024-09-11,25-34,,
12055,M,1989,Lucknow,Uttar Pradesh,North,Affiliate,2024-09-11,35-44,2024-09-21,2024-09
12056,M,2006,Chennai,Tamil Nadu,South,Paid Social,2024-09-11,18-24,2024-09-12,2024-09
12057,M,1987,Pune,Maharashtra,West,Organic Search,2024-09-11,35-44,2024-09-14,2024-09
12058,F,1998,Bengaluru,Karnataka,South,Email,2024-09-11,25-34,2024-09-12,2024-09
12059,M,2006,Ahmedabad,Gujarat,West,Paid Social,2024-09-11,18-24,,
12060,F,2002,Jaipur,Rajasthan,North,Organic Search,2024-09-11,18-24,2024-09-17,2024-09
12061,F,1993,Jaipur,Rajasthan,North,Referral,2024-09-11,25-34,2024-09-11,2024-09
12062,F,1995,Bengaluru,Karnataka,South,Paid Social,2024-09-11,25-34,,
12063,F,1987,Pune,Maharashtra,West,Organic Search,2024-09-11,35-44,2024-09-11,2024-09
12064,M,2006,Mumbai,Maharashtra,West,Organic Search,2024-09-11,18-24,2024-09-12,2024-09
12065,M,1992,Indore,Madhya Pradesh,West,Email,2024-09-11,25-34,2024-09-17,2024-09
12066,M,1993,Mumbai,Maharashtra,West,Affiliate,2024-09-12,25-34,2024-09-14,2024-09
12067,M,1986,Pune,Maharashtra,West,Paid Search,2024-09-12,35-44,2024-09-13,2024-09
12068,F,1991,Bengaluru,Karnataka,South,Organic Search,2024-09-12,25-34,2024-09-17,2024-09
12069,F,1994,Mumbai,Maharashtra,West,Paid Search,2024-09-12,25-34,2024-09-15,2024-09
12070,F,2002,Kolkata,West Bengal,East,Paid Social,2024-09-12,18-24,2024-09-18,2024-09
12071,F,1996,Pune,Maharashtra,West,Paid Search,2024-09-12,25-34,2024-09-26,2024-09
12072,F,2002,Kolkata,West Bengal,East,Paid Social,2024-09-12,18-24,2024-09-17,2024-09
12073,F,1975,Chennai,Tamil Nadu,South,Organic Search,2024-09-12,45+,,
12074,F,2005,Chennai,Tamil Nadu,South,Referral,2024-09-12,18-24,2024-09-17,2024-09
12075,F,1983,Hyderabad,Telangana,South,Email,2024-09-12,35-44,2024-09-19,2024-09
12076,F,2000,Indore,Madhya Pradesh,West,Referral,2024-09-13,25-34,2024-09-15,2024-09
12077,F,1969,Pune,Maharashtra,West,Paid Search,2024-09-13,45+,2024-09-14,2024-09
12078,F,1994,Ahmedabad,Gujarat,West,Paid Social,2024-09-13,25-34,,
12079,F,2001,Noida,Uttar Pradesh,North,Paid Search,2024-09-13,18-24,2024-09-14,2024-09
12080,F,1987,Noida,Uttar Pradesh,North,Paid Search,2024-09-13,35-44,2024-09-13,2024-09
12081,M,1994,Delhi,Delhi,North,Paid Social,2024-09-13,25-34,,
12082,F,2001,Bengaluru,Karnataka,South,Email,2024-09-13,18-24,2024-09-18,2024-09
12083,F,1999,Delhi,Delhi,North,Referral,2024-09-13,25-34,2024-09-13,2024-09
12084,M,1981,Ahmedabad,Gujarat,West,Organic Search,2024-09-13,35-44,2024-09-15,2024-09
12085,M,2001,Delhi,Delhi,North,Paid Social,2024-09-13,18-24,,
12086,M,2006,Delhi,Delhi,North,Organic Search,2024-09-13,18-24,,
12087,F,2003,Pune,Maharashtra,West,Paid Social,2024-09-13,18-24,2024-09-14,2024-09
12088,M,1984,Chennai,Tamil Nadu,South,Paid Search,2024-09-13,35-44,2024-09-14,2024-09
12089,F,1985,Mumbai,Maharashtra,West,Referral,2024-09-14,35-44,2024-09-19,2024-09
12090,M,1994,Kochi,Kerala,South,Affiliate,2024-09-14,25-34,2024-09-14,2024-09
12091,M,1998,Delhi,Delhi,North,Paid Search,2024-09-14,25-34,,
12092,F,2000,Mumbai,Maharashtra,West,Email,2024-09-14,25-34,,
12093,F,1987,Gurugram,Haryana,North,Referral,2024-09-14,35-44,2024-09-14,2024-09
12094,F,1993,Chandigarh,Chandigarh,North,Paid Social,2024-09-14,25-34,2024-09-17,2024-09
12095,M,1987,Delhi,Delhi,North,Paid Social,2024-09-14,35-44,2024-09-14,2024-09
12096,M,1985,Delhi,Delhi,North,Paid Search,2024-09-14,35-44,,
12097,M,1997,Bengaluru,Karnataka,South,Organic Search,2024-09-14,25-34,,
12098,M,1993,Bengaluru,Karnataka,South,Organic Search,2024-09-14,25-34,2024-09-15,2024-09
12099,F,1997,Noida,Uttar Pradesh,North,Paid Social,2024-09-14,25-34,2024-09-15,2024-09
12100,F,1989,Kochi,Kerala,South,Organic Search,2024-09-14,35-44,2024-09-16,2024-09
12101,M,1999,Bengaluru,Karnataka,South,Paid Social,2024-09-14,25-34,,
12102,F,1984,Chandigarh,Chandigarh,North,Email,2024-09-15,35-44,,
12103,F,1990,Mumbai,Maharashtra,West,Paid Social,2024-09-15,35-44,2024-09-29,2024-09
12104,F,1985,Jaipur,Rajasthan,North,Organic Search,2024-09-15,35-44,2024-09-21,2024-09
12105,F,1996,Chennai,Tamil Nadu,South,Referral,2024-09-15,25-34,2024-09-20,2024-09
12106,M,2006,Pune,Maharashtra,West,Organic Search,2024-09-15,18-24,2024-09-17,2024-09
12107,F,1996,Delhi,Delhi,North,Referral,2024-09-15,25-34,2024-10-05,2024-10
12108,F,1993,Noida,Uttar Pradesh,North,Organic Search,2024-09-15,25-34,2024-09-21,2024-09
12109,F,1992,Jaipur,Rajasthan,North,Organic Search,2024-09-15,25-34,2024-09-22,2024-09
12110,M,1989,Mumbai,Maharashtra,West,Affiliate,2024-09-16,35-44,,
12111,F,2002,Indore,Madhya Pradesh,West,Paid Search,2024-09-16,18-24,2024-09-17,2024-09
12112,F,1997,Kolkata,West Bengal,East,Organic Search,2024-09-16,25-34,,
12113,F,1980,Lucknow,Uttar Pradesh,North,Organic Search,2024-09-16,45+,,
12114,F,2002,Chandigarh,Chandigarh,North,Paid Search,2024-09-16,18-24,2024-09-18,2024-09
12115,M,1987,Delhi,Delhi,North,Referral,2024-09-16,35-44,,
12116,F,1988,Mumbai,Maharashtra,West,Organic Search,2024-09-16,35-44,2024-09-16,2024-09
12117,M,1997,Bengaluru,Karnataka,South,Organic Search,2024-09-16,25-34,2024-09-16,2024-09
12118,M,1989,Kolkata,West Bengal,East,Email,2024-09-17,35-44,2024-09-18,2024-09
12119,F,2006,Bengaluru,Karnataka,South,Paid Search,2024-09-17,18-24,,
12120,M,1992,Delhi,Delhi,North,Organic Search,2024-09-17,25-34,2024-09-17,2024-09
12121,F,1999,Chennai,Tamil Nadu,South,Organic Search,2024-09-17,25-34,2024-09-21,2024-09
12122,M,1981,Chennai,Tamil Nadu,South,Email,2024-09-17,35-44,2024-09-18,2024-09
12123,M,1989,Gurugram,Haryana,North,Paid Social,2024-09-17,35-44,2024-09-25,2024-09
12124,F,1992,Kolkata,West Bengal,East,Paid Social,2024-09-17,25-34,2024-09-17,2024-09
12125,M,2001,Bengaluru,Karnataka,South,Paid Social,2024-09-17,18-24,2024-09-18,2024-09
12126,F,1985,Hyderabad,Telangana,South,Paid Social,2024-09-17,35-44,2024-09-25,2024-09
12127,F,2003,Mumbai,Maharashtra,West,Referral,2024-09-17,18-24,,
12128,F,1995,Noida,Uttar Pradesh,North,Email,2024-09-17,25-34,,
12129,F,1996,Hyderabad,Telangana,South,Paid Social,2024-09-17,25-34,,
12130,F,1988,Pune,Maharashtra,West,Email,2024-09-18,35-44,2024-09-19,2024-09
12131,F,1986,Kolkata,West Bengal,East,Organic Search,2024-09-18,35-44,2024-09-22,2024-09
12132,M,1976,Gurugram,Haryana,North,Paid Social,2024-09-18,45+,2024-09-29,2024-09
12133,M,1996,Mumbai,Maharashtra,West,Paid Social,2024-09-18,25-34,2024-09-19,2024-09
12134,M,1999,Bengaluru,Karnataka,South,Organic Search,2024-09-18,25-34,2024-09-19,2024-09
12135,M,1991,Ahmedabad,Gujarat,West,Organic Search,2024-09-18,25-34,,
12136,M,1981,Mumbai,Maharashtra,West,Organic Search,2024-09-18,35-44,2024-09-22,2024-09
12137,M,1989,Bengaluru,Karnataka,South,Paid Search,2024-09-18,35-44,,
12138,F,1996,Bengaluru,Karnataka,South,Referral,2024-09-18,25-34,2024-09-20,2024-09
12139,M,1995,Ahmedabad,Gujarat,West,Organic Search,2024-09-18,25-34,2024-09-19,2024-09
12140,F,1999,Chandigarh,Chandigarh,North,Paid Social,2024-09-18,25-34,2024-09-22,2024-09
12141,M,1981,Indore,Madhya Pradesh,West,Organic Search,2024-09-19,35-44,2024-09-23,2024-09
12142,M,1990,Ahmedabad,Gujarat,West,Paid Social,2024-09-19,35-44,,
12143,M,1993,Hyderabad,Telangana,South,Organic Search,2024-09-19,25-34,2024-09-21,2024-09
12144,F,1999,Bengaluru,Karnataka,South,Organic Search,2024-09-19,25-34,2024-09-26,2024-09
12145,F,1989,Pune,Maharashtra,West,Paid Search,2024-09-19,35-44,2024-09-21,2024-09
12146,F,1998,Delhi,Delhi,North,Organic Search,2024-09-19,25-34,2024-09-25,2024-09
12147,M,1986,Gurugram,Haryana,North,Paid Search,2024-09-19,35-44,2024-09-22,2024-09
12148,M,1995,Chandigarh,Chandigarh,North,Paid Social,2024-09-19,25-34,2024-09-19,2024-09
12149,F,1991,Indore,Madhya Pradesh,West,Affiliate,2024-09-19,25-34,,
12150,M,1991,Hyderabad,Telangana,South,Paid Social,2024-09-19,25-34,2024-09-19,2024-09
12151,F,2006,Kolkata,West Bengal,East,Paid Social,2024-09-20,18-24,2024-09-21,2024-09
12152,M,1991,Indore,Madhya Pradesh,West,Paid Social,2024-09-20,25-34,,
12153,M,1990,Bengaluru,Karnataka,South,Paid Search,2024-09-20,35-44,2024-10-01,2024-10
12154,M,1982,Bengaluru,Karnataka,South,Paid Social,2024-09-20,35-44,2024-09-25,2024-09
12155,M,2001,Mumbai,Maharashtra,West,Paid Social,2024-09-20,18-24,2024-09-20,2024-09
12156,M,1989,Indore,Madhya Pradesh,West,Paid Social,2024-09-20,35-44,,
12157,M,1993,Mumbai,Maharashtra,West,Referral,2024-09-20,25-34,2024-09-30,2024-09
12158,M,1987,Mumbai,Maharashtra,West,Paid Search,2024-09-20,35-44,2024-09-22,2024-09
12159,M,1997,Kochi,Kerala,South,Organic Search,2024-09-20,25-34,,
12160,M,2001,Ahmedabad,Gujarat,West,Paid Social,2024-09-20,18-24,2024-09-28,2024-09
12161,F,2004,Delhi,Delhi,North,Referral,2024-09-20,18-24,,
12162,F,1993,Pune,Maharashtra,West,Referral,2024-09-20,25-34,2024-09-30,2024-09
12163,F,1989,Kolkata,West Bengal,East,Organic Search,2024-09-20,35-44,,
12164,M,1988,Delhi,Delhi,North,Paid Social,2024-09-21,35-44,2024-09-28,2024-09
12165,F,1994,Kolkata,West Bengal,East,Affiliate,2024-09-21,25-34,2024-09-25,2024-09
12166,F,1996,Kolkata,West Bengal,East,Organic Search,2024-09-21,25-34,2024-09-22,2024-09
12167,M,1998,Ahmedabad,Gujarat,West,Paid Social,2024-09-21,25-34,2024-10-03,2024-10
12168,M,1987,Chandigarh,Chandigarh,North,Paid Search,2024-09-21,35-44,2024-09-26,2024-09
12169,F,1995,Delhi,Delhi,North,Referral,2024-09-21,25-34,2024-09-25,2024-09
12170,M,1985,Delhi,Delhi,North,Paid Search,2024-09-21,35-44,,
12171,F,1992,Mumbai,Maharashtra,West,Referral,2024-09-21,25-34,,
12172,M,2005,Hyderabad,Telangana,South,Organic Search,2024-09-21,18-24,2024-09-24,2024-09
12173,M,1992,Kolkata,West Bengal,East,Organic Search,2024-09-21,25-34,2024-09-21,2024-09
12174,F,1986,Gurugram,Haryana,North,Organic Search,2024-09-21,35-44,,
12175,M,1996,Pune,Maharashtra,West,Organic Search,2024-09-21,25-34,2024-09-22,2024-09
12176,M,2001,Pune,Maharashtra,West,Email,2024-09-22,18-24,2024-09-22,2024-09
12177,M,1987,Mumbai,Maharashtra,West,Organic Search,2024-09-22,35-44,2024-09-24,2024-09
12178,F,1983,Pune,Maharashtra,West,Organic Search,2024-09-22,35-44,,
12179,F,1987,Kochi,Kerala,South,Email,2024-09-22,35-44,2024-09-23,2024-09
12180,M,1990,Mumbai,Maharashtra,West,Paid Search,2024-09-22,35-44,2024-09-26,2024-09
12181,M,2006,Delhi,Delhi,North,Paid Social,2024-09-22,18-24,2024-09-22,2024-09
12182,M,1982,Bengaluru,Karnataka,South,Organic Search,2024-09-22,35-44,2024-09-24,2024-09
12183,F,1980,Delhi,Delhi,North,Email,2024-09-22,45+,2024-09-26,2024-09
12184,F,1996,Kolkata,West Bengal,East,Paid Social,2024-09-22,25-34,,
12185,M,1988,Kolkata,West Bengal,East,Organic Search,2024-09-22,35-44,2024-09-27,2024-09
12186,M,1986,Delhi,Delhi,North,Paid Social,2024-09-22,35-44,,
12187,F,1999,Ahmedabad,Gujarat,West,Paid Search,2024-09-22,25-34,2024-10-03,2024-10
12188,M,1994,Hyderabad,Telangana,South,Paid Search,2024-09-23,25-34,2024-09-27,2024-09
12189,M,2002,Mumbai,Maharashtra,West,Paid Search,2024-09-23,18-24,2024-09-24,2024-09
12190,M,1999,Pune,Maharashtra,West,Paid Social,2024-09-23,25-34,2024-09-29,2024-09
12191,F,1984,Kolkata,West Bengal,East,Paid Social,2024-09-23,35-44,2024-09-23,2024-09
12192,F,1980,Lucknow,Uttar Pradesh,North,Organic Search,2024-09-23,45+,2024-10-01,2024-10
12193,M,2002,Pune,Maharashtra,West,Referral,2024-09-23,18-24,2024-09-24,2024-09
12194,F,1993,Delhi,Delhi,North,Organic Search,2024-09-23,25-34,2024-10-07,2024-10
12195,M,2006,Jaipur,Rajasthan,North,Paid Social,2024-09-23,18-24,2024-09-28,2024-09
12196,F,2001,Chennai,Tamil Nadu,South,Organic Search,2024-09-23,18-24,2024-09-28,2024-09
12197,M,2004,Bengaluru,Karnataka,South,Paid Search,2024-09-23,18-24,2024-09-30,2024-09
12198,F,1986,Indore,Madhya Pradesh,West,Paid Social,2024-09-23,35-44,2024-09-27,2024-09
12199,F,1993,Delhi,Delhi,North,Paid Social,2024-09-24,25-34,2024-09-28,2024-09
12200,F,2000,Chennai,Tamil Nadu,South,Referral,2024-09-24,25-34,2024-09-26,2024-09
12201,M,1993,Jaipur,Rajasthan,North,Paid Social,2024-09-24,25-34,2024-09-24,2024-09
12202,M,1994,Pune,Maharashtra,West,Email,2024-09-24,25-34,2024-09-26,2024-09
12203,M,1995,Lucknow,Uttar Pradesh,North,Affiliate,2024-09-24,25-34,2024-10-08,2024-10
12204,F,1988,Pune,Maharashtra,West,Affiliate,2024-09-24,35-44,,
12205,M,1986,Ahmedabad,Gujarat,West,Paid Search,2024-09-24,35-44,2024-10-05,2024-10
12206,F,1992,Mumbai,Maharashtra,West,Organic Search,2024-09-24,25-34,2024-09-25,2024-09
12207,M,1990,Pune,Maharashtra,West,Paid Social,2024-09-24,35-44,,
12208,M,1986,Mumbai,Maharashtra,West,Organic Search,2024-09-24,35-44,2024-10-02,2024-10
12209,M,1992,Bengaluru,Karnataka,South,Referral,2024-09-25,25-34,2024-09-29,2024-09
12210,M,1983,Ahmedabad,Gujarat,West,Organic Search,2024-09-25,35-44,2024-10-05,2024-10
12211,F,2000,Chennai,Tamil Nadu,South,Referral,2024-09-25,25-34,2024-10-03,2024-10
12212,M,1998,Delhi,Delhi,North,Organic Search,2024-09-25,25-34,,
12213,F,1999,Delhi,Delhi,North,Email,2024-09-25,25-34,2024-09-25,2024-09
12214,M,1987,Gurugram,Haryana,North,Paid Social,2024-09-25,35-44,,
12215,F,1986,Delhi,Delhi,North,Organic Search,2024-09-25,35-44,2024-09-25,2024-09
12216,F,2004,Pune,Maharashtra,West,Paid Social,2024-09-25,18-24,,
12217,M,1992,Noida,Uttar Pradesh,North,Paid Social,2024-09-26,25-34,,
12218,M,1998,Delhi,Delhi,North,Email,2024-09-26,25-34,2024-10-02,2024-10
12219,F,1984,Jaipur,Rajasthan,North,Paid Social,2024-09-26,35-44,,
12220,F,1991,Pune,Maharashtra,West,Paid Social,2024-09-26,25-34,2024-10-03,2024-10
12221,M,2003,Bengaluru,Karnataka,South,Paid Search,2024-09-26,18-24,,
12222,M,1995,Mumbai,Maharashtra,West,Referral,2024-09-26,25-34,2024-09-26,2024-09
12223,M,1992,Kolkata,West Bengal,East,Organic Search,2024-09-26,25-34,,
12224,F,1998,Noida,Uttar Pradesh,North,Affiliate,2024-09-26,25-34,2024-10-07,2024-10
12225,F,1996,Pune,Maharashtra,West,Paid Social,2024-09-26,25-34,,
12226,M,2006,Lucknow,Uttar Pradesh,North,Email,2024-09-26,18-24,2024-09-26,2024-09
12227,F,1994,Hyderabad,Telangana,South,Referral,2024-09-26,25-34,2024-09-27,2024-09
12228,M,1999,Gurugram,Haryana,North,Organic Search,2024-09-26,25-34,,
12229,F,1992,Kolkata,West Bengal,East,Paid Search,2024-09-27,25-34,2024-10-04,2024-10
12230,F,1986,Bengaluru,Karnataka,South,Organic Search,2024-09-27,35-44,2024-10-01,2024-10
12231,F,1997,Ahmedabad,Gujarat,West,Organic Search,2024-09-27,25-34,2024-10-10,2024-10
12232,M,1982,Pune,Maharashtra,West,Organic Search,2024-09-27,35-44,2024-09-27,2024-09
12233,F,2001,Mumbai,Maharashtra,West,Referral,2024-09-27,18-24,2024-09-27,2024-09
12234,F,1983,Delhi,Delhi,North,Paid Social,2024-09-27,35-44,2024-09-27,2024-09
12235,M,1986,Kochi,Kerala,South,Paid Social,2024-09-27,35-44,,
12236,M,1986,Hyderabad,Telangana,South,Paid Social,2024-09-27,35-44,2024-10-03,2024-10
12237,M,1998,Delhi,Delhi,North,Organic Search,2024-09-27,25-34,2024-09-28,2024-09
12238,F,1985,Delhi,Delhi,North,Paid Search,2024-09-27,35-44,2024-10-03,2024-10
12239,F,1998,Jaipur,Rajasthan,North,Paid Search,2024-09-27,25-34,2024-09-29,2024-09
12240,M,1988,Hyderabad,Telangana,South,Email,2024-09-27,35-44,2024-10-04,2024-10
12241,F,1993,Pune,Maharashtra,West,Paid Social,2024-09-27,25-34,2024-09-29,2024-09
12242,M,1989,Bengaluru,Karnataka,South,Organic Search,2024-09-28,35-44,2024-09-30,2024-09
12243,M,2006,Delhi,Delhi,North,Paid Social,2024-09-28,18-24,2024-09-28,2024-09
12244,M,1980,Kochi,Kerala,South,Paid Social,2024-09-28,45+,2024-09-30,2024-09
12245,M,1997,Gurugram,Haryana,North,Organic Search,2024-09-28,25-34,,
12246,M,1993,Chandigarh,Chandigarh,North,Organic Search,2024-09-28,25-34,2024-10-04,2024-10
12247,M,1987,Kolkata,West Bengal,East,Organic Search,2024-09-28,35-44,,
12248,F,1997,Bengaluru,Karnataka,South,Referral,2024-09-28,25-34,,
12249,F,1986,Pune,Maharashtra,West,Referral,2024-09-29,35-44,2024-10-01,2024-10
12250,F,1985,Chennai,Tamil Nadu,South,Paid Social,2024-09-29,35-44,2024-10-18,2024-10
12251,M,1984,Delhi,Delhi,North,Organic Search,2024-09-29,35-44,2024-09-30,2024-09
12252,M,1994,Delhi,Delhi,North,Paid Search,2024-09-29,25-34,2024-10-03,2024-10
12253,M,1989,Gurugram,Haryana,North,Paid Search,2024-09-29,35-44,,
12254,M,1987,Lucknow,Uttar Pradesh,North,Paid Search,2024-09-29,35-44,2024-09-30,2024-09
12255,M,1996,Bengaluru,Karnataka,South,Paid Social,2024-09-29,25-34,2024-10-06,2024-10
12256,F,2002,Pune,Maharashtra,West,Organic Search,2024-09-29,18-24,2024-09-30,2024-09
12257,M,1982,Mumbai,Maharashtra,West,Organic Search,2024-09-29,35-44,2024-10-08,2024-10
12258,F,1996,Hyderabad,Telangana,South,Paid Social,2024-09-30,25-34,,
12259,M,1998,Chandigarh,Chandigarh,North,Organic Search,2024-09-30,25-34,2024-10-08,2024-10
12260,M,2004,Delhi,Delhi,North,Paid Social,2024-09-30,18-24,2024-10-07,2024-10
12261,F,1991,Mumbai,Maharashtra,West,Referral,2024-09-30,25-34,2024-10-05,2024-10
12262,M,2006,Hyderabad,Telangana,South,Paid Social,2024-09-30,18-24,2024-10-10,2024-10
12263,F,1998,Pune,Maharashtra,West,Affiliate,2024-09-30,25-34,,
12264,M,1978,Kolkata,West Bengal,East,Paid Social,2024-09-30,45+,2024-10-01,2024-10
12265,M,1996,Chennai,Tamil Nadu,South,Referral,2024-09-30,25-34,2024-10-01,2024-10
12266,F,1993,Hyderabad,Telangana,South,Paid Social,2024-10-01,25-34,2024-10-03,2024-10
12267,M,2001,Hyderabad,Telangana,South,Referral,2024-10-01,18-24,2024-10-03,2024-10
12268,F,2003,Ahmedabad,Gujarat,West,Paid Search,2024-10-01,18-24,2024-10-02,2024-10
12269,M,1986,Kochi,Kerala,South,Paid Search,2024-10-01,35-44,2024-10-03,2024-10
12270,F,2001,Ahmedabad,Gujarat,West,Paid Search,2024-10-01,18-24,2024-10-02,2024-10
12271,M,1992,Mumbai,Maharashtra,West,Paid Social,2024-10-01,25-34,,
12272,M,1988,Noida,Uttar Pradesh,North,Paid Search,2024-10-01,35-44,2024-10-03,2024-10
12273,M,2005,Hyderabad,Telangana,South,Affiliate,2024-10-02,18-24,,
12274,M,1990,Mumbai,Maharashtra,West,Paid Social,2024-10-02,35-44,,
12275,F,1994,Hyderabad,Telangana,South,Paid Search,2024-10-02,25-34,2024-10-03,2024-10
12276,M,1993,Kolkata,West Bengal,East,Paid Social,2024-10-02,25-34,2024-10-02,2024-10
12277,M,1998,Mumbai,Maharashtra,West,Referral,2024-10-02,25-34,2024-11-11,2024-11
12278,M,2004,Mumbai,Maharashtra,West,Referral,2024-10-02,18-24,2024-10-06,2024-10
12279,M,2006,Gurugram,Haryana,North,Paid Social,2024-10-03,18-24,2024-10-05,2024-10
12280,M,2001,Pune,Maharashtra,West,Organic Search,2024-10-03,18-24,2024-10-05,2024-10
12281,M,1980,Bengaluru,Karnataka,South,Email,2024-10-03,45+,2024-10-12,2024-10
12282,M,2005,Chandigarh,Chandigarh,North,Email,2024-10-03,18-24,2024-10-09,2024-10
12283,F,1998,Pune,Maharashtra,West,Email,2024-10-03,25-34,2024-10-06,2024-10
12284,M,2002,Pune,Maharashtra,West,Paid Social,2024-10-03,18-24,,
12285,F,1991,Jaipur,Rajasthan,North,Organic Search,2024-10-03,25-34,2024-10-12,2024-10
12286,M,1993,Delhi,Delhi,North,Affiliate,2024-10-03,25-34,2024-10-05,2024-10
12287,F,2001,Noida,Uttar Pradesh,North,Organic Search,2024-10-04,18-24,2024-10-06,2024-10
12288,M,2006,Hyderabad,Telangana,South,Organic Search,2024-10-04,18-24,,
12289,M,1995,Jaipur,Rajasthan,North,Paid Social,2024-10-04,25-34,,
12290,F,1984,Delhi,Delhi,North,Paid Search,2024-10-04,35-44,2024-10-10,2024-10
12291,M,1998,Mumbai,Maharashtra,West,Referral,2024-10-04,25-34,2024-10-04,2024-10
12292,M,1992,Bengaluru,Karnataka,South,Paid Social,2024-10-05,25-34,2024-10-08,2024-10
12293,M,1985,Hyderabad,Telangana,South,Organic Search,2024-10-05,35-44,2024-10-05,2024-10
12294,M,1992,Mumbai,Maharashtra,West,Paid Social,2024-10-05,25-34,2024-10-08,2024-10
12295,M,1997,Ahmedabad,Gujarat,West,Email,2024-10-05,25-34,2024-10-09,2024-10
12296,F,2002,Bengaluru,Karnataka,South,Email,2024-10-05,18-24,2024-10-05,2024-10
12297,F,1990,Chennai,Tamil Nadu,South,Organic Search,2024-10-05,35-44,2024-10-08,2024-10
12298,F,1990,Bengaluru,Karnataka,South,Paid Search,2024-10-05,35-44,,
12299,F,1993,Bengaluru,Karnataka,South,Organic Search,2024-10-05,25-34,2024-10-06,2024-10
12300,F,2006,Delhi,Delhi,North,Referral,2024-10-05,18-24,,
12301,F,2004,Mumbai,Maharashtra,West,Paid Social,2024-10-05,18-24,2024-10-06,2024-10
12302,M,1998,Chennai,Tamil Nadu,South,Paid Social,2024-10-05,25-34,,
12303,F,1998,Gurugram,Haryana,North,Paid Search,2024-10-06,25-34,2024-10-08,2024-10
12304,F,1991,Jaipur,Rajasthan,North,Referral,2024-10-06,25-34,2024-10-09,2024-10
12305,M,2000,Bengaluru,Karnataka,South,Referral,2024-10-06,25-34,2024-10-13,2024-10
12306,M,1986,Kochi,Kerala,South,Paid Social,2024-10-06,35-44,,
12307,M,1997,Delhi,Delhi,North,Organic Search,2024-10-06,25-34,2024-10-06,2024-10
12308,F,1977,Chennai,Tamil Nadu,South,Paid Search,2024-10-06,45+,2024-10-06,2024-10
12309,M,1980,Noida,Uttar Pradesh,North,Email,2024-10-06,45+,2024-10-08,2024-10
12310,F,1978,Chennai,Tamil Nadu,South,Paid Social,2024-10-06,45+,2024-10-09,2024-10
12311,F,2006,Chennai,Tamil Nadu,South,Referral,2024-10-07,18-24,2024-10-11,2024-10
12312,F,1992,Hyderabad,Telangana,South,Paid Search,2024-10-07,25-34,2024-10-08,2024-10
12313,M,1983,Kochi,Kerala,South,Paid Search,2024-10-07,35-44,2024-10-12,2024-10
12314,F,2006,Kolkata,West Bengal,East,Organic Search,2024-10-07,18-24,2024-10-10,2024-10
12315,M,1987,Kochi,Kerala,South,Paid Search,2024-10-07,35-44,2024-10-17,2024-10
12316,F,1998,Pune,Maharashtra,West,Organic Search,2024-10-07,25-34,,
12317,F,1987,Mumbai,Maharashtra,West,Paid Social,2024-10-08,35-44,,
12318,M,2000,Delhi,Delhi,North,Paid Search,2024-10-08,25-34,2024-10-11,2024-10
12319,F,1993,Noida,Uttar Pradesh,North,Referral,2024-10-08,25-34,2024-10-11,2024-10
12320,M,1988,Bengaluru,Karnataka,South,Paid Search,2024-10-08,35-44,2024-10-13,2024-10
12321,M,1983,Delhi,Delhi,North,Organic Search,2024-10-08,35-44,,
12322,M,1988,Kolkata,West Bengal,East,Organic Search,2024-10-09,35-44,2024-10-16,2024-10
12323,M,1985,Noida,Uttar Pradesh,North,Organic Search,2024-10-09,35-44,2024-10-14,2024-10
12324,F,1979,Delhi,Delhi,North,Paid Social,2024-10-09,45+,,
12325,F,1999,Lucknow,Uttar Pradesh,North,Paid Social,2024-10-09,25-34,2024-10-10,2024-10
12326,F,2002,Delhi,Delhi,North,Paid Social,2024-10-09,18-24,,
12327,M,1988,Gurugram,Haryana,North,Email,2024-10-09,35-44,2024-10-09,2024-10
12328,M,1977,Ahmedabad,Gujarat,West,Organic Search,2024-10-09,45+,,
12329,F,1996,Jaipur,Rajasthan,North,Paid Search,2024-10-09,25-34,2024-10-09,2024-10
12330,F,1995,Hyderabad,Telangana,South,Organic Search,2024-10-10,25-34,2024-10-11,2024-10
12331,M,1985,Mumbai,Maharashtra,West,Organic Search,2024-10-10,35-44,2024-10-11,2024-10
12332,M,1993,Bengaluru,Karnataka,South,Paid Search,2024-10-10,25-34,2024-10-10,2024-10
12333,F,1971,Bengaluru,Karnataka,South,Paid Social,2024-10-10,45+,2024-10-19,2024-10
12334,F,1994,Delhi,Delhi,North,Referral,2024-10-10,25-34,,
12335,F,1992,Delhi,Delhi,North,Paid Search,2024-10-10,25-34,,
12336,F,2004,Chennai,Tamil Nadu,South,Paid Search,2024-10-10,18-24,,
12337,F,1996,Bengaluru,Karnataka,South,Email,2024-10-10,25-34,2024-10-10,2024-10
12338,M,1994,Gurugram,Haryana,North,Referral,2024-10-10,25-34,2024-10-10,2024-10
12339,F,2006,Bengaluru,Karnataka,South,Paid Social,2024-10-10,18-24,2024-10-11,2024-10
12340,M,1987,Chandigarh,Chandigarh,North,Paid Search,2024-10-10,35-44,2024-10-16,2024-10
12341,F,1982,Delhi,Delhi,North,Paid Search,2024-10-11,35-44,2024-10-13,2024-10
12342,M,2001,Noida,Uttar Pradesh,North,Referral,2024-10-11,18-24,2024-10-16,2024-10
12343,F,2002,Hyderabad,Telangana,South,Organic Search,2024-10-11,18-24,2024-10-18,2024-10
12344,F,2002,Mumbai,Maharashtra,West,Paid Social,2024-10-11,18-24,2024-10-13,2024-10
12345,F,1992,Ahmedabad,Gujarat,West,Organic Search,2024-10-11,25-34,2024-10-13,2024-10
12346,M,1988,Delhi,Delhi,North,Paid Social,2024-10-11,35-44,2024-10-16,2024-10
12347,M,1984,Delhi,Delhi,North,Paid Social,2024-10-11,35-44,2024-10-12,2024-10
12348,M,1986,Lucknow,Uttar Pradesh,North,Organic Search,2024-10-11,35-44,2024-10-11,2024-10
12349,F,1981,Pune,Maharashtra,West,Paid Search,2024-10-11,35-44,2024-10-11,2024-10
12350,M,1990,Chennai,Tamil Nadu,South,Organic Search,2024-10-11,35-44,2024-10-13,2024-10
12351,M,2006,Hyderabad,Telangana,South,Referral,2024-10-11,18-24,2024-10-12,2024-10
12352,F,1989,Gurugram,Haryana,North,Email,2024-10-11,35-44,,
12353,F,1995,Delhi,Delhi,North,Paid Search,2024-10-11,25-34,2024-10-13,2024-10
12354,M,1998,Noida,Uttar Pradesh,North,Organic Search,2024-10-11,25-34,2024-10-11,2024-10
12355,M,1991,Chennai,Tamil Nadu,South,Email,2024-10-11,25-34,,
12356,M,1991,Pune,Maharashtra,West,Email,2024-10-12,25-34,,
12357,M,2004,Hyderabad,Telangana,South,Referral,2024-10-12,18-24,2024-10-12,2024-10
12358,F,1995,Mumbai,Maharashtra,West,Paid Search,2024-10-12,25-34,,
12359,M,2003,Indore,Madhya Pradesh,West,Organic Search,2024-10-12,18-24,2024-10-12,2024-10
12360,F,2006,Indore,Madhya Pradesh,West,Affiliate,2024-10-12,18-24,,
12361,F,1987,Bengaluru,Karnataka,South,Paid Social,2024-10-12,35-44,2024-10-13,2024-10
12362,F,1992,Pune,Maharashtra,West,Paid Search,2024-10-12,25-34,2024-10-20,2024-10
12363,M,1992,Lucknow,Uttar Pradesh,North,Referral,2024-10-12,25-34,,
12364,M,1990,Mumbai,Maharashtra,West,Paid Social,2024-10-12,35-44,2024-10-15,2024-10
12365,F,1990,Kolkata,West Bengal,East,Organic Search,2024-10-12,35-44,,
12366,F,2005,Jaipur,Rajasthan,North,Affiliate,2024-10-12,18-24,2024-10-13,2024-10
12367,M,1994,Bengaluru,Karnataka,South,Paid Social,2024-10-12,25-34,2024-10-23,2024-10
12368,M,2006,Kolkata,West Bengal,East,Organic Search,2024-10-12,18-24,2024-10-20,2024-10
12369,F,1990,Ahmedabad,Gujarat,West,Organic Search,2024-10-12,35-44,,
12370,M,2006,Pune,Maharashtra,West,Paid Social,2024-10-12,18-24,2024-10-17,2024-10
12371,M,2006,Delhi,Delhi,North,Paid Social,2024-10-13,18-24,,
12372,M,1993,Hyderabad,Telangana,South,Organic Search,2024-10-13,25-34,2024-10-14,2024-10
12373,M,1997,Kochi,Kerala,South,Paid Social,2024-10-13,25-34,,
12374,M,2001,Kolkata,West Bengal,East,Paid Search,2024-10-13,18-24,2024-10-14,2024-10
12375,F,1989,Noida,Uttar Pradesh,North,Paid Search,2024-10-13,35-44,2024-10-17,2024-10
12376,F,2006,Kochi,Kerala,South,Affiliate,2024-10-13,18-24,2024-10-14,2024-10
12377,M,1987,Mumbai,Maharashtra,West,Paid Search,2024-10-13,35-44,,
12378,F,1989,Indore,Madhya Pradesh,West,Email,2024-10-13,35-44,2024-10-24,2024-10
12379,M,1989,Noida,Uttar Pradesh,North,Paid Search,2024-10-13,35-44,2024-10-25,2024-10
12380,M,1995,Lucknow,Uttar Pradesh,North,Organic Search,2024-10-13,25-34,2024-10-17,2024-10
12381,M,1996,Indore,Madhya Pradesh,West,Organic Search,2024-10-13,25-34,2024-10-13,2024-10
12382,M,1988,Pune,Maharashtra,West,Affiliate,2024-10-14,35-44,,
12383,M,1993,Kolkata,West Bengal,East,Organic Search,2024-10-14,25-34,2024-10-14,2024-10
12384,F,1985,Lucknow,Uttar Pradesh,North,Organic Search,2024-10-14,35-44,2024-10-17,2024-10
12385,F,2003,Chennai,Tamil Nadu,South,Paid Search,2024-10-14,18-24,2024-10-26,2024-10
12386,M,1999,Mumbai,Maharashtra,West,Paid Social,2024-10-14,25-34,2024-11-01,2024-11
12387,M,1991,Delhi,Delhi,North,Paid Search,2024-10-14,25-34,2024-10-14,2024-10
12388,M,1992,Lucknow,Uttar Pradesh,North,Organic Search,2024-10-14,25-34,2024-10-14,2024-10
12389,F,1988,Hyderabad,Telangana,South,Paid Social,2024-10-15,35-44,,
12390,M,1986,Hyderabad,Telangana,South,Email,2024-10-15,35-44,2024-10-15,2024-10
12391,M,1985,Delhi,Delhi,North,Email,2024-10-15,35-44,2024-10-16,2024-10
12392,M,1986,Mumbai,Maharashtra,West,Affiliate,2024-10-15,35-44,2024-10-17,2024-10
12393,F,2001,Pune,Maharashtra,West,Paid Search,2024-10-15,18-24,2024-10-15,2024-10
12394,M,2002,Indore,Madhya Pradesh,West,Organic Search,2024-10-15,18-24,2024-10-25,2024-10
12395,M,1983,Bengaluru,Karnataka,South,Organic Search,2024-10-15,35-44,,
12396,F,1999,Chennai,Tamil Nadu,South,Email,2024-10-15,25-34,2024-10-15,2024-10
12397,M,1984,Jaipur,Rajasthan,North,Referral,2024-10-15,35-44,2024-10-16,2024-10
12398,M,2000,Delhi,Delhi,North,Paid Social,2024-10-15,25-34,,
12399,F,1994,Gurugram,Haryana,North,Paid Social,2024-10-15,25-34,2024-10-19,2024-10
12400,F,1989,Kolkata,West Bengal,East,Paid Search,2024-10-16,35-44,2024-10-16,2024-10
12401,F,1997,Ahmedabad,Gujarat,West,Paid Social,2024-10-16,25-34,2024-10-16,2024-10
12402,M,2004,Noida,Uttar Pradesh,North,Paid Search,2024-10-16,18-24,,
12403,M,1979,Hyderabad,Telangana,South,Paid Search,2024-10-16,45+,2024-10-18,2024-10
12404,F,2003,Ahmedabad,Gujarat,West,Organic Search,2024-10-16,18-24,2024-10-16,2024-10
12405,F,1987,Mumbai,Maharashtra,West,Organic Search,2024-10-16,35-44,2024-10-17,2024-10
12406,M,2005,Delhi,Delhi,North,Organic Search,2024-10-16,18-24,2024-10-17,2024-10
12407,F,2000,Hyderabad,Telangana,South,Affiliate,2024-10-16,25-34,,
12408,M,1985,Bengaluru,Karnataka,South,Affiliate,2024-10-16,35-44,,
12409,M,1989,Lucknow,Uttar Pradesh,North,Referral,2024-10-16,35-44,2024-10-24,2024-10
12410,F,1997,Lucknow,Uttar Pradesh,North,Referral,2024-10-16,25-34,2024-10-16,2024-10
12411,M,2001,Jaipur,Rajasthan,North,Organic Search,2024-10-16,18-24,2024-10-17,2024-10
12412,F,1997,Bengaluru,Karnataka,South,Organic Search,2024-10-17,25-34,2024-10-19,2024-10
12413,M,1997,Jaipur,Rajasthan,North,Organic Search,2024-10-17,25-34,2024-10-20,2024-10
12414,F,1988,Chandigarh,Chandigarh,North,Organic Search,2024-10-17,35-44,,
12415,M,1994,Mumbai,Maharashtra,West,Referral,2024-10-17,25-34,2024-10-17,2024-10
12416,M,1993,Kolkata,West Bengal,East,Organic Search,2024-10-17,25-34,2024-10-18,2024-10
12417,M,1981,Mumbai,Maharashtra,West,Affiliate,2024-10-17,35-44,2024-10-18,2024-10
12418,M,1996,Mumbai,Maharashtra,West,Paid Social,2024-10-17,25-34,2024-10-17,2024-10
12419,M,1991,Pune,Maharashtra,West,Organic Search,2024-10-17,25-34,2024-10-17,2024-10
12420,F,2005,Bengaluru,Karnataka,South,Referral,2024-10-17,18-24,2024-10-20,2024-10
12421,M,2003,Chennai,Tamil Nadu,South,Referral,2024-10-17,18-24,2024-10-17,2024-10
12422,F,1995,Kolkata,West Bengal,East,Paid Social,2024-10-17,25-34,2024-10-26,2024-10
12423,M,2002,Pune,Maharashtra,West,Organic Search,2024-10-17,18-24,2024-10-19,2024-10
12424,F,1998,Mumbai,Maharashtra,West,Paid Search,2024-10-17,25-34,2024-10-17,2024-10
12425,M,1993,Chandigarh,Chandigarh,North,Paid Social,2024-10-17,25-34,,
12426,M,1982,Hyderabad,Telangana,South,Referral,2024-10-18,35-44,2024-10-21,2024-10
12427,M,1992,Bengaluru,Karnataka,South,Paid Search,2024-10-18,25-34,2024-10-26,2024-10
12428,M,1991,Mumbai,Maharashtra,West,Email,2024-10-18,25-34,,
12429,M,1993,Pune,Maharashtra,West,Organic Search,2024-10-18,25-34,,
12430,M,1992,Noida,Uttar Pradesh,North,Affiliate,2024-10-18,25-34,2024-10-22,2024-10
12431,F,2002,Bengaluru,Karnataka,South,Organic Search,2024-10-18,18-24,2024-10-20,2024-10
12432,M,2003,Lucknow,Uttar Pradesh,North,Referral,2024-10-18,18-24,,
12433,F,1990,Mumbai,Maharashtra,West,Organic Search,2024-10-18,35-44,,
12434,M,1983,Delhi,Delhi,North,Referral,2024-10-19,35-44,2024-10-19,2024-10
12435,M,1986,Noida,Uttar Pradesh,North,Email,2024-10-19,35-44,2024-10-21,2024-10
12436,M,2003,Noida,Uttar Pradesh,North,Paid Search,2024-10-19,18-24,2024-10-19,2024-10
12437,F,2001,Bengaluru,Karnataka,South,Organic Search,2024-10-19,18-24,,
12438,F,1984,Bengaluru,Karnataka,South,Affiliate,2024-10-19,35-44,2024-10-26,2024-10
12439,M,1982,Pune,Maharashtra,West,Affiliate,2024-10-19,35-44,2024-10-26,2024-10
12440,F,1989,Mumbai,Maharashtra,West,Referral,2024-10-19,35-44,2024-10-20,2024-10
12441,M,2006,Chennai,Tamil Nadu,South,Paid Search,2024-10-19,18-24,,
12442,F,1997,Chennai,Tamil Nadu,South,Organic Search,2024-10-19,25-34,2024-10-22,2024-10
12443,F,1992,Indore,Madhya Pradesh,West,Paid Search,2024-10-19,25-34,2024-10-21,2024-10
12444,F,1992,Bengaluru,Karnataka,South,Referral,2024-10-19,25-34,2024-10-19,2024-10
12445,F,1978,Hyderabad,Telangana,South,Organic Search,2024-10-19,45+,,
12446,F,1991,Bengaluru,Karnataka,South,Organic Search,2024-10-20,25-34,2024-10-20,2024-10
12447,M,2003,Noida,Uttar Pradesh,North,Email,2024-10-20,18-24,2024-10-31,2024-10
12448,F,1990,Pune,Maharashtra,West,Paid Social,2024-10-20,35-44,2024-10-25,2024-10
12449,F,1992,Gurugram,Haryana,North,Paid Social,2024-10-20,25-34,,
12450,F,1996,Hyderabad,Telangana,South,Affiliate,2024-10-20,25-34,2024-10-23,2024-10
12451,M,1985,Bengaluru,Karnataka,South,Paid Social,2024-10-20,35-44,2024-10-20,2024-10
12452,F,1996,Kolkata,West Bengal,East,Paid Search,2024-10-20,25-34,2024-10-21,2024-10
12453,M,1987,Delhi,Delhi,North,Email,2024-10-20,35-44,2024-10-27,2024-10
12454,M,1990,Pune,Maharashtra,West,Affiliate,2024-10-20,35-44,,
12455,F,1990,Bengaluru,Karnataka,South,Organic Search,2024-10-20,35-44,2024-10-20,2024-10
12456,M,1990,Chennai,Tamil Nadu,South,Paid Search,2024-10-20,35-44,2024-10-20,2024-10
12457,M,1994,Chennai,Tamil Nadu,South,Paid Search,2024-10-21,25-34,2024-10-21,2024-10
12458,M,1993,Noida,Uttar Pradesh,North,Organic Search,2024-10-21,25-34,2024-10-21,2024-10
12459,F,1992,Kolkata,West Bengal,East,Organic Search,2024-10-21,25-34,2024-10-21,2024-10
12460,M,1994,Kolkata,West Bengal,East,Organic Search,2024-10-21,25-34,2024-10-26,2024-10
12461,M,1986,Kolkata,West Bengal,East,Paid Social,2024-10-21,35-44,2024-10-22,2024-10
12462,F,1976,Indore,Madhya Pradesh,West,Organic Search,2024-10-21,45+,2024-10-26,2024-10
12463,M,1993,Chennai,Tamil Nadu,South,Email,2024-10-21,25-34,2024-10-22,2024-10
12464,M,1988,Delhi,Delhi,North,Paid Social,2024-10-21,35-44,2024-10-26,2024-10
12465,M,1997,Lucknow,Uttar Pradesh,North,Paid Search,2024-10-21,25-34,2024-10-22,2024-10
12466,M,1989,Delhi,Delhi,North,Referral,2024-10-21,35-44,2024-10-24,2024-10
12467,F,1978,Pune,Maharashtra,West,Paid Social,2024-10-21,45+,2024-10-26,2024-10
12468,M,1993,Kolkata,West Bengal,East,Referral,2024-10-21,25-34,2024-10-23,2024-10
12469,F,2002,Bengaluru,Karnataka,South,Email,2024-10-21,18-24,2024-10-21,2024-10
12470,M,1996,Mumbai,Maharashtra,West,Referral,2024-10-21,25-34,2024-10-22,2024-10
12471,M,1982,Hyderabad,Telangana,South,Referral,2024-10-21,35-44,2024-10-23,2024-10
12472,M,1988,Ahmedabad,Gujarat,West,Referral,2024-10-22,35-44,2024-11-02,2024-11
12473,F,1990,Mumbai,Maharashtra,West,Paid Search,2024-10-22,35-44,2024-11-02,2024-11
12474,F,1992,Bengaluru,Karnataka,South,Paid Social,2024-10-22,25-34,,
12475,M,1989,Pune,Maharashtra,West,Paid Social,2024-10-22,35-44,2024-10-24,2024-10
12476,F,1979,Bengaluru,Karnataka,South,Affiliate,2024-10-22,45+,2024-10-23,2024-10
12477,F,1992,Hyderabad,Telangana,South,Paid Social,2024-10-22,25-34,2024-11-13,2024-11
12478,M,2005,Mumbai,Maharashtra,West,Organic Search,2024-10-22,18-24,2024-10-22,2024-10
12479,F,1988,Mumbai,Maharashtra,West,Paid Search,2024-10-22,35-44,2024-10-25,2024-10
12480,M,1984,Ahmedabad,Gujarat,West,Paid Search,2024-10-22,35-44,2024-10-27,2024-10
12481,M,2005,Kochi,Kerala,South,Paid Search,2024-10-22,18-24,2024-10-23,2024-10
12482,M,2006,Mumbai,Maharashtra,West,Paid Social,2024-10-22,18-24,2024-10-24,2024-10
12483,M,1990,Chennai,Tamil Nadu,South,Affiliate,2024-10-22,35-44,2024-11-04,2024-11
12484,F,1995,Indore,Madhya Pradesh,West,Paid Search,2024-10-23,25-34,2024-10-27,2024-10
12485,F,1995,Delhi,Delhi,North,Affiliate,2024-10-23,25-34,2024-10-26,2024-10
12486,F,2001,Pune,Maharashtra,West,Referral,2024-10-23,18-24,2024-11-02,2024-11
12487,M,1985,Noida,Uttar Pradesh,North,Organic Search,2024-10-23,35-44,2024-10-23,2024-10
12488,F,1993,Gurugram,Haryana,North,Paid Search,2024-10-23,25-34,2024-10-28,2024-10
12489,M,1985,Lucknow,Uttar Pradesh,North,Email,2024-10-23,35-44,2024-10-24,2024-10
12490,F,1996,Bengaluru,Karnataka,South,Referral,2024-10-23,25-34,2024-10-23,2024-10
12491,M,2006,Bengaluru,Karnataka,South,Organic Search,2024-10-23,18-24,2024-10-29,2024-10
12492,F,1996,Pune,Maharashtra,West,Paid Social,2024-10-23,25-34,,
12493,M,1987,Pune,Maharashtra,West,Organic Search,2024-10-23,35-44,2024-11-09,2024-11
12494,M,2001,Mumbai,Maharashtra,West,Paid Social,2024-10-23,18-24,,
12495,F,1989,Chennai,Tamil Nadu,South,Organic Search,2024-10-24,35-44,2024-10-25,2024-10
12496,M,1997,Kolkata,West Bengal,East,Paid Search,2024-10-24,25-34,2024-10-24,2024-10
12497,F,1987,Hyderabad,Telangana,South,Paid Search,2024-10-24,35-44,2024-10-26,2024-10
12498,F,1983,Jaipur,Rajasthan,North,Paid Social,2024-10-24,35-44,2024-10-26,2024-10
12499,M,1987,Kochi,Kerala,South,Organic Search,2024-10-24,35-44,2024-10-28,2024-10
12500,F,1972,Hyderabad,Telangana,South,Referral,2024-10-24,45+,2024-10-25,2024-10
12501,F,1985,Delhi,Delhi,North,Referral,2024-10-24,35-44,2024-10-29,2024-10
12502,F,2006,Mumbai,Maharashtra,West,Paid Social,2024-10-25,18-24,,
12503,M,1971,Chandigarh,Chandigarh,North,Email,2024-10-25,45+,2024-11-02,2024-11
12504,M,1981,Bengaluru,Karnataka,South,Referral,2024-10-25,35-44,2024-10-26,2024-10
12505,F,2006,Pune,Maharashtra,West,Organic Search,2024-10-25,18-24,2024-10-28,2024-10
12506,F,1986,Lucknow,Uttar Pradesh,North,Organic Search,2024-10-25,35-44,2024-10-28,2024-10
12507,M,1990,Lucknow,Uttar Pradesh,North,Paid Social,2024-10-25,35-44,2024-11-01,2024-11
12508,M,1993,Mumbai,Maharashtra,West,Referral,2024-10-25,25-34,,
12509,F,1980,Bengaluru,Karnataka,South,Affiliate,2024-10-25,45+,2024-10-26,2024-10
12510,F,2002,Pune,Maharashtra,West,Organic Search,2024-10-25,18-24,2024-11-01,2024-11
12511,M,1993,Lucknow,Uttar Pradesh,North,Organic Search,2024-10-25,25-34,2024-11-04,2024-11
12512,F,1988,Indore,Madhya Pradesh,West,Referral,2024-10-25,35-44,2024-10-25,2024-10
12513,M,2001,Kolkata,West Bengal,East,Email,2024-10-25,18-24,2024-10-31,2024-10
12514,M,1983,Gurugram,Haryana,North,Paid Search,2024-10-25,35-44,2024-11-05,2024-11
12515,M,1994,Pune,Maharashtra,West,Paid Social,2024-10-25,25-34,2024-10-31,2024-10
12516,M,1985,Mumbai,Maharashtra,West,Email,2024-10-25,35-44,2024-10-26,2024-10
12517,M,1983,Noida,Uttar Pradesh,North,Paid Search,2024-10-25,35-44,2024-10-26,2024-10
12518,M,2006,Chennai,Tamil Nadu,South,Referral,2024-10-25,18-24,2024-10-31,2024-10
12519,M,1995,Kolkata,West Bengal,East,Affiliate,2024-10-25,25-34,,
12520,M,2001,Mumbai,Maharashtra,West,Organic Search,2024-10-25,18-24,,
12521,F,1989,Mumbai,Maharashtra,West,Organic Search,2024-10-25,35-44,2024-11-02,2024-11
12522,M,1985,Delhi,Delhi,North,Affiliate,2024-10-26,35-44,2024-10-26,2024-10
12523,F,1969,Indore,Madhya Pradesh,West,Paid Search,2024-10-26,45+,2024-10-27,2024-10
12524,F,1991,Delhi,Delhi,North,Organic Search,2024-10-26,25-34,2024-10-28,2024-10
12525,F,1980,Pune,Maharashtra,West,Paid Social,2024-10-26,45+,,
12526,M,1994,Gurugram,Haryana,North,Paid Social,2024-10-26,25-34,,
12527,M,1983,Bengaluru,Karnataka,South,Organic Search,2024-10-26,35-44,2024-10-27,2024-10
12528,M,1997,Kochi,Kerala,South,Referral,2024-10-26,25-34,2024-10-27,2024-10
12529,M,2006,Delhi,Delhi,North,Organic Search,2024-10-26,18-24,2024-10-26,2024-10
12530,F,2006,Hyderabad,Telangana,South,Organic Search,2024-10-26,18-24,2024-10-26,2024-10
12531,F,1996,Chennai,Tamil Nadu,South,Organic Search,2024-10-26,25-34,2024-10-26,2024-10
12532,F,1993,Gurugram,Haryana,North,Paid Social,2024-10-26,25-34,,
12533,F,1988,Kochi,Kerala,South,Email,2024-10-26,35-44,2024-10-31,2024-10
12534,M,1987,Bengaluru,Karnataka,South,Paid Social,2024-10-26,35-44,2024-10-26,2024-10
12535,F,1986,Pune,Maharashtra,West,Email,2024-10-26,35-44,2024-10-28,2024-10
12536,M,2005,Bengaluru,Karnataka,South,Organic Search,2024-10-26,18-24,2024-10-30,2024-10
12537,F,1990,Jaipur,Rajasthan,North,Paid Search,2024-10-26,35-44,2024-11-11,2024-11
12538,F,2006,Delhi,Delhi,North,Paid Search,2024-10-26,18-24,2024-10-26,2024-10
12539,F,1986,Mumbai,Maharashtra,West,Referral,2024-10-27,35-44,2024-11-05,2024-11
12540,M,1992,Bengaluru,Karnataka,South,Paid Social,2024-10-27,25-34,,
12541,F,1983,Kochi,Kerala,South,Referral,2024-10-27,35-44,2024-10-27,2024-10
12542,F,1998,Mumbai,Maharashtra,West,Paid Search,2024-10-27,25-34,2024-11-02,2024-11
12543,F,1992,Lucknow,Uttar Pradesh,North,Affiliate,2024-10-27,25-34,2024-10-29,2024-10
12544,F,1993,Delhi,Delhi,North,Referral,2024-10-27,25-34,2024-10-29,2024-10
12545,M,1991,Kolkata,West Bengal,East,Email,2024-10-27,25-34,,
12546,M,1998,Lucknow,Uttar Pradesh,North,Organic Search,2024-10-27,25-34,2024-11-09,2024-11
12547,F,1999,Kochi,Kerala,South,Organic Search,2024-10-27,25-34,,
12548,F,2000,Gurugram,Haryana,North,Paid Social,2024-10-27,25-34,2024-10-31,2024-10
12549,M,1986,Delhi,Delhi,North,Paid Social,2024-10-27,35-44,,
12550,F,1996,Noida,Uttar Pradesh,North,Referral,2024-10-27,25-34,2024-10-28,2024-10
12551,F,1990,Pune,Maharashtra,West,Organic Search,2024-10-27,35-44,2024-10-28,2024-10
12552,M,2004,Mumbai,Maharashtra,West,Paid Social,2024-10-27,18-24,2024-11-04,2024-11
12553,M,1995,Kochi,Kerala,South,Organic Search,2024-10-27,25-34,2024-10-27,2024-10
12554,M,1996,Ahmedabad,Gujarat,West,Paid Social,2024-10-27,25-34,2024-11-01,2024-11
12555,M,1991,Delhi,Delhi,North,Organic Search,2024-10-27,25-34,2024-11-01,2024-11
12556,F,1987,Bengaluru,Karnataka,South,Email,2024-10-27,35-44,2024-10-29,2024-10
12557,M,1994,Mumbai,Maharashtra,West,Organic Search,2024-10-27,25-34,,
12558,F,2003,Bengaluru,Karnataka,South,Paid Social,2024-10-27,18-24,,
12559,F,1987,Hyderabad,Telangana,South,Organic Search,2024-10-27,35-44,2024-11-06,2024-11
12560,F,2004,Kolkata,West Bengal,East,Organic Search,2024-10-28,18-24,2024-11-10,2024-11
12561,F,1998,Ahmedabad,Gujarat,West,Paid Social,2024-10-28,25-34,2024-10-29,2024-10
12562,F,1977,Mumbai,Maharashtra,West,Organic Search,2024-10-28,45+,2024-10-28,2024-10
12563,F,1986,Mumbai,Maharashtra,West,Paid Social,2024-10-28,35-44,2024-11-02,2024-11
12564,M,2006,Mumbai,Maharashtra,West,Organic Search,2024-10-28,18-24,2024-10-28,2024-10
12565,F,1993,Mumbai,Maharashtra,West,Referral,2024-10-28,25-34,2024-11-04,2024-11
12566,M,1986,Delhi,Delhi,North,Email,2024-10-28,35-44,2024-11-16,2024-11
12567,M,1987,Lucknow,Uttar Pradesh,North,Referral,2024-10-28,35-44,2024-10-28,2024-10
12568,M,1992,Kolkata,West Bengal,East,Organic Search,2024-10-28,25-34,2024-11-10,2024-11
12569,M,2001,Kochi,Kerala,South,Paid Social,2024-10-28,18-24,2024-11-05,2024-11
12570,M,1991,Delhi,Delhi,North,Organic Search,2024-10-28,25-34,,
12571,F,1987,Kolkata,West Bengal,East,Paid Search,2024-10-28,35-44,2024-10-28,2024-10
12572,F,1975,Hyderabad,Telangana,South,Referral,2024-10-28,45+,2024-10-29,2024-10
12573,F,1986,Delhi,Delhi,North,Organic Search,2024-10-28,35-44,2024-10-29,2024-10
12574,M,1988,Kochi,Kerala,South,Organic Search,2024-10-28,35-44,,
12575,F,1996,Kolkata,West Bengal,East,Referral,2024-10-28,25-34,2024-10-29,2024-10
12576,F,1997,Bengaluru,Karnataka,South,Paid Search,2024-10-28,25-34,2024-10-30,2024-10
12577,F,2005,Hyderabad,Telangana,South,Organic Search,2024-10-28,18-24,2024-10-28,2024-10
12578,M,1984,Chandigarh,Chandigarh,North,Affiliate,2024-10-28,35-44,2024-10-30,2024-10
12579,F,1995,Ahmedabad,Gujarat,West,Organic Search,2024-10-28,25-34,2024-10-28,2024-10
12580,M,1995,Bengaluru,Karnataka,South,Referral,2024-10-28,25-34,2024-10-29,2024-10
12581,M,1986,Ahmedabad,Gujarat,West,Organic Search,2024-10-28,35-44,2024-10-29,2024-10
12582,M,2001,Jaipur,Rajasthan,North,Affiliate,2024-10-28,18-24,2024-10-28,2024-10
12583,M,2006,Bengaluru,Karnataka,South,Referral,2024-10-29,18-24,2024-11-01,2024-11
12584,F,1994,Chennai,Tamil Nadu,South,Organic Search,2024-10-29,25-34,2024-10-30,2024-10
12585,F,1990,Chennai,Tamil Nadu,South,Affiliate,2024-10-29,35-44,2024-10-31,2024-10
12586,F,2005,Delhi,Delhi,North,Organic Search,2024-10-29,18-24,2024-11-01,2024-11
12587,M,1997,Mumbai,Maharashtra,West,Email,2024-10-29,25-34,2024-11-01,2024-11
12588,F,1984,Delhi,Delhi,North,Paid Social,2024-10-29,35-44,,
12589,F,1992,Bengaluru,Karnataka,South,Organic Search,2024-10-29,25-34,2024-10-29,2024-10
12590,F,1991,Lucknow,Uttar Pradesh,North,Paid Social,2024-10-29,25-34,2024-10-29,2024-10
12591,F,1987,Kolkata,West Bengal,East,Organic Search,2024-10-29,35-44,2024-10-29,2024-10
12592,F,1987,Indore,Madhya Pradesh,West,Paid Social,2024-10-29,35-44,,
12593,M,1988,Mumbai,Maharashtra,West,Paid Social,2024-10-30,35-44,,
12594,M,2000,Bengaluru,Karnataka,South,Paid Search,2024-10-30,25-34,2024-11-06,2024-11
12595,M,1991,Noida,Uttar Pradesh,North,Referral,2024-10-30,25-34,2024-10-31,2024-10
12596,M,1994,Delhi,Delhi,North,Affiliate,2024-10-30,25-34,2024-10-30,2024-10
12597,M,2001,Delhi,Delhi,North,Paid Social,2024-10-30,18-24,2024-11-07,2024-11
12598,F,1991,Ahmedabad,Gujarat,West,Paid Social,2024-10-30,25-34,,
12599,F,1984,Chennai,Tamil Nadu,South,Organic Search,2024-10-30,35-44,,
12600,F,2001,Noida,Uttar Pradesh,North,Affiliate,2024-10-30,18-24,2024-11-02,2024-11
12601,M,1990,Hyderabad,Telangana,South,Email,2024-10-30,35-44,2024-10-30,2024-10
12602,F,2006,Delhi,Delhi,North,Affiliate,2024-10-30,18-24,2024-11-02,2024-11
12603,F,2002,Mumbai,Maharashtra,West,Referral,2024-10-30,18-24,2024-11-04,2024-11
12604,F,1998,Bengaluru,Karnataka,South,Paid Search,2024-10-30,25-34,2024-11-06,2024-11
12605,F,1995,Hyderabad,Telangana,South,Organic Search,2024-10-31,25-34,2024-11-04,2024-11
12606,F,2002,Kolkata,West Bengal,East,Paid Social,2024-10-31,18-24,2024-11-02,2024-11
12607,F,1995,Bengaluru,Karnataka,South,Organic Search,2024-10-31,25-34,2024-10-31,2024-10
12608,F,1976,Mumbai,Maharashtra,West,Paid Social,2024-10-31,45+,2024-10-31,2024-10
12609,M,1993,Delhi,Delhi,North,Paid Search,2024-10-31,25-34,2024-11-01,2024-11
12610,M,1998,Jaipur,Rajasthan,North,Referral,2024-10-31,25-34,2024-11-03,2024-11
12611,F,1985,Kochi,Kerala,South,Paid Social,2024-10-31,35-44,2024-11-02,2024-11
12612,M,2006,Ahmedabad,Gujarat,West,Organic Search,2024-10-31,18-24,2024-11-07,2024-11
12613,M,1992,Mumbai,Maharashtra,West,Referral,2024-10-31,25-34,2024-11-01,2024-11
12614,F,1998,Lucknow,Uttar Pradesh,North,Paid Search,2024-10-31,25-34,2024-11-10,2024-11
12615,M,2003,Delhi,Delhi,North,Organic Search,2024-10-31,18-24,2024-10-31,2024-10
12616,F,1998,Hyderabad,Telangana,South,Paid Search,2024-10-31,25-34,2024-11-02,2024-11
12617,M,1993,Mumbai,Maharashtra,West,Organic Search,2024-10-31,25-34,2024-11-05,2024-11
12618,F,1997,Kolkata,West Bengal,East,Paid Search,2024-10-31,25-34,2024-10-31,2024-10
12619,F,1992,Mumbai,Maharashtra,West,Organic Search,2024-10-31,25-34,2024-11-02,2024-11
12620,M,1993,Hyderabad,Telangana,South,Organic Search,2024-10-31,25-34,2024-11-02,2024-11
12621,M,1984,Delhi,Delhi,North,Paid Search,2024-10-31,35-44,2024-11-02,2024-11
12622,M,1991,Gurugram,Haryana,North,Paid Search,2024-10-31,25-34,,
12623,M,1984,Jaipur,Rajasthan,North,Referral,2024-10-31,35-44,2024-11-07,2024-11
12624,F,1993,Noida,Uttar Pradesh,North,Organic Search,2024-10-31,25-34,,
12625,M,1990,Kolkata,West Bengal,East,Paid Search,2024-11-01,35-44,2024-11-05,2024-11
12626,F,1998,Hyderabad,Telangana,South,Organic Search,2024-11-01,25-34,2024-11-04,2024-11
12627,F,1982,Mumbai,Maharashtra,West,Organic Search,2024-11-01,35-44,2024-11-07,2024-11
12628,F,1986,Pune,Maharashtra,West,Paid Search,2024-11-01,35-44,2024-11-01,2024-11
12629,F,1986,Pune,Maharashtra,West,Paid Social,2024-11-01,35-44,2024-11-02,2024-11
12630,F,1993,Indore,Madhya Pradesh,West,Referral,2024-11-01,25-34,2024-11-05,2024-11
12631,M,1992,Delhi,Delhi,North,Referral,2024-11-01,25-34,2024-11-03,2024-11
12632,F,2002,Mumbai,Maharashtra,West,Email,2024-11-01,18-24,2024-11-06,2024-11
12633,M,1994,Delhi,Delhi,North,Email,2024-11-01,25-34,2024-11-02,2024-11
12634,M,1994,Kochi,Kerala,South,Organic Search,2024-11-02,25-34,2024-11-07,2024-11
12635,M,1985,Mumbai,Maharashtra,West,Organic Search,2024-11-02,35-44,2024-11-03,2024-11
12636,M,1991,Bengaluru,Karnataka,South,Paid Social,2024-11-02,25-34,,
12637,F,1983,Kochi,Kerala,South,Paid Social,2024-11-02,35-44,2024-11-20,2024-11
12638,M,1997,Jaipur,Rajasthan,North,Paid Social,2024-11-02,25-34,2024-11-08,2024-11
12639,F,2000,Delhi,Delhi,North,Paid Social,2024-11-02,25-34,,
12640,F,1981,Chandigarh,Chandigarh,North,Affiliate,2024-11-02,35-44,2024-11-11,2024-11
12641,M,1994,Bengaluru,Karnataka,South,Paid Social,2024-11-02,25-34,,
12642,M,1993,Pune,Maharashtra,West,Affiliate,2024-11-02,25-34,,
12643,F,2003,Delhi,Delhi,North,Affiliate,2024-11-02,18-24,,
12644,F,1986,Delhi,Delhi,North,Paid Search,2024-11-02,35-44,2024-11-04,2024-11
12645,F,1987,Bengaluru,Karnataka,South,Organic Search,2024-11-02,35-44,2024-11-02,2024-11
12646,F,1996,Bengaluru,Karnataka,South,Paid Search,2024-11-02,25-34,2024-11-02,2024-11
12647,F,1990,Delhi,Delhi,North,Paid Search,2024-11-02,35-44,2024-11-06,2024-11
12648,M,1990,Hyderabad,Telangana,South,Email,2024-11-02,35-44,2024-11-03,2024-11
12649,M,1990,Mumbai,Maharashtra,West,Affiliate,2024-11-02,35-44,2024-11-03,2024-11
12650,F,1998,Delhi,Delhi,North,Organic Search,2024-11-03,25-34,2024-11-05,2024-11
12651,F,2003,Chandigarh,Chandigarh,North,Organic Search,2024-11-03,18-24,2024-11-04,2024-11
12652,M,1993,Bengaluru,Karnataka,South,Referral,2024-11-03,25-34,2024-11-03,2024-11
12653,M,1991,Bengaluru,Karnataka,South,Paid Social,2024-11-03,25-34,2024-11-10,2024-11
12654,M,1999,Pune,Maharashtra,West,Referral,2024-11-03,25-34,2024-11-04,2024-11
12655,M,1995,Jaipur,Rajasthan,North,Paid Search,2024-11-03,25-34,2024-11-06,2024-11
12656,M,1995,Mumbai,Maharashtra,West,Organic Search,2024-11-03,25-34,,
12657,F,2003,Mumbai,Maharashtra,West,Organic Search,2024-11-03,18-24,2024-11-07,2024-11
12658,M,1985,Mumbai,Maharashtra,West,Organic Search,2024-11-03,35-44,,
12659,M,1991,Pune,Maharashtra,West,Paid Search,2024-11-03,25-34,2024-11-07,2024-11
12660,M,1986,Mumbai,Maharashtra,West,Organic Search,2024-11-04,35-44,2024-11-07,2024-11
12661,M,1989,Delhi,Delhi,North,Paid Search,2024-11-04,35-44,2024-11-05,2024-11
12662,M,1983,Jaipur,Rajasthan,North,Referral,2024-11-04,35-44,,
12663,F,1990,Delhi,Delhi,North,Organic Search,2024-11-04,35-44,2024-11-04,2024-11
12664,F,1996,Indore,Madhya Pradesh,West,Email,2024-11-04,25-34,2024-11-04,2024-11
12665,M,1972,Mumbai,Maharashtra,West,Organic Search,2024-11-04,45+,2024-11-06,2024-11
12666,F,1991,Bengaluru,Karnataka,South,Paid Social,2024-11-04,25-34,2024-11-07,2024-11
12667,M,1993,Delhi,Delhi,North,Organic Search,2024-11-04,25-34,2024-11-20,2024-11
12668,M,1991,Mumbai,Maharashtra,West,Email,2024-11-04,25-34,2024-11-05,2024-11
12669,M,1980,Gurugram,Haryana,North,Organic Search,2024-11-04,45+,2024-11-05,2024-11
12670,M,2001,Delhi,Delhi,North,Paid Search,2024-11-04,18-24,2024-11-05,2024-11
12671,M,2001,Hyderabad,Telangana,South,Affiliate,2024-11-04,18-24,2024-11-05,2024-11
12672,M,2003,Delhi,Delhi,North,Organic Search,2024-11-04,18-24,2024-11-04,2024-11
12673,M,1989,Gurugram,Haryana,North,Referral,2024-11-04,35-44,,
12674,F,1995,Mumbai,Maharashtra,West,Referral,2024-11-04,25-34,2024-11-06,2024-11
12675,M,1988,Jaipur,Rajasthan,North,Paid Search,2024-11-04,35-44,2024-11-08,2024-11
12676,M,1985,Kochi,Kerala,South,Organic Search,2024-11-04,35-44,2024-11-04,2024-11
12677,F,1985,Kolkata,West Bengal,East,Referral,2024-11-05,35-44,2024-11-17,2024-11
12678,M,1995,Mumbai,Maharashtra,West,Email,2024-11-05,25-34,2024-11-05,2024-11
12679,F,2000,Noida,Uttar Pradesh,North,Organic Search,2024-11-05,25-34,2024-11-05,2024-11
12680,F,2004,Pune,Maharashtra,West,Email,2024-11-05,18-24,2024-11-06,2024-11
12681,M,1993,Pune,Maharashtra,West,Referral,2024-11-05,25-34,2024-11-05,2024-11
12682,F,1988,Mumbai,Maharashtra,West,Paid Social,2024-11-05,35-44,2024-11-05,2024-11
12683,F,1993,Delhi,Delhi,North,Referral,2024-11-05,25-34,,
12684,F,2001,Delhi,Delhi,North,Organic Search,2024-11-05,18-24,2024-11-07,2024-11
12685,M,2006,Gurugram,Haryana,North,Paid Social,2024-11-05,18-24,,
12686,F,2003,Mumbai,Maharashtra,West,Affiliate,2024-11-05,18-24,,
12687,M,2002,Ahmedabad,Gujarat,West,Referral,2024-11-05,18-24,2024-11-07,2024-11
12688,M,2004,Chennai,Tamil Nadu,South,Organic Search,2024-11-05,18-24,2024-11-06,2024-11
12689,M,1994,Noida,Uttar Pradesh,North,Paid Social,2024-11-05,25-34,2024-11-16,2024-11
12690,M,1996,Hyderabad,Telangana,South,Organic Search,2024-11-05,25-34,,
12691,M,2002,Noida,Uttar Pradesh,North,Organic Search,2024-11-05,18-24,2024-11-05,2024-11
12692,F,1998,Delhi,Delhi,North,Organic Search,2024-11-05,25-34,2024-11-06,2024-11
12693,M,2000,Bengaluru,Karnataka,South,Organic Search,2024-11-05,25-34,,
12694,M,1989,Noida,Uttar Pradesh,North,Paid Social,2024-11-05,35-44,,
12695,M,2005,Kochi,Kerala,South,Paid Search,2024-11-05,18-24,2024-11-08,2024-11
12696,M,1990,Kolkata,West Bengal,East,Referral,2024-11-06,35-44,2024-11-29,2024-11
12697,F,2002,Delhi,Delhi,North,Email,2024-11-06,18-24,,
12698,F,1993,Noida,Uttar Pradesh,North,Paid Social,2024-11-06,25-34,2024-11-12,2024-11
12699,M,1989,Noida,Uttar Pradesh,North,Organic Search,2024-11-06,35-44,2024-11-06,2024-11
12700,F,1978,Kochi,Kerala,South,Affiliate,2024-11-06,45+,2024-11-07,2024-11
12701,F,1992,Delhi,Delhi,North,Organic Search,2024-11-06,25-34,2024-11-07,2024-11
12702,M,1984,Hyderabad,Telangana,South,Paid Social,2024-11-07,35-44,2024-11-19,2024-11
12703,M,1986,Jaipur,Rajasthan,North,Organic Search,2024-11-07,35-44,2024-11-17,2024-11
12704,F,1998,Ahmedabad,Gujarat,West,Affiliate,2024-11-07,25-34,2024-11-07,2024-11
12705,F,1981,Gurugram,Haryana,North,Paid Search,2024-11-07,35-44,,
12706,M,2003,Hyderabad,Telangana,South,Affiliate,2024-11-07,18-24,2024-11-13,2024-11
12707,M,2006,Bengaluru,Karnataka,South,Affiliate,2024-11-07,18-24,2024-11-11,2024-11
12708,M,1990,Delhi,Delhi,North,Affiliate,2024-11-07,35-44,,
12709,F,2003,Lucknow,Uttar Pradesh,North,Referral,2024-11-07,18-24,2024-11-13,2024-11
12710,F,1982,Mumbai,Maharashtra,West,Referral,2024-11-07,35-44,2024-11-07,2024-11
12711,M,1997,Pune,Maharashtra,West,Affiliate,2024-11-08,25-34,2024-11-10,2024-11
12712,M,1996,Hyderabad,Telangana,South,Organic Search,2024-11-08,25-34,,
12713,F,2006,Mumbai,Maharashtra,West,Referral,2024-11-08,18-24,,
12714,F,1991,Kochi,Kerala,South,Organic Search,2024-11-08,25-34,2024-11-08,2024-11
12715,M,1997,Noida,Uttar Pradesh,North,Paid Search,2024-11-08,25-34,2024-11-08,2024-11
12716,F,1992,Chennai,Tamil Nadu,South,Paid Search,2024-11-08,25-34,,
12717,M,1991,Kochi,Kerala,South,Affiliate,2024-11-08,25-34,,
12718,F,1992,Bengaluru,Karnataka,South,Paid Search,2024-11-08,25-34,,
12719,M,1992,Kolkata,West Bengal,East,Paid Social,2024-11-08,25-34,2024-11-10,2024-11
12720,F,1988,Mumbai,Maharashtra,West,Paid Social,2024-11-08,35-44,2024-11-08,2024-11
12721,F,1996,Bengaluru,Karnataka,South,Paid Social,2024-11-08,25-34,,
12722,F,1986,Delhi,Delhi,North,Organic Search,2024-11-09,35-44,2024-11-09,2024-11
12723,F,1990,Jaipur,Rajasthan,North,Paid Social,2024-11-09,35-44,2024-11-24,2024-11
12724,M,2006,Ahmedabad,Gujarat,West,Paid Social,2024-11-09,18-24,2024-11-15,2024-11
12725,F,1993,Chennai,Tamil Nadu,South,Email,2024-11-09,25-34,,
12726,F,2001,Kolkata,West Bengal,East,Affiliate,2024-11-09,18-24,2024-11-09,2024-11
12727,M,1993,Ahmedabad,Gujarat,West,Organic Search,2024-11-09,25-34,,
12728,M,2000,Chennai,Tamil Nadu,South,Organic Search,2024-11-09,25-34,2024-11-18,2024-11
12729,M,1992,Hyderabad,Telangana,South,Paid Social,2024-11-09,25-34,,
12730,F,1973,Hyderabad,Telangana,South,Paid Social,2024-11-10,45+,2024-11-10,2024-11
12731,M,1993,Delhi,Delhi,North,Referral,2024-11-10,25-34,2024-11-10,2024-11
12732,M,1985,Pune,Maharashtra,West,Email,2024-11-10,35-44,,
12733,F,1991,Pune,Maharashtra,West,Organic Search,2024-11-10,25-34,2024-11-12,2024-11
12734,M,1999,Hyderabad,Telangana,South,Email,2024-11-10,25-34,2024-11-14,2024-11
12735,M,2006,Ahmedabad,Gujarat,West,Organic Search,2024-11-10,18-24,2024-11-19,2024-11
12736,M,1982,Hyderabad,Telangana,South,Affiliate,2024-11-10,35-44,,
12737,M,1992,Kolkata,West Bengal,East,Paid Search,2024-11-10,25-34,2024-11-14,2024-11
12738,F,1994,Ahmedabad,Gujarat,West,Email,2024-11-10,25-34,2024-11-12,2024-11
12739,F,1994,Hyderabad,Telangana,South,Organic Search,2024-11-11,25-34,2024-11-16,2024-11
12740,M,1994,Ahmedabad,Gujarat,West,Paid Social,2024-11-11,25-34,2024-11-16,2024-11
12741,F,1998,Bengaluru,Karnataka,South,Organic Search,2024-11-11,25-34,2024-11-21,2024-11
12742,M,1990,Pune,Maharashtra,West,Referral,2024-11-11,35-44,2024-11-13,2024-11
12743,F,1992,Kolkata,West Bengal,East,Affiliate,2024-11-11,25-34,2024-11-16,2024-11
12744,F,1997,Hyderabad,Telangana,South,Email,2024-11-11,25-34,2024-11-11,2024-11
12745,F,1988,Hyderabad,Telangana,South,Paid Social,2024-11-11,35-44,2024-11-20,2024-11
12746,F,1989,Chandigarh,Chandigarh,North,Organic Search,2024-11-11,35-44,2024-11-19,2024-11
12747,F,1993,Pune,Maharashtra,West,Affiliate,2024-11-11,25-34,2024-11-12,2024-11
12748,M,1989,Chennai,Tamil Nadu,South,Paid Search,2024-11-11,35-44,2024-11-13,2024-11
12749,M,1986,Kolkata,West Bengal,East,Paid Social,2024-11-11,35-44,,
12750,M,1985,Kolkata,West Bengal,East,Organic Search,2024-11-11,35-44,2024-11-12,2024-11
12751,M,1993,Bengaluru,Karnataka,South,Referral,2024-11-12,25-34,2024-11-22,2024-11
12752,F,2004,Bengaluru,Karnataka,South,Paid Search,2024-11-12,18-24,2024-11-18,2024-11
12753,M,1997,Delhi,Delhi,North,Paid Search,2024-11-12,25-34,2024-11-13,2024-11
12754,F,1986,Hyderabad,Telangana,South,Organic Search,2024-11-12,35-44,,
12755,F,2006,Mumbai,Maharashtra,West,Paid Social,2024-11-12,18-24,2024-11-12,2024-11
12756,F,1989,Chennai,Tamil Nadu,South,Organic Search,2024-11-12,35-44,2024-11-13,2024-11
12757,M,2006,Delhi,Delhi,North,Affiliate,2024-11-12,18-24,2024-11-20,2024-11
12758,F,1993,Kolkata,West Bengal,East,Referral,2024-11-12,25-34,2024-11-12,2024-11
12759,F,1996,Pune,Maharashtra,West,Affiliate,2024-11-12,25-34,,
12760,F,1991,Delhi,Delhi,North,Paid Search,2024-11-12,25-34,2024-11-16,2024-11
12761,F,1991,Indore,Madhya Pradesh,West,Paid Social,2024-11-12,25-34,,
12762,F,2005,Bengaluru,Karnataka,South,Paid Search,2024-11-13,18-24,2024-12-14,2024-12
12763,F,1992,Hyderabad,Telangana,South,Email,2024-11-13,25-34,,
12764,M,2001,Bengaluru,Karnataka,South,Paid Search,2024-11-13,18-24,2024-11-17,2024-11
12765,M,1994,Ahmedabad,Gujarat,West,Paid Search,2024-11-13,25-34,2024-11-13,2024-11
12766,M,1993,Delhi,Delhi,North,Paid Search,2024-11-13,25-34,2024-11-17,2024-11
12767,M,1998,Chennai,Tamil Nadu,South,Paid Social,2024-11-13,25-34,2024-11-13,2024-11
12768,M,1993,Kolkata,West Bengal,East,Email,2024-11-13,25-34,2024-11-19,2024-11
12769,F,1987,Hyderabad,Telangana,South,Organic Search,2024-11-13,35-44,2024-11-19,2024-11
12770,F,1987,Delhi,Delhi,North,Paid Social,2024-11-13,35-44,2024-11-16,2024-11
12771,M,1998,Hyderabad,Telangana,South,Paid Search,2024-11-13,25-34,2024-11-14,2024-11
12772,M,1976,Lucknow,Uttar Pradesh,North,Organic Search,2024-11-13,45+,2024-11-15,2024-11
12773,F,1997,Kolkata,West Bengal,East,Affiliate,2024-11-13,25-34,2024-11-15,2024-11
12774,F,1982,Delhi,Delhi,North,Referral,2024-11-13,35-44,2024-11-15,2024-11
12775,M,1995,Delhi,Delhi,North,Affiliate,2024-11-13,25-34,,
12776,M,2004,Gurugram,Haryana,North,Paid Search,2024-11-13,18-24,2024-11-14,2024-11
12777,F,1986,Hyderabad,Telangana,South,Referral,2024-11-13,35-44,2024-11-14,2024-11
12778,F,1998,Bengaluru,Karnataka,South,Paid Social,2024-11-14,25-34,2024-11-14,2024-11
12779,M,2002,Bengaluru,Karnataka,South,Paid Social,2024-11-14,18-24,2024-11-19,2024-11
12780,F,1989,Mumbai,Maharashtra,West,Organic Search,2024-11-14,35-44,2024-11-15,2024-11
12781,M,1988,Chennai,Tamil Nadu,South,Organic Search,2024-11-14,35-44,2024-11-23,2024-11
12782,F,1997,Mumbai,Maharashtra,West,Organic Search,2024-11-14,25-34,2024-12-07,2024-12
12783,F,2003,Delhi,Delhi,North,Referral,2024-11-14,18-24,2024-11-18,2024-11
12784,M,2006,Hyderabad,Telangana,South,Referral,2024-11-14,18-24,,
12785,M,1988,Pune,Maharashtra,West,Paid Social,2024-11-14,35-44,2024-11-16,2024-11
12786,M,1999,Indore,Madhya Pradesh,West,Organic Search,2024-11-14,25-34,2024-11-20,2024-11
12787,M,1990,Mumbai,Maharashtra,West,Referral,2024-11-14,35-44,2024-11-20,2024-11
12788,M,1984,Bengaluru,Karnataka,South,Organic Search,2024-11-14,35-44,2024-11-15,2024-11
12789,M,1992,Delhi,Delhi,North,Email,2024-11-15,25-34,2024-11-27,2024-11
12790,F,1992,Pune,Maharashtra,West,Paid Search,2024-11-15,25-34,2024-11-19,2024-11
12791,M,1994,Mumbai,Maharashtra,West,Referral,2024-11-15,25-34,2024-11-16,2024-11
12792,M,1997,Bengaluru,Karnataka,South,Organic Search,2024-11-15,25-34,,
12793,M,1995,Lucknow,Uttar Pradesh,North,Paid Search,2024-11-15,25-34,2024-11-15,2024-11
12794,F,2003,Lucknow,Uttar Pradesh,North,Paid Social,2024-11-15,18-24,2024-11-16,2024-11
12795,M,2006,Chandigarh,Chandigarh,North,Paid Social,2024-11-15,18-24,2024-11-21,2024-11
12796,M,1994,Pune,Maharashtra,West,Organic Search,2024-11-15,25-34,2024-11-15,2024-11
12797,F,1990,Noida,Uttar Pradesh,North,Paid Social,2024-11-15,35-44,2024-11-27,2024-11
12798,M,1992,Bengaluru,Karnataka,South,Organic Search,2024-11-15,25-34,2024-11-16,2024-11
12799,F,1992,Chandigarh,Chandigarh,North,Affiliate,2024-11-15,25-34,,
12800,M,1989,Mumbai,Maharashtra,West,Paid Search,2024-11-15,35-44,2024-11-18,2024-11
12801,M,1982,Ahmedabad,Gujarat,West,Paid Search,2024-11-16,35-44,2024-11-18,2024-11
12802,M,1983,Mumbai,Maharashtra,West,Paid Social,2024-11-16,35-44,2024-11-16,2024-11
12803,M,1999,Bengaluru,Karnataka,South,Referral,2024-11-16,25-34,2024-11-26,2024-11
12804,M,1999,Bengaluru,Karnataka,South,Organic Search,2024-11-16,25-34,2024-11-17,2024-11
12805,M,1996,Hyderabad,Telangana,South,Paid Social,2024-11-16,25-34,2024-11-18,2024-11
12806,F,1992,Pune,Maharashtra,West,Email,2024-11-16,25-34,2024-11-18,2024-11
12807,M,1989,Mumbai,Maharashtra,West,Paid Search,2024-11-16,35-44,2024-11-18,2024-11
12808,M,1983,Noida,Uttar Pradesh,North,Organic Search,2024-11-16,35-44,2024-11-17,2024-11
12809,F,1988,Mumbai,Maharashtra,West,Organic Search,2024-11-17,35-44,2024-11-20,2024-11
12810,F,1988,Chennai,Tamil Nadu,South,Affiliate,2024-11-17,35-44,2024-11-17,2024-11
12811,M,1982,Delhi,Delhi,North,Organic Search,2024-11-17,35-44,2024-11-22,2024-11
12812,M,1995,Noida,Uttar Pradesh,North,Organic Search,2024-11-17,25-34,2024-11-26,2024-11
12813,F,1988,Bengaluru,Karnataka,South,Affiliate,2024-11-17,35-44,2024-11-17,2024-11
12814,M,1994,Ahmedabad,Gujarat,West,Email,2024-11-17,25-34,2024-11-21,2024-11
12815,M,1982,Kochi,Kerala,South,Paid Search,2024-11-17,35-44,,
12816,M,1998,Delhi,Delhi,North,Organic Search,2024-11-17,25-34,,
12817,F,1997,Chennai,Tamil Nadu,South,Paid Social,2024-11-17,25-34,2024-11-19,2024-11
12818,M,1989,Bengaluru,Karnataka,South,Referral,2024-11-18,35-44,2024-11-20,2024-11
12819,F,2004,Hyderabad,Telangana,South,Paid Search,2024-11-18,18-24,2024-11-22,2024-11
12820,F,1993,Mumbai,Maharashtra,West,Organic Search,2024-11-18,25-34,2024-11-19,2024-11
12821,F,1995,Jaipur,Rajasthan,North,Email,2024-11-18,25-34,2024-11-24,2024-11
12822,M,1981,Delhi,Delhi,North,Referral,2024-11-18,35-44,2024-11-20,2024-11
12823,F,1987,Hyderabad,Telangana,South,Paid Search,2024-11-18,35-44,2024-11-18,2024-11
12824,M,1988,Gurugram,Haryana,North,Email,2024-11-18,35-44,2024-12-04,2024-12
12825,M,2000,Noida,Uttar Pradesh,North,Paid Social,2024-11-18,25-34,2024-11-26,2024-11
12826,M,2001,Jaipur,Rajasthan,North,Affiliate,2024-11-18,18-24,2024-11-18,2024-11
12827,F,1989,Chennai,Tamil Nadu,South,Organic Search,2024-11-18,35-44,,
12828,F,1995,Jaipur,Rajasthan,North,Paid Search,2024-11-19,25-34,2024-11-20,2024-11
12829,M,2000,Mumbai,Maharashtra,West,Paid Social,2024-11-19,25-34,2024-11-19,2024-11
12830,M,1991,Bengaluru,Karnataka,South,Paid Search,2024-11-19,25-34,2024-11-22,2024-11
12831,F,1982,Chennai,Tamil Nadu,South,Paid Search,2024-11-19,35-44,2024-11-22,2024-11
12832,M,1999,Hyderabad,Telangana,South,Paid Social,2024-11-19,25-34,2024-11-20,2024-11
12833,F,1997,Pune,Maharashtra,West,Paid Social,2024-11-20,25-34,2024-11-22,2024-11
12834,F,1996,Delhi,Delhi,North,Paid Search,2024-11-20,25-34,,
12835,M,2001,Gurugram,Haryana,North,Paid Search,2024-11-20,18-24,2024-11-20,2024-11
12836,F,2002,Lucknow,Uttar Pradesh,North,Paid Social,2024-11-20,18-24,2024-11-28,2024-11
12837,F,1998,Mumbai,Maharashtra,West,Paid Social,2024-11-20,25-34,2024-11-21,2024-11
12838,F,1984,Mumbai,Maharashtra,West,Paid Search,2024-11-20,35-44,2024-12-01,2024-12
12839,F,1981,Pune,Maharashtra,West,Organic Search,2024-11-20,35-44,2024-11-20,2024-11
12840,M,1996,Mumbai,Maharashtra,West,Organic Search,2024-11-20,25-34,2024-11-21,2024-11
12841,M,1994,Bengaluru,Karnataka,South,Email,2024-11-20,25-34,2024-11-20,2024-11
12842,M,1995,Delhi,Delhi,North,Referral,2024-11-20,25-34,2024-11-26,2024-11
12843,M,2006,Kolkata,West Bengal,East,Paid Social,2024-11-21,18-24,2024-11-22,2024-11
12844,F,2001,Chennai,Tamil Nadu,South,Paid Social,2024-11-21,18-24,,
12845,M,1992,Chandigarh,Chandigarh,North,Organic Search,2024-11-21,25-34,,
12846,F,1988,Mumbai,Maharashtra,West,Paid Search,2024-11-21,35-44,2024-11-21,2024-11
12847,F,1999,Kolkata,West Bengal,East,Paid Social,2024-11-21,25-34,,
12848,F,1997,Kolkata,West Bengal,East,Paid Search,2024-11-21,25-34,2024-11-21,2024-11
12849,F,1992,Mumbai,Maharashtra,West,Organic Search,2024-11-21,25-34,2024-11-22,2024-11
12850,F,1972,Delhi,Delhi,North,Organic Search,2024-11-21,45+,2024-11-25,2024-11
12851,F,1986,Kolkata,West Bengal,East,Affiliate,2024-11-21,35-44,,
12852,M,2000,Bengaluru,Karnataka,South,Paid Social,2024-11-22,25-34,,
12853,M,1983,Bengaluru,Karnataka,South,Email,2024-11-22,35-44,2024-11-22,2024-11
12854,F,1998,Jaipur,Rajasthan,North,Paid Social,2024-11-22,25-34,2024-11-25,2024-11
12855,M,1997,Hyderabad,Telangana,South,Referral,2024-11-22,25-34,2024-11-23,2024-11
12856,F,1986,Ahmedabad,Gujarat,West,Organic Search,2024-11-22,35-44,2024-11-27,2024-11
12857,F,2001,Pune,Maharashtra,West,Organic Search,2024-11-22,18-24,2024-12-01,2024-12
12858,M,1993,Bengaluru,Karnataka,South,Paid Social,2024-11-22,25-34,2024-11-26,2024-11
12859,F,1992,Mumbai,Maharashtra,West,Paid Social,2024-11-22,25-34,,
12860,F,1984,Mumbai,Maharashtra,West,Organic Search,2024-11-23,35-44,2024-11-26,2024-11
12861,F,2004,Bengaluru,Karnataka,South,Paid Social,2024-11-23,18-24,2024-11-25,2024-11
12862,M,1984,Bengaluru,Karnataka,South,Organic Search,2024-11-23,35-44,2024-11-25,2024-11
12863,M,1984,Kolkata,West Bengal,East,Organic Search,2024-11-23,35-44,,
12864,M,1995,Ahmedabad,Gujarat,West,Affiliate,2024-11-23,25-34,2024-11-26,2024-11
12865,F,1986,Chandigarh,Chandigarh,North,Paid Social,2024-11-23,35-44,2024-11-24,2024-11
12866,F,2006,Jaipur,Rajasthan,North,Paid Search,2024-11-24,18-24,,
12867,F,1986,Pune,Maharashtra,West,Organic Search,2024-11-24,35-44,2024-12-03,2024-12
12868,M,2000,Delhi,Delhi,North,Email,2024-11-24,25-34,2024-11-24,2024-11
12869,M,2006,Ahmedabad,Gujarat,West,Affiliate,2024-11-24,18-24,2024-11-25,2024-11
12870,F,1999,Mumbai,Maharashtra,West,Organic Search,2024-11-24,25-34,2024-11-24,2024-11
12871,F,1987,Mumbai,Maharashtra,West,Paid Search,2024-11-24,35-44,,
12872,F,1996,Noida,Uttar Pradesh,North,Paid Social,2024-11-24,25-34,2024-11-26,2024-11
12873,M,2004,Pune,Maharashtra,West,Organic Search,2024-11-24,18-24,2024-11-29,2024-11
12874,M,1982,Delhi,Delhi,North,Paid Social,2024-11-25,35-44,2024-11-27,2024-11
12875,F,2002,Indore,Madhya Pradesh,West,Organic Search,2024-11-25,18-24,2024-12-01,2024-12
12876,M,1997,Jaipur,Rajasthan,North,Organic Search,2024-11-25,25-34,,
12877,F,2006,Kochi,Kerala,South,Paid Social,2024-11-25,18-24,2024-11-25,2024-11
12878,F,1997,Pune,Maharashtra,West,Paid Search,2024-11-25,25-34,2024-11-30,2024-11
12879,M,1995,Hyderabad,Telangana,South,Paid Social,2024-11-25,25-34,,
12880,M,1999,Chennai,Tamil Nadu,South,Organic Search,2024-11-25,25-34,,
12881,M,1984,Chennai,Tamil Nadu,South,Paid Social,2024-11-25,35-44,2024-11-25,2024-11
12882,F,1987,Chennai,Tamil Nadu,South,Affiliate,2024-11-25,35-44,,
12883,M,1994,Noida,Uttar Pradesh,North,Paid Social,2024-11-26,25-34,2024-11-26,2024-11
12884,F,1989,Jaipur,Rajasthan,North,Paid Social,2024-11-26,35-44,,
12885,M,1989,Bengaluru,Karnataka,South,Paid Social,2024-11-26,35-44,,
12886,F,2006,Pune,Maharashtra,West,Email,2024-11-26,18-24,2024-12-02,2024-12
12887,F,2006,Indore,Madhya Pradesh,West,Paid Social,2024-11-26,18-24,,
12888,M,1973,Bengaluru,Karnataka,South,Organic Search,2024-11-26,45+,2024-12-27,2024-12
12889,M,1994,Delhi,Delhi,North,Organic Search,2024-11-26,25-34,2024-11-30,2024-11
12890,F,1984,Gurugram,Haryana,North,Paid Social,2024-11-26,35-44,,
12891,M,2003,Bengaluru,Karnataka,South,Referral,2024-11-26,18-24,2024-11-28,2024-11
12892,M,1995,Bengaluru,Karnataka,South,Organic Search,2024-11-26,25-34,2024-11-30,2024-11
12893,M,2005,Hyderabad,Telangana,South,Paid Social,2024-11-27,18-24,,
12894,F,1987,Bengaluru,Karnataka,South,Paid Social,2024-11-27,35-44,2024-12-02,2024-12
12895,M,1986,Noida,Uttar Pradesh,North,Paid Search,2024-11-27,35-44,2024-11-27,2024-11
12896,F,1992,Delhi,Delhi,North,Paid Social,2024-11-27,25-34,2024-11-29,2024-11
12897,F,1989,Mumbai,Maharashtra,West,Paid Search,2024-11-27,35-44,,
12898,F,1993,Mumbai,Maharashtra,West,Paid Social,2024-11-27,25-34,2024-12-03,2024-12
12899,M,2003,Hyderabad,Telangana,South,Referral,2024-11-27,18-24,2024-11-27,2024-11
12900,F,1997,Bengaluru,Karnataka,South,Affiliate,2024-11-27,25-34,,
12901,M,1991,Chennai,Tamil Nadu,South,Paid Social,2024-11-27,25-34,,
12902,M,1994,Pune,Maharashtra,West,Paid Search,2024-11-27,25-34,2024-12-12,2024-12
12903,F,1981,Jaipur,Rajasthan,North,Referral,2024-11-27,35-44,2024-12-01,2024-12
12904,F,1978,Pune,Maharashtra,West,Referral,2024-11-27,45+,2024-11-29,2024-11
12905,F,2003,Noida,Uttar Pradesh,North,Paid Search,2024-11-28,18-24,2024-11-28,2024-11
12906,M,1987,Delhi,Delhi,North,Paid Search,2024-11-28,35-44,2024-12-07,2024-12
12907,M,2005,Pune,Maharashtra,West,Organic Search,2024-11-28,18-24,,
12908,F,1991,Mumbai,Maharashtra,West,Paid Social,2024-11-28,25-34,,
12909,F,1995,Delhi,Delhi,North,Paid Search,2024-11-28,25-34,2024-12-07,2024-12
12910,F,2000,Bengaluru,Karnataka,South,Organic Search,2024-11-28,25-34,2024-12-03,2024-12
12911,F,2001,Bengaluru,Karnataka,South,Paid Social,2024-11-28,18-24,2024-11-28,2024-11
12912,F,1989,Delhi,Delhi,North,Affiliate,2024-11-28,35-44,,
12913,M,1994,Bengaluru,Karnataka,South,Organic Search,2024-11-29,25-34,2024-12-04,2024-12
12914,M,1993,Delhi,Delhi,North,Paid Social,2024-11-29,25-34,2024-11-30,2024-11
12915,M,1997,Pune,Maharashtra,West,Affiliate,2024-11-29,25-34,2024-12-05,2024-12
12916,F,1995,Bengaluru,Karnataka,South,Affiliate,2024-11-29,25-34,2024-11-30,2024-11
12917,M,1988,Pune,Maharashtra,West,Paid Search,2024-11-29,35-44,2024-11-29,2024-11
12918,F,1995,Bengaluru,Karnataka,South,Organic Search,2024-11-29,25-34,,
12919,F,1982,Mumbai,Maharashtra,West,Paid Search,2024-11-29,35-44,,
12920,M,1994,Noida,Uttar Pradesh,North,Paid Search,2024-11-29,25-34,2024-12-02,2024-12
12921,F,1994,Pune,Maharashtra,West,Paid Social,2024-11-29,25-34,,
12922,F,1986,Mumbai,Maharashtra,West,Paid Social,2024-11-30,35-44,2024-12-01,2024-12
12923,M,1991,Gurugram,Haryana,North,Referral,2024-11-30,25-34,2024-12-01,2024-12
12924,F,1989,Pune,Maharashtra,West,Paid Social,2024-11-30,35-44,2024-12-01,2024-12
12925,F,1990,Noida,Uttar Pradesh,North,Email,2024-11-30,35-44,2024-12-04,2024-12
12926,M,2000,Pune,Maharashtra,West,Referral,2024-11-30,25-34,2024-12-02,2024-12
12927,M,1997,Indore,Madhya Pradesh,West,Paid Social,2024-11-30,25-34,2024-12-05,2024-12
12928,F,2001,Hyderabad,Telangana,South,Organic Search,2024-11-30,18-24,2024-12-02,2024-12
12929,F,2006,Chennai,Tamil Nadu,South,Referral,2024-12-01,18-24,2024-12-02,2024-12
12930,F,2002,Bengaluru,Karnataka,South,Paid Social,2024-12-01,18-24,2024-12-01,2024-12
12931,M,1981,Chennai,Tamil Nadu,South,Paid Search,2024-12-01,35-44,,
12932,M,1988,Ahmedabad,Gujarat,West,Organic Search,2024-12-01,35-44,2024-12-04,2024-12
12933,M,2004,Bengaluru,Karnataka,South,Paid Social,2024-12-01,18-24,2024-12-05,2024-12
12934,M,1990,Hyderabad,Telangana,South,Organic Search,2024-12-01,35-44,2024-12-03,2024-12
12935,M,1990,Hyderabad,Telangana,South,Referral,2024-12-02,35-44,2024-12-06,2024-12
12936,F,1996,Hyderabad,Telangana,South,Organic Search,2024-12-02,25-34,2024-12-03,2024-12
12937,M,1991,Kochi,Kerala,South,Paid Social,2024-12-02,25-34,2024-12-09,2024-12
12938,M,2006,Pune,Maharashtra,West,Paid Search,2024-12-02,18-24,,
12939,F,1992,Kolkata,West Bengal,East,Paid Search,2024-12-02,25-34,2024-12-08,2024-12
12940,F,2006,Mumbai,Maharashtra,West,Referral,2024-12-02,18-24,2024-12-05,2024-12
12941,M,1989,Delhi,Delhi,North,Paid Search,2024-12-02,35-44,2024-12-12,2024-12
12942,M,1988,Gurugram,Haryana,North,Organic Search,2024-12-02,35-44,2024-12-02,2024-12
12943,M,1987,Ahmedabad,Gujarat,West,Organic Search,2024-12-03,35-44,2024-12-14,2024-12
12944,M,1987,Delhi,Delhi,North,Organic Search,2024-12-03,35-44,2024-12-03,2024-12
12945,F,1999,Gurugram,Haryana,North,Paid Search,2024-12-03,25-34,2024-12-05,2024-12
12946,M,1983,Mumbai,Maharashtra,West,Organic Search,2024-12-03,35-44,2024-12-06,2024-12
12947,M,1985,Bengaluru,Karnataka,South,Paid Search,2024-12-03,35-44,2024-12-03,2024-12
12948,F,1998,Gurugram,Haryana,North,Paid Social,2024-12-03,25-34,,
12949,F,1976,Ahmedabad,Gujarat,West,Email,2024-12-04,45+,2024-12-04,2024-12
12950,M,1982,Bengaluru,Karnataka,South,Organic Search,2024-12-04,35-44,2024-12-05,2024-12
12951,F,1993,Hyderabad,Telangana,South,Email,2024-12-04,25-34,2024-12-09,2024-12
12952,M,1997,Bengaluru,Karnataka,South,Affiliate,2024-12-04,25-34,2024-12-05,2024-12
12953,M,1991,Lucknow,Uttar Pradesh,North,Paid Social,2024-12-04,25-34,2024-12-15,2024-12
12954,M,1997,Kolkata,West Bengal,East,Referral,2024-12-04,25-34,2024-12-10,2024-12
12955,F,1987,Chennai,Tamil Nadu,South,Paid Social,2024-12-04,35-44,2024-12-09,2024-12
12956,M,2006,Mumbai,Maharashtra,West,Organic Search,2024-12-04,18-24,,
12957,M,2001,Delhi,Delhi,North,Affiliate,2024-12-04,18-24,,
12958,F,1987,Pune,Maharashtra,West,Affiliate,2024-12-04,35-44,2024-12-07,2024-12
12959,F,1992,Chennai,Tamil Nadu,South,Paid Search,2024-12-04,25-34,2024-12-04,2024-12
12960,F,1978,Hyderabad,Telangana,South,Organic Search,2024-12-04,45+,2024-12-06,2024-12
12961,F,2001,Chennai,Tamil Nadu,South,Organic Search,2024-12-04,18-24,,
12962,F,1983,Kolkata,West Bengal,East,Paid Social,2024-12-05,35-44,,
12963,F,1989,Bengaluru,Karnataka,South,Affiliate,2024-12-05,35-44,2024-12-06,2024-12
12964,M,1991,Gurugram,Haryana,North,Organic Search,2024-12-05,25-34,2024-12-12,2024-12
12965,M,1982,Delhi,Delhi,North,Paid Social,2024-12-05,35-44,,
12966,F,1987,Gurugram,Haryana,North,Referral,2024-12-05,35-44,2024-12-09,2024-12
12967,F,1996,Noida,Uttar Pradesh,North,Paid Search,2024-12-05,25-34,2024-12-13,2024-12
12968,M,1990,Delhi,Delhi,North,Paid Social,2024-12-05,35-44,2024-12-07,2024-12
12969,M,2000,Mumbai,Maharashtra,West,Paid Search,2024-12-06,25-34,2024-12-09,2024-12
12970,M,1999,Hyderabad,Telangana,South,Organic Search,2024-12-06,25-34,2024-12-06,2024-12
12971,F,1987,Delhi,Delhi,North,Paid Social,2024-12-06,35-44,2024-12-13,2024-12
12972,F,1990,Hyderabad,Telangana,South,Organic Search,2024-12-06,35-44,2024-12-12,2024-12
12973,M,1990,Kochi,Kerala,South,Paid Social,2024-12-07,35-44,,
12974,M,1990,Gurugram,Haryana,North,Paid Search,2024-12-07,35-44,2024-12-07,2024-12
12975,M,2005,Delhi,Delhi,North,Referral,2024-12-07,18-24,2024-12-14,2024-12
12976,F,1995,Pune,Maharashtra,West,Paid Social,2024-12-07,25-34,2024-12-09,2024-12
12977,F,1980,Chennai,Tamil Nadu,South,Affiliate,2024-12-07,45+,,
12978,M,1988,Bengaluru,Karnataka,South,Referral,2024-12-07,35-44,2024-12-11,2024-12
12979,M,1990,Delhi,Delhi,North,Referral,2024-12-07,35-44,2024-12-09,2024-12
12980,M,1997,Bengaluru,Karnataka,South,Paid Search,2024-12-07,25-34,,
12981,F,2006,Hyderabad,Telangana,South,Paid Search,2024-12-07,18-24,2024-12-07,2024-12
12982,F,2000,Jaipur,Rajasthan,North,Referral,2024-12-07,25-34,,
12983,F,1993,Bengaluru,Karnataka,South,Referral,2024-12-07,25-34,2024-12-12,2024-12
12984,M,1987,Pune,Maharashtra,West,Paid Social,2024-12-08,35-44,2024-12-10,2024-12
12985,F,2005,Noida,Uttar Pradesh,North,Organic Search,2024-12-08,18-24,,
12986,F,1991,Kochi,Kerala,South,Organic Search,2024-12-08,25-34,2024-12-10,2024-12
12987,F,1982,Noida,Uttar Pradesh,North,Organic Search,2024-12-08,35-44,2024-12-12,2024-12
12988,M,1996,Chennai,Tamil Nadu,South,Organic Search,2024-12-08,25-34,2024-12-10,2024-12
12989,F,1984,Bengaluru,Karnataka,South,Referral,2024-12-08,35-44,2024-12-10,2024-12
12990,F,1999,Noida,Uttar Pradesh,North,Paid Social,2024-12-08,25-34,2024-12-11,2024-12
12991,F,1990,Bengaluru,Karnataka,South,Paid Social,2024-12-08,35-44,,
12992,M,1991,Delhi,Delhi,North,Organic Search,2024-12-09,25-34,,
12993,F,1972,Lucknow,Uttar Pradesh,North,Referral,2024-12-09,45+,2024-12-10,2024-12
12994,M,2002,Jaipur,Rajasthan,North,Organic Search,2024-12-09,18-24,2024-12-09,2024-12
12995,M,1984,Chennai,Tamil Nadu,South,Organic Search,2024-12-09,35-44,,
12996,F,1988,Kochi,Kerala,South,Referral,2024-12-09,35-44,2024-12-14,2024-12
12997,M,1995,Jaipur,Rajasthan,North,Paid Social,2024-12-09,25-34,,
12998,F,1992,Pune,Maharashtra,West,Organic Search,2024-12-09,25-34,,
12999,M,2006,Kolkata,West Bengal,East,Organic Search,2024-12-09,18-24,,
13000,M,1980,Bengaluru,Karnataka,South,Paid Search,2024-12-09,45+,2024-12-23,2024-12
13001,F,1990,Delhi,Delhi,North,Paid Social,2024-12-09,35-44,2024-12-22,2024-12
13002,F,2000,Mumbai,Maharashtra,West,Organic Search,2024-12-09,25-34,2024-12-09,2024-12
13003,M,1990,Mumbai,Maharashtra,West,Paid Social,2024-12-10,35-44,,
13004,F,1993,Jaipur,Rajasthan,North,Paid Search,2024-12-10,25-34,2024-12-14,2024-12
13005,M,2006,Pune,Maharashtra,West,Paid Social,2024-12-10,18-24,2024-12-13,2024-12
13006,M,1994,Bengaluru,Karnataka,South,Referral,2024-12-10,25-34,2024-12-15,2024-12
13007,M,2005,Bengaluru,Karnataka,South,Email,2024-12-10,18-24,2024-12-14,2024-12
13008,F,1999,Mumbai,Maharashtra,West,Organic Search,2024-12-10,25-34,2024-12-11,2024-12
13009,F,1999,Bengaluru,Karnataka,South,Organic Search,2024-12-10,25-34,2024-12-25,2024-12
13010,M,1992,Pune,Maharashtra,West,Organic Search,2024-12-10,25-34,2024-12-10,2024-12
13011,M,1980,Hyderabad,Telangana,South,Organic Search,2024-12-10,45+,2024-12-14,2024-12
13012,F,2002,Delhi,Delhi,North,Paid Search,2024-12-10,18-24,,
13013,F,1998,Mumbai,Maharashtra,West,Organic Search,2024-12-10,25-34,2024-12-10,2024-12
13014,M,1998,Mumbai,Maharashtra,West,Referral,2024-12-11,25-34,2024-12-14,2024-12
13015,F,1992,Mumbai,Maharashtra,West,Email,2024-12-11,25-34,2024-12-16,2024-12
13016,M,1988,Bengaluru,Karnataka,South,Paid Social,2024-12-11,35-44,2024-12-14,2024-12
13017,M,2004,Ahmedabad,Gujarat,West,Paid Search,2024-12-11,18-24,2024-12-13,2024-12
13018,F,1996,Mumbai,Maharashtra,West,Paid Social,2024-12-11,25-34,2024-12-13,2024-12
13019,F,1979,Pune,Maharashtra,West,Paid Social,2024-12-11,45+,2024-12-11,2024-12
13020,M,1993,Bengaluru,Karnataka,South,Paid Social,2024-12-12,25-34,2024-12-15,2024-12
13021,M,1991,Bengaluru,Karnataka,South,Organic Search,2024-12-12,25-34,2024-12-12,2024-12
13022,M,1972,Hyderabad,Telangana,South,Email,2024-12-12,45+,2024-12-13,2024-12
13023,F,1988,Chennai,Tamil Nadu,South,Paid Search,2024-12-12,35-44,,
13024,F,2006,Bengaluru,Karnataka,South,Organic Search,2024-12-12,18-24,2024-12-13,2024-12
13025,F,1975,Gurugram,Haryana,North,Paid Search,2024-12-12,45+,2024-12-19,2024-12
13026,F,1984,Chennai,Tamil Nadu,South,Organic Search,2024-12-12,35-44,2024-12-16,2024-12
13027,F,1974,Chandigarh,Chandigarh,North,Affiliate,2024-12-12,45+,2024-12-13,2024-12
13028,M,1981,Bengaluru,Karnataka,South,Paid Social,2024-12-12,35-44,2024-12-19,2024-12
13029,F,1979,Kolkata,West Bengal,East,Email,2024-12-12,45+,2024-12-12,2024-12
13030,F,1984,Jaipur,Rajasthan,North,Affiliate,2024-12-12,35-44,2024-12-16,2024-12
13031,F,2006,Jaipur,Rajasthan,North,Paid Social,2024-12-12,18-24,,
13032,M,2001,Gurugram,Haryana,North,Referral,2024-12-12,18-24,2024-12-12,2024-12
13033,F,1991,Kolkata,West Bengal,East,Email,2024-12-12,25-34,2024-12-12,2024-12
13034,M,2006,Mumbai,Maharashtra,West,Organic Search,2024-12-12,18-24,2024-12-13,2024-12
13035,M,1990,Hyderabad,Telangana,South,Organic Search,2024-12-12,35-44,2024-12-20,2024-12
13036,M,1986,Delhi,Delhi,North,Paid Search,2024-12-12,35-44,,
13037,F,1990,Gurugram,Haryana,North,Paid Social,2024-12-12,35-44,2024-12-15,2024-12
13038,M,1981,Delhi,Delhi,North,Referral,2024-12-13,35-44,2024-12-21,2024-12
13039,F,1978,Hyderabad,Telangana,South,Paid Search,2024-12-13,45+,2024-12-21,2024-12
13040,F,1999,Delhi,Delhi,North,Email,2024-12-13,25-34,,
13041,M,1996,Kochi,Kerala,South,Paid Social,2024-12-13,25-34,2024-12-14,2024-12
13042,M,1983,Bengaluru,Karnataka,South,Paid Search,2024-12-13,35-44,,
13043,F,1997,Kochi,Kerala,South,Paid Social,2024-12-13,25-34,,
13044,M,1998,Mumbai,Maharashtra,West,Email,2024-12-14,25-34,2024-12-17,2024-12
13045,M,1989,Pune,Maharashtra,West,Paid Search,2024-12-14,35-44,2024-12-19,2024-12
13046,M,1986,Delhi,Delhi,North,Paid Search,2024-12-14,35-44,,
13047,M,2000,Mumbai,Maharashtra,West,Paid Social,2024-12-14,25-34,,
13048,F,1997,Indore,Madhya Pradesh,West,Paid Search,2024-12-14,25-34,2024-12-14,2024-12
13049,F,2006,Delhi,Delhi,North,Organic Search,2024-12-14,18-24,2024-12-23,2024-12
13050,F,1997,Kolkata,West Bengal,East,Email,2024-12-14,25-34,2024-12-18,2024-12
13051,F,1979,Delhi,Delhi,North,Organic Search,2024-12-14,45+,2024-12-14,2024-12
13052,M,1981,Lucknow,Uttar Pradesh,North,Organic Search,2024-12-14,35-44,,
13053,M,1992,Indore,Madhya Pradesh,West,Email,2024-12-14,25-34,,
13054,F,2000,Pune,Maharashtra,West,Paid Social,2024-12-15,25-34,2024-12-21,2024-12
13055,M,1996,Lucknow,Uttar Pradesh,North,Paid Search,2024-12-15,25-34,2024-12-16,2024-12
13056,F,1989,Kolkata,West Bengal,East,Paid Search,2024-12-15,35-44,,
13057,M,1980,Gurugram,Haryana,North,Organic Search,2024-12-15,45+,2024-12-17,2024-12
13058,F,2005,Ahmedabad,Gujarat,West,Organic Search,2024-12-15,18-24,2024-12-15,2024-12
13059,M,2005,Delhi,Delhi,North,Email,2024-12-15,18-24,,
13060,M,1982,Delhi,Delhi,North,Organic Search,2024-12-15,35-44,,
13061,F,1999,Pune,Maharashtra,West,Organic Search,2024-12-15,25-34,2024-12-15,2024-12
13062,F,1996,Hyderabad,Telangana,South,Referral,2024-12-15,25-34,2025-01-11,2025-01
13063,M,1999,Pune,Maharashtra,West,Email,2024-12-15,25-34,2024-12-22,2024-12
13064,F,2006,Jaipur,Rajasthan,North,Paid Social,2024-12-15,18-24,,
13065,F,2005,Delhi,Delhi,North,Organic Search,2024-12-16,18-24,,
13066,M,1998,Kolkata,West Bengal,East,Organic Search,2024-12-16,25-34,2024-12-20,2024-12
13067,M,1992,Noida,Uttar Pradesh,North,Affiliate,2024-12-16,25-34,2024-12-18,2024-12
13068,M,1991,Ahmedabad,Gujarat,West,Paid Social,2024-12-16,25-34,2024-12-18,2024-12
13069,M,1992,Delhi,Delhi,North,Referral,2024-12-16,25-34,,
13070,F,2006,Delhi,Delhi,North,Paid Search,2024-12-16,18-24,2024-12-16,2024-12
13071,M,1994,Gurugram,Haryana,North,Referral,2024-12-16,25-34,2024-12-18,2024-12
13072,F,2000,Delhi,Delhi,North,Affiliate,2024-12-16,25-34,2024-12-18,2024-12
13073,M,1997,Pune,Maharashtra,West,Paid Search,2024-12-16,25-34,,
13074,M,1986,Mumbai,Maharashtra,West,Paid Search,2024-12-17,35-44,,
13075,M,1997,Hyderabad,Telangana,South,Organic Search,2024-12-17,25-34,2024-12-17,2024-12
13076,M,1988,Delhi,Delhi,North,Referral,2024-12-17,35-44,2024-12-19,2024-12
13077,M,1986,Mumbai,Maharashtra,West,Organic Search,2024-12-17,35-44,2024-12-29,2024-12
13078,M,1998,Mumbai,Maharashtra,West,Organic Search,2024-12-17,25-34,,
13079,F,1983,Lucknow,Uttar Pradesh,North,Paid Social,2024-12-17,35-44,2024-12-21,2024-12
13080,F,2001,Delhi,Delhi,North,Referral,2024-12-17,18-24,2024-12-20,2024-12
13081,M,1998,Delhi,Delhi,North,Paid Search,2024-12-17,25-34,2024-12-18,2024-12
13082,M,2004,Delhi,Delhi,North,Affiliate,2024-12-17,18-24,2024-12-18,2024-12
13083,M,1997,Mumbai,Maharashtra,West,Organic Search,2024-12-17,25-34,2024-12-30,2024-12
13084,F,1986,Delhi,Delhi,North,Paid Social,2024-12-18,35-44,2024-12-26,2024-12
13085,F,2002,Mumbai,Maharashtra,West,Paid Social,2024-12-18,18-24,,
13086,M,2003,Mumbai,Maharashtra,West,Paid Social,2024-12-18,18-24,2024-12-20,2024-12
13087,M,2001,Mumbai,Maharashtra,West,Paid Social,2024-12-18,18-24,2024-12-21,2024-12
13088,F,1999,Noida,Uttar Pradesh,North,Paid Social,2024-12-18,25-34,2024-12-18,2024-12
13089,F,1982,Pune,Maharashtra,West,Referral,2024-12-18,35-44,2024-12-21,2024-12
13090,F,2000,Mumbai,Maharashtra,West,Referral,2024-12-18,25-34,2024-12-20,2024-12
13091,F,1984,Kolkata,West Bengal,East,Affiliate,2024-12-18,35-44,2024-12-20,2024-12
13092,M,1989,Delhi,Delhi,North,Affiliate,2024-12-18,35-44,2024-12-22,2024-12
13093,F,1987,Delhi,Delhi,North,Paid Social,2024-12-18,35-44,,
13094,F,1981,Hyderabad,Telangana,South,Paid Social,2024-12-18,35-44,2024-12-19,2024-12
13095,F,1995,Lucknow,Uttar Pradesh,North,Paid Search,2024-12-19,25-34,2024-12-26,2024-12
13096,M,1993,Gurugram,Haryana,North,Paid Social,2024-12-19,25-34,2024-12-22,2024-12
13097,M,2004,Chennai,Tamil Nadu,South,Organic Search,2024-12-19,18-24,2024-12-26,2024-12
13098,M,2003,Pune,Maharashtra,West,Paid Search,2024-12-19,18-24,2024-12-20,2024-12
13099,M,1995,Indore,Madhya Pradesh,West,Email,2024-12-19,25-34,2024-12-22,2024-12
13100,F,2000,Delhi,Delhi,North,Paid Social,2024-12-19,25-34,2025-01-02,2025-01
13101,M,1993,Lucknow,Uttar Pradesh,North,Organic Search,2024-12-19,25-34,,
13102,F,1993,Lucknow,Uttar Pradesh,North,Paid Social,2024-12-19,25-34,,
13103,F,1995,Hyderabad,Telangana,South,Paid Search,2024-12-19,25-34,2024-12-24,2024-12
13104,F,1992,Mumbai,Maharashtra,West,Referral,2024-12-19,25-34,2024-12-20,2024-12
13105,M,1995,Ahmedabad,Gujarat,West,Organic Search,2024-12-19,25-34,2024-12-22,2024-12
13106,F,1999,Kolkata,West Bengal,East,Paid Social,2024-12-19,25-34,2024-12-29,2024-12
13107,F,1984,Kolkata,West Bengal,East,Paid Social,2024-12-20,35-44,2024-12-20,2024-12
13108,F,1990,Delhi,Delhi,North,Paid Social,2024-12-20,35-44,2024-12-23,2024-12
13109,M,2000,Ahmedabad,Gujarat,West,Organic Search,2024-12-20,25-34,2024-12-20,2024-12
13110,F,1989,Bengaluru,Karnataka,South,Referral,2024-12-20,35-44,2024-12-23,2024-12
13111,F,1989,Hyderabad,Telangana,South,Referral,2024-12-20,35-44,2024-12-29,2024-12
13112,F,2002,Kochi,Kerala,South,Paid Search,2024-12-20,18-24,2024-12-20,2024-12
13113,F,1988,Bengaluru,Karnataka,South,Organic Search,2024-12-20,35-44,2024-12-22,2024-12
13114,M,1997,Bengaluru,Karnataka,South,Paid Social,2024-12-20,25-34,2024-12-29,2024-12
13115,F,1995,Delhi,Delhi,North,Paid Search,2024-12-21,25-34,2024-12-25,2024-12
13116,F,2001,Ahmedabad,Gujarat,West,Paid Search,2024-12-21,18-24,2024-12-30,2024-12
13117,M,1993,Indore,Madhya Pradesh,West,Paid Search,2024-12-21,25-34,2024-12-21,2024-12
13118,M,1987,Bengaluru,Karnataka,South,Paid Search,2024-12-21,35-44,2024-12-21,2024-12
13119,M,1988,Ahmedabad,Gujarat,West,Referral,2024-12-21,35-44,2024-12-29,2024-12
13120,F,2006,Mumbai,Maharashtra,West,Affiliate,2024-12-21,18-24,2024-12-26,2024-12
13121,F,1989,Pune,Maharashtra,West,Paid Social,2024-12-21,35-44,,
13122,M,1989,Kolkata,West Bengal,East,Organic Search,2024-12-21,35-44,2024-12-23,2024-12
13123,F,1990,Chandigarh,Chandigarh,North,Paid Search,2024-12-21,35-44,,
13124,F,1991,Hyderabad,Telangana,South,Organic Search,2024-12-21,25-34,2024-12-21,2024-12
13125,M,1990,Indore,Madhya Pradesh,West,Paid Social,2024-12-22,35-44,,
13126,F,1998,Mumbai,Maharashtra,West,Paid Social,2024-12-22,25-34,2024-12-26,2024-12
13127,M,1994,Mumbai,Maharashtra,West,Affiliate,2024-12-22,25-34,,
13128,M,1989,Pune,Maharashtra,West,Paid Search,2024-12-22,35-44,,
13129,M,1999,Hyderabad,Telangana,South,Organic Search,2024-12-22,25-34,2025-01-02,2025-01
13130,M,1996,Delhi,Delhi,North,Paid Social,2024-12-22,25-34,2024-12-23,2024-12
13131,M,2004,Kochi,Kerala,South,Paid Search,2024-12-22,18-24,2024-12-22,2024-12
13132,M,1996,Hyderabad,Telangana,South,Organic Search,2024-12-22,25-34,2024-12-22,2024-12
13133,M,1992,Mumbai,Maharashtra,West,Paid Search,2024-12-22,25-34,2024-12-28,2024-12
13134,F,1992,Delhi,Delhi,North,Organic Search,2024-12-22,25-34,2024-12-27,2024-12
13135,F,1995,Delhi,Delhi,North,Organic Search,2024-12-22,25-34,2024-12-22,2024-12
13136,M,1996,Gurugram,Haryana,North,Paid Social,2024-12-22,25-34,,
13137,F,1993,Delhi,Delhi,North,Referral,2024-12-22,25-34,2024-12-22,2024-12
13138,F,1990,Delhi,Delhi,North,Email,2024-12-22,35-44,2024-12-22,2024-12
13139,M,1999,Kolkata,West Bengal,East,Organic Search,2024-12-22,25-34,2024-12-27,2024-12
13140,F,1997,Bengaluru,Karnataka,South,Paid Search,2024-12-23,25-34,2024-12-29,2024-12
13141,M,1994,Hyderabad,Telangana,South,Email,2024-12-23,25-34,2024-12-28,2024-12
13142,M,1999,Ahmedabad,Gujarat,West,Affiliate,2024-12-23,25-34,,
13143,F,1993,Indore,Madhya Pradesh,West,Email,2024-12-23,25-34,,
13144,F,1994,Chennai,Tamil Nadu,South,Paid Social,2024-12-23,25-34,2024-12-29,2024-12
13145,M,1999,Lucknow,Uttar Pradesh,North,Email,2024-12-23,25-34,,
13146,F,2000,Bengaluru,Karnataka,South,Paid Social,2024-12-23,25-34,2024-12-25,2024-12
13147,F,1999,Chennai,Tamil Nadu,South,Organic Search,2024-12-23,25-34,,
13148,F,1987,Kolkata,West Bengal,East,Organic Search,2024-12-23,35-44,2025-01-02,2025-01
13149,F,1997,Mumbai,Maharashtra,West,Affiliate,2024-12-23,25-34,2024-12-27,2024-12
13150,M,1994,Chennai,Tamil Nadu,South,Affiliate,2024-12-23,25-34,2024-12-24,2024-12
13151,F,1997,Pune,Maharashtra,West,Paid Search,2024-12-24,25-34,2024-12-25,2024-12
13152,M,2006,Lucknow,Uttar Pradesh,North,Paid Social,2024-12-24,18-24,2024-12-26,2024-12
13153,M,1992,Lucknow,Uttar Pradesh,North,Paid Search,2024-12-24,25-34,2024-12-29,2024-12
13154,F,1994,Mumbai,Maharashtra,West,Paid Social,2024-12-24,25-34,2024-12-29,2024-12
13155,F,1989,Lucknow,Uttar Pradesh,North,Paid Search,2024-12-24,35-44,2024-12-28,2024-12
13156,F,1992,Delhi,Delhi,North,Paid Search,2024-12-24,25-34,,
13157,M,1988,Delhi,Delhi,North,Paid Search,2024-12-24,35-44,2024-12-25,2024-12
13158,F,1985,Chennai,Tamil Nadu,South,Paid Search,2024-12-24,35-44,2024-12-25,2024-12
13159,M,1978,Chennai,Tamil Nadu,South,Affiliate,2024-12-24,45+,2024-12-28,2024-12
13160,M,1988,Chennai,Tamil Nadu,South,Email,2024-12-24,35-44,2024-12-31,2024-12
13161,M,1988,Ahmedabad,Gujarat,West,Organic Search,2024-12-25,35-44,,
13162,M,1993,Kolkata,West Bengal,East,Organic Search,2024-12-25,25-34,2024-12-25,2024-12
13163,F,1989,Pune,Maharashtra,West,Paid Search,2024-12-25,35-44,2024-12-26,2024-12
13164,F,2002,Mumbai,Maharashtra,West,Organic Search,2024-12-25,18-24,2024-12-29,2024-12
13165,F,1995,Pune,Maharashtra,West,Paid Social,2024-12-25,25-34,,
13166,M,1999,Lucknow,Uttar Pradesh,North,Paid Social,2024-12-25,25-34,2025-01-10,2025-01
13167,F,2001,Indore,Madhya Pradesh,West,Organic Search,2024-12-25,18-24,2024-12-29,2024-12
13168,M,2005,Mumbai,Maharashtra,West,Affiliate,2024-12-26,18-24,2024-12-26,2024-12
13169,M,2001,Kolkata,West Bengal,East,Referral,2024-12-26,18-24,2024-12-29,2024-12
13170,M,1986,Gurugram,Haryana,North,Organic Search,2024-12-26,35-44,2024-12-26,2024-12
13171,F,2000,Delhi,Delhi,North,Paid Social,2024-12-26,25-34,,
13172,F,1996,Mumbai,Maharashtra,West,Paid Search,2024-12-26,25-34,,
13173,F,2004,Noida,Uttar Pradesh,North,Paid Social,2024-12-26,18-24,2024-12-26,2024-12
13174,F,1994,Kolkata,West Bengal,East,Paid Search,2024-12-26,25-34,,
13175,M,2003,Ahmedabad,Gujarat,West,Organic Search,2024-12-26,18-24,2024-12-27,2024-12
13176,F,1994,Mumbai,Maharashtra,West,Paid Search,2024-12-27,25-34,2024-12-27,2024-12
13177,M,1995,Bengaluru,Karnataka,South,Affiliate,2024-12-27,25-34,2024-12-28,2024-12
13178,M,1999,Mumbai,Maharashtra,West,Referral,2024-12-27,25-34,,
13179,F,1991,Noida,Uttar Pradesh,North,Paid Social,2024-12-27,25-34,2024-12-29,2024-12
13180,M,1998,Mumbai,Maharashtra,West,Email,2024-12-27,25-34,2024-12-27,2024-12
13181,F,1981,Jaipur,Rajasthan,North,Referral,2024-12-27,35-44,2024-12-28,2024-12
13182,M,1997,Bengaluru,Karnataka,South,Email,2024-12-27,25-34,2024-12-27,2024-12
13183,M,1983,Hyderabad,Telangana,South,Organic Search,2024-12-27,35-44,2025-01-02,2025-01
13184,M,1998,Lucknow,Uttar Pradesh,North,Organic Search,2024-12-27,25-34,2024-12-28,2024-12
13185,M,1969,Bengaluru,Karnataka,South,Referral,2024-12-27,45+,2025-01-02,2025-01
13186,F,1979,Bengaluru,Karnataka,South,Affiliate,2024-12-27,45+,2025-01-02,2025-01
13187,F,1994,Mumbai,Maharashtra,West,Paid Social,2024-12-27,25-34,2024-12-29,2024-12
13188,M,1994,Pune,Maharashtra,West,Affiliate,2024-12-27,25-34,2025-01-02,2025-01
13189,M,1991,Mumbai,Maharashtra,West,Paid Social,2024-12-28,25-34,2024-12-28,2024-12
13190,M,1999,Mumbai,Maharashtra,West,Organic Search,2024-12-28,25-34,2025-01-01,2025-01
13191,F,2001,Mumbai,Maharashtra,West,Affiliate,2024-12-28,18-24,,
13192,M,2006,Jaipur,Rajasthan,North,Referral,2024-12-28,18-24,2024-12-29,2024-12
13193,F,1994,Pune,Maharashtra,West,Paid Social,2024-12-28,25-34,2024-12-29,2024-12
13194,M,2002,Hyderabad,Telangana,South,Referral,2024-12-28,18-24,2024-12-28,2024-12
13195,F,1987,Mumbai,Maharashtra,West,Paid Search,2024-12-28,35-44,2024-12-31,2024-12
13196,M,1989,Kolkata,West Bengal,East,Paid Social,2024-12-28,35-44,,
13197,M,1987,Noida,Uttar Pradesh,North,Paid Search,2024-12-29,35-44,2024-12-31,2024-12
13198,M,1993,Mumbai,Maharashtra,West,Paid Social,2024-12-29,25-34,,
13199,M,1995,Indore,Madhya Pradesh,West,Paid Social,2024-12-29,25-34,2024-12-30,2024-12
13200,F,2002,Ahmedabad,Gujarat,West,Organic Search,2024-12-29,18-24,2024-12-31,2024-12
13201,F,1996,Kolkata,West Bengal,East,Organic Search,2024-12-29,25-34,2024-12-31,2024-12
13202,M,2004,Chandigarh,Chandigarh,North,Organic Search,2024-12-29,18-24,,
13203,F,2004,Mumbai,Maharashtra,West,Paid Social,2024-12-29,18-24,2025-01-02,2025-01
13204,M,1994,Indore,Madhya Pradesh,West,Paid Search,2024-12-30,25-34,,
13205,F,1993,Indore,Madhya Pradesh,West,Paid Social,2024-12-30,25-34,,
13206,F,1981,Hyderabad,Telangana,South,Paid Social,2024-12-30,35-44,2024-12-30,2024-12
13207,M,1989,Hyderabad,Telangana,South,Organic Search,2024-12-30,35-44,2025-01-01,2025-01
13208,F,1987,Delhi,Delhi,North,Referral,2024-12-31,35-44,2025-01-12,2025-01
13209,F,1987,Hyderabad,Telangana,South,Paid Social,2024-12-31,35-44,,
13210,M,1990,Bengaluru,Karnataka,South,Paid Social,2024-12-31,35-44,2024-12-31,2024-12
13211,M,1998,Ahmedabad,Gujarat,West,Organic Search,2024-12-31,25-34,2024-12-31,2024-12
13212,F,1996,Chandigarh,Chandigarh,North,Paid Social,2024-12-31,25-34,,
13213,F,2001,Kochi,Kerala,South,Paid Social,2024-12-31,18-24,2025-01-02,2025-01
13214,M,1997,Bengaluru,Karnataka,South,Referral,2024-12-31,25-34,,
13215,M,1989,Lucknow,Uttar Pradesh,North,Organic Search,2024-12-31,35-44,2025-01-02,2025-01
13216,M,2000,Jaipur,Rajasthan,North,Referral,2024-12-31,25-34,2025-01-05,2025-01
13217,M,1983,Bengaluru,Karnataka,South,Affiliate,2024-12-31,35-44,,
13218,F,2001,Kochi,Kerala,South,Email,2024-12-31,18-24,2025-01-04,2025-01
13219,F,1987,Pune,Maharashtra,West,Email,2024-12-31,35-44,2025-01-05,2025-01
13220,M,1975,Chennai,Tamil Nadu,South,Organic Search,2025-01-01,45+,2025-01-01,2025-01
13221,F,1998,Mumbai,Maharashtra,West,Paid Social,2025-01-01,25-34,2025-01-15,2025-01
13222,M,1991,Mumbai,Maharashtra,West,Organic Search,2025-01-01,25-34,2025-01-05,2025-01
13223,M,2003,Bengaluru,Karnataka,South,Paid Social,2025-01-01,18-24,2025-01-02,2025-01
13224,F,2001,Delhi,Delhi,North,Paid Social,2025-01-01,18-24,2025-01-02,2025-01
13225,F,1986,Delhi,Delhi,North,Referral,2025-01-02,35-44,,
13226,M,2006,Bengaluru,Karnataka,South,Affiliate,2025-01-02,18-24,2025-01-03,2025-01
13227,M,1978,Lucknow,Uttar Pradesh,North,Affiliate,2025-01-02,45+,2025-01-17,2025-01
13228,F,1997,Gurugram,Haryana,North,Organic Search,2025-01-02,25-34,2025-01-11,2025-01
13229,M,2005,Delhi,Delhi,North,Email,2025-01-02,18-24,2025-01-04,2025-01
13230,F,1985,Noida,Uttar Pradesh,North,Email,2025-01-02,35-44,2025-01-02,2025-01
13231,F,2006,Lucknow,Uttar Pradesh,North,Referral,2025-01-02,18-24,2025-01-03,2025-01
13232,F,1995,Mumbai,Maharashtra,West,Organic Search,2025-01-02,25-34,,
13233,F,1996,Kolkata,West Bengal,East,Organic Search,2025-01-02,25-34,2025-01-07,2025-01
13234,F,2003,Bengaluru,Karnataka,South,Paid Search,2025-01-03,18-24,2025-01-05,2025-01
13235,M,1997,Bengaluru,Karnataka,South,Organic Search,2025-01-03,25-34,2025-01-23,2025-01
13236,F,1983,Delhi,Delhi,North,Paid Search,2025-01-03,35-44,2025-01-03,2025-01
13237,F,1968,Noida,Uttar Pradesh,North,Organic Search,2025-01-03,45+,,
13238,M,1986,Chennai,Tamil Nadu,South,Paid Social,2025-01-03,35-44,2025-01-04,2025-01
13239,M,1986,Bengaluru,Karnataka,South,Paid Social,2025-01-03,35-44,,
13240,F,1986,Hyderabad,Telangana,South,Organic Search,2025-01-03,35-44,2025-01-11,2025-01
13241,M,1988,Mumbai,Maharashtra,West,Email,2025-01-03,35-44,2025-01-28,2025-01
13242,F,1971,Ahmedabad,Gujarat,West,Organic Search,2025-01-03,45+,2025-01-13,2025-01
13243,M,1984,Pune,Maharashtra,West,Paid Search,2025-01-04,35-44,2025-01-08,2025-01
13244,F,1998,Noida,Uttar Pradesh,North,Paid Social,2025-01-04,25-34,,
13245,F,2002,Hyderabad,Telangana,South,Paid Social,2025-01-04,18-24,2025-01-13,2025-01
13246,F,1988,Chandigarh,Chandigarh,North,Paid Search,2025-01-04,35-44,2025-01-13,2025-01
13247,F,1999,Mumbai,Maharashtra,West,Paid Social,2025-01-04,25-34,2025-01-07,2025-01
13248,M,1973,Delhi,Delhi,North,Paid Search,2025-01-04,45+,2025-01-05,2025-01
13249,M,1996,Bengaluru,Karnataka,South,Organic Search,2025-01-04,25-34,2025-01-04,2025-01
13250,M,2003,Hyderabad,Telangana,South,Paid Search,2025-01-04,18-24,,
13251,F,1998,Mumbai,Maharashtra,West,Organic Search,2025-01-04,25-34,2025-01-11,2025-01
13252,M,1993,Kolkata,West Bengal,East,Affiliate,2025-01-04,25-34,2025-01-08,2025-01
13253,F,1973,Lucknow,Uttar Pradesh,North,Paid Social,2025-01-04,45+,2025-01-04,2025-01
13254,M,2006,Chennai,Tamil Nadu,South,Organic Search,2025-01-04,18-24,,
13255,F,2006,Bengaluru,Karnataka,South,Referral,2025-01-05,18-24,2025-01-09,2025-01
13256,M,1999,Kochi,Kerala,South,Referral,2025-01-05,25-34,2025-01-09,2025-01
13257,F,2004,Bengaluru,Karnataka,South,Paid Search,2025-01-05,18-24,2025-01-14,2025-01
13258,M,1994,Pune,Maharashtra,West,Affiliate,2025-01-05,25-34,2025-01-06,2025-01
13259,F,2000,Mumbai,Maharashtra,West,Paid Social,2025-01-05,25-34,2025-01-06,2025-01
13260,M,2000,Hyderabad,Telangana,South,Organic Search,2025-01-05,25-34,2025-01-09,2025-01
13261,F,1993,Chennai,Tamil Nadu,South,Referral,2025-01-05,25-34,2025-01-08,2025-01
13262,F,1987,Ahmedabad,Gujarat,West,Affiliate,2025-01-05,35-44,2025-01-06,2025-01
13263,M,2001,Bengaluru,Karnataka,South,Organic Search,2025-01-05,18-24,2025-01-11,2025-01
13264,M,2006,Mumbai,Maharashtra,West,Organic Search,2025-01-05,18-24,2025-01-05,2025-01
13265,F,2003,Noida,Uttar Pradesh,North,Paid Social,2025-01-05,18-24,2025-01-05,2025-01
13266,M,1996,Delhi,Delhi,North,Referral,2025-01-05,25-34,2025-01-06,2025-01
13267,M,1996,Bengaluru,Karnataka,South,Organic Search,2025-01-06,25-34,2025-01-14,2025-01
13268,F,1996,Bengaluru,Karnataka,South,Affiliate,2025-01-06,25-34,2025-01-15,2025-01
13269,F,1975,Bengaluru,Karnataka,South,Organic Search,2025-01-06,45+,2025-01-12,2025-01
13270,F,1993,Ahmedabad,Gujarat,West,Referral,2025-01-06,25-34,2025-01-07,2025-01
13271,F,1992,Mumbai,Maharashtra,West,Email,2025-01-06,25-34,2025-01-08,2025-01
13272,F,1984,Lucknow,Uttar Pradesh,North,Organic Search,2025-01-06,35-44,2025-01-07,2025-01
13273,M,2002,Delhi,Delhi,North,Paid Social,2025-01-07,18-24,2025-01-09,2025-01
13274,M,1996,Gurugram,Haryana,North,Organic Search,2025-01-07,25-34,2025-01-08,2025-01
13275,F,1973,Bengaluru,Karnataka,South,Paid Social,2025-01-07,45+,2025-01-09,2025-01
13276,F,1995,Hyderabad,Telangana,South,Paid Social,2025-01-07,25-34,2025-01-08,2025-01
13277,F,2004,Kochi,Kerala,South,Referral,2025-01-07,18-24,2025-01-12,2025-01
13278,F,1989,Delhi,Delhi,North,Paid Social,2025-01-07,35-44,2025-01-09,2025-01
13279,M,1985,Hyderabad,Telangana,South,Paid Search,2025-01-07,35-44,2025-01-07,2025-01
13280,F,1983,Indore,Madhya Pradesh,West,Organic Search,2025-01-07,35-44,2025-01-08,2025-01
13281,F,1994,Jaipur,Rajasthan,North,Organic Search,2025-01-07,25-34,2025-01-11,2025-01
13282,M,1988,Bengaluru,Karnataka,South,Paid Social,2025-01-07,35-44,,
13283,F,1982,Kolkata,West Bengal,East,Email,2025-01-07,35-44,2025-01-11,2025-01
13284,M,2006,Mumbai,Maharashtra,West,Referral,2025-01-07,18-24,2025-01-12,2025-01
13285,M,1995,Bengaluru,Karnataka,South,Paid Search,2025-01-07,25-34,,
13286,M,1989,Lucknow,Uttar Pradesh,North,Affiliate,2025-01-07,35-44,2025-01-07,2025-01
13287,F,2006,Noida,Uttar Pradesh,North,Organic Search,2025-01-08,18-24,2025-01-10,2025-01
13288,M,1996,Gurugram,Haryana,North,Affiliate,2025-01-08,25-34,2025-01-10,2025-01
13289,F,1992,Delhi,Delhi,North,Organic Search,2025-01-08,25-34,2025-01-18,2025-01
13290,F,1995,Bengaluru,Karnataka,South,Organic Search,2025-01-08,25-34,2025-01-08,2025-01
13291,F,1989,Gurugram,Haryana,North,Email,2025-01-08,35-44,2025-01-09,2025-01
13292,M,1992,Bengaluru,Karnataka,South,Paid Search,2025-01-08,25-34,,
13293,F,1998,Chennai,Tamil Nadu,South,Email,2025-01-08,25-34,2025-01-08,2025-01
13294,F,2006,Chennai,Tamil Nadu,South,Referral,2025-01-08,18-24,2025-01-08,2025-01
13295,F,1989,Jaipur,Rajasthan,North,Organic Search,2025-01-08,35-44,2025-01-09,2025-01
13296,M,1999,Delhi,Delhi,North,Organic Search,2025-01-08,25-34,2025-01-09,2025-01
13297,M,1982,Mumbai,Maharashtra,West,Paid Search,2025-01-08,35-44,2025-01-12,2025-01
13298,M,1998,Gurugram,Haryana,North,Paid Social,2025-01-09,25-34,,
13299,M,2006,Mumbai,Maharashtra,West,Paid Search,2025-01-09,18-24,2025-01-13,2025-01
13300,F,1994,Ahmedabad,Gujarat,West,Organic Search,2025-01-09,25-34,2025-01-09,2025-01
13301,F,1989,Bengaluru,Karnataka,South,Organic Search,2025-01-09,35-44,,
13302,M,1989,Noida,Uttar Pradesh,North,Paid Social,2025-01-09,35-44,2025-01-13,2025-01
13303,F,1997,Noida,Uttar Pradesh,North,Organic Search,2025-01-09,25-34,2025-01-09,2025-01
13304,M,1994,Chennai,Tamil Nadu,South,Paid Search,2025-01-09,25-34,,
13305,F,1990,Kolkata,West Bengal,East,Organic Search,2025-01-09,35-44,2025-01-19,2025-01
13306,M,1999,Bengaluru,Karnataka,South,Email,2025-01-09,25-34,2025-01-09,2025-01
13307,M,1986,Ahmedabad,Gujarat,West,Paid Social,2025-01-09,35-44,2025-01-09,2025-01
13308,F,2000,Bengaluru,Karnataka,South,Organic Search,2025-01-09,25-34,,
13309,M,1991,Delhi,Delhi,North,Referral,2025-01-09,25-34,2025-01-13,2025-01
13310,F,1999,Chennai,Tamil Nadu,South,Paid Social,2025-01-09,25-34,2025-01-13,2025-01
13311,F,2000,Noida,Uttar Pradesh,North,Paid Social,2025-01-09,25-34,2025-01-11,2025-01
13312,M,1978,Bengaluru,Karnataka,South,Organic Search,2025-01-09,45+,2025-01-13,2025-01
13313,M,1993,Noida,Uttar Pradesh,North,Paid Search,2025-01-10,25-34,,
13314,F,1981,Bengaluru,Karnataka,South,Email,2025-01-10,35-44,2025-01-18,2025-01
13315,F,1980,Hyderabad,Telangana,South,Organic Search,2025-01-10,45+,2025-01-11,2025-01
13316,F,1992,Bengaluru,Karnataka,South,Paid Social,2025-01-10,25-34,,
13317,F,1996,Mumbai,Maharashtra,West,Organic Search,2025-01-10,25-34,2025-01-11,2025-01
13318,M,1981,Indore,Madhya Pradesh,West,Paid Search,2025-01-10,35-44,2025-01-11,2025-01
13319,M,1996,Indore,Madhya Pradesh,West,Paid Social,2025-01-10,25-34,,
13320,F,1987,Bengaluru,Karnataka,South,Organic Search,2025-01-10,35-44,2025-01-10,2025-01
13321,F,1994,Pune,Maharashtra,West,Organic Search,2025-01-10,25-34,2025-01-10,2025-01
13322,M,2006,Pune,Maharashtra,West,Paid Social,2025-01-10,18-24,2025-01-13,2025-01
13323,M,1991,Bengaluru,Karnataka,South,Paid Search,2025-01-10,25-34,,
13324,M,1984,Gurugram,Haryana,North,Affiliate,2025-01-10,35-44,2025-01-12,2025-01
13325,M,1993,Bengaluru,Karnataka,South,Paid Social,2025-01-11,25-34,,
13326,M,1992,Gurugram,Haryana,North,Email,2025-01-11,25-34,2025-01-12,2025-01
13327,F,1991,Bengaluru,Karnataka,South,Affiliate,2025-01-11,25-34,2025-01-15,2025-01
13328,M,1994,Mumbai,Maharashtra,West,Organic Search,2025-01-11,25-34,2025-01-14,2025-01
13329,M,1992,Chennai,Tamil Nadu,South,Email,2025-01-11,25-34,2025-01-11,2025-01
13330,M,1984,Delhi,Delhi,North,Affiliate,2025-01-11,35-44,,
13331,M,2000,Mumbai,Maharashtra,West,Paid Search,2025-01-11,25-34,2025-01-14,2025-01
13332,M,2004,Gurugram,Haryana,North,Paid Social,2025-01-11,18-24,2025-01-13,2025-01
13333,M,1991,Chennai,Tamil Nadu,South,Paid Search,2025-01-11,25-34,2025-01-14,2025-01
13334,F,1996,Delhi,Delhi,North,Organic Search,2025-01-12,25-34,,
13335,M,1977,Pune,Maharashtra,West,Organic Search,2025-01-12,45+,2025-01-13,2025-01
13336,M,1993,Delhi,Delhi,North,Organic Search,2025-01-12,25-34,2025-01-13,2025-01
13337,M,2006,Hyderabad,Telangana,South,Paid Social,2025-01-12,18-24,2025-01-20,2025-01
13338,F,2000,Jaipur,Rajasthan,North,Paid Social,2025-01-12,25-34,2025-01-14,2025-01
13339,F,1995,Indore,Madhya Pradesh,West,Organic Search,2025-01-12,25-34,2025-01-20,2025-01
13340,F,1993,Gurugram,Haryana,North,Organic Search,2025-01-12,25-34,2025-01-12,2025-01
13341,M,1991,Mumbai,Maharashtra,West,Organic Search,2025-01-12,25-34,2025-01-13,2025-01
13342,M,1997,Delhi,Delhi,North,Affiliate,2025-01-12,25-34,2025-01-14,2025-01
13343,M,2002,Ahmedabad,Gujarat,West,Referral,2025-01-12,18-24,2025-02-02,2025-02
13344,F,1989,Delhi,Delhi,North,Organic Search,2025-01-13,35-44,2025-01-19,2025-01
13345,M,2000,Kolkata,West Bengal,East,Referral,2025-01-13,25-34,2025-01-15,2025-01
13346,M,1987,Mumbai,Maharashtra,West,Referral,2025-01-13,35-44,2025-01-15,2025-01
13347,M,1990,Bengaluru,Karnataka,South,Referral,2025-01-13,35-44,2025-01-27,2025-01
13348,M,1985,Jaipur,Rajasthan,North,Email,2025-01-13,35-44,2025-01-13,2025-01
13349,M,1995,Lucknow,Uttar Pradesh,North,Paid Search,2025-01-13,25-34,2025-01-14,2025-01
13350,M,1994,Chennai,Tamil Nadu,South,Organic Search,2025-01-13,25-34,2025-01-19,2025-01
13351,F,1997,Hyderabad,Telangana,South,Email,2025-01-13,25-34,,
13352,M,1996,Bengaluru,Karnataka,South,Referral,2025-01-14,25-34,2025-01-16,2025-01
13353,F,1999,Hyderabad,Telangana,South,Organic Search,2025-01-14,25-34,2025-01-23,2025-01
13354,M,2006,Gurugram,Haryana,North,Paid Social,2025-01-14,18-24,,
13355,M,1999,Kolkata,West Bengal,East,Paid Social,2025-01-14,25-34,2025-01-14,2025-01
13356,M,1978,Mumbai,Maharashtra,West,Paid Social,2025-01-14,45+,2025-01-15,2025-01
13357,M,1992,Chennai,Tamil Nadu,South,Paid Social,2025-01-14,25-34,2025-01-20,2025-01
13358,M,1993,Bengaluru,Karnataka,South,Organic Search,2025-01-14,25-34,2025-01-20,2025-01
13359,M,1981,Jaipur,Rajasthan,North,Paid Search,2025-01-14,35-44,2025-01-19,2025-01
13360,F,2000,Ahmedabad,Gujarat,West,Organic Search,2025-01-14,25-34,2025-01-16,2025-01
13361,F,2006,Kolkata,West Bengal,East,Organic Search,2025-01-14,18-24,2025-01-21,2025-01
13362,M,1987,Delhi,Delhi,North,Paid Social,2025-01-14,35-44,2025-01-18,2025-01
13363,M,2004,Mumbai,Maharashtra,West,Paid Search,2025-01-15,18-24,2025-01-18,2025-01
13364,F,2002,Bengaluru,Karnataka,South,Paid Search,2025-01-15,18-24,,
13365,F,1996,Chandigarh,Chandigarh,North,Organic Search,2025-01-15,25-34,2025-01-15,2025-01
13366,F,2000,Chandigarh,Chandigarh,North,Paid Social,2025-01-15,25-34,2025-01-17,2025-01
13367,M,1987,Bengaluru,Karnataka,South,Organic Search,2025-01-15,35-44,2025-01-18,2025-01
13368,M,2003,Kochi,Kerala,South,Organic Search,2025-01-15,18-24,2025-01-17,2025-01
13369,F,2004,Pune,Maharashtra,West,Referral,2025-01-15,18-24,2025-01-18,2025-01
13370,F,1997,Kolkata,West Bengal,East,Paid Social,2025-01-15,25-34,,
13371,F,1996,Delhi,Delhi,North,Paid Social,2025-01-15,25-34,2025-01-18,2025-01
13372,F,1987,Noida,Uttar Pradesh,North,Paid Social,2025-01-15,35-44,,
13373,F,2001,Delhi,Delhi,North,Paid Search,2025-01-15,18-24,2025-01-15,2025-01
13374,M,1994,Mumbai,Maharashtra,West,Organic Search,2025-01-15,25-34,2025-02-04,2025-02
13375,M,1992,Bengaluru,Karnataka,South,Paid Search,2025-01-16,25-34,2025-01-16,2025-01
13376,F,2001,Noida,Uttar Pradesh,North,Referral,2025-01-16,18-24,2025-01-18,2025-01
13377,F,1991,Mumbai,Maharashtra,West,Paid Social,2025-01-16,25-34,,
13378,M,1988,Bengaluru,Karnataka,South,Referral,2025-01-16,35-44,2025-01-18,2025-01
13379,F,2002,Bengaluru,Karnataka,South,Email,2025-01-16,18-24,2025-01-17,2025-01
13380,F,1981,Bengaluru,Karnataka,South,Organic Search,2025-01-16,35-44,2025-01-17,2025-01
13381,F,1999,Indore,Madhya Pradesh,West,Email,2025-01-16,25-34,,
13382,M,1984,Kolkata,West Bengal,East,Paid Social,2025-01-16,35-44,2025-02-09,2025-02
13383,F,1979,Bengaluru,Karnataka,South,Paid Social,2025-01-16,45+,,
13384,M,1999,Kochi,Kerala,South,Paid Social,2025-01-16,25-34,2025-01-18,2025-01
13385,M,1996,Kolkata,West Bengal,East,Paid Search,2025-01-16,25-34,2025-01-26,2025-01
13386,F,1988,Chennai,Tamil Nadu,South,Organic Search,2025-01-17,35-44,,
13387,M,1984,Delhi,Delhi,North,Organic Search,2025-01-17,35-44,,
13388,M,1996,Pune,Maharashtra,West,Paid Search,2025-01-17,25-34,2025-01-24,2025-01
13389,M,1990,Mumbai,Maharashtra,West,Organic Search,2025-01-17,35-44,2025-01-22,2025-01
13390,F,2000,Delhi,Delhi,North,Organic Search,2025-01-17,25-34,2025-01-17,2025-01
13391,F,1989,Ahmedabad,Gujarat,West,Organic Search,2025-01-17,35-44,2025-01-18,2025-01
13392,M,1990,Noida,Uttar Pradesh,North,Affiliate,2025-01-17,35-44,2025-01-20,2025-01
13393,F,2002,Ahmedabad,Gujarat,West,Organic Search,2025-01-17,18-24,,
13394,M,1985,Hyderabad,Telangana,South,Affiliate,2025-01-17,35-44,,
13395,M,1982,Mumbai,Maharashtra,West,Paid Social,2025-01-17,35-44,2025-02-02,2025-02
13396,M,1986,Kolkata,West Bengal,East,Organic Search,2025-01-18,35-44,2025-01-25,2025-01
13397,M,1995,Hyderabad,Telangana,South,Organic Search,2025-01-18,25-34,2025-01-25,2025-01
13398,M,2006,Hyderabad,Telangana,South,Organic Search,2025-01-18,18-24,2025-01-19,2025-01
13399,M,1995,Delhi,Delhi,North,Paid Search,2025-01-18,25-34,,
13400,M,1987,Kolkata,West Bengal,East,Organic Search,2025-01-18,35-44,2025-01-20,2025-01
13401,F,1987,Delhi,Delhi,North,Referral,2025-01-18,35-44,2025-01-21,2025-01
13402,F,1997,Chennai,Tamil Nadu,South,Paid Search,2025-01-18,25-34,2025-01-28,2025-01
13403,F,1980,Delhi,Delhi,North,Paid Social,2025-01-18,45+,2025-01-18,2025-01
13404,F,1978,Gurugram,Haryana,North,Paid Social,2025-01-18,45+,2025-01-20,2025-01
13405,M,1995,Chandigarh,Chandigarh,North,Paid Social,2025-01-18,25-34,2025-01-22,2025-01
13406,M,2001,Bengaluru,Karnataka,South,Affiliate,2025-01-18,18-24,2025-01-19,2025-01
13407,F,2001,Chennai,Tamil Nadu,South,Paid Search,2025-01-18,18-24,,
13408,M,1996,Bengaluru,Karnataka,South,Paid Search,2025-01-18,25-34,2025-01-24,2025-01
13409,M,2003,Bengaluru,Karnataka,South,Affiliate,2025-01-18,18-24,2025-01-20,2025-01
13410,M,1992,Jaipur,Rajasthan,North,Affiliate,2025-01-18,25-34,,
13411,M,1990,Kolkata,West Bengal,East,Referral,2025-01-18,35-44,2025-01-23,2025-01
13412,M,1993,Mumbai,Maharashtra,West,Referral,2025-01-18,25-34,2025-01-23,2025-01
13413,M,1996,Kochi,Kerala,South,Paid Search,2025-01-19,25-34,,
13414,M,2006,Hyderabad,Telangana,South,Paid Social,2025-01-19,18-24,2025-01-20,2025-01
13415,F,1992,Mumbai,Maharashtra,West,Paid Search,2025-01-19,25-34,2025-01-20,2025-01
13416,F,1995,Mumbai,Maharashtra,West,Paid Social,2025-01-19,25-34,2025-01-22,2025-01
13417,M,2006,Bengaluru,Karnataka,South,Referral,2025-01-19,18-24,2025-01-20,2025-01
13418,M,1998,Kolkata,West Bengal,East,Paid Search,2025-01-19,25-34,2025-01-19,2025-01
13419,M,1980,Bengaluru,Karnataka,South,Paid Social,2025-01-19,45+,2025-01-24,2025-01
13420,M,2006,Chennai,Tamil Nadu,South,Referral,2025-01-19,18-24,2025-01-19,2025-01
13421,F,1996,Kolkata,West Bengal,East,Organic Search,2025-01-19,25-34,2025-01-19,2025-01
13422,F,1971,Chandigarh,Chandigarh,North,Paid Social,2025-01-19,45+,2025-01-23,2025-01
13423,M,1990,Pune,Maharashtra,West,Referral,2025-01-19,35-44,2025-01-23,2025-01
13424,M,1988,Indore,Madhya Pradesh,West,Organic Search,2025-01-19,35-44,2025-01-21,2025-01
13425,M,1990,Noida,Uttar Pradesh,North,Organic Search,2025-01-20,35-44,2025-01-25,2025-01
13426,F,1993,Hyderabad,Telangana,South,Organic Search,2025-01-20,25-34,2025-01-21,2025-01
13427,M,1999,Lucknow,Uttar Pradesh,North,Organic Search,2025-01-20,25-34,,
13428,F,2004,Bengaluru,Karnataka,South,Paid Search,2025-01-20,18-24,2025-01-20,2025-01
13429,M,2004,Pune,Maharashtra,West,Paid Social,2025-01-20,18-24,2025-01-26,2025-01
13430,F,2006,Chennai,Tamil Nadu,South,Paid Search,2025-01-20,18-24,2025-01-25,2025-01
13431,M,1992,Pune,Maharashtra,West,Paid Social,2025-01-20,25-34,2025-01-20,2025-01
13432,F,1977,Ahmedabad,Gujarat,West,Organic Search,2025-01-20,45+,,
13433,M,1973,Gurugram,Haryana,North,Referral,2025-01-20,45+,2025-01-22,2025-01
13434,F,2000,Hyderabad,Telangana,South,Paid Search,2025-01-20,25-34,,
13435,F,1993,Mumbai,Maharashtra,West,Paid Social,2025-01-20,25-34,,
13436,F,2005,Ahmedabad,Gujarat,West,Organic Search,2025-01-20,18-24,,
13437,F,1997,Chennai,Tamil Nadu,South,Referral,2025-01-20,25-34,2025-02-08,2025-02
13438,M,1979,Pune,Maharashtra,West,Paid Social,2025-01-20,45+,,
13439,M,1989,Jaipur,Rajasthan,North,Affiliate,2025-01-21,35-44,2025-01-31,2025-01
13440,M,1997,Lucknow,Uttar Pradesh,North,Paid Search,2025-01-21,25-34,,
13441,M,1985,Ahmedabad,Gujarat,West,Email,2025-01-21,35-44,2025-01-21,2025-01
13442,F,2006,Jaipur,Rajasthan,North,Paid Search,2025-01-21,18-24,2025-01-22,2025-01
13443,F,1990,Chandigarh,Chandigarh,North,Organic Search,2025-01-21,35-44,2025-01-28,2025-01
13444,F,1991,Lucknow,Uttar Pradesh,North,Paid Social,2025-01-21,25-34,,
13445,F,1981,Mumbai,Maharashtra,West,Organic Search,2025-01-21,35-44,2025-01-22,2025-01
13446,F,2006,Mumbai,Maharashtra,West,Referral,2025-01-21,18-24,2025-01-21,2025-01
13447,F,1992,Pune,Maharashtra,West,Paid Search,2025-01-21,25-34,2025-01-21,2025-01
13448,F,1996,Indore,Madhya Pradesh,West,Referral,2025-01-21,25-34,,
13449,F,1987,Ahmedabad,Gujarat,West,Paid Social,2025-01-21,35-44,2025-01-25,2025-01
13450,F,1990,Mumbai,Maharashtra,West,Paid Social,2025-01-21,35-44,2025-01-25,2025-01
13451,F,1996,Kochi,Kerala,South,Referral,2025-01-22,25-34,,
13452,M,1997,Pune,Maharashtra,West,Paid Social,2025-01-22,25-34,2025-01-27,2025-01
13453,F,1998,Chennai,Tamil Nadu,South,Paid Social,2025-01-22,25-34,2025-02-04,2025-02
13454,F,2002,Ahmedabad,Gujarat,West,Paid Social,2025-01-22,18-24,,
13455,M,1999,Mumbai,Maharashtra,West,Paid Social,2025-01-22,25-34,2025-01-31,2025-01
13456,M,1998,Bengaluru,Karnataka,South,Referral,2025-01-22,25-34,2025-01-27,2025-01
13457,F,1988,Gurugram,Haryana,North,Paid Search,2025-01-22,35-44,2025-01-22,2025-01
13458,F,1992,Kolkata,West Bengal,East,Organic Search,2025-01-22,25-34,2025-01-22,2025-01
13459,F,1984,Ahmedabad,Gujarat,West,Referral,2025-01-22,35-44,2025-01-25,2025-01
13460,F,1990,Delhi,Delhi,North,Paid Social,2025-01-22,35-44,2025-01-24,2025-01
13461,F,1997,Mumbai,Maharashtra,West,Email,2025-01-22,25-34,2025-01-27,2025-01
13462,F,1997,Bengaluru,Karnataka,South,Affiliate,2025-01-22,25-34,,
13463,F,1999,Delhi,Delhi,North,Email,2025-01-22,25-34,2025-01-25,2025-01
13464,F,2005,Lucknow,Uttar Pradesh,North,Paid Social,2025-01-22,18-24,,
13465,M,1983,Kochi,Kerala,South,Referral,2025-01-23,35-44,2025-01-26,2025-01
13466,F,1979,Mumbai,Maharashtra,West,Paid Search,2025-01-23,45+,2025-01-24,2025-01
13467,F,1991,Gurugram,Haryana,North,Organic Search,2025-01-23,25-34,2025-01-23,2025-01
13468,M,2005,Delhi,Delhi,North,Referral,2025-01-23,18-24,2025-01-23,2025-01
13469,F,2005,Indore,Madhya Pradesh,West,Referral,2025-01-23,18-24,2025-01-25,2025-01
13470,F,1995,Ahmedabad,Gujarat,West,Organic Search,2025-01-23,25-34,2025-02-02,2025-02
13471,F,1991,Bengaluru,Karnataka,South,Email,2025-01-23,25-34,2025-01-24,2025-01
13472,M,1996,Kolkata,West Bengal,East,Email,2025-01-23,25-34,2025-01-25,2025-01
13473,M,2002,Delhi,Delhi,North,Paid Search,2025-01-23,18-24,2025-01-23,2025-01
13474,M,1987,Noida,Uttar Pradesh,North,Organic Search,2025-01-23,35-44,2025-01-24,2025-01
13475,M,1989,Lucknow,Uttar Pradesh,North,Email,2025-01-24,35-44,2025-02-02,2025-02
13476,M,1994,Mumbai,Maharashtra,West,Organic Search,2025-01-24,25-34,2025-01-30,2025-01
13477,F,2002,Delhi,Delhi,North,Organic Search,2025-01-24,18-24,2025-01-29,2025-01
13478,M,2000,Mumbai,Maharashtra,West,Paid Social,2025-01-24,25-34,2025-01-24,2025-01
13479,M,1978,Hyderabad,Telangana,South,Referral,2025-01-24,45+,2025-01-31,2025-01
13480,F,2000,Gurugram,Haryana,North,Referral,2025-01-24,25-34,,
13481,F,1993,Kochi,Kerala,South,Paid Social,2025-01-24,25-34,2025-01-26,2025-01
13482,F,1999,Kochi,Kerala,South,Referral,2025-01-24,25-34,2025-01-28,2025-01
13483,F,1992,Pune,Maharashtra,West,Paid Social,2025-01-24,25-34,,
13484,M,1997,Chennai,Tamil Nadu,South,Paid Social,2025-01-24,25-34,2025-02-03,2025-02
13485,M,1994,Bengaluru,Karnataka,South,Organic Search,2025-01-24,25-34,2025-01-25,2025-01
13486,F,1989,Mumbai,Maharashtra,West,Paid Search,2025-01-24,35-44,2025-01-26,2025-01
13487,F,1987,Ahmedabad,Gujarat,West,Paid Search,2025-01-24,35-44,2025-01-26,2025-01
13488,M,1992,Delhi,Delhi,North,Organic Search,2025-01-24,25-34,2025-01-24,2025-01
13489,F,1983,Pune,Maharashtra,West,Paid Search,2025-01-25,35-44,,
13490,F,1990,Hyderabad,Telangana,South,Organic Search,2025-01-25,35-44,2025-01-29,2025-01
13491,M,1991,Ahmedabad,Gujarat,West,Organic Search,2025-01-25,25-34,2025-01-27,2025-01
13492,M,2002,Mumbai,Maharashtra,West,Paid Social,2025-01-25,18-24,2025-02-08,2025-02
13493,M,1999,Bengaluru,Karnataka,South,Organic Search,2025-01-25,25-34,2025-01-28,2025-01
13494,F,2006,Kolkata,West Bengal,East,Organic Search,2025-01-25,18-24,2025-01-27,2025-01
13495,M,1980,Delhi,Delhi,North,Referral,2025-01-25,45+,2025-02-05,2025-02
13496,M,1991,Chandigarh,Chandigarh,North,Referral,2025-01-25,25-34,2025-01-25,2025-01
13497,M,2003,Gurugram,Haryana,North,Paid Social,2025-01-26,18-24,2025-01-26,2025-01
13498,F,1996,Kolkata,West Bengal,East,Organic Search,2025-01-26,25-34,2025-01-27,2025-01
13499,F,1992,Ahmedabad,Gujarat,West,Paid Social,2025-01-26,25-34,,
13500,F,1986,Delhi,Delhi,North,Paid Social,2025-01-26,35-44,2025-01-26,2025-01
13501,F,1999,Indore,Madhya Pradesh,West,Organic Search,2025-01-26,25-34,2025-01-29,2025-01
13502,F,1995,Pune,Maharashtra,West,Organic Search,2025-01-26,25-34,2025-01-26,2025-01
13503,M,1991,Delhi,Delhi,North,Paid Search,2025-01-27,25-34,,
13504,M,2002,Chennai,Tamil Nadu,South,Paid Search,2025-01-27,18-24,2025-01-28,2025-01
13505,M,2006,Bengaluru,Karnataka,South,Organic Search,2025-01-27,18-24,,
13506,F,1986,Delhi,Delhi,North,Organic Search,2025-01-27,35-44,2025-01-30,2025-01
13507,F,1998,Kolkata,West Bengal,East,Paid Social,2025-01-27,25-34,2025-01-28,2025-01
13508,F,1995,Gurugram,Haryana,North,Paid Social,2025-01-27,25-34,,
13509,F,1999,Delhi,Delhi,North,Paid Social,2025-01-27,25-34,,
13510,F,2004,Mumbai,Maharashtra,West,Affiliate,2025-01-27,18-24,2025-01-30,2025-01
13511,F,2005,Gurugram,Haryana,North,Organic Search,2025-01-27,18-24,2025-02-06,2025-02
13512,F,1990,Ahmedabad,Gujarat,West,Referral,2025-01-28,35-44,2025-01-30,2025-01
13513,F,1980,Chandigarh,Chandigarh,North,Paid Search,2025-01-28,45+,2025-02-03,2025-02
13514,M,1993,Gurugram,Haryana,North,Referral,2025-01-28,25-34,2025-02-04,2025-02
13515,M,1993,Kolkata,West Bengal,East,Referral,2025-01-28,25-34,2025-01-30,2025-01
13516,M,1971,Chandigarh,Chandigarh,North,Paid Social,2025-01-28,45+,2025-01-31,2025-01
13517,M,2002,Mumbai,Maharashtra,West,Paid Social,2025-01-28,18-24,2025-02-03,2025-02
13518,F,1989,Jaipur,Rajasthan,North,Paid Social,2025-01-28,35-44,2025-01-28,2025-01
13519,F,1993,Chennai,Tamil Nadu,South,Referral,2025-01-28,25-34,2025-01-29,2025-01
13520,M,1989,Noida,Uttar Pradesh,North,Organic Search,2025-01-29,35-44,2025-01-30,2025-01
13521,F,1992,Delhi,Delhi,North,Paid Search,2025-01-29,25-34,2025-02-04,2025-02
13522,M,2004,Chennai,Tamil Nadu,South,Email,2025-01-29,18-24,2025-01-31,2025-01
13523,F,1994,Gurugram,Haryana,North,Paid Social,2025-01-29,25-34,2025-01-31,2025-01
13524,M,2006,Chennai,Tamil Nadu,South,Organic Search,2025-01-29,18-24,2025-02-03,2025-02
13525,F,1999,Ahmedabad,Gujarat,West,Affiliate,2025-01-29,25-34,,
13526,F,1999,Hyderabad,Telangana,South,Affiliate,2025-01-29,25-34,,
13527,M,1992,Delhi,Delhi,North,Paid Social,2025-01-29,25-34,2025-01-31,2025-01
13528,F,1993,Kolkata,West Bengal,East,Paid Social,2025-01-30,25-34,2025-02-18,2025-02
13529,M,2002,Jaipur,Rajasthan,North,Paid Search,2025-01-30,18-24,2025-02-01,2025-02
13530,M,2003,Delhi,Delhi,North,Paid Social,2025-01-30,18-24,2025-02-02,2025-02
13531,M,1996,Hyderabad,Telangana,South,Affiliate,2025-01-30,25-34,2025-02-14,2025-02
13532,F,1998,Gurugram,Haryana,North,Organic Search,2025-01-30,25-34,2025-02-01,2025-02
13533,M,1992,Mumbai,Maharashtra,West,Paid Search,2025-01-30,25-34,,
13534,F,1995,Indore,Madhya Pradesh,West,Email,2025-01-30,25-34,,
13535,F,1994,Delhi,Delhi,North,Paid Search,2025-01-30,25-34,2025-01-31,2025-01
13536,M,1994,Noida,Uttar Pradesh,North,Affiliate,2025-01-30,25-34,2025-02-01,2025-02
13537,F,2002,Pune,Maharashtra,West,Paid Search,2025-01-30,18-24,2025-01-30,2025-01
13538,M,1993,Mumbai,Maharashtra,West,Organic Search,2025-01-30,25-34,2025-02-03,2025-02
13539,M,1988,Ahmedabad,Gujarat,West,Affiliate,2025-01-30,35-44,2025-02-04,2025-02
13540,M,1991,Bengaluru,Karnataka,South,Organic Search,2025-01-31,25-34,2025-01-31,2025-01
13541,M,1991,Mumbai,Maharashtra,West,Paid Social,2025-01-31,25-34,2025-02-20,2025-02
13542,F,1997,Mumbai,Maharashtra,West,Organic Search,2025-01-31,25-34,2025-02-01,2025-02
13543,M,1989,Jaipur,Rajasthan,North,Referral,2025-01-31,35-44,2025-02-02,2025-02
13544,F,2003,Chandigarh,Chandigarh,North,Organic Search,2025-01-31,18-24,,
13545,F,1991,Delhi,Delhi,North,Referral,2025-01-31,25-34,2025-02-01,2025-02
13546,F,2006,Ahmedabad,Gujarat,West,Affiliate,2025-01-31,18-24,2025-01-31,2025-01
13547,F,1994,Gurugram,Haryana,North,Organic Search,2025-01-31,25-34,2025-01-31,2025-01
13548,F,1998,Bengaluru,Karnataka,South,Paid Search,2025-01-31,25-34,2025-02-06,2025-02
13549,M,2001,Delhi,Delhi,North,Paid Social,2025-01-31,18-24,2025-01-31,2025-01
13550,M,2003,Delhi,Delhi,North,Affiliate,2025-01-31,18-24,2025-01-31,2025-01
13551,F,1999,Jaipur,Rajasthan,North,Paid Search,2025-01-31,25-34,2025-02-01,2025-02
13552,F,2006,Mumbai,Maharashtra,West,Affiliate,2025-01-31,18-24,2025-02-09,2025-02
13553,F,1994,Bengaluru,Karnataka,South,Email,2025-01-31,25-34,2025-01-31,2025-01
13554,M,1981,Bengaluru,Karnataka,South,Paid Social,2025-01-31,35-44,2025-02-08,2025-02
13555,F,1993,Kolkata,West Bengal,East,Paid Search,2025-01-31,25-34,2025-02-02,2025-02
13556,F,2000,Mumbai,Maharashtra,West,Paid Social,2025-01-31,25-34,2025-02-03,2025-02
13557,M,1997,Delhi,Delhi,North,Referral,2025-02-01,25-34,2025-02-02,2025-02
13558,M,1985,Chennai,Tamil Nadu,South,Paid Social,2025-02-01,35-44,,
13559,F,1991,Bengaluru,Karnataka,South,Paid Search,2025-02-01,25-34,2025-02-02,2025-02
13560,M,1987,Delhi,Delhi,North,Paid Social,2025-02-01,35-44,2025-02-03,2025-02
13561,F,1988,Delhi,Delhi,North,Referral,2025-02-01,35-44,2025-02-07,2025-02
13562,M,1993,Pune,Maharashtra,West,Paid Search,2025-02-01,25-34,2025-02-04,2025-02
13563,M,1997,Mumbai,Maharashtra,West,Paid Social,2025-02-01,25-34,2025-02-04,2025-02
13564,F,1988,Indore,Madhya Pradesh,West,Paid Search,2025-02-02,35-44,2025-02-02,2025-02
13565,M,1988,Noida,Uttar Pradesh,North,Organic Search,2025-02-02,35-44,2025-02-02,2025-02
13566,M,1999,Kolkata,West Bengal,East,Organic Search,2025-02-02,25-34,2025-02-03,2025-02
13567,M,1987,Pune,Maharashtra,West,Paid Search,2025-02-02,35-44,2025-02-08,2025-02
13568,F,1986,Hyderabad,Telangana,South,Paid Social,2025-02-02,35-44,2025-02-07,2025-02
13569,M,2006,Delhi,Delhi,North,Referral,2025-02-02,18-24,2025-02-05,2025-02
13570,M,1989,Indore,Madhya Pradesh,West,Organic Search,2025-02-02,35-44,2025-02-12,2025-02
13571,F,1979,Chennai,Tamil Nadu,South,Paid Search,2025-02-02,45+,2025-02-02,2025-02
13572,M,1984,Delhi,Delhi,North,Referral,2025-02-02,35-44,2025-02-04,2025-02
13573,M,1978,Pune,Maharashtra,West,Organic Search,2025-02-02,45+,2025-02-05,2025-02
13574,M,2006,Lucknow,Uttar Pradesh,North,Affiliate,2025-02-02,18-24,2025-02-06,2025-02
13575,F,1993,Pune,Maharashtra,West,Paid Social,2025-02-02,25-34,2025-02-02,2025-02
13576,F,1985,Hyderabad,Telangana,South,Affiliate,2025-02-03,35-44,,
13577,F,1998,Bengaluru,Karnataka,South,Referral,2025-02-03,25-34,2025-02-03,2025-02
13578,M,2006,Hyderabad,Telangana,South,Affiliate,2025-02-03,18-24,2025-02-07,2025-02
13579,M,1992,Noida,Uttar Pradesh,North,Paid Social,2025-02-03,25-34,2025-02-05,2025-02
13580,F,2006,Chennai,Tamil Nadu,South,Organic Search,2025-02-03,18-24,2025-02-10,2025-02
13581,F,1991,Indore,Madhya Pradesh,West,Referral,2025-02-03,25-34,2025-02-07,2025-02
13582,M,1984,Delhi,Delhi,North,Organic Search,2025-02-03,35-44,2025-02-10,2025-02
13583,F,2006,Chennai,Tamil Nadu,South,Paid Social,2025-02-03,18-24,,
13584,F,1988,Delhi,Delhi,North,Paid Search,2025-02-03,35-44,2025-02-03,2025-02
13585,M,1989,Delhi,Delhi,North,Referral,2025-02-03,35-44,,
13586,F,2002,Chennai,Tamil Nadu,South,Referral,2025-02-03,18-24,2025-02-06,2025-02
13587,M,1994,Delhi,Delhi,North,Email,2025-02-03,25-34,2025-02-06,2025-02
13588,M,1993,Delhi,Delhi,North,Organic Search,2025-02-04,25-34,2025-02-05,2025-02
13589,F,1991,Delhi,Delhi,North,Affiliate,2025-02-04,25-34,2025-02-06,2025-02
13590,M,1988,Chennai,Tamil Nadu,South,Referral,2025-02-04,35-44,2025-02-04,2025-02
13591,M,1995,Delhi,Delhi,North,Paid Search,2025-02-04,25-34,2025-02-06,2025-02
13592,M,1997,Mumbai,Maharashtra,West,Organic Search,2025-02-04,25-34,2025-02-05,2025-02
13593,M,1992,Noida,Uttar Pradesh,North,Paid Search,2025-02-04,25-34,,
13594,F,1998,Mumbai,Maharashtra,West,Organic Search,2025-02-04,25-34,2025-02-05,2025-02
13595,M,1997,Jaipur,Rajasthan,North,Paid Social,2025-02-04,25-34,2025-02-07,2025-02
13596,M,1997,Chennai,Tamil Nadu,South,Organic Search,2025-02-04,25-34,2025-02-04,2025-02
13597,F,1991,Hyderabad,Telangana,South,Paid Search,2025-02-05,25-34,2025-02-09,2025-02
13598,M,1991,Chennai,Tamil Nadu,South,Paid Social,2025-02-05,25-34,2025-02-08,2025-02
13599,M,1996,Bengaluru,Karnataka,South,Paid Search,2025-02-05,25-34,2025-02-05,2025-02
13600,F,1984,Chandigarh,Chandigarh,North,Email,2025-02-05,35-44,,
13601,M,2006,Gurugram,Haryana,North,Organic Search,2025-02-05,18-24,,
13602,F,1973,Pune,Maharashtra,West,Paid Social,2025-02-05,45+,2025-02-07,2025-02
13603,F,1989,Mumbai,Maharashtra,West,Email,2025-02-05,35-44,2025-02-05,2025-02
13604,M,1998,Bengaluru,Karnataka,South,Paid Search,2025-02-05,25-34,2025-02-06,2025-02
13605,M,1999,Delhi,Delhi,North,Paid Search,2025-02-05,25-34,,
13606,M,1987,Bengaluru,Karnataka,South,Affiliate,2025-02-05,35-44,,
13607,M,1988,Jaipur,Rajasthan,North,Paid Social,2025-02-05,35-44,2025-02-08,2025-02
13608,M,1994,Mumbai,Maharashtra,West,Email,2025-02-05,25-34,2025-02-09,2025-02
13609,M,1983,Kolkata,West Bengal,East,Affiliate,2025-02-05,35-44,,
13610,F,1984,Noida,Uttar Pradesh,North,Organic Search,2025-02-05,35-44,2025-02-15,2025-02
13611,F,2001,Delhi,Delhi,North,Referral,2025-02-06,18-24,2025-02-07,2025-02
13612,F,2000,Noida,Uttar Pradesh,North,Paid Social,2025-02-06,25-34,2025-02-21,2025-02
13613,M,1994,Mumbai,Maharashtra,West,Affiliate,2025-02-06,25-34,2025-02-06,2025-02
13614,F,2000,Pune,Maharashtra,West,Paid Social,2025-02-06,25-34,2025-02-13,2025-02
13615,M,1994,Kolkata,West Bengal,East,Referral,2025-02-06,25-34,,
13616,M,1987,Chennai,Tamil Nadu,South,Paid Search,2025-02-06,35-44,2025-02-07,2025-02
13617,F,1984,Bengaluru,Karnataka,South,Paid Social,2025-02-06,35-44,2025-02-08,2025-02
13618,F,1998,Bengaluru,Karnataka,South,Referral,2025-02-07,25-34,2025-02-09,2025-02
13619,F,1988,Jaipur,Rajasthan,North,Affiliate,2025-02-07,35-44,2025-02-09,2025-02
13620,M,2000,Kochi,Kerala,South,Organic Search,2025-02-07,25-34,2025-02-09,2025-02
13621,F,1991,Pune,Maharashtra,West,Organic Search,2025-02-07,25-34,2025-02-08,2025-02
13622,F,2004,Gurugram,Haryana,North,Affiliate,2025-02-07,18-24,2025-02-08,2025-02
13623,M,1986,Kolkata,West Bengal,East,Paid Social,2025-02-07,35-44,,
13624,M,1984,Pune,Maharashtra,West,Organic Search,2025-02-08,35-44,2025-02-10,2025-02
13625,F,1995,Gurugram,Haryana,North,Paid Social,2025-02-08,25-34,,
13626,F,1991,Bengaluru,Karnataka,South,Affiliate,2025-02-08,25-34,2025-02-09,2025-02
13627,F,1995,Lucknow,Uttar Pradesh,North,Affiliate,2025-02-08,25-34,,
13628,F,1993,Gurugram,Haryana,North,Paid Search,2025-02-08,25-34,2025-02-12,2025-02
13629,F,1989,Lucknow,Uttar Pradesh,North,Referral,2025-02-08,35-44,2025-02-10,2025-02
13630,M,1991,Ahmedabad,Gujarat,West,Paid Search,2025-02-08,25-34,,
13631,M,1976,Jaipur,Rajasthan,North,Paid Search,2025-02-08,45+,,
13632,M,2005,Delhi,Delhi,North,Referral,2025-02-08,18-24,2025-02-15,2025-02
13633,M,1988,Mumbai,Maharashtra,West,Organic Search,2025-02-08,35-44,2025-02-11,2025-02
13634,F,1997,Lucknow,Uttar Pradesh,North,Paid Search,2025-02-08,25-34,2025-02-19,2025-02
13635,M,1977,Pune,Maharashtra,West,Organic Search,2025-02-08,45+,2025-02-10,2025-02
13636,F,1986,Mumbai,Maharashtra,West,Organic Search,2025-02-09,35-44,2025-03-02,2025-03
13637,F,1995,Delhi,Delhi,North,Paid Search,2025-02-09,25-34,,
13638,F,2006,Lucknow,Uttar Pradesh,North,Affiliate,2025-02-09,18-24,2025-02-18,2025-02
13639,M,1997,Jaipur,Rajasthan,North,Paid Search,2025-02-09,25-34,2025-02-15,2025-02
13640,M,1998,Pune,Maharashtra,West,Paid Social,2025-02-09,25-34,2025-02-11,2025-02
13641,M,1990,Hyderabad,Telangana,South,Paid Search,2025-02-09,35-44,2025-02-09,2025-02
13642,M,1993,Noida,Uttar Pradesh,North,Email,2025-02-09,25-34,,
13643,F,1992,Gurugram,Haryana,North,Paid Social,2025-02-09,25-34,,
13644,M,1996,Delhi,Delhi,North,Affiliate,2025-02-09,25-34,,
13645,F,2003,Indore,Madhya Pradesh,West,Paid Search,2025-02-09,18-24,2025-02-09,2025-02
13646,F,1991,Chandigarh,Chandigarh,North,Paid Social,2025-02-09,25-34,,
13647,F,1994,Bengaluru,Karnataka,South,Organic Search,2025-02-09,25-34,2025-02-11,2025-02
13648,F,1990,Bengaluru,Karnataka,South,Organic Search,2025-02-09,35-44,2025-02-19,2025-02
13649,M,1991,Delhi,Delhi,North,Paid Social,2025-02-10,25-34,2025-02-22,2025-02
13650,M,2002,Mumbai,Maharashtra,West,Referral,2025-02-10,18-24,2025-02-18,2025-02
13651,M,1997,Kolkata,West Bengal,East,Organic Search,2025-02-10,25-34,2025-02-16,2025-02
13652,M,1996,Jaipur,Rajasthan,North,Paid Social,2025-02-10,25-34,2025-02-11,2025-02
13653,F,1992,Pune,Maharashtra,West,Paid Social,2025-02-10,25-34,,
13654,M,1987,Pune,Maharashtra,West,Paid Social,2025-02-10,35-44,2025-02-12,2025-02
13655,F,1999,Lucknow,Uttar Pradesh,North,Referral,2025-02-10,25-34,,
13656,F,2000,Hyderabad,Telangana,South,Paid Social,2025-02-10,25-34,2025-02-13,2025-02
13657,M,2000,Delhi,Delhi,North,Affiliate,2025-02-10,25-34,2025-02-20,2025-02
13658,M,1993,Noida,Uttar Pradesh,North,Referral,2025-02-10,25-34,2025-02-10,2025-02
13659,M,1987,Indore,Madhya Pradesh,West,Email,2025-02-10,35-44,2025-02-10,2025-02
13660,F,1999,Kochi,Kerala,South,Paid Search,2025-02-10,25-34,,
13661,M,2002,Delhi,Delhi,North,Referral,2025-02-10,18-24,2025-02-20,2025-02
13662,M,2000,Indore,Madhya Pradesh,West,Affiliate,2025-02-10,25-34,,
13663,F,1987,Delhi,Delhi,North,Organic Search,2025-02-10,35-44,2025-02-10,2025-02
13664,F,1996,Bengaluru,Karnataka,South,Paid Social,2025-02-10,25-34,2025-02-13,2025-02
13665,F,1978,Mumbai,Maharashtra,West,Email,2025-02-10,45+,2025-02-10,2025-02
13666,F,2004,Mumbai,Maharashtra,West,Paid Search,2025-02-10,18-24,2025-02-15,2025-02
13667,F,1995,Kolkata,West Bengal,East,Paid Social,2025-02-11,25-34,,
13668,F,1995,Bengaluru,Karnataka,South,Referral,2025-02-11,25-34,2025-02-15,2025-02
13669,F,2006,Noida,Uttar Pradesh,North,Referral,2025-02-11,18-24,2025-02-13,2025-02
13670,F,1989,Kolkata,West Bengal,East,Organic Search,2025-02-11,35-44,2025-02-11,2025-02
13671,M,1994,Lucknow,Uttar Pradesh,North,Paid Search,2025-02-11,25-34,2025-02-19,2025-02
13672,M,1987,Bengaluru,Karnataka,South,Paid Search,2025-02-11,35-44,2025-02-21,2025-02
13673,F,1982,Bengaluru,Karnataka,South,Organic Search,2025-02-12,35-44,2025-02-15,2025-02
13674,M,1996,Chennai,Tamil Nadu,South,Organic Search,2025-02-12,25-34,2025-02-13,2025-02
13675,F,1995,Mumbai,Maharashtra,West,Referral,2025-02-12,25-34,2025-02-17,2025-02
13676,M,1977,Bengaluru,Karnataka,South,Email,2025-02-12,45+,2025-02-12,2025-02
13677,M,1999,Bengaluru,Karnataka,South,Affiliate,2025-02-12,25-34,2025-02-19,2025-02
13678,M,1993,Mumbai,Maharashtra,West,Affiliate,2025-02-13,25-34,2025-02-14,2025-02
13679,F,2000,Kochi,Kerala,South,Affiliate,2025-02-13,25-34,,
13680,M,1995,Lucknow,Uttar Pradesh,North,Organic Search,2025-02-13,25-34,2025-02-14,2025-02
13681,F,2002,Noida,Uttar Pradesh,North,Paid Search,2025-02-13,18-24,2025-02-13,2025-02
13682,F,2003,Bengaluru,Karnataka,South,Organic Search,2025-02-13,18-24,2025-02-21,2025-02
13683,F,1995,Noida,Uttar Pradesh,North,Paid Social,2025-02-13,25-34,2025-02-21,2025-02
13684,F,2001,Hyderabad,Telangana,South,Affiliate,2025-02-13,18-24,2025-02-14,2025-02
13685,F,2001,Chandigarh,Chandigarh,North,Organic Search,2025-02-13,18-24,2025-02-20,2025-02
13686,F,1984,Mumbai,Maharashtra,West,Paid Social,2025-02-13,35-44,,
13687,F,1986,Bengaluru,Karnataka,South,Paid Social,2025-02-13,35-44,,
13688,M,1985,Chennai,Tamil Nadu,South,Organic Search,2025-02-14,35-44,,
13689,M,1999,Bengaluru,Karnataka,South,Referral,2025-02-14,25-34,2025-02-15,2025-02
13690,M,1988,Delhi,Delhi,North,Paid Search,2025-02-14,35-44,2025-02-20,2025-02
13691,M,1977,Chandigarh,Chandigarh,North,Paid Search,2025-02-14,45+,2025-02-17,2025-02
13692,F,1985,Hyderabad,Telangana,South,Affiliate,2025-02-14,35-44,2025-02-21,2025-02
13693,F,1990,Kochi,Kerala,South,Organic Search,2025-02-14,35-44,2025-02-15,2025-02
13694,M,1997,Bengaluru,Karnataka,South,Paid Search,2025-02-14,25-34,,
13695,F,2004,Indore,Madhya Pradesh,West,Referral,2025-02-14,18-24,2025-02-19,2025-02
13696,M,2001,Mumbai,Maharashtra,West,Paid Search,2025-02-14,18-24,2025-02-15,2025-02
13697,M,1995,Pune,Maharashtra,West,Paid Social,2025-02-15,25-34,,
13698,M,1987,Mumbai,Maharashtra,West,Paid Search,2025-02-15,35-44,2025-02-22,2025-02
13699,F,1977,Delhi,Delhi,North,Paid Search,2025-02-15,45+,2025-02-20,2025-02
13700,F,1990,Delhi,Delhi,North,Organic Search,2025-02-15,35-44,2025-02-15,2025-02
13701,M,1991,Indore,Madhya Pradesh,West,Email,2025-02-15,25-34,,
13702,F,1994,Pune,Maharashtra,West,Organic Search,2025-02-15,25-34,2025-02-16,2025-02
13703,F,2001,Lucknow,Uttar Pradesh,North,Affiliate,2025-02-15,18-24,,
13704,F,1999,Chennai,Tamil Nadu,South,Organic Search,2025-02-15,25-34,,
13705,M,1994,Noida,Uttar Pradesh,North,Email,2025-02-15,25-34,2025-02-16,2025-02
13706,M,1990,Bengaluru,Karnataka,South,Affiliate,2025-02-15,35-44,2025-02-18,2025-02
13707,M,1981,Hyderabad,Telangana,South,Organic Search,2025-02-15,35-44,2025-02-25,2025-02
13708,F,1987,Chennai,Tamil Nadu,South,Paid Social,2025-02-15,35-44,,
13709,M,1986,Chennai,Tamil Nadu,South,Referral,2025-02-16,35-44,,
13710,F,2006,Hyderabad,Telangana,South,Paid Social,2025-02-16,18-24,,
13711,F,2006,Mumbai,Maharashtra,West,Email,2025-02-16,18-24,,
13712,M,1983,Bengaluru,Karnataka,South,Organic Search,2025-02-16,35-44,2025-02-17,2025-02
13713,M,1997,Chennai,Tamil Nadu,South,Affiliate,2025-02-16,25-34,2025-02-23,2025-02
13714,M,1983,Mumbai,Maharashtra,West,Paid Social,2025-02-16,35-44,2025-02-22,2025-02
13715,F,1995,Bengaluru,Karnataka,South,Paid Search,2025-02-16,25-34,2025-02-19,2025-02
13716,F,1990,Gurugram,Haryana,North,Paid Social,2025-02-16,35-44,2025-02-17,2025-02
13717,F,1992,Ahmedabad,Gujarat,West,Paid Search,2025-02-17,25-34,2025-02-18,2025-02
13718,M,2002,Gurugram,Haryana,North,Paid Search,2025-02-17,18-24,,
13719,F,1996,Bengaluru,Karnataka,South,Organic Search,2025-02-17,25-34,2025-02-17,2025-02
13720,F,2000,Mumbai,Maharashtra,West,Email,2025-02-17,25-34,2025-02-17,2025-02
13721,M,1998,Noida,Uttar Pradesh,North,Paid Search,2025-02-17,25-34,,
13722,M,1988,Mumbai,Maharashtra,West,Paid Search,2025-02-17,35-44,2025-02-18,2025-02
13723,F,1983,Bengaluru,Karnataka,South,Email,2025-02-17,35-44,2025-02-17,2025-02
13724,M,1991,Kochi,Kerala,South,Email,2025-02-17,25-34,2025-02-17,2025-02
13725,M,1991,Delhi,Delhi,North,Referral,2025-02-17,25-34,2025-02-21,2025-02
13726,M,1989,Gurugram,Haryana,North,Organic Search,2025-02-17,35-44,2025-02-20,2025-02
13727,M,1988,Bengaluru,Karnataka,South,Email,2025-02-17,35-44,2025-02-22,2025-02
13728,F,1994,Ahmedabad,Gujarat,West,Organic Search,2025-02-17,25-34,2025-02-17,2025-02
13729,M,2004,Chandigarh,Chandigarh,North,Paid Search,2025-02-17,18-24,2025-02-25,2025-02
13730,M,1977,Bengaluru,Karnataka,South,Email,2025-02-17,45+,2025-02-20,2025-02
13731,F,1984,Chennai,Tamil Nadu,South,Organic Search,2025-02-17,35-44,2025-02-20,2025-02
13732,M,1996,Lucknow,Uttar Pradesh,North,Organic Search,2025-02-17,25-34,2025-02-17,2025-02
13733,M,1979,Pune,Maharashtra,West,Paid Social,2025-02-17,45+,,
13734,M,1982,Delhi,Delhi,North,Paid Search,2025-02-17,35-44,2025-02-17,2025-02
13735,F,2006,Kolkata,West Bengal,East,Paid Search,2025-02-18,18-24,,
13736,M,1998,Hyderabad,Telangana,South,Referral,2025-02-18,25-34,2025-02-19,2025-02
13737,M,2006,Pune,Maharashtra,West,Email,2025-02-18,18-24,2025-02-20,2025-02
13738,F,1980,Kolkata,West Bengal,East,Affiliate,2025-02-18,45+,,
13739,M,2006,Noida,Uttar Pradesh,North,Organic Search,2025-02-18,18-24,2025-02-26,2025-02
13740,M,1983,Bengaluru,Karnataka,South,Paid Social,2025-02-18,35-44,,
13741,M,2001,Hyderabad,Telangana,South,Email,2025-02-18,18-24,2025-02-19,2025-02
13742,M,1976,Chennai,Tamil Nadu,South,Organic Search,2025-02-18,45+,2025-02-18,2025-02
13743,M,1996,Bengaluru,Karnataka,South,Paid Social,2025-02-18,25-34,2025-02-19,2025-02
13744,F,1996,Noida,Uttar Pradesh,North,Organic Search,2025-02-18,25-34,2025-02-20,2025-02
13745,F,1990,Delhi,Delhi,North,Organic Search,2025-02-18,35-44,,
13746,M,1982,Gurugram,Haryana,North,Organic Search,2025-02-18,35-44,2025-02-18,2025-02
13747,F,1991,Chennai,Tamil Nadu,South,Paid Social,2025-02-19,25-34,,
13748,M,1995,Mumbai,Maharashtra,West,Paid Social,2025-02-19,25-34,2025-02-22,2025-02
13749,F,1984,Ahmedabad,Gujarat,West,Organic Search,2025-02-19,35-44,2025-02-21,2025-02
13750,M,1992,Delhi,Delhi,North,Paid Social,2025-02-19,25-34,2025-02-19,2025-02
13751,M,1993,Pune,Maharashtra,West,Organic Search,2025-02-19,25-34,2025-02-22,2025-02
13752,M,1997,Mumbai,Maharashtra,West,Organic Search,2025-02-19,25-34,,
13753,M,1981,Pune,Maharashtra,West,Email,2025-02-19,35-44,2025-02-20,2025-02
13754,F,1989,Mumbai,Maharashtra,West,Paid Search,2025-02-19,35-44,2025-03-03,2025-03
13755,M,1995,Delhi,Delhi,North,Referral,2025-02-20,25-34,2025-02-20,2025-02
13756,M,1990,Delhi,Delhi,North,Paid Search,2025-02-20,35-44,2025-02-20,2025-02
13757,M,1985,Kolkata,West Bengal,East,Organic Search,2025-02-20,35-44,,
13758,M,2001,Indore,Madhya Pradesh,West,Email,2025-02-20,18-24,2025-02-22,2025-02
13759,F,2001,Bengaluru,Karnataka,South,Organic Search,2025-02-20,18-24,2025-02-21,2025-02
13760,M,2000,Kochi,Kerala,South,Paid Search,2025-02-20,25-34,2025-02-20,2025-02
13761,F,1991,Ahmedabad,Gujarat,West,Paid Social,2025-02-20,25-34,2025-02-20,2025-02
13762,F,1992,Indore,Madhya Pradesh,West,Paid Social,2025-02-21,25-34,2025-02-21,2025-02
13763,F,2003,Pune,Maharashtra,West,Affiliate,2025-02-21,18-24,,
13764,M,2000,Gurugram,Haryana,North,Affiliate,2025-02-21,25-34,,
13765,F,2004,Chandigarh,Chandigarh,North,Organic Search,2025-02-21,18-24,2025-02-24,2025-02
13766,M,1994,Chennai,Tamil Nadu,South,Organic Search,2025-02-21,25-34,2025-02-22,2025-02
13767,M,1998,Mumbai,Maharashtra,West,Paid Social,2025-02-21,25-34,2025-02-22,2025-02
13768,F,1999,Noida,Uttar Pradesh,North,Organic Search,2025-02-21,25-34,2025-02-21,2025-02
13769,F,2005,Hyderabad,Telangana,South,Paid Social,2025-02-21,18-24,2025-02-21,2025-02
13770,M,1975,Delhi,Delhi,North,Paid Search,2025-02-21,45+,,
13771,M,1994,Bengaluru,Karnataka,South,Email,2025-02-21,25-34,,
13772,M,2001,Bengaluru,Karnataka,South,Email,2025-02-22,18-24,,
13773,M,2003,Jaipur,Rajasthan,North,Organic Search,2025-02-22,18-24,2025-02-23,2025-02
13774,F,1990,Gurugram,Haryana,North,Organic Search,2025-02-22,35-44,2025-02-26,2025-02
13775,M,1997,Mumbai,Maharashtra,West,Affiliate,2025-02-22,25-34,2025-02-22,2025-02
13776,M,1999,Hyderabad,Telangana,South,Organic Search,2025-02-22,25-34,2025-03-02,2025-03
13777,F,2004,Chennai,Tamil Nadu,South,Organic Search,2025-02-22,18-24,2025-03-16,2025-03
13778,F,1996,Hyderabad,Telangana,South,Organic Search,2025-02-22,25-34,2025-02-23,2025-02
13779,F,1996,Delhi,Delhi,North,Paid Search,2025-02-22,25-34,2025-02-22,2025-02
13780,F,1991,Noida,Uttar Pradesh,North,Organic Search,2025-02-22,25-34,2025-03-09,2025-03
13781,F,2002,Indore,Madhya Pradesh,West,Paid Search,2025-02-22,18-24,2025-02-23,2025-02
13782,M,2003,Bengaluru,Karnataka,South,Organic Search,2025-02-23,18-24,,
13783,M,2002,Delhi,Delhi,North,Referral,2025-02-23,18-24,2025-02-24,2025-02
13784,M,1999,Gurugram,Haryana,North,Organic Search,2025-02-23,25-34,2025-03-03,2025-03
13785,M,1995,Delhi,Delhi,North,Referral,2025-02-23,25-34,2025-02-26,2025-02
13786,F,1989,Mumbai,Maharashtra,West,Paid Social,2025-02-23,35-44,2025-02-23,2025-02
13787,M,1988,Bengaluru,Karnataka,South,Paid Social,2025-02-23,35-44,2025-02-23,2025-02
13788,M,2002,Kolkata,West Bengal,East,Affiliate,2025-02-23,18-24,2025-02-26,2025-02
13789,M,2003,Delhi,Delhi,North,Paid Search,2025-02-23,18-24,2025-02-24,2025-02
13790,M,1995,Pune,Maharashtra,West,Organic Search,2025-02-23,25-34,2025-02-24,2025-02
13791,M,1995,Mumbai,Maharashtra,West,Paid Social,2025-02-23,25-34,2025-02-26,2025-02
13792,F,1995,Mumbai,Maharashtra,West,Organic Search,2025-02-24,25-34,2025-02-24,2025-02
13793,M,2003,Delhi,Delhi,North,Organic Search,2025-02-24,18-24,2025-02-24,2025-02
13794,F,2000,Jaipur,Rajasthan,North,Email,2025-02-24,25-34,2025-02-27,2025-02
13795,M,1990,Lucknow,Uttar Pradesh,North,Email,2025-02-24,35-44,2025-03-05,2025-03
13796,M,1998,Bengaluru,Karnataka,South,Paid Search,2025-02-24,25-34,2025-03-09,2025-03
13797,M,1981,Bengaluru,Karnataka,South,Paid Search,2025-02-24,35-44,2025-03-04,2025-03
13798,M,1989,Bengaluru,Karnataka,South,Paid Social,2025-02-24,35-44,2025-02-24,2025-02
13799,M,1980,Pune,Maharashtra,West,Organic Search,2025-02-24,45+,2025-02-24,2025-02
13800,M,1987,Mumbai,Maharashtra,West,Organic Search,2025-02-24,35-44,2025-02-24,2025-02
13801,F,1987,Lucknow,Uttar Pradesh,North,Paid Social,2025-02-24,35-44,2025-02-28,2025-02
13802,F,1977,Delhi,Delhi,North,Paid Search,2025-02-24,45+,2025-02-27,2025-02
13803,M,2003,Gurugram,Haryana,North,Organic Search,2025-02-24,18-24,2025-03-08,2025-03
13804,M,1989,Noida,Uttar Pradesh,North,Paid Social,2025-02-25,35-44,2025-03-02,2025-03
13805,M,1991,Kolkata,West Bengal,East,Paid Social,2025-02-25,25-34,,
13806,F,1987,Kolkata,West Bengal,East,Paid Search,2025-02-25,35-44,2025-03-02,2025-03
13807,F,1998,Hyderabad,Telangana,South,Affiliate,2025-02-25,25-34,2025-02-27,2025-02
13808,M,2005,Indore,Madhya Pradesh,West,Referral,2025-02-25,18-24,,
13809,F,1998,Bengaluru,Karnataka,South,Paid Social,2025-02-25,25-34,2025-02-26,2025-02
13810,F,1996,Indore,Madhya Pradesh,West,Organic Search,2025-02-25,25-34,2025-02-27,2025-02
13811,M,1978,Bengaluru,Karnataka,South,Paid Social,2025-02-25,45+,2025-03-02,2025-03
13812,F,1993,Noida,Uttar Pradesh,North,Paid Social,2025-02-25,25-34,2025-02-25,2025-02
13813,M,1999,Kolkata,West Bengal,East,Paid Social,2025-02-26,25-34,,
13814,F,2003,Hyderabad,Telangana,South,Paid Social,2025-02-26,18-24,2025-02-28,2025-02
13815,M,1998,Lucknow,Uttar Pradesh,North,Organic Search,2025-02-26,25-34,2025-02-26,2025-02
13816,M,2006,Pune,Maharashtra,West,Paid Search,2025-02-26,18-24,2025-03-06,2025-03
13817,F,1988,Hyderabad,Telangana,South,Email,2025-02-26,35-44,2025-02-26,2025-02
13818,M,1988,Kochi,Kerala,South,Organic Search,2025-02-26,35-44,2025-02-28,2025-02
13819,M,1997,Mumbai,Maharashtra,West,Paid Social,2025-02-26,25-34,2025-03-03,2025-03
13820,M,2004,Pune,Maharashtra,West,Email,2025-02-26,18-24,2025-03-01,2025-03
13821,F,2005,Jaipur,Rajasthan,North,Organic Search,2025-02-26,18-24,2025-02-27,2025-02
13822,M,1977,Mumbai,Maharashtra,West,Affiliate,2025-02-26,45+,2025-02-27,2025-02
13823,F,1994,Noida,Uttar Pradesh,North,Email,2025-02-26,25-34,,
13824,F,2001,Delhi,Delhi,North,Paid Social,2025-02-26,18-24,2025-02-28,2025-02
13825,F,2001,Mumbai,Maharashtra,West,Paid Social,2025-02-27,18-24,2025-03-04,2025-03
13826,M,1998,Pune,Maharashtra,West,Email,2025-02-27,25-34,2025-03-06,2025-03
13827,F,1993,Hyderabad,Telangana,South,Organic Search,2025-02-27,25-34,2025-02-27,2025-02
13828,M,1969,Pune,Maharashtra,West,Paid Social,2025-02-27,45+,2025-03-04,2025-03
13829,M,2006,Chandigarh,Chandigarh,North,Paid Search,2025-02-27,18-24,2025-03-01,2025-03
13830,M,1998,Mumbai,Maharashtra,West,Email,2025-02-27,25-34,2025-03-02,2025-03
13831,F,1986,Hyderabad,Telangana,South,Paid Social,2025-02-27,35-44,2025-03-04,2025-03
13832,F,1991,Pune,Maharashtra,West,Referral,2025-02-27,25-34,2025-02-28,2025-02
13833,F,1996,Ahmedabad,Gujarat,West,Organic Search,2025-02-27,25-34,2025-03-02,2025-03
13834,F,1997,Gurugram,Haryana,North,Organic Search,2025-02-27,25-34,2025-02-28,2025-02
13835,M,1982,Delhi,Delhi,North,Referral,2025-02-28,35-44,2025-03-06,2025-03
13836,F,1986,Kochi,Kerala,South,Paid Search,2025-02-28,35-44,,
13837,M,1998,Lucknow,Uttar Pradesh,North,Paid Social,2025-02-28,25-34,2025-02-28,2025-02
13838,M,1989,Mumbai,Maharashtra,West,Referral,2025-02-28,35-44,2025-02-28,2025-02
13839,F,1979,Delhi,Delhi,North,Organic Search,2025-02-28,45+,2025-03-11,2025-03
13840,F,1987,Pune,Maharashtra,West,Paid Search,2025-02-28,35-44,2025-02-28,2025-02
13841,M,1993,Bengaluru,Karnataka,South,Paid Search,2025-02-28,25-34,2025-03-01,2025-03
13842,M,1980,Bengaluru,Karnataka,South,Email,2025-02-28,45+,2025-03-06,2025-03
13843,M,2006,Chennai,Tamil Nadu,South,Organic Search,2025-02-28,18-24,2025-03-01,2025-03
13844,M,2003,Jaipur,Rajasthan,North,Paid Search,2025-03-01,18-24,2025-03-06,2025-03
13845,M,2001,Chandigarh,Chandigarh,North,Affiliate,2025-03-01,18-24,2025-03-05,2025-03
13846,M,1994,Kolkata,West Bengal,East,Referral,2025-03-01,25-34,,
13847,M,1984,Mumbai,Maharashtra,West,Paid Social,2025-03-01,35-44,,
13848,M,1987,Chennai,Tamil Nadu,South,Paid Social,2025-03-01,35-44,2025-03-02,2025-03
13849,M,2004,Indore,Madhya Pradesh,West,Referral,2025-03-01,18-24,,
13850,F,1987,Gurugram,Haryana,North,Affiliate,2025-03-01,35-44,,
13851,M,1993,Kolkata,West Bengal,East,Affiliate,2025-03-01,25-34,,
13852,M,1991,Chandigarh,Chandigarh,North,Paid Social,2025-03-01,25-34,2025-03-01,2025-03
13853,M,1992,Bengaluru,Karnataka,South,Referral,2025-03-01,25-34,2025-03-03,2025-03
13854,F,1992,Lucknow,Uttar Pradesh,North,Referral,2025-03-01,25-34,2025-03-03,2025-03
13855,F,1992,Ahmedabad,Gujarat,West,Referral,2025-03-01,25-34,2025-03-01,2025-03
13856,F,1990,Ahmedabad,Gujarat,West,Referral,2025-03-01,35-44,,
13857,M,1991,Lucknow,Uttar Pradesh,North,Organic Search,2025-03-02,25-34,,
13858,M,1992,Kolkata,West Bengal,East,Referral,2025-03-02,25-34,2025-03-07,2025-03
13859,M,1986,Gurugram,Haryana,North,Paid Search,2025-03-02,35-44,,
13860,F,1982,Mumbai,Maharashtra,West,Organic Search,2025-03-02,35-44,2025-03-06,2025-03
13861,F,1991,Delhi,Delhi,North,Organic Search,2025-03-02,25-34,2025-03-12,2025-03
13862,M,1986,Bengaluru,Karnataka,South,Organic Search,2025-03-02,35-44,,
13863,F,1993,Mumbai,Maharashtra,West,Paid Social,2025-03-02,25-34,,
13864,F,1985,Ahmedabad,Gujarat,West,Organic Search,2025-03-02,35-44,2025-03-06,2025-03
13865,M,1978,Bengaluru,Karnataka,South,Paid Social,2025-03-02,45+,2025-03-04,2025-03
13866,F,2005,Hyderabad,Telangana,South,Affiliate,2025-03-03,18-24,,
13867,F,1988,Kolkata,West Bengal,East,Organic Search,2025-03-03,35-44,2025-03-06,2025-03
13868,F,1976,Chennai,Tamil Nadu,South,Organic Search,2025-03-03,45+,2025-03-04,2025-03
13869,F,1999,Chandigarh,Chandigarh,North,Organic Search,2025-03-03,25-34,2025-03-04,2025-03
13870,M,1990,Bengaluru,Karnataka,South,Referral,2025-03-03,35-44,2025-03-09,2025-03
13871,M,1993,Delhi,Delhi,North,Organic Search,2025-03-03,25-34,2025-03-05,2025-03
13872,F,1994,Delhi,Delhi,North,Organic Search,2025-03-03,25-34,2025-03-05,2025-03
13873,F,2001,Mumbai,Maharashtra,West,Organic Search,2025-03-03,18-24,2025-03-03,2025-03
13874,F,1995,Mumbai,Maharashtra,West,Organic Search,2025-03-03,25-34,2025-03-10,2025-03
13875,F,1982,Pune,Maharashtra,West,Paid Social,2025-03-03,35-44,2025-03-05,2025-03
13876,M,1983,Pune,Maharashtra,West,Paid Social,2025-03-04,35-44,2025-03-09,2025-03
13877,F,1981,Bengaluru,Karnataka,South,Paid Search,2025-03-04,35-44,2025-03-06,2025-03
13878,F,1989,Kolkata,West Bengal,East,Paid Search,2025-03-04,35-44,2025-03-08,2025-03
13879,F,1996,Gurugram,Haryana,North,Paid Social,2025-03-04,25-34,2025-03-11,2025-03
13880,F,1986,Mumbai,Maharashtra,West,Affiliate,2025-03-04,35-44,2025-03-09,2025-03
13881,F,1987,Delhi,Delhi,North,Referral,2025-03-04,35-44,2025-03-04,2025-03
13882,M,1987,Noida,Uttar Pradesh,North,Referral,2025-03-04,35-44,2025-03-05,2025-03
13883,M,1988,Kolkata,West Bengal,East,Affiliate,2025-03-04,35-44,2025-03-07,2025-03
13884,M,1998,Delhi,Delhi,North,Paid Search,2025-03-04,25-34,2025-03-09,2025-03
13885,F,1991,Noida,Uttar Pradesh,North,Organic Search,2025-03-04,25-34,2025-03-09,2025-03
13886,F,2002,Mumbai,Maharashtra,West,Referral,2025-03-04,18-24,2025-03-16,2025-03
13887,M,1989,Jaipur,Rajasthan,North,Organic Search,2025-03-05,35-44,2025-03-19,2025-03
13888,F,1993,Ahmedabad,Gujarat,West,Paid Search,2025-03-05,25-34,2025-03-05,2025-03
13889,M,1991,Kolkata,West Bengal,East,Referral,2025-03-05,25-34,2025-03-05,2025-03
13890,M,1995,Bengaluru,Karnataka,South,Paid Social,2025-03-05,25-34,2025-03-07,2025-03
13891,M,1997,Mumbai,Maharashtra,West,Paid Search,2025-03-05,25-34,2025-03-16,2025-03
13892,F,1993,Bengaluru,Karnataka,South,Paid Social,2025-03-05,25-34,2025-03-15,2025-03
13893,F,2006,Chennai,Tamil Nadu,South,Organic Search,2025-03-05,18-24,2025-03-08,2025-03
13894,F,2005,Noida,Uttar Pradesh,North,Organic Search,2025-03-05,18-24,2025-03-08,2025-03
13895,M,1989,Bengaluru,Karnataka,South,Paid Search,2025-03-05,35-44,2025-03-16,2025-03
13896,F,2004,Indore,Madhya Pradesh,West,Organic Search,2025-03-05,18-24,2025-03-09,2025-03
13897,F,2003,Bengaluru,Karnataka,South,Affiliate,2025-03-06,18-24,2025-03-08,2025-03
13898,F,1983,Delhi,Delhi,North,Paid Search,2025-03-06,35-44,,
13899,F,1976,Bengaluru,Karnataka,South,Email,2025-03-06,45+,,
13900,M,1995,Hyderabad,Telangana,South,Affiliate,2025-03-06,25-34,2025-03-06,2025-03
13901,M,1992,Bengaluru,Karnataka,South,Paid Search,2025-03-06,25-34,,
13902,M,1973,Noida,Uttar Pradesh,North,Paid Search,2025-03-06,45+,2025-03-07,2025-03
13903,M,1994,Gurugram,Haryana,North,Email,2025-03-06,25-34,2025-03-12,2025-03
13904,F,1994,Bengaluru,Karnataka,South,Organic Search,2025-03-06,25-34,2025-03-12,2025-03
13905,M,1988,Bengaluru,Karnataka,South,Paid Social,2025-03-06,35-44,2025-03-06,2025-03
13906,M,2006,Kolkata,West Bengal,East,Organic Search,2025-03-06,18-24,2025-03-06,2025-03
13907,F,1992,Mumbai,Maharashtra,West,Referral,2025-03-06,25-34,2025-03-09,2025-03
13908,M,1990,Noida,Uttar Pradesh,North,Referral,2025-03-07,35-44,2025-03-08,2025-03
13909,M,1993,Hyderabad,Telangana,South,Paid Social,2025-03-07,25-34,2025-03-10,2025-03
13910,M,1982,Bengaluru,Karnataka,South,Paid Search,2025-03-07,35-44,2025-03-18,2025-03
13911,M,1986,Pune,Maharashtra,West,Paid Social,2025-03-07,35-44,2025-03-11,2025-03
13912,F,1971,Bengaluru,Karnataka,South,Paid Social,2025-03-07,45+,,
13913,M,1996,Chandigarh,Chandigarh,North,Paid Social,2025-03-07,25-34,2025-03-07,2025-03
13914,M,2001,Noida,Uttar Pradesh,North,Affiliate,2025-03-07,18-24,2025-03-13,2025-03
13915,F,1996,Delhi,Delhi,North,Organic Search,2025-03-07,25-34,,
13916,M,1995,Jaipur,Rajasthan,North,Organic Search,2025-03-07,25-34,2025-03-13,2025-03
13917,F,1993,Bengaluru,Karnataka,South,Organic Search,2025-03-07,25-34,2025-03-09,2025-03
13918,M,2005,Lucknow,Uttar Pradesh,North,Paid Social,2025-03-07,18-24,,
13919,F,1992,Chennai,Tamil Nadu,South,Email,2025-03-08,25-34,2025-03-10,2025-03
13920,F,2000,Lucknow,Uttar Pradesh,North,Paid Search,2025-03-08,25-34,2025-03-16,2025-03
13921,F,2000,Bengaluru,Karnataka,South,Paid Search,2025-03-08,25-34,,
13922,F,1982,Pune,Maharashtra,West,Affiliate,2025-03-08,35-44,2025-03-10,2025-03
13923,M,1998,Noida,Uttar Pradesh,North,Organic Search,2025-03-08,25-34,2025-03-08,2025-03
13924,M,1984,Ahmedabad,Gujarat,West,Email,2025-03-09,35-44,,
13925,F,1989,Kolkata,West Bengal,East,Affiliate,2025-03-09,35-44,,
13926,F,1992,Kolkata,West Bengal,East,Referral,2025-03-09,25-34,2025-03-09,2025-03
13927,M,2003,Jaipur,Rajasthan,North,Paid Search,2025-03-09,18-24,2025-03-10,2025-03
13928,F,1987,Pune,Maharashtra,West,Paid Social,2025-03-09,35-44,2025-03-17,2025-03
13929,M,1996,Gurugram,Haryana,North,Paid Search,2025-03-09,25-34,2025-03-09,2025-03
13930,M,1981,Mumbai,Maharashtra,West,Organic Search,2025-03-09,35-44,2025-03-12,2025-03
13931,M,1992,Chandigarh,Chandigarh,North,Organic Search,2025-03-09,25-34,,
13932,F,1989,Kochi,Kerala,South,Organic Search,2025-03-09,35-44,2025-03-11,2025-03
13933,F,2003,Bengaluru,Karnataka,South,Affiliate,2025-03-09,18-24,,
13934,M,1987,Gurugram,Haryana,North,Paid Social,2025-03-10,35-44,2025-03-11,2025-03
13935,F,1981,Kolkata,West Bengal,East,Paid Search,2025-03-10,35-44,2025-03-13,2025-03
13936,M,1990,Bengaluru,Karnataka,South,Paid Social,2025-03-10,35-44,2025-03-12,2025-03
13937,M,1988,Delhi,Delhi,North,Paid Social,2025-03-10,35-44,2025-03-10,2025-03
13938,M,1995,Hyderabad,Telangana,South,Organic Search,2025-03-10,25-34,2025-03-12,2025-03
13939,M,2004,Ahmedabad,Gujarat,West,Paid Search,2025-03-10,18-24,,
13940,F,1991,Mumbai,Maharashtra,West,Paid Social,2025-03-10,25-34,2025-03-12,2025-03
13941,M,1996,Noida,Uttar Pradesh,North,Referral,2025-03-10,25-34,,
13942,M,1992,Jaipur,Rajasthan,North,Organic Search,2025-03-10,25-34,2025-03-10,2025-03
13943,M,1997,Gurugram,Haryana,North,Email,2025-03-10,25-34,2025-03-15,2025-03
13944,F,1985,Hyderabad,Telangana,South,Paid Social,2025-03-10,35-44,2025-03-13,2025-03
13945,M,1993,Jaipur,Rajasthan,North,Paid Social,2025-03-10,25-34,2025-03-10,2025-03
13946,M,2001,Mumbai,Maharashtra,West,Organic Search,2025-03-11,18-24,2025-03-12,2025-03
13947,M,1987,Kolkata,West Bengal,East,Paid Social,2025-03-11,35-44,2025-03-11,2025-03
13948,M,1992,Kolkata,West Bengal,East,Paid Search,2025-03-11,25-34,2025-03-12,2025-03
13949,F,1993,Hyderabad,Telangana,South,Organic Search,2025-03-11,25-34,2025-03-16,2025-03
13950,M,1981,Hyderabad,Telangana,South,Email,2025-03-11,35-44,2025-03-14,2025-03
13951,F,1999,Kolkata,West Bengal,East,Paid Search,2025-03-11,25-34,2025-03-14,2025-03
13952,M,1989,Hyderabad,Telangana,South,Organic Search,2025-03-11,35-44,2025-03-19,2025-03
13953,F,1993,Mumbai,Maharashtra,West,Paid Search,2025-03-11,25-34,2025-03-13,2025-03
13954,F,1998,Delhi,Delhi,North,Organic Search,2025-03-11,25-34,2025-03-12,2025-03
13955,M,1999,Noida,Uttar Pradesh,North,Affiliate,2025-03-11,25-34,2025-03-15,2025-03
13956,F,1984,Mumbai,Maharashtra,West,Organic Search,2025-03-11,35-44,,
13957,F,1997,Lucknow,Uttar Pradesh,North,Paid Social,2025-03-11,25-34,2025-03-16,2025-03
13958,F,2001,Chandigarh,Chandigarh,North,Referral,2025-03-11,18-24,2025-03-12,2025-03
13959,F,1988,Delhi,Delhi,North,Organic Search,2025-03-11,35-44,,
13960,M,2000,Ahmedabad,Gujarat,West,Paid Search,2025-03-11,25-34,2025-03-14,2025-03
13961,F,1997,Mumbai,Maharashtra,West,Paid Social,2025-03-11,25-34,,
13962,F,1997,Lucknow,Uttar Pradesh,North,Email,2025-03-11,25-34,2025-03-17,2025-03
13963,F,2000,Indore,Madhya Pradesh,West,Paid Social,2025-03-11,25-34,,
13964,F,1986,Jaipur,Rajasthan,North,Organic Search,2025-03-11,35-44,,
13965,F,1986,Pune,Maharashtra,West,Paid Search,2025-03-11,35-44,,
13966,F,2003,Lucknow,Uttar Pradesh,North,Paid Search,2025-03-12,18-24,,
13967,F,1991,Bengaluru,Karnataka,South,Paid Search,2025-03-12,25-34,2025-03-13,2025-03
13968,M,1982,Chennai,Tamil Nadu,South,Affiliate,2025-03-12,35-44,,
13969,M,1992,Delhi,Delhi,North,Organic Search,2025-03-12,25-34,2025-03-20,2025-03
13970,F,1993,Hyderabad,Telangana,South,Paid Search,2025-03-12,25-34,2025-03-13,2025-03
13971,F,1995,Chennai,Tamil Nadu,South,Paid Social,2025-03-12,25-34,,
13972,M,1990,Kolkata,West Bengal,East,Organic Search,2025-03-12,35-44,2025-03-13,2025-03
13973,M,2006,Hyderabad,Telangana,South,Paid Social,2025-03-12,18-24,,
13974,M,1986,Ahmedabad,Gujarat,West,Organic Search,2025-03-12,35-44,2025-03-12,2025-03
13975,F,1978,Delhi,Delhi,North,Referral,2025-03-12,45+,2025-03-19,2025-03
13976,M,1982,Delhi,Delhi,North,Organic Search,2025-03-12,35-44,2025-03-19,2025-03
13977,F,1987,Noida,Uttar Pradesh,North,Paid Social,2025-03-12,35-44,2025-03-14,2025-03
13978,F,1997,Mumbai,Maharashtra,West,Paid Social,2025-03-12,25-34,,
13979,M,1992,Kolkata,West Bengal,East,Paid Search,2025-03-12,25-34,2025-03-12,2025-03
13980,F,1996,Gurugram,Haryana,North,Paid Search,2025-03-12,25-34,2025-03-27,2025-03
13981,M,1988,Pune,Maharashtra,West,Paid Social,2025-03-13,35-44,2025-03-19,2025-03
13982,M,1997,Kolkata,West Bengal,East,Referral,2025-03-13,25-34,2025-03-14,2025-03
13983,M,1981,Delhi,Delhi,North,Paid Search,2025-03-13,35-44,2025-03-13,2025-03
13984,F,1995,Delhi,Delhi,North,Paid Social,2025-03-13,25-34,2025-03-15,2025-03
13985,F,1998,Lucknow,Uttar Pradesh,North,Paid Social,2025-03-13,25-34,2025-03-17,2025-03
13986,M,1986,Noida,Uttar Pradesh,North,Paid Search,2025-03-13,35-44,2025-03-16,2025-03
13987,F,2006,Pune,Maharashtra,West,Referral,2025-03-13,18-24,2025-03-18,2025-03
13988,M,1978,Mumbai,Maharashtra,West,Organic Search,2025-03-13,45+,2025-03-13,2025-03
13989,F,1999,Ahmedabad,Gujarat,West,Paid Social,2025-03-13,25-34,2025-03-16,2025-03
13990,F,2000,Gurugram,Haryana,North,Affiliate,2025-03-13,25-34,,
13991,M,1986,Bengaluru,Karnataka,South,Paid Social,2025-03-13,35-44,2025-03-17,2025-03
13992,F,1996,Noida,Uttar Pradesh,North,Paid Social,2025-03-13,25-34,2025-03-14,2025-03
13993,M,1986,Mumbai,Maharashtra,West,Referral,2025-03-14,35-44,2025-03-16,2025-03
13994,F,1996,Delhi,Delhi,North,Paid Search,2025-03-14,25-34,2025-03-20,2025-03
13995,F,1992,Hyderabad,Telangana,South,Paid Search,2025-03-14,25-34,2025-03-16,2025-03
13996,M,1993,Bengaluru,Karnataka,South,Organic Search,2025-03-14,25-34,2025-03-15,2025-03
13997,F,1989,Noida,Uttar Pradesh,North,Organic Search,2025-03-14,35-44,2025-03-17,2025-03
13998,F,1989,Indore,Madhya Pradesh,West,Organic Search,2025-03-14,35-44,2025-03-15,2025-03
13999,F,1987,Mumbai,Maharashtra,West,Referral,2025-03-14,35-44,2025-03-17,2025-03
14000,M,1998,Hyderabad,Telangana,South,Paid Search,2025-03-14,25-34,2025-03-15,2025-03
14001,F,2006,Kolkata,West Bengal,East,Affiliate,2025-03-14,18-24,2025-03-14,2025-03
14002,M,2006,Delhi,Delhi,North,Organic Search,2025-03-14,18-24,2025-03-15,2025-03
14003,M,2001,Pune,Maharashtra,West,Organic Search,2025-03-14,18-24,2025-03-15,2025-03
14004,F,1993,Lucknow,Uttar Pradesh,North,Paid Social,2025-03-14,25-34,2025-03-17,2025-03
14005,F,2001,Bengaluru,Karnataka,South,Organic Search,2025-03-14,18-24,2025-03-17,2025-03
14006,F,1996,Delhi,Delhi,North,Paid Social,2025-03-14,25-34,,
14007,M,1991,Ahmedabad,Gujarat,West,Organic Search,2025-03-14,25-34,2025-03-15,2025-03
14008,M,2006,Chennai,Tamil Nadu,South,Organic Search,2025-03-14,18-24,2025-03-22,2025-03
14009,M,2001,Mumbai,Maharashtra,West,Paid Social,2025-03-15,18-24,,
14010,M,1987,Chennai,Tamil Nadu,South,Paid Social,2025-03-15,35-44,,
14011,F,2001,Gurugram,Haryana,North,Organic Search,2025-03-15,18-24,2025-03-15,2025-03
14012,F,1998,Kochi,Kerala,South,Organic Search,2025-03-15,25-34,2025-03-24,2025-03
14013,F,1986,Hyderabad,Telangana,South,Paid Search,2025-03-15,35-44,2025-03-16,2025-03
14014,M,1994,Mumbai,Maharashtra,West,Organic Search,2025-03-15,25-34,2025-03-15,2025-03
14015,F,1993,Delhi,Delhi,North,Affiliate,2025-03-15,25-34,2025-03-15,2025-03
14016,M,1973,Pune,Maharashtra,West,Paid Social,2025-03-15,45+,2025-03-25,2025-03
14017,F,1982,Bengaluru,Karnataka,South,Organic Search,2025-03-15,35-44,2025-03-16,2025-03
14018,F,2002,Delhi,Delhi,North,Paid Search,2025-03-15,18-24,2025-03-18,2025-03
14019,M,1988,Kolkata,West Bengal,East,Organic Search,2025-03-15,35-44,,
14020,F,1998,Hyderabad,Telangana,South,Organic Search,2025-03-15,25-34,2025-03-19,2025-03
14021,M,2004,Kolkata,West Bengal,East,Affiliate,2025-03-15,18-24,2025-03-24,2025-03
14022,M,1977,Jaipur,Rajasthan,North,Organic Search,2025-03-16,45+,2025-03-17,2025-03
14023,M,2006,Mumbai,Maharashtra,West,Email,2025-03-16,18-24,2025-03-19,2025-03
14024,F,1992,Lucknow,Uttar Pradesh,North,Email,2025-03-16,25-34,2025-03-30,2025-03
14025,M,1997,Jaipur,Rajasthan,North,Referral,2025-03-16,25-34,2025-03-16,2025-03
14026,M,2006,Gurugram,Haryana,North,Paid Social,2025-03-16,18-24,2025-03-20,2025-03
14027,M,2001,Delhi,Delhi,North,Organic Search,2025-03-16,18-24,2025-03-16,2025-03
14028,M,1992,Bengaluru,Karnataka,South,Referral,2025-03-16,25-34,2025-03-18,2025-03
14029,M,1989,Gurugram,Haryana,North,Referral,2025-03-16,35-44,2025-03-29,2025-03
14030,M,1990,Delhi,Delhi,North,Paid Social,2025-03-16,35-44,2025-03-21,2025-03
14031,F,1989,Pune,Maharashtra,West,Organic Search,2025-03-16,35-44,2025-03-23,2025-03
14032,F,2004,Bengaluru,Karnataka,South,Organic Search,2025-03-17,18-24,2025-03-17,2025-03
14033,F,1998,Hyderabad,Telangana,South,Organic Search,2025-03-17,25-34,2025-03-18,2025-03
14034,F,1995,Ahmedabad,Gujarat,West,Organic Search,2025-03-17,25-34,,
14035,F,1992,Noida,Uttar Pradesh,North,Paid Social,2025-03-17,25-34,2025-03-21,2025-03
14036,F,1999,Ahmedabad,Gujarat,West,Email,2025-03-17,25-34,2025-03-22,2025-03
14037,M,1978,Bengaluru,Karnataka,South,Paid Social,2025-03-17,45+,,
14038,F,2006,Lucknow,Uttar Pradesh,North,Paid Social,2025-03-17,18-24,2025-03-18,2025-03
14039,F,1991,Gurugram,Haryana,North,Referral,2025-03-17,25-34,2025-04-04,2025-04
14040,F,1986,Kochi,Kerala,South,Paid Social,2025-03-18,35-44,2025-03-20,2025-03
14041,M,2003,Delhi,Delhi,North,Paid Search,2025-03-18,18-24,2025-03-19,2025-03
14042,F,2002,Jaipur,Rajasthan,North,Referral,2025-03-18,18-24,2025-03-18,2025-03
14043,M,1993,Lucknow,Uttar Pradesh,North,Paid Search,2025-03-18,25-34,2025-03-19,2025-03
14044,M,2004,Chennai,Tamil Nadu,South,Affiliate,2025-03-18,18-24,2025-03-18,2025-03
14045,M,2002,Pune,Maharashtra,West,Organic Search,2025-03-18,18-24,2025-03-23,2025-03
14046,F,1997,Kolkata,West Bengal,East,Paid Social,2025-03-18,25-34,2025-03-18,2025-03
14047,M,1980,Hyderabad,Telangana,South,Paid Social,2025-03-18,45+,2025-03-18,2025-03
14048,M,1995,Hyderabad,Telangana,South,Paid Search,2025-03-18,25-34,2025-03-21,2025-03
14049,M,1994,Gurugram,Haryana,North,Paid Search,2025-03-18,25-34,2025-04-03,2025-04
14050,F,1992,Mumbai,Maharashtra,West,Organic Search,2025-03-18,25-34,2025-03-18,2025-03
14051,M,1991,Hyderabad,Telangana,South,Referral,2025-03-18,25-34,2025-03-18,2025-03
14052,M,2000,Kolkata,West Bengal,East,Paid Search,2025-03-18,25-34,,
14053,M,1984,Chennai,Tamil Nadu,South,Paid Search,2025-03-18,35-44,2025-03-24,2025-03
14054,F,2003,Kolkata,West Bengal,East,Email,2025-03-18,18-24,2025-03-24,2025-03
14055,M,1993,Bengaluru,Karnataka,South,Paid Social,2025-03-19,25-34,,
14056,M,1987,Pune,Maharashtra,West,Email,2025-03-19,35-44,2025-04-06,2025-04
14057,M,1991,Pune,Maharashtra,West,Organic Search,2025-03-19,25-34,2025-03-21,2025-03
14058,M,1995,Mumbai,Maharashtra,West,Paid Search,2025-03-19,25-34,2025-03-21,2025-03
14059,F,2005,Gurugram,Haryana,North,Organic Search,2025-03-19,18-24,2025-03-22,2025-03
14060,F,1999,Jaipur,Rajasthan,North,Email,2025-03-19,25-34,,
14061,F,2003,Delhi,Delhi,North,Referral,2025-03-19,18-24,2025-03-19,2025-03
14062,M,1993,Delhi,Delhi,North,Referral,2025-03-19,25-34,2025-03-20,2025-03
14063,M,1992,Chandigarh,Chandigarh,North,Paid Social,2025-03-19,25-34,2025-03-19,2025-03
14064,M,2006,Bengaluru,Karnataka,South,Organic Search,2025-03-19,18-24,2025-03-20,2025-03
14065,F,1992,Indore,Madhya Pradesh,West,Paid Search,2025-03-19,25-34,2025-03-19,2025-03
14066,M,1989,Ahmedabad,Gujarat,West,Paid Social,2025-03-19,35-44,2025-03-20,2025-03
14067,F,1988,Bengaluru,Karnataka,South,Organic Search,2025-03-19,35-44,2025-03-22,2025-03
14068,M,1996,Mumbai,Maharashtra,West,Paid Social,2025-03-20,25-34,,
14069,F,1985,Mumbai,Maharashtra,West,Email,2025-03-20,35-44,2025-03-27,2025-03
14070,F,1995,Pune,Maharashtra,West,Paid Search,2025-03-20,25-34,2025-03-30,2025-03
14071,F,1995,Delhi,Delhi,North,Paid Social,2025-03-20,25-34,2025-03-20,2025-03
14072,M,1998,Ahmedabad,Gujarat,West,Paid Social,2025-03-20,25-34,2025-03-29,2025-03
14073,M,1980,Hyderabad,Telangana,South,Organic Search,2025-03-20,45+,2025-03-20,2025-03
14074,M,1978,Lucknow,Uttar Pradesh,North,Paid Search,2025-03-20,45+,2025-03-21,2025-03
14075,F,1990,Chennai,Tamil Nadu,South,Paid Social,2025-03-20,35-44,,
14076,F,1992,Lucknow,Uttar Pradesh,North,Referral,2025-03-20,25-34,2025-03-20,2025-03
14077,M,1985,Pune,Maharashtra,West,Paid Search,2025-03-20,35-44,2025-03-27,2025-03
14078,M,1983,Chennai,Tamil Nadu,South,Organic Search,2025-03-20,35-44,2025-03-21,2025-03
14079,F,1997,Bengaluru,Karnataka,South,Organic Search,2025-03-20,25-34,2025-03-20,2025-03
14080,M,1991,Ahmedabad,Gujarat,West,Paid Social,2025-03-20,25-34,2025-03-24,2025-03
14081,F,2000,Bengaluru,Karnataka,South,Paid Search,2025-03-20,25-34,,
14082,M,1982,Delhi,Delhi,North,Paid Social,2025-03-20,35-44,2025-03-22,2025-03
14083,F,1993,Bengaluru,Karnataka,South,Organic Search,2025-03-20,25-34,2025-03-20,2025-03
14084,M,2006,Indore,Madhya Pradesh,West,Referral,2025-03-20,18-24,2025-03-26,2025-03
14085,M,1991,Delhi,Delhi,North,Paid Search,2025-03-20,25-34,2025-03-27,2025-03
14086,F,1989,Delhi,Delhi,North,Organic Search,2025-03-21,35-44,,
14087,M,2001,Kolkata,West Bengal,East,Paid Social,2025-03-21,18-24,2025-03-22,2025-03
14088,M,2003,Gurugram,Haryana,North,Referral,2025-03-21,18-24,2025-03-24,2025-03
14089,M,1988,Chennai,Tamil Nadu,South,Affiliate,2025-03-21,35-44,2025-03-24,2025-03
14090,M,1989,Jaipur,Rajasthan,North,Affiliate,2025-03-21,35-44,2025-03-31,2025-03
14091,M,2000,Mumbai,Maharashtra,West,Paid Search,2025-03-21,25-34,2025-03-21,2025-03
14092,F,1996,Ahmedabad,Gujarat,West,Paid Social,2025-03-22,25-34,2025-03-29,2025-03
14093,F,1996,Bengaluru,Karnataka,South,Paid Social,2025-03-22,25-34,2025-03-22,2025-03
14094,F,1995,Pune,Maharashtra,West,Paid Social,2025-03-22,25-34,,
14095,F,1993,Mumbai,Maharashtra,West,Organic Search,2025-03-22,25-34,2025-03-23,2025-03
14096,F,2002,Pune,Maharashtra,West,Paid Social,2025-03-22,18-24,,
14097,F,2005,Bengaluru,Karnataka,South,Affiliate,2025-03-22,18-24,2025-03-27,2025-03
14098,M,1985,Mumbai,Maharashtra,West,Organic Search,2025-03-22,35-44,2025-03-22,2025-03
14099,M,2001,Ahmedabad,Gujarat,West,Paid Search,2025-03-22,18-24,2025-03-23,2025-03
14100,F,1993,Mumbai,Maharashtra,West,Organic Search,2025-03-22,25-34,2025-03-22,2025-03
14101,F,1983,Chandigarh,Chandigarh,North,Paid Search,2025-03-22,35-44,2025-04-11,2025-04
14102,M,1986,Jaipur,Rajasthan,North,Paid Social,2025-03-22,35-44,,
14103,M,1990,Noida,Uttar Pradesh,North,Paid Search,2025-03-23,35-44,2025-03-27,2025-03
14104,M,2002,Hyderabad,Telangana,South,Paid Search,2025-03-23,18-24,,
14105,M,1985,Kolkata,West Bengal,East,Referral,2025-03-23,35-44,2025-04-01,2025-04
14106,M,1979,Delhi,Delhi,North,Organic Search,2025-03-23,45+,2025-03-25,2025-03
14107,M,1991,Noida,Uttar Pradesh,North,Referral,2025-03-23,25-34,2025-03-23,2025-03
14108,M,1990,Kolkata,West Bengal,East,Referral,2025-03-23,35-44,2025-04-05,2025-04
14109,M,2002,Mumbai,Maharashtra,West,Paid Social,2025-03-23,18-24,2025-03-23,2025-03
14110,F,1996,Mumbai,Maharashtra,West,Paid Search,2025-03-23,25-34,2025-03-29,2025-03
14111,F,1999,Bengaluru,Karnataka,South,Affiliate,2025-03-24,25-34,2025-03-24,2025-03
14112,F,1990,Mumbai,Maharashtra,West,Paid Search,2025-03-24,35-44,2025-03-24,2025-03
14113,F,1984,Pune,Maharashtra,West,Organic Search,2025-03-24,35-44,2025-03-28,2025-03
14114,F,2004,Kochi,Kerala,South,Organic Search,2025-03-24,18-24,2025-04-07,2025-04
14115,F,1989,Ahmedabad,Gujarat,West,Email,2025-03-24,35-44,2025-03-30,2025-03
14116,M,1999,Bengaluru,Karnataka,South,Organic Search,2025-03-24,25-34,2025-03-27,2025-03
14117,F,1991,Noida,Uttar Pradesh,North,Paid Search,2025-03-24,25-34,2025-03-26,2025-03
14118,M,1999,Lucknow,Uttar Pradesh,North,Paid Social,2025-03-24,25-34,2025-03-28,2025-03
14119,F,1996,Chennai,Tamil Nadu,South,Paid Social,2025-03-24,25-34,2025-03-28,2025-03
14120,F,1995,Kochi,Kerala,South,Paid Social,2025-03-25,25-34,2025-03-26,2025-03
14121,F,1997,Hyderabad,Telangana,South,Paid Search,2025-03-25,25-34,2025-03-27,2025-03
14122,M,1992,Delhi,Delhi,North,Paid Social,2025-03-25,25-34,2025-03-25,2025-03
14123,F,1980,Hyderabad,Telangana,South,Organic Search,2025-03-25,45+,2025-03-29,2025-03
14124,M,1996,Delhi,Delhi,North,Organic Search,2025-03-25,25-34,2025-03-28,2025-03
14125,M,2003,Indore,Madhya Pradesh,West,Organic Search,2025-03-25,18-24,2025-03-31,2025-03
14126,M,1993,Bengaluru,Karnataka,South,Paid Search,2025-03-25,25-34,2025-04-01,2025-04
14127,F,1991,Mumbai,Maharashtra,West,Organic Search,2025-03-25,25-34,2025-03-27,2025-03
14128,M,1996,Pune,Maharashtra,West,Paid Social,2025-03-25,25-34,2025-04-07,2025-04
14129,F,2001,Bengaluru,Karnataka,South,Organic Search,2025-03-26,18-24,,
14130,M,1991,Chennai,Tamil Nadu,South,Paid Search,2025-03-26,25-34,2025-04-03,2025-04
14131,F,1982,Gurugram,Haryana,North,Organic Search,2025-03-26,35-44,2025-03-30,2025-03
14132,M,1995,Delhi,Delhi,North,Paid Search,2025-03-26,25-34,2025-03-26,2025-03
14133,M,1996,Bengaluru,Karnataka,South,Referral,2025-03-26,25-34,2025-03-28,2025-03
14134,F,1995,Lucknow,Uttar Pradesh,North,Paid Search,2025-03-26,25-34,2025-03-30,2025-03
14135,F,1990,Noida,Uttar Pradesh,North,Paid Social,2025-03-26,35-44,2025-04-05,2025-04
14136,M,1996,Noida,Uttar Pradesh,North,Paid Search,2025-03-26,25-34,,
14137,M,1992,Noida,Uttar Pradesh,North,Organic Search,2025-03-27,25-34,,
14138,F,1990,Pune,Maharashtra,West,Paid Search,2025-03-27,35-44,,
14139,M,1991,Kolkata,West Bengal,East,Paid Search,2025-03-27,25-34,,
14140,M,1995,Hyderabad,Telangana,South,Referral,2025-03-27,25-34,2025-03-30,2025-03
14141,M,1996,Ahmedabad,Gujarat,West,Organic Search,2025-03-27,25-34,2025-03-27,2025-03
14142,F,1989,Delhi,Delhi,North,Affiliate,2025-03-27,35-44,2025-03-27,2025-03
14143,M,1995,Bengaluru,Karnataka,South,Paid Social,2025-03-27,25-34,2025-03-30,2025-03
14144,M,1997,Mumbai,Maharashtra,West,Paid Search,2025-03-27,25-34,2025-03-27,2025-03
14145,F,1998,Hyderabad,Telangana,South,Affiliate,2025-03-27,25-34,2025-03-28,2025-03
14146,F,1997,Pune,Maharashtra,West,Organic Search,2025-03-27,25-34,2025-03-29,2025-03
14147,F,2004,Bengaluru,Karnataka,South,Referral,2025-03-27,18-24,2025-03-28,2025-03
14148,F,1999,Noida,Uttar Pradesh,North,Organic Search,2025-03-27,25-34,2025-03-27,2025-03
14149,M,2006,Chennai,Tamil Nadu,South,Paid Social,2025-03-27,18-24,2025-03-27,2025-03
14150,F,2002,Hyderabad,Telangana,South,Organic Search,2025-03-27,18-24,2025-04-01,2025-04
14151,M,2001,Mumbai,Maharashtra,West,Email,2025-03-27,18-24,2025-03-27,2025-03
14152,M,1984,Kolkata,West Bengal,East,Paid Search,2025-03-28,35-44,,
14153,F,2000,Gurugram,Haryana,North,Paid Social,2025-03-28,25-34,2025-04-05,2025-04
14154,F,2000,Delhi,Delhi,North,Affiliate,2025-03-28,25-34,2025-04-01,2025-04
14155,F,1993,Hyderabad,Telangana,South,Organic Search,2025-03-28,25-34,2025-04-02,2025-04
14156,M,1977,Indore,Madhya Pradesh,West,Affiliate,2025-03-28,45+,2025-03-31,2025-03
14157,F,1975,Delhi,Delhi,North,Paid Social,2025-03-28,45+,,
14158,M,1991,Gurugram,Haryana,North,Referral,2025-03-28,25-34,2025-04-01,2025-04
14159,M,1989,Delhi,Delhi,North,Paid Search,2025-03-28,35-44,2025-04-03,2025-04
14160,M,1982,Gurugram,Haryana,North,Referral,2025-03-28,35-44,,
14161,F,1997,Mumbai,Maharashtra,West,Email,2025-03-28,25-34,2025-04-08,2025-04
14162,M,1984,Delhi,Delhi,North,Paid Search,2025-03-28,35-44,2025-03-29,2025-03
14163,F,1980,Pune,Maharashtra,West,Referral,2025-03-28,45+,,
14164,F,2006,Indore,Madhya Pradesh,West,Affiliate,2025-03-28,18-24,,
14165,M,1998,Bengaluru,Karnataka,South,Referral,2025-03-28,25-34,2025-04-06,2025-04
14166,M,1990,Kolkata,West Bengal,East,Affiliate,2025-03-28,35-44,2025-03-30,2025-03
14167,M,1982,Delhi,Delhi,North,Referral,2025-03-28,35-44,2025-03-30,2025-03
14168,M,1986,Delhi,Delhi,North,Paid Search,2025-03-29,35-44,2025-04-01,2025-04
14169,M,1989,Delhi,Delhi,North,Referral,2025-03-29,35-44,2025-04-02,2025-04
14170,M,1989,Chandigarh,Chandigarh,North,Paid Social,2025-03-29,35-44,2025-04-01,2025-04
14171,M,1991,Pune,Maharashtra,West,Organic Search,2025-03-29,25-34,2025-03-31,2025-03
14172,M,1984,Delhi,Delhi,North,Organic Search,2025-03-29,35-44,2025-03-29,2025-03
14173,F,1987,Bengaluru,Karnataka,South,Organic Search,2025-03-29,35-44,2025-03-31,2025-03
14174,M,1980,Kolkata,West Bengal,East,Referral,2025-03-29,45+,,
14175,F,1978,Lucknow,Uttar Pradesh,North,Referral,2025-03-29,45+,2025-03-29,2025-03
14176,F,1981,Delhi,Delhi,North,Referral,2025-03-29,35-44,2025-04-06,2025-04
14177,M,1989,Hyderabad,Telangana,South,Organic Search,2025-03-30,35-44,2025-03-31,2025-03
14178,M,1991,Hyderabad,Telangana,South,Organic Search,2025-03-30,25-34,2025-04-02,2025-04
14179,M,1997,Delhi,Delhi,North,Paid Search,2025-03-30,25-34,2025-04-01,2025-04
14180,M,1997,Indore,Madhya Pradesh,West,Paid Social,2025-03-30,25-34,2025-03-31,2025-03
14181,F,1998,Lucknow,Uttar Pradesh,North,Email,2025-03-30,25-34,2025-04-05,2025-04
14182,F,1991,Bengaluru,Karnataka,South,Email,2025-03-30,25-34,2025-04-05,2025-04
14183,M,1999,Bengaluru,Karnataka,South,Organic Search,2025-03-30,25-34,2025-04-19,2025-04
14184,F,1976,Noida,Uttar Pradesh,North,Referral,2025-03-30,45+,2025-04-04,2025-04
14185,F,1998,Lucknow,Uttar Pradesh,North,Paid Social,2025-03-30,25-34,,
14186,M,1993,Indore,Madhya Pradesh,West,Affiliate,2025-03-30,25-34,2025-03-31,2025-03
14187,F,2001,Ahmedabad,Gujarat,West,Referral,2025-03-30,18-24,2025-03-30,2025-03
14188,F,1972,Chennai,Tamil Nadu,South,Paid Social,2025-03-31,45+,,
14189,F,2001,Pune,Maharashtra,West,Referral,2025-03-31,18-24,2025-04-03,2025-04
14190,F,1980,Hyderabad,Telangana,South,Paid Search,2025-03-31,45+,2025-03-31,2025-03
14191,F,2002,Bengaluru,Karnataka,South,Referral,2025-03-31,18-24,2025-04-07,2025-04
14192,F,1987,Bengaluru,Karnataka,South,Referral,2025-03-31,35-44,2025-03-31,2025-03
14193,F,1997,Noida,Uttar Pradesh,North,Email,2025-03-31,25-34,2025-04-03,2025-04
14194,M,1993,Jaipur,Rajasthan,North,Organic Search,2025-03-31,25-34,2025-04-01,2025-04
14195,M,2002,Ahmedabad,Gujarat,West,Email,2025-03-31,18-24,2025-04-03,2025-04
14196,F,1995,Delhi,Delhi,North,Organic Search,2025-03-31,25-34,2025-03-31,2025-03
14197,M,2006,Delhi,Delhi,North,Referral,2025-03-31,18-24,2025-04-01,2025-04
14198,M,1988,Delhi,Delhi,North,Affiliate,2025-03-31,35-44,2025-04-01,2025-04
14199,F,1985,Kochi,Kerala,South,Organic Search,2025-03-31,35-44,2025-04-01,2025-04
14200,F,1988,Bengaluru,Karnataka,South,Paid Social,2025-04-01,35-44,2025-04-05,2025-04
14201,F,1999,Chennai,Tamil Nadu,South,Paid Social,2025-04-01,25-34,2025-04-02,2025-04
14202,M,1999,Kolkata,West Bengal,East,Referral,2025-04-01,25-34,2025-04-06,2025-04
14203,M,1983,Bengaluru,Karnataka,South,Organic Search,2025-04-01,35-44,,
14204,M,1987,Pune,Maharashtra,West,Email,2025-04-01,35-44,2025-04-02,2025-04
14205,M,1996,Pune,Maharashtra,West,Affiliate,2025-04-01,25-34,2025-04-02,2025-04
14206,F,2003,Bengaluru,Karnataka,South,Paid Social,2025-04-01,18-24,,
14207,F,1988,Chennai,Tamil Nadu,South,Paid Search,2025-04-01,35-44,2025-04-03,2025-04
14208,M,1982,Hyderabad,Telangana,South,Paid Social,2025-04-01,35-44,,
14209,F,2002,Pune,Maharashtra,West,Organic Search,2025-04-02,18-24,2025-04-04,2025-04
14210,F,1980,Hyderabad,Telangana,South,Referral,2025-04-02,45+,2025-04-03,2025-04
14211,F,1998,Pune,Maharashtra,West,Organic Search,2025-04-02,25-34,2025-04-10,2025-04
14212,M,1976,Mumbai,Maharashtra,West,Paid Search,2025-04-02,45+,2025-04-03,2025-04
14213,M,1993,Jaipur,Rajasthan,North,Organic Search,2025-04-02,25-34,2025-04-02,2025-04
14214,F,1991,Delhi,Delhi,North,Referral,2025-04-02,25-34,2025-04-06,2025-04
14215,F,1987,Noida,Uttar Pradesh,North,Paid Social,2025-04-02,35-44,,
14216,M,2005,Bengaluru,Karnataka,South,Paid Social,2025-04-02,18-24,2025-04-02,2025-04
14217,M,1993,Gurugram,Haryana,North,Organic Search,2025-04-02,25-34,2025-04-06,2025-04
14218,F,1992,Kochi,Kerala,South,Paid Search,2025-04-02,25-34,2025-04-11,2025-04
14219,M,1991,Delhi,Delhi,North,Paid Search,2025-04-02,25-34,2025-04-05,2025-04
14220,M,1987,Delhi,Delhi,North,Paid Social,2025-04-02,35-44,2025-04-09,2025-04
14221,F,2006,Pune,Maharashtra,West,Organic Search,2025-04-02,18-24,,
14222,M,1990,Noida,Uttar Pradesh,North,Paid Social,2025-04-02,35-44,2025-04-11,2025-04
14223,F,2006,Delhi,Delhi,North,Paid Search,2025-04-03,18-24,2025-04-15,2025-04
14224,M,1987,Delhi,Delhi,North,Email,2025-04-03,35-44,2025-04-09,2025-04
14225,M,1994,Pune,Maharashtra,West,Paid Search,2025-04-03,25-34,2025-04-07,2025-04
14226,F,1990,Lucknow,Uttar Pradesh,North,Organic Search,2025-04-03,35-44,2025-04-05,2025-04
14227,F,1987,Ahmedabad,Gujarat,West,Organic Search,2025-04-03,35-44,2025-04-17,2025-04
14228,M,1992,Gurugram,Haryana,North,Organic Search,2025-04-03,25-34,,
14229,M,2006,Delhi,Delhi,North,Organic Search,2025-04-03,18-24,2025-04-03,2025-04
14230,F,2004,Delhi,Delhi,North,Referral,2025-04-03,18-24,2025-04-12,2025-04
14231,F,1994,Delhi,Delhi,North,Referral,2025-04-03,25-34,2025-04-07,2025-04
14232,F,1983,Hyderabad,Telangana,South,Organic Search,2025-04-03,35-44,2025-04-05,2025-04
14233,F,1996,Mumbai,Maharashtra,West,Email,2025-04-03,25-34,,
14234,M,1989,Bengaluru,Karnataka,South,Organic Search,2025-04-04,35-44,2025-04-10,2025-04
14235,M,1986,Chennai,Tamil Nadu,South,Referral,2025-04-04,35-44,2025-04-07,2025-04
14236,M,1999,Noida,Uttar Pradesh,North,Organic Search,2025-04-04,25-34,2025-04-04,2025-04
14237,M,1983,Chennai,Tamil Nadu,South,Paid Search,2025-04-04,35-44,,
14238,F,1994,Bengaluru,Karnataka,South,Referral,2025-04-04,25-34,2025-04-07,2025-04
14239,M,1997,Bengaluru,Karnataka,South,Organic Search,2025-04-04,25-34,,
14240,M,1999,Chennai,Tamil Nadu,South,Organic Search,2025-04-04,25-34,2025-04-04,2025-04
14241,F,1983,Delhi,Delhi,North,Referral,2025-04-04,35-44,,
14242,M,2006,Ahmedabad,Gujarat,West,Paid Social,2025-04-04,18-24,2025-04-08,2025-04
14243,M,1996,Pune,Maharashtra,West,Email,2025-04-04,25-34,2025-04-04,2025-04
14244,F,1993,Bengaluru,Karnataka,South,Paid Social,2025-04-04,25-34,2025-04-14,2025-04
14245,F,1983,Lucknow,Uttar Pradesh,North,Organic Search,2025-04-04,35-44,2025-04-08,2025-04
14246,F,1987,Delhi,Delhi,North,Paid Social,2025-04-04,35-44,2025-04-04,2025-04
14247,M,1990,Kolkata,West Bengal,East,Referral,2025-04-04,35-44,2025-04-06,2025-04
14248,F,1993,Mumbai,Maharashtra,West,Organic Search,2025-04-04,25-34,,
14249,F,1996,Lucknow,Uttar Pradesh,North,Organic Search,2025-04-04,25-34,2025-04-10,2025-04
14250,M,1990,Delhi,Delhi,North,Paid Social,2025-04-05,35-44,,
14251,M,2005,Indore,Madhya Pradesh,West,Referral,2025-04-05,18-24,2025-04-11,2025-04
14252,F,1990,Gurugram,Haryana,North,Paid Search,2025-04-05,35-44,2025-04-08,2025-04
14253,F,1995,Gurugram,Haryana,North,Referral,2025-04-05,25-34,,
14254,M,2002,Kolkata,West Bengal,East,Organic Search,2025-04-05,18-24,,
14255,F,1989,Delhi,Delhi,North,Paid Search,2025-04-05,35-44,2025-04-06,2025-04
14256,M,1982,Gurugram,Haryana,North,Referral,2025-04-05,35-44,,
14257,F,1990,Bengaluru,Karnataka,South,Organic Search,2025-04-05,35-44,2025-04-09,2025-04
14258,F,2001,Noida,Uttar Pradesh,North,Paid Search,2025-04-05,18-24,2025-04-08,2025-04
14259,M,1994,Gurugram,Haryana,North,Paid Social,2025-04-05,25-34,2025-04-06,2025-04
14260,F,1999,Ahmedabad,Gujarat,West,Paid Search,2025-04-05,25-34,2025-04-06,2025-04
14261,F,1983,Bengaluru,Karnataka,South,Email,2025-04-05,35-44,2025-04-05,2025-04
14262,F,1980,Mumbai,Maharashtra,West,Affiliate,2025-04-05,45+,2025-04-07,2025-04
14263,F,1998,Hyderabad,Telangana,South,Paid Social,2025-04-06,25-34,,
14264,F,1996,Hyderabad,Telangana,South,Referral,2025-04-06,25-34,2025-04-15,2025-04
14265,M,1986,Bengaluru,Karnataka,South,Email,2025-04-06,35-44,2025-04-08,2025-04
14266,F,1984,Ahmedabad,Gujarat,West,Paid Social,2025-04-06,35-44,2025-04-08,2025-04
14267,M,1992,Hyderabad,Telangana,South,Referral,2025-04-06,25-34,,
14268,F,1993,Delhi,Delhi,North,Organic Search,2025-04-06,25-34,2025-04-13,2025-04
14269,F,1984,Pune,Maharashtra,West,Referral,2025-04-06,35-44,2025-04-17,2025-04
14270,M,1993,Delhi,Delhi,North,Organic Search,2025-04-06,25-34,2025-04-06,2025-04
14271,M,1982,Noida,Uttar Pradesh,North,Organic Search,2025-04-06,35-44,,
14272,F,1988,Kolkata,West Bengal,East,Paid Social,2025-04-06,35-44,2025-04-09,2025-04
14273,F,1983,Delhi,Delhi,North,Organic Search,2025-04-06,35-44,2025-04-06,2025-04
14274,F,1992,Jaipur,Rajasthan,North,Organic Search,2025-04-06,25-34,,
14275,M,1988,Gurugram,Haryana,North,Paid Social,2025-04-06,35-44,,
14276,M,2004,Ahmedabad,Gujarat,West,Organic Search,2025-04-06,18-24,2025-04-06,2025-04
14277,M,1996,Chennai,Tamil Nadu,South,Email,2025-04-06,25-34,2025-04-17,2025-04
14278,F,1983,Mumbai,Maharashtra,West,Affiliate,2025-04-07,35-44,,
14279,F,2001,Chennai,Tamil Nadu,South,Referral,2025-04-07,18-24,2025-04-12,2025-04
14280,M,1992,Mumbai,Maharashtra,West,Paid Search,2025-04-07,25-34,2025-04-08,2025-04
14281,M,1999,Kochi,Kerala,South,Paid Social,2025-04-07,25-34,2025-04-13,2025-04
14282,M,1983,Chennai,Tamil Nadu,South,Organic Search,2025-04-07,35-44,,
14283,F,1998,Gurugram,Haryana,North,Paid Social,2025-04-07,25-34,2025-04-09,2025-04
14284,F,2006,Chennai,Tamil Nadu,South,Organic Search,2025-04-07,18-24,2025-04-07,2025-04
14285,M,1998,Noida,Uttar Pradesh,North,Paid Search,2025-04-07,25-34,2025-04-10,2025-04
14286,M,1989,Pune,Maharashtra,West,Organic Search,2025-04-07,35-44,2025-04-07,2025-04
14287,M,2002,Noida,Uttar Pradesh,North,Affiliate,2025-04-07,18-24,,
14288,M,1988,Mumbai,Maharashtra,West,Organic Search,2025-04-07,35-44,2025-04-14,2025-04
14289,F,1997,Kolkata,West Bengal,East,Paid Search,2025-04-07,25-34,2025-04-07,2025-04
14290,F,2006,Hyderabad,Telangana,South,Organic Search,2025-04-08,18-24,,
14291,F,1989,Ahmedabad,Gujarat,West,Paid Social,2025-04-08,35-44,2025-04-12,2025-04
14292,F,1997,Kolkata,West Bengal,East,Email,2025-04-08,25-34,2025-04-10,2025-04
14293,M,2006,Mumbai,Maharashtra,West,Organic Search,2025-04-08,18-24,2025-04-13,2025-04
14294,F,2001,Gurugram,Haryana,North,Organic Search,2025-04-08,18-24,2025-04-08,2025-04
14295,F,1999,Hyderabad,Telangana,South,Organic Search,2025-04-08,25-34,2025-04-10,2025-04
14296,F,1978,Delhi,Delhi,North,Paid Social,2025-04-08,45+,2025-04-08,2025-04
14297,M,1986,Hyderabad,Telangana,South,Paid Social,2025-04-08,35-44,,
14298,M,2000,Delhi,Delhi,North,Referral,2025-04-08,25-34,2025-04-08,2025-04
14299,F,1991,Jaipur,Rajasthan,North,Referral,2025-04-09,25-34,2025-04-16,2025-04
14300,M,1989,Mumbai,Maharashtra,West,Organic Search,2025-04-09,35-44,2025-04-10,2025-04
14301,M,2003,Chandigarh,Chandigarh,North,Email,2025-04-09,18-24,2025-04-11,2025-04
14302,M,1999,Lucknow,Uttar Pradesh,North,Referral,2025-04-09,25-34,2025-04-09,2025-04
14303,F,1987,Delhi,Delhi,North,Paid Social,2025-04-09,35-44,,
14304,F,1999,Delhi,Delhi,North,Paid Search,2025-04-09,25-34,2025-04-09,2025-04
14305,M,1986,Hyderabad,Telangana,South,Referral,2025-04-09,35-44,2025-04-09,2025-04
14306,F,1981,Mumbai,Maharashtra,West,Paid Social,2025-04-09,35-44,2025-04-13,2025-04
14307,F,1996,Gurugram,Haryana,North,Paid Search,2025-04-09,25-34,2025-04-20,2025-04
14308,F,1983,Delhi,Delhi,North,Organic Search,2025-04-09,35-44,2025-04-16,2025-04
14309,F,1983,Jaipur,Rajasthan,North,Paid Social,2025-04-09,35-44,2025-04-10,2025-04
14310,F,1985,Mumbai,Maharashtra,West,Paid Social,2025-04-09,35-44,,
14311,F,1995,Mumbai,Maharashtra,West,Organic Search,2025-04-10,25-34,2025-04-10,2025-04
14312,F,1999,Delhi,Delhi,North,Email,2025-04-10,25-34,,
14313,M,1991,Kolkata,West Bengal,East,Organic Search,2025-04-10,25-34,2025-04-15,2025-04
14314,M,1984,Lucknow,Uttar Pradesh,North,Paid Search,2025-04-10,35-44,2025-04-10,2025-04
14315,F,1984,Mumbai,Maharashtra,West,Paid Search,2025-04-10,35-44,,
14316,M,1981,Bengaluru,Karnataka,South,Paid Social,2025-04-10,35-44,,
14317,F,1999,Chandigarh,Chandigarh,North,Organic Search,2025-04-10,25-34,2025-04-10,2025-04
14318,M,1986,Delhi,Delhi,North,Paid Social,2025-04-10,35-44,2025-04-11,2025-04
14319,F,1995,Mumbai,Maharashtra,West,Paid Search,2025-04-10,25-34,2025-04-16,2025-04
14320,M,1979,Ahmedabad,Gujarat,West,Organic Search,2025-04-10,45+,2025-04-10,2025-04
14321,F,2003,Chennai,Tamil Nadu,South,Organic Search,2025-04-10,18-24,2025-04-10,2025-04
14322,F,1993,Mumbai,Maharashtra,West,Paid Search,2025-04-10,25-34,,
14323,M,1981,Chennai,Tamil Nadu,South,Paid Search,2025-04-10,35-44,2025-04-21,2025-04
14324,M,1988,Ahmedabad,Gujarat,West,Organic Search,2025-04-11,35-44,2025-04-11,2025-04
14325,F,1995,Bengaluru,Karnataka,South,Paid Social,2025-04-11,25-34,,
14326,F,1986,Delhi,Delhi,North,Paid Social,2025-04-11,35-44,2025-04-22,2025-04
14327,M,1996,Chennai,Tamil Nadu,South,Affiliate,2025-04-11,25-34,2025-04-16,2025-04
14328,M,2003,Noida,Uttar Pradesh,North,Paid Social,2025-04-11,18-24,2025-04-11,2025-04
14329,M,2000,Chandigarh,Chandigarh,North,Organic Search,2025-04-11,25-34,2025-04-14,2025-04
14330,F,1993,Pune,Maharashtra,West,Paid Search,2025-04-11,25-34,2025-04-19,2025-04
14331,M,2005,Kolkata,West Bengal,East,Organic Search,2025-04-11,18-24,,
14332,M,1995,Mumbai,Maharashtra,West,Paid Social,2025-04-11,25-34,2025-04-11,2025-04
14333,M,1992,Noida,Uttar Pradesh,North,Paid Search,2025-04-11,25-34,2025-04-27,2025-04
14334,F,1992,Kolkata,West Bengal,East,Email,2025-04-11,25-34,2025-04-13,2025-04
14335,F,1994,Hyderabad,Telangana,South,Paid Social,2025-04-12,25-34,2025-04-15,2025-04
14336,F,1997,Bengaluru,Karnataka,South,Email,2025-04-12,25-34,2025-04-14,2025-04
14337,M,1986,Mumbai,Maharashtra,West,Paid Social,2025-04-12,35-44,,
14338,F,2002,Mumbai,Maharashtra,West,Paid Search,2025-04-12,18-24,2025-04-24,2025-04
14339,M,2003,Kolkata,West Bengal,East,Organic Search,2025-04-12,18-24,,
14340,F,2006,Delhi,Delhi,North,Organic Search,2025-04-12,18-24,2025-04-13,2025-04
14341,M,1979,Hyderabad,Telangana,South,Referral,2025-04-12,45+,2025-04-12,2025-04
14342,F,1993,Indore,Madhya Pradesh,West,Email,2025-04-12,25-34,2025-04-15,2025-04
14343,M,1987,Kolkata,West Bengal,East,Paid Search,2025-04-12,35-44,2025-04-14,2025-04
14344,M,1998,Ahmedabad,Gujarat,West,Paid Social,2025-04-12,25-34,,
14345,M,2003,Jaipur,Rajasthan,North,Paid Search,2025-04-12,18-24,,
14346,F,1993,Hyderabad,Telangana,South,Paid Search,2025-04-12,25-34,,
14347,F,1991,Kolkata,West Bengal,East,Email,2025-04-13,25-34,2025-04-15,2025-04
14348,M,1989,Kochi,Kerala,South,Organic Search,2025-04-13,35-44,2025-04-20,2025-04
14349,M,1992,Jaipur,Rajasthan,North,Paid Search,2025-04-13,25-34,2025-04-13,2025-04
14350,M,1996,Mumbai,Maharashtra,West,Paid Social,2025-04-13,25-34,,
14351,F,1996,Hyderabad,Telangana,South,Paid Search,2025-04-13,25-34,2025-04-15,2025-04
14352,M,2005,Indore,Madhya Pradesh,West,Organic Search,2025-04-13,18-24,2025-04-19,2025-04
14353,M,1992,Delhi,Delhi,North,Paid Search,2025-04-13,25-34,2025-04-15,2025-04
14354,M,2001,Gurugram,Haryana,North,Paid Social,2025-04-13,18-24,2025-04-16,2025-04
14355,F,1986,Delhi,Delhi,North,Affiliate,2025-04-13,35-44,,
14356,M,1983,Gurugram,Haryana,North,Email,2025-04-13,35-44,2025-04-15,2025-04
14357,M,2001,Jaipur,Rajasthan,North,Paid Social,2025-04-13,18-24,2025-04-14,2025-04
14358,M,1997,Kolkata,West Bengal,East,Referral,2025-04-13,25-34,2025-04-21,2025-04
14359,M,1989,Bengaluru,Karnataka,South,Paid Social,2025-04-13,35-44,2025-04-13,2025-04
14360,F,1986,Delhi,Delhi,North,Paid Social,2025-04-13,35-44,,
14361,M,1990,Indore,Madhya Pradesh,West,Organic Search,2025-04-14,35-44,2025-04-20,2025-04
14362,M,1995,Mumbai,Maharashtra,West,Paid Search,2025-04-14,25-34,,
14363,M,1995,Hyderabad,Telangana,South,Paid Search,2025-04-14,25-34,,
14364,F,1982,Chennai,Tamil Nadu,South,Affiliate,2025-04-14,35-44,,
14365,M,1983,Delhi,Delhi,North,Paid Social,2025-04-14,35-44,2025-04-21,2025-04
14366,F,1995,Kolkata,West Bengal,East,Affiliate,2025-04-14,25-34,,
14367,F,1998,Delhi,Delhi,North,Organic Search,2025-04-14,25-34,,
14368,F,1987,Bengaluru,Karnataka,South,Organic Search,2025-04-14,35-44,2025-04-14,2025-04
14369,M,1982,Kochi,Kerala,South,Affiliate,2025-04-15,35-44,2025-04-17,2025-04
14370,F,1994,Hyderabad,Telangana,South,Paid Search,2025-04-15,25-34,2025-04-15,2025-04
14371,M,1976,Gurugram,Haryana,North,Paid Social,2025-04-15,45+,2025-04-16,2025-04
14372,M,1990,Noida,Uttar Pradesh,North,Organic Search,2025-04-15,35-44,2025-04-16,2025-04
14373,M,1998,Delhi,Delhi,North,Email,2025-04-15,25-34,2025-04-17,2025-04
14374,M,1992,Delhi,Delhi,North,Organic Search,2025-04-15,25-34,2025-04-29,2025-04
14375,F,1981,Delhi,Delhi,North,Email,2025-04-15,35-44,2025-04-28,2025-04
14376,F,2006,Delhi,Delhi,North,Organic Search,2025-04-15,18-24,,
14377,F,1994,Ahmedabad,Gujarat,West,Organic Search,2025-04-15,25-34,2025-04-18,2025-04
14378,M,1995,Delhi,Delhi,North,Referral,2025-04-15,25-34,2025-04-19,2025-04
14379,M,2001,Mumbai,Maharashtra,West,Paid Search,2025-04-15,18-24,2025-04-15,2025-04
14380,F,1992,Bengaluru,Karnataka,South,Organic Search,2025-04-15,25-34,2025-04-18,2025-04
14381,M,1991,Delhi,Delhi,North,Paid Social,2025-04-16,25-34,2025-04-16,2025-04
14382,M,2003,Bengaluru,Karnataka,South,Organic Search,2025-04-16,18-24,2025-04-17,2025-04
14383,M,1987,Hyderabad,Telangana,South,Paid Search,2025-04-16,35-44,2025-04-17,2025-04
14384,F,2001,Pune,Maharashtra,West,Organic Search,2025-04-16,18-24,2025-04-19,2025-04
14385,M,1984,Pune,Maharashtra,West,Paid Social,2025-04-16,35-44,,
14386,M,1988,Bengaluru,Karnataka,South,Organic Search,2025-04-16,35-44,2025-04-16,2025-04
14387,F,1996,Pune,Maharashtra,West,Referral,2025-04-16,25-34,2025-04-17,2025-04
14388,F,2005,Pune,Maharashtra,West,Referral,2025-04-16,18-24,2025-04-24,2025-04
14389,M,1995,Hyderabad,Telangana,South,Paid Search,2025-04-16,25-34,2025-05-05,2025-05
14390,M,1982,Chennai,Tamil Nadu,South,Paid Social,2025-04-16,35-44,2025-04-19,2025-04
14391,F,1999,Mumbai,Maharashtra,West,Paid Social,2025-04-16,25-34,,
14392,F,1987,Mumbai,Maharashtra,West,Paid Social,2025-04-16,35-44,,
14393,F,1999,Hyderabad,Telangana,South,Paid Search,2025-04-16,25-34,2025-04-23,2025-04
14394,F,1996,Ahmedabad,Gujarat,West,Paid Social,2025-04-16,25-34,2025-04-16,2025-04
14395,M,1981,Bengaluru,Karnataka,South,Organic Search,2025-04-17,35-44,2025-04-17,2025-04
14396,M,1996,Delhi,Delhi,North,Paid Search,2025-04-17,25-34,2025-04-23,2025-04
14397,F,1984,Delhi,Delhi,North,Organic Search,2025-04-17,35-44,2025-04-18,2025-04
14398,M,2004,Pune,Maharashtra,West,Affiliate,2025-04-17,18-24,2025-04-22,2025-04
14399,M,1981,Hyderabad,Telangana,South,Paid Search,2025-04-17,35-44,2025-04-21,2025-04
14400,F,1992,Chandigarh,Chandigarh,North,Paid Social,2025-04-17,25-34,,
14401,M,1986,Kolkata,West Bengal,East,Paid Social,2025-04-17,35-44,2025-04-18,2025-04
14402,F,2005,Hyderabad,Telangana,South,Organic Search,2025-04-17,18-24,2025-04-18,2025-04
14403,F,1981,Hyderabad,Telangana,South,Organic Search,2025-04-17,35-44,2025-04-17,2025-04
14404,M,2006,Chennai,Tamil Nadu,South,Organic Search,2025-04-17,18-24,,
14405,M,1991,Lucknow,Uttar Pradesh,North,Paid Social,2025-04-17,25-34,2025-04-25,2025-04
14406,F,1989,Chandigarh,Chandigarh,North,Paid Social,2025-04-17,35-44,2025-04-27,2025-04
14407,M,2000,Delhi,Delhi,North,Organic Search,2025-04-17,25-34,2025-04-22,2025-04
14408,M,1993,Mumbai,Maharashtra,West,Paid Social,2025-04-17,25-34,2025-04-18,2025-04
14409,M,1987,Delhi,Delhi,North,Paid Search,2025-04-17,35-44,2025-04-21,2025-04
14410,F,1987,Hyderabad,Telangana,South,Paid Social,2025-04-18,35-44,2025-04-27,2025-04
14411,F,1990,Hyderabad,Telangana,South,Paid Search,2025-04-18,35-44,2025-04-18,2025-04
14412,F,1988,Noida,Uttar Pradesh,North,Email,2025-04-18,35-44,2025-04-20,2025-04
14413,F,2000,Pune,Maharashtra,West,Paid Search,2025-04-18,25-34,2025-04-18,2025-04
14414,M,1994,Bengaluru,Karnataka,South,Paid Search,2025-04-18,25-34,2025-04-19,2025-04
14415,F,1997,Bengaluru,Karnataka,South,Paid Social,2025-04-18,25-34,2025-04-19,2025-04
14416,M,1990,Kolkata,West Bengal,East,Referral,2025-04-18,35-44,2025-05-11,2025-05
14417,F,1999,Noida,Uttar Pradesh,North,Paid Search,2025-04-18,25-34,2025-04-26,2025-04
14418,F,1988,Lucknow,Uttar Pradesh,North,Organic Search,2025-04-18,35-44,2025-04-18,2025-04
14419,F,1986,Chennai,Tamil Nadu,South,Organic Search,2025-04-18,35-44,2025-04-21,2025-04
14420,M,1989,Delhi,Delhi,North,Paid Search,2025-04-18,35-44,2025-04-23,2025-04
14421,F,2005,Hyderabad,Telangana,South,Referral,2025-04-19,18-24,2025-04-19,2025-04
14422,M,1989,Delhi,Delhi,North,Paid Social,2025-04-19,35-44,2025-04-22,2025-04
14423,F,1989,Mumbai,Maharashtra,West,Paid Search,2025-04-19,35-44,,
14424,M,1995,Indore,Madhya Pradesh,West,Organic Search,2025-04-19,25-34,2025-04-23,2025-04
14425,F,1992,Hyderabad,Telangana,South,Paid Social,2025-04-19,25-34,,
14426,M,1985,Delhi,Delhi,North,Paid Social,2025-04-19,35-44,,
14427,M,1984,Hyderabad,Telangana,South,Referral,2025-04-19,35-44,2025-04-20,2025-04
14428,M,1999,Chennai,Tamil Nadu,South,Paid Social,2025-04-19,25-34,,
14429,M,1984,Hyderabad,Telangana,South,Organic Search,2025-04-19,35-44,2025-04-21,2025-04
14430,F,2001,Kolkata,West Bengal,East,Referral,2025-04-19,18-24,2025-04-24,2025-04
14431,F,1990,Chennai,Tamil Nadu,South,Paid Social,2025-04-19,35-44,2025-04-19,2025-04
14432,F,1975,Hyderabad,Telangana,South,Paid Social,2025-04-19,45+,,
14433,M,1999,Ahmedabad,Gujarat,West,Paid Search,2025-04-19,25-34,,
14434,M,2000,Hyderabad,Telangana,South,Referral,2025-04-19,25-34,2025-04-20,2025-04
14435,F,1998,Kolkata,West Bengal,East,Organic Search,2025-04-20,25-34,2025-04-20,2025-04
14436,F,1990,Bengaluru,Karnataka,South,Organic Search,2025-04-20,35-44,2025-04-21,2025-04
14437,F,1991,Lucknow,Uttar Pradesh,North,Organic Search,2025-04-20,25-34,,
14438,M,1990,Lucknow,Uttar Pradesh,North,Referral,2025-04-20,35-44,2025-04-25,2025-04
14439,F,1988,Hyderabad,Telangana,South,Referral,2025-04-20,35-44,2025-04-27,2025-04
14440,M,1996,Kolkata,West Bengal,East,Organic Search,2025-04-20,25-34,2025-04-21,2025-04
14441,M,1992,Noida,Uttar Pradesh,North,Organic Search,2025-04-20,25-34,2025-04-20,2025-04
14442,M,1990,Kolkata,West Bengal,East,Organic Search,2025-04-20,35-44,2025-04-23,2025-04
14443,M,1988,Lucknow,Uttar Pradesh,North,Paid Social,2025-04-20,35-44,,
14444,F,1995,Mumbai,Maharashtra,West,Paid Social,2025-04-20,25-34,2025-04-22,2025-04
14445,M,2004,Kochi,Kerala,South,Paid Social,2025-04-20,18-24,2025-05-05,2025-05
14446,F,1994,Kolkata,West Bengal,East,Paid Social,2025-04-20,25-34,2025-04-20,2025-04
14447,M,1983,Ahmedabad,Gujarat,West,Email,2025-04-21,35-44,2025-04-27,2025-04
14448,M,1993,Kolkata,West Bengal,East,Paid Search,2025-04-21,25-34,2025-04-22,2025-04
14449,M,1997,Chennai,Tamil Nadu,South,Referral,2025-04-21,25-34,2025-04-22,2025-04
14450,M,1999,Chennai,Tamil Nadu,South,Paid Search,2025-04-21,25-34,2025-04-22,2025-04
14451,M,1998,Chennai,Tamil Nadu,South,Paid Social,2025-04-21,25-34,2025-04-28,2025-04
14452,F,1995,Mumbai,Maharashtra,West,Paid Social,2025-04-21,25-34,2025-04-24,2025-04
14453,M,2006,Delhi,Delhi,North,Affiliate,2025-04-21,18-24,2025-05-01,2025-05
14454,F,1984,Gurugram,Haryana,North,Paid Search,2025-04-21,35-44,2025-04-24,2025-04
14455,F,2005,Delhi,Delhi,North,Paid Social,2025-04-21,18-24,2025-04-23,2025-04
14456,M,1998,Lucknow,Uttar Pradesh,North,Paid Social,2025-04-21,25-34,,
14457,M,2006,Delhi,Delhi,North,Affiliate,2025-04-21,18-24,2025-04-24,2025-04
14458,M,1982,Jaipur,Rajasthan,North,Organic Search,2025-04-21,35-44,2025-05-04,2025-05
14459,F,2006,Ahmedabad,Gujarat,West,Paid Social,2025-04-21,18-24,2025-04-23,2025-04
14460,M,2006,Gurugram,Haryana,North,Organic Search,2025-04-21,18-24,2025-04-21,2025-04
14461,M,1992,Chandigarh,Chandigarh,North,Email,2025-04-21,25-34,2025-04-27,2025-04
14462,M,1987,Noida,Uttar Pradesh,North,Referral,2025-04-21,35-44,2025-04-22,2025-04
14463,M,2006,Delhi,Delhi,North,Paid Social,2025-04-21,18-24,,
14464,M,1987,Bengaluru,Karnataka,South,Paid Social,2025-04-22,35-44,2025-04-28,2025-04
14465,F,2002,Chennai,Tamil Nadu,South,Paid Social,2025-04-22,18-24,2025-05-01,2025-05
14466,F,2005,Bengaluru,Karnataka,South,Paid Social,2025-04-22,18-24,2025-04-22,2025-04
14467,F,1992,Bengaluru,Karnataka,South,Paid Search,2025-04-22,25-34,2025-05-03,2025-05
14468,F,1992,Kolkata,West Bengal,East,Referral,2025-04-22,25-34,2025-04-24,2025-04
14469,F,2006,Bengaluru,Karnataka,South,Paid Social,2025-04-22,18-24,2025-04-25,2025-04
14470,M,1991,Delhi,Delhi,North,Organic Search,2025-04-22,25-34,2025-04-22,2025-04
14471,M,1989,Noida,Uttar Pradesh,North,Paid Social,2025-04-22,35-44,2025-05-02,2025-05
14472,M,1972,Bengaluru,Karnataka,South,Organic Search,2025-04-22,45+,,
14473,F,2002,Bengaluru,Karnataka,South,Referral,2025-04-23,18-24,2025-05-09,2025-05
14474,F,1991,Chennai,Tamil Nadu,South,Paid Search,2025-04-23,25-34,,
14475,M,2000,Gurugram,Haryana,North,Paid Social,2025-04-23,25-34,2025-05-07,2025-05
14476,M,1992,Kolkata,West Bengal,East,Organic Search,2025-04-23,25-34,2025-04-26,2025-04
14477,M,2004,Pune,Maharashtra,West,Paid Social,2025-04-23,18-24,,
14478,M,2005,Kochi,Kerala,South,Referral,2025-04-23,18-24,2025-05-06,2025-05
14479,F,1986,Pune,Maharashtra,West,Referral,2025-04-23,35-44,2025-04-28,2025-04
14480,M,1990,Gurugram,Haryana,North,Paid Search,2025-04-23,35-44,,
14481,F,1998,Mumbai,Maharashtra,West,Paid Social,2025-04-23,25-34,2025-04-25,2025-04
14482,F,2005,Noida,Uttar Pradesh,North,Paid Social,2025-04-23,18-24,2025-04-27,2025-04
14483,M,1994,Lucknow,Uttar Pradesh,North,Organic Search,2025-04-23,25-34,2025-04-25,2025-04
14484,M,1995,Chennai,Tamil Nadu,South,Organic Search,2025-04-24,25-34,2025-04-28,2025-04
14485,F,1996,Mumbai,Maharashtra,West,Paid Search,2025-04-24,25-34,2025-05-09,2025-05
14486,F,1986,Gurugram,Haryana,North,Referral,2025-04-24,35-44,2025-04-24,2025-04
14487,M,1990,Mumbai,Maharashtra,West,Paid Search,2025-04-24,35-44,2025-04-25,2025-04
14488,F,1992,Indore,Madhya Pradesh,West,Referral,2025-04-24,25-34,2025-04-27,2025-04
14489,M,2002,Noida,Uttar Pradesh,North,Paid Social,2025-04-25,18-24,2025-04-25,2025-04
14490,M,2006,Delhi,Delhi,North,Paid Search,2025-04-25,18-24,,
14491,F,1986,Chennai,Tamil Nadu,South,Organic Search,2025-04-25,35-44,2025-05-06,2025-05
14492,F,1999,Lucknow,Uttar Pradesh,North,Paid Search,2025-04-25,25-34,,
14493,F,1995,Kolkata,West Bengal,East,Paid Search,2025-04-25,25-34,2025-04-28,2025-04
14494,M,1989,Delhi,Delhi,North,Organic Search,2025-04-25,35-44,2025-05-01,2025-05
14495,M,1986,Bengaluru,Karnataka,South,Referral,2025-04-25,35-44,2025-04-29,2025-04
14496,F,1995,Bengaluru,Karnataka,South,Affiliate,2025-04-25,25-34,2025-04-26,2025-04
14497,M,1989,Gurugram,Haryana,North,Organic Search,2025-04-25,35-44,,
14498,F,1996,Bengaluru,Karnataka,South,Organic Search,2025-04-25,25-34,2025-04-26,2025-04
14499,M,1985,Mumbai,Maharashtra,West,Paid Social,2025-04-25,35-44,,
14500,M,1985,Mumbai,Maharashtra,West,Affiliate,2025-04-25,35-44,2025-04-25,2025-04
14501,M,2002,Chennai,Tamil Nadu,South,Affiliate,2025-04-25,18-24,2025-05-02,2025-05
14502,M,1995,Kolkata,West Bengal,East,Affiliate,2025-04-25,25-34,2025-04-30,2025-04
14503,M,1995,Gurugram,Haryana,North,Paid Search,2025-04-25,25-34,2025-04-27,2025-04
14504,F,1989,Bengaluru,Karnataka,South,Affiliate,2025-04-25,35-44,,
14505,F,2000,Gurugram,Haryana,North,Paid Search,2025-04-26,25-34,2025-05-01,2025-05
14506,F,1992,Delhi,Delhi,North,Organic Search,2025-04-26,25-34,2025-05-04,2025-05
14507,M,2000,Gurugram,Haryana,North,Paid Social,2025-04-26,25-34,,
14508,F,1990,Bengaluru,Karnataka,South,Paid Social,2025-04-26,35-44,2025-04-28,2025-04
14509,M,1985,Bengaluru,Karnataka,South,Referral,2025-04-26,35-44,2025-04-30,2025-04
14510,F,1988,Pune,Maharashtra,West,Paid Social,2025-04-26,35-44,,
14511,M,1997,Kolkata,West Bengal,East,Referral,2025-04-26,25-34,2025-04-28,2025-04
14512,F,1986,Hyderabad,Telangana,South,Paid Search,2025-04-26,35-44,2025-04-26,2025-04
14513,M,2006,Gurugram,Haryana,North,Paid Search,2025-04-26,18-24,2025-05-01,2025-05
14514,F,1983,Noida,Uttar Pradesh,North,Referral,2025-04-27,35-44,2025-04-28,2025-04
14515,M,1992,Indore,Madhya Pradesh,West,Paid Social,2025-04-27,25-34,2025-05-04,2025-05
14516,M,2003,Chandigarh,Chandigarh,North,Organic Search,2025-04-27,18-24,2025-04-28,2025-04
14517,F,1996,Delhi,Delhi,North,Paid Search,2025-04-27,25-34,2025-04-27,2025-04
14518,F,1991,Delhi,Delhi,North,Referral,2025-04-27,25-34,2025-04-30,2025-04
14519,M,2003,Mumbai,Maharashtra,West,Affiliate,2025-04-27,18-24,2025-04-28,2025-04
14520,M,1986,Pune,Maharashtra,West,Referral,2025-04-27,35-44,,
14521,M,1991,Bengaluru,Karnataka,South,Paid Social,2025-04-27,25-34,,
14522,M,1981,Hyderabad,Telangana,South,Referral,2025-04-27,35-44,2025-04-28,2025-04
14523,M,2001,Kolkata,West Bengal,East,Organic Search,2025-04-27,18-24,,
14524,M,1998,Chennai,Tamil Nadu,South,Paid Social,2025-04-27,25-34,,
14525,F,1998,Mumbai,Maharashtra,West,Paid Social,2025-04-27,25-34,2025-05-14,2025-05
14526,F,1995,Pune,Maharashtra,West,Affiliate,2025-04-27,25-34,2025-04-27,2025-04
14527,M,1994,Noida,Uttar Pradesh,North,Organic Search,2025-04-27,25-34,,
14528,M,1994,Kolkata,West Bengal,East,Affiliate,2025-04-28,25-34,2025-05-12,2025-05
14529,M,1996,Pune,Maharashtra,West,Referral,2025-04-28,25-34,2025-04-28,2025-04
14530,F,1995,Lucknow,Uttar Pradesh,North,Organic Search,2025-04-28,25-34,2025-04-29,2025-04
14531,F,1986,Bengaluru,Karnataka,South,Paid Social,2025-04-28,35-44,,
14532,F,1975,Pune,Maharashtra,West,Organic Search,2025-04-28,45+,2025-05-02,2025-05
14533,M,2006,Kolkata,West Bengal,East,Paid Social,2025-04-28,18-24,2025-05-03,2025-05
14534,F,1988,Delhi,Delhi,North,Paid Search,2025-04-28,35-44,2025-05-08,2025-05
14535,M,1992,Chandigarh,Chandigarh,North,Referral,2025-04-28,25-34,,
14536,F,2002,Kolkata,West Bengal,East,Paid Social,2025-04-29,18-24,2025-05-04,2025-05
14537,M,1996,Mumbai,Maharashtra,West,Referral,2025-04-29,25-34,,
14538,M,1982,Chandigarh,Chandigarh,North,Paid Search,2025-04-29,35-44,,
14539,M,1984,Indore,Madhya Pradesh,West,Email,2025-04-29,35-44,2025-05-11,2025-05
14540,M,2001,Bengaluru,Karnataka,South,Email,2025-04-29,18-24,2025-05-03,2025-05
14541,M,1998,Delhi,Delhi,North,Paid Social,2025-04-29,25-34,2025-04-30,2025-04
14542,F,1989,Lucknow,Uttar Pradesh,North,Organic Search,2025-04-29,35-44,,
14543,F,1993,Jaipur,Rajasthan,North,Affiliate,2025-04-29,25-34,,
14544,M,1994,Lucknow,Uttar Pradesh,North,Referral,2025-04-29,25-34,,
14545,F,1995,Mumbai,Maharashtra,West,Email,2025-04-29,25-34,2025-04-30,2025-04
14546,M,1997,Chandigarh,Chandigarh,North,Organic Search,2025-04-30,25-34,2025-04-30,2025-04
14547,M,1990,Bengaluru,Karnataka,South,Referral,2025-04-30,35-44,2025-05-01,2025-05
14548,F,1999,Indore,Madhya Pradesh,West,Organic Search,2025-04-30,25-34,2025-05-04,2025-05
14549,F,1998,Mumbai,Maharashtra,West,Paid Social,2025-04-30,25-34,,
14550,M,2000,Noida,Uttar Pradesh,North,Paid Social,2025-04-30,25-34,,
14551,F,2000,Mumbai,Maharashtra,West,Paid Search,2025-04-30,25-34,2025-05-12,2025-05
14552,F,1999,Gurugram,Haryana,North,Organic Search,2025-04-30,25-34,2025-05-01,2025-05
14553,F,1990,Kolkata,West Bengal,East,Paid Social,2025-04-30,35-44,2025-05-06,2025-05
14554,F,1993,Gurugram,Haryana,North,Paid Search,2025-04-30,25-34,2025-05-05,2025-05
14555,F,1987,Chennai,Tamil Nadu,South,Paid Social,2025-05-01,35-44,2025-05-02,2025-05
14556,F,1995,Indore,Madhya Pradesh,West,Organic Search,2025-05-01,25-34,2025-05-07,2025-05
14557,F,1987,Hyderabad,Telangana,South,Paid Search,2025-05-01,35-44,2025-05-02,2025-05
14558,M,1997,Chennai,Tamil Nadu,South,Paid Social,2025-05-01,25-34,2025-05-03,2025-05
14559,M,2003,Hyderabad,Telangana,South,Affiliate,2025-05-01,18-24,,
14560,F,1993,Ahmedabad,Gujarat,West,Paid Social,2025-05-01,25-34,2025-05-04,2025-05
14561,M,1989,Lucknow,Uttar Pradesh,North,Paid Search,2025-05-01,35-44,,
14562,M,1997,Bengaluru,Karnataka,South,Affiliate,2025-05-01,25-34,2025-05-01,2025-05
14563,M,2002,Delhi,Delhi,North,Affiliate,2025-05-01,18-24,2025-05-03,2025-05
14564,M,1988,Mumbai,Maharashtra,West,Paid Social,2025-05-01,35-44,2025-05-01,2025-05
14565,M,1994,Chennai,Tamil Nadu,South,Paid Social,2025-05-01,25-34,,
14566,M,1996,Ahmedabad,Gujarat,West,Organic Search,2025-05-01,25-34,2025-05-04,2025-05
14567,F,1991,Lucknow,Uttar Pradesh,North,Paid Social,2025-05-01,25-34,,
14568,M,1998,Chennai,Tamil Nadu,South,Referral,2025-05-01,25-34,2025-05-02,2025-05
14569,F,1980,Delhi,Delhi,North,Affiliate,2025-05-02,45+,,
14570,F,1996,Chennai,Tamil Nadu,South,Organic Search,2025-05-02,25-34,,
14571,M,2006,Hyderabad,Telangana,South,Organic Search,2025-05-02,18-24,2025-05-02,2025-05
14572,M,1998,Gurugram,Haryana,North,Email,2025-05-02,25-34,2025-05-07,2025-05
14573,M,1994,Delhi,Delhi,North,Email,2025-05-02,25-34,2025-05-04,2025-05
14574,F,1984,Kolkata,West Bengal,East,Paid Social,2025-05-02,35-44,,
14575,F,1991,Delhi,Delhi,North,Organic Search,2025-05-02,25-34,2025-05-02,2025-05
14576,F,1996,Kolkata,West Bengal,East,Paid Social,2025-05-02,25-34,2025-05-03,2025-05
14577,M,1994,Mumbai,Maharashtra,West,Paid Search,2025-05-02,25-34,2025-05-08,2025-05
14578,F,1984,Mumbai,Maharashtra,West,Paid Search,2025-05-02,35-44,2025-05-07,2025-05
14579,M,1995,Bengaluru,Karnataka,South,Organic Search,2025-05-02,25-34,,
14580,M,1987,Pune,Maharashtra,West,Paid Search,2025-05-02,35-44,,
14581,F,1989,Mumbai,Maharashtra,West,Paid Social,2025-05-02,35-44,2025-05-03,2025-05
14582,M,2001,Bengaluru,Karnataka,South,Organic Search,2025-05-02,18-24,2025-05-02,2025-05
14583,M,1992,Mumbai,Maharashtra,West,Paid Social,2025-05-03,25-34,2025-05-12,2025-05
14584,F,1988,Delhi,Delhi,North,Organic Search,2025-05-03,35-44,,
14585,F,1986,Hyderabad,Telangana,South,Paid Search,2025-05-03,35-44,,
14586,F,1988,Pune,Maharashtra,West,Affiliate,2025-05-03,35-44,2025-05-04,2025-05
14587,M,1989,Bengaluru,Karnataka,South,Referral,2025-05-03,35-44,2025-05-16,2025-05
14588,M,2000,Ahmedabad,Gujarat,West,Organic Search,2025-05-03,25-34,2025-05-06,2025-05
14589,M,1993,Indore,Madhya Pradesh,West,Paid Social,2025-05-03,25-34,2025-05-05,2025-05
14590,F,2003,Noida,Uttar Pradesh,North,Organic Search,2025-05-03,18-24,2025-05-03,2025-05
14591,M,1984,Kolkata,West Bengal,East,Paid Search,2025-05-03,35-44,2025-05-08,2025-05
14592,M,2004,Mumbai,Maharashtra,West,Paid Search,2025-05-03,18-24,2025-05-03,2025-05
14593,F,1992,Kochi,Kerala,South,Affiliate,2025-05-04,25-34,,
14594,F,1992,Hyderabad,Telangana,South,Organic Search,2025-05-04,25-34,2025-05-06,2025-05
14595,M,1992,Bengaluru,Karnataka,South,Email,2025-05-04,25-34,2025-05-06,2025-05
14596,M,2006,Mumbai,Maharashtra,West,Paid Social,2025-05-04,18-24,2025-05-08,2025-05
14597,M,1990,Delhi,Delhi,North,Paid Search,2025-05-04,35-44,2025-05-10,2025-05
14598,M,2006,Chandigarh,Chandigarh,North,Email,2025-05-04,18-24,2025-05-04,2025-05
14599,F,2000,Bengaluru,Karnataka,South,Paid Search,2025-05-04,25-34,2025-05-09,2025-05
14600,M,1985,Chandigarh,Chandigarh,North,Paid Social,2025-05-04,35-44,2025-05-07,2025-05
14601,F,1986,Delhi,Delhi,North,Referral,2025-05-04,35-44,,
14602,F,1995,Pune,Maharashtra,West,Paid Search,2025-05-04,25-34,2025-05-04,2025-05
14603,F,1994,Gurugram,Haryana,North,Organic Search,2025-05-04,25-34,,
14604,M,1990,Jaipur,Rajasthan,North,Email,2025-05-05,35-44,,
14605,M,1989,Pune,Maharashtra,West,Organic Search,2025-05-05,35-44,2025-05-07,2025-05
14606,M,2006,Delhi,Delhi,North,Affiliate,2025-05-05,18-24,2025-05-09,2025-05
14607,M,1995,Delhi,Delhi,North,Paid Search,2025-05-05,25-34,,
14608,F,1997,Noida,Uttar Pradesh,North,Paid Search,2025-05-05,25-34,2025-05-12,2025-05
14609,M,1994,Indore,Madhya Pradesh,West,Paid Search,2025-05-05,25-34,,
14610,F,1994,Kolkata,West Bengal,East,Paid Search,2025-05-05,25-34,2025-05-12,2025-05
14611,F,2006,Lucknow,Uttar Pradesh,North,Affiliate,2025-05-05,18-24,2025-05-22,2025-05
14612,F,1998,Bengaluru,Karnataka,South,Organic Search,2025-05-05,25-34,2025-05-08,2025-05
14613,M,2006,Gurugram,Haryana,North,Paid Social,2025-05-06,18-24,,
14614,M,2000,Bengaluru,Karnataka,South,Paid Search,2025-05-06,25-34,2025-05-07,2025-05
14615,M,1988,Delhi,Delhi,North,Organic Search,2025-05-06,35-44,2025-05-06,2025-05
14616,F,2003,Chennai,Tamil Nadu,South,Paid Search,2025-05-06,18-24,2025-05-23,2025-05
14617,M,1993,Bengaluru,Karnataka,South,Paid Social,2025-05-06,25-34,2025-05-10,2025-05
14618,M,2006,Bengaluru,Karnataka,South,Paid Social,2025-05-06,18-24,2025-05-06,2025-05
14619,F,1988,Delhi,Delhi,North,Organic Search,2025-05-06,35-44,2025-05-10,2025-05
14620,F,1981,Chennai,Tamil Nadu,South,Affiliate,2025-05-06,35-44,2025-05-10,2025-05
14621,F,1994,Gurugram,Haryana,North,Paid Search,2025-05-06,25-34,,
14622,M,2005,Pune,Maharashtra,West,Referral,2025-05-06,18-24,2025-05-07,2025-05
14623,M,1988,Hyderabad,Telangana,South,Organic Search,2025-05-07,35-44,,
14624,M,1998,Bengaluru,Karnataka,South,Paid Social,2025-05-07,25-34,,
14625,F,1988,Hyderabad,Telangana,South,Paid Search,2025-05-07,35-44,2025-05-15,2025-05
14626,F,2001,Bengaluru,Karnataka,South,Paid Social,2025-05-07,18-24,,
14627,M,1991,Hyderabad,Telangana,South,Referral,2025-05-07,25-34,2025-05-19,2025-05
14628,F,1996,Jaipur,Rajasthan,North,Referral,2025-05-07,25-34,2025-05-08,2025-05
14629,M,1991,Mumbai,Maharashtra,West,Paid Search,2025-05-07,25-34,2025-05-10,2025-05
14630,M,1987,Pune,Maharashtra,West,Referral,2025-05-07,35-44,2025-05-07,2025-05
14631,M,1978,Ahmedabad,Gujarat,West,Paid Search,2025-05-07,45+,,
14632,F,1983,Bengaluru,Karnataka,South,Organic Search,2025-05-08,35-44,,
14633,M,1991,Ahmedabad,Gujarat,West,Paid Social,2025-05-08,25-34,2025-05-08,2025-05
14634,M,1997,Bengaluru,Karnataka,South,Affiliate,2025-05-08,25-34,2025-05-17,2025-05
14635,M,2006,Gurugram,Haryana,North,Organic Search,2025-05-08,18-24,2025-05-13,2025-05
14636,M,1989,Mumbai,Maharashtra,West,Paid Social,2025-05-08,35-44,,
14637,M,1988,Kochi,Kerala,South,Referral,2025-05-08,35-44,2025-05-15,2025-05
14638,M,1983,Noida,Uttar Pradesh,North,Paid Social,2025-05-08,35-44,2025-05-10,2025-05
14639,F,2000,Gurugram,Haryana,North,Paid Social,2025-05-08,25-34,2025-05-10,2025-05
14640,M,1998,Bengaluru,Karnataka,South,Organic Search,2025-05-08,25-34,2025-05-11,2025-05
14641,F,1997,Noida,Uttar Pradesh,North,Organic Search,2025-05-08,25-34,2025-05-11,2025-05
14642,F,1996,Mumbai,Maharashtra,West,Paid Search,2025-05-09,25-34,2025-05-22,2025-05
14643,M,1991,Bengaluru,Karnataka,South,Paid Social,2025-05-09,25-34,2025-05-13,2025-05
14644,M,2004,Pune,Maharashtra,West,Paid Search,2025-05-09,18-24,2025-05-16,2025-05
14645,M,1987,Kochi,Kerala,South,Paid Social,2025-05-09,35-44,2025-05-10,2025-05
14646,F,1990,Chennai,Tamil Nadu,South,Paid Social,2025-05-09,35-44,2025-05-10,2025-05
14647,M,1985,Pune,Maharashtra,West,Organic Search,2025-05-09,35-44,,
14648,M,1992,Kolkata,West Bengal,East,Referral,2025-05-09,25-34,2025-05-11,2025-05
14649,M,1987,Jaipur,Rajasthan,North,Paid Social,2025-05-09,35-44,2025-05-12,2025-05
14650,F,1988,Lucknow,Uttar Pradesh,North,Paid Social,2025-05-09,35-44,2025-05-12,2025-05
14651,F,1984,Bengaluru,Karnataka,South,Paid Search,2025-05-09,35-44,2025-05-09,2025-05
14652,F,1986,Ahmedabad,Gujarat,West,Paid Search,2025-05-09,35-44,2025-05-09,2025-05
14653,F,1981,Lucknow,Uttar Pradesh,North,Paid Social,2025-05-09,35-44,,
14654,F,1996,Mumbai,Maharashtra,West,Referral,2025-05-09,25-34,2025-05-14,2025-05
14655,M,1987,Lucknow,Uttar Pradesh,North,Paid Social,2025-05-09,35-44,2025-05-20,2025-05
14656,F,2006,Lucknow,Uttar Pradesh,North,Referral,2025-05-09,18-24,,
14657,F,2001,Mumbai,Maharashtra,West,Organic Search,2025-05-10,18-24,2025-05-16,2025-05
14658,M,1994,Kochi,Kerala,South,Referral,2025-05-10,25-34,2025-05-19,2025-05
14659,M,1998,Chennai,Tamil Nadu,South,Paid Search,2025-05-10,25-34,2025-05-16,2025-05
14660,M,2000,Pune,Maharashtra,West,Organic Search,2025-05-10,25-34,2025-05-12,2025-05
14661,M,1990,Pune,Maharashtra,West,Organic Search,2025-05-10,35-44,2025-05-11,2025-05
14662,F,1992,Delhi,Delhi,North,Referral,2025-05-10,25-34,2025-05-12,2025-05
14663,M,2002,Mumbai,Maharashtra,West,Paid Social,2025-05-10,18-24,2025-05-14,2025-05
14664,M,2003,Bengaluru,Karnataka,South,Email,2025-05-10,18-24,2025-05-20,2025-05
14665,F,1987,Hyderabad,Telangana,South,Paid Social,2025-05-10,35-44,,
14666,M,2006,Mumbai,Maharashtra,West,Email,2025-05-10,18-24,2025-05-10,2025-05
14667,M,1983,Kochi,Kerala,South,Paid Social,2025-05-10,35-44,2025-05-12,2025-05
14668,F,1975,Chennai,Tamil Nadu,South,Paid Social,2025-05-10,45+,,
14669,F,2006,Delhi,Delhi,North,Organic Search,2025-05-10,18-24,2025-05-11,2025-05
14670,F,1999,Kochi,Kerala,South,Paid Social,2025-05-10,25-34,2025-05-11,2025-05
14671,M,1995,Noida,Uttar Pradesh,North,Paid Social,2025-05-10,25-34,2025-05-18,2025-05
14672,M,2000,Kochi,Kerala,South,Organic Search,2025-05-10,25-34,2025-05-12,2025-05
14673,F,1988,Bengaluru,Karnataka,South,Organic Search,2025-05-10,35-44,2025-05-10,2025-05
14674,F,1980,Mumbai,Maharashtra,West,Paid Search,2025-05-11,45+,2025-05-22,2025-05
14675,M,1990,Mumbai,Maharashtra,West,Organic Search,2025-05-11,35-44,2025-05-14,2025-05
14676,M,1988,Ahmedabad,Gujarat,West,Paid Social,2025-05-11,35-44,,
14677,M,1986,Chennai,Tamil Nadu,South,Paid Social,2025-05-11,35-44,2025-05-16,2025-05
14678,F,1989,Chennai,Tamil Nadu,South,Email,2025-05-11,35-44,2025-05-13,2025-05
14679,F,1989,Mumbai,Maharashtra,West,Paid Social,2025-05-11,35-44,,
14680,F,1990,Chennai,Tamil Nadu,South,Referral,2025-05-11,35-44,2025-05-12,2025-05
14681,M,1997,Pune,Maharashtra,West,Paid Social,2025-05-11,25-34,2025-05-12,2025-05
14682,M,1998,Mumbai,Maharashtra,West,Paid Social,2025-05-11,25-34,2025-05-11,2025-05
14683,M,1996,Lucknow,Uttar Pradesh,North,Paid Search,2025-05-11,25-34,2025-05-16,2025-05
14684,F,1973,Hyderabad,Telangana,South,Paid Search,2025-05-11,45+,2025-05-15,2025-05
14685,F,1985,Bengaluru,Karnataka,South,Organic Search,2025-05-11,35-44,2025-05-15,2025-05
14686,M,1985,Mumbai,Maharashtra,West,Paid Social,2025-05-11,35-44,2025-05-16,2025-05
14687,M,2003,Bengaluru,Karnataka,South,Paid Search,2025-05-12,18-24,,
14688,F,1987,Chennai,Tamil Nadu,South,Paid Social,2025-05-12,35-44,,
14689,F,1978,Noida,Uttar Pradesh,North,Affiliate,2025-05-12,45+,2025-05-15,2025-05
14690,M,1999,Mumbai,Maharashtra,West,Paid Social,2025-05-12,25-34,2025-05-12,2025-05
14691,F,1994,Mumbai,Maharashtra,West,Organic Search,2025-05-12,25-34,2025-05-12,2025-05
14692,F,2006,Delhi,Delhi,North,Paid Social,2025-05-12,18-24,2025-05-13,2025-05
14693,M,1982,Chandigarh,Chandigarh,North,Paid Social,2025-05-12,35-44,,
14694,M,1992,Hyderabad,Telangana,South,Email,2025-05-12,25-34,,
14695,F,1985,Lucknow,Uttar Pradesh,North,Referral,2025-05-12,35-44,2025-05-14,2025-05
14696,F,1985,Hyderabad,Telangana,South,Paid Search,2025-05-12,35-44,2025-05-15,2025-05
14697,F,1987,Kolkata,West Bengal,East,Email,2025-05-12,35-44,2025-05-22,2025-05
14698,F,1985,Noida,Uttar Pradesh,North,Organic Search,2025-05-12,35-44,,
14699,F,1995,Mumbai,Maharashtra,West,Organic Search,2025-05-12,25-34,2025-05-12,2025-05
14700,M,1994,Delhi,Delhi,North,Organic Search,2025-05-12,25-34,2025-05-13,2025-05
14701,F,1993,Bengaluru,Karnataka,South,Paid Search,2025-05-13,25-34,2025-05-24,2025-05
14702,M,2004,Pune,Maharashtra,West,Paid Search,2025-05-13,18-24,2025-05-16,2025-05
14703,M,1998,Ahmedabad,Gujarat,West,Organic Search,2025-05-13,25-34,2025-05-18,2025-05
14704,M,2000,Hyderabad,Telangana,South,Organic Search,2025-05-13,25-34,2025-05-16,2025-05
14705,M,1995,Hyderabad,Telangana,South,Organic Search,2025-05-13,25-34,2025-05-16,2025-05
14706,M,1996,Pune,Maharashtra,West,Affiliate,2025-05-13,25-34,2025-05-13,2025-05
14707,M,2001,Chennai,Tamil Nadu,South,Referral,2025-05-13,18-24,2025-05-19,2025-05
14708,F,1984,Kolkata,West Bengal,East,Paid Social,2025-05-13,35-44,,
14709,F,1988,Bengaluru,Karnataka,South,Referral,2025-05-13,35-44,2025-05-13,2025-05
14710,F,1994,Delhi,Delhi,North,Paid Social,2025-05-13,25-34,2025-05-13,2025-05
14711,M,1994,Hyderabad,Telangana,South,Organic Search,2025-05-13,25-34,2025-05-16,2025-05
14712,F,1982,Chennai,Tamil Nadu,South,Affiliate,2025-05-13,35-44,2025-05-17,2025-05
14713,F,2000,Ahmedabad,Gujarat,West,Paid Search,2025-05-13,25-34,2025-05-16,2025-05
14714,F,2005,Bengaluru,Karnataka,South,Paid Search,2025-05-13,18-24,,
14715,F,2004,Mumbai,Maharashtra,West,Email,2025-05-13,18-24,2025-05-18,2025-05
14716,F,1988,Pune,Maharashtra,West,Organic Search,2025-05-13,35-44,2025-05-23,2025-05
14717,M,2000,Hyderabad,Telangana,South,Paid Search,2025-05-13,25-34,2025-05-17,2025-05
14718,F,1990,Chennai,Tamil Nadu,South,Email,2025-05-14,35-44,2025-05-21,2025-05
14719,F,1994,Delhi,Delhi,North,Paid Social,2025-05-14,25-34,,
14720,M,2002,Delhi,Delhi,North,Paid Search,2025-05-14,18-24,2025-05-16,2025-05
14721,M,2004,Mumbai,Maharashtra,West,Affiliate,2025-05-14,18-24,2025-05-16,2025-05
14722,M,1990,Mumbai,Maharashtra,West,Email,2025-05-14,35-44,2025-05-21,2025-05
14723,M,1989,Hyderabad,Telangana,South,Email,2025-05-14,35-44,2025-05-15,2025-05
14724,F,2005,Delhi,Delhi,North,Organic Search,2025-05-14,18-24,2025-05-14,2025-05
14725,F,1993,Hyderabad,Telangana,South,Email,2025-05-14,25-34,2025-06-03,2025-06
14726,M,1969,Pune,Maharashtra,West,Paid Social,2025-05-14,45+,,
14727,F,1997,Bengaluru,Karnataka,South,Paid Social,2025-05-14,25-34,,
14728,F,1987,Pune,Maharashtra,West,Organic Search,2025-05-14,35-44,2025-05-23,2025-05
14729,M,1991,Hyderabad,Telangana,South,Paid Social,2025-05-14,25-34,,
14730,F,1998,Mumbai,Maharashtra,West,Organic Search,2025-05-14,25-34,,
14731,F,1979,Mumbai,Maharashtra,West,Affiliate,2025-05-15,45+,2025-05-15,2025-05
14732,M,2000,Bengaluru,Karnataka,South,Paid Social,2025-05-15,25-34,2025-05-23,2025-05
14733,F,1981,Mumbai,Maharashtra,West,Paid Social,2025-05-15,35-44,2025-05-18,2025-05
14734,F,1988,Jaipur,Rajasthan,North,Organic Search,2025-05-15,35-44,2025-05-23,2025-05
14735,M,1996,Kochi,Kerala,South,Paid Search,2025-05-15,25-34,2025-05-23,2025-05
14736,F,1984,Bengaluru,Karnataka,South,Paid Social,2025-05-15,35-44,2025-05-23,2025-05
14737,M,1984,Noida,Uttar Pradesh,North,Referral,2025-05-15,35-44,2025-05-24,2025-05
14738,F,1996,Bengaluru,Karnataka,South,Paid Social,2025-05-15,25-34,2025-05-15,2025-05
14739,F,1998,Lucknow,Uttar Pradesh,North,Organic Search,2025-05-15,25-34,2025-05-20,2025-05
14740,M,1992,Mumbai,Maharashtra,West,Paid Search,2025-05-15,25-34,2025-05-15,2025-05
14741,F,1998,Noida,Uttar Pradesh,North,Paid Search,2025-05-15,25-34,2025-05-18,2025-05
14742,M,2006,Delhi,Delhi,North,Paid Social,2025-05-15,18-24,2025-05-16,2025-05
14743,M,1982,Mumbai,Maharashtra,West,Paid Search,2025-05-15,35-44,,
14744,F,1976,Ahmedabad,Gujarat,West,Organic Search,2025-05-16,45+,,
14745,M,2002,Jaipur,Rajasthan,North,Organic Search,2025-05-16,18-24,2025-05-16,2025-05
14746,F,1984,Delhi,Delhi,North,Paid Social,2025-05-16,35-44,2025-05-22,2025-05
14747,M,1996,Lucknow,Uttar Pradesh,North,Paid Social,2025-05-16,25-34,,
14748,M,1998,Lucknow,Uttar Pradesh,North,Organic Search,2025-05-16,25-34,,
14749,F,1993,Indore,Madhya Pradesh,West,Paid Social,2025-05-16,25-34,2025-05-31,2025-05
14750,M,1996,Jaipur,Rajasthan,North,Paid Social,2025-05-16,25-34,2025-05-16,2025-05
14751,F,2006,Pune,Maharashtra,West,Organic Search,2025-05-16,18-24,2025-05-16,2025-05
14752,M,1989,Pune,Maharashtra,West,Organic Search,2025-05-16,35-44,2025-05-16,2025-05
14753,F,2004,Lucknow,Uttar Pradesh,North,Paid Search,2025-05-16,18-24,2025-05-27,2025-05
14754,F,1983,Bengaluru,Karnataka,South,Referral,2025-05-16,35-44,2025-05-20,2025-05
14755,F,1996,Bengaluru,Karnataka,South,Organic Search,2025-05-16,25-34,2025-05-19,2025-05
14756,F,1997,Bengaluru,Karnataka,South,Affiliate,2025-05-16,25-34,2025-05-23,2025-05
14757,F,1993,Mumbai,Maharashtra,West,Paid Social,2025-05-17,25-34,2025-05-20,2025-05
14758,M,2001,Chandigarh,Chandigarh,North,Referral,2025-05-17,18-24,2025-05-27,2025-05
14759,M,1994,Indore,Madhya Pradesh,West,Affiliate,2025-05-17,25-34,2025-05-19,2025-05
14760,M,1996,Kolkata,West Bengal,East,Organic Search,2025-05-17,25-34,2025-05-24,2025-05
14761,F,1988,Mumbai,Maharashtra,West,Paid Social,2025-05-17,35-44,2025-05-23,2025-05
14762,F,1986,Bengaluru,Karnataka,South,Paid Search,2025-05-17,35-44,2025-05-17,2025-05
14763,M,1985,Mumbai,Maharashtra,West,Organic Search,2025-05-17,35-44,2025-05-20,2025-05
14764,M,1989,Kolkata,West Bengal,East,Referral,2025-05-17,35-44,2025-05-25,2025-05
14765,F,1983,Lucknow,Uttar Pradesh,North,Organic Search,2025-05-17,35-44,2025-05-19,2025-05
14766,F,2006,Mumbai,Maharashtra,West,Email,2025-05-17,18-24,2025-05-20,2025-05
14767,M,1991,Pune,Maharashtra,West,Referral,2025-05-17,25-34,2025-05-21,2025-05
14768,M,1993,Bengaluru,Karnataka,South,Paid Social,2025-05-17,25-34,,
14769,F,1984,Bengaluru,Karnataka,South,Paid Social,2025-05-18,35-44,2025-05-19,2025-05
14770,M,2006,Bengaluru,Karnataka,South,Email,2025-05-18,18-24,2025-05-20,2025-05
14771,M,1991,Bengaluru,Karnataka,South,Organic Search,2025-05-18,25-34,2025-05-30,2025-05
14772,M,1989,Mumbai,Maharashtra,West,Referral,2025-05-18,35-44,,
14773,F,1990,Gurugram,Haryana,North,Organic Search,2025-05-18,35-44,2025-05-20,2025-05
14774,M,1992,Chennai,Tamil Nadu,South,Organic Search,2025-05-18,25-34,2025-05-18,2025-05
14775,M,1991,Chandigarh,Chandigarh,North,Paid Search,2025-05-18,25-34,,
14776,M,1983,Delhi,Delhi,North,Paid Search,2025-05-18,35-44,2025-05-18,2025-05
14777,M,2000,Delhi,Delhi,North,Organic Search,2025-05-18,25-34,2025-05-19,2025-05
14778,F,1985,Pune,Maharashtra,West,Paid Social,2025-05-18,35-44,2025-05-21,2025-05
14779,M,2000,Mumbai,Maharashtra,West,Paid Social,2025-05-18,25-34,2025-05-20,2025-05
14780,M,1983,Bengaluru,Karnataka,South,Affiliate,2025-05-18,35-44,,
14781,M,1995,Indore,Madhya Pradesh,West,Referral,2025-05-18,25-34,2025-05-19,2025-05
14782,M,1985,Delhi,Delhi,North,Referral,2025-05-19,35-44,2025-05-20,2025-05
14783,M,1988,Jaipur,Rajasthan,North,Email,2025-05-19,35-44,2025-05-21,2025-05
14784,F,1997,Chennai,Tamil Nadu,South,Referral,2025-05-19,25-34,2025-05-20,2025-05
14785,M,2003,Hyderabad,Telangana,South,Organic Search,2025-05-19,18-24,2025-05-19,2025-05
14786,F,2006,Chennai,Tamil Nadu,South,Organic Search,2025-05-19,18-24,2025-05-31,2025-05
14787,M,1996,Delhi,Delhi,North,Paid Search,2025-05-19,25-34,2025-05-24,2025-05
14788,M,1993,Kochi,Kerala,South,Paid Search,2025-05-19,25-34,2025-05-23,2025-05
14789,M,1986,Chennai,Tamil Nadu,South,Email,2025-05-19,35-44,2025-05-19,2025-05
14790,M,1979,Mumbai,Maharashtra,West,Paid Social,2025-05-19,45+,2025-05-19,2025-05
14791,M,1998,Bengaluru,Karnataka,South,Email,2025-05-19,25-34,2025-05-21,2025-05
14792,F,1991,Jaipur,Rajasthan,North,Paid Search,2025-05-19,25-34,2025-05-21,2025-05
14793,M,1994,Bengaluru,Karnataka,South,Email,2025-05-19,25-34,2025-05-25,2025-05
14794,M,1990,Hyderabad,Telangana,South,Organic Search,2025-05-19,35-44,2025-05-23,2025-05
14795,F,1988,Pune,Maharashtra,West,Paid Search,2025-05-19,35-44,2025-05-21,2025-05
14796,F,1999,Delhi,Delhi,North,Email,2025-05-19,25-34,2025-05-29,2025-05
14797,M,2006,Mumbai,Maharashtra,West,Paid Search,2025-05-19,18-24,,
14798,F,1984,Bengaluru,Karnataka,South,Referral,2025-05-20,35-44,2025-05-20,2025-05
14799,M,1979,Bengaluru,Karnataka,South,Paid Search,2025-05-20,45+,2025-05-26,2025-05
14800,F,1992,Pune,Maharashtra,West,Referral,2025-05-20,25-34,,
14801,M,1988,Kolkata,West Bengal,East,Paid Social,2025-05-20,35-44,2025-05-20,2025-05
14802,M,2003,Delhi,Delhi,North,Referral,2025-05-20,18-24,2025-05-20,2025-05
14803,M,1998,Gurugram,Haryana,North,Paid Social,2025-05-20,25-34,,
14804,M,2006,Lucknow,Uttar Pradesh,North,Paid Social,2025-05-20,18-24,,
14805,M,2002,Hyderabad,Telangana,South,Paid Social,2025-05-20,18-24,2025-05-22,2025-05
14806,M,1994,Hyderabad,Telangana,South,Paid Social,2025-05-21,25-34,2025-05-21,2025-05
14807,F,1995,Hyderabad,Telangana,South,Paid Social,2025-05-21,25-34,,
14808,M,1997,Chennai,Tamil Nadu,South,Organic Search,2025-05-21,25-34,2025-05-25,2025-05
14809,M,1986,Mumbai,Maharashtra,West,Referral,2025-05-21,35-44,2025-05-21,2025-05
14810,M,1997,Chandigarh,Chandigarh,North,Paid Search,2025-05-21,25-34,2025-05-22,2025-05
14811,M,2004,Indore,Madhya Pradesh,West,Organic Search,2025-05-21,18-24,2025-05-23,2025-05
14812,M,1988,Mumbai,Maharashtra,West,Paid Social,2025-05-21,35-44,2025-05-22,2025-05
14813,M,1992,Pune,Maharashtra,West,Paid Social,2025-05-21,25-34,2025-05-22,2025-05
14814,M,1999,Gurugram,Haryana,North,Referral,2025-05-21,25-34,2025-05-21,2025-05
14815,M,2005,Mumbai,Maharashtra,West,Affiliate,2025-05-21,18-24,2025-05-25,2025-05
14816,F,1988,Pune,Maharashtra,West,Paid Search,2025-05-22,35-44,2025-05-26,2025-05
14817,M,1995,Delhi,Delhi,North,Affiliate,2025-05-22,25-34,2025-05-26,2025-05
14818,F,1993,Kolkata,West Bengal,East,Paid Social,2025-05-22,25-34,,
14819,F,1991,Delhi,Delhi,North,Paid Search,2025-05-22,25-34,2025-05-24,2025-05
14820,M,1979,Kochi,Kerala,South,Paid Social,2025-05-22,45+,2025-05-22,2025-05
14821,M,1988,Delhi,Delhi,North,Organic Search,2025-05-22,35-44,2025-06-05,2025-06
14822,F,1984,Chennai,Tamil Nadu,South,Affiliate,2025-05-22,35-44,2025-05-29,2025-05
14823,M,1992,Ahmedabad,Gujarat,West,Paid Search,2025-05-22,25-34,2025-05-23,2025-05
14824,F,1990,Noida,Uttar Pradesh,North,Organic Search,2025-05-22,35-44,,
14825,M,1984,Lucknow,Uttar Pradesh,North,Paid Social,2025-05-22,35-44,,
14826,M,1991,Mumbai,Maharashtra,West,Organic Search,2025-05-22,25-34,2025-05-23,2025-05
14827,M,2006,Hyderabad,Telangana,South,Organic Search,2025-05-22,18-24,2025-05-25,2025-05
14828,F,1988,Gurugram,Haryana,North,Organic Search,2025-05-22,35-44,,
14829,F,1990,Lucknow,Uttar Pradesh,North,Email,2025-05-22,35-44,2025-05-27,2025-05
14830,M,1992,Bengaluru,Karnataka,South,Organic Search,2025-05-23,25-34,2025-05-25,2025-05
14831,M,1988,Indore,Madhya Pradesh,West,Paid Social,2025-05-23,35-44,,
14832,F,1981,Mumbai,Maharashtra,West,Paid Social,2025-05-23,35-44,2025-05-23,2025-05
14833,M,2006,Delhi,Delhi,North,Email,2025-05-23,18-24,2025-06-09,2025-06
14834,M,1979,Ahmedabad,Gujarat,West,Email,2025-05-23,45+,2025-05-26,2025-05
14835,F,1980,Noida,Uttar Pradesh,North,Affiliate,2025-05-23,45+,,
14836,F,1999,Indore,Madhya Pradesh,West,Paid Search,2025-05-23,25-34,,
14837,F,1977,Jaipur,Rajasthan,North,Paid Search,2025-05-23,45+,2025-05-26,2025-05
14838,M,2000,Kolkata,West Bengal,East,Referral,2025-05-23,25-34,2025-05-25,2025-05
14839,M,2000,Indore,Madhya Pradesh,West,Organic Search,2025-05-23,25-34,2025-05-26,2025-05
14840,F,1987,Ahmedabad,Gujarat,West,Organic Search,2025-05-23,35-44,2025-05-23,2025-05
14841,M,1994,Chennai,Tamil Nadu,South,Affiliate,2025-05-23,25-34,,
14842,F,1993,Kolkata,West Bengal,East,Organic Search,2025-05-24,25-34,,
14843,M,1987,Hyderabad,Telangana,South,Paid Search,2025-05-24,35-44,2025-05-24,2025-05
14844,F,1989,Indore,Madhya Pradesh,West,Organic Search,2025-05-24,35-44,,
14845,F,1992,Chennai,Tamil Nadu,South,Organic Search,2025-05-24,25-34,2025-05-26,2025-05
14846,M,1990,Gurugram,Haryana,North,Affiliate,2025-05-24,35-44,2025-05-26,2025-05
14847,F,1998,Hyderabad,Telangana,South,Organic Search,2025-05-24,25-34,2025-05-24,2025-05
14848,F,1992,Bengaluru,Karnataka,South,Paid Search,2025-05-24,25-34,2025-05-26,2025-05
14849,M,1997,Ahmedabad,Gujarat,West,Organic Search,2025-05-24,25-34,2025-05-26,2025-05
14850,F,1990,Chennai,Tamil Nadu,South,Paid Social,2025-05-24,35-44,,
14851,M,1999,Bengaluru,Karnataka,South,Referral,2025-05-24,25-34,2025-05-25,2025-05
14852,F,2001,Bengaluru,Karnataka,South,Paid Social,2025-05-24,18-24,2025-05-27,2025-05
14853,F,1978,Kochi,Kerala,South,Paid Social,2025-05-24,45+,2025-06-02,2025-06
14854,M,1997,Bengaluru,Karnataka,South,Paid Social,2025-05-24,25-34,2025-05-31,2025-05
14855,F,1988,Lucknow,Uttar Pradesh,North,Organic Search,2025-05-24,35-44,2025-06-03,2025-06
14856,M,1990,Gurugram,Haryana,North,Paid Search,2025-05-25,35-44,2025-05-29,2025-05
14857,M,1996,Pune,Maharashtra,West,Email,2025-05-25,25-34,,
14858,M,1994,Lucknow,Uttar Pradesh,North,Referral,2025-05-25,25-34,2025-05-25,2025-05
14859,F,1992,Bengaluru,Karnataka,South,Organic Search,2025-05-25,25-34,2025-05-27,2025-05
14860,M,1999,Chennai,Tamil Nadu,South,Email,2025-05-25,25-34,2025-05-26,2025-05
14861,F,1995,Jaipur,Rajasthan,North,Referral,2025-05-25,25-34,2025-05-29,2025-05
14862,F,1987,Kochi,Kerala,South,Referral,2025-05-25,35-44,2025-05-28,2025-05
14863,M,2002,Bengaluru,Karnataka,South,Referral,2025-05-25,18-24,2025-05-26,2025-05
14864,F,2002,Kolkata,West Bengal,East,Affiliate,2025-05-26,18-24,2025-05-26,2025-05
14865,M,1994,Noida,Uttar Pradesh,North,Organic Search,2025-05-26,25-34,,
14866,M,1989,Mumbai,Maharashtra,West,Paid Search,2025-05-26,35-44,2025-05-27,2025-05
14867,F,1987,Bengaluru,Karnataka,South,Affiliate,2025-05-26,35-44,2025-05-29,2025-05
14868,M,2006,Hyderabad,Telangana,South,Paid Social,2025-05-26,18-24,2025-06-01,2025-06
14869,M,1992,Kochi,Kerala,South,Paid Social,2025-05-26,25-34,2025-06-05,2025-06
14870,M,1995,Chennai,Tamil Nadu,South,Paid Search,2025-05-26,25-34,2025-05-31,2025-05
14871,F,1997,Lucknow,Uttar Pradesh,North,Organic Search,2025-05-26,25-34,2025-05-27,2025-05
14872,M,1971,Mumbai,Maharashtra,West,Affiliate,2025-05-26,45+,2025-05-27,2025-05
14873,F,1986,Bengaluru,Karnataka,South,Paid Search,2025-05-26,35-44,,
14874,F,2006,Delhi,Delhi,North,Paid Social,2025-05-26,18-24,2025-05-27,2025-05
14875,F,1971,Kolkata,West Bengal,East,Organic Search,2025-05-26,45+,2025-05-26,2025-05
14876,M,1982,Bengaluru,Karnataka,South,Affiliate,2025-05-26,35-44,2025-05-27,2025-05
14877,F,1990,Hyderabad,Telangana,South,Organic Search,2025-05-26,35-44,2025-06-06,2025-06
14878,M,1986,Kochi,Kerala,South,Email,2025-05-26,35-44,2025-05-30,2025-05
14879,F,1987,Gurugram,Haryana,North,Paid Search,2025-05-26,35-44,2025-05-28,2025-05
14880,F,1984,Mumbai,Maharashtra,West,Affiliate,2025-05-26,35-44,,
14881,M,1992,Bengaluru,Karnataka,South,Paid Search,2025-05-26,25-34,2025-06-02,2025-06
14882,M,1996,Hyderabad,Telangana,South,Email,2025-05-26,25-34,2025-05-30,2025-05
14883,F,1997,Bengaluru,Karnataka,South,Paid Social,2025-05-27,25-34,2025-06-02,2025-06
14884,M,1987,Delhi,Delhi,North,Organic Search,2025-05-27,35-44,2025-05-27,2025-05
14885,F,2001,Bengaluru,Karnataka,South,Paid Search,2025-05-27,18-24,2025-05-31,2025-05
14886,M,1995,Jaipur,Rajasthan,North,Referral,2025-05-27,25-34,2025-05-31,2025-05
14887,M,2002,Mumbai,Maharashtra,West,Paid Social,2025-05-27,18-24,,
14888,M,1996,Kolkata,West Bengal,East,Paid Search,2025-05-27,25-34,,
14889,M,1991,Gurugram,Haryana,North,Organic Search,2025-05-27,25-34,2025-05-28,2025-05
14890,F,1992,Delhi,Delhi,North,Referral,2025-05-27,25-34,2025-05-30,2025-05
14891,F,1996,Mumbai,Maharashtra,West,Paid Social,2025-05-27,25-34,2025-05-31,2025-05
14892,M,2004,Chennai,Tamil Nadu,South,Paid Social,2025-05-27,18-24,2025-05-27,2025-05
14893,M,1995,Gurugram,Haryana,North,Paid Search,2025-05-28,25-34,,
14894,F,1995,Delhi,Delhi,North,Paid Search,2025-05-28,25-34,2025-05-28,2025-05
14895,M,1998,Mumbai,Maharashtra,West,Paid Search,2025-05-28,25-34,2025-06-09,2025-06
14896,M,1979,Bengaluru,Karnataka,South,Organic Search,2025-05-28,45+,2025-05-30,2025-05
14897,M,1982,Gurugram,Haryana,North,Affiliate,2025-05-28,35-44,2025-06-02,2025-06
14898,F,1995,Hyderabad,Telangana,South,Paid Search,2025-05-28,25-34,2025-06-01,2025-06
14899,F,1986,Chennai,Tamil Nadu,South,Paid Social,2025-05-28,35-44,2025-06-03,2025-06
14900,F,1991,Pune,Maharashtra,West,Paid Search,2025-05-29,25-34,2025-06-03,2025-06
14901,M,1993,Delhi,Delhi,North,Paid Search,2025-05-29,25-34,,
14902,M,2006,Pune,Maharashtra,West,Paid Social,2025-05-29,18-24,2025-06-01,2025-06
14903,M,1992,Noida,Uttar Pradesh,North,Paid Social,2025-05-29,25-34,2025-06-04,2025-06
14904,F,1977,Mumbai,Maharashtra,West,Referral,2025-05-29,45+,2025-05-30,2025-05
14905,M,1995,Hyderabad,Telangana,South,Organic Search,2025-05-29,25-34,2025-05-29,2025-05
14906,M,2002,Delhi,Delhi,North,Email,2025-05-29,18-24,2025-05-29,2025-05
14907,F,1998,Delhi,Delhi,North,Affiliate,2025-05-29,25-34,,
14908,F,1997,Delhi,Delhi,North,Affiliate,2025-05-29,25-34,2025-05-29,2025-05
14909,M,1988,Delhi,Delhi,North,Organic Search,2025-05-29,35-44,2025-06-02,2025-06
14910,M,1990,Lucknow,Uttar Pradesh,North,Paid Social,2025-05-30,35-44,2025-06-05,2025-06
14911,M,1987,Mumbai,Maharashtra,West,Affiliate,2025-05-30,35-44,2025-06-05,2025-06
14912,M,1988,Hyderabad,Telangana,South,Referral,2025-05-30,35-44,2025-05-30,2025-05
14913,M,1992,Delhi,Delhi,North,Organic Search,2025-05-30,25-34,,
14914,M,2001,Mumbai,Maharashtra,West,Email,2025-05-30,18-24,2025-06-01,2025-06
14915,F,2006,Kochi,Kerala,South,Referral,2025-05-30,18-24,2025-06-01,2025-06
14916,M,1995,Ahmedabad,Gujarat,West,Referral,2025-05-30,25-34,2025-05-30,2025-05
14917,F,1998,Hyderabad,Telangana,South,Paid Search,2025-05-30,25-34,,
14918,F,1974,Pune,Maharashtra,West,Paid Social,2025-05-30,45+,,
14919,M,1990,Delhi,Delhi,North,Paid Social,2025-05-30,35-44,2025-05-31,2025-05
14920,F,2006,Gurugram,Haryana,North,Paid Search,2025-05-30,18-24,,
14921,F,1994,Hyderabad,Telangana,South,Referral,2025-05-30,25-34,2025-05-31,2025-05
14922,F,1993,Chennai,Tamil Nadu,South,Organic Search,2025-05-31,25-34,2025-06-04,2025-06
14923,F,2006,Mumbai,Maharashtra,West,Organic Search,2025-05-31,18-24,2025-06-04,2025-06
14924,F,2003,Pune,Maharashtra,West,Email,2025-05-31,18-24,2025-06-10,2025-06
14925,F,2000,Mumbai,Maharashtra,West,Paid Search,2025-05-31,25-34,2025-05-31,2025-05
14926,M,1993,Delhi,Delhi,North,Organic Search,2025-05-31,25-34,,
14927,F,1996,Delhi,Delhi,North,Referral,2025-05-31,25-34,2025-06-05,2025-06
14928,F,2006,Kolkata,West Bengal,East,Referral,2025-05-31,18-24,2025-06-05,2025-06
14929,F,2006,Delhi,Delhi,North,Referral,2025-05-31,18-24,2025-06-02,2025-06
14930,M,1989,Mumbai,Maharashtra,West,Paid Search,2025-05-31,35-44,,
14931,F,1981,Bengaluru,Karnataka,South,Paid Social,2025-05-31,35-44,,
14932,F,1994,Mumbai,Maharashtra,West,Organic Search,2025-05-31,25-34,,
14933,M,2000,Kolkata,West Bengal,East,Organic Search,2025-05-31,25-34,2025-06-07,2025-06
14934,M,2006,Delhi,Delhi,North,Organic Search,2025-05-31,18-24,2025-06-01,2025-06
14935,F,1993,Chennai,Tamil Nadu,South,Paid Social,2025-06-01,25-34,,
14936,F,1991,Delhi,Delhi,North,Paid Social,2025-06-01,25-34,2025-06-07,2025-06
14937,F,2002,Noida,Uttar Pradesh,North,Organic Search,2025-06-01,18-24,,
14938,M,1986,Pune,Maharashtra,West,Email,2025-06-01,35-44,,
14939,M,1992,Chennai,Tamil Nadu,South,Affiliate,2025-06-01,25-34,2025-06-06,2025-06
14940,M,1994,Mumbai,Maharashtra,West,Organic Search,2025-06-01,25-34,2025-06-07,2025-06
14941,F,1993,Jaipur,Rajasthan,North,Referral,2025-06-01,25-34,2025-06-01,2025-06
14942,F,2004,Mumbai,Maharashtra,West,Paid Social,2025-06-01,18-24,2025-06-07,2025-06
14943,M,1998,Delhi,Delhi,North,Paid Social,2025-06-01,25-34,,
14944,F,1989,Chennai,Tamil Nadu,South,Paid Social,2025-06-02,35-44,2025-06-03,2025-06
14945,F,1992,Kochi,Kerala,South,Referral,2025-06-02,25-34,2025-06-04,2025-06
14946,M,2006,Bengaluru,Karnataka,South,Organic Search,2025-06-02,18-24,,
14947,F,1982,Mumbai,Maharashtra,West,Paid Social,2025-06-02,35-44,2025-06-03,2025-06
14948,F,1978,Indore,Madhya Pradesh,West,Organic Search,2025-06-02,45+,,
14949,F,1984,Ahmedabad,Gujarat,West,Organic Search,2025-06-02,35-44,,
14950,M,1996,Delhi,Delhi,North,Paid Social,2025-06-02,25-34,2025-06-02,2025-06
14951,M,2003,Mumbai,Maharashtra,West,Organic Search,2025-06-02,18-24,2025-06-08,2025-06
14952,M,1993,Bengaluru,Karnataka,South,Referral,2025-06-02,25-34,2025-06-02,2025-06
14953,M,1989,Chennai,Tamil Nadu,South,Paid Social,2025-06-03,35-44,,
14954,F,1988,Mumbai,Maharashtra,West,Organic Search,2025-06-03,35-44,2025-06-10,2025-06
14955,M,1980,Hyderabad,Telangana,South,Email,2025-06-03,45+,2025-06-07,2025-06
14956,M,2006,Hyderabad,Telangana,South,Paid Search,2025-06-03,18-24,,
14957,F,1992,Kochi,Kerala,South,Paid Social,2025-06-03,25-34,2025-06-07,2025-06
14958,M,1995,Kolkata,West Bengal,East,Organic Search,2025-06-03,25-34,2025-06-04,2025-06
14959,M,2000,Delhi,Delhi,North,Organic Search,2025-06-03,25-34,2025-06-08,2025-06
14960,M,2005,Mumbai,Maharashtra,West,Email,2025-06-03,18-24,2025-06-03,2025-06
14961,M,1992,Hyderabad,Telangana,South,Email,2025-06-03,25-34,2025-06-04,2025-06
14962,F,1986,Hyderabad,Telangana,South,Paid Search,2025-06-03,35-44,2025-06-08,2025-06
14963,F,1993,Delhi,Delhi,North,Paid Search,2025-06-03,25-34,2025-06-16,2025-06
14964,M,1992,Indore,Madhya Pradesh,West,Paid Social,2025-06-03,25-34,,
14965,M,1989,Chennai,Tamil Nadu,South,Organic Search,2025-06-03,35-44,2025-06-03,2025-06
14966,F,1983,Noida,Uttar Pradesh,North,Email,2025-06-03,35-44,2025-06-15,2025-06
14967,M,1997,Mumbai,Maharashtra,West,Organic Search,2025-06-04,25-34,2025-06-05,2025-06
14968,M,2004,Mumbai,Maharashtra,West,Organic Search,2025-06-04,18-24,2025-06-05,2025-06
14969,F,2006,Mumbai,Maharashtra,West,Organic Search,2025-06-04,18-24,2025-06-08,2025-06
14970,F,1987,Ahmedabad,Gujarat,West,Paid Search,2025-06-04,35-44,2025-06-04,2025-06
14971,M,2006,Delhi,Delhi,North,Email,2025-06-04,18-24,2025-06-07,2025-06
14972,F,1985,Hyderabad,Telangana,South,Paid Social,2025-06-04,35-44,,
14973,M,1995,Delhi,Delhi,North,Organic Search,2025-06-04,25-34,,
14974,F,2002,Hyderabad,Telangana,South,Organic Search,2025-06-04,18-24,2025-06-08,2025-06
14975,M,1998,Delhi,Delhi,North,Paid Search,2025-06-04,25-34,,
14976,M,2005,Hyderabad,Telangana,South,Paid Social,2025-06-04,18-24,2025-06-05,2025-06
14977,F,1985,Mumbai,Maharashtra,West,Paid Social,2025-06-04,35-44,,
14978,F,1992,Bengaluru,Karnataka,South,Organic Search,2025-06-04,25-34,2025-06-05,2025-06
14979,F,1992,Gurugram,Haryana,North,Referral,2025-06-04,25-34,2025-06-17,2025-06
14980,M,2003,Pune,Maharashtra,West,Paid Social,2025-06-04,18-24,,
14981,F,1992,Jaipur,Rajasthan,North,Affiliate,2025-06-05,25-34,2025-06-08,2025-06
14982,M,1995,Delhi,Delhi,North,Paid Social,2025-06-05,25-34,2025-06-06,2025-06
14983,M,1991,Bengaluru,Karnataka,South,Paid Search,2025-06-05,25-34,2025-06-07,2025-06
14984,F,1996,Delhi,Delhi,North,Organic Search,2025-06-05,25-34,2025-06-10,2025-06
14985,F,1987,Kolkata,West Bengal,East,Email,2025-06-05,35-44,2025-06-08,2025-06
14986,F,1985,Ahmedabad,Gujarat,West,Organic Search,2025-06-05,35-44,2025-06-05,2025-06
14987,M,1990,Delhi,Delhi,North,Paid Search,2025-06-05,35-44,,
14988,M,1986,Kolkata,West Bengal,East,Paid Social,2025-06-05,35-44,,
14989,M,1992,Delhi,Delhi,North,Paid Social,2025-06-05,25-34,,
14990,M,2000,Chennai,Tamil Nadu,South,Paid Social,2025-06-05,25-34,,
14991,F,1983,Chandigarh,Chandigarh,North,Paid Social,2025-06-05,35-44,2025-06-05,2025-06
14992,M,1990,Ahmedabad,Gujarat,West,Organic Search,2025-06-05,35-44,2025-06-06,2025-06
14993,M,2006,Chennai,Tamil Nadu,South,Paid Social,2025-06-05,18-24,,
14994,F,1979,Delhi,Delhi,North,Email,2025-06-05,45+,,
14995,M,1985,Bengaluru,Karnataka,South,Organic Search,2025-06-05,35-44,,
14996,F,1996,Gurugram,Haryana,North,Organic Search,2025-06-05,25-34,2025-06-09,2025-06
14997,F,1981,Bengaluru,Karnataka,South,Affiliate,2025-06-05,35-44,,
14998,M,1992,Gurugram,Haryana,North,Paid Search,2025-06-05,25-34,2025-06-07,2025-06
14999,M,2006,Delhi,Delhi,North,Paid Search,2025-06-05,18-24,2025-06-10,2025-06
15000,F,1988,Gurugram,Haryana,North,Paid Search,2025-06-05,35-44,2025-06-12,2025-06
15001,F,1986,Bengaluru,Karnataka,South,Paid Social,2025-06-06,35-44,2025-06-14,2025-06
15002,F,1980,Kolkata,West Bengal,East,Paid Social,2025-06-06,45+,2025-06-06,2025-06
15003,F,1986,Kolkata,West Bengal,East,Referral,2025-06-06,35-44,2025-06-06,2025-06
15004,M,1992,Bengaluru,Karnataka,South,Paid Search,2025-06-06,25-34,,
15005,M,2006,Hyderabad,Telangana,South,Organic Search,2025-06-06,18-24,2025-06-10,2025-06
15006,F,1992,Chennai,Tamil Nadu,South,Paid Social,2025-06-06,25-34,2025-06-07,2025-06
15007,M,1992,Pune,Maharashtra,West,Paid Search,2025-06-06,25-34,2025-06-07,2025-06
15008,F,1993,Noida,Uttar Pradesh,North,Paid Social,2025-06-06,25-34,2025-06-20,2025-06
15009,F,1987,Bengaluru,Karnataka,South,Paid Social,2025-06-06,35-44,,
15010,F,1975,Gurugram,Haryana,North,Email,2025-06-06,45+,2025-06-06,2025-06
15011,F,2005,Chennai,Tamil Nadu,South,Organic Search,2025-06-07,18-24,,
15012,F,1998,Mumbai,Maharashtra,West,Organic Search,2025-06-07,25-34,2025-06-08,2025-06
15013,M,2002,Lucknow,Uttar Pradesh,North,Referral,2025-06-07,18-24,2025-06-11,2025-06
15014,F,1995,Chennai,Tamil Nadu,South,Paid Social,2025-06-07,25-34,,
15015,F,2003,Delhi,Delhi,North,Organic Search,2025-06-07,18-24,2025-06-11,2025-06
15016,M,1981,Kolkata,West Bengal,East,Affiliate,2025-06-07,35-44,,
15017,M,1994,Kolkata,West Bengal,East,Paid Social,2025-06-07,25-34,2025-06-08,2025-06
15018,M,1998,Indore,Madhya Pradesh,West,Paid Social,2025-06-07,25-34,2025-06-14,2025-06
15019,M,2004,Bengaluru,Karnataka,South,Referral,2025-06-07,18-24,2025-06-12,2025-06
15020,F,1997,Delhi,Delhi,North,Paid Social,2025-06-07,25-34,2025-06-09,2025-06
15021,F,1997,Mumbai,Maharashtra,West,Paid Search,2025-06-07,25-34,2025-06-09,2025-06
15022,M,1995,Chennai,Tamil Nadu,South,Paid Search,2025-06-07,25-34,2025-06-07,2025-06
15023,F,1982,Delhi,Delhi,North,Paid Search,2025-06-08,35-44,2025-06-11,2025-06
15024,M,1989,Jaipur,Rajasthan,North,Paid Search,2025-06-08,35-44,2025-06-15,2025-06
15025,M,1989,Mumbai,Maharashtra,West,Paid Social,2025-06-08,35-44,2025-06-08,2025-06
15026,M,2000,Bengaluru,Karnataka,South,Paid Search,2025-06-08,25-34,2025-06-12,2025-06
15027,M,1998,Bengaluru,Karnataka,South,Organic Search,2025-06-08,25-34,,
15028,F,2006,Delhi,Delhi,North,Paid Social,2025-06-08,18-24,2025-06-10,2025-06
15029,M,1997,Noida,Uttar Pradesh,North,Organic Search,2025-06-08,25-34,2025-06-11,2025-06
15030,M,1992,Hyderabad,Telangana,South,Email,2025-06-08,25-34,2025-06-08,2025-06
15031,M,2004,Noida,Uttar Pradesh,North,Paid Social,2025-06-08,18-24,,
15032,F,1984,Jaipur,Rajasthan,North,Paid Social,2025-06-08,35-44,2025-06-17,2025-06
15033,F,1991,Gurugram,Haryana,North,Paid Search,2025-06-08,25-34,2025-06-09,2025-06
15034,F,1986,Hyderabad,Telangana,South,Organic Search,2025-06-08,35-44,2025-06-09,2025-06
15035,F,1985,Delhi,Delhi,North,Paid Social,2025-06-08,35-44,,
15036,M,1985,Jaipur,Rajasthan,North,Organic Search,2025-06-09,35-44,2025-06-10,2025-06
15037,F,1988,Pune,Maharashtra,West,Paid Social,2025-06-09,35-44,2025-06-15,2025-06
15038,M,1995,Delhi,Delhi,North,Organic Search,2025-06-09,25-34,,
15039,M,1991,Kolkata,West Bengal,East,Paid Social,2025-06-09,25-34,2025-06-09,2025-06
15040,F,1996,Chennai,Tamil Nadu,South,Organic Search,2025-06-09,25-34,2025-06-10,2025-06
15041,F,1995,Bengaluru,Karnataka,South,Organic Search,2025-06-09,25-34,2025-06-10,2025-06
15042,F,1975,Mumbai,Maharashtra,West,Paid Search,2025-06-09,45+,2025-06-10,2025-06
15043,M,1995,Gurugram,Haryana,North,Paid Social,2025-06-09,25-34,2025-06-12,2025-06
15044,F,1987,Ahmedabad,Gujarat,West,Organic Search,2025-06-09,35-44,2025-06-14,2025-06
15045,M,1980,Lucknow,Uttar Pradesh,North,Paid Social,2025-06-09,45+,2025-06-09,2025-06
15046,M,1995,Bengaluru,Karnataka,South,Referral,2025-06-09,25-34,2025-06-09,2025-06
15047,F,1994,Gurugram,Haryana,North,Paid Social,2025-06-09,25-34,2025-06-18,2025-06
15048,M,1995,Bengaluru,Karnataka,South,Paid Social,2025-06-09,25-34,2025-06-11,2025-06
15049,M,1999,Chandigarh,Chandigarh,North,Organic Search,2025-06-09,25-34,2025-06-18,2025-06
15050,M,1988,Pune,Maharashtra,West,Organic Search,2025-06-10,35-44,2025-06-10,2025-06
15051,M,1986,Gurugram,Haryana,North,Organic Search,2025-06-10,35-44,2025-06-13,2025-06
15052,M,1993,Lucknow,Uttar Pradesh,North,Affiliate,2025-06-10,25-34,2025-06-15,2025-06
15053,F,1990,Mumbai,Maharashtra,West,Organic Search,2025-06-10,35-44,2025-06-13,2025-06
15054,M,2006,Mumbai,Maharashtra,West,Organic Search,2025-06-10,18-24,2025-06-10,2025-06
15055,M,1992,Kolkata,West Bengal,East,Organic Search,2025-06-10,25-34,2025-06-14,2025-06
15056,M,1993,Chandigarh,Chandigarh,North,Referral,2025-06-10,25-34,2025-06-25,2025-06
15057,M,1986,Delhi,Delhi,North,Paid Search,2025-06-10,35-44,2025-06-10,2025-06
15058,M,1985,Pune,Maharashtra,West,Referral,2025-06-10,35-44,2025-06-12,2025-06
15059,F,1980,Chandigarh,Chandigarh,North,Paid Search,2025-06-10,45+,2025-06-19,2025-06
15060,M,1990,Chennai,Tamil Nadu,South,Referral,2025-06-10,35-44,2025-06-11,2025-06
15061,M,1991,Noida,Uttar Pradesh,North,Email,2025-06-11,25-34,2025-06-16,2025-06
15062,M,2002,Chennai,Tamil Nadu,South,Paid Search,2025-06-11,18-24,2025-06-13,2025-06
15063,F,1991,Bengaluru,Karnataka,South,Affiliate,2025-06-11,25-34,2025-06-14,2025-06
15064,F,1990,Gurugram,Haryana,North,Affiliate,2025-06-11,35-44,2025-06-14,2025-06
15065,M,1995,Mumbai,Maharashtra,West,Organic Search,2025-06-11,25-34,2025-06-16,2025-06
15066,M,1992,Pune,Maharashtra,West,Paid Social,2025-06-11,25-34,2025-06-12,2025-06
15067,F,2000,Pune,Maharashtra,West,Paid Social,2025-06-11,25-34,2025-06-13,2025-06
15068,M,2004,Mumbai,Maharashtra,West,Email,2025-06-11,18-24,2025-06-16,2025-06
15069,F,1992,Ahmedabad,Gujarat,West,Paid Social,2025-06-11,25-34,2025-06-11,2025-06
15070,F,1985,Bengaluru,Karnataka,South,Paid Social,2025-06-11,35-44,2025-06-11,2025-06
15071,F,1992,Pune,Maharashtra,West,Paid Search,2025-06-12,25-34,2025-06-13,2025-06
15072,M,1994,Indore,Madhya Pradesh,West,Referral,2025-06-12,25-34,2025-06-17,2025-06
15073,M,1982,Chennai,Tamil Nadu,South,Organic Search,2025-06-12,35-44,2025-06-12,2025-06
15074,M,1990,Pune,Maharashtra,West,Paid Social,2025-06-12,35-44,2025-06-13,2025-06
15075,M,1981,Mumbai,Maharashtra,West,Organic Search,2025-06-12,35-44,2025-06-29,2025-06
15076,M,1996,Lucknow,Uttar Pradesh,North,Referral,2025-06-12,25-34,2025-06-14,2025-06
15077,M,1984,Delhi,Delhi,North,Referral,2025-06-12,35-44,2025-06-19,2025-06
15078,M,1990,Jaipur,Rajasthan,North,Organic Search,2025-06-12,35-44,2025-06-12,2025-06
15079,M,1991,Mumbai,Maharashtra,West,Referral,2025-06-12,25-34,2025-06-13,2025-06
15080,M,1982,Hyderabad,Telangana,South,Referral,2025-06-12,35-44,,
15081,M,1993,Noida,Uttar Pradesh,North,Organic Search,2025-06-12,25-34,,
15082,M,1984,Bengaluru,Karnataka,South,Paid Search,2025-06-12,35-44,2025-06-13,2025-06
15083,F,2005,Delhi,Delhi,North,Organic Search,2025-06-13,18-24,2025-06-18,2025-06
15084,M,2003,Gurugram,Haryana,North,Organic Search,2025-06-13,18-24,2025-06-14,2025-06
15085,M,2002,Chandigarh,Chandigarh,North,Referral,2025-06-13,18-24,2025-06-13,2025-06
15086,M,1994,Mumbai,Maharashtra,West,Paid Search,2025-06-13,25-34,2025-07-17,2025-07
15087,F,1995,Gurugram,Haryana,North,Paid Social,2025-06-13,25-34,2025-06-17,2025-06
15088,M,1991,Delhi,Delhi,North,Organic Search,2025-06-13,25-34,2025-06-15,2025-06
15089,F,1997,Ahmedabad,Gujarat,West,Organic Search,2025-06-13,25-34,,
15090,F,2006,Mumbai,Maharashtra,West,Paid Social,2025-06-13,18-24,2025-06-13,2025-06
15091,M,1985,Mumbai,Maharashtra,West,Paid Search,2025-06-13,35-44,2025-06-14,2025-06
15092,M,1996,Jaipur,Rajasthan,North,Email,2025-06-13,25-34,2025-06-17,2025-06
15093,M,1979,Mumbai,Maharashtra,West,Organic Search,2025-06-13,45+,2025-06-22,2025-06
15094,F,1989,Gurugram,Haryana,North,Paid Social,2025-06-13,35-44,,
15095,M,1992,Jaipur,Rajasthan,North,Paid Social,2025-06-14,25-34,2025-06-16,2025-06
15096,F,1995,Ahmedabad,Gujarat,West,Paid Social,2025-06-14,25-34,2025-06-23,2025-06
15097,F,1998,Pune,Maharashtra,West,Paid Social,2025-06-14,25-34,2025-06-15,2025-06
15098,F,2003,Kochi,Kerala,South,Organic Search,2025-06-14,18-24,2025-06-16,2025-06
15099,M,1982,Chennai,Tamil Nadu,South,Referral,2025-06-14,35-44,2025-06-16,2025-06
15100,F,2000,Delhi,Delhi,North,Paid Social,2025-06-14,25-34,2025-06-14,2025-06
15101,F,2006,Noida,Uttar Pradesh,North,Referral,2025-06-14,18-24,2025-06-22,2025-06
15102,F,1990,Chennai,Tamil Nadu,South,Organic Search,2025-06-14,35-44,2025-06-14,2025-06
15103,F,1989,Chandigarh,Chandigarh,North,Organic Search,2025-06-14,35-44,,
15104,M,1994,Pune,Maharashtra,West,Paid Search,2025-06-14,25-34,2025-06-21,2025-06
15105,F,1992,Bengaluru,Karnataka,South,Paid Search,2025-06-14,25-34,2025-06-23,2025-06
15106,M,1992,Ahmedabad,Gujarat,West,Organic Search,2025-06-14,25-34,2025-06-25,2025-06
15107,F,2005,Delhi,Delhi,North,Organic Search,2025-06-14,18-24,2025-06-21,2025-06
15108,F,2006,Noida,Uttar Pradesh,North,Organic Search,2025-06-14,18-24,2025-06-20,2025-06
15109,F,1991,Delhi,Delhi,North,Organic Search,2025-06-14,25-34,2025-06-17,2025-06
15110,M,2006,Gurugram,Haryana,North,Organic Search,2025-06-14,18-24,2025-06-19,2025-06
15111,M,1991,Gurugram,Haryana,North,Referral,2025-06-14,25-34,,
15112,M,2000,Bengaluru,Karnataka,South,Affiliate,2025-06-14,25-34,2025-06-16,2025-06
15113,F,1985,Mumbai,Maharashtra,West,Paid Search,2025-06-15,35-44,2025-06-19,2025-06
15114,M,1986,Delhi,Delhi,North,Organic Search,2025-06-15,35-44,2025-06-15,2025-06
15115,M,1991,Delhi,Delhi,North,Paid Search,2025-06-15,25-34,2025-06-17,2025-06
15116,F,2000,Kolkata,West Bengal,East,Referral,2025-06-15,25-34,2025-06-15,2025-06
15117,F,1995,Gurugram,Haryana,North,Affiliate,2025-06-15,25-34,2025-06-18,2025-06
15118,F,1980,Lucknow,Uttar Pradesh,North,Organic Search,2025-06-15,45+,2025-06-19,2025-06
15119,M,1983,Ahmedabad,Gujarat,West,Organic Search,2025-06-15,35-44,,
15120,F,1980,Gurugram,Haryana,North,Paid Search,2025-06-15,45+,2025-06-20,2025-06
15121,F,1996,Noida,Uttar Pradesh,North,Paid Search,2025-06-15,25-34,2025-06-19,2025-06
15122,M,1995,Delhi,Delhi,North,Organic Search,2025-06-15,25-34,2025-06-19,2025-06
15123,F,1995,Kolkata,West Bengal,East,Paid Social,2025-06-15,25-34,2025-06-16,2025-06
15124,F,1994,Indore,Madhya Pradesh,West,Organic Search,2025-06-15,25-34,2025-06-16,2025-06
15125,F,1987,Pune,Maharashtra,West,Organic Search,2025-06-15,35-44,2025-06-15,2025-06
15126,M,1995,Chennai,Tamil Nadu,South,Paid Social,2025-06-15,25-34,2025-06-25,2025-06
15127,F,2005,Indore,Madhya Pradesh,West,Referral,2025-06-15,18-24,2025-06-15,2025-06
15128,M,1998,Lucknow,Uttar Pradesh,North,Organic Search,2025-06-15,25-34,2025-06-15,2025-06
15129,M,1984,Pune,Maharashtra,West,Referral,2025-06-15,35-44,2025-06-23,2025-06
15130,M,1991,Pune,Maharashtra,West,Paid Search,2025-06-15,25-34,2025-06-16,2025-06
15131,M,1988,Mumbai,Maharashtra,West,Paid Search,2025-06-15,35-44,2025-06-17,2025-06
15132,M,2001,Hyderabad,Telangana,South,Organic Search,2025-06-15,18-24,2025-06-22,2025-06
15133,M,1985,Delhi,Delhi,North,Organic Search,2025-06-16,35-44,2025-06-18,2025-06
15134,F,1995,Gurugram,Haryana,North,Organic Search,2025-06-16,25-34,2025-06-17,2025-06
15135,M,1991,Mumbai,Maharashtra,West,Paid Social,2025-06-16,25-34,,
15136,M,1987,Delhi,Delhi,North,Email,2025-06-16,35-44,2025-06-20,2025-06
15137,F,1995,Kolkata,West Bengal,East,Organic Search,2025-06-16,25-34,2025-06-18,2025-06
15138,M,1992,Pune,Maharashtra,West,Organic Search,2025-06-16,25-34,,
15139,F,1999,Delhi,Delhi,North,Paid Search,2025-06-16,25-34,2025-06-17,2025-06
15140,M,1990,Indore,Madhya Pradesh,West,Paid Search,2025-06-16,35-44,,
15141,F,1984,Hyderabad,Telangana,South,Referral,2025-06-16,35-44,2025-06-23,2025-06
15142,M,1992,Mumbai,Maharashtra,West,Organic Search,2025-06-16,25-34,2025-06-21,2025-06
15143,M,1996,Pune,Maharashtra,West,Paid Social,2025-06-16,25-34,,
15144,M,1998,Bengaluru,Karnataka,South,Paid Social,2025-06-16,25-34,2025-06-17,2025-06
15145,F,1992,Lucknow,Uttar Pradesh,North,Referral,2025-06-16,25-34,2025-06-19,2025-06
15146,M,2000,Indore,Madhya Pradesh,West,Paid Search,2025-06-16,25-34,2025-06-25,2025-06
15147,M,1983,Bengaluru,Karnataka,South,Organic Search,2025-06-16,35-44,2025-06-18,2025-06
15148,F,2001,Hyderabad,Telangana,South,Organic Search,2025-06-16,18-24,2025-06-18,2025-06
15149,M,1998,Chennai,Tamil Nadu,South,Paid Social,2025-06-16,25-34,2025-06-16,2025-06
15150,F,1990,Kolkata,West Bengal,East,Paid Social,2025-06-16,35-44,2025-06-16,2025-06
15151,F,2002,Delhi,Delhi,North,Paid Social,2025-06-16,18-24,,
15152,M,1996,Hyderabad,Telangana,South,Organic Search,2025-06-16,25-34,2025-06-18,2025-06
15153,M,2004,Bengaluru,Karnataka,South,Organic Search,2025-06-16,18-24,2025-07-05,2025-07
15154,F,1987,Mumbai,Maharashtra,West,Paid Social,2025-06-16,35-44,2025-06-16,2025-06
15155,M,1988,Kochi,Kerala,South,Organic Search,2025-06-17,35-44,,
15156,M,1998,Chennai,Tamil Nadu,South,Affiliate,2025-06-17,25-34,2025-06-18,2025-06
15157,M,1994,Hyderabad,Telangana,South,Referral,2025-06-17,25-34,2025-06-19,2025-06
15158,F,1982,Delhi,Delhi,North,Organic Search,2025-06-17,35-44,2025-06-23,2025-06
15159,F,2006,Gurugram,Haryana,North,Paid Social,2025-06-17,18-24,2025-06-20,2025-06
15160,M,2006,Kochi,Kerala,South,Organic Search,2025-06-17,18-24,2025-06-22,2025-06
15161,M,1995,Kolkata,West Bengal,East,Affiliate,2025-06-17,25-34,2025-06-17,2025-06
15162,M,1988,Jaipur,Rajasthan,North,Paid Social,2025-06-17,35-44,,
15163,F,1988,Jaipur,Rajasthan,North,Paid Search,2025-06-17,35-44,,
15164,M,1997,Indore,Madhya Pradesh,West,Paid Social,2025-06-17,25-34,2025-06-27,2025-06
15165,M,2005,Delhi,Delhi,North,Organic Search,2025-06-18,18-24,,
15166,F,2006,Indore,Madhya Pradesh,West,Paid Search,2025-06-18,18-24,2025-06-19,2025-06
15167,M,1991,Kolkata,West Bengal,East,Organic Search,2025-06-18,25-34,,
15168,M,1991,Jaipur,Rajasthan,North,Paid Search,2025-06-18,25-34,,
15169,F,1992,Bengaluru,Karnataka,South,Organic Search,2025-06-18,25-34,,
15170,M,1997,Pune,Maharashtra,West,Affiliate,2025-06-18,25-34,2025-06-19,2025-06
15171,M,1987,Jaipur,Rajasthan,North,Paid Search,2025-06-18,35-44,2025-06-23,2025-06
15172,M,1983,Mumbai,Maharashtra,West,Email,2025-06-18,35-44,,
15173,F,1992,Ahmedabad,Gujarat,West,Organic Search,2025-06-18,25-34,,
15174,F,1996,Hyderabad,Telangana,South,Email,2025-06-18,25-34,2025-06-18,2025-06
15175,M,2006,Ahmedabad,Gujarat,West,Paid Social,2025-06-18,18-24,2025-06-20,2025-06
15176,M,1985,Kochi,Kerala,South,Paid Social,2025-06-18,35-44,2025-06-18,2025-06
15177,M,2003,Delhi,Delhi,North,Referral,2025-06-18,18-24,,
15178,M,1993,Kolkata,West Bengal,East,Paid Social,2025-06-18,25-34,2025-06-19,2025-06
15179,F,1992,Ahmedabad,Gujarat,West,Paid Social,2025-06-19,25-34,,
15180,F,1981,Mumbai,Maharashtra,West,Email,2025-06-19,35-44,2025-06-20,2025-06
15181,F,1997,Delhi,Delhi,North,Organic Search,2025-06-19,25-34,2025-06-24,2025-06
15182,M,1996,Jaipur,Rajasthan,North,Organic Search,2025-06-19,25-34,2025-06-20,2025-06
15183,M,2006,Mumbai,Maharashtra,West,Affiliate,2025-06-19,18-24,2025-06-21,2025-06
15184,M,1991,Kolkata,West Bengal,East,Email,2025-06-19,25-34,2025-06-19,2025-06
15185,M,2006,Hyderabad,Telangana,South,Paid Social,2025-06-19,18-24,2025-06-20,2025-06
15186,F,1991,Delhi,Delhi,North,Referral,2025-06-19,25-34,2025-06-19,2025-06
15187,M,1991,Chandigarh,Chandigarh,North,Email,2025-06-19,25-34,2025-06-27,2025-06
15188,F,1980,Pune,Maharashtra,West,Paid Search,2025-06-19,45+,,
15189,F,2003,Chennai,Tamil Nadu,South,Organic Search,2025-06-20,18-24,2025-06-26,2025-06
15190,F,1995,Hyderabad,Telangana,South,Paid Social,2025-06-20,25-34,,
15191,F,1993,Noida,Uttar Pradesh,North,Paid Search,2025-06-20,25-34,2025-06-23,2025-06
15192,M,1991,Delhi,Delhi,North,Organic Search,2025-06-20,25-34,,
15193,M,1995,Delhi,Delhi,North,Affiliate,2025-06-20,25-34,,
15194,M,1988,Pune,Maharashtra,West,Paid Social,2025-06-20,35-44,2025-06-24,2025-06
15195,F,1997,Delhi,Delhi,North,Referral,2025-06-21,25-34,2025-06-21,2025-06
15196,F,1986,Lucknow,Uttar Pradesh,North,Paid Social,2025-06-21,35-44,2025-06-23,2025-06
15197,M,1992,Hyderabad,Telangana,South,Organic Search,2025-06-21,25-34,,
15198,F,1997,Mumbai,Maharashtra,West,Paid Social,2025-06-21,25-34,2025-06-22,2025-06
15199,F,2005,Kolkata,West Bengal,East,Paid Social,2025-06-21,18-24,2025-06-22,2025-06
15200,M,1995,Hyderabad,Telangana,South,Paid Social,2025-06-21,25-34,2025-06-26,2025-06
15201,M,2004,Lucknow,Uttar Pradesh,North,Organic Search,2025-06-21,18-24,2025-07-04,2025-07
15202,M,1993,Delhi,Delhi,North,Referral,2025-06-21,25-34,2025-06-24,2025-06
15203,F,1986,Pune,Maharashtra,West,Paid Search,2025-06-21,35-44,2025-07-04,2025-07
15204,M,2006,Bengaluru,Karnataka,South,Paid Search,2025-06-21,18-24,,
15205,M,1993,Mumbai,Maharashtra,West,Paid Social,2025-06-22,25-34,2025-06-22,2025-06
15206,M,2001,Kochi,Kerala,South,Affiliate,2025-06-22,18-24,2025-06-27,2025-06
15207,F,1989,Hyderabad,Telangana,South,Paid Search,2025-06-22,35-44,2025-06-22,2025-06
15208,F,1998,Pune,Maharashtra,West,Organic Search,2025-06-22,25-34,2025-06-22,2025-06
15209,M,1996,Delhi,Delhi,North,Affiliate,2025-06-22,25-34,,
15210,M,1993,Chandigarh,Chandigarh,North,Affiliate,2025-06-22,25-34,,
15211,M,2006,Pune,Maharashtra,West,Organic Search,2025-06-22,18-24,2025-06-24,2025-06
15212,M,1997,Lucknow,Uttar Pradesh,North,Referral,2025-06-22,25-34,,
15213,M,1991,Chennai,Tamil Nadu,South,Email,2025-06-22,25-34,,
15214,F,2006,Mumbai,Maharashtra,West,Organic Search,2025-06-22,18-24,2025-06-30,2025-06
15215,M,1979,Noida,Uttar Pradesh,North,Referral,2025-06-22,45+,2025-06-30,2025-06
15216,M,1982,Hyderabad,Telangana,South,Organic Search,2025-06-22,35-44,2025-06-25,2025-06
15217,M,2001,Indore,Madhya Pradesh,West,Referral,2025-06-22,18-24,2025-06-22,2025-06
15218,M,1995,Noida,Uttar Pradesh,North,Organic Search,2025-06-23,25-34,2025-06-26,2025-06
15219,F,1989,Pune,Maharashtra,West,Paid Social,2025-06-23,35-44,2025-06-24,2025-06
15220,F,1997,Bengaluru,Karnataka,South,Referral,2025-06-23,25-34,2025-06-30,2025-06
15221,M,2002,Mumbai,Maharashtra,West,Organic Search,2025-06-23,18-24,2025-06-24,2025-06
15222,F,1985,Jaipur,Rajasthan,North,Referral,2025-06-23,35-44,2025-07-02,2025-07
15223,F,1993,Bengaluru,Karnataka,South,Organic Search,2025-06-23,25-34,2025-07-02,2025-07
15224,F,1994,Bengaluru,Karnataka,South,Organic Search,2025-06-23,25-34,2025-06-24,2025-06
15225,M,1996,Delhi,Delhi,North,Affiliate,2025-06-23,25-34,2025-06-23,2025-06
15226,M,1999,Lucknow,Uttar Pradesh,North,Affiliate,2025-06-23,25-34,2025-06-23,2025-06
15227,M,1978,Bengaluru,Karnataka,South,Referral,2025-06-23,45+,2025-06-27,2025-06
15228,M,1998,Noida,Uttar Pradesh,North,Email,2025-06-23,25-34,2025-07-04,2025-07
15229,F,1978,Kolkata,West Bengal,East,Organic Search,2025-06-24,45+,2025-06-24,2025-06
15230,M,1993,Gurugram,Haryana,North,Paid Social,2025-06-24,25-34,2025-06-25,2025-06
15231,F,1985,Bengaluru,Karnataka,South,Email,2025-06-24,35-44,2025-06-24,2025-06
15232,M,1995,Kolkata,West Bengal,East,Email,2025-06-24,25-34,2025-06-29,2025-06
15233,M,1999,Mumbai,Maharashtra,West,Paid Search,2025-06-24,25-34,2025-07-01,2025-07
15234,F,1994,Indore,Madhya Pradesh,West,Paid Search,2025-06-24,25-34,2025-06-26,2025-06
15235,F,1988,Delhi,Delhi,North,Paid Social,2025-06-24,35-44,,
15236,M,1983,Bengaluru,Karnataka,South,Organic Search,2025-06-24,35-44,2025-06-26,2025-06
15237,M,1993,Kolkata,West Bengal,East,Referral,2025-06-24,25-34,2025-06-25,2025-06
15238,M,1990,Kolkata,West Bengal,East,Organic Search,2025-06-24,35-44,2025-06-24,2025-06
15239,F,1996,Mumbai,Maharashtra,West,Paid Social,2025-06-24,25-34,2025-06-24,2025-06
15240,M,1990,Hyderabad,Telangana,South,Organic Search,2025-06-24,35-44,2025-06-30,2025-06
15241,M,2005,Hyderabad,Telangana,South,Referral,2025-06-24,18-24,2025-06-26,2025-06
15242,M,1994,Chandigarh,Chandigarh,North,Affiliate,2025-06-24,25-34,,
15243,F,2001,Hyderabad,Telangana,South,Paid Social,2025-06-25,18-24,2025-06-26,2025-06
15244,M,1990,Gurugram,Haryana,North,Affiliate,2025-06-25,35-44,2025-06-25,2025-06
15245,M,1999,Kolkata,West Bengal,East,Paid Search,2025-06-25,25-34,2025-06-29,2025-06
15246,F,1998,Chennai,Tamil Nadu,South,Paid Search,2025-06-25,25-34,2025-06-29,2025-06
15247,F,1988,Pune,Maharashtra,West,Referral,2025-06-25,35-44,2025-06-25,2025-06
15248,M,1982,Mumbai,Maharashtra,West,Organic Search,2025-06-25,35-44,,
15249,M,2004,Kolkata,West Bengal,East,Paid Search,2025-06-25,18-24,2025-07-02,2025-07
15250,F,1990,Delhi,Delhi,North,Paid Social,2025-06-26,35-44,,
15251,M,1988,Pune,Maharashtra,West,Organic Search,2025-06-26,35-44,2025-07-03,2025-07
15252,M,1991,Pune,Maharashtra,West,Email,2025-06-26,25-34,2025-06-26,2025-06
15253,M,1986,Mumbai,Maharashtra,West,Paid Social,2025-06-26,35-44,2025-07-04,2025-07
15254,F,1999,Delhi,Delhi,North,Organic Search,2025-06-26,25-34,2025-06-30,2025-06
15255,M,1993,Lucknow,Uttar Pradesh,North,Paid Search,2025-06-26,25-34,2025-07-01,2025-07
15256,M,1994,Kolkata,West Bengal,East,Paid Search,2025-06-26,25-34,2025-06-30,2025-06
15257,F,2003,Hyderabad,Telangana,South,Paid Social,2025-06-26,18-24,2025-06-30,2025-06
15258,F,1994,Chennai,Tamil Nadu,South,Organic Search,2025-06-26,25-34,,
15259,M,2006,Pune,Maharashtra,West,Email,2025-06-26,18-24,2025-06-27,2025-06
15260,F,1993,Bengaluru,Karnataka,South,Organic Search,2025-06-26,25-34,2025-07-08,2025-07
15261,M,1981,Pune,Maharashtra,West,Paid Search,2025-06-26,35-44,2025-06-29,2025-06
15262,M,1986,Bengaluru,Karnataka,South,Paid Social,2025-06-27,35-44,,
15263,F,1988,Chennai,Tamil Nadu,South,Paid Search,2025-06-27,35-44,2025-06-27,2025-06
15264,M,1994,Lucknow,Uttar Pradesh,North,Paid Social,2025-06-27,25-34,2025-07-01,2025-07
15265,M,2006,Kolkata,West Bengal,East,Paid Social,2025-06-27,18-24,,
15266,M,1995,Kochi,Kerala,South,Organic Search,2025-06-27,25-34,2025-06-29,2025-06
15267,F,1992,Mumbai,Maharashtra,West,Paid Social,2025-06-27,25-34,,
15268,M,1991,Kolkata,West Bengal,East,Affiliate,2025-06-27,25-34,2025-06-30,2025-06
15269,M,1998,Chennai,Tamil Nadu,South,Organic Search,2025-06-27,25-34,2025-06-28,2025-06
15270,F,1997,Delhi,Delhi,North,Paid Social,2025-06-27,25-34,2025-06-27,2025-06
15271,M,2000,Delhi,Delhi,North,Paid Search,2025-06-28,25-34,,
15272,F,1988,Bengaluru,Karnataka,South,Email,2025-06-28,35-44,2025-06-28,2025-06
15273,M,2006,Hyderabad,Telangana,South,Organic Search,2025-06-28,18-24,,
15274,M,1991,Lucknow,Uttar Pradesh,North,Organic Search,2025-06-28,25-34,2025-07-02,2025-07
15275,M,1988,Pune,Maharashtra,West,Paid Search,2025-06-28,35-44,2025-07-04,2025-07
15276,F,2003,Pune,Maharashtra,West,Paid Social,2025-06-28,18-24,2025-07-17,2025-07
15277,M,2001,Mumbai,Maharashtra,West,Organic Search,2025-06-28,18-24,2025-06-28,2025-06
15278,F,1988,Delhi,Delhi,North,Referral,2025-06-28,35-44,2025-06-29,2025-06
15279,F,1999,Noida,Uttar Pradesh,North,Paid Search,2025-06-28,25-34,2025-06-30,2025-06
15280,F,1990,Hyderabad,Telangana,South,Affiliate,2025-06-28,35-44,2025-06-29,2025-06
15281,M,1997,Delhi,Delhi,North,Email,2025-06-28,25-34,2025-07-11,2025-07
15282,M,1995,Bengaluru,Karnataka,South,Referral,2025-06-28,25-34,2025-07-05,2025-07
15283,F,2006,Bengaluru,Karnataka,South,Referral,2025-06-28,18-24,2025-07-06,2025-07
15284,F,2005,Kolkata,West Bengal,East,Paid Social,2025-06-28,18-24,2025-06-29,2025-06
15285,M,2002,Kolkata,West Bengal,East,Referral,2025-06-29,18-24,,
15286,F,2000,Kolkata,West Bengal,East,Organic Search,2025-06-29,25-34,2025-07-11,2025-07
15287,F,1983,Ahmedabad,Gujarat,West,Referral,2025-06-29,35-44,2025-06-29,2025-06
15288,M,1995,Delhi,Delhi,North,Paid Social,2025-06-29,25-34,2025-07-01,2025-07
15289,F,1990,Jaipur,Rajasthan,North,Referral,2025-06-29,35-44,,
15290,F,1993,Pune,Maharashtra,West,Paid Social,2025-06-29,25-34,2025-06-29,2025-06
15291,F,1994,Delhi,Delhi,North,Paid Social,2025-06-29,25-34,2025-06-29,2025-06
15292,M,1980,Delhi,Delhi,North,Paid Search,2025-06-29,45+,2025-06-29,2025-06
15293,M,1991,Chandigarh,Chandigarh,North,Paid Search,2025-06-29,25-34,2025-07-01,2025-07
15294,F,1995,Mumbai,Maharashtra,West,Paid Search,2025-06-29,25-34,2025-07-04,2025-07
15295,M,2001,Ahmedabad,Gujarat,West,Referral,2025-06-29,18-24,2025-07-03,2025-07
15296,F,1987,Kolkata,West Bengal,East,Organic Search,2025-06-29,35-44,2025-06-30,2025-06
15297,F,1987,Mumbai,Maharashtra,West,Affiliate,2025-06-29,35-44,2025-07-04,2025-07
15298,M,1987,Delhi,Delhi,North,Referral,2025-06-29,35-44,2025-07-04,2025-07
15299,M,1991,Ahmedabad,Gujarat,West,Email,2025-06-29,25-34,2025-07-03,2025-07
15300,M,1984,Mumbai,Maharashtra,West,Email,2025-06-30,35-44,2025-07-02,2025-07
15301,M,2004,Kochi,Kerala,South,Paid Search,2025-06-30,18-24,2025-07-01,2025-07
15302,M,2000,Mumbai,Maharashtra,West,Email,2025-06-30,25-34,2025-07-02,2025-07
15303,F,2006,Chandigarh,Chandigarh,North,Paid Search,2025-06-30,18-24,2025-07-04,2025-07
15304,M,1989,Bengaluru,Karnataka,South,Organic Search,2025-06-30,35-44,2025-07-21,2025-07
15305,M,2000,Pune,Maharashtra,West,Organic Search,2025-06-30,25-34,2025-07-03,2025-07
15306,M,1984,Ahmedabad,Gujarat,West,Organic Search,2025-06-30,35-44,2025-06-30,2025-06
15307,M,2005,Gurugram,Haryana,North,Organic Search,2025-06-30,18-24,2025-07-07,2025-07
15308,F,1992,Mumbai,Maharashtra,West,Paid Search,2025-06-30,25-34,2025-07-01,2025-07
15309,M,1993,Delhi,Delhi,North,Affiliate,2025-06-30,25-34,,
15310,M,2004,Hyderabad,Telangana,South,Organic Search,2025-06-30,18-24,,
15311,M,2003,Lucknow,Uttar Pradesh,North,Email,2025-06-30,18-24,2025-07-05,2025-07
15312,F,1986,Delhi,Delhi,North,Referral,2025-06-30,35-44,2025-07-05,2025-07
15313,F,1993,Ahmedabad,Gujarat,West,Email,2025-06-30,25-34,2025-06-30,2025-06
15314,M,2005,Ahmedabad,Gujarat,West,Referral,2025-06-30,18-24,2025-07-03,2025-07
15315,M,1991,Chandigarh,Chandigarh,North,Affiliate,2025-06-30,25-34,2025-07-04,2025-07
15316,F,1996,Kolkata,West Bengal,East,Organic Search,2025-07-01,25-34,2025-07-08,2025-07
15317,M,1998,Bengaluru,Karnataka,South,Paid Search,2025-07-01,25-34,2025-07-10,2025-07
15318,M,2005,Kochi,Kerala,South,Paid Search,2025-07-01,18-24,,
15319,F,1999,Jaipur,Rajasthan,North,Paid Search,2025-07-01,25-34,2025-07-03,2025-07
15320,M,1992,Ahmedabad,Gujarat,West,Paid Search,2025-07-01,25-34,2025-07-01,2025-07
15321,F,1978,Mumbai,Maharashtra,West,Paid Social,2025-07-01,45+,,
15322,F,1999,Mumbai,Maharashtra,West,Affiliate,2025-07-01,25-34,,
15323,M,1995,Delhi,Delhi,North,Organic Search,2025-07-02,25-34,,
15324,F,2006,Noida,Uttar Pradesh,North,Email,2025-07-02,18-24,,
15325,M,1998,Chennai,Tamil Nadu,South,Organic Search,2025-07-02,25-34,2025-07-04,2025-07
15326,M,1989,Chennai,Tamil Nadu,South,Paid Social,2025-07-02,35-44,,
15327,F,1984,Delhi,Delhi,North,Paid Search,2025-07-02,35-44,2025-07-05,2025-07
15328,F,1992,Delhi,Delhi,North,Affiliate,2025-07-02,25-34,2025-07-06,2025-07
15329,M,1996,Delhi,Delhi,North,Paid Social,2025-07-02,25-34,2025-07-08,2025-07
15330,M,1994,Bengaluru,Karnataka,South,Organic Search,2025-07-02,25-34,2025-07-02,2025-07
15331,F,1983,Lucknow,Uttar Pradesh,North,Affiliate,2025-07-02,35-44,2025-07-05,2025-07
15332,M,1971,Hyderabad,Telangana,South,Paid Search,2025-07-02,45+,2025-07-04,2025-07
15333,M,1986,Delhi,Delhi,North,Affiliate,2025-07-02,35-44,,
15334,F,1974,Bengaluru,Karnataka,South,Organic Search,2025-07-02,45+,2025-07-10,2025-07
15335,M,1986,Chennai,Tamil Nadu,South,Organic Search,2025-07-02,35-44,2025-07-08,2025-07
15336,F,1995,Delhi,Delhi,North,Organic Search,2025-07-02,25-34,,
15337,F,2005,Chennai,Tamil Nadu,South,Paid Social,2025-07-02,18-24,2025-07-15,2025-07
15338,F,1974,Kochi,Kerala,South,Referral,2025-07-02,45+,2025-07-04,2025-07
15339,F,1985,Pune,Maharashtra,West,Paid Social,2025-07-02,35-44,2025-07-02,2025-07
15340,M,1997,Jaipur,Rajasthan,North,Organic Search,2025-07-03,25-34,,
15341,F,1990,Ahmedabad,Gujarat,West,Paid Search,2025-07-03,35-44,2025-07-09,2025-07
15342,F,1995,Chandigarh,Chandigarh,North,Paid Social,2025-07-03,25-34,2025-07-05,2025-07
15343,M,1997,Kolkata,West Bengal,East,Paid Search,2025-07-03,25-34,,
15344,M,1990,Ahmedabad,Gujarat,West,Paid Search,2025-07-03,35-44,,
15345,M,2003,Hyderabad,Telangana,South,Paid Social,2025-07-03,18-24,,
15346,F,2006,Indore,Madhya Pradesh,West,Paid Social,2025-07-03,18-24,2025-07-08,2025-07
15347,M,1985,Jaipur,Rajasthan,North,Paid Social,2025-07-03,35-44,,
15348,F,2001,Pune,Maharashtra,West,Organic Search,2025-07-03,18-24,2025-07-06,2025-07
15349,F,2006,Chennai,Tamil Nadu,South,Email,2025-07-03,18-24,2025-07-03,2025-07
15350,M,2005,Mumbai,Maharashtra,West,Referral,2025-07-03,18-24,2025-07-10,2025-07
15351,F,1988,Mumbai,Maharashtra,West,Referral,2025-07-03,35-44,2025-07-10,2025-07
15352,M,1991,Kolkata,West Bengal,East,Referral,2025-07-04,25-34,2025-07-05,2025-07
15353,M,1980,Chandigarh,Chandigarh,North,Paid Social,2025-07-04,45+,,
15354,F,1989,Chennai,Tamil Nadu,South,Affiliate,2025-07-04,35-44,2025-07-10,2025-07
15355,F,1989,Gurugram,Haryana,North,Paid Search,2025-07-04,35-44,2025-07-05,2025-07
15356,F,1997,Hyderabad,Telangana,South,Paid Search,2025-07-04,25-34,,
15357,M,1984,Indore,Madhya Pradesh,West,Referral,2025-07-04,35-44,2025-07-08,2025-07
15358,M,1994,Delhi,Delhi,North,Email,2025-07-04,25-34,2025-07-04,2025-07
15359,F,1995,Delhi,Delhi,North,Paid Search,2025-07-04,25-34,2025-07-05,2025-07
15360,F,1990,Jaipur,Rajasthan,North,Email,2025-07-04,35-44,2025-07-04,2025-07
15361,F,2000,Bengaluru,Karnataka,South,Paid Social,2025-07-04,25-34,,
15362,M,1990,Mumbai,Maharashtra,West,Paid Search,2025-07-04,35-44,2025-07-12,2025-07
15363,F,1996,Jaipur,Rajasthan,North,Email,2025-07-04,25-34,2025-07-05,2025-07
15364,M,1983,Ahmedabad,Gujarat,West,Paid Social,2025-07-04,35-44,,
15365,F,1987,Kolkata,West Bengal,East,Email,2025-07-04,35-44,2025-07-17,2025-07
15366,M,2001,Delhi,Delhi,North,Referral,2025-07-05,18-24,2025-07-06,2025-07
15367,F,1980,Bengaluru,Karnataka,South,Organic Search,2025-07-05,45+,,
15368,F,2000,Kochi,Kerala,South,Email,2025-07-05,25-34,2025-07-29,2025-07
15369,F,1991,Ahmedabad,Gujarat,West,Organic Search,2025-07-05,25-34,2025-07-09,2025-07
15370,F,1977,Kolkata,West Bengal,East,Referral,2025-07-05,45+,,
15371,M,1990,Indore,Madhya Pradesh,West,Referral,2025-07-05,35-44,2025-07-05,2025-07
15372,M,1999,Bengaluru,Karnataka,South,Referral,2025-07-05,25-34,2025-07-09,2025-07
15373,M,2006,Hyderabad,Telangana,South,Affiliate,2025-07-05,18-24,2025-07-05,2025-07
15374,F,2006,Noida,Uttar Pradesh,North,Paid Social,2025-07-05,18-24,,
15375,F,1986,Ahmedabad,Gujarat,West,Paid Search,2025-07-05,35-44,2025-07-07,2025-07
15376,M,2000,Indore,Madhya Pradesh,West,Paid Social,2025-07-05,25-34,2025-07-05,2025-07
15377,F,1990,Delhi,Delhi,North,Paid Social,2025-07-05,35-44,2025-07-15,2025-07
15378,M,1989,Mumbai,Maharashtra,West,Paid Search,2025-07-05,35-44,2025-07-09,2025-07
15379,M,2002,Hyderabad,Telangana,South,Organic Search,2025-07-05,18-24,2025-07-16,2025-07
15380,M,1995,Delhi,Delhi,North,Paid Social,2025-07-05,25-34,2025-07-06,2025-07
15381,F,1995,Mumbai,Maharashtra,West,Email,2025-07-05,25-34,2025-07-07,2025-07
15382,F,1980,Gurugram,Haryana,North,Paid Social,2025-07-05,45+,2025-07-13,2025-07
15383,F,1986,Gurugram,Haryana,North,Email,2025-07-06,35-44,2025-07-07,2025-07
15384,F,1986,Pune,Maharashtra,West,Paid Search,2025-07-06,35-44,2025-07-15,2025-07
15385,M,1998,Delhi,Delhi,North,Affiliate,2025-07-06,25-34,2025-07-07,2025-07
15386,M,1999,Mumbai,Maharashtra,West,Referral,2025-07-06,25-34,2025-07-08,2025-07
15387,M,2006,Delhi,Delhi,North,Paid Search,2025-07-06,18-24,2025-07-13,2025-07
15388,F,1986,Kochi,Kerala,South,Paid Search,2025-07-06,35-44,2025-07-07,2025-07
15389,F,2006,Chennai,Tamil Nadu,South,Affiliate,2025-07-06,18-24,2025-07-07,2025-07
15390,F,1991,Noida,Uttar Pradesh,North,Affiliate,2025-07-06,25-34,,
15391,M,1994,Delhi,Delhi,North,Paid Search,2025-07-06,25-34,2025-07-06,2025-07
15392,F,1993,Lucknow,Uttar Pradesh,North,Referral,2025-07-06,25-34,2025-07-06,2025-07
15393,M,1996,Delhi,Delhi,North,Email,2025-07-06,25-34,2025-07-10,2025-07
15394,M,1999,Bengaluru,Karnataka,South,Organic Search,2025-07-06,25-34,2025-07-26,2025-07
15395,M,2002,Ahmedabad,Gujarat,West,Paid Social,2025-07-07,18-24,,
15396,F,1992,Ahmedabad,Gujarat,West,Referral,2025-07-07,25-34,,
15397,M,1994,Chennai,Tamil Nadu,South,Organic Search,2025-07-07,25-34,2025-07-09,2025-07
15398,F,1986,Hyderabad,Telangana,South,Referral,2025-07-07,35-44,2025-07-09,2025-07
15399,M,1999,Mumbai,Maharashtra,West,Organic Search,2025-07-07,25-34,2025-07-08,2025-07
15400,F,1996,Indore,Madhya Pradesh,West,Paid Search,2025-07-07,25-34,2025-07-07,2025-07
15401,F,1987,Mumbai,Maharashtra,West,Paid Search,2025-07-07,35-44,2025-07-08,2025-07
15402,M,1984,Bengaluru,Karnataka,South,Referral,2025-07-07,35-44,2025-07-07,2025-07
15403,F,1995,Gurugram,Haryana,North,Organic Search,2025-07-07,25-34,2025-07-18,2025-07
15404,M,2004,Jaipur,Rajasthan,North,Paid Search,2025-07-07,18-24,2025-07-13,2025-07
15405,F,2006,Lucknow,Uttar Pradesh,North,Organic Search,2025-07-07,18-24,2025-07-17,2025-07
15406,F,1983,Gurugram,Haryana,North,Organic Search,2025-07-07,35-44,2025-07-13,2025-07
15407,M,2001,Mumbai,Maharashtra,West,Email,2025-07-08,18-24,,
15408,M,2000,Bengaluru,Karnataka,South,Organic Search,2025-07-08,25-34,2025-07-11,2025-07
15409,F,2005,Mumbai,Maharashtra,West,Organic Search,2025-07-08,18-24,,
15410,M,1997,Kolkata,West Bengal,East,Organic Search,2025-07-08,25-34,,
15411,F,1991,Jaipur,Rajasthan,North,Paid Social,2025-07-08,25-34,2025-07-09,2025-07
15412,F,2000,Kolkata,West Bengal,East,Organic Search,2025-07-08,25-34,,
15413,F,1973,Noida,Uttar Pradesh,North,Paid Social,2025-07-08,45+,,
15414,F,1986,Chandigarh,Chandigarh,North,Referral,2025-07-08,35-44,2025-07-08,2025-07
15415,F,1987,Gurugram,Haryana,North,Organic Search,2025-07-08,35-44,2025-07-11,2025-07
15416,M,1988,Lucknow,Uttar Pradesh,North,Organic Search,2025-07-08,35-44,2025-07-19,2025-07
15417,F,1981,Gurugram,Haryana,North,Paid Search,2025-07-08,35-44,2025-07-08,2025-07
15418,F,1989,Bengaluru,Karnataka,South,Email,2025-07-08,35-44,2025-07-10,2025-07
15419,M,1989,Noida,Uttar Pradesh,North,Organic Search,2025-07-08,35-44,2025-07-08,2025-07
15420,M,1991,Delhi,Delhi,North,Referral,2025-07-08,25-34,2025-07-10,2025-07
15421,M,1996,Lucknow,Uttar Pradesh,North,Affiliate,2025-07-08,25-34,,
15422,M,1983,Bengaluru,Karnataka,South,Organic Search,2025-07-08,35-44,2025-07-08,2025-07
15423,M,1990,Mumbai,Maharashtra,West,Paid Search,2025-07-09,35-44,2025-07-14,2025-07
15424,F,1993,Gurugram,Haryana,North,Referral,2025-07-09,25-34,2025-07-13,2025-07
15425,M,1979,Delhi,Delhi,North,Affiliate,2025-07-09,45+,2025-07-24,2025-07
15426,M,1993,Bengaluru,Karnataka,South,Organic Search,2025-07-09,25-34,2025-07-12,2025-07
15427,F,1995,Bengaluru,Karnataka,South,Paid Social,2025-07-09,25-34,,
15428,M,2000,Mumbai,Maharashtra,West,Referral,2025-07-09,25-34,2025-07-25,2025-07
15429,M,1983,Pune,Maharashtra,West,Paid Search,2025-07-09,35-44,2025-07-10,2025-07
15430,F,1992,Lucknow,Uttar Pradesh,North,Paid Social,2025-07-09,25-34,2025-07-12,2025-07
15431,M,2003,Pune,Maharashtra,West,Paid Social,2025-07-09,18-24,,
15432,M,1980,Bengaluru,Karnataka,South,Affiliate,2025-07-09,45+,2025-07-16,2025-07
15433,F,1993,Hyderabad,Telangana,South,Paid Social,2025-07-09,25-34,2025-07-20,2025-07
15434,M,1981,Mumbai,Maharashtra,West,Paid Social,2025-07-09,35-44,,
15435,M,1990,Bengaluru,Karnataka,South,Paid Social,2025-07-09,35-44,2025-07-11,2025-07
15436,M,1987,Pune,Maharashtra,West,Organic Search,2025-07-09,35-44,2025-07-10,2025-07
15437,M,1996,Bengaluru,Karnataka,South,Paid Social,2025-07-09,25-34,,
15438,F,1991,Bengaluru,Karnataka,South,Organic Search,2025-07-09,25-34,2025-07-15,2025-07
15439,M,1983,Hyderabad,Telangana,South,Paid Social,2025-07-10,35-44,,
15440,M,2006,Gurugram,Haryana,North,Paid Social,2025-07-10,18-24,2025-07-12,2025-07
15441,F,1995,Chandigarh,Chandigarh,North,Referral,2025-07-10,25-34,2025-07-13,2025-07
15442,F,2001,Lucknow,Uttar Pradesh,North,Referral,2025-07-10,18-24,2025-07-13,2025-07
15443,M,1985,Mumbai,Maharashtra,West,Paid Search,2025-07-10,35-44,,
15444,F,1990,Mumbai,Maharashtra,West,Paid Social,2025-07-10,35-44,2025-07-10,2025-07
15445,F,2001,Bengaluru,Karnataka,South,Paid Search,2025-07-10,18-24,2025-07-16,2025-07
15446,F,1988,Ahmedabad,Gujarat,West,Paid Search,2025-07-10,35-44,2025-07-22,2025-07
15447,F,1993,Ahmedabad,Gujarat,West,Organic Search,2025-07-10,25-34,2025-07-14,2025-07
15448,F,1993,Bengaluru,Karnataka,South,Organic Search,2025-07-10,25-34,,
15449,M,1975,Jaipur,Rajasthan,North,Referral,2025-07-10,45+,2025-07-11,2025-07
15450,M,1993,Noida,Uttar Pradesh,North,Affiliate,2025-07-10,25-34,,
15451,F,1990,Noida,Uttar Pradesh,North,Paid Social,2025-07-11,35-44,2025-07-11,2025-07
15452,M,1992,Hyderabad,Telangana,South,Organic Search,2025-07-11,25-34,2025-07-14,2025-07
15453,F,1988,Delhi,Delhi,North,Organic Search,2025-07-11,35-44,,
15454,M,1983,Chandigarh,Chandigarh,North,Organic Search,2025-07-11,35-44,2025-07-27,2025-07
15455,M,1987,Jaipur,Rajasthan,North,Email,2025-07-11,35-44,,
15456,M,1989,Indore,Madhya Pradesh,West,Paid Search,2025-07-11,35-44,2025-07-11,2025-07
15457,F,1998,Kochi,Kerala,South,Email,2025-07-11,25-34,2025-07-11,2025-07
15458,M,1989,Chennai,Tamil Nadu,South,Paid Search,2025-07-11,35-44,2025-07-15,2025-07
15459,M,1994,Delhi,Delhi,North,Paid Social,2025-07-11,25-34,2025-07-11,2025-07
15460,M,1995,Ahmedabad,Gujarat,West,Paid Social,2025-07-11,25-34,2025-07-12,2025-07
15461,M,1989,Delhi,Delhi,North,Organic Search,2025-07-11,35-44,,
15462,F,2001,Hyderabad,Telangana,South,Paid Social,2025-07-11,18-24,,
15463,M,1990,Mumbai,Maharashtra,West,Referral,2025-07-11,35-44,2025-07-18,2025-07
15464,F,1989,Noida,Uttar Pradesh,North,Organic Search,2025-07-11,35-44,,
15465,F,2002,Pune,Maharashtra,West,Organic Search,2025-07-11,18-24,,
15466,M,1995,Mumbai,Maharashtra,West,Paid Social,2025-07-11,25-34,2025-07-15,2025-07
15467,M,1974,Kolkata,West Bengal,East,Affiliate,2025-07-11,45+,2025-07-11,2025-07
15468,M,1972,Delhi,Delhi,North,Affiliate,2025-07-11,45+,2025-07-18,2025-07
15469,F,2006,Kolkata,West Bengal,East,Organic Search,2025-07-11,18-24,2025-07-15,2025-07
15470,M,1994,Lucknow,Uttar Pradesh,North,Referral,2025-07-11,25-34,2025-07-14,2025-07
15471,F,1992,Gurugram,Haryana,North,Referral,2025-07-12,25-34,2025-07-16,2025-07
15472,F,1976,Bengaluru,Karnataka,South,Email,2025-07-12,45+,2025-07-22,2025-07
15473,F,1992,Pune,Maharashtra,West,Organic Search,2025-07-12,25-34,2025-07-13,2025-07
15474,F,1985,Chennai,Tamil Nadu,South,Affiliate,2025-07-12,35-44,,
15475,M,1991,Ahmedabad,Gujarat,West,Referral,2025-07-12,25-34,,
15476,F,1988,Pune,Maharashtra,West,Paid Social,2025-07-12,35-44,,
15477,F,1991,Noida,Uttar Pradesh,North,Organic Search,2025-07-12,25-34,2025-07-13,2025-07
15478,F,1995,Kolkata,West Bengal,East,Organic Search,2025-07-12,25-34,2025-07-13,2025-07
15479,F,1996,Bengaluru,Karnataka,South,Paid Search,2025-07-12,25-34,2025-07-17,2025-07
15480,M,1993,Indore,Madhya Pradesh,West,Email,2025-07-12,25-34,2025-07-12,2025-07
15481,M,1994,Hyderabad,Telangana,South,Referral,2025-07-12,25-34,2025-07-12,2025-07
15482,M,1979,Delhi,Delhi,North,Affiliate,2025-07-13,45+,2025-07-16,2025-07
15483,M,1993,Chennai,Tamil Nadu,South,Paid Search,2025-07-13,25-34,2025-07-18,2025-07
15484,M,1995,Pune,Maharashtra,West,Email,2025-07-13,25-34,2025-07-16,2025-07
15485,M,1993,Hyderabad,Telangana,South,Email,2025-07-13,25-34,2025-07-23,2025-07
15486,F,2005,Bengaluru,Karnataka,South,Organic Search,2025-07-13,18-24,2025-07-15,2025-07
15487,F,1991,Mumbai,Maharashtra,West,Organic Search,2025-07-13,25-34,2025-07-14,2025-07
15488,M,1983,Hyderabad,Telangana,South,Referral,2025-07-13,35-44,2025-07-18,2025-07
15489,M,1993,Bengaluru,Karnataka,South,Paid Social,2025-07-13,25-34,2025-07-20,2025-07
15490,F,1989,Delhi,Delhi,North,Organic Search,2025-07-13,35-44,,
15491,F,1980,Bengaluru,Karnataka,South,Referral,2025-07-13,45+,2025-07-15,2025-07
15492,F,1991,Pune,Maharashtra,West,Paid Search,2025-07-14,25-34,2025-07-15,2025-07
15493,F,2005,Chennai,Tamil Nadu,South,Paid Social,2025-07-14,18-24,2025-07-16,2025-07
15494,M,1991,Hyderabad,Telangana,South,Affiliate,2025-07-14,25-34,2025-07-14,2025-07
15495,F,2002,Gurugram,Haryana,North,Organic Search,2025-07-14,18-24,2025-07-17,2025-07
15496,M,1999,Delhi,Delhi,North,Organic Search,2025-07-14,25-34,2025-07-16,2025-07
15497,F,2006,Noida,Uttar Pradesh,North,Paid Social,2025-07-14,18-24,,
15498,M,1997,Bengaluru,Karnataka,South,Referral,2025-07-14,25-34,2025-07-16,2025-07
15499,M,1994,Chennai,Tamil Nadu,South,Paid Search,2025-07-14,25-34,2025-07-15,2025-07
15500,F,1994,Bengaluru,Karnataka,South,Paid Search,2025-07-14,25-34,,
15501,F,1996,Hyderabad,Telangana,South,Paid Social,2025-07-14,25-34,2025-07-15,2025-07
15502,F,1991,Ahmedabad,Gujarat,West,Referral,2025-07-14,25-34,2025-07-14,2025-07
15503,M,1989,Pune,Maharashtra,West,Paid Social,2025-07-14,35-44,,
15504,F,1997,Kolkata,West Bengal,East,Organic Search,2025-07-15,25-34,2025-08-01,2025-08
15505,M,1988,Delhi,Delhi,North,Organic Search,2025-07-15,35-44,,
15506,F,1979,Mumbai,Maharashtra,West,Paid Search,2025-07-15,45+,2025-07-17,2025-07
15507,M,1983,Jaipur,Rajasthan,North,Organic Search,2025-07-15,35-44,,
15508,M,2006,Delhi,Delhi,North,Organic Search,2025-07-15,18-24,,
15509,M,1991,Indore,Madhya Pradesh,West,Referral,2025-07-15,25-34,2025-07-16,2025-07
15510,F,2000,Lucknow,Uttar Pradesh,North,Referral,2025-07-15,25-34,,
15511,F,1988,Mumbai,Maharashtra,West,Organic Search,2025-07-15,35-44,2025-07-17,2025-07
15512,F,2001,Delhi,Delhi,North,Email,2025-07-15,18-24,2025-07-15,2025-07
15513,F,1997,Mumbai,Maharashtra,West,Paid Social,2025-07-16,25-34,,
15514,F,2006,Noida,Uttar Pradesh,North,Paid Social,2025-07-16,18-24,2025-07-16,2025-07
15515,M,2004,Chennai,Tamil Nadu,South,Email,2025-07-16,18-24,2025-07-18,2025-07
15516,M,1999,Pune,Maharashtra,West,Paid Search,2025-07-16,25-34,2025-07-19,2025-07
15517,F,1989,Hyderabad,Telangana,South,Paid Social,2025-07-16,35-44,2025-07-21,2025-07
15518,M,1984,Pune,Maharashtra,West,Paid Search,2025-07-16,35-44,2025-07-26,2025-07
15519,F,1992,Delhi,Delhi,North,Email,2025-07-16,25-34,2025-07-16,2025-07
15520,F,1994,Bengaluru,Karnataka,South,Paid Search,2025-07-17,25-34,2025-07-20,2025-07
15521,F,1990,Delhi,Delhi,North,Paid Social,2025-07-17,35-44,,
15522,F,1999,Mumbai,Maharashtra,West,Organic Search,2025-07-17,25-34,2025-07-17,2025-07
15523,M,1994,Ahmedabad,Gujarat,West,Paid Search,2025-07-17,25-34,2025-07-17,2025-07
15524,F,1993,Hyderabad,Telangana,South,Paid Search,2025-07-17,25-34,2025-07-20,2025-07
15525,F,2006,Chennai,Tamil Nadu,South,Referral,2025-07-17,18-24,2025-07-19,2025-07
15526,M,1994,Noida,Uttar Pradesh,North,Paid Search,2025-07-17,25-34,2025-07-21,2025-07
15527,F,1983,Bengaluru,Karnataka,South,Paid Search,2025-07-17,35-44,2025-07-22,2025-07
15528,F,2002,Pune,Maharashtra,West,Organic Search,2025-07-17,18-24,,
15529,M,1995,Hyderabad,Telangana,South,Paid Search,2025-07-17,25-34,,
15530,F,1991,Kolkata,West Bengal,East,Organic Search,2025-07-17,25-34,2025-07-25,2025-07
15531,M,1986,Pune,Maharashtra,West,Paid Social,2025-07-17,35-44,,
15532,M,2004,Jaipur,Rajasthan,North,Paid Search,2025-07-17,18-24,2025-07-19,2025-07
15533,M,2006,Hyderabad,Telangana,South,Affiliate,2025-07-17,18-24,2025-07-18,2025-07
15534,F,1988,Pune,Maharashtra,West,Paid Social,2025-07-18,35-44,,
15535,M,1996,Chennai,Tamil Nadu,South,Organic Search,2025-07-18,25-34,,
15536,F,1997,Ahmedabad,Gujarat,West,Referral,2025-07-18,25-34,2025-07-21,2025-07
15537,M,1980,Kolkata,West Bengal,East,Organic Search,2025-07-18,45+,,
15538,M,1993,Delhi,Delhi,North,Referral,2025-07-18,25-34,2025-07-23,2025-07
15539,M,1980,Bengaluru,Karnataka,South,Paid Search,2025-07-18,45+,2025-07-20,2025-07
15540,M,1993,Mumbai,Maharashtra,West,Organic Search,2025-07-18,25-34,2025-07-24,2025-07
15541,M,2006,Bengaluru,Karnataka,South,Affiliate,2025-07-18,18-24,,
15542,M,1982,Kolkata,West Bengal,East,Paid Social,2025-07-18,35-44,2025-07-18,2025-07
15543,F,2006,Bengaluru,Karnataka,South,Email,2025-07-18,18-24,,
15544,M,2006,Bengaluru,Karnataka,South,Paid Search,2025-07-18,18-24,2025-07-26,2025-07
15545,M,1993,Gurugram,Haryana,North,Paid Search,2025-07-19,25-34,2025-07-31,2025-07
15546,F,1998,Gurugram,Haryana,North,Paid Search,2025-07-19,25-34,2025-07-20,2025-07
15547,F,1991,Ahmedabad,Gujarat,West,Paid Search,2025-07-19,25-34,2025-07-23,2025-07
15548,M,1990,Mumbai,Maharashtra,West,Referral,2025-07-19,35-44,2025-07-19,2025-07
15549,F,1995,Delhi,Delhi,North,Organic Search,2025-07-19,25-34,2025-07-19,2025-07
15550,M,1987,Bengaluru,Karnataka,South,Paid Social,2025-07-19,35-44,,
15551,M,1997,Bengaluru,Karnataka,South,Organic Search,2025-07-19,25-34,,
15552,M,1994,Delhi,Delhi,North,Paid Social,2025-07-19,25-34,,
15553,F,1985,Delhi,Delhi,North,Organic Search,2025-07-19,35-44,2025-07-22,2025-07
15554,M,1999,Mumbai,Maharashtra,West,Paid Search,2025-07-19,25-34,2025-07-23,2025-07
15555,M,1999,Bengaluru,Karnataka,South,Paid Social,2025-07-19,25-34,2025-07-21,2025-07
15556,M,2002,Chennai,Tamil Nadu,South,Referral,2025-07-19,18-24,2025-07-19,2025-07
15557,F,1990,Mumbai,Maharashtra,West,Affiliate,2025-07-19,35-44,2025-07-22,2025-07
15558,M,2002,Delhi,Delhi,North,Organic Search,2025-07-19,18-24,2025-07-20,2025-07
15559,F,2006,Chennai,Tamil Nadu,South,Paid Social,2025-07-19,18-24,2025-07-26,2025-07
15560,F,1994,Delhi,Delhi,North,Paid Search,2025-07-19,25-34,2025-07-22,2025-07
15561,F,1994,Bengaluru,Karnataka,South,Paid Social,2025-07-19,25-34,2025-07-19,2025-07
15562,F,1999,Mumbai,Maharashtra,West,Paid Search,2025-07-20,25-34,2025-07-20,2025-07
15563,M,1976,Kochi,Kerala,South,Organic Search,2025-07-20,45+,2025-07-22,2025-07
15564,M,1983,Bengaluru,Karnataka,South,Paid Social,2025-07-20,35-44,2025-07-26,2025-07
15565,M,1989,Delhi,Delhi,North,Organic Search,2025-07-20,35-44,,
15566,M,1991,Mumbai,Maharashtra,West,Organic Search,2025-07-20,25-34,2025-07-21,2025-07
15567,F,1994,Gurugram,Haryana,North,Email,2025-07-20,25-34,2025-07-24,2025-07
15568,M,1996,Jaipur,Rajasthan,North,Email,2025-07-20,25-34,2025-07-20,2025-07
15569,M,1983,Mumbai,Maharashtra,West,Paid Social,2025-07-20,35-44,,
15570,F,2003,Ahmedabad,Gujarat,West,Organic Search,2025-07-20,18-24,2025-07-20,2025-07
15571,M,1996,Hyderabad,Telangana,South,Paid Search,2025-07-20,25-34,2025-07-28,2025-07
15572,M,1994,Delhi,Delhi,North,Paid Search,2025-07-20,25-34,2025-07-21,2025-07
15573,M,1997,Mumbai,Maharashtra,West,Referral,2025-07-20,25-34,2025-07-20,2025-07
15574,F,1989,Chennai,Tamil Nadu,South,Referral,2025-07-21,35-44,2025-07-22,2025-07
15575,M,1992,Mumbai,Maharashtra,West,Paid Search,2025-07-21,25-34,2025-07-27,2025-07
15576,F,1985,Pune,Maharashtra,West,Paid Search,2025-07-21,35-44,2025-07-21,2025-07
15577,M,1976,Hyderabad,Telangana,South,Organic Search,2025-07-21,45+,2025-07-25,2025-07
15578,M,1992,Bengaluru,Karnataka,South,Referral,2025-07-21,25-34,2025-08-08,2025-08
15579,M,2006,Pune,Maharashtra,West,Paid Search,2025-07-21,18-24,2025-07-25,2025-07
15580,M,1989,Kolkata,West Bengal,East,Paid Social,2025-07-21,35-44,2025-07-21,2025-07
15581,M,1981,Delhi,Delhi,North,Paid Social,2025-07-21,35-44,,
15582,F,1998,Delhi,Delhi,North,Organic Search,2025-07-21,25-34,2025-07-23,2025-07
15583,F,1990,Mumbai,Maharashtra,West,Email,2025-07-22,35-44,2025-07-22,2025-07
15584,M,1997,Gurugram,Haryana,North,Referral,2025-07-22,25-34,2025-07-30,2025-07
15585,M,1999,Noida,Uttar Pradesh,North,Paid Social,2025-07-22,25-34,,
15586,M,1989,Gurugram,Haryana,North,Organic Search,2025-07-22,35-44,2025-07-24,2025-07
15587,M,1997,Bengaluru,Karnataka,South,Organic Search,2025-07-22,25-34,2025-07-23,2025-07
15588,M,1993,Mumbai,Maharashtra,West,Organic Search,2025-07-22,25-34,2025-07-25,2025-07
15589,M,1978,Chennai,Tamil Nadu,South,Paid Search,2025-07-22,45+,2025-07-23,2025-07
15590,M,1989,Lucknow,Uttar Pradesh,North,Organic Search,2025-07-22,35-44,,
15591,M,1987,Bengaluru,Karnataka,South,Referral,2025-07-22,35-44,2025-07-23,2025-07
15592,M,1981,Noida,Uttar Pradesh,North,Paid Search,2025-07-22,35-44,2025-07-23,2025-07
15593,F,1987,Delhi,Delhi,North,Paid Search,2025-07-22,35-44,2025-07-23,2025-07
15594,M,1999,Bengaluru,Karnataka,South,Affiliate,2025-07-22,25-34,,
15595,M,1994,Gurugram,Haryana,North,Paid Social,2025-07-22,25-34,2025-07-22,2025-07
15596,M,1979,Bengaluru,Karnataka,South,Paid Search,2025-07-22,45+,2025-07-31,2025-07
15597,M,1985,Bengaluru,Karnataka,South,Affiliate,2025-07-22,35-44,2025-07-28,2025-07
15598,F,1994,Bengaluru,Karnataka,South,Paid Search,2025-07-23,25-34,2025-07-29,2025-07
15599,F,1993,Indore,Madhya Pradesh,West,Paid Social,2025-07-23,25-34,,
15600,F,1991,Chennai,Tamil Nadu,South,Paid Search,2025-07-23,25-34,2025-07-25,2025-07
15601,M,2000,Delhi,Delhi,North,Paid Social,2025-07-23,25-34,2025-07-24,2025-07
15602,M,1996,Kolkata,West Bengal,East,Referral,2025-07-23,25-34,2025-07-28,2025-07
15603,F,1989,Delhi,Delhi,North,Paid Social,2025-07-23,35-44,2025-07-23,2025-07
15604,M,1988,Pune,Maharashtra,West,Organic Search,2025-07-23,35-44,,
15605,M,1992,Kochi,Kerala,South,Affiliate,2025-07-23,25-34,2025-07-30,2025-07
15606,F,1977,Lucknow,Uttar Pradesh,North,Paid Social,2025-07-23,45+,,
15607,F,1996,Chennai,Tamil Nadu,South,Referral,2025-07-23,25-34,2025-08-03,2025-08
15608,F,1983,Indore,Madhya Pradesh,West,Organic Search,2025-07-23,35-44,2025-07-27,2025-07
15609,M,2003,Chennai,Tamil Nadu,South,Paid Social,2025-07-24,18-24,2025-07-26,2025-07
15610,M,1980,Delhi,Delhi,North,Affiliate,2025-07-24,45+,2025-07-27,2025-07
15611,F,1996,Ahmedabad,Gujarat,West,Paid Social,2025-07-24,25-34,2025-08-02,2025-08
15612,M,1978,Gurugram,Haryana,North,Organic Search,2025-07-24,45+,2025-07-24,2025-07
15613,F,1988,Delhi,Delhi,North,Paid Social,2025-07-24,35-44,2025-07-31,2025-07
15614,F,1997,Bengaluru,Karnataka,South,Organic Search,2025-07-24,25-34,2025-07-25,2025-07
15615,M,2001,Bengaluru,Karnataka,South,Paid Search,2025-07-24,18-24,,
15616,F,2000,Bengaluru,Karnataka,South,Organic Search,2025-07-24,25-34,2025-07-28,2025-07
15617,M,1999,Bengaluru,Karnataka,South,Organic Search,2025-07-24,25-34,2025-08-02,2025-08
15618,F,2000,Hyderabad,Telangana,South,Organic Search,2025-07-24,25-34,2025-08-05,2025-08
15619,F,2001,Mumbai,Maharashtra,West,Paid Social,2025-07-24,18-24,2025-07-24,2025-07
15620,F,1989,Mumbai,Maharashtra,West,Referral,2025-07-24,35-44,2025-08-10,2025-08
15621,M,1990,Hyderabad,Telangana,South,Paid Search,2025-07-24,35-44,2025-07-24,2025-07
15622,F,1999,Bengaluru,Karnataka,South,Paid Social,2025-07-24,25-34,2025-08-06,2025-08
15623,M,2002,Noida,Uttar Pradesh,North,Paid Social,2025-07-24,18-24,2025-07-24,2025-07
15624,M,1992,Mumbai,Maharashtra,West,Affiliate,2025-07-24,25-34,2025-07-26,2025-07
15625,M,1989,Gurugram,Haryana,North,Referral,2025-07-24,35-44,2025-07-25,2025-07
15626,M,1989,Hyderabad,Telangana,South,Affiliate,2025-07-24,35-44,2025-07-26,2025-07
15627,M,1987,Lucknow,Uttar Pradesh,North,Referral,2025-07-24,35-44,2025-08-03,2025-08
15628,F,1997,Bengaluru,Karnataka,South,Paid Social,2025-07-24,25-34,,
15629,F,2002,Bengaluru,Karnataka,South,Organic Search,2025-07-24,18-24,2025-07-31,2025-07
15630,M,1997,Kolkata,West Bengal,East,Email,2025-07-24,25-34,2025-08-04,2025-08
15631,F,1993,Mumbai,Maharashtra,West,Referral,2025-07-24,25-34,2025-07-24,2025-07
15632,M,2006,Chennai,Tamil Nadu,South,Paid Search,2025-07-24,18-24,,
15633,M,1993,Bengaluru,Karnataka,South,Organic Search,2025-07-24,25-34,2025-07-25,2025-07
15634,M,2004,Delhi,Delhi,North,Paid Social,2025-07-24,18-24,2025-08-01,2025-08
15635,M,1985,Mumbai,Maharashtra,West,Paid Search,2025-07-25,35-44,2025-07-27,2025-07
15636,F,1995,Mumbai,Maharashtra,West,Affiliate,2025-07-25,25-34,2025-07-29,2025-07
15637,M,1986,Delhi,Delhi,North,Organic Search,2025-07-25,35-44,2025-07-26,2025-07
15638,M,1986,Mumbai,Maharashtra,West,Organic Search,2025-07-25,35-44,2025-08-05,2025-08
15639,F,1987,Delhi,Delhi,North,Organic Search,2025-07-25,35-44,2025-07-25,2025-07
15640,M,1994,Chennai,Tamil Nadu,South,Paid Social,2025-07-25,25-34,2025-07-26,2025-07
15641,M,1990,Mumbai,Maharashtra,West,Referral,2025-07-25,35-44,2025-07-26,2025-07
15642,M,1977,Gurugram,Haryana,North,Paid Social,2025-07-25,45+,,
15643,M,1990,Indore,Madhya Pradesh,West,Organic Search,2025-07-25,35-44,,
15644,M,1988,Chennai,Tamil Nadu,South,Affiliate,2025-07-25,35-44,,
15645,F,1980,Kolkata,West Bengal,East,Paid Search,2025-07-25,45+,,
15646,M,1997,Chennai,Tamil Nadu,South,Organic Search,2025-07-25,25-34,2025-07-26,2025-07
15647,M,1999,Chennai,Tamil Nadu,South,Organic Search,2025-07-25,25-34,2025-07-28,2025-07
15648,M,1998,Mumbai,Maharashtra,West,Paid Search,2025-07-25,25-34,,
15649,M,2006,Pune,Maharashtra,West,Paid Social,2025-07-26,18-24,,
15650,F,1985,Mumbai,Maharashtra,West,Paid Social,2025-07-26,35-44,2025-08-04,2025-08
15651,F,1985,Kochi,Kerala,South,Organic Search,2025-07-26,35-44,2025-07-31,2025-07
15652,M,1993,Delhi,Delhi,North,Email,2025-07-26,25-34,2025-07-30,2025-07
15653,M,1993,Ahmedabad,Gujarat,West,Paid Search,2025-07-26,25-34,2025-08-04,2025-08
15654,F,1995,Lucknow,Uttar Pradesh,North,Organic Search,2025-07-26,25-34,2025-07-26,2025-07
15655,M,2000,Chennai,Tamil Nadu,South,Paid Social,2025-07-26,25-34,2025-07-28,2025-07
15656,M,1991,Chandigarh,Chandigarh,North,Paid Social,2025-07-26,25-34,2025-07-26,2025-07
15657,M,2002,Chennai,Tamil Nadu,South,Affiliate,2025-07-26,18-24,,
15658,M,1987,Kochi,Kerala,South,Paid Search,2025-07-26,35-44,2025-08-09,2025-08
15659,M,1989,Gurugram,Haryana,North,Organic Search,2025-07-26,35-44,,
15660,M,1985,Hyderabad,Telangana,South,Affiliate,2025-07-26,35-44,2025-07-28,2025-07
15661,F,1966,Mumbai,Maharashtra,West,Paid Social,2025-07-27,45+,,
15662,F,1979,Mumbai,Maharashtra,West,Paid Social,2025-07-27,45+,,
15663,F,2001,Jaipur,Rajasthan,North,Organic Search,2025-07-27,18-24,2025-08-04,2025-08
15664,M,2002,Indore,Madhya Pradesh,West,Paid Search,2025-07-27,18-24,2025-08-09,2025-08
15665,F,1983,Mumbai,Maharashtra,West,Affiliate,2025-07-27,35-44,2025-08-09,2025-08
15666,M,2001,Bengaluru,Karnataka,South,Affiliate,2025-07-27,18-24,,
15667,M,1974,Hyderabad,Telangana,South,Affiliate,2025-07-27,45+,,
15668,M,1985,Mumbai,Maharashtra,West,Referral,2025-07-27,35-44,,
15669,M,1990,Delhi,Delhi,North,Paid Social,2025-07-27,35-44,2025-07-29,2025-07
15670,F,2002,Delhi,Delhi,North,Paid Social,2025-07-27,18-24,2025-08-04,2025-08
15671,M,2006,Jaipur,Rajasthan,North,Organic Search,2025-07-27,18-24,2025-07-30,2025-07
15672,F,1990,Kolkata,West Bengal,East,Referral,2025-07-27,35-44,2025-07-29,2025-07
15673,F,1993,Mumbai,Maharashtra,West,Referral,2025-07-27,25-34,2025-07-27,2025-07
15674,M,2002,Bengaluru,Karnataka,South,Paid Social,2025-07-27,18-24,2025-07-28,2025-07
15675,M,2006,Kolkata,West Bengal,East,Paid Search,2025-07-27,18-24,,
15676,F,2003,Mumbai,Maharashtra,West,Organic Search,2025-07-27,18-24,2025-07-30,2025-07
15677,M,1984,Ahmedabad,Gujarat,West,Referral,2025-07-27,35-44,2025-08-03,2025-08
15678,M,2001,Chennai,Tamil Nadu,South,Affiliate,2025-07-28,18-24,2025-07-28,2025-07
15679,M,1988,Indore,Madhya Pradesh,West,Paid Search,2025-07-28,35-44,2025-07-30,2025-07
15680,M,2005,Delhi,Delhi,North,Organic Search,2025-07-28,18-24,2025-07-29,2025-07
15681,F,1999,Hyderabad,Telangana,South,Email,2025-07-28,25-34,2025-08-04,2025-08
15682,M,1985,Kochi,Kerala,South,Paid Social,2025-07-28,35-44,,
15683,M,2002,Hyderabad,Telangana,South,Paid Social,2025-07-28,18-24,,
15684,F,1998,Hyderabad,Telangana,South,Affiliate,2025-07-28,25-34,2025-07-30,2025-07
15685,M,1997,Hyderabad,Telangana,South,Paid Social,2025-07-28,25-34,2025-07-29,2025-07
15686,F,1994,Indore,Madhya Pradesh,West,Paid Social,2025-07-28,25-34,2025-07-31,2025-07
15687,F,1989,Lucknow,Uttar Pradesh,North,Paid Social,2025-07-28,35-44,,
15688,M,1998,Kochi,Kerala,South,Paid Social,2025-07-28,25-34,,
15689,M,2006,Delhi,Delhi,North,Paid Search,2025-07-28,18-24,2025-07-30,2025-07
15690,M,2006,Hyderabad,Telangana,South,Organic Search,2025-07-29,18-24,,
15691,M,1992,Mumbai,Maharashtra,West,Referral,2025-07-29,25-34,2025-08-04,2025-08
15692,M,1977,Bengaluru,Karnataka,South,Organic Search,2025-07-29,45+,2025-08-12,2025-08
15693,M,1989,Hyderabad,Telangana,South,Affiliate,2025-07-29,35-44,2025-07-31,2025-07
15694,F,1995,Hyderabad,Telangana,South,Paid Search,2025-07-29,25-34,2025-07-29,2025-07
15695,F,1996,Gurugram,Haryana,North,Paid Social,2025-07-29,25-34,2025-07-29,2025-07
15696,F,2001,Indore,Madhya Pradesh,West,Organic Search,2025-07-29,18-24,,
15697,M,1999,Noida,Uttar Pradesh,North,Paid Search,2025-07-29,25-34,2025-07-31,2025-07
15698,M,1999,Delhi,Delhi,North,Paid Search,2025-07-29,25-34,,
15699,F,1988,Pune,Maharashtra,West,Referral,2025-07-29,35-44,,
15700,M,1989,Kolkata,West Bengal,East,Organic Search,2025-07-29,35-44,2025-08-01,2025-08
15701,M,1985,Kolkata,West Bengal,East,Paid Search,2025-07-29,35-44,,
15702,F,1996,Ahmedabad,Gujarat,West,Email,2025-07-29,25-34,,
15703,F,2000,Hyderabad,Telangana,South,Paid Social,2025-07-29,25-34,,
15704,M,2002,Lucknow,Uttar Pradesh,North,Referral,2025-07-29,18-24,2025-07-31,2025-07
15705,M,1973,Noida,Uttar Pradesh,North,Referral,2025-07-29,45+,2025-08-26,2025-08
15706,F,1997,Bengaluru,Karnataka,South,Paid Social,2025-07-30,25-34,2025-08-04,2025-08
15707,F,1985,Hyderabad,Telangana,South,Paid Search,2025-07-30,35-44,2025-08-02,2025-08
15708,F,1998,Bengaluru,Karnataka,South,Paid Search,2025-07-30,25-34,2025-08-01,2025-08
15709,M,1985,Delhi,Delhi,North,Organic Search,2025-07-30,35-44,2025-07-31,2025-07
15710,M,1999,Mumbai,Maharashtra,West,Organic Search,2025-07-30,25-34,2025-07-31,2025-07
15711,M,1988,Delhi,Delhi,North,Paid Social,2025-07-30,35-44,,
15712,F,1988,Hyderabad,Telangana,South,Email,2025-07-30,35-44,2025-08-01,2025-08
15713,F,2000,Chandigarh,Chandigarh,North,Paid Social,2025-07-30,25-34,,
15714,M,1989,Mumbai,Maharashtra,West,Paid Search,2025-07-30,35-44,2025-08-04,2025-08
15715,F,2001,Ahmedabad,Gujarat,West,Referral,2025-07-30,18-24,2025-07-31,2025-07
15716,F,1999,Delhi,Delhi,North,Paid Search,2025-07-30,25-34,2025-08-01,2025-08
15717,M,1993,Mumbai,Maharashtra,West,Organic Search,2025-07-30,25-34,2025-07-31,2025-07
15718,M,1990,Bengaluru,Karnataka,South,Organic Search,2025-07-30,35-44,2025-08-04,2025-08
15719,F,2004,Jaipur,Rajasthan,North,Referral,2025-07-31,18-24,2025-08-01,2025-08
15720,F,2000,Ahmedabad,Gujarat,West,Paid Social,2025-07-31,25-34,,
15721,F,2006,Kolkata,West Bengal,East,Paid Social,2025-07-31,18-24,,
15722,F,1980,Delhi,Delhi,North,Referral,2025-07-31,45+,2025-07-31,2025-07
15723,M,1991,Lucknow,Uttar Pradesh,North,Paid Social,2025-07-31,25-34,2025-08-01,2025-08
15724,F,1990,Bengaluru,Karnataka,South,Paid Search,2025-07-31,35-44,2025-08-09,2025-08
15725,M,1998,Indore,Madhya Pradesh,West,Paid Social,2025-07-31,25-34,2025-08-07,2025-08
15726,F,1986,Kolkata,West Bengal,East,Organic Search,2025-07-31,35-44,2025-08-12,2025-08
15727,M,1987,Delhi,Delhi,North,Paid Search,2025-07-31,35-44,2025-08-04,2025-08
15728,M,1994,Chennai,Tamil Nadu,South,Paid Social,2025-07-31,25-34,2025-07-31,2025-07
15729,F,1978,Pune,Maharashtra,West,Organic Search,2025-07-31,45+,2025-08-04,2025-08
15730,M,1977,Noida,Uttar Pradesh,North,Referral,2025-07-31,45+,2025-08-03,2025-08
15731,F,1993,Pune,Maharashtra,West,Organic Search,2025-07-31,25-34,2025-08-02,2025-08
15732,M,2006,Mumbai,Maharashtra,West,Paid Search,2025-07-31,18-24,2025-08-02,2025-08
15733,M,1994,Gurugram,Haryana,North,Paid Search,2025-07-31,25-34,,
15734,F,1990,Noida,Uttar Pradesh,North,Paid Social,2025-08-01,35-44,,
15735,F,1997,Jaipur,Rajasthan,North,Organic Search,2025-08-01,25-34,2025-08-05,2025-08
15736,F,1998,Ahmedabad,Gujarat,West,Referral,2025-08-01,25-34,2025-08-03,2025-08
15737,F,1992,Delhi,Delhi,North,Paid Search,2025-08-01,25-34,2025-08-03,2025-08
15738,F,1988,Delhi,Delhi,North,Organic Search,2025-08-01,35-44,2025-08-10,2025-08
15739,M,1981,Chandigarh,Chandigarh,North,Organic Search,2025-08-01,35-44,2025-08-09,2025-08
15740,M,2001,Bengaluru,Karnataka,South,Affiliate,2025-08-01,18-24,2025-08-02,2025-08
15741,M,1990,Kolkata,West Bengal,East,Paid Search,2025-08-01,35-44,2025-08-10,2025-08
15742,F,1997,Delhi,Delhi,North,Paid Search,2025-08-01,25-34,2025-08-18,2025-08
15743,F,2002,Kolkata,West Bengal,East,Organic Search,2025-08-02,18-24,2025-08-02,2025-08
15744,M,1991,Bengaluru,Karnataka,South,Paid Social,2025-08-02,25-34,2025-08-03,2025-08
15745,F,1982,Kochi,Kerala,South,Paid Search,2025-08-02,35-44,2025-08-04,2025-08
15746,M,1992,Pune,Maharashtra,West,Organic Search,2025-08-02,25-34,2025-08-05,2025-08
15747,F,1992,Mumbai,Maharashtra,West,Referral,2025-08-02,25-34,2025-08-09,2025-08
15748,F,1997,Hyderabad,Telangana,South,Email,2025-08-02,25-34,2025-08-03,2025-08
15749,F,1989,Ahmedabad,Gujarat,West,Paid Search,2025-08-02,35-44,2025-08-11,2025-08
15750,F,1989,Chennai,Tamil Nadu,South,Paid Search,2025-08-02,35-44,2025-08-02,2025-08
15751,F,1990,Chennai,Tamil Nadu,South,Paid Search,2025-08-02,35-44,2025-08-02,2025-08
15752,M,1996,Pune,Maharashtra,West,Affiliate,2025-08-02,25-34,2025-08-02,2025-08
15753,F,2001,Ahmedabad,Gujarat,West,Paid Social,2025-08-02,18-24,2025-08-02,2025-08
15754,M,2006,Mumbai,Maharashtra,West,Organic Search,2025-08-03,18-24,2025-08-08,2025-08
15755,M,2006,Bengaluru,Karnataka,South,Paid Social,2025-08-03,18-24,2025-08-09,2025-08
15756,F,1992,Bengaluru,Karnataka,South,Paid Search,2025-08-03,25-34,2025-08-05,2025-08
15757,F,1988,Bengaluru,Karnataka,South,Organic Search,2025-08-03,35-44,2025-08-05,2025-08
15758,M,1989,Delhi,Delhi,North,Affiliate,2025-08-03,35-44,2025-08-03,2025-08
15759,F,1983,Kolkata,West Bengal,East,Organic Search,2025-08-03,35-44,2025-08-06,2025-08
15760,F,1994,Chandigarh,Chandigarh,North,Paid Search,2025-08-03,25-34,2025-08-03,2025-08
15761,M,1986,Lucknow,Uttar Pradesh,North,Paid Social,2025-08-03,35-44,2025-08-16,2025-08
15762,F,1985,Noida,Uttar Pradesh,North,Paid Social,2025-08-03,35-44,2025-08-03,2025-08
15763,F,1985,Delhi,Delhi,North,Organic Search,2025-08-03,35-44,2025-08-04,2025-08
15764,F,2001,Mumbai,Maharashtra,West,Paid Social,2025-08-04,18-24,,
15765,F,1993,Delhi,Delhi,North,Referral,2025-08-04,25-34,2025-08-11,2025-08
15766,M,1983,Gurugram,Haryana,North,Email,2025-08-04,35-44,2025-08-07,2025-08
15767,F,2001,Delhi,Delhi,North,Organic Search,2025-08-04,18-24,2025-08-09,2025-08
15768,F,2003,Gurugram,Haryana,North,Organic Search,2025-08-04,18-24,2025-08-08,2025-08
15769,M,1990,Kolkata,West Bengal,East,Affiliate,2025-08-04,35-44,,
15770,F,1987,Ahmedabad,Gujarat,West,Paid Social,2025-08-04,35-44,2025-08-06,2025-08
15771,M,1987,Delhi,Delhi,North,Paid Search,2025-08-04,35-44,2025-08-07,2025-08
15772,M,1996,Ahmedabad,Gujarat,West,Referral,2025-08-04,25-34,,
15773,F,2001,Indore,Madhya Pradesh,West,Organic Search,2025-08-05,18-24,2025-08-13,2025-08
15774,M,1995,Ahmedabad,Gujarat,West,Affiliate,2025-08-05,25-34,2025-08-10,2025-08
15775,M,1983,Chandigarh,Chandigarh,North,Paid Social,2025-08-05,35-44,2025-08-07,2025-08
15776,F,2002,Bengaluru,Karnataka,South,Email,2025-08-05,18-24,2025-08-07,2025-08
15777,M,1993,Gurugram,Haryana,North,Paid Social,2025-08-05,25-34,2025-08-10,2025-08
15778,F,1992,Noida,Uttar Pradesh,North,Referral,2025-08-05,25-34,2025-08-09,2025-08
15779,F,1997,Kolkata,West Bengal,East,Paid Search,2025-08-05,25-34,2025-08-05,2025-08
15780,M,2002,Mumbai,Maharashtra,West,Organic Search,2025-08-05,18-24,2025-08-05,2025-08
15781,M,1984,Gurugram,Haryana,North,Paid Search,2025-08-05,35-44,2025-08-09,2025-08
15782,M,1983,Noida,Uttar Pradesh,North,Email,2025-08-05,35-44,,
15783,M,1993,Bengaluru,Karnataka,South,Paid Social,2025-08-05,25-34,2025-08-14,2025-08
15784,M,1993,Delhi,Delhi,North,Paid Search,2025-08-05,25-34,2025-08-11,2025-08
15785,M,2001,Mumbai,Maharashtra,West,Organic Search,2025-08-05,18-24,,
15786,M,2004,Chandigarh,Chandigarh,North,Paid Social,2025-08-05,18-24,2025-08-06,2025-08
15787,F,1989,Noida,Uttar Pradesh,North,Paid Social,2025-08-05,35-44,,
15788,M,1996,Pune,Maharashtra,West,Paid Social,2025-08-06,25-34,,
15789,M,1997,Delhi,Delhi,North,Referral,2025-08-06,25-34,2025-08-07,2025-08
15790,F,1998,Mumbai,Maharashtra,West,Organic Search,2025-08-06,25-34,2025-08-09,2025-08
15791,F,1981,Delhi,Delhi,North,Paid Social,2025-08-06,35-44,,
15792,M,1998,Kolkata,West Bengal,East,Paid Search,2025-08-06,25-34,2025-08-07,2025-08
15793,F,1987,Indore,Madhya Pradesh,West,Organic Search,2025-08-06,35-44,2025-08-18,2025-08
15794,M,1998,Delhi,Delhi,North,Paid Search,2025-08-06,25-34,2025-08-17,2025-08
15795,F,1984,Noida,Uttar Pradesh,North,Referral,2025-08-06,35-44,2025-08-12,2025-08
15796,M,1994,Bengaluru,Karnataka,South,Organic Search,2025-08-06,25-34,2025-08-10,2025-08
15797,F,1991,Bengaluru,Karnataka,South,Organic Search,2025-08-06,25-34,2025-08-09,2025-08
15798,M,2006,Mumbai,Maharashtra,West,Paid Social,2025-08-07,18-24,,
15799,M,1986,Gurugram,Haryana,North,Paid Search,2025-08-07,35-44,2025-08-13,2025-08
15800,M,1986,Pune,Maharashtra,West,Referral,2025-08-07,35-44,2025-08-18,2025-08
15801,M,2005,Jaipur,Rajasthan,North,Referral,2025-08-07,18-24,2025-08-22,2025-08
15802,M,2000,Delhi,Delhi,North,Paid Social,2025-08-07,25-34,2025-08-07,2025-08
15803,M,1995,Mumbai,Maharashtra,West,Paid Search,2025-08-07,25-34,2025-08-07,2025-08
15804,F,1989,Hyderabad,Telangana,South,Organic Search,2025-08-07,35-44,2025-08-11,2025-08
15805,F,1984,Mumbai,Maharashtra,West,Paid Search,2025-08-07,35-44,2025-08-16,2025-08
15806,F,1990,Delhi,Delhi,North,Paid Social,2025-08-07,35-44,2025-08-13,2025-08
15807,M,1989,Delhi,Delhi,North,Organic Search,2025-08-07,35-44,2025-08-07,2025-08
15808,F,1988,Indore,Madhya Pradesh,West,Referral,2025-08-07,35-44,2025-08-08,2025-08
15809,M,1989,Pune,Maharashtra,West,Affiliate,2025-08-07,35-44,2025-08-08,2025-08
15810,M,1989,Bengaluru,Karnataka,South,Referral,2025-08-08,35-44,2025-08-11,2025-08
15811,M,2001,Ahmedabad,Gujarat,West,Paid Search,2025-08-08,18-24,,
15812,M,1982,Pune,Maharashtra,West,Referral,2025-08-08,35-44,2025-08-15,2025-08
15813,F,1996,Pune,Maharashtra,West,Organic Search,2025-08-08,25-34,2025-08-09,2025-08
15814,M,1995,Kolkata,West Bengal,East,Affiliate,2025-08-08,25-34,2025-08-17,2025-08
15815,F,1993,Chennai,Tamil Nadu,South,Paid Search,2025-08-08,25-34,2025-08-08,2025-08
15816,F,1999,Mumbai,Maharashtra,West,Paid Social,2025-08-08,25-34,2025-08-11,2025-08
15817,F,1997,Bengaluru,Karnataka,South,Organic Search,2025-08-08,25-34,2025-08-18,2025-08
15818,M,1994,Delhi,Delhi,North,Paid Social,2025-08-08,25-34,2025-08-10,2025-08
15819,F,2002,Delhi,Delhi,North,Paid Search,2025-08-08,18-24,2025-08-17,2025-08
15820,F,1974,Chandigarh,Chandigarh,North,Organic Search,2025-08-08,45+,2025-08-10,2025-08
15821,F,2006,Hyderabad,Telangana,South,Paid Search,2025-08-08,18-24,2025-08-14,2025-08
15822,F,2003,Kochi,Kerala,South,Organic Search,2025-08-08,18-24,2025-08-15,2025-08
15823,F,2006,Bengaluru,Karnataka,South,Organic Search,2025-08-08,18-24,2025-08-15,2025-08
15824,M,1986,Bengaluru,Karnataka,South,Email,2025-08-08,35-44,2025-08-09,2025-08
15825,M,1994,Delhi,Delhi,North,Organic Search,2025-08-09,25-34,,
15826,M,1996,Kolkata,West Bengal,East,Paid Social,2025-08-09,25-34,2025-08-15,2025-08
15827,M,1990,Delhi,Delhi,North,Organic Search,2025-08-09,35-44,2025-08-11,2025-08
15828,F,1995,Kolkata,West Bengal,East,Paid Social,2025-08-09,25-34,,
15829,M,1995,Gurugram,Haryana,North,Affiliate,2025-08-09,25-34,2025-08-10,2025-08
15830,M,1984,Delhi,Delhi,North,Paid Search,2025-08-09,35-44,2025-08-10,2025-08
15831,M,1999,Ahmedabad,Gujarat,West,Affiliate,2025-08-09,25-34,,
15832,F,1999,Delhi,Delhi,North,Paid Social,2025-08-09,25-34,2025-08-20,2025-08
15833,F,1988,Delhi,Delhi,North,Paid Social,2025-08-09,35-44,2025-08-16,2025-08
15834,F,1983,Bengaluru,Karnataka,South,Organic Search,2025-08-09,35-44,2025-08-10,2025-08
15835,F,1994,Bengaluru,Karnataka,South,Affiliate,2025-08-09,25-34,2025-08-15,2025-08
15836,M,1987,Jaipur,Rajasthan,North,Email,2025-08-09,35-44,2025-08-18,2025-08
15837,F,1996,Pune,Maharashtra,West,Organic Search,2025-08-09,25-34,2025-08-12,2025-08
15838,M,1987,Ahmedabad,Gujarat,West,Organic Search,2025-08-09,35-44,2025-08-12,2025-08
15839,M,2005,Gurugram,Haryana,North,Paid Search,2025-08-09,18-24,2025-08-10,2025-08
15840,F,1988,Mumbai,Maharashtra,West,Organic Search,2025-08-09,35-44,2025-08-12,2025-08
15841,M,1986,Bengaluru,Karnataka,South,Paid Search,2025-08-09,35-44,,
15842,M,1994,Chennai,Tamil Nadu,South,Affiliate,2025-08-09,25-34,,
15843,F,1981,Mumbai,Maharashtra,West,Email,2025-08-09,35-44,2025-08-15,2025-08
15844,M,1987,Bengaluru,Karnataka,South,Paid Search,2025-08-10,35-44,2025-08-13,2025-08
15845,F,1980,Pune,Maharashtra,West,Organic Search,2025-08-10,45+,2025-08-10,2025-08
15846,F,1995,Bengaluru,Karnataka,South,Paid Social,2025-08-10,25-34,2025-08-10,2025-08
15847,F,2001,Hyderabad,Telangana,South,Affiliate,2025-08-10,18-24,2025-08-12,2025-08
15848,M,1990,Pune,Maharashtra,West,Referral,2025-08-10,35-44,2025-08-13,2025-08
15849,F,2004,Delhi,Delhi,North,Email,2025-08-10,18-24,2025-08-17,2025-08
15850,M,1987,Chennai,Tamil Nadu,South,Referral,2025-08-10,35-44,2025-08-14,2025-08
15851,M,1990,Indore,Madhya Pradesh,West,Paid Social,2025-08-11,35-44,,
15852,M,2001,Indore,Madhya Pradesh,West,Organic Search,2025-08-11,18-24,2025-08-14,2025-08
15853,M,1999,Pune,Maharashtra,West,Referral,2025-08-11,25-34,2025-08-22,2025-08
15854,F,1997,Gurugram,Haryana,North,Paid Social,2025-08-11,25-34,2025-08-11,2025-08
15855,M,2002,Pune,Maharashtra,West,Referral,2025-08-11,18-24,2025-08-20,2025-08
15856,M,1993,Pune,Maharashtra,West,Referral,2025-08-11,25-34,2025-08-11,2025-08
15857,F,1996,Mumbai,Maharashtra,West,Organic Search,2025-08-11,25-34,2025-08-11,2025-08
15858,M,1988,Gurugram,Haryana,North,Paid Search,2025-08-11,35-44,2025-08-12,2025-08
15859,M,2006,Hyderabad,Telangana,South,Email,2025-08-11,18-24,2025-08-14,2025-08
15860,M,1990,Mumbai,Maharashtra,West,Paid Search,2025-08-11,35-44,2025-08-16,2025-08
15861,F,1992,Bengaluru,Karnataka,South,Organic Search,2025-08-11,25-34,2025-08-11,2025-08
15862,F,1995,Delhi,Delhi,North,Paid Social,2025-08-11,25-34,2025-08-15,2025-08
15863,M,1999,Pune,Maharashtra,West,Paid Search,2025-08-12,25-34,2025-08-13,2025-08
15864,F,1999,Delhi,Delhi,North,Paid Social,2025-08-12,25-34,2025-08-15,2025-08
15865,M,1972,Bengaluru,Karnataka,South,Paid Social,2025-08-12,45+,2025-08-15,2025-08
15866,F,2006,Ahmedabad,Gujarat,West,Paid Social,2025-08-12,18-24,,
15867,F,2006,Mumbai,Maharashtra,West,Affiliate,2025-08-12,18-24,2025-08-12,2025-08
15868,M,2004,Kolkata,West Bengal,East,Organic Search,2025-08-12,18-24,2025-08-12,2025-08
15869,M,1995,Chandigarh,Chandigarh,North,Affiliate,2025-08-12,25-34,2025-08-14,2025-08
15870,F,2003,Mumbai,Maharashtra,West,Referral,2025-08-12,18-24,2025-08-15,2025-08
15871,M,1996,Bengaluru,Karnataka,South,Email,2025-08-12,25-34,2025-08-25,2025-08
15872,F,1995,Pune,Maharashtra,West,Referral,2025-08-12,25-34,2025-08-13,2025-08
15873,F,1999,Bengaluru,Karnataka,South,Organic Search,2025-08-13,25-34,,
15874,M,1998,Kolkata,West Bengal,East,Paid Social,2025-08-13,25-34,,
15875,M,2002,Bengaluru,Karnataka,South,Organic Search,2025-08-13,18-24,2025-08-16,2025-08
15876,M,1976,Gurugram,Haryana,North,Paid Social,2025-08-13,45+,2025-08-15,2025-08
15877,F,1993,Noida,Uttar Pradesh,North,Organic Search,2025-08-13,25-34,,
15878,F,1984,Chennai,Tamil Nadu,South,Organic Search,2025-08-13,35-44,2025-08-14,2025-08
15879,M,2001,Delhi,Delhi,North,Email,2025-08-13,18-24,2025-08-13,2025-08
15880,M,1986,Pune,Maharashtra,West,Email,2025-08-13,35-44,2025-08-16,2025-08
15881,M,1991,Kochi,Kerala,South,Paid Social,2025-08-13,25-34,2025-08-20,2025-08
15882,F,2001,Hyderabad,Telangana,South,Paid Search,2025-08-13,18-24,,
15883,M,2004,Delhi,Delhi,North,Referral,2025-08-13,18-24,2025-08-16,2025-08
15884,F,2001,Bengaluru,Karnataka,South,Affiliate,2025-08-13,18-24,2025-08-13,2025-08
15885,M,2000,Mumbai,Maharashtra,West,Organic Search,2025-08-13,25-34,2025-08-14,2025-08
15886,F,1984,Kochi,Kerala,South,Organic Search,2025-08-13,35-44,2025-08-14,2025-08
15887,F,1985,Ahmedabad,Gujarat,West,Email,2025-08-14,35-44,2025-08-15,2025-08
15888,F,1983,Ahmedabad,Gujarat,West,Organic Search,2025-08-14,35-44,2025-08-14,2025-08
15889,F,1985,Delhi,Delhi,North,Paid Social,2025-08-14,35-44,,
15890,F,1995,Lucknow,Uttar Pradesh,North,Paid Social,2025-08-14,25-34,,
15891,F,2002,Mumbai,Maharashtra,West,Paid Social,2025-08-14,18-24,2025-09-09,2025-09
15892,F,2002,Bengaluru,Karnataka,South,Organic Search,2025-08-14,18-24,,
15893,M,1979,Pune,Maharashtra,West,Referral,2025-08-14,45+,,
15894,F,1993,Chennai,Tamil Nadu,South,Paid Social,2025-08-14,25-34,2025-08-15,2025-08
15895,F,1991,Delhi,Delhi,North,Affiliate,2025-08-15,25-34,,
15896,M,1975,Chandigarh,Chandigarh,North,Paid Social,2025-08-15,45+,,
15897,F,2000,Indore,Madhya Pradesh,West,Email,2025-08-15,25-34,2025-08-18,2025-08
15898,F,2000,Bengaluru,Karnataka,South,Organic Search,2025-08-15,25-34,,
15899,F,1989,Pune,Maharashtra,West,Organic Search,2025-08-15,35-44,2025-08-15,2025-08
15900,F,1991,Mumbai,Maharashtra,West,Affiliate,2025-08-15,25-34,2025-08-17,2025-08
15901,M,1995,Delhi,Delhi,North,Organic Search,2025-08-15,25-34,2025-09-08,2025-09
15902,M,1997,Bengaluru,Karnataka,South,Organic Search,2025-08-15,25-34,2025-08-16,2025-08
15903,F,1988,Kochi,Kerala,South,Organic Search,2025-08-15,35-44,2025-08-17,2025-08
15904,F,1987,Hyderabad,Telangana,South,Paid Social,2025-08-15,35-44,2025-08-17,2025-08
15905,F,1985,Bengaluru,Karnataka,South,Referral,2025-08-15,35-44,2025-08-28,2025-08
15906,M,2005,Bengaluru,Karnataka,South,Email,2025-08-15,18-24,2025-08-16,2025-08
15907,F,2003,Hyderabad,Telangana,South,Organic Search,2025-08-15,18-24,2025-08-24,2025-08
15908,F,1985,Hyderabad,Telangana,South,Paid Search,2025-08-15,35-44,2025-08-21,2025-08
15909,M,1986,Delhi,Delhi,North,Paid Search,2025-08-15,35-44,,
15910,F,1985,Mumbai,Maharashtra,West,Affiliate,2025-08-15,35-44,,
15911,F,1982,Chennai,Tamil Nadu,South,Paid Social,2025-08-15,35-44,,
15912,M,2006,Chennai,Tamil Nadu,South,Paid Search,2025-08-15,18-24,2025-08-30,2025-08
15913,M,1988,Bengaluru,Karnataka,South,Paid Search,2025-08-15,35-44,2025-08-21,2025-08
15914,F,2000,Jaipur,Rajasthan,North,Paid Search,2025-08-15,25-34,2025-08-20,2025-08
15915,F,1991,Hyderabad,Telangana,South,Paid Social,2025-08-15,25-34,2025-08-19,2025-08
15916,M,1992,Lucknow,Uttar Pradesh,North,Paid Social,2025-08-15,25-34,,
15917,F,1991,Noida,Uttar Pradesh,North,Paid Social,2025-08-16,25-34,2025-08-22,2025-08
15918,M,1996,Pune,Maharashtra,West,Paid Search,2025-08-16,25-34,,
15919,F,1992,Ahmedabad,Gujarat,West,Organic Search,2025-08-16,25-34,2025-08-18,2025-08
15920,F,1999,Mumbai,Maharashtra,West,Paid Social,2025-08-16,25-34,2025-08-16,2025-08
15921,F,2003,Indore,Madhya Pradesh,West,Referral,2025-08-16,18-24,2025-08-17,2025-08
15922,F,1989,Bengaluru,Karnataka,South,Organic Search,2025-08-16,35-44,2025-08-25,2025-08
15923,M,1995,Gurugram,Haryana,North,Paid Social,2025-08-16,25-34,2025-08-22,2025-08
15924,M,1980,Jaipur,Rajasthan,North,Email,2025-08-16,45+,2025-08-19,2025-08
15925,F,1989,Bengaluru,Karnataka,South,Paid Social,2025-08-16,35-44,,
15926,F,1994,Kochi,Kerala,South,Paid Social,2025-08-16,25-34,2025-08-29,2025-08
15927,M,1992,Chennai,Tamil Nadu,South,Paid Social,2025-08-16,25-34,,
15928,F,1993,Delhi,Delhi,North,Paid Search,2025-08-16,25-34,2025-08-22,2025-08
15929,M,1998,Ahmedabad,Gujarat,West,Organic Search,2025-08-16,25-34,2025-08-23,2025-08
15930,F,1999,Hyderabad,Telangana,South,Paid Search,2025-08-17,25-34,2025-08-24,2025-08
15931,M,1976,Lucknow,Uttar Pradesh,North,Organic Search,2025-08-17,45+,2025-08-28,2025-08
15932,F,1995,Bengaluru,Karnataka,South,Paid Social,2025-08-17,25-34,2025-08-18,2025-08
15933,F,1991,Mumbai,Maharashtra,West,Paid Social,2025-08-17,25-34,,
15934,M,1990,Bengaluru,Karnataka,South,Organic Search,2025-08-17,35-44,2025-08-18,2025-08
15935,F,2005,Delhi,Delhi,North,Affiliate,2025-08-17,18-24,2025-08-17,2025-08
15936,F,1979,Chandigarh,Chandigarh,North,Affiliate,2025-08-17,45+,2025-08-19,2025-08
15937,F,1993,Jaipur,Rajasthan,North,Organic Search,2025-08-17,25-34,,
15938,F,2005,Mumbai,Maharashtra,West,Paid Search,2025-08-17,18-24,,
15939,M,1994,Delhi,Delhi,North,Organic Search,2025-08-17,25-34,2025-08-18,2025-08
15940,F,1986,Mumbai,Maharashtra,West,Affiliate,2025-08-17,35-44,2025-08-27,2025-08
15941,F,1992,Ahmedabad,Gujarat,West,Paid Social,2025-08-17,25-34,2025-08-20,2025-08
15942,F,2006,Delhi,Delhi,North,Paid Social,2025-08-17,18-24,2025-08-17,2025-08
15943,M,2003,Jaipur,Rajasthan,North,Affiliate,2025-08-18,18-24,2025-08-22,2025-08
15944,M,1989,Gurugram,Haryana,North,Paid Social,2025-08-18,35-44,,
15945,M,2006,Kolkata,West Bengal,East,Email,2025-08-18,18-24,2025-08-28,2025-08
15946,M,1999,Delhi,Delhi,North,Organic Search,2025-08-18,25-34,2025-09-03,2025-09
15947,M,1973,Bengaluru,Karnataka,South,Organic Search,2025-08-18,45+,2025-08-20,2025-08
15948,M,1993,Mumbai,Maharashtra,West,Paid Search,2025-08-18,25-34,2025-08-19,2025-08
15949,F,2006,Jaipur,Rajasthan,North,Email,2025-08-18,18-24,2025-08-30,2025-08
15950,M,1992,Chennai,Tamil Nadu,South,Organic Search,2025-08-18,25-34,2025-08-29,2025-08
15951,F,2006,Bengaluru,Karnataka,South,Paid Search,2025-08-18,18-24,2025-08-20,2025-08
15952,M,1982,Bengaluru,Karnataka,South,Referral,2025-08-18,35-44,2025-08-19,2025-08
15953,F,1983,Delhi,Delhi,North,Organic Search,2025-08-18,35-44,2025-08-19,2025-08
15954,M,2003,Lucknow,Uttar Pradesh,North,Paid Social,2025-08-18,18-24,2025-08-19,2025-08
15955,F,2000,Jaipur,Rajasthan,North,Organic Search,2025-08-18,25-34,2025-08-24,2025-08
15956,M,1993,Mumbai,Maharashtra,West,Organic Search,2025-08-19,25-34,2025-08-26,2025-08
15957,M,2000,Kochi,Kerala,South,Paid Search,2025-08-19,25-34,2025-08-19,2025-08
15958,M,1989,Mumbai,Maharashtra,West,Referral,2025-08-19,35-44,2025-08-19,2025-08
15959,M,1984,Chandigarh,Chandigarh,North,Organic Search,2025-08-19,35-44,2025-08-19,2025-08
15960,F,1997,Delhi,Delhi,North,Paid Search,2025-08-19,25-34,2025-08-25,2025-08
15961,M,1991,Mumbai,Maharashtra,West,Referral,2025-08-19,25-34,2025-08-19,2025-08
15962,M,1997,Delhi,Delhi,North,Paid Search,2025-08-19,25-34,2025-08-19,2025-08
15963,M,1995,Mumbai,Maharashtra,West,Paid Search,2025-08-19,25-34,2025-08-19,2025-08
15964,M,1991,Kolkata,West Bengal,East,Paid Social,2025-08-19,25-34,2025-08-23,2025-08
15965,F,2006,Ahmedabad,Gujarat,West,Email,2025-08-19,18-24,2025-08-20,2025-08
15966,M,1985,Noida,Uttar Pradesh,North,Email,2025-08-19,35-44,2025-08-29,2025-08
15967,F,1995,Jaipur,Rajasthan,North,Organic Search,2025-08-19,25-34,2025-08-24,2025-08
15968,F,1993,Ahmedabad,Gujarat,West,Paid Social,2025-08-19,25-34,2025-08-19,2025-08
15969,F,1996,Delhi,Delhi,North,Paid Social,2025-08-19,25-34,,
15970,F,1994,Chennai,Tamil Nadu,South,Paid Search,2025-08-19,25-34,2025-08-29,2025-08
15971,F,2002,Ahmedabad,Gujarat,West,Paid Social,2025-08-19,18-24,2025-08-31,2025-08
15972,M,1996,Pune,Maharashtra,West,Email,2025-08-20,25-34,,
15973,M,1988,Bengaluru,Karnataka,South,Referral,2025-08-20,35-44,2025-08-20,2025-08
15974,M,1985,Noida,Uttar Pradesh,North,Paid Social,2025-08-20,35-44,2025-08-27,2025-08
15975,M,1987,Delhi,Delhi,North,Organic Search,2025-08-20,35-44,2025-08-22,2025-08
15976,M,1987,Indore,Madhya Pradesh,West,Paid Social,2025-08-20,35-44,2025-08-21,2025-08
15977,F,1999,Gurugram,Haryana,North,Paid Social,2025-08-20,25-34,2025-08-23,2025-08
15978,M,1993,Delhi,Delhi,North,Paid Search,2025-08-20,25-34,2025-08-27,2025-08
15979,F,1997,Kochi,Kerala,South,Affiliate,2025-08-20,25-34,,
15980,F,1982,Hyderabad,Telangana,South,Affiliate,2025-08-20,35-44,2025-08-21,2025-08
15981,F,1991,Delhi,Delhi,North,Affiliate,2025-08-20,25-34,2025-08-20,2025-08
15982,M,1997,Chennai,Tamil Nadu,South,Referral,2025-08-20,25-34,2025-08-25,2025-08
15983,M,2002,Delhi,Delhi,North,Paid Social,2025-08-20,18-24,2025-08-26,2025-08
15984,F,1982,Hyderabad,Telangana,South,Paid Search,2025-08-20,35-44,2025-08-22,2025-08
15985,M,2006,Mumbai,Maharashtra,West,Affiliate,2025-08-20,18-24,,
15986,M,2005,Pune,Maharashtra,West,Paid Search,2025-08-20,18-24,2025-08-27,2025-08
15987,M,2002,Bengaluru,Karnataka,South,Organic Search,2025-08-20,18-24,,
15988,M,2004,Delhi,Delhi,North,Organic Search,2025-08-21,18-24,2025-08-21,2025-08
15989,M,1990,Kochi,Kerala,South,Referral,2025-08-21,35-44,2025-08-22,2025-08
15990,F,1987,Gurugram,Haryana,North,Paid Search,2025-08-21,35-44,2025-08-26,2025-08
15991,F,1994,Kolkata,West Bengal,East,Referral,2025-08-21,25-34,2025-08-23,2025-08
15992,F,1996,Delhi,Delhi,North,Paid Social,2025-08-21,25-34,2025-08-23,2025-08
15993,M,1988,Gurugram,Haryana,North,Paid Search,2025-08-21,35-44,,
15994,M,1998,Delhi,Delhi,North,Email,2025-08-21,25-34,2025-08-26,2025-08
15995,F,2005,Mumbai,Maharashtra,West,Email,2025-08-21,18-24,2025-08-23,2025-08
15996,F,2001,Indore,Madhya Pradesh,West,Organic Search,2025-08-21,18-24,2025-08-21,2025-08
15997,F,1994,Bengaluru,Karnataka,South,Organic Search,2025-08-21,25-34,2025-08-22,2025-08
15998,F,1974,Hyderabad,Telangana,South,Paid Social,2025-08-21,45+,2025-08-25,2025-08
15999,M,1981,Pune,Maharashtra,West,Organic Search,2025-08-21,35-44,2025-08-21,2025-08
16000,M,1993,Pune,Maharashtra,West,Paid Search,2025-08-21,25-34,2025-08-24,2025-08
16001,M,1999,Chandigarh,Chandigarh,North,Affiliate,2025-08-21,25-34,,
16002,M,1982,Bengaluru,Karnataka,South,Organic Search,2025-08-21,35-44,2025-08-25,2025-08
16003,M,1994,Kochi,Kerala,South,Paid Search,2025-08-22,25-34,2025-08-25,2025-08
16004,F,1999,Mumbai,Maharashtra,West,Paid Search,2025-08-22,25-34,2025-08-25,2025-08
16005,M,1993,Mumbai,Maharashtra,West,Paid Search,2025-08-22,25-34,2025-08-23,2025-08
16006,M,1989,Mumbai,Maharashtra,West,Paid Search,2025-08-22,35-44,2025-08-22,2025-08
16007,M,1982,Noida,Uttar Pradesh,North,Organic Search,2025-08-22,35-44,2025-08-26,2025-08
16008,F,2000,Ahmedabad,Gujarat,West,Referral,2025-08-22,25-34,2025-08-22,2025-08
16009,F,1988,Delhi,Delhi,North,Referral,2025-08-22,35-44,2025-08-22,2025-08
16010,F,2006,Chennai,Tamil Nadu,South,Paid Social,2025-08-22,18-24,2025-08-25,2025-08
16011,M,1995,Delhi,Delhi,North,Email,2025-08-22,25-34,2025-08-23,2025-08
16012,F,1996,Gurugram,Haryana,North,Organic Search,2025-08-22,25-34,2025-08-22,2025-08
16013,F,2000,Delhi,Delhi,North,Paid Social,2025-08-23,25-34,2025-08-23,2025-08
16014,M,1991,Mumbai,Maharashtra,West,Referral,2025-08-23,25-34,2025-08-23,2025-08
16015,M,1997,Hyderabad,Telangana,South,Paid Social,2025-08-23,25-34,2025-08-24,2025-08
16016,M,1988,Kochi,Kerala,South,Affiliate,2025-08-23,35-44,2025-08-24,2025-08
16017,F,1987,Mumbai,Maharashtra,West,Paid Social,2025-08-23,35-44,2025-08-26,2025-08
16018,M,1986,Lucknow,Uttar Pradesh,North,Affiliate,2025-08-23,35-44,2025-08-23,2025-08
16019,F,1990,Bengaluru,Karnataka,South,Organic Search,2025-08-23,35-44,2025-08-25,2025-08
16020,F,2006,Bengaluru,Karnataka,South,Organic Search,2025-08-23,18-24,2025-08-23,2025-08
16021,F,1986,Bengaluru,Karnataka,South,Paid Search,2025-08-23,35-44,2025-08-23,2025-08
16022,M,1998,Mumbai,Maharashtra,West,Email,2025-08-23,25-34,2025-08-23,2025-08
16023,F,1992,Ahmedabad,Gujarat,West,Organic Search,2025-08-24,25-34,2025-08-28,2025-08
16024,M,1984,Delhi,Delhi,North,Organic Search,2025-08-24,35-44,2025-08-24,2025-08
16025,F,2000,Lucknow,Uttar Pradesh,North,Affiliate,2025-08-24,25-34,2025-09-05,2025-09
16026,F,1989,Kochi,Kerala,South,Paid Social,2025-08-24,35-44,2025-08-25,2025-08
16027,F,1990,Delhi,Delhi,North,Paid Search,2025-08-24,35-44,,
16028,F,2002,Jaipur,Rajasthan,North,Organic Search,2025-08-24,18-24,2025-09-01,2025-09
16029,F,1991,Noida,Uttar Pradesh,North,Referral,2025-08-24,25-34,2025-08-30,2025-08
16030,F,1995,Delhi,Delhi,North,Affiliate,2025-08-24,25-34,2025-08-24,2025-08
16031,F,1993,Kochi,Kerala,South,Referral,2025-08-24,25-34,2025-08-29,2025-08
16032,F,1993,Delhi,Delhi,North,Organic Search,2025-08-25,25-34,,
16033,F,1983,Pune,Maharashtra,West,Paid Social,2025-08-25,35-44,,
16034,F,2000,Chennai,Tamil Nadu,South,Paid Search,2025-08-25,25-34,2025-08-28,2025-08
16035,M,1995,Delhi,Delhi,North,Email,2025-08-25,25-34,2025-08-28,2025-08
16036,M,2000,Delhi,Delhi,North,Referral,2025-08-25,25-34,2025-09-03,2025-09
16037,F,1994,Mumbai,Maharashtra,West,Referral,2025-08-25,25-34,2025-08-28,2025-08
16038,M,2002,Gurugram,Haryana,North,Paid Search,2025-08-25,18-24,2025-09-01,2025-09
16039,F,1995,Gurugram,Haryana,North,Organic Search,2025-08-25,25-34,2025-08-28,2025-08
16040,M,2004,Indore,Madhya Pradesh,West,Referral,2025-08-25,18-24,2025-08-25,2025-08
16041,F,1986,Gurugram,Haryana,North,Paid Social,2025-08-25,35-44,,
16042,F,1987,Bengaluru,Karnataka,South,Organic Search,2025-08-26,35-44,2025-09-17,2025-09
16043,F,2006,Kochi,Kerala,South,Referral,2025-08-26,18-24,,
16044,F,2000,Noida,Uttar Pradesh,North,Organic Search,2025-08-26,25-34,,
16045,M,2006,Noida,Uttar Pradesh,North,Referral,2025-08-26,18-24,2025-08-28,2025-08
16046,F,1998,Delhi,Delhi,North,Paid Social,2025-08-26,25-34,2025-09-01,2025-09
16047,M,1991,Delhi,Delhi,North,Organic Search,2025-08-26,25-34,2025-08-29,2025-08
16048,F,2006,Mumbai,Maharashtra,West,Referral,2025-08-26,18-24,2025-08-28,2025-08
16049,M,1979,Pune,Maharashtra,West,Paid Search,2025-08-26,45+,2025-08-31,2025-08
16050,F,2000,Gurugram,Haryana,North,Paid Social,2025-08-26,25-34,,
16051,M,1973,Chandigarh,Chandigarh,North,Affiliate,2025-08-26,45+,2025-08-27,2025-08
16052,F,2006,Gurugram,Haryana,North,Email,2025-08-26,18-24,2025-08-26,2025-08
16053,F,1985,Bengaluru,Karnataka,South,Paid Search,2025-08-26,35-44,2025-08-26,2025-08
16054,M,1991,Mumbai,Maharashtra,West,Paid Social,2025-08-27,25-34,2025-08-29,2025-08
16055,F,1986,Bengaluru,Karnataka,South,Paid Social,2025-08-27,35-44,2025-09-01,2025-09
16056,M,1998,Ahmedabad,Gujarat,West,Referral,2025-08-27,25-34,2025-09-01,2025-09
16057,F,1992,Mumbai,Maharashtra,West,Paid Search,2025-08-27,25-34,2025-08-29,2025-08
16058,M,2005,Bengaluru,Karnataka,South,Paid Search,2025-08-27,18-24,,
16059,M,1988,Delhi,Delhi,North,Organic Search,2025-08-27,35-44,2025-08-30,2025-08
16060,F,1984,Bengaluru,Karnataka,South,Affiliate,2025-08-27,35-44,,
16061,M,1990,Mumbai,Maharashtra,West,Email,2025-08-27,35-44,2025-09-01,2025-09
16062,F,2006,Pune,Maharashtra,West,Organic Search,2025-08-27,18-24,2025-09-01,2025-09
16063,M,2002,Pune,Maharashtra,West,Paid Social,2025-08-28,18-24,2025-08-30,2025-08
16064,F,2003,Ahmedabad,Gujarat,West,Paid Search,2025-08-28,18-24,2025-08-29,2025-08
16065,F,1989,Bengaluru,Karnataka,South,Organic Search,2025-08-28,35-44,2025-08-29,2025-08
16066,M,1983,Delhi,Delhi,North,Organic Search,2025-08-28,35-44,,
16067,F,2005,Pune,Maharashtra,West,Referral,2025-08-28,18-24,2025-09-13,2025-09
16068,M,1982,Delhi,Delhi,North,Paid Search,2025-08-28,35-44,2025-09-02,2025-09
16069,M,1994,Lucknow,Uttar Pradesh,North,Paid Social,2025-08-28,25-34,2025-09-01,2025-09
16070,F,1988,Gurugram,Haryana,North,Email,2025-08-28,35-44,2025-08-28,2025-08
16071,F,1994,Indore,Madhya Pradesh,West,Organic Search,2025-08-28,25-34,2025-09-03,2025-09
16072,M,1980,Indore,Madhya Pradesh,West,Paid Social,2025-08-28,45+,2025-08-29,2025-08
16073,M,2000,Chennai,Tamil Nadu,South,Affiliate,2025-08-28,25-34,2025-08-31,2025-08
16074,F,2004,Pune,Maharashtra,West,Referral,2025-08-28,18-24,2025-09-02,2025-09
16075,F,2002,Bengaluru,Karnataka,South,Organic Search,2025-08-28,18-24,2025-08-30,2025-08
16076,M,1985,Chennai,Tamil Nadu,South,Organic Search,2025-08-28,35-44,2025-08-31,2025-08
16077,F,1997,Delhi,Delhi,North,Referral,2025-08-28,25-34,2025-08-29,2025-08
16078,M,1992,Bengaluru,Karnataka,South,Organic Search,2025-08-28,25-34,2025-08-29,2025-08
16079,F,1993,Chandigarh,Chandigarh,North,Paid Social,2025-08-28,25-34,2025-09-02,2025-09
16080,M,2006,Jaipur,Rajasthan,North,Organic Search,2025-08-28,18-24,2025-08-30,2025-08
16081,M,1990,Kolkata,West Bengal,East,Referral,2025-08-29,35-44,2025-08-30,2025-08
16082,F,1999,Noida,Uttar Pradesh,North,Paid Search,2025-08-29,25-34,,
16083,M,1980,Kochi,Kerala,South,Paid Search,2025-08-29,45+,2025-08-30,2025-08
16084,M,1994,Hyderabad,Telangana,South,Referral,2025-08-29,25-34,2025-08-31,2025-08
16085,M,2001,Chennai,Tamil Nadu,South,Organic Search,2025-08-29,18-24,2025-09-02,2025-09
16086,F,1992,Ahmedabad,Gujarat,West,Paid Social,2025-08-29,25-34,2025-09-04,2025-09
16087,F,1998,Ahmedabad,Gujarat,West,Affiliate,2025-08-29,25-34,2025-08-29,2025-08
16088,F,1987,Mumbai,Maharashtra,West,Paid Social,2025-08-29,35-44,2025-08-30,2025-08
16089,M,1990,Mumbai,Maharashtra,West,Organic Search,2025-08-29,35-44,2025-08-30,2025-08
16090,M,1992,Chennai,Tamil Nadu,South,Email,2025-08-29,25-34,,
16091,F,1989,Mumbai,Maharashtra,West,Organic Search,2025-08-29,35-44,2025-09-21,2025-09
16092,F,2001,Pune,Maharashtra,West,Paid Search,2025-08-29,18-24,2025-08-30,2025-08
16093,M,2002,Kolkata,West Bengal,East,Organic Search,2025-08-29,18-24,2025-08-29,2025-08
16094,F,1999,Mumbai,Maharashtra,West,Referral,2025-08-29,25-34,2025-08-30,2025-08
16095,M,1973,Hyderabad,Telangana,South,Organic Search,2025-08-30,45+,,
16096,F,1991,Jaipur,Rajasthan,North,Organic Search,2025-08-30,25-34,,
16097,F,2000,Delhi,Delhi,North,Paid Search,2025-08-30,25-34,2025-09-08,2025-09
16098,F,1992,Indore,Madhya Pradesh,West,Paid Search,2025-08-30,25-34,2025-09-02,2025-09
16099,F,1992,Pune,Maharashtra,West,Referral,2025-08-30,25-34,2025-09-02,2025-09
16100,F,2001,Hyderabad,Telangana,South,Paid Social,2025-08-30,18-24,,
16101,F,2001,Delhi,Delhi,North,Paid Social,2025-08-30,18-24,,
16102,F,1998,Delhi,Delhi,North,Organic Search,2025-08-30,25-34,,
16103,M,1982,Chennai,Tamil Nadu,South,Email,2025-08-30,35-44,,
16104,M,1985,Pune,Maharashtra,West,Paid Search,2025-08-30,35-44,,
16105,F,1997,Pune,Maharashtra,West,Paid Search,2025-08-30,25-34,2025-08-30,2025-08
16106,F,1977,Noida,Uttar Pradesh,North,Organic Search,2025-08-30,45+,2025-08-30,2025-08
16107,F,2006,Kochi,Kerala,South,Affiliate,2025-08-30,18-24,2025-08-31,2025-08
16108,F,1995,Kochi,Kerala,South,Paid Social,2025-08-30,25-34,2025-08-30,2025-08
16109,M,1988,Pune,Maharashtra,West,Organic Search,2025-08-30,35-44,2025-09-02,2025-09
16110,M,1989,Noida,Uttar Pradesh,North,Organic Search,2025-08-30,35-44,,
16111,M,2003,Kolkata,West Bengal,East,Paid Social,2025-08-31,18-24,2025-08-31,2025-08
16112,F,1983,Chennai,Tamil Nadu,South,Organic Search,2025-08-31,35-44,,
16113,F,1978,Pune,Maharashtra,West,Paid Social,2025-08-31,45+,2025-09-02,2025-09
16114,F,1986,Bengaluru,Karnataka,South,Paid Search,2025-08-31,35-44,2025-09-02,2025-09
16115,F,1996,Mumbai,Maharashtra,West,Paid Search,2025-08-31,25-34,,
16116,F,2006,Noida,Uttar Pradesh,North,Referral,2025-08-31,18-24,2025-09-12,2025-09
16117,F,2003,Bengaluru,Karnataka,South,Paid Social,2025-08-31,18-24,2025-09-01,2025-09
16118,F,1990,Bengaluru,Karnataka,South,Organic Search,2025-08-31,35-44,2025-09-01,2025-09
16119,F,1996,Ahmedabad,Gujarat,West,Paid Search,2025-08-31,25-34,2025-08-31,2025-08
16120,M,1996,Hyderabad,Telangana,South,Email,2025-08-31,25-34,2025-10-06,2025-10
16121,F,1995,Mumbai,Maharashtra,West,Email,2025-08-31,25-34,2025-09-07,2025-09
16122,M,1978,Chennai,Tamil Nadu,South,Referral,2025-08-31,45+,2025-09-02,2025-09
16123,M,1991,Noida,Uttar Pradesh,North,Email,2025-08-31,25-34,2025-08-31,2025-08
16124,M,2000,Kolkata,West Bengal,East,Organic Search,2025-08-31,25-34,2025-08-31,2025-08
16125,M,2006,Noida,Uttar Pradesh,North,Organic Search,2025-08-31,18-24,2025-09-09,2025-09
16126,M,1997,Gurugram,Haryana,North,Organic Search,2025-08-31,25-34,2025-09-02,2025-09
16127,F,2002,Indore,Madhya Pradesh,West,Organic Search,2025-08-31,18-24,2025-09-11,2025-09
16128,F,2001,Delhi,Delhi,North,Referral,2025-09-01,18-24,2025-09-03,2025-09
16129,F,1990,Gurugram,Haryana,North,Organic Search,2025-09-01,35-44,2025-09-08,2025-09
16130,M,1983,Bengaluru,Karnataka,South,Paid Search,2025-09-01,35-44,2025-09-06,2025-09
16131,F,2003,Jaipur,Rajasthan,North,Organic Search,2025-09-01,18-24,2025-09-02,2025-09
16132,F,2006,Hyderabad,Telangana,South,Referral,2025-09-01,18-24,2025-09-05,2025-09
16133,F,1990,Gurugram,Haryana,North,Referral,2025-09-01,35-44,2025-09-04,2025-09
16134,F,2003,Mumbai,Maharashtra,West,Referral,2025-09-01,18-24,2025-09-01,2025-09
16135,M,1995,Mumbai,Maharashtra,West,Paid Search,2025-09-01,25-34,2025-09-04,2025-09
16136,M,1982,Pune,Maharashtra,West,Affiliate,2025-09-01,35-44,2025-09-03,2025-09
16137,F,1994,Mumbai,Maharashtra,West,Email,2025-09-01,25-34,,
16138,M,1989,Mumbai,Maharashtra,West,Paid Social,2025-09-01,35-44,2025-09-02,2025-09
16139,M,1997,Chandigarh,Chandigarh,North,Paid Social,2025-09-01,25-34,,
16140,M,1997,Delhi,Delhi,North,Paid Search,2025-09-01,25-34,2025-09-05,2025-09
16141,M,1988,Indore,Madhya Pradesh,West,Referral,2025-09-01,35-44,2025-09-05,2025-09
16142,M,1983,Pune,Maharashtra,West,Affiliate,2025-09-01,35-44,,
16143,M,1990,Mumbai,Maharashtra,West,Paid Search,2025-09-02,35-44,,
16144,F,2006,Noida,Uttar Pradesh,North,Paid Search,2025-09-02,18-24,2025-09-15,2025-09
16145,M,1984,Chennai,Tamil Nadu,South,Organic Search,2025-09-02,35-44,2025-09-09,2025-09
16146,F,1999,Lucknow,Uttar Pradesh,North,Affiliate,2025-09-02,25-34,2025-09-05,2025-09
16147,M,1998,Kochi,Kerala,South,Paid Social,2025-09-02,25-34,,
16148,M,1989,Noida,Uttar Pradesh,North,Affiliate,2025-09-02,35-44,2025-09-04,2025-09
16149,F,1987,Kolkata,West Bengal,East,Paid Social,2025-09-02,35-44,,
16150,M,1998,Mumbai,Maharashtra,West,Paid Search,2025-09-02,25-34,,
16151,F,1993,Pune,Maharashtra,West,Paid Social,2025-09-02,25-34,2025-09-02,2025-09
16152,M,1989,Jaipur,Rajasthan,North,Organic Search,2025-09-02,35-44,2025-09-06,2025-09
16153,M,1997,Kolkata,West Bengal,East,Paid Search,2025-09-02,25-34,,
16154,F,2006,Jaipur,Rajasthan,North,Paid Search,2025-09-02,18-24,2025-09-18,2025-09
16155,M,2003,Bengaluru,Karnataka,South,Paid Social,2025-09-02,18-24,2025-09-08,2025-09
16156,M,1995,Delhi,Delhi,North,Paid Search,2025-09-02,25-34,,
16157,M,1966,Ahmedabad,Gujarat,West,Paid Search,2025-09-03,45+,2025-09-18,2025-09
16158,M,1992,Bengaluru,Karnataka,South,Email,2025-09-03,25-34,,
16159,F,1985,Pune,Maharashtra,West,Organic Search,2025-09-03,35-44,2025-09-03,2025-09
16160,F,1992,Bengaluru,Karnataka,South,Affiliate,2025-09-03,25-34,2025-09-04,2025-09
16161,F,1991,Hyderabad,Telangana,South,Paid Social,2025-09-03,25-34,2025-09-17,2025-09
16162,F,1991,Pune,Maharashtra,West,Paid Social,2025-09-03,25-34,2025-09-08,2025-09
16163,F,2002,Noida,Uttar Pradesh,North,Organic Search,2025-09-03,18-24,2025-09-03,2025-09
16164,M,1992,Mumbai,Maharashtra,West,Organic Search,2025-09-03,25-34,2025-09-06,2025-09
16165,M,1991,Bengaluru,Karnataka,South,Referral,2025-09-03,25-34,2025-09-03,2025-09
16166,M,1997,Jaipur,Rajasthan,North,Email,2025-09-03,25-34,2025-09-07,2025-09
16167,M,1985,Bengaluru,Karnataka,South,Paid Social,2025-09-03,35-44,2025-09-03,2025-09
16168,F,1991,Gurugram,Haryana,North,Organic Search,2025-09-03,25-34,2025-09-04,2025-09
16169,F,1983,Kolkata,West Bengal,East,Referral,2025-09-03,35-44,2025-09-04,2025-09
16170,F,1998,Indore,Madhya Pradesh,West,Email,2025-09-03,25-34,2025-09-10,2025-09
16171,F,1995,Mumbai,Maharashtra,West,Paid Social,2025-09-03,25-34,2025-09-05,2025-09
16172,M,2006,Hyderabad,Telangana,South,Organic Search,2025-09-04,18-24,2025-09-08,2025-09
16173,M,1980,Hyderabad,Telangana,South,Paid Search,2025-09-04,45+,2025-09-08,2025-09
16174,M,2001,Delhi,Delhi,North,Affiliate,2025-09-04,18-24,2025-09-06,2025-09
16175,M,1979,Jaipur,Rajasthan,North,Organic Search,2025-09-04,45+,2025-09-06,2025-09
16176,F,1986,Mumbai,Maharashtra,West,Organic Search,2025-09-04,35-44,2025-09-11,2025-09
16177,F,1976,Mumbai,Maharashtra,West,Paid Social,2025-09-04,45+,2025-09-10,2025-09
16178,F,1994,Chandigarh,Chandigarh,North,Paid Social,2025-09-04,25-34,,
16179,F,1996,Mumbai,Maharashtra,West,Organic Search,2025-09-04,25-34,2025-09-09,2025-09
16180,F,1991,Gurugram,Haryana,North,Paid Social,2025-09-04,25-34,2025-09-07,2025-09
16181,M,1976,Delhi,Delhi,North,Affiliate,2025-09-04,45+,2025-09-06,2025-09
16182,M,1989,Lucknow,Uttar Pradesh,North,Email,2025-09-04,35-44,2025-09-07,2025-09
16183,M,1995,Delhi,Delhi,North,Organic Search,2025-09-05,25-34,2025-09-09,2025-09
16184,F,1986,Pune,Maharashtra,West,Email,2025-09-05,35-44,2025-09-06,2025-09
16185,M,1993,Gurugram,Haryana,North,Paid Social,2025-09-05,25-34,2025-09-10,2025-09
16186,M,2002,Delhi,Delhi,North,Organic Search,2025-09-05,18-24,2025-09-13,2025-09
16187,M,1989,Chennai,Tamil Nadu,South,Organic Search,2025-09-05,35-44,2025-09-07,2025-09
16188,F,1985,Ahmedabad,Gujarat,West,Affiliate,2025-09-05,35-44,2025-09-19,2025-09
16189,F,1993,Chennai,Tamil Nadu,South,Organic Search,2025-09-05,25-34,2025-09-05,2025-09
16190,F,2006,Kolkata,West Bengal,East,Organic Search,2025-09-05,18-24,,
16191,F,1998,Indore,Madhya Pradesh,West,Paid Social,2025-09-05,25-34,2025-09-10,2025-09
16192,F,1981,Hyderabad,Telangana,South,Referral,2025-09-05,35-44,2025-09-09,2025-09
16193,F,2004,Gurugram,Haryana,North,Organic Search,2025-09-05,18-24,2025-09-08,2025-09
16194,M,1990,Bengaluru,Karnataka,South,Referral,2025-09-05,35-44,2025-09-05,2025-09
16195,M,1992,Ahmedabad,Gujarat,West,Referral,2025-09-05,25-34,2025-09-05,2025-09
16196,F,1983,Bengaluru,Karnataka,South,Referral,2025-09-05,35-44,2025-09-09,2025-09
16197,F,1995,Delhi,Delhi,North,Referral,2025-09-05,25-34,2025-09-06,2025-09
16198,F,1978,Kolkata,West Bengal,East,Organic Search,2025-09-06,45+,2025-09-09,2025-09
16199,F,1984,Mumbai,Maharashtra,West,Email,2025-09-06,35-44,2025-09-07,2025-09
16200,F,1998,Hyderabad,Telangana,South,Paid Social,2025-09-06,25-34,,
16201,M,1995,Kolkata,West Bengal,East,Paid Search,2025-09-06,25-34,2025-09-06,2025-09
16202,F,1987,Chennai,Tamil Nadu,South,Organic Search,2025-09-06,35-44,2025-09-08,2025-09
16203,F,1992,Chandigarh,Chandigarh,North,Paid Social,2025-09-06,25-34,2025-09-07,2025-09
16204,M,1999,Mumbai,Maharashtra,West,Organic Search,2025-09-06,25-34,2025-09-06,2025-09
16205,M,1997,Bengaluru,Karnataka,South,Paid Social,2025-09-06,25-34,,
16206,F,1999,Pune,Maharashtra,West,Organic Search,2025-09-06,25-34,2025-09-08,2025-09
16207,F,1984,Mumbai,Maharashtra,West,Paid Social,2025-09-06,35-44,,
16208,M,1988,Bengaluru,Karnataka,South,Organic Search,2025-09-06,35-44,2025-09-08,2025-09
16209,M,2006,Kochi,Kerala,South,Paid Social,2025-09-06,18-24,,
16210,M,1990,Jaipur,Rajasthan,North,Paid Social,2025-09-06,35-44,2025-09-06,2025-09
16211,F,1990,Delhi,Delhi,North,Paid Search,2025-09-06,35-44,,
16212,M,1994,Bengaluru,Karnataka,South,Email,2025-09-06,25-34,2025-09-06,2025-09
16213,F,1995,Ahmedabad,Gujarat,West,Paid Social,2025-09-06,25-34,,
16214,F,1986,Kochi,Kerala,South,Referral,2025-09-06,35-44,2025-09-10,2025-09
16215,F,1974,Bengaluru,Karnataka,South,Paid Search,2025-09-06,45+,2025-09-06,2025-09
16216,F,1991,Mumbai,Maharashtra,West,Referral,2025-09-07,25-34,,
16217,F,1993,Bengaluru,Karnataka,South,Email,2025-09-07,25-34,2025-09-13,2025-09
16218,M,1979,Chennai,Tamil Nadu,South,Paid Search,2025-09-07,45+,2025-09-09,2025-09
16219,M,1996,Mumbai,Maharashtra,West,Affiliate,2025-09-07,25-34,2025-09-11,2025-09
16220,M,1996,Delhi,Delhi,North,Organic Search,2025-09-07,25-34,2025-09-09,2025-09
16221,M,2001,Bengaluru,Karnataka,South,Email,2025-09-07,18-24,2025-09-09,2025-09
16222,M,1985,Delhi,Delhi,North,Paid Social,2025-09-07,35-44,2025-09-08,2025-09
16223,F,1996,Kolkata,West Bengal,East,Organic Search,2025-09-07,25-34,2025-09-08,2025-09
16224,F,1998,Gurugram,Haryana,North,Paid Social,2025-09-07,25-34,2025-09-13,2025-09
16225,F,2005,Mumbai,Maharashtra,West,Organic Search,2025-09-07,18-24,2025-09-12,2025-09
16226,M,2000,Kolkata,West Bengal,East,Email,2025-09-07,25-34,2025-09-11,2025-09
16227,F,2002,Delhi,Delhi,North,Referral,2025-09-07,18-24,2025-09-10,2025-09
16228,M,1995,Delhi,Delhi,North,Paid Social,2025-09-07,25-34,2025-09-08,2025-09
16229,F,1990,Delhi,Delhi,North,Organic Search,2025-09-07,35-44,2025-09-08,2025-09
16230,M,2004,Kolkata,West Bengal,East,Affiliate,2025-09-07,18-24,2025-09-11,2025-09
16231,M,1983,Kolkata,West Bengal,East,Email,2025-09-08,35-44,2025-09-08,2025-09
16232,F,2006,Mumbai,Maharashtra,West,Paid Social,2025-09-08,18-24,2025-09-13,2025-09
16233,M,2000,Bengaluru,Karnataka,South,Paid Search,2025-09-08,25-34,2025-09-17,2025-09
16234,F,1991,Bengaluru,Karnataka,South,Paid Social,2025-09-08,25-34,,
16235,F,1981,Delhi,Delhi,North,Paid Search,2025-09-08,35-44,2025-09-10,2025-09
16236,M,1993,Lucknow,Uttar Pradesh,North,Email,2025-09-08,25-34,2025-09-24,2025-09
16237,F,1988,Chennai,Tamil Nadu,South,Paid Search,2025-09-08,35-44,2025-10-11,2025-10
16238,M,1981,Gurugram,Haryana,North,Organic Search,2025-09-08,35-44,,
16239,M,1989,Pune,Maharashtra,West,Organic Search,2025-09-08,35-44,2025-09-13,2025-09
16240,F,2001,Lucknow,Uttar Pradesh,North,Paid Search,2025-09-08,18-24,2025-09-08,2025-09
16241,M,1993,Ahmedabad,Gujarat,West,Paid Social,2025-09-08,25-34,,
16242,M,1992,Noida,Uttar Pradesh,North,Referral,2025-09-08,25-34,2025-09-09,2025-09
16243,F,1981,Noida,Uttar Pradesh,North,Affiliate,2025-09-08,35-44,2025-09-10,2025-09
16244,F,1992,Delhi,Delhi,North,Organic Search,2025-09-09,25-34,2025-09-24,2025-09
16245,M,2006,Kolkata,West Bengal,East,Organic Search,2025-09-09,18-24,2025-09-09,2025-09
16246,M,1994,Delhi,Delhi,North,Paid Search,2025-09-09,25-34,,
16247,M,1991,Mumbai,Maharashtra,West,Referral,2025-09-09,25-34,2025-09-09,2025-09
16248,F,1999,Mumbai,Maharashtra,West,Email,2025-09-09,25-34,2025-09-11,2025-09
16249,M,2004,Jaipur,Rajasthan,North,Organic Search,2025-09-09,18-24,2025-09-09,2025-09
16250,F,2005,Hyderabad,Telangana,South,Paid Search,2025-09-09,18-24,,
16251,M,1996,Chandigarh,Chandigarh,North,Email,2025-09-09,25-34,2025-09-09,2025-09
16252,F,1980,Bengaluru,Karnataka,South,Paid Social,2025-09-09,45+,,
16253,F,2001,Ahmedabad,Gujarat,West,Paid Search,2025-09-09,18-24,2025-09-09,2025-09
16254,M,1990,Chennai,Tamil Nadu,South,Organic Search,2025-09-09,35-44,,
16255,F,1989,Hyderabad,Telangana,South,Organic Search,2025-09-09,35-44,2025-09-10,2025-09
16256,F,1986,Noida,Uttar Pradesh,North,Organic Search,2025-09-09,35-44,2025-09-09,2025-09
16257,M,1998,Hyderabad,Telangana,South,Paid Social,2025-09-09,25-34,2025-09-12,2025-09
16258,M,2001,Hyderabad,Telangana,South,Referral,2025-09-09,18-24,2025-09-11,2025-09
16259,F,1988,Kochi,Kerala,South,Paid Search,2025-09-09,35-44,2025-09-09,2025-09
16260,M,1999,Kolkata,West Bengal,East,Paid Social,2025-09-10,25-34,,
16261,M,2002,Bengaluru,Karnataka,South,Organic Search,2025-09-10,18-24,,
16262,M,1996,Mumbai,Maharashtra,West,Organic Search,2025-09-10,25-34,2025-09-11,2025-09
16263,F,1994,Jaipur,Rajasthan,North,Organic Search,2025-09-10,25-34,2025-09-12,2025-09
16264,M,1992,Chennai,Tamil Nadu,South,Organic Search,2025-09-10,25-34,2025-09-11,2025-09
16265,F,1988,Kochi,Kerala,South,Affiliate,2025-09-10,35-44,2025-09-13,2025-09
16266,F,2000,Delhi,Delhi,North,Organic Search,2025-09-10,25-34,2025-09-13,2025-09
16267,F,2003,Ahmedabad,Gujarat,West,Organic Search,2025-09-10,18-24,,
16268,F,1995,Delhi,Delhi,North,Referral,2025-09-10,25-34,2025-09-22,2025-09
16269,F,1990,Lucknow,Uttar Pradesh,North,Paid Search,2025-09-10,35-44,2025-09-10,2025-09
16270,F,1997,Mumbai,Maharashtra,West,Organic Search,2025-09-10,25-34,2025-09-11,2025-09
16271,F,1986,Chandigarh,Chandigarh,North,Organic Search,2025-09-10,35-44,,
16272,M,2004,Bengaluru,Karnataka,South,Organic Search,2025-09-10,18-24,2025-09-11,2025-09
16273,F,2003,Delhi,Delhi,North,Organic Search,2025-09-10,18-24,,
16274,M,1997,Indore,Madhya Pradesh,West,Paid Social,2025-09-10,25-34,2025-09-13,2025-09
16275,F,1990,Ahmedabad,Gujarat,West,Paid Search,2025-09-11,35-44,2025-09-11,2025-09
16276,F,1992,Hyderabad,Telangana,South,Organic Search,2025-09-11,25-34,2025-09-11,2025-09
16277,M,1980,Delhi,Delhi,North,Referral,2025-09-11,45+,,
16278,F,1987,Chandigarh,Chandigarh,North,Organic Search,2025-09-11,35-44,2025-09-11,2025-09
16279,M,1999,Bengaluru,Karnataka,South,Paid Search,2025-09-11,25-34,,
16280,M,1987,Bengaluru,Karnataka,South,Organic Search,2025-09-11,35-44,,
16281,M,2006,Mumbai,Maharashtra,West,Organic Search,2025-09-11,18-24,2025-09-17,2025-09
16282,F,1990,Mumbai,Maharashtra,West,Paid Social,2025-09-11,35-44,,
16283,M,1986,Kolkata,West Bengal,East,Organic Search,2025-09-11,35-44,2025-09-11,2025-09
16284,F,1996,Chandigarh,Chandigarh,North,Organic Search,2025-09-11,25-34,2025-09-15,2025-09
16285,F,1997,Gurugram,Haryana,North,Paid Search,2025-09-11,25-34,2025-09-23,2025-09
16286,F,2004,Kolkata,West Bengal,East,Email,2025-09-11,18-24,,
16287,M,1991,Hyderabad,Telangana,South,Paid Social,2025-09-11,25-34,2025-09-11,2025-09
16288,M,1986,Lucknow,Uttar Pradesh,North,Organic Search,2025-09-12,35-44,2025-09-19,2025-09
16289,F,1989,Chennai,Tamil Nadu,South,Paid Search,2025-09-12,35-44,2025-09-13,2025-09
16290,M,2003,Lucknow,Uttar Pradesh,North,Paid Search,2025-09-12,18-24,2025-09-15,2025-09
16291,M,2006,Hyderabad,Telangana,South,Paid Search,2025-09-12,18-24,2025-09-13,2025-09
16292,F,1989,Bengaluru,Karnataka,South,Paid Search,2025-09-12,35-44,,
16293,M,1992,Pune,Maharashtra,West,Paid Social,2025-09-12,25-34,,
16294,F,2005,Kochi,Kerala,South,Affiliate,2025-09-12,18-24,,
16295,F,1999,Hyderabad,Telangana,South,Referral,2025-09-12,25-34,2025-09-12,2025-09
16296,F,1989,Delhi,Delhi,North,Organic Search,2025-09-12,35-44,,
16297,M,1984,Bengaluru,Karnataka,South,Referral,2025-09-12,35-44,2025-09-12,2025-09
16298,M,1988,Hyderabad,Telangana,South,Paid Search,2025-09-12,35-44,2025-09-15,2025-09
16299,F,2000,Ahmedabad,Gujarat,West,Referral,2025-09-12,25-34,2025-09-12,2025-09
16300,F,1981,Jaipur,Rajasthan,North,Paid Social,2025-09-12,35-44,,
16301,F,1995,Lucknow,Uttar Pradesh,North,Paid Social,2025-09-12,25-34,,
16302,M,1990,Kolkata,West Bengal,East,Paid Search,2025-09-12,35-44,2025-09-13,2025-09
16303,F,1987,Mumbai,Maharashtra,West,Paid Social,2025-09-12,35-44,2025-09-12,2025-09
16304,F,1989,Pune,Maharashtra,West,Paid Social,2025-09-12,35-44,2025-09-13,2025-09
16305,F,2000,Indore,Madhya Pradesh,West,Paid Social,2025-09-12,25-34,2025-09-24,2025-09
16306,M,1998,Delhi,Delhi,North,Paid Social,2025-09-13,25-34,2025-09-15,2025-09
16307,F,2002,Delhi,Delhi,North,Organic Search,2025-09-13,18-24,2025-09-13,2025-09
16308,M,1987,Noida,Uttar Pradesh,North,Paid Search,2025-09-13,35-44,2025-09-22,2025-09
16309,M,1980,Delhi,Delhi,North,Organic Search,2025-09-13,45+,2025-09-19,2025-09
16310,M,1995,Chennai,Tamil Nadu,South,Organic Search,2025-09-13,25-34,2025-09-17,2025-09
16311,M,1993,Gurugram,Haryana,North,Paid Search,2025-09-13,25-34,2025-09-19,2025-09
16312,F,1989,Noida,Uttar Pradesh,North,Paid Search,2025-09-13,35-44,,
16313,F,1977,Pune,Maharashtra,West,Organic Search,2025-09-13,45+,2025-09-13,2025-09
16314,F,2000,Chennai,Tamil Nadu,South,Organic Search,2025-09-13,25-34,2025-09-14,2025-09
16315,M,1970,Delhi,Delhi,North,Paid Search,2025-09-13,45+,,
16316,F,1999,Noida,Uttar Pradesh,North,Affiliate,2025-09-13,25-34,2025-09-16,2025-09
16317,M,1999,Bengaluru,Karnataka,South,Paid Social,2025-09-13,25-34,2025-09-19,2025-09
16318,M,1998,Pune,Maharashtra,West,Referral,2025-09-13,25-34,2025-09-13,2025-09
16319,M,1993,Indore,Madhya Pradesh,West,Paid Search,2025-09-13,25-34,2025-09-24,2025-09
16320,M,1975,Delhi,Delhi,North,Organic Search,2025-09-13,45+,,
16321,M,1980,Chennai,Tamil Nadu,South,Organic Search,2025-09-13,45+,2025-09-23,2025-09
16322,F,1987,Ahmedabad,Gujarat,West,Paid Search,2025-09-13,35-44,2025-09-15,2025-09
16323,M,2006,Chennai,Tamil Nadu,South,Email,2025-09-13,18-24,2025-09-14,2025-09
16324,F,2001,Kolkata,West Bengal,East,Paid Search,2025-09-14,18-24,2025-09-15,2025-09
16325,F,1992,Bengaluru,Karnataka,South,Paid Search,2025-09-14,25-34,,
16326,M,1988,Delhi,Delhi,North,Paid Social,2025-09-14,35-44,,
16327,M,1994,Bengaluru,Karnataka,South,Referral,2025-09-14,25-34,2025-09-20,2025-09
16328,F,2000,Ahmedabad,Gujarat,West,Paid Social,2025-09-14,25-34,2025-10-04,2025-10
16329,M,1996,Delhi,Delhi,North,Paid Search,2025-09-14,25-34,2025-09-14,2025-09
16330,F,1982,Jaipur,Rajasthan,North,Affiliate,2025-09-14,35-44,2025-09-14,2025-09
16331,M,2005,Gurugram,Haryana,North,Paid Search,2025-09-14,18-24,2025-09-21,2025-09
16332,M,1997,Kochi,Kerala,South,Paid Search,2025-09-14,25-34,,
16333,M,1989,Hyderabad,Telangana,South,Email,2025-09-14,35-44,2025-09-18,2025-09
16334,M,1996,Bengaluru,Karnataka,South,Affiliate,2025-09-14,25-34,2025-09-14,2025-09
16335,F,2003,Hyderabad,Telangana,South,Affiliate,2025-09-14,18-24,2025-09-14,2025-09
16336,M,1996,Indore,Madhya Pradesh,West,Paid Social,2025-09-14,25-34,2025-09-15,2025-09
16337,M,1997,Chennai,Tamil Nadu,South,Email,2025-09-14,25-34,2025-09-21,2025-09
16338,M,2006,Noida,Uttar Pradesh,North,Organic Search,2025-09-15,18-24,,
16339,M,1988,Lucknow,Uttar Pradesh,North,Email,2025-09-15,35-44,2025-09-18,2025-09
16340,F,1986,Indore,Madhya Pradesh,West,Referral,2025-09-15,35-44,2025-09-16,2025-09
16341,F,1990,Hyderabad,Telangana,South,Paid Search,2025-09-15,35-44,2025-09-20,2025-09
16342,M,2000,Chennai,Tamil Nadu,South,Organic Search,2025-09-15,25-34,2025-09-18,2025-09
16343,F,2001,Kolkata,West Bengal,East,Referral,2025-09-15,18-24,2025-09-23,2025-09
16344,F,1995,Hyderabad,Telangana,South,Paid Search,2025-09-15,25-34,,
16345,M,1987,Lucknow,Uttar Pradesh,North,Affiliate,2025-09-15,35-44,,
16346,F,2006,Lucknow,Uttar Pradesh,North,Email,2025-09-15,18-24,2025-09-23,2025-09
16347,M,1984,Mumbai,Maharashtra,West,Referral,2025-09-15,35-44,2025-09-15,2025-09
16348,F,1990,Bengaluru,Karnataka,South,Paid Search,2025-09-15,35-44,2025-09-17,2025-09
16349,F,1988,Pune,Maharashtra,West,Paid Social,2025-09-15,35-44,2025-09-15,2025-09
16350,M,2002,Delhi,Delhi,North,Referral,2025-09-15,18-24,2025-09-15,2025-09
16351,F,1992,Pune,Maharashtra,West,Paid Search,2025-09-15,25-34,2025-09-17,2025-09
16352,M,2006,Hyderabad,Telangana,South,Organic Search,2025-09-15,18-24,2025-09-17,2025-09
16353,F,2000,Lucknow,Uttar Pradesh,North,Referral,2025-09-15,25-34,2025-09-18,2025-09
16354,M,1986,Bengaluru,Karnataka,South,Paid Search,2025-09-15,35-44,,
16355,F,1991,Lucknow,Uttar Pradesh,North,Organic Search,2025-09-15,25-34,2025-09-22,2025-09
16356,M,1989,Ahmedabad,Gujarat,West,Organic Search,2025-09-15,35-44,2025-09-15,2025-09
16357,F,2005,Bengaluru,Karnataka,South,Paid Search,2025-09-16,18-24,2025-09-23,2025-09
16358,M,2000,Noida,Uttar Pradesh,North,Paid Social,2025-09-16,25-34,2025-09-17,2025-09
16359,F,1981,Bengaluru,Karnataka,South,Organic Search,2025-09-16,35-44,2025-09-16,2025-09
16360,F,1998,Bengaluru,Karnataka,South,Paid Social,2025-09-16,25-34,2025-09-16,2025-09
16361,F,1993,Chandigarh,Chandigarh,North,Email,2025-09-16,25-34,2025-09-17,2025-09
16362,F,1983,Chennai,Tamil Nadu,South,Paid Social,2025-09-16,35-44,2025-09-16,2025-09
16363,F,1987,Hyderabad,Telangana,South,Paid Social,2025-09-16,35-44,2025-09-25,2025-09
16364,F,1992,Pune,Maharashtra,West,Organic Search,2025-09-16,25-34,,
16365,M,1976,Delhi,Delhi,North,Paid Search,2025-09-16,45+,2025-09-17,2025-09
16366,M,1995,Mumbai,Maharashtra,West,Paid Social,2025-09-16,25-34,2025-09-19,2025-09
16367,F,1994,Chandigarh,Chandigarh,North,Email,2025-09-16,25-34,2025-09-17,2025-09
16368,F,1991,Lucknow,Uttar Pradesh,North,Email,2025-09-16,25-34,2025-09-25,2025-09
16369,F,1994,Bengaluru,Karnataka,South,Paid Search,2025-09-16,25-34,2025-09-20,2025-09
16370,M,1992,Kochi,Kerala,South,Organic Search,2025-09-17,25-34,2025-09-19,2025-09
16371,F,1985,Gurugram,Haryana,North,Paid Social,2025-09-17,35-44,,
16372,F,1988,Bengaluru,Karnataka,South,Affiliate,2025-09-17,35-44,,
16373,F,1987,Bengaluru,Karnataka,South,Affiliate,2025-09-17,35-44,2025-09-20,2025-09
16374,M,1999,Bengaluru,Karnataka,South,Affiliate,2025-09-17,25-34,,
16375,F,1985,Chennai,Tamil Nadu,South,Organic Search,2025-09-17,35-44,2025-09-20,2025-09
16376,M,1989,Mumbai,Maharashtra,West,Referral,2025-09-17,35-44,2025-10-01,2025-10
16377,M,1994,Ahmedabad,Gujarat,West,Organic Search,2025-09-17,25-34,2025-09-17,2025-09
16378,M,1981,Jaipur,Rajasthan,North,Organic Search,2025-09-17,35-44,2025-09-21,2025-09
16379,F,1990,Jaipur,Rajasthan,North,Paid Social,2025-09-17,35-44,2025-09-22,2025-09
16380,F,1994,Pune,Maharashtra,West,Organic Search,2025-09-17,25-34,2025-09-21,2025-09
16381,M,1995,Delhi,Delhi,North,Paid Search,2025-09-18,25-34,2025-09-28,2025-09
16382,M,1996,Lucknow,Uttar Pradesh,North,Organic Search,2025-09-18,25-34,2025-09-25,2025-09
16383,F,1987,Gurugram,Haryana,North,Organic Search,2025-09-18,35-44,,
16384,M,1985,Delhi,Delhi,North,Organic Search,2025-09-18,35-44,2025-09-19,2025-09
16385,M,1990,Mumbai,Maharashtra,West,Paid Social,2025-09-18,35-44,2025-09-19,2025-09
16386,M,1995,Delhi,Delhi,North,Paid Search,2025-09-18,25-34,2025-09-18,2025-09
16387,M,1991,Gurugram,Haryana,North,Paid Social,2025-09-18,25-34,2025-09-19,2025-09
16388,M,1984,Bengaluru,Karnataka,South,Paid Social,2025-09-18,35-44,2025-09-22,2025-09
16389,F,2006,Bengaluru,Karnataka,South,Organic Search,2025-09-18,18-24,2025-09-19,2025-09
16390,M,1987,Kolkata,West Bengal,East,Email,2025-09-18,35-44,2025-09-26,2025-09
16391,F,1983,Kochi,Kerala,South,Organic Search,2025-09-18,35-44,2025-09-18,2025-09
16392,M,1988,Chennai,Tamil Nadu,South,Email,2025-09-18,35-44,2025-09-19,2025-09
16393,M,2000,Bengaluru,Karnataka,South,Affiliate,2025-09-18,25-34,,
16394,M,1998,Lucknow,Uttar Pradesh,North,Email,2025-09-18,25-34,2025-09-22,2025-09
16395,M,2006,Gurugram,Haryana,North,Paid Social,2025-09-19,18-24,,
16396,F,1985,Kolkata,West Bengal,East,Referral,2025-09-19,35-44,2025-09-20,2025-09
16397,F,1991,Kolkata,West Bengal,East,Organic Search,2025-09-19,25-34,,
16398,M,2002,Pune,Maharashtra,West,Affiliate,2025-09-19,18-24,,
16399,M,1985,Ahmedabad,Gujarat,West,Organic Search,2025-09-19,35-44,,
16400,M,2003,Delhi,Delhi,North,Paid Social,2025-09-19,18-24,2025-09-24,2025-09
16401,M,1994,Gurugram,Haryana,North,Paid Search,2025-09-19,25-34,2025-09-19,2025-09
16402,F,1987,Ahmedabad,Gujarat,West,Referral,2025-09-19,35-44,2025-09-19,2025-09
16403,M,1980,Gurugram,Haryana,North,Referral,2025-09-19,45+,2025-09-21,2025-09
16404,M,1998,Pune,Maharashtra,West,Paid Search,2025-09-19,25-34,2025-09-21,2025-09
16405,M,2005,Hyderabad,Telangana,South,Organic Search,2025-09-20,18-24,2025-10-07,2025-10
16406,M,1996,Hyderabad,Telangana,South,Referral,2025-09-20,25-34,2025-09-20,2025-09
16407,M,1997,Chennai,Tamil Nadu,South,Affiliate,2025-09-20,25-34,,
16408,M,1996,Lucknow,Uttar Pradesh,North,Organic Search,2025-09-20,25-34,,
16409,F,2001,Mumbai,Maharashtra,West,Referral,2025-09-20,18-24,2025-09-23,2025-09
16410,M,2003,Bengaluru,Karnataka,South,Paid Social,2025-09-20,18-24,2025-09-28,2025-09
16411,F,1970,Ahmedabad,Gujarat,West,Paid Search,2025-09-20,45+,2025-09-28,2025-09
16412,M,1991,Kolkata,West Bengal,East,Organic Search,2025-09-20,25-34,2025-09-24,2025-09
16413,F,1989,Jaipur,Rajasthan,North,Referral,2025-09-20,35-44,2025-09-21,2025-09
16414,M,1995,Delhi,Delhi,North,Organic Search,2025-09-20,25-34,2025-09-20,2025-09
16415,M,1990,Mumbai,Maharashtra,West,Email,2025-09-20,35-44,,
16416,F,1997,Pune,Maharashtra,West,Organic Search,2025-09-20,25-34,2025-09-24,2025-09
16417,F,1996,Mumbai,Maharashtra,West,Paid Social,2025-09-20,25-34,2025-09-20,2025-09
16418,M,1978,Chandigarh,Chandigarh,North,Paid Search,2025-09-20,45+,2025-09-21,2025-09
16419,F,1976,Lucknow,Uttar Pradesh,North,Paid Social,2025-09-20,45+,2025-09-20,2025-09
16420,F,2000,Mumbai,Maharashtra,West,Organic Search,2025-09-20,25-34,,
16421,M,1987,Bengaluru,Karnataka,South,Paid Search,2025-09-20,35-44,,
16422,M,2006,Gurugram,Haryana,North,Paid Social,2025-09-20,18-24,2025-09-24,2025-09
16423,F,2000,Chennai,Tamil Nadu,South,Paid Social,2025-09-20,25-34,2025-09-28,2025-09
16424,M,1979,Bengaluru,Karnataka,South,Paid Social,2025-09-20,45+,2025-09-24,2025-09
16425,M,1987,Delhi,Delhi,North,Organic Search,2025-09-20,35-44,2025-09-28,2025-09
16426,F,1995,Delhi,Delhi,North,Organic Search,2025-09-20,25-34,2025-09-20,2025-09
16427,F,1990,Delhi,Delhi,North,Organic Search,2025-09-20,35-44,2025-09-22,2025-09
16428,M,1992,Delhi,Delhi,North,Organic Search,2025-09-20,25-34,2025-09-28,2025-09
16429,F,1985,Bengaluru,Karnataka,South,Organic Search,2025-09-21,35-44,2025-09-30,2025-09
16430,M,1996,Kolkata,West Bengal,East,Organic Search,2025-09-21,25-34,2025-09-22,2025-09
16431,F,1994,Delhi,Delhi,North,Paid Social,2025-09-21,25-34,2025-09-22,2025-09
16432,M,2000,Jaipur,Rajasthan,North,Organic Search,2025-09-21,25-34,2025-09-27,2025-09
16433,M,1993,Chennai,Tamil Nadu,South,Paid Search,2025-09-21,25-34,2025-09-21,2025-09
16434,M,1988,Pune,Maharashtra,West,Referral,2025-09-21,35-44,2025-09-22,2025-09
16435,M,1995,Mumbai,Maharashtra,West,Referral,2025-09-21,25-34,2025-09-22,2025-09
16436,M,1996,Pune,Maharashtra,West,Paid Social,2025-09-21,25-34,,
16437,M,1994,Delhi,Delhi,North,Organic Search,2025-09-21,25-34,,
16438,M,2003,Noida,Uttar Pradesh,North,Paid Social,2025-09-21,18-24,2025-09-22,2025-09
16439,M,1985,Kolkata,West Bengal,East,Organic Search,2025-09-21,35-44,2025-09-21,2025-09
16440,F,2001,Bengaluru,Karnataka,South,Paid Social,2025-09-22,18-24,2025-09-25,2025-09
16441,M,1984,Jaipur,Rajasthan,North,Email,2025-09-22,35-44,2025-09-27,2025-09
16442,M,1999,Kolkata,West Bengal,East,Paid Social,2025-09-22,25-34,,
16443,M,1977,Mumbai,Maharashtra,West,Affiliate,2025-09-22,45+,,
16444,F,1991,Gurugram,Haryana,North,Organic Search,2025-09-22,25-34,2025-09-26,2025-09
16445,M,2001,Kolkata,West Bengal,East,Organic Search,2025-09-22,18-24,2025-09-26,2025-09
16446,M,1990,Bengaluru,Karnataka,South,Organic Search,2025-09-22,35-44,2025-09-30,2025-09
16447,M,1993,Hyderabad,Telangana,South,Organic Search,2025-09-22,25-34,2025-09-29,2025-09
16448,M,1996,Delhi,Delhi,North,Organic Search,2025-09-22,25-34,,
16449,M,1975,Jaipur,Rajasthan,North,Affiliate,2025-09-22,45+,2025-10-03,2025-10
16450,F,1996,Kolkata,West Bengal,East,Paid Search,2025-09-22,25-34,,
16451,M,1986,Gurugram,Haryana,North,Affiliate,2025-09-22,35-44,2025-09-22,2025-09
16452,M,2001,Chennai,Tamil Nadu,South,Email,2025-09-22,18-24,2025-09-25,2025-09
16453,M,1993,Hyderabad,Telangana,South,Referral,2025-09-22,25-34,2025-09-22,2025-09
16454,F,1995,Mumbai,Maharashtra,West,Email,2025-09-22,25-34,2025-10-03,2025-10
16455,F,1984,Chennai,Tamil Nadu,South,Organic Search,2025-09-22,35-44,2025-09-23,2025-09
16456,M,2000,Kochi,Kerala,South,Email,2025-09-23,25-34,2025-09-25,2025-09
16457,M,1993,Chennai,Tamil Nadu,South,Paid Social,2025-09-23,25-34,2025-09-27,2025-09
16458,F,1981,Mumbai,Maharashtra,West,Paid Social,2025-09-23,35-44,2025-09-23,2025-09
16459,F,1989,Ahmedabad,Gujarat,West,Paid Social,2025-09-23,35-44,2025-09-24,2025-09
16460,F,1998,Jaipur,Rajasthan,North,Email,2025-09-23,25-34,2025-09-25,2025-09
16461,F,1994,Delhi,Delhi,North,Affiliate,2025-09-23,25-34,,
16462,F,1999,Kochi,Kerala,South,Organic Search,2025-09-23,25-34,,
16463,M,1990,Kolkata,West Bengal,East,Organic Search,2025-09-23,35-44,2025-10-05,2025-10
16464,F,2003,Delhi,Delhi,North,Organic Search,2025-09-23,18-24,2025-10-06,2025-10
16465,F,2004,Bengaluru,Karnataka,South,Referral,2025-09-23,18-24,,
16466,M,1979,Kolkata,West Bengal,East,Organic Search,2025-09-23,45+,2025-09-24,2025-09
16467,M,1998,Indore,Madhya Pradesh,West,Paid Social,2025-09-23,25-34,,
16468,M,2005,Delhi,Delhi,North,Paid Search,2025-09-23,18-24,2025-09-26,2025-09
16469,F,1997,Delhi,Delhi,North,Email,2025-09-23,25-34,2025-09-29,2025-09
16470,F,1993,Pune,Maharashtra,West,Referral,2025-09-23,25-34,2025-09-28,2025-09
16471,M,1982,Kolkata,West Bengal,East,Paid Social,2025-09-24,35-44,,
16472,M,1991,Jaipur,Rajasthan,North,Paid Search,2025-09-24,25-34,2025-09-25,2025-09
16473,F,1989,Mumbai,Maharashtra,West,Referral,2025-09-24,35-44,2025-09-26,2025-09
16474,M,2000,Hyderabad,Telangana,South,Organic Search,2025-09-24,25-34,2025-09-27,2025-09
16475,F,2001,Hyderabad,Telangana,South,Paid Social,2025-09-24,18-24,2025-10-02,2025-10
16476,M,1992,Kolkata,West Bengal,East,Affiliate,2025-09-24,25-34,2025-10-01,2025-10
16477,M,1985,Chennai,Tamil Nadu,South,Paid Social,2025-09-24,35-44,,
16478,F,1976,Indore,Madhya Pradesh,West,Affiliate,2025-09-24,45+,2025-09-30,2025-09
16479,F,1998,Kolkata,West Bengal,East,Paid Search,2025-09-24,25-34,2025-09-25,2025-09
16480,M,1997,Indore,Madhya Pradesh,West,Paid Social,2025-09-24,25-34,2025-09-30,2025-09
16481,F,1976,Indore,Madhya Pradesh,West,Affiliate,2025-09-24,45+,2025-09-27,2025-09
16482,M,1997,Delhi,Delhi,North,Referral,2025-09-24,25-34,2025-09-30,2025-09
16483,F,2000,Mumbai,Maharashtra,West,Email,2025-09-24,25-34,2025-09-25,2025-09
16484,M,1971,Delhi,Delhi,North,Referral,2025-09-25,45+,2025-09-28,2025-09
16485,F,1985,Chennai,Tamil Nadu,South,Organic Search,2025-09-25,35-44,2025-09-27,2025-09
16486,M,2006,Delhi,Delhi,North,Organic Search,2025-09-25,18-24,2025-09-27,2025-09
16487,M,1994,Jaipur,Rajasthan,North,Referral,2025-09-25,25-34,2025-10-03,2025-10
16488,F,2006,Kolkata,West Bengal,East,Email,2025-09-25,18-24,2025-09-27,2025-09
16489,F,1995,Hyderabad,Telangana,South,Referral,2025-09-25,25-34,2025-09-26,2025-09
16490,F,2002,Hyderabad,Telangana,South,Paid Search,2025-09-25,18-24,,
16491,M,1991,Bengaluru,Karnataka,South,Paid Social,2025-09-25,25-34,2025-09-26,2025-09
16492,M,1988,Delhi,Delhi,North,Paid Social,2025-09-25,35-44,,
16493,M,1981,Jaipur,Rajasthan,North,Paid Search,2025-09-25,35-44,2025-09-25,2025-09
16494,M,1998,Hyderabad,Telangana,South,Paid Social,2025-09-25,25-34,2025-09-30,2025-09
16495,M,1987,Chennai,Tamil Nadu,South,Affiliate,2025-09-25,35-44,2025-10-01,2025-10
16496,M,1986,Mumbai,Maharashtra,West,Paid Social,2025-09-26,35-44,2025-09-30,2025-09
16497,F,1981,Lucknow,Uttar Pradesh,North,Organic Search,2025-09-26,35-44,2025-10-07,2025-10
16498,M,1994,Lucknow,Uttar Pradesh,North,Paid Social,2025-09-26,25-34,,
16499,F,1999,Ahmedabad,Gujarat,West,Organic Search,2025-09-26,25-34,2025-09-28,2025-09
16500,F,1992,Jaipur,Rajasthan,North,Paid Social,2025-09-26,25-34,,
16501,F,1991,Delhi,Delhi,North,Email,2025-09-26,25-34,2025-09-26,2025-09
16502,M,2006,Mumbai,Maharashtra,West,Paid Social,2025-09-26,18-24,,
16503,M,1981,Ahmedabad,Gujarat,West,Email,2025-09-26,35-44,2025-09-28,2025-09
16504,M,2006,Bengaluru,Karnataka,South,Referral,2025-09-26,18-24,2025-09-26,2025-09
16505,F,1983,Mumbai,Maharashtra,West,Paid Search,2025-09-26,35-44,2025-09-26,2025-09
16506,F,1993,Chandigarh,Chandigarh,North,Paid Social,2025-09-26,25-34,2025-10-01,2025-10
16507,F,1996,Jaipur,Rajasthan,North,Paid Social,2025-09-26,25-34,2025-09-28,2025-09
16508,F,2001,Bengaluru,Karnataka,South,Paid Search,2025-09-26,18-24,2025-09-28,2025-09
16509,M,1981,Jaipur,Rajasthan,North,Organic Search,2025-09-26,35-44,2025-09-29,2025-09
16510,F,1995,Kochi,Kerala,South,Paid Social,2025-09-26,25-34,2025-09-27,2025-09
16511,M,1989,Jaipur,Rajasthan,North,Organic Search,2025-09-26,35-44,2025-09-28,2025-09
16512,F,2001,Hyderabad,Telangana,South,Organic Search,2025-09-26,18-24,2025-09-27,2025-09
16513,F,1988,Chandigarh,Chandigarh,North,Paid Search,2025-09-26,35-44,2025-09-30,2025-09
16514,F,1978,Bengaluru,Karnataka,South,Affiliate,2025-09-26,45+,2025-09-26,2025-09
16515,F,1996,Bengaluru,Karnataka,South,Paid Search,2025-09-27,25-34,2025-09-30,2025-09
16516,M,1993,Gurugram,Haryana,North,Referral,2025-09-27,25-34,,
16517,M,2006,Mumbai,Maharashtra,West,Paid Search,2025-09-27,18-24,2025-10-01,2025-10
16518,M,2001,Delhi,Delhi,North,Organic Search,2025-09-27,18-24,2025-09-27,2025-09
16519,F,1986,Pune,Maharashtra,West,Organic Search,2025-09-27,35-44,,
16520,M,2001,Kochi,Kerala,South,Organic Search,2025-09-27,18-24,2025-10-08,2025-10
16521,F,1994,Indore,Madhya Pradesh,West,Paid Search,2025-09-27,25-34,2025-10-01,2025-10
16522,F,1999,Bengaluru,Karnataka,South,Paid Search,2025-09-27,25-34,2025-10-01,2025-10
16523,M,1987,Jaipur,Rajasthan,North,Paid Social,2025-09-27,35-44,2025-09-28,2025-09
16524,F,1990,Mumbai,Maharashtra,West,Organic Search,2025-09-27,35-44,,
16525,F,1999,Bengaluru,Karnataka,South,Paid Search,2025-09-27,25-34,2025-10-08,2025-10
16526,M,1999,Delhi,Delhi,North,Organic Search,2025-09-27,25-34,2025-10-03,2025-10
16527,M,1977,Delhi,Delhi,North,Email,2025-09-27,45+,,
16528,M,1998,Noida,Uttar Pradesh,North,Paid Search,2025-09-27,25-34,2025-09-30,2025-09
16529,M,1987,Lucknow,Uttar Pradesh,North,Paid Social,2025-09-27,35-44,,
16530,F,1995,Kolkata,West Bengal,East,Paid Social,2025-09-27,25-34,2025-10-04,2025-10
16531,F,1980,Gurugram,Haryana,North,Organic Search,2025-09-27,45+,2025-10-08,2025-10
16532,F,2001,Delhi,Delhi,North,Organic Search,2025-09-27,18-24,2025-10-01,2025-10
16533,M,1999,Delhi,Delhi,North,Paid Social,2025-09-27,25-34,2025-09-28,2025-09
16534,M,1987,Noida,Uttar Pradesh,North,Email,2025-09-27,35-44,2025-09-27,2025-09
16535,M,1997,Mumbai,Maharashtra,West,Email,2025-09-28,25-34,,
16536,M,1993,Noida,Uttar Pradesh,North,Paid Search,2025-09-28,25-34,2025-09-29,2025-09
16537,M,1998,Delhi,Delhi,North,Organic Search,2025-09-28,25-34,2025-09-29,2025-09
16538,F,1982,Delhi,Delhi,North,Paid Search,2025-09-28,35-44,2025-09-28,2025-09
16539,M,1984,Hyderabad,Telangana,South,Organic Search,2025-09-28,35-44,,
16540,F,1988,Pune,Maharashtra,West,Affiliate,2025-09-28,35-44,,
16541,F,1993,Bengaluru,Karnataka,South,Organic Search,2025-09-28,25-34,2025-09-30,2025-09
16542,M,2006,Gurugram,Haryana,North,Organic Search,2025-09-28,18-24,,
16543,F,1995,Jaipur,Rajasthan,North,Organic Search,2025-09-28,25-34,2025-10-01,2025-10
16544,M,2001,Kolkata,West Bengal,East,Email,2025-09-28,18-24,,
16545,F,1986,Delhi,Delhi,North,Paid Search,2025-09-29,35-44,2025-10-25,2025-10
16546,F,1989,Mumbai,Maharashtra,West,Organic Search,2025-09-29,35-44,2025-09-30,2025-09
16547,M,1988,Jaipur,Rajasthan,North,Paid Search,2025-09-29,35-44,2025-09-29,2025-09
16548,F,1992,Delhi,Delhi,North,Organic Search,2025-09-29,25-34,2025-10-03,2025-10
16549,F,1999,Ahmedabad,Gujarat,West,Organic Search,2025-09-29,25-34,2025-10-03,2025-10
16550,F,1991,Ahmedabad,Gujarat,West,Affiliate,2025-09-29,25-34,2025-10-02,2025-10
16551,M,1991,Chandigarh,Chandigarh,North,Paid Social,2025-09-29,25-34,2025-10-01,2025-10
16552,M,1998,Pune,Maharashtra,West,Paid Social,2025-09-29,25-34,,
16553,F,1989,Mumbai,Maharashtra,West,Paid Search,2025-09-29,35-44,2025-09-29,2025-09
16554,M,1987,Mumbai,Maharashtra,West,Paid Social,2025-09-29,35-44,2025-09-29,2025-09
16555,M,1991,Chennai,Tamil Nadu,South,Referral,2025-09-29,25-34,2025-10-06,2025-10
16556,M,2006,Bengaluru,Karnataka,South,Organic Search,2025-09-30,18-24,,
16557,M,2001,Jaipur,Rajasthan,North,Paid Social,2025-09-30,18-24,,
16558,M,2006,Lucknow,Uttar Pradesh,North,Paid Social,2025-09-30,18-24,2025-09-30,2025-09
16559,F,1983,Bengaluru,Karnataka,South,Paid Search,2025-09-30,35-44,,
16560,M,1997,Noida,Uttar Pradesh,North,Organic Search,2025-09-30,25-34,2025-10-12,2025-10
16561,M,1991,Kochi,Kerala,South,Email,2025-09-30,25-34,2025-10-01,2025-10
16562,F,1991,Chennai,Tamil Nadu,South,Affiliate,2025-09-30,25-34,2025-10-04,2025-10
16563,F,1981,Lucknow,Uttar Pradesh,North,Organic Search,2025-09-30,35-44,2025-10-01,2025-10
16564,M,2004,Hyderabad,Telangana,South,Organic Search,2025-09-30,18-24,2025-10-02,2025-10
16565,M,1981,Noida,Uttar Pradesh,North,Paid Social,2025-10-01,35-44,2025-10-02,2025-10
16566,F,2001,Delhi,Delhi,North,Referral,2025-10-01,18-24,2025-10-06,2025-10
16567,M,1990,Kolkata,West Bengal,East,Paid Social,2025-10-01,35-44,2025-10-06,2025-10
16568,F,1986,Hyderabad,Telangana,South,Affiliate,2025-10-01,35-44,,
16569,F,1986,Pune,Maharashtra,West,Email,2025-10-01,35-44,2025-10-11,2025-10
16570,F,1994,Chennai,Tamil Nadu,South,Organic Search,2025-10-01,25-34,2025-10-02,2025-10
16571,F,1991,Delhi,Delhi,North,Organic Search,2025-10-01,25-34,2025-10-04,2025-10
16572,M,1994,Bengaluru,Karnataka,South,Organic Search,2025-10-01,25-34,2025-10-01,2025-10
16573,M,1978,Kolkata,West Bengal,East,Email,2025-10-01,45+,,
16574,F,1977,Hyderabad,Telangana,South,Paid Social,2025-10-01,45+,2025-10-04,2025-10
16575,F,1979,Mumbai,Maharashtra,West,Affiliate,2025-10-01,45+,2025-10-01,2025-10
16576,F,2000,Mumbai,Maharashtra,West,Referral,2025-10-01,25-34,2025-10-03,2025-10
16577,M,2005,Chennai,Tamil Nadu,South,Referral,2025-10-01,18-24,2025-10-03,2025-10
16578,M,1991,Jaipur,Rajasthan,North,Organic Search,2025-10-01,25-34,2025-10-11,2025-10
16579,M,1999,Kolkata,West Bengal,East,Organic Search,2025-10-01,25-34,2025-10-01,2025-10
16580,M,1996,Chandigarh,Chandigarh,North,Affiliate,2025-10-01,25-34,,
16581,F,2003,Delhi,Delhi,North,Paid Social,2025-10-01,18-24,2025-10-04,2025-10
16582,F,2003,Lucknow,Uttar Pradesh,North,Affiliate,2025-10-01,18-24,,
16583,F,1984,Pune,Maharashtra,West,Paid Search,2025-10-02,35-44,,
16584,F,1995,Delhi,Delhi,North,Paid Social,2025-10-02,25-34,2025-10-10,2025-10
16585,F,2000,Mumbai,Maharashtra,West,Paid Social,2025-10-02,25-34,2025-10-06,2025-10
16586,F,2000,Kochi,Kerala,South,Organic Search,2025-10-02,25-34,2025-10-03,2025-10
16587,M,2000,Delhi,Delhi,North,Paid Social,2025-10-02,25-34,,
16588,F,1993,Indore,Madhya Pradesh,West,Affiliate,2025-10-02,25-34,2025-10-10,2025-10
16589,F,1999,Mumbai,Maharashtra,West,Paid Search,2025-10-02,25-34,2025-10-02,2025-10
16590,F,1982,Bengaluru,Karnataka,South,Paid Search,2025-10-02,35-44,2025-10-03,2025-10
16591,F,1983,Pune,Maharashtra,West,Paid Social,2025-10-02,35-44,2025-10-12,2025-10
16592,F,2006,Chennai,Tamil Nadu,South,Referral,2025-10-03,18-24,2025-10-03,2025-10
16593,F,2002,Mumbai,Maharashtra,West,Referral,2025-10-03,18-24,2025-10-04,2025-10
16594,M,2006,Pune,Maharashtra,West,Paid Search,2025-10-03,18-24,2025-10-03,2025-10
16595,F,1992,Delhi,Delhi,North,Paid Search,2025-10-03,25-34,2025-10-07,2025-10
16596,M,1986,Pune,Maharashtra,West,Paid Search,2025-10-03,35-44,2025-10-07,2025-10
16597,M,1992,Delhi,Delhi,North,Affiliate,2025-10-03,25-34,2025-10-07,2025-10
16598,M,2006,Ahmedabad,Gujarat,West,Affiliate,2025-10-03,18-24,2025-10-08,2025-10
16599,F,1987,Mumbai,Maharashtra,West,Paid Social,2025-10-03,35-44,2025-10-03,2025-10
16600,F,1992,Hyderabad,Telangana,South,Paid Search,2025-10-03,25-34,2025-10-03,2025-10
16601,F,2003,Mumbai,Maharashtra,West,Email,2025-10-03,18-24,2025-10-07,2025-10
16602,M,1994,Bengaluru,Karnataka,South,Organic Search,2025-10-03,25-34,2025-10-05,2025-10
16603,F,1990,Delhi,Delhi,North,Organic Search,2025-10-03,35-44,,
16604,F,2000,Bengaluru,Karnataka,South,Paid Search,2025-10-03,25-34,2025-10-03,2025-10
16605,M,1990,Kolkata,West Bengal,East,Paid Social,2025-10-04,35-44,2025-10-04,2025-10
16606,F,1997,Mumbai,Maharashtra,West,Organic Search,2025-10-04,25-34,2025-10-05,2025-10
16607,F,1974,Delhi,Delhi,North,Paid Search,2025-10-04,45+,2025-10-05,2025-10
16608,M,1979,Indore,Madhya Pradesh,West,Referral,2025-10-04,45+,2025-10-10,2025-10
16609,M,1992,Gurugram,Haryana,North,Paid Social,2025-10-04,25-34,2025-10-06,2025-10
16610,M,2004,Mumbai,Maharashtra,West,Organic Search,2025-10-04,18-24,2025-10-08,2025-10
16611,F,1992,Delhi,Delhi,North,Organic Search,2025-10-04,25-34,2025-10-06,2025-10
16612,F,1993,Mumbai,Maharashtra,West,Referral,2025-10-04,25-34,2025-10-05,2025-10
16613,F,1995,Chennai,Tamil Nadu,South,Organic Search,2025-10-04,25-34,2025-10-12,2025-10
16614,M,1990,Delhi,Delhi,North,Organic Search,2025-10-04,35-44,2025-10-09,2025-10
16615,M,1981,Pune,Maharashtra,West,Affiliate,2025-10-04,35-44,,
16616,M,1999,Lucknow,Uttar Pradesh,North,Paid Social,2025-10-04,25-34,2025-10-06,2025-10
16617,M,1996,Lucknow,Uttar Pradesh,North,Paid Search,2025-10-04,25-34,2025-10-09,2025-10
16618,M,1996,Bengaluru,Karnataka,South,Paid Social,2025-10-04,25-34,2025-10-04,2025-10
16619,F,1985,Bengaluru,Karnataka,South,Paid Social,2025-10-04,35-44,2025-10-08,2025-10
16620,F,2006,Chennai,Tamil Nadu,South,Paid Social,2025-10-04,18-24,,
16621,F,1990,Jaipur,Rajasthan,North,Paid Social,2025-10-04,35-44,2025-10-04,2025-10
16622,M,2005,Delhi,Delhi,North,Paid Social,2025-10-04,18-24,2025-10-04,2025-10
16623,M,1977,Mumbai,Maharashtra,West,Organic Search,2025-10-04,45+,2025-10-13,2025-10
16624,M,1990,Ahmedabad,Gujarat,West,Paid Search,2025-10-04,35-44,2025-10-05,2025-10
16625,F,2006,Bengaluru,Karnataka,South,Paid Search,2025-10-04,18-24,,
16626,F,1992,Hyderabad,Telangana,South,Referral,2025-10-05,25-34,2025-10-08,2025-10
16627,M,1974,Chennai,Tamil Nadu,South,Referral,2025-10-05,45+,,
16628,F,1986,Delhi,Delhi,North,Referral,2025-10-05,35-44,2025-10-09,2025-10
16629,M,1996,Kolkata,West Bengal,East,Paid Search,2025-10-05,25-34,2025-10-07,2025-10
16630,M,2005,Kolkata,West Bengal,East,Paid Social,2025-10-05,18-24,2025-10-07,2025-10
16631,F,1991,Delhi,Delhi,North,Paid Social,2025-10-05,25-34,,
16632,F,2002,Chandigarh,Chandigarh,North,Paid Search,2025-10-05,18-24,2025-10-11,2025-10
16633,F,1997,Hyderabad,Telangana,South,Affiliate,2025-10-05,25-34,2025-10-15,2025-10
16634,F,1990,Pune,Maharashtra,West,Paid Search,2025-10-05,35-44,2025-10-10,2025-10
16635,F,2000,Delhi,Delhi,North,Paid Social,2025-10-05,25-34,2025-10-09,2025-10
16636,F,2001,Mumbai,Maharashtra,West,Referral,2025-10-05,18-24,,
16637,F,1991,Ahmedabad,Gujarat,West,Referral,2025-10-05,25-34,2025-10-10,2025-10
16638,F,1988,Chennai,Tamil Nadu,South,Paid Social,2025-10-05,35-44,,
16639,F,1981,Hyderabad,Telangana,South,Paid Search,2025-10-05,35-44,2025-10-08,2025-10
16640,F,1997,Kolkata,West Bengal,East,Paid Social,2025-10-05,25-34,2025-10-11,2025-10
16641,F,1989,Mumbai,Maharashtra,West,Paid Search,2025-10-05,35-44,2025-10-07,2025-10
16642,M,1998,Hyderabad,Telangana,South,Paid Social,2025-10-05,25-34,,
16643,M,1996,Delhi,Delhi,North,Referral,2025-10-05,25-34,2025-10-11,2025-10
16644,F,1996,Pune,Maharashtra,West,Organic Search,2025-10-05,25-34,2025-10-11,2025-10
16645,M,1992,Kochi,Kerala,South,Paid Social,2025-10-05,25-34,,
16646,M,1983,Chennai,Tamil Nadu,South,Organic Search,2025-10-05,35-44,2025-10-06,2025-10
16647,M,1997,Bengaluru,Karnataka,South,Referral,2025-10-06,25-34,2025-10-07,2025-10
16648,F,2000,Gurugram,Haryana,North,Organic Search,2025-10-06,25-34,,
16649,M,2006,Gurugram,Haryana,North,Paid Social,2025-10-06,18-24,2025-10-10,2025-10
16650,M,1989,Bengaluru,Karnataka,South,Organic Search,2025-10-06,35-44,2025-10-10,2025-10
16651,M,1985,Chandigarh,Chandigarh,North,Paid Search,2025-10-06,35-44,2025-10-07,2025-10
16652,M,1984,Chandigarh,Chandigarh,North,Paid Social,2025-10-06,35-44,2025-10-09,2025-10
16653,M,1993,Chennai,Tamil Nadu,South,Paid Search,2025-10-06,25-34,2025-10-09,2025-10
16654,M,2000,Delhi,Delhi,North,Paid Social,2025-10-06,25-34,2025-10-12,2025-10
16655,M,2001,Mumbai,Maharashtra,West,Affiliate,2025-10-06,18-24,2025-10-10,2025-10
16656,F,2006,Lucknow,Uttar Pradesh,North,Organic Search,2025-10-06,18-24,2025-10-06,2025-10
16657,M,1997,Delhi,Delhi,North,Paid Search,2025-10-06,25-34,2025-10-10,2025-10
16658,M,1984,Noida,Uttar Pradesh,North,Paid Social,2025-10-06,35-44,2025-10-06,2025-10
16659,F,1995,Gurugram,Haryana,North,Referral,2025-10-06,25-34,2025-10-10,2025-10
16660,F,1977,Pune,Maharashtra,West,Paid Search,2025-10-06,45+,2025-10-19,2025-10
16661,M,1991,Mumbai,Maharashtra,West,Paid Search,2025-10-06,25-34,2025-10-07,2025-10
16662,F,1990,Pune,Maharashtra,West,Referral,2025-10-06,35-44,2025-10-10,2025-10
16663,M,1997,Chennai,Tamil Nadu,South,Paid Social,2025-10-06,25-34,2025-10-09,2025-10
16664,M,1997,Pune,Maharashtra,West,Email,2025-10-06,25-34,2025-10-08,2025-10
16665,M,1988,Bengaluru,Karnataka,South,Organic Search,2025-10-06,35-44,2025-10-06,2025-10
16666,M,1988,Bengaluru,Karnataka,South,Paid Search,2025-10-06,35-44,2025-10-16,2025-10
16667,M,1994,Pune,Maharashtra,West,Paid Social,2025-10-06,25-34,,
16668,M,1997,Jaipur,Rajasthan,North,Organic Search,2025-10-06,25-34,2025-10-09,2025-10
16669,F,1999,Kochi,Kerala,South,Paid Social,2025-10-06,25-34,2025-10-07,2025-10
16670,F,1990,Mumbai,Maharashtra,West,Organic Search,2025-10-07,35-44,,
16671,F,1993,Ahmedabad,Gujarat,West,Paid Social,2025-10-07,25-34,,
16672,F,1985,Ahmedabad,Gujarat,West,Affiliate,2025-10-07,35-44,,
16673,F,1985,Hyderabad,Telangana,South,Affiliate,2025-10-07,35-44,2025-10-09,2025-10
16674,F,1978,Pune,Maharashtra,West,Paid Search,2025-10-07,45+,2025-10-12,2025-10
16675,F,1988,Mumbai,Maharashtra,West,Organic Search,2025-10-07,35-44,2025-10-24,2025-10
16676,F,2004,Mumbai,Maharashtra,West,Email,2025-10-07,18-24,2025-10-14,2025-10
16677,M,2005,Hyderabad,Telangana,South,Paid Social,2025-10-07,18-24,2025-10-14,2025-10
16678,M,1998,Chandigarh,Chandigarh,North,Paid Social,2025-10-07,25-34,2025-10-17,2025-10
16679,F,2002,Kolkata,West Bengal,East,Referral,2025-10-07,18-24,2025-10-10,2025-10
16680,F,2000,Chennai,Tamil Nadu,South,Paid Search,2025-10-07,25-34,2025-10-07,2025-10
16681,F,1995,Delhi,Delhi,North,Paid Search,2025-10-07,25-34,2025-10-11,2025-10
16682,F,1974,Chandigarh,Chandigarh,North,Email,2025-10-07,45+,2025-10-10,2025-10
16683,M,2006,Kochi,Kerala,South,Paid Social,2025-10-07,18-24,2025-10-07,2025-10
16684,M,1992,Jaipur,Rajasthan,North,Referral,2025-10-07,25-34,2025-10-12,2025-10
16685,M,1992,Chandigarh,Chandigarh,North,Email,2025-10-07,25-34,2025-10-07,2025-10
16686,M,2005,Noida,Uttar Pradesh,North,Paid Search,2025-10-07,18-24,,
16687,F,1995,Delhi,Delhi,North,Email,2025-10-07,25-34,2025-10-08,2025-10
16688,M,2006,Pune,Maharashtra,West,Paid Search,2025-10-07,18-24,2025-10-10,2025-10
16689,M,1987,Hyderabad,Telangana,South,Affiliate,2025-10-07,35-44,2025-10-09,2025-10
16690,M,2002,Bengaluru,Karnataka,South,Paid Search,2025-10-07,18-24,2025-10-08,2025-10
16691,M,1992,Delhi,Delhi,North,Organic Search,2025-10-07,25-34,,
16692,M,1994,Pune,Maharashtra,West,Referral,2025-10-07,25-34,2025-10-10,2025-10
16693,F,1986,Chandigarh,Chandigarh,North,Affiliate,2025-10-07,35-44,2025-10-28,2025-10
16694,M,1988,Bengaluru,Karnataka,South,Referral,2025-10-07,35-44,,
16695,M,2004,Mumbai,Maharashtra,West,Referral,2025-10-07,18-24,2025-10-10,2025-10
16696,M,1998,Kolkata,West Bengal,East,Affiliate,2025-10-08,25-34,2025-10-11,2025-10
16697,F,1997,Hyderabad,Telangana,South,Paid Social,2025-10-08,25-34,2025-10-14,2025-10
16698,M,1980,Bengaluru,Karnataka,South,Email,2025-10-08,45+,2025-10-10,2025-10
16699,F,1981,Pune,Maharashtra,West,Organic Search,2025-10-08,35-44,2025-10-24,2025-10
16700,M,1986,Indore,Madhya Pradesh,West,Organic Search,2025-10-08,35-44,2025-10-10,2025-10
16701,F,1990,Mumbai,Maharashtra,West,Organic Search,2025-10-08,35-44,2025-10-08,2025-10
16702,F,1993,Hyderabad,Telangana,South,Affiliate,2025-10-08,25-34,,
16703,F,1996,Kochi,Kerala,South,Organic Search,2025-10-08,25-34,2025-10-14,2025-10
16704,M,2002,Kolkata,West Bengal,East,Paid Search,2025-10-08,18-24,2025-10-09,2025-10
16705,M,2005,Indore,Madhya Pradesh,West,Organic Search,2025-10-08,18-24,2025-10-08,2025-10
16706,M,1995,Bengaluru,Karnataka,South,Organic Search,2025-10-08,25-34,2025-10-10,2025-10
16707,M,1987,Mumbai,Maharashtra,West,Paid Social,2025-10-08,35-44,,
16708,M,1999,Delhi,Delhi,North,Organic Search,2025-10-08,25-34,2025-10-12,2025-10
16709,F,1995,Bengaluru,Karnataka,South,Email,2025-10-08,25-34,2025-10-10,2025-10
16710,M,1997,Kolkata,West Bengal,East,Email,2025-10-08,25-34,2025-10-08,2025-10
16711,F,2003,Chennai,Tamil Nadu,South,Paid Social,2025-10-08,18-24,2025-10-23,2025-10
16712,F,1990,Chennai,Tamil Nadu,South,Paid Search,2025-10-08,35-44,2025-10-10,2025-10
16713,M,2005,Mumbai,Maharashtra,West,Email,2025-10-09,18-24,2025-10-16,2025-10
16714,F,1982,Bengaluru,Karnataka,South,Paid Social,2025-10-09,35-44,2025-10-10,2025-10
16715,M,1999,Bengaluru,Karnataka,South,Organic Search,2025-10-09,25-34,,
16716,M,1988,Ahmedabad,Gujarat,West,Paid Search,2025-10-09,35-44,2025-10-17,2025-10
16717,F,1995,Gurugram,Haryana,North,Paid Search,2025-10-09,25-34,,
16718,F,1996,Ahmedabad,Gujarat,West,Paid Social,2025-10-09,25-34,2025-10-09,2025-10
16719,M,1991,Jaipur,Rajasthan,North,Paid Search,2025-10-09,25-34,2025-10-26,2025-10
16720,M,1988,Bengaluru,Karnataka,South,Referral,2025-10-09,35-44,,
16721,M,1987,Kolkata,West Bengal,East,Paid Social,2025-10-09,35-44,,
16722,M,1996,Bengaluru,Karnataka,South,Organic Search,2025-10-09,25-34,2025-10-11,2025-10
16723,M,1999,Lucknow,Uttar Pradesh,North,Paid Search,2025-10-09,25-34,2025-10-09,2025-10
16724,M,2006,Mumbai,Maharashtra,West,Referral,2025-10-09,18-24,2025-10-16,2025-10
16725,F,1991,Ahmedabad,Gujarat,West,Organic Search,2025-10-09,25-34,,
16726,M,1981,Bengaluru,Karnataka,South,Organic Search,2025-10-09,35-44,2025-10-13,2025-10
16727,M,1997,Gurugram,Haryana,North,Paid Social,2025-10-09,25-34,,
16728,M,1980,Pune,Maharashtra,West,Paid Search,2025-10-09,45+,2025-10-12,2025-10
16729,F,2006,Chennai,Tamil Nadu,South,Organic Search,2025-10-09,18-24,2025-10-10,2025-10
16730,M,2000,Delhi,Delhi,North,Paid Search,2025-10-09,25-34,2025-10-29,2025-10
16731,F,1985,Bengaluru,Karnataka,South,Paid Social,2025-10-09,35-44,,
16732,M,1981,Chennai,Tamil Nadu,South,Organic Search,2025-10-09,35-44,2025-10-10,2025-10
16733,F,1987,Hyderabad,Telangana,South,Referral,2025-10-09,35-44,,
16734,M,1998,Kolkata,West Bengal,East,Paid Social,2025-10-09,25-34,2025-10-12,2025-10
16735,F,1987,Hyderabad,Telangana,South,Organic Search,2025-10-09,35-44,2025-10-23,2025-10
16736,F,1999,Pune,Maharashtra,West,Email,2025-10-09,25-34,2025-10-10,2025-10
16737,F,2001,Pune,Maharashtra,West,Paid Social,2025-10-09,18-24,2025-10-09,2025-10
16738,F,1989,Delhi,Delhi,North,Affiliate,2025-10-09,35-44,2025-10-14,2025-10
16739,F,2001,Delhi,Delhi,North,Paid Search,2025-10-09,18-24,,
16740,F,2003,Bengaluru,Karnataka,South,Paid Search,2025-10-09,18-24,2025-10-11,2025-10
16741,M,1998,Jaipur,Rajasthan,North,Paid Social,2025-10-09,25-34,2025-10-13,2025-10
16742,M,1998,Jaipur,Rajasthan,North,Email,2025-10-09,25-34,2025-10-11,2025-10
16743,M,1989,Hyderabad,Telangana,South,Referral,2025-10-09,35-44,2025-10-09,2025-10
16744,F,2006,Delhi,Delhi,North,Paid Social,2025-10-09,18-24,2025-10-20,2025-10
16745,M,1986,Jaipur,Rajasthan,North,Referral,2025-10-09,35-44,2025-10-17,2025-10
16746,M,1990,Bengaluru,Karnataka,South,Organic Search,2025-10-09,35-44,2025-10-11,2025-10
16747,M,2001,Delhi,Delhi,North,Referral,2025-10-09,18-24,2025-10-14,2025-10
16748,M,1990,Pune,Maharashtra,West,Paid Social,2025-10-10,35-44,2025-10-12,2025-10
16749,M,1991,Delhi,Delhi,North,Organic Search,2025-10-10,25-34,2025-10-10,2025-10
16750,M,1983,Hyderabad,Telangana,South,Organic Search,2025-10-10,35-44,,
16751,M,1990,Bengaluru,Karnataka,South,Paid Search,2025-10-10,35-44,,
16752,F,2006,Indore,Madhya Pradesh,West,Organic Search,2025-10-10,18-24,2025-10-11,2025-10
16753,F,1991,Noida,Uttar Pradesh,North,Organic Search,2025-10-10,25-34,2025-10-15,2025-10
16754,M,2004,Bengaluru,Karnataka,South,Organic Search,2025-10-10,18-24,2025-10-14,2025-10
16755,M,1990,Jaipur,Rajasthan,North,Paid Social,2025-10-10,35-44,2025-10-11,2025-10
16756,M,1985,Ahmedabad,Gujarat,West,Paid Social,2025-10-10,35-44,2025-10-10,2025-10
16757,M,1987,Delhi,Delhi,North,Organic Search,2025-10-10,35-44,2025-10-14,2025-10
16758,M,1999,Delhi,Delhi,North,Paid Social,2025-10-10,25-34,2025-10-12,2025-10
16759,F,1976,Noida,Uttar Pradesh,North,Organic Search,2025-10-10,45+,,
16760,M,2006,Noida,Uttar Pradesh,North,Paid Social,2025-10-10,18-24,,
16761,M,1997,Delhi,Delhi,North,Affiliate,2025-10-10,25-34,2025-10-11,2025-10
16762,F,1991,Delhi,Delhi,North,Referral,2025-10-10,25-34,2025-10-10,2025-10
16763,M,1987,Chennai,Tamil Nadu,South,Paid Social,2025-10-10,35-44,,
16764,M,1989,Ahmedabad,Gujarat,West,Paid Social,2025-10-10,35-44,2025-10-10,2025-10
16765,M,2003,Bengaluru,Karnataka,South,Organic Search,2025-10-10,18-24,2025-10-12,2025-10
16766,M,1981,Jaipur,Rajasthan,North,Paid Search,2025-10-10,35-44,2025-10-13,2025-10
16767,M,1993,Delhi,Delhi,North,Paid Search,2025-10-11,25-34,2025-10-13,2025-10
16768,M,2003,Kolkata,West Bengal,East,Paid Search,2025-10-11,18-24,2025-10-16,2025-10
16769,M,1977,Delhi,Delhi,North,Affiliate,2025-10-11,45+,,
16770,F,1988,Hyderabad,Telangana,South,Referral,2025-10-11,35-44,2025-10-22,2025-10
16771,M,1981,Bengaluru,Karnataka,South,Paid Social,2025-10-11,35-44,2025-10-12,2025-10
16772,M,1983,Mumbai,Maharashtra,West,Paid Social,2025-10-11,35-44,2025-10-13,2025-10
16773,F,1995,Bengaluru,Karnataka,South,Referral,2025-10-11,25-34,2025-10-19,2025-10
16774,M,1999,Hyderabad,Telangana,South,Paid Search,2025-10-11,25-34,2025-10-12,2025-10
16775,M,1990,Chennai,Tamil Nadu,South,Email,2025-10-12,35-44,2025-10-12,2025-10
16776,F,1982,Ahmedabad,Gujarat,West,Paid Social,2025-10-12,35-44,2025-10-15,2025-10
16777,M,1987,Noida,Uttar Pradesh,North,Referral,2025-10-12,35-44,2025-10-14,2025-10
16778,M,1997,Ahmedabad,Gujarat,West,Organic Search,2025-10-12,25-34,2025-10-16,2025-10
16779,F,1993,Delhi,Delhi,North,Paid Social,2025-10-12,25-34,2025-10-12,2025-10
16780,M,1984,Mumbai,Maharashtra,West,Paid Search,2025-10-12,35-44,2025-10-15,2025-10
16781,F,1990,Indore,Madhya Pradesh,West,Organic Search,2025-10-12,35-44,2025-10-12,2025-10
16782,F,2000,Lucknow,Uttar Pradesh,North,Paid Social,2025-10-12,25-34,,
16783,F,1995,Chennai,Tamil Nadu,South,Affiliate,2025-10-12,25-34,2025-10-13,2025-10
16784,M,1985,Kolkata,West Bengal,East,Referral,2025-10-12,35-44,2025-10-15,2025-10
16785,M,1996,Delhi,Delhi,North,Organic Search,2025-10-12,25-34,2025-10-14,2025-10
16786,M,1989,Noida,Uttar Pradesh,North,Organic Search,2025-10-12,35-44,2025-10-12,2025-10
16787,F,1988,Pune,Maharashtra,West,Paid Search,2025-10-12,35-44,2025-10-15,2025-10
16788,F,1995,Delhi,Delhi,North,Organic Search,2025-10-12,25-34,2025-10-13,2025-10
16789,F,1985,Delhi,Delhi,North,Organic Search,2025-10-12,35-44,2025-10-19,2025-10
16790,F,1990,Kochi,Kerala,South,Organic Search,2025-10-12,35-44,2025-10-12,2025-10
16791,M,2002,Delhi,Delhi,North,Paid Search,2025-10-12,18-24,2025-10-16,2025-10
16792,M,2006,Lucknow,Uttar Pradesh,North,Organic Search,2025-10-12,18-24,2025-10-17,2025-10
16793,M,1980,Mumbai,Maharashtra,West,Organic Search,2025-10-12,45+,2025-10-12,2025-10
16794,F,1986,Delhi,Delhi,North,Email,2025-10-12,35-44,2025-10-13,2025-10
16795,F,2003,Hyderabad,Telangana,South,Affiliate,2025-10-12,18-24,2025-10-21,2025-10
16796,M,1983,Chennai,Tamil Nadu,South,Referral,2025-10-13,35-44,2025-10-13,2025-10
16797,M,1992,Mumbai,Maharashtra,West,Organic Search,2025-10-13,25-34,,
16798,F,2006,Noida,Uttar Pradesh,North,Organic Search,2025-10-13,18-24,2025-10-16,2025-10
16799,M,1988,Chennai,Tamil Nadu,South,Paid Social,2025-10-13,35-44,2025-10-13,2025-10
16800,M,1991,Bengaluru,Karnataka,South,Referral,2025-10-13,25-34,2025-10-15,2025-10
16801,M,1983,Pune,Maharashtra,West,Paid Social,2025-10-13,35-44,,
16802,M,1999,Mumbai,Maharashtra,West,Referral,2025-10-13,25-34,2025-10-26,2025-10
16803,F,1979,Pune,Maharashtra,West,Paid Social,2025-10-13,45+,,
16804,M,1988,Lucknow,Uttar Pradesh,North,Affiliate,2025-10-13,35-44,2025-10-13,2025-10
16805,M,1983,Mumbai,Maharashtra,West,Referral,2025-10-13,35-44,2025-10-14,2025-10
16806,M,1991,Bengaluru,Karnataka,South,Organic Search,2025-10-13,25-34,2025-10-14,2025-10
16807,F,2006,Mumbai,Maharashtra,West,Paid Search,2025-10-13,18-24,2025-10-26,2025-10
16808,F,1997,Bengaluru,Karnataka,South,Paid Social,2025-10-13,25-34,2025-10-18,2025-10
16809,M,1995,Bengaluru,Karnataka,South,Organic Search,2025-10-13,25-34,2025-10-14,2025-10
16810,F,1996,Hyderabad,Telangana,South,Paid Search,2025-10-13,25-34,2025-10-31,2025-10
16811,M,1993,Ahmedabad,Gujarat,West,Paid Social,2025-10-14,25-34,,
16812,M,2004,Gurugram,Haryana,North,Paid Social,2025-10-14,18-24,2025-10-14,2025-10
16813,F,2000,Bengaluru,Karnataka,South,Email,2025-10-14,25-34,2025-10-20,2025-10
16814,F,1983,Hyderabad,Telangana,South,Organic Search,2025-10-14,35-44,2025-10-14,2025-10
16815,M,2001,Delhi,Delhi,North,Affiliate,2025-10-14,18-24,,
16816,M,1995,Chennai,Tamil Nadu,South,Paid Search,2025-10-14,25-34,2025-10-18,2025-10
16817,M,1997,Kolkata,West Bengal,East,Affiliate,2025-10-14,25-34,,
16818,M,1977,Bengaluru,Karnataka,South,Organic Search,2025-10-14,45+,2025-10-22,2025-10
16819,M,1994,Delhi,Delhi,North,Paid Social,2025-10-14,25-34,,
16820,F,1992,Bengaluru,Karnataka,South,Affiliate,2025-10-14,25-34,,
16821,F,1988,Mumbai,Maharashtra,West,Organic Search,2025-10-14,35-44,2025-10-15,2025-10
16822,M,2002,Jaipur,Rajasthan,North,Email,2025-10-14,18-24,2025-10-17,2025-10
16823,F,1980,Delhi,Delhi,North,Paid Social,2025-10-14,45+,,
16824,F,2006,Bengaluru,Karnataka,South,Paid Search,2025-10-14,18-24,2025-10-15,2025-10
16825,F,1985,Ahmedabad,Gujarat,West,Paid Social,2025-10-15,35-44,2025-10-16,2025-10
16826,M,1997,Mumbai,Maharashtra,West,Organic Search,2025-10-15,25-34,2025-11-01,2025-11
16827,M,1995,Mumbai,Maharashtra,West,Paid Social,2025-10-15,25-34,2025-10-19,2025-10
16828,M,2003,Mumbai,Maharashtra,West,Organic Search,2025-10-15,18-24,2025-10-15,2025-10
16829,M,2006,Mumbai,Maharashtra,West,Paid Social,2025-10-15,18-24,2025-10-18,2025-10
16830,F,1990,Pune,Maharashtra,West,Paid Social,2025-10-15,35-44,2025-10-25,2025-10
16831,F,1995,Delhi,Delhi,North,Organic Search,2025-10-15,25-34,,
16832,F,1990,Mumbai,Maharashtra,West,Organic Search,2025-10-15,35-44,2025-10-19,2025-10
16833,M,1986,Delhi,Delhi,North,Paid Social,2025-10-15,35-44,,
16834,M,1994,Hyderabad,Telangana,South,Organic Search,2025-10-15,25-34,2025-10-17,2025-10
16835,F,1993,Pune,Maharashtra,West,Paid Social,2025-10-15,25-34,2025-10-21,2025-10
16836,F,1994,Hyderabad,Telangana,South,Affiliate,2025-10-15,25-34,2025-10-18,2025-10
16837,M,1990,Mumbai,Maharashtra,West,Organic Search,2025-10-15,35-44,2025-10-15,2025-10
16838,F,1996,Gurugram,Haryana,North,Paid Search,2025-10-15,25-34,,
16839,M,2000,Jaipur,Rajasthan,North,Affiliate,2025-10-15,25-34,,
16840,M,1984,Lucknow,Uttar Pradesh,North,Affiliate,2025-10-15,35-44,2025-10-15,2025-10
16841,M,1998,Mumbai,Maharashtra,West,Organic Search,2025-10-15,25-34,2025-10-15,2025-10
16842,F,2006,Hyderabad,Telangana,South,Referral,2025-10-15,18-24,2025-10-18,2025-10
16843,M,1983,Delhi,Delhi,North,Organic Search,2025-10-15,35-44,2025-10-28,2025-10
16844,M,1995,Mumbai,Maharashtra,West,Referral,2025-10-15,25-34,2025-10-15,2025-10
16845,M,1997,Delhi,Delhi,North,Paid Search,2025-10-15,25-34,2025-10-20,2025-10
16846,M,2000,Mumbai,Maharashtra,West,Organic Search,2025-10-16,25-34,2025-10-17,2025-10
16847,F,2001,Ahmedabad,Gujarat,West,Paid Search,2025-10-16,18-24,2025-10-17,2025-10
16848,F,2003,Delhi,Delhi,North,Organic Search,2025-10-16,18-24,2025-10-22,2025-10
16849,M,1995,Delhi,Delhi,North,Paid Search,2025-10-16,25-34,2025-10-17,2025-10
16850,F,1986,Bengaluru,Karnataka,South,Paid Search,2025-10-16,35-44,2025-10-22,2025-10
16851,M,1991,Mumbai,Maharashtra,West,Affiliate,2025-10-16,25-34,2025-10-23,2025-10
16852,F,2005,Mumbai,Maharashtra,West,Paid Social,2025-10-16,18-24,2025-10-17,2025-10
16853,M,1986,Bengaluru,Karnataka,South,Paid Social,2025-10-16,35-44,2025-10-17,2025-10
16854,M,1998,Delhi,Delhi,North,Organic Search,2025-10-16,25-34,2025-10-18,2025-10
16855,M,2000,Chennai,Tamil Nadu,South,Affiliate,2025-10-16,25-34,,
16856,M,1998,Hyderabad,Telangana,South,Paid Social,2025-10-16,25-34,2025-10-22,2025-10
16857,M,2001,Mumbai,Maharashtra,West,Organic Search,2025-10-17,18-24,2025-10-26,2025-10
16858,M,1993,Mumbai,Maharashtra,West,Paid Social,2025-10-17,25-34,2025-10-25,2025-10
16859,F,1993,Mumbai,Maharashtra,West,Paid Search,2025-10-17,25-34,,
16860,M,2006,Hyderabad,Telangana,South,Paid Search,2025-10-17,18-24,2025-10-21,2025-10
16861,M,2006,Delhi,Delhi,North,Paid Search,2025-10-17,18-24,2025-10-19,2025-10
16862,F,2005,Bengaluru,Karnataka,South,Paid Search,2025-10-17,18-24,2025-10-19,2025-10
16863,F,1998,Jaipur,Rajasthan,North,Paid Search,2025-10-17,25-34,2025-10-25,2025-10
16864,M,1989,Hyderabad,Telangana,South,Referral,2025-10-17,35-44,2025-10-20,2025-10
16865,F,1995,Kolkata,West Bengal,East,Organic Search,2025-10-17,25-34,2025-10-17,2025-10
16866,F,1992,Jaipur,Rajasthan,North,Organic Search,2025-10-17,25-34,2025-10-22,2025-10
16867,F,2002,Mumbai,Maharashtra,West,Organic Search,2025-10-17,18-24,2025-10-17,2025-10
16868,M,1997,Ahmedabad,Gujarat,West,Paid Search,2025-10-17,25-34,,
16869,F,1998,Ahmedabad,Gujarat,West,Organic Search,2025-10-17,25-34,,
16870,F,1993,Gurugram,Haryana,North,Organic Search,2025-10-17,25-34,2025-10-19,2025-10
16871,F,1974,Ahmedabad,Gujarat,West,Paid Search,2025-10-17,45+,2025-10-18,2025-10
16872,M,2004,Bengaluru,Karnataka,South,Affiliate,2025-10-17,18-24,2025-10-19,2025-10
16873,F,1993,Kolkata,West Bengal,East,Organic Search,2025-10-17,25-34,2025-10-17,2025-10
16874,F,2001,Bengaluru,Karnataka,South,Organic Search,2025-10-17,18-24,2025-10-17,2025-10
16875,M,1991,Indore,Madhya Pradesh,West,Paid Social,2025-10-17,25-34,,
16876,M,2006,Lucknow,Uttar Pradesh,North,Paid Social,2025-10-17,18-24,2025-10-18,2025-10
16877,F,1989,Delhi,Delhi,North,Organic Search,2025-10-17,35-44,,
16878,M,1993,Bengaluru,Karnataka,South,Email,2025-10-17,25-34,2025-10-19,2025-10
16879,M,1994,Bengaluru,Karnataka,South,Paid Social,2025-10-17,25-34,2025-10-20,2025-10
16880,M,1981,Chennai,Tamil Nadu,South,Paid Social,2025-10-17,35-44,2025-10-19,2025-10
16881,F,1997,Mumbai,Maharashtra,West,Paid Social,2025-10-17,25-34,,
16882,F,2000,Gurugram,Haryana,North,Referral,2025-10-17,25-34,2025-10-17,2025-10
16883,M,1997,Noida,Uttar Pradesh,North,Organic Search,2025-10-17,25-34,2025-10-17,2025-10
16884,F,2006,Pune,Maharashtra,West,Affiliate,2025-10-17,18-24,,
16885,M,1986,Chandigarh,Chandigarh,North,Organic Search,2025-10-17,35-44,2025-10-24,2025-10
16886,F,1980,Gurugram,Haryana,North,Paid Search,2025-10-17,45+,2025-10-17,2025-10
16887,M,1984,Delhi,Delhi,North,Organic Search,2025-10-17,35-44,,
16888,F,1994,Mumbai,Maharashtra,West,Paid Social,2025-10-17,25-34,2025-10-18,2025-10
16889,M,2003,Chandigarh,Chandigarh,North,Referral,2025-10-17,18-24,2025-10-22,2025-10
16890,F,1995,Kolkata,West Bengal,East,Paid Social,2025-10-18,25-34,2025-10-24,2025-10
16891,M,1990,Chennai,Tamil Nadu,South,Organic Search,2025-10-18,35-44,2025-10-20,2025-10
16892,F,2005,Gurugram,Haryana,North,Referral,2025-10-18,18-24,2025-10-19,2025-10
16893,F,1993,Hyderabad,Telangana,South,Affiliate,2025-10-18,25-34,,
16894,F,1983,Pune,Maharashtra,West,Organic Search,2025-10-18,35-44,,
16895,M,2001,Kochi,Kerala,South,Organic Search,2025-10-18,18-24,2025-10-18,2025-10
16896,M,1999,Indore,Madhya Pradesh,West,Paid Social,2025-10-18,25-34,,
16897,F,1995,Noida,Uttar Pradesh,North,Referral,2025-10-18,25-34,,
16898,F,2006,Noida,Uttar Pradesh,North,Organic Search,2025-10-18,18-24,2025-10-22,2025-10
16899,M,1993,Kolkata,West Bengal,East,Organic Search,2025-10-18,25-34,2025-11-07,2025-11
16900,F,1996,Kochi,Kerala,South,Paid Social,2025-10-18,25-34,,
16901,F,1986,Pune,Maharashtra,West,Referral,2025-10-18,35-44,2025-10-20,2025-10
16902,F,1988,Ahmedabad,Gujarat,West,Paid Search,2025-10-18,35-44,,
16903,F,1990,Ahmedabad,Gujarat,West,Paid Social,2025-10-18,35-44,,
16904,M,1999,Hyderabad,Telangana,South,Referral,2025-10-19,25-34,,
16905,M,1988,Pune,Maharashtra,West,Organic Search,2025-10-19,35-44,2025-10-19,2025-10
16906,F,1993,Delhi,Delhi,North,Paid Search,2025-10-19,25-34,2025-10-24,2025-10
16907,M,1992,Chandigarh,Chandigarh,North,Paid Search,2025-10-19,25-34,2025-10-26,2025-10
16908,M,1993,Ahmedabad,Gujarat,West,Referral,2025-10-19,25-34,2025-10-27,2025-10
16909,F,1987,Mumbai,Maharashtra,West,Paid Social,2025-10-19,35-44,,
16910,F,1992,Hyderabad,Telangana,South,Referral,2025-10-19,25-34,2025-10-23,2025-10
16911,F,1984,Kolkata,West Bengal,East,Paid Social,2025-10-19,35-44,2025-10-19,2025-10
16912,F,1993,Lucknow,Uttar Pradesh,North,Organic Search,2025-10-19,25-34,2025-10-26,2025-10
16913,F,1993,Chennai,Tamil Nadu,South,Paid Search,2025-10-19,25-34,2025-10-27,2025-10
16914,F,1994,Bengaluru,Karnataka,South,Paid Search,2025-10-19,25-34,2025-10-19,2025-10
16915,F,1998,Ahmedabad,Gujarat,West,Paid Social,2025-10-19,25-34,,
16916,M,2006,Delhi,Delhi,North,Affiliate,2025-10-19,18-24,2025-10-20,2025-10
16917,F,1980,Mumbai,Maharashtra,West,Paid Search,2025-10-19,45+,2025-10-23,2025-10
16918,M,1991,Kolkata,West Bengal,East,Paid Social,2025-10-19,25-34,2025-10-26,2025-10
16919,M,1986,Bengaluru,Karnataka,South,Organic Search,2025-10-19,35-44,2025-10-19,2025-10
16920,M,1996,Indore,Madhya Pradesh,West,Paid Social,2025-10-19,25-34,,
16921,F,1999,Delhi,Delhi,North,Referral,2025-10-19,25-34,2025-10-27,2025-10
16922,F,1984,Chandigarh,Chandigarh,North,Referral,2025-10-19,35-44,2025-10-27,2025-10
16923,F,1996,Pune,Maharashtra,West,Affiliate,2025-10-19,25-34,2025-10-20,2025-10
16924,F,2000,Bengaluru,Karnataka,South,Affiliate,2025-10-19,25-34,2025-10-30,2025-10
16925,F,1997,Chennai,Tamil Nadu,South,Paid Social,2025-10-19,25-34,,
16926,F,1991,Mumbai,Maharashtra,West,Email,2025-10-19,25-34,2025-11-08,2025-11
16927,M,1999,Jaipur,Rajasthan,North,Referral,2025-10-20,25-34,2025-10-22,2025-10
16928,M,1991,Jaipur,Rajasthan,North,Paid Social,2025-10-20,25-34,2025-10-21,2025-10
16929,F,2001,Delhi,Delhi,North,Organic Search,2025-10-20,18-24,2025-10-27,2025-10
16930,M,1996,Gurugram,Haryana,North,Affiliate,2025-10-20,25-34,,
16931,F,1992,Jaipur,Rajasthan,North,Affiliate,2025-10-20,25-34,,
16932,M,1983,Hyderabad,Telangana,South,Paid Social,2025-10-20,35-44,,
16933,M,1994,Mumbai,Maharashtra,West,Paid Search,2025-10-20,25-34,,
16934,F,1985,Chennai,Tamil Nadu,South,Organic Search,2025-10-20,35-44,2025-11-03,2025-11
16935,F,1985,Kolkata,West Bengal,East,Organic Search,2025-10-20,35-44,2025-10-20,2025-10
16936,M,1991,Delhi,Delhi,North,Referral,2025-10-20,25-34,2025-10-30,2025-10
16937,F,1993,Bengaluru,Karnataka,South,Paid Search,2025-10-20,25-34,2025-10-23,2025-10
16938,F,1984,Delhi,Delhi,North,Paid Social,2025-10-20,35-44,2025-10-27,2025-10
16939,F,1992,Delhi,Delhi,North,Paid Search,2025-10-20,25-34,,
16940,M,1992,Jaipur,Rajasthan,North,Paid Social,2025-10-20,25-34,2025-10-23,2025-10
16941,F,1989,Delhi,Delhi,North,Referral,2025-10-20,35-44,2025-10-20,2025-10
16942,F,1991,Bengaluru,Karnataka,South,Email,2025-10-20,25-34,2025-10-20,2025-10
16943,F,1999,Bengaluru,Karnataka,South,Paid Social,2025-10-20,25-34,,
16944,F,1990,Bengaluru,Karnataka,South,Paid Search,2025-10-20,35-44,2025-10-23,2025-10
16945,F,1998,Ahmedabad,Gujarat,West,Organic Search,2025-10-20,25-34,2025-10-25,2025-10
16946,F,1993,Hyderabad,Telangana,South,Email,2025-10-20,25-34,,
16947,M,2002,Hyderabad,Telangana,South,Email,2025-10-20,18-24,,
16948,F,2000,Chennai,Tamil Nadu,South,Paid Search,2025-10-21,25-34,2025-10-25,2025-10
16949,M,1992,Bengaluru,Karnataka,South,Organic Search,2025-10-21,25-34,2025-10-26,2025-10
16950,F,1988,Mumbai,Maharashtra,West,Paid Social,2025-10-21,35-44,2025-10-25,2025-10
16951,F,1997,Pune,Maharashtra,West,Referral,2025-10-21,25-34,2025-10-24,2025-10
16952,F,1989,Pune,Maharashtra,West,Referral,2025-10-21,35-44,2025-10-28,2025-10
16953,M,1981,Delhi,Delhi,North,Organic Search,2025-10-21,35-44,2025-10-23,2025-10
16954,F,1999,Hyderabad,Telangana,South,Affiliate,2025-10-21,25-34,2025-10-26,2025-10
16955,F,1989,Kochi,Kerala,South,Paid Social,2025-10-21,35-44,,
16956,M,1977,Kolkata,West Bengal,East,Paid Social,2025-10-21,45+,,
16957,F,1993,Lucknow,Uttar Pradesh,North,Organic Search,2025-10-21,25-34,2025-10-27,2025-10
16958,M,2001,Delhi,Delhi,North,Organic Search,2025-10-21,18-24,2025-10-21,2025-10
16959,F,1989,Delhi,Delhi,North,Organic Search,2025-10-21,35-44,2025-10-21,2025-10
16960,F,1991,Hyderabad,Telangana,South,Paid Search,2025-10-21,25-34,2025-10-27,2025-10
16961,M,1997,Bengaluru,Karnataka,South,Affiliate,2025-10-22,25-34,2025-10-23,2025-10
16962,F,1990,Hyderabad,Telangana,South,Referral,2025-10-22,35-44,2025-10-25,2025-10
16963,F,1993,Kochi,Kerala,South,Affiliate,2025-10-22,25-34,2025-10-24,2025-10
16964,M,2001,Noida,Uttar Pradesh,North,Paid Social,2025-10-22,18-24,,
16965,M,1999,Mumbai,Maharashtra,West,Organic Search,2025-10-22,25-34,2025-10-23,2025-10
16966,F,1995,Hyderabad,Telangana,South,Paid Social,2025-10-22,25-34,2025-10-24,2025-10
16967,M,1980,Lucknow,Uttar Pradesh,North,Paid Social,2025-10-22,45+,2025-10-24,2025-10
16968,F,1998,Pune,Maharashtra,West,Email,2025-10-22,25-34,2025-10-23,2025-10
16969,F,1990,Mumbai,Maharashtra,West,Paid Social,2025-10-22,35-44,2025-10-23,2025-10
16970,F,1997,Indore,Madhya Pradesh,West,Organic Search,2025-10-22,25-34,,
16971,M,1981,Kolkata,West Bengal,East,Referral,2025-10-22,35-44,2025-10-22,2025-10
16972,F,2001,Delhi,Delhi,North,Referral,2025-10-22,18-24,2025-10-30,2025-10
16973,M,1987,Pune,Maharashtra,West,Paid Social,2025-10-23,35-44,2025-10-23,2025-10
16974,F,1997,Kolkata,West Bengal,East,Organic Search,2025-10-23,25-34,2025-11-09,2025-11
16975,M,2001,Mumbai,Maharashtra,West,Paid Search,2025-10-23,18-24,,
16976,M,1997,Bengaluru,Karnataka,South,Referral,2025-10-23,25-34,2025-10-25,2025-10
16977,F,1997,Kochi,Kerala,South,Paid Search,2025-10-23,25-34,2025-10-25,2025-10
16978,F,1994,Lucknow,Uttar Pradesh,North,Referral,2025-10-23,25-34,2025-10-29,2025-10
16979,F,1984,Delhi,Delhi,North,Organic Search,2025-10-23,35-44,2025-10-26,2025-10
16980,F,2004,Delhi,Delhi,North,Paid Search,2025-10-23,18-24,,
16981,F,2002,Delhi,Delhi,North,Paid Search,2025-10-23,18-24,2025-10-24,2025-10
16982,F,1990,Mumbai,Maharashtra,West,Organic Search,2025-10-23,35-44,2025-10-23,2025-10
16983,F,1966,Delhi,Delhi,North,Paid Search,2025-10-23,45+,2025-10-24,2025-10
16984,M,2002,Mumbai,Maharashtra,West,Referral,2025-10-23,18-24,2025-10-23,2025-10
16985,M,1979,Hyderabad,Telangana,South,Paid Search,2025-10-23,45+,2025-10-28,2025-10
16986,M,1998,Jaipur,Rajasthan,North,Paid Search,2025-10-23,25-34,2025-10-24,2025-10
16987,F,1988,Pune,Maharashtra,West,Paid Social,2025-10-23,35-44,,
16988,F,1997,Delhi,Delhi,North,Paid Social,2025-10-23,25-34,2025-10-23,2025-10
16989,F,1985,Bengaluru,Karnataka,South,Paid Search,2025-10-23,35-44,2025-10-23,2025-10
16990,F,1994,Chandigarh,Chandigarh,North,Referral,2025-10-23,25-34,2025-10-25,2025-10
16991,F,1980,Delhi,Delhi,North,Paid Search,2025-10-23,45+,2025-10-27,2025-10
16992,F,1994,Kolkata,West Bengal,East,Paid Social,2025-10-23,25-34,,
16993,M,1993,Hyderabad,Telangana,South,Organic Search,2025-10-23,25-34,2025-10-25,2025-10
16994,F,1999,Bengaluru,Karnataka,South,Paid Search,2025-10-23,25-34,2025-10-25,2025-10
16995,M,1990,Bengaluru,Karnataka,South,Organic Search,2025-10-23,35-44,2025-10-27,2025-10
16996,M,1996,Mumbai,Maharashtra,West,Email,2025-10-23,25-34,,
16997,M,1990,Jaipur,Rajasthan,North,Organic Search,2025-10-23,35-44,,
16998,F,1997,Pune,Maharashtra,West,Paid Social,2025-10-23,25-34,,
16999,M,1997,Hyderabad,Telangana,South,Referral,2025-10-24,25-34,2025-10-29,2025-10
17000,F,2001,Kolkata,West Bengal,East,Paid Search,2025-10-24,18-24,,
17001,M,1984,Indore,Madhya Pradesh,West,Organic Search,2025-10-24,35-44,2025-10-27,2025-10
17002,F,1993,Mumbai,Maharashtra,West,Organic Search,2025-10-24,25-34,2025-11-03,2025-11
17003,M,1996,Bengaluru,Karnataka,South,Organic Search,2025-10-24,25-34,2025-10-24,2025-10
17004,M,2006,Bengaluru,Karnataka,South,Email,2025-10-24,18-24,2025-10-24,2025-10
17005,M,2006,Lucknow,Uttar Pradesh,North,Organic Search,2025-10-24,18-24,2025-10-29,2025-10
17006,M,1983,Mumbai,Maharashtra,West,Paid Search,2025-10-24,35-44,2025-10-30,2025-10
17007,M,1989,Delhi,Delhi,North,Organic Search,2025-10-24,35-44,,
17008,F,1974,Mumbai,Maharashtra,West,Paid Social,2025-10-24,45+,,
17009,M,2006,Hyderabad,Telangana,South,Paid Search,2025-10-24,18-24,2025-10-24,2025-10
17010,M,1996,Chandigarh,Chandigarh,North,Paid Search,2025-10-24,25-34,2025-10-26,2025-10
17011,F,1998,Bengaluru,Karnataka,South,Organic Search,2025-10-24,25-34,2025-11-02,2025-11
17012,F,1991,Chandigarh,Chandigarh,North,Email,2025-10-24,25-34,2025-11-02,2025-11
17013,M,1993,Gurugram,Haryana,North,Paid Social,2025-10-24,25-34,2025-10-27,2025-10
17014,M,2003,Bengaluru,Karnataka,South,Organic Search,2025-10-24,18-24,2025-10-26,2025-10
17015,F,1985,Ahmedabad,Gujarat,West,Referral,2025-10-24,35-44,2025-10-28,2025-10
17016,F,1984,Hyderabad,Telangana,South,Referral,2025-10-24,35-44,2025-10-25,2025-10
17017,F,1992,Bengaluru,Karnataka,South,Paid Search,2025-10-24,25-34,,
17018,M,1994,Hyderabad,Telangana,South,Affiliate,2025-10-24,25-34,2025-10-29,2025-10
17019,M,1998,Gurugram,Haryana,North,Organic Search,2025-10-24,25-34,,
17020,F,1994,Indore,Madhya Pradesh,West,Email,2025-10-24,25-34,2025-10-28,2025-10
17021,M,1987,Mumbai,Maharashtra,West,Email,2025-10-24,35-44,2025-10-31,2025-10
17022,F,1990,Bengaluru,Karnataka,South,Paid Social,2025-10-25,35-44,2025-10-31,2025-10
17023,F,1995,Ahmedabad,Gujarat,West,Paid Social,2025-10-25,25-34,2025-10-29,2025-10
17024,F,1999,Delhi,Delhi,North,Organic Search,2025-10-25,25-34,2025-10-26,2025-10
17025,M,2001,Pune,Maharashtra,West,Organic Search,2025-10-25,18-24,2025-10-25,2025-10
17026,F,1991,Bengaluru,Karnataka,South,Paid Search,2025-10-25,25-34,2025-11-07,2025-11
17027,M,1988,Lucknow,Uttar Pradesh,North,Email,2025-10-25,35-44,2025-11-12,2025-11
17028,M,1986,Bengaluru,Karnataka,South,Organic Search,2025-10-25,35-44,,
17029,M,2003,Chennai,Tamil Nadu,South,Paid Search,2025-10-25,18-24,2025-10-26,2025-10
17030,M,1990,Delhi,Delhi,North,Organic Search,2025-10-25,35-44,2025-10-25,2025-10
17031,M,1987,Ahmedabad,Gujarat,West,Paid Search,2025-10-25,35-44,2025-10-30,2025-10
17032,F,1995,Chennai,Tamil Nadu,South,Paid Search,2025-10-25,25-34,2025-10-27,2025-10
17033,F,2006,Delhi,Delhi,North,Affiliate,2025-10-25,18-24,,
17034,M,1986,Lucknow,Uttar Pradesh,North,Organic Search,2025-10-25,35-44,2025-10-30,2025-10
17035,F,1998,Bengaluru,Karnataka,South,Organic Search,2025-10-25,25-34,2025-10-30,2025-10
17036,F,1990,Ahmedabad,Gujarat,West,Organic Search,2025-10-26,35-44,2025-10-27,2025-10
17037,F,1994,Hyderabad,Telangana,South,Paid Social,2025-10-26,25-34,2025-11-04,2025-11
17038,M,2000,Bengaluru,Karnataka,South,Paid Social,2025-10-26,25-34,2025-10-29,2025-10
17039,F,2003,Ahmedabad,Gujarat,West,Organic Search,2025-10-26,18-24,,
17040,F,1989,Mumbai,Maharashtra,West,Organic Search,2025-10-26,35-44,2025-10-27,2025-10
17041,F,2000,Delhi,Delhi,North,Paid Search,2025-10-26,25-34,2025-10-29,2025-10
17042,F,1995,Indore,Madhya Pradesh,West,Organic Search,2025-10-26,25-34,2025-10-27,2025-10
17043,M,1997,Gurugram,Haryana,North,Referral,2025-10-26,25-34,2025-10-30,2025-10
17044,F,2003,Kolkata,West Bengal,East,Referral,2025-10-26,18-24,2025-10-27,2025-10
17045,M,1988,Delhi,Delhi,North,Paid Search,2025-10-26,35-44,2025-10-29,2025-10
17046,M,2000,Delhi,Delhi,North,Paid Social,2025-10-26,25-34,,
17047,F,1995,Hyderabad,Telangana,South,Paid Search,2025-10-26,25-34,2025-10-31,2025-10
17048,F,2003,Delhi,Delhi,North,Organic Search,2025-10-26,18-24,2025-10-26,2025-10
17049,F,1997,Mumbai,Maharashtra,West,Paid Social,2025-10-26,25-34,,
17050,F,1992,Kochi,Kerala,South,Referral,2025-10-26,25-34,2025-10-28,2025-10
17051,M,2000,Hyderabad,Telangana,South,Paid Search,2025-10-26,25-34,2025-10-29,2025-10
17052,M,1989,Lucknow,Uttar Pradesh,North,Organic Search,2025-10-26,35-44,2025-10-27,2025-10
17053,M,1990,Lucknow,Uttar Pradesh,North,Organic Search,2025-10-26,35-44,,
17054,M,1987,Indore,Madhya Pradesh,West,Paid Search,2025-10-26,35-44,2025-10-30,2025-10
17055,F,1988,Pune,Maharashtra,West,Paid Search,2025-10-26,35-44,,
17056,M,1972,Delhi,Delhi,North,Referral,2025-10-27,45+,2025-10-30,2025-10
17057,F,1989,Gurugram,Haryana,North,Organic Search,2025-10-27,35-44,2025-10-27,2025-10
17058,F,1993,Hyderabad,Telangana,South,Paid Social,2025-10-27,25-34,2025-11-03,2025-11
17059,M,2000,Mumbai,Maharashtra,West,Affiliate,2025-10-27,25-34,2025-10-29,2025-10
17060,M,1986,Hyderabad,Telangana,South,Organic Search,2025-10-27,35-44,,
17061,M,1989,Gurugram,Haryana,North,Paid Social,2025-10-27,35-44,2025-11-01,2025-11
17062,M,1992,Indore,Madhya Pradesh,West,Paid Search,2025-10-27,25-34,2025-11-02,2025-11
17063,F,2000,Pune,Maharashtra,West,Paid Social,2025-10-27,25-34,2025-11-02,2025-11
17064,M,1995,Chandigarh,Chandigarh,North,Email,2025-10-27,25-34,2025-11-01,2025-11
17065,M,1996,Indore,Madhya Pradesh,West,Email,2025-10-27,25-34,2025-11-04,2025-11
17066,M,2001,Delhi,Delhi,North,Paid Search,2025-10-27,18-24,,
17067,M,1998,Chennai,Tamil Nadu,South,Referral,2025-10-27,25-34,2025-10-27,2025-10
17068,M,1989,Bengaluru,Karnataka,South,Paid Social,2025-10-28,35-44,2025-11-01,2025-11
17069,M,2006,Jaipur,Rajasthan,North,Referral,2025-10-28,18-24,2025-10-28,2025-10
17070,F,1978,Ahmedabad,Gujarat,West,Email,2025-10-28,45+,,
17071,F,2001,Kochi,Kerala,South,Paid Social,2025-10-28,18-24,2025-11-01,2025-11
17072,F,1997,Mumbai,Maharashtra,West,Organic Search,2025-10-28,25-34,2025-10-28,2025-10
17073,M,2003,Mumbai,Maharashtra,West,Organic Search,2025-10-28,18-24,2025-10-31,2025-10
17074,F,1992,Hyderabad,Telangana,South,Referral,2025-10-28,25-34,2025-11-01,2025-11
17075,F,1990,Delhi,Delhi,North,Organic Search,2025-10-28,35-44,2025-10-28,2025-10
17076,F,1985,Bengaluru,Karnataka,South,Paid Social,2025-10-28,35-44,2025-10-29,2025-10
17077,F,1985,Noida,Uttar Pradesh,North,Paid Social,2025-10-28,35-44,2025-10-28,2025-10
17078,M,1992,Bengaluru,Karnataka,South,Referral,2025-10-28,25-34,2025-10-30,2025-10
17079,F,1987,Mumbai,Maharashtra,West,Referral,2025-10-28,35-44,2025-10-28,2025-10
17080,M,1988,Delhi,Delhi,North,Organic Search,2025-10-29,35-44,,
17081,M,1985,Chennai,Tamil Nadu,South,Paid Social,2025-10-29,35-44,2025-10-31,2025-10
17082,M,2002,Ahmedabad,Gujarat,West,Referral,2025-10-29,18-24,2025-10-31,2025-10
17083,M,1988,Chandigarh,Chandigarh,North,Organic Search,2025-10-29,35-44,2025-11-04,2025-11
17084,M,1997,Bengaluru,Karnataka,South,Paid Social,2025-10-29,25-34,,
17085,F,1992,Pune,Maharashtra,West,Paid Social,2025-10-29,25-34,2025-11-11,2025-11
17086,M,1996,Delhi,Delhi,North,Paid Search,2025-10-29,25-34,2025-10-31,2025-10
17087,M,1991,Bengaluru,Karnataka,South,Paid Search,2025-10-29,25-34,2025-11-04,2025-11
17088,F,2000,Kolkata,West Bengal,East,Organic Search,2025-10-29,25-34,2025-11-10,2025-11
17089,M,1998,Noida,Uttar Pradesh,North,Referral,2025-10-29,25-34,2025-10-30,2025-10
17090,M,2003,Chennai,Tamil Nadu,South,Organic Search,2025-10-29,18-24,,
17091,F,1988,Bengaluru,Karnataka,South,Paid Search,2025-10-29,35-44,2025-10-31,2025-10
17092,M,1987,Delhi,Delhi,North,Paid Social,2025-10-29,35-44,2025-11-01,2025-11
17093,M,1990,Bengaluru,Karnataka,South,Organic Search,2025-10-29,35-44,2025-11-04,2025-11
17094,F,1994,Mumbai,Maharashtra,West,Paid Search,2025-10-29,25-34,2025-10-30,2025-10
17095,F,1998,Hyderabad,Telangana,South,Organic Search,2025-10-29,25-34,2025-10-29,2025-10
17096,F,1988,Bengaluru,Karnataka,South,Organic Search,2025-10-29,35-44,2025-10-31,2025-10
17097,F,1995,Delhi,Delhi,North,Paid Search,2025-10-30,25-34,2025-11-02,2025-11
17098,F,1992,Delhi,Delhi,North,Paid Social,2025-10-30,25-34,,
17099,F,1991,Mumbai,Maharashtra,West,Paid Search,2025-10-30,25-34,2025-10-30,2025-10
17100,F,1993,Pune,Maharashtra,West,Organic Search,2025-10-30,25-34,2025-11-21,2025-11
17101,F,2006,Kolkata,West Bengal,East,Paid Search,2025-10-30,18-24,2025-11-03,2025-11
17102,F,2000,Hyderabad,Telangana,South,Organic Search,2025-10-30,25-34,2025-11-05,2025-11
17103,M,2002,Hyderabad,Telangana,South,Organic Search,2025-10-30,18-24,2025-11-07,2025-11
17104,M,1996,Pune,Maharashtra,West,Organic Search,2025-10-30,25-34,2025-10-31,2025-10
17105,M,2006,Delhi,Delhi,North,Organic Search,2025-10-30,18-24,2025-11-05,2025-11
17106,M,2001,Bengaluru,Karnataka,South,Paid Social,2025-10-30,18-24,2025-10-30,2025-10
17107,F,1982,Delhi,Delhi,North,Affiliate,2025-10-30,35-44,2025-11-01,2025-11
17108,M,1999,Delhi,Delhi,North,Organic Search,2025-10-30,25-34,,
17109,M,1996,Lucknow,Uttar Pradesh,North,Referral,2025-10-30,25-34,2025-11-03,2025-11
17110,M,1998,Kochi,Kerala,South,Organic Search,2025-10-30,25-34,2025-11-02,2025-11
17111,F,1982,Bengaluru,Karnataka,South,Paid Search,2025-10-30,35-44,2025-10-31,2025-10
17112,F,1982,Delhi,Delhi,North,Paid Search,2025-10-30,35-44,2025-11-08,2025-11
17113,F,1993,Kochi,Kerala,South,Organic Search,2025-10-30,25-34,2025-11-02,2025-11
17114,F,1979,Hyderabad,Telangana,South,Paid Social,2025-10-30,45+,2025-11-04,2025-11
17115,M,1999,Indore,Madhya Pradesh,West,Organic Search,2025-10-31,25-34,2025-11-02,2025-11
17116,M,1995,Delhi,Delhi,North,Referral,2025-10-31,25-34,2025-11-01,2025-11
17117,F,2006,Chandigarh,Chandigarh,North,Paid Social,2025-10-31,18-24,2025-11-03,2025-11
17118,F,1996,Jaipur,Rajasthan,North,Referral,2025-10-31,25-34,2025-10-31,2025-10
17119,M,1999,Bengaluru,Karnataka,South,Organic Search,2025-10-31,25-34,2025-11-09,2025-11
17120,F,1998,Ahmedabad,Gujarat,West,Paid Search,2025-10-31,25-34,,
17121,M,1994,Jaipur,Rajasthan,North,Paid Social,2025-10-31,25-34,,
17122,F,1994,Chandigarh,Chandigarh,North,Paid Search,2025-10-31,25-34,2025-11-09,2025-11
17123,F,1993,Pune,Maharashtra,West,Paid Social,2025-10-31,25-34,,
17124,M,1974,Chennai,Tamil Nadu,South,Paid Search,2025-10-31,45+,2025-11-07,2025-11
17125,F,2002,Delhi,Delhi,North,Paid Social,2025-10-31,18-24,2025-11-26,2025-11
17126,M,2003,Bengaluru,Karnataka,South,Paid Social,2025-10-31,18-24,2025-11-03,2025-11
17127,M,2000,Kolkata,West Bengal,East,Paid Search,2025-10-31,25-34,2025-11-01,2025-11
17128,F,1994,Bengaluru,Karnataka,South,Email,2025-11-01,25-34,2025-11-02,2025-11
17129,M,1992,Mumbai,Maharashtra,West,Referral,2025-11-01,25-34,,
17130,M,1984,Bengaluru,Karnataka,South,Organic Search,2025-11-01,35-44,2025-11-05,2025-11
17131,M,1983,Chennai,Tamil Nadu,South,Organic Search,2025-11-01,35-44,2025-11-01,2025-11
17132,F,1989,Hyderabad,Telangana,South,Paid Social,2025-11-01,35-44,2025-11-11,2025-11
17133,M,1995,Delhi,Delhi,North,Paid Social,2025-11-01,25-34,2025-11-04,2025-11
17134,M,1996,Delhi,Delhi,North,Affiliate,2025-11-01,25-34,2025-11-01,2025-11
17135,F,1989,Delhi,Delhi,North,Paid Social,2025-11-01,35-44,2025-11-08,2025-11
17136,M,1983,Delhi,Delhi,North,Organic Search,2025-11-01,35-44,,
17137,F,1988,Bengaluru,Karnataka,South,Organic Search,2025-11-01,35-44,2025-11-09,2025-11
17138,F,1993,Lucknow,Uttar Pradesh,North,Paid Social,2025-11-01,25-34,2025-11-09,2025-11
17139,F,1981,Bengaluru,Karnataka,South,Paid Social,2025-11-01,35-44,2025-11-06,2025-11
17140,F,1995,Bengaluru,Karnataka,South,Affiliate,2025-11-01,25-34,,
17141,M,2006,Pune,Maharashtra,West,Paid Social,2025-11-01,18-24,2025-11-09,2025-11
17142,M,1987,Delhi,Delhi,North,Email,2025-11-01,35-44,2025-11-05,2025-11
17143,F,2006,Jaipur,Rajasthan,North,Referral,2025-11-01,18-24,2025-11-09,2025-11
17144,F,1988,Delhi,Delhi,North,Paid Social,2025-11-02,35-44,2025-11-02,2025-11
17145,F,1992,Kochi,Kerala,South,Paid Social,2025-11-02,25-34,2025-11-04,2025-11
17146,M,1997,Jaipur,Rajasthan,North,Paid Social,2025-11-02,25-34,2025-11-04,2025-11
17147,M,1993,Delhi,Delhi,North,Paid Social,2025-11-02,25-34,,
17148,M,1980,Delhi,Delhi,North,Referral,2025-11-02,45+,2025-11-06,2025-11
17149,M,1996,Indore,Madhya Pradesh,West,Organic Search,2025-11-02,25-34,2025-11-03,2025-11
17150,M,1994,Bengaluru,Karnataka,South,Email,2025-11-02,25-34,2025-11-02,2025-11
17151,M,1991,Kolkata,West Bengal,East,Paid Social,2025-11-02,25-34,2025-11-02,2025-11
17152,F,1994,Jaipur,Rajasthan,North,Paid Search,2025-11-02,25-34,2025-11-04,2025-11
17153,M,1997,Delhi,Delhi,North,Organic Search,2025-11-02,25-34,2025-11-05,2025-11
17154,F,1986,Hyderabad,Telangana,South,Organic Search,2025-11-02,35-44,2025-11-04,2025-11
17155,M,1998,Jaipur,Rajasthan,North,Paid Social,2025-11-02,25-34,2025-11-02,2025-11
17156,F,1989,Chandigarh,Chandigarh,North,Organic Search,2025-11-02,35-44,2025-11-05,2025-11
17157,F,2006,Kochi,Kerala,South,Organic Search,2025-11-02,18-24,2025-11-03,2025-11
17158,F,2002,Ahmedabad,Gujarat,West,Organic Search,2025-11-02,18-24,2025-11-05,2025-11
17159,F,1986,Mumbai,Maharashtra,West,Paid Search,2025-11-02,35-44,,
17160,F,2003,Kolkata,West Bengal,East,Affiliate,2025-11-02,18-24,2025-11-09,2025-11
17161,F,1997,Lucknow,Uttar Pradesh,North,Paid Social,2025-11-02,25-34,2025-11-04,2025-11
17162,F,1998,Delhi,Delhi,North,Paid Search,2025-11-02,25-34,,
17163,F,1992,Lucknow,Uttar Pradesh,North,Affiliate,2025-11-02,25-34,2025-11-08,2025-11
17164,F,1991,Delhi,Delhi,North,Paid Search,2025-11-03,25-34,2025-11-08,2025-11
17165,M,1991,Mumbai,Maharashtra,West,Affiliate,2025-11-03,25-34,2025-11-11,2025-11
17166,F,1986,Chennai,Tamil Nadu,South,Affiliate,2025-11-03,35-44,2025-11-03,2025-11
17167,M,1979,Kolkata,West Bengal,East,Paid Social,2025-11-03,45+,2025-11-08,2025-11
17168,M,1988,Bengaluru,Karnataka,South,Paid Social,2025-11-03,35-44,,
17169,F,1988,Kochi,Kerala,South,Referral,2025-11-03,35-44,2025-11-05,2025-11
17170,F,1985,Mumbai,Maharashtra,West,Paid Search,2025-11-03,35-44,2025-11-05,2025-11
17171,M,1998,Jaipur,Rajasthan,North,Paid Search,2025-11-03,25-34,2025-11-03,2025-11
17172,M,1995,Gurugram,Haryana,North,Organic Search,2025-11-03,25-34,2025-11-08,2025-11
17173,F,1989,Pune,Maharashtra,West,Organic Search,2025-11-03,35-44,2025-11-03,2025-11
17174,M,1991,Chandigarh,Chandigarh,North,Organic Search,2025-11-03,25-34,2025-11-06,2025-11
17175,F,1995,Delhi,Delhi,North,Email,2025-11-03,25-34,,
17176,M,1988,Kolkata,West Bengal,East,Organic Search,2025-11-04,35-44,2025-11-04,2025-11
17177,M,1973,Delhi,Delhi,North,Paid Search,2025-11-04,45+,2025-11-09,2025-11
17178,F,2003,Bengaluru,Karnataka,South,Paid Search,2025-11-04,18-24,2025-11-05,2025-11
17179,M,1993,Delhi,Delhi,North,Paid Search,2025-11-04,25-34,2025-11-04,2025-11
17180,M,1996,Pune,Maharashtra,West,Email,2025-11-04,25-34,2025-11-08,2025-11
17181,M,1995,Bengaluru,Karnataka,South,Referral,2025-11-04,25-34,2025-11-05,2025-11
17182,F,1982,Lucknow,Uttar Pradesh,North,Paid Social,2025-11-04,35-44,2025-11-04,2025-11
17183,F,1988,Delhi,Delhi,North,Paid Social,2025-11-04,35-44,2025-11-05,2025-11
17184,F,1993,Indore,Madhya Pradesh,West,Referral,2025-11-04,25-34,2025-11-07,2025-11
17185,M,1992,Indore,Madhya Pradesh,West,Paid Search,2025-11-04,25-34,2025-11-04,2025-11
17186,M,1984,Chandigarh,Chandigarh,North,Paid Search,2025-11-04,35-44,2025-11-21,2025-11
17187,F,1996,Mumbai,Maharashtra,West,Organic Search,2025-11-04,25-34,,
17188,M,1998,Delhi,Delhi,North,Organic Search,2025-11-04,25-34,2025-11-05,2025-11
17189,M,1990,Jaipur,Rajasthan,North,Affiliate,2025-11-04,35-44,2025-11-06,2025-11
17190,F,2002,Chennai,Tamil Nadu,South,Referral,2025-11-04,18-24,2025-11-14,2025-11
17191,M,1998,Gurugram,Haryana,North,Paid Search,2025-11-04,25-34,2025-11-06,2025-11
17192,M,1997,Mumbai,Maharashtra,West,Organic Search,2025-11-04,25-34,2025-11-07,2025-11
17193,M,1990,Bengaluru,Karnataka,South,Referral,2025-11-05,35-44,2025-11-05,2025-11
17194,F,1992,Hyderabad,Telangana,South,Affiliate,2025-11-05,25-34,2025-11-06,2025-11
17195,M,2000,Delhi,Delhi,North,Affiliate,2025-11-05,25-34,,
17196,M,1982,Indore,Madhya Pradesh,West,Paid Social,2025-11-05,35-44,2025-11-08,2025-11
17197,F,1982,Bengaluru,Karnataka,South,Paid Social,2025-11-05,35-44,,
17198,M,1990,Noida,Uttar Pradesh,North,Organic Search,2025-11-05,35-44,2025-11-06,2025-11
17199,F,1993,Delhi,Delhi,North,Organic Search,2025-11-05,25-34,2025-11-12,2025-11
17200,F,1993,Chennai,Tamil Nadu,South,Organic Search,2025-11-05,25-34,2025-11-05,2025-11
17201,M,1998,Mumbai,Maharashtra,West,Paid Social,2025-11-05,25-34,2025-11-06,2025-11
17202,F,1995,Delhi,Delhi,North,Email,2025-11-05,25-34,2025-11-08,2025-11
17203,F,1994,Ahmedabad,Gujarat,West,Email,2025-11-05,25-34,2025-11-07,2025-11
17204,M,1991,Mumbai,Maharashtra,West,Paid Search,2025-11-05,25-34,,
17205,M,2000,Delhi,Delhi,North,Paid Search,2025-11-05,25-34,,
17206,F,2003,Jaipur,Rajasthan,North,Paid Search,2025-11-06,18-24,2025-11-07,2025-11
17207,M,1991,Chandigarh,Chandigarh,North,Paid Social,2025-11-06,25-34,2025-11-14,2025-11
17208,F,1997,Ahmedabad,Gujarat,West,Referral,2025-11-06,25-34,,
17209,F,1991,Mumbai,Maharashtra,West,Referral,2025-11-06,25-34,2025-11-07,2025-11
17210,M,1984,Delhi,Delhi,North,Email,2025-11-06,35-44,2025-11-18,2025-11
17211,F,1980,Bengaluru,Karnataka,South,Paid Social,2025-11-06,45+,,
17212,M,2003,Bengaluru,Karnataka,South,Paid Social,2025-11-06,18-24,,
17213,M,2000,Pune,Maharashtra,West,Affiliate,2025-11-06,25-34,2025-11-06,2025-11
17214,M,1997,Delhi,Delhi,North,Paid Social,2025-11-06,25-34,2025-11-07,2025-11
17215,M,2001,Delhi,Delhi,North,Organic Search,2025-11-06,18-24,2025-11-27,2025-11
17216,M,1987,Kolkata,West Bengal,East,Paid Search,2025-11-07,35-44,2025-11-07,2025-11
17217,F,2001,Gurugram,Haryana,North,Organic Search,2025-11-07,18-24,2025-11-09,2025-11
17218,M,1996,Jaipur,Rajasthan,North,Organic Search,2025-11-07,25-34,2025-11-08,2025-11
17219,F,1990,Bengaluru,Karnataka,South,Paid Social,2025-11-07,35-44,2025-11-13,2025-11
17220,M,1975,Hyderabad,Telangana,South,Referral,2025-11-07,45+,2025-11-08,2025-11
17221,M,1982,Kochi,Kerala,South,Organic Search,2025-11-07,35-44,,
17222,F,2006,Mumbai,Maharashtra,West,Paid Search,2025-11-07,18-24,2025-11-15,2025-11
17223,F,2006,Kolkata,West Bengal,East,Paid Search,2025-11-07,18-24,2025-11-12,2025-11
17224,M,1982,Delhi,Delhi,North,Email,2025-11-07,35-44,,
17225,M,1978,Hyderabad,Telangana,South,Organic Search,2025-11-07,45+,2025-11-07,2025-11
17226,F,2004,Jaipur,Rajasthan,North,Organic Search,2025-11-07,18-24,2025-11-07,2025-11
17227,M,1993,Kolkata,West Bengal,East,Paid Social,2025-11-07,25-34,2025-11-07,2025-11
17228,M,1988,Chennai,Tamil Nadu,South,Paid Social,2025-11-08,35-44,2025-11-11,2025-11
17229,F,1984,Hyderabad,Telangana,South,Organic Search,2025-11-08,35-44,2025-11-08,2025-11
17230,F,1984,Indore,Madhya Pradesh,West,Referral,2025-11-08,35-44,2025-11-10,2025-11
17231,M,2004,Noida,Uttar Pradesh,North,Paid Search,2025-11-08,18-24,2025-11-17,2025-11
17232,F,1995,Mumbai,Maharashtra,West,Paid Social,2025-11-08,25-34,2025-11-09,2025-11
17233,M,1979,Delhi,Delhi,North,Paid Social,2025-11-08,45+,,
17234,F,1988,Bengaluru,Karnataka,South,Organic Search,2025-11-08,35-44,2025-11-08,2025-11
17235,M,2006,Delhi,Delhi,North,Organic Search,2025-11-08,18-24,2025-11-08,2025-11
17236,M,1996,Lucknow,Uttar Pradesh,North,Paid Search,2025-11-08,25-34,,
17237,M,1982,Lucknow,Uttar Pradesh,North,Organic Search,2025-11-08,35-44,2025-11-10,2025-11
17238,M,1988,Hyderabad,Telangana,South,Organic Search,2025-11-08,35-44,2025-11-08,2025-11
17239,F,1993,Mumbai,Maharashtra,West,Paid Search,2025-11-08,25-34,2025-11-11,2025-11
17240,F,2001,Pune,Maharashtra,West,Paid Search,2025-11-08,18-24,2025-11-13,2025-11
17241,F,1993,Noida,Uttar Pradesh,North,Email,2025-11-08,25-34,2025-11-12,2025-11
17242,M,2005,Chandigarh,Chandigarh,North,Paid Social,2025-11-08,18-24,2025-11-11,2025-11
17243,M,1996,Pune,Maharashtra,West,Affiliate,2025-11-08,25-34,2025-11-09,2025-11
17244,F,1975,Noida,Uttar Pradesh,North,Paid Search,2025-11-08,45+,,
17245,M,1998,Bengaluru,Karnataka,South,Paid Search,2025-11-08,25-34,2025-11-19,2025-11
17246,F,1992,Mumbai,Maharashtra,West,Paid Search,2025-11-08,25-34,2025-11-14,2025-11
17247,F,1989,Kolkata,West Bengal,East,Organic Search,2025-11-08,35-44,2025-11-08,2025-11
17248,M,1997,Lucknow,Uttar Pradesh,North,Organic Search,2025-11-08,25-34,2025-11-08,2025-11
17249,M,1992,Mumbai,Maharashtra,West,Organic Search,2025-11-08,25-34,2025-11-15,2025-11
17250,F,1995,Kochi,Kerala,South,Paid Social,2025-11-09,25-34,,
17251,M,1989,Chennai,Tamil Nadu,South,Paid Search,2025-11-09,35-44,2025-11-09,2025-11
17252,F,1989,Pune,Maharashtra,West,Organic Search,2025-11-09,35-44,2025-11-13,2025-11
17253,F,2002,Delhi,Delhi,North,Referral,2025-11-09,18-24,2025-11-11,2025-11
17254,M,1994,Mumbai,Maharashtra,West,Organic Search,2025-11-09,25-34,2025-11-09,2025-11
17255,M,1997,Ahmedabad,Gujarat,West,Email,2025-11-09,25-34,2025-11-10,2025-11
17256,F,1989,Lucknow,Uttar Pradesh,North,Referral,2025-11-09,35-44,2025-11-09,2025-11
17257,F,2002,Noida,Uttar Pradesh,North,Paid Search,2025-11-09,18-24,,
17258,F,1995,Pune,Maharashtra,West,Organic Search,2025-11-09,25-34,,
17259,F,1991,Gurugram,Haryana,North,Affiliate,2025-11-09,25-34,2025-11-14,2025-11
17260,M,2004,Chennai,Tamil Nadu,South,Referral,2025-11-09,18-24,2025-11-09,2025-11
17261,M,1991,Delhi,Delhi,North,Affiliate,2025-11-09,25-34,2025-11-11,2025-11
17262,F,1995,Kolkata,West Bengal,East,Organic Search,2025-11-09,25-34,,
17263,M,1984,Pune,Maharashtra,West,Paid Social,2025-11-10,35-44,,
17264,M,1988,Kolkata,West Bengal,East,Organic Search,2025-11-10,35-44,,
17265,F,2000,Hyderabad,Telangana,South,Paid Search,2025-11-10,25-34,2025-11-12,2025-11
17266,F,1993,Gurugram,Haryana,North,Organic Search,2025-11-10,25-34,2025-11-14,2025-11
17267,F,1994,Noida,Uttar Pradesh,North,Referral,2025-11-10,25-34,2025-11-27,2025-11
17268,M,1993,Delhi,Delhi,North,Paid Social,2025-11-10,25-34,2025-11-12,2025-11
17269,F,1993,Bengaluru,Karnataka,South,Referral,2025-11-10,25-34,2025-11-10,2025-11
17270,M,1989,Gurugram,Haryana,North,Organic Search,2025-11-10,35-44,2025-11-20,2025-11
17271,F,1990,Bengaluru,Karnataka,South,Affiliate,2025-11-10,35-44,2025-11-13,2025-11
17272,M,1991,Chennai,Tamil Nadu,South,Paid Search,2025-11-10,25-34,,
17273,F,1991,Mumbai,Maharashtra,West,Affiliate,2025-11-10,25-34,,
17274,M,1997,Bengaluru,Karnataka,South,Paid Social,2025-11-10,25-34,2025-11-16,2025-11
17275,M,1997,Chennai,Tamil Nadu,South,Organic Search,2025-11-10,25-34,2025-11-10,2025-11
17276,M,2004,Hyderabad,Telangana,South,Referral,2025-11-10,18-24,2025-11-13,2025-11
17277,F,1999,Delhi,Delhi,North,Paid Social,2025-11-10,25-34,2025-11-15,2025-11
17278,M,1986,Jaipur,Rajasthan,North,Organic Search,2025-11-10,35-44,,
17279,M,1988,Pune,Maharashtra,West,Organic Search,2025-11-11,35-44,2025-11-19,2025-11
17280,M,2001,Lucknow,Uttar Pradesh,North,Affiliate,2025-11-11,18-24,2025-11-13,2025-11
17281,M,1999,Pune,Maharashtra,West,Affiliate,2025-11-11,25-34,2025-11-15,2025-11
17282,F,2002,Kolkata,West Bengal,East,Paid Social,2025-11-11,18-24,2025-11-18,2025-11
17283,F,1993,Mumbai,Maharashtra,West,Organic Search,2025-11-11,25-34,2025-11-11,2025-11
17284,M,1991,Lucknow,Uttar Pradesh,North,Paid Search,2025-11-11,25-34,2025-11-12,2025-11
17285,M,1996,Gurugram,Haryana,North,Organic Search,2025-11-11,25-34,2025-11-11,2025-11
17286,M,1983,Kochi,Kerala,South,Paid Social,2025-11-11,35-44,2025-11-14,2025-11
17287,F,1992,Noida,Uttar Pradesh,North,Paid Search,2025-11-11,25-34,,
17288,F,2006,Noida,Uttar Pradesh,North,Paid Search,2025-11-11,18-24,,
17289,M,1991,Ahmedabad,Gujarat,West,Referral,2025-11-11,25-34,2025-11-13,2025-11
17290,M,1993,Mumbai,Maharashtra,West,Affiliate,2025-11-12,25-34,,
17291,M,1992,Mumbai,Maharashtra,West,Organic Search,2025-11-12,25-34,2025-11-20,2025-11
17292,F,2006,Ahmedabad,Gujarat,West,Paid Search,2025-11-12,18-24,2025-11-20,2025-11
17293,M,1984,Ahmedabad,Gujarat,West,Paid Social,2025-11-12,35-44,2025-11-14,2025-11
17294,M,1999,Delhi,Delhi,North,Organic Search,2025-11-12,25-34,,
17295,F,1990,Mumbai,Maharashtra,West,Paid Search,2025-11-12,35-44,2025-11-13,2025-11
17296,F,1988,Bengaluru,Karnataka,South,Organic Search,2025-11-12,35-44,2025-11-15,2025-11
17297,F,1980,Mumbai,Maharashtra,West,Organic Search,2025-11-12,45+,2025-11-15,2025-11
17298,F,2006,Kolkata,West Bengal,East,Referral,2025-11-12,18-24,2025-11-14,2025-11
17299,M,1999,Lucknow,Uttar Pradesh,North,Paid Search,2025-11-12,25-34,2025-11-14,2025-11
17300,F,1983,Pune,Maharashtra,West,Paid Social,2025-11-12,35-44,2025-11-13,2025-11
17301,F,1983,Bengaluru,Karnataka,South,Organic Search,2025-11-12,35-44,2025-11-13,2025-11
17302,M,1988,Ahmedabad,Gujarat,West,Paid Social,2025-11-12,35-44,2025-11-14,2025-11
17303,M,1997,Delhi,Delhi,North,Paid Social,2025-11-12,25-34,2025-11-13,2025-11
17304,M,1992,Pune,Maharashtra,West,Referral,2025-11-12,25-34,2025-11-13,2025-11
17305,M,1986,Kolkata,West Bengal,East,Organic Search,2025-11-12,35-44,2025-11-16,2025-11
17306,F,1993,Mumbai,Maharashtra,West,Paid Social,2025-11-12,25-34,,
17307,F,2004,Delhi,Delhi,North,Email,2025-11-12,18-24,2025-11-14,2025-11
17308,F,1998,Delhi,Delhi,North,Organic Search,2025-11-13,25-34,2025-11-13,2025-11
17309,F,1979,Mumbai,Maharashtra,West,Organic Search,2025-11-13,45+,2025-11-13,2025-11
17310,M,1985,Gurugram,Haryana,North,Paid Search,2025-11-13,35-44,2025-11-13,2025-11
17311,M,1992,Chennai,Tamil Nadu,South,Affiliate,2025-11-13,25-34,2025-11-16,2025-11
17312,F,1995,Kolkata,West Bengal,East,Organic Search,2025-11-13,25-34,,
17313,F,2004,Kolkata,West Bengal,East,Organic Search,2025-11-13,18-24,2025-11-14,2025-11
17314,M,1993,Mumbai,Maharashtra,West,Affiliate,2025-11-13,25-34,2025-11-13,2025-11
17315,M,1998,Mumbai,Maharashtra,West,Paid Search,2025-11-13,25-34,,
17316,M,1976,Chandigarh,Chandigarh,North,Organic Search,2025-11-13,45+,2025-11-15,2025-11
17317,M,1990,Delhi,Delhi,North,Paid Social,2025-11-13,35-44,2025-11-14,2025-11
17318,F,1999,Ahmedabad,Gujarat,West,Organic Search,2025-11-13,25-34,2025-11-13,2025-11
17319,F,2006,Gurugram,Haryana,North,Paid Search,2025-11-13,18-24,,
17320,F,1983,Delhi,Delhi,North,Organic Search,2025-11-13,35-44,2025-11-13,2025-11
17321,F,1992,Chennai,Tamil Nadu,South,Paid Social,2025-11-13,25-34,,
17322,F,1979,Hyderabad,Telangana,South,Paid Social,2025-11-13,45+,2025-11-14,2025-11
17323,M,1992,Kochi,Kerala,South,Organic Search,2025-11-13,25-34,2025-11-21,2025-11
17324,F,2002,Chandigarh,Chandigarh,North,Paid Social,2025-11-13,18-24,,
17325,M,2001,Chennai,Tamil Nadu,South,Affiliate,2025-11-13,18-24,2025-11-13,2025-11
17326,F,1993,Mumbai,Maharashtra,West,Paid Search,2025-11-13,25-34,2025-11-16,2025-11
17327,M,1991,Delhi,Delhi,North,Affiliate,2025-11-13,25-34,,
17328,M,2006,Mumbai,Maharashtra,West,Affiliate,2025-11-13,18-24,2025-11-14,2025-11
17329,F,1992,Ahmedabad,Gujarat,West,Organic Search,2025-11-13,25-34,2025-11-13,2025-11
17330,F,1989,Mumbai,Maharashtra,West,Paid Social,2025-11-14,35-44,,
17331,M,1989,Hyderabad,Telangana,South,Referral,2025-11-14,35-44,2025-11-15,2025-11
17332,M,1982,Mumbai,Maharashtra,West,Paid Social,2025-11-14,35-44,2025-11-14,2025-11
17333,F,1997,Kochi,Kerala,South,Referral,2025-11-14,25-34,2025-12-14,2025-12
17334,F,1999,Delhi,Delhi,North,Organic Search,2025-11-14,25-34,2025-11-25,2025-11
17335,F,1998,Bengaluru,Karnataka,South,Email,2025-11-14,25-34,2025-11-16,2025-11
17336,F,2000,Kochi,Kerala,South,Organic Search,2025-11-14,25-34,2025-11-19,2025-11
17337,F,1989,Ahmedabad,Gujarat,West,Paid Social,2025-11-14,35-44,2025-11-25,2025-11
17338,M,1992,Chennai,Tamil Nadu,South,Email,2025-11-14,25-34,2025-11-20,2025-11
17339,F,2003,Bengaluru,Karnataka,South,Paid Search,2025-11-14,18-24,2025-11-18,2025-11
17340,M,1990,Delhi,Delhi,North,Paid Social,2025-11-14,35-44,2025-11-19,2025-11
17341,M,1989,Bengaluru,Karnataka,South,Paid Social,2025-11-14,35-44,,
17342,M,2001,Bengaluru,Karnataka,South,Affiliate,2025-11-14,18-24,2025-11-15,2025-11
17343,M,1987,Delhi,Delhi,North,Paid Search,2025-11-14,35-44,2025-11-15,2025-11
17344,M,1984,Mumbai,Maharashtra,West,Paid Social,2025-11-14,35-44,2025-11-14,2025-11
17345,M,1985,Delhi,Delhi,North,Organic Search,2025-11-15,35-44,2025-11-20,2025-11
17346,M,2006,Jaipur,Rajasthan,North,Organic Search,2025-11-15,18-24,2025-11-24,2025-11
17347,M,2002,Kolkata,West Bengal,East,Organic Search,2025-11-15,18-24,,
17348,F,1998,Kolkata,West Bengal,East,Paid Search,2025-11-15,25-34,2025-11-15,2025-11
17349,M,1986,Bengaluru,Karnataka,South,Paid Social,2025-11-15,35-44,2025-11-18,2025-11
17350,M,1997,Mumbai,Maharashtra,West,Organic Search,2025-11-15,25-34,2025-11-15,2025-11
17351,F,2006,Mumbai,Maharashtra,West,Organic Search,2025-11-15,18-24,2025-11-15,2025-11
17352,F,1996,Delhi,Delhi,North,Organic Search,2025-11-15,25-34,,
17353,M,1985,Chandigarh,Chandigarh,North,Email,2025-11-15,35-44,2025-11-16,2025-11
17354,F,1998,Hyderabad,Telangana,South,Organic Search,2025-11-16,25-34,2025-11-17,2025-11
17355,M,1992,Pune,Maharashtra,West,Paid Social,2025-11-16,25-34,,
17356,M,1995,Pune,Maharashtra,West,Referral,2025-11-16,25-34,2025-11-17,2025-11
17357,F,1986,Delhi,Delhi,North,Email,2025-11-16,35-44,2025-11-23,2025-11
17358,M,1987,Kochi,Kerala,South,Paid Social,2025-11-16,35-44,2025-11-18,2025-11
17359,M,1990,Jaipur,Rajasthan,North,Organic Search,2025-11-16,35-44,,
17360,M,1987,Mumbai,Maharashtra,West,Organic Search,2025-11-16,35-44,2025-11-16,2025-11
17361,F,1993,Chandigarh,Chandigarh,North,Organic Search,2025-11-16,25-34,2025-11-26,2025-11
17362,M,1988,Chandigarh,Chandigarh,North,Referral,2025-11-16,35-44,,
17363,F,2006,Indore,Madhya Pradesh,West,Paid Search,2025-11-16,18-24,2025-11-16,2025-11
17364,M,1997,Bengaluru,Karnataka,South,Paid Search,2025-11-16,25-34,2025-11-18,2025-11
17365,M,2000,Indore,Madhya Pradesh,West,Organic Search,2025-11-16,25-34,2025-11-26,2025-11
17366,M,1992,Delhi,Delhi,North,Paid Search,2025-11-17,25-34,2025-11-20,2025-11
17367,M,1977,Kolkata,West Bengal,East,Paid Search,2025-11-17,45+,2025-11-18,2025-11
17368,F,2000,Bengaluru,Karnataka,South,Paid Search,2025-11-17,25-34,2025-11-23,2025-11
17369,F,1993,Chennai,Tamil Nadu,South,Organic Search,2025-11-17,25-34,2025-12-01,2025-12
17370,F,1997,Gurugram,Haryana,North,Paid Search,2025-11-17,25-34,2025-11-19,2025-11
17371,M,1993,Kolkata,West Bengal,East,Organic Search,2025-11-17,25-34,2025-11-17,2025-11
17372,M,1976,Bengaluru,Karnataka,South,Paid Social,2025-11-17,45+,2025-11-17,2025-11
17373,M,1990,Pune,Maharashtra,West,Paid Social,2025-11-17,35-44,2025-11-20,2025-11
17374,M,1987,Delhi,Delhi,North,Paid Social,2025-11-17,35-44,2025-11-19,2025-11
17375,F,1995,Lucknow,Uttar Pradesh,North,Organic Search,2025-11-17,25-34,2025-11-27,2025-11
17376,F,1997,Chennai,Tamil Nadu,South,Paid Social,2025-11-17,25-34,,
17377,M,2006,Mumbai,Maharashtra,West,Paid Search,2025-11-17,18-24,,
17378,M,1997,Bengaluru,Karnataka,South,Paid Search,2025-11-17,25-34,2025-11-24,2025-11
17379,M,1989,Bengaluru,Karnataka,South,Organic Search,2025-11-17,35-44,2025-11-20,2025-11
17380,M,1990,Hyderabad,Telangana,South,Affiliate,2025-11-17,35-44,,
17381,M,1998,Mumbai,Maharashtra,West,Paid Search,2025-11-17,25-34,2025-11-19,2025-11
17382,M,2000,Kochi,Kerala,South,Paid Search,2025-11-17,25-34,2025-11-23,2025-11
17383,M,1984,Jaipur,Rajasthan,North,Organic Search,2025-11-18,35-44,2025-11-19,2025-11
17384,F,1992,Chennai,Tamil Nadu,South,Paid Social,2025-11-18,25-34,,
17385,M,1992,Mumbai,Maharashtra,West,Paid Search,2025-11-18,25-34,2025-11-21,2025-11
17386,F,1981,Lucknow,Uttar Pradesh,North,Referral,2025-11-18,35-44,2025-11-18,2025-11
17387,F,1999,Mumbai,Maharashtra,West,Organic Search,2025-11-18,25-34,2025-11-27,2025-11
17388,F,1995,Hyderabad,Telangana,South,Paid Search,2025-11-18,25-34,,
17389,M,1992,Indore,Madhya Pradesh,West,Referral,2025-11-18,25-34,2025-11-19,2025-11
17390,M,1995,Delhi,Delhi,North,Paid Search,2025-11-18,25-34,2025-11-18,2025-11
17391,M,1999,Delhi,Delhi,North,Organic Search,2025-11-18,25-34,2025-11-18,2025-11
17392,M,2006,Bengaluru,Karnataka,South,Referral,2025-11-18,18-24,2025-11-24,2025-11
17393,M,1999,Lucknow,Uttar Pradesh,North,Affiliate,2025-11-18,25-34,2025-11-23,2025-11
17394,M,1984,Noida,Uttar Pradesh,North,Paid Search,2025-11-18,35-44,2025-11-30,2025-11
17395,F,2006,Bengaluru,Karnataka,South,Paid Social,2025-11-18,18-24,2025-11-30,2025-11
17396,F,1985,Chandigarh,Chandigarh,North,Paid Search,2025-11-18,35-44,2025-11-18,2025-11
17397,F,1997,Delhi,Delhi,North,Paid Social,2025-11-18,25-34,2025-11-20,2025-11
17398,M,1992,Mumbai,Maharashtra,West,Referral,2025-11-18,25-34,,
17399,F,1993,Ahmedabad,Gujarat,West,Paid Social,2025-11-18,25-34,2025-11-20,2025-11
17400,M,1997,Indore,Madhya Pradesh,West,Paid Search,2025-11-19,25-34,,
17401,F,1997,Delhi,Delhi,North,Organic Search,2025-11-19,25-34,,
17402,M,2005,Mumbai,Maharashtra,West,Paid Social,2025-11-19,18-24,2025-11-25,2025-11
17403,F,1988,Mumbai,Maharashtra,West,Paid Social,2025-11-19,35-44,,
17404,F,1997,Mumbai,Maharashtra,West,Paid Social,2025-11-19,25-34,,
17405,F,1998,Delhi,Delhi,North,Organic Search,2025-11-19,25-34,2025-11-26,2025-11
17406,M,2006,Jaipur,Rajasthan,North,Paid Search,2025-11-19,18-24,2025-11-23,2025-11
17407,F,1997,Bengaluru,Karnataka,South,Referral,2025-11-19,25-34,2025-11-20,2025-11
17408,F,1984,Delhi,Delhi,North,Organic Search,2025-11-19,35-44,,
17409,F,2004,Kolkata,West Bengal,East,Email,2025-11-19,18-24,,
17410,M,1990,Kolkata,West Bengal,East,Paid Search,2025-11-19,35-44,2025-11-24,2025-11
17411,F,1987,Mumbai,Maharashtra,West,Referral,2025-11-19,35-44,2025-11-19,2025-11
17412,M,2004,Bengaluru,Karnataka,South,Paid Search,2025-11-19,18-24,2025-11-21,2025-11
17413,F,1995,Bengaluru,Karnataka,South,Paid Search,2025-11-19,25-34,2025-11-19,2025-11
17414,F,1992,Gurugram,Haryana,North,Affiliate,2025-11-19,25-34,2025-11-22,2025-11
17415,M,2006,Mumbai,Maharashtra,West,Paid Social,2025-11-20,18-24,2025-11-20,2025-11
17416,M,1989,Kolkata,West Bengal,East,Organic Search,2025-11-20,35-44,,
17417,F,1989,Delhi,Delhi,North,Affiliate,2025-11-20,35-44,2025-11-22,2025-11
17418,F,1997,Ahmedabad,Gujarat,West,Paid Search,2025-11-20,25-34,2025-11-25,2025-11
17419,F,1975,Indore,Madhya Pradesh,West,Paid Social,2025-11-20,45+,,
17420,M,1995,Gurugram,Haryana,North,Organic Search,2025-11-20,25-34,2025-11-20,2025-11
17421,M,1994,Pune,Maharashtra,West,Email,2025-11-20,25-34,2025-11-26,2025-11
17422,M,1987,Kochi,Kerala,South,Affiliate,2025-11-20,35-44,2025-11-30,2025-11
17423,F,1993,Delhi,Delhi,North,Paid Search,2025-11-20,25-34,2025-11-20,2025-11
17424,M,1996,Gurugram,Haryana,North,Organic Search,2025-11-20,25-34,2025-11-25,2025-11
17425,M,1993,Lucknow,Uttar Pradesh,North,Paid Social,2025-11-20,25-34,2025-11-20,2025-11
17426,M,2000,Hyderabad,Telangana,South,Organic Search,2025-11-20,25-34,2025-11-27,2025-11
17427,F,1996,Ahmedabad,Gujarat,West,Paid Search,2025-11-21,25-34,2025-11-24,2025-11
17428,F,1992,Pune,Maharashtra,West,Paid Social,2025-11-21,25-34,2025-11-21,2025-11
17429,F,1999,Hyderabad,Telangana,South,Organic Search,2025-11-21,25-34,2025-11-27,2025-11
17430,M,1996,Kolkata,West Bengal,East,Affiliate,2025-11-21,25-34,2025-11-21,2025-11
17431,M,2006,Noida,Uttar Pradesh,North,Paid Social,2025-11-21,18-24,2025-11-25,2025-11
17432,F,2002,Hyderabad,Telangana,South,Paid Search,2025-11-21,18-24,2025-11-29,2025-11
17433,M,1989,Mumbai,Maharashtra,West,Paid Search,2025-11-21,35-44,,
17434,F,1980,Gurugram,Haryana,North,Email,2025-11-21,45+,2025-11-23,2025-11
17435,F,1988,Lucknow,Uttar Pradesh,North,Paid Search,2025-11-21,35-44,,
17436,M,1977,Mumbai,Maharashtra,West,Affiliate,2025-11-21,45+,2025-11-26,2025-11
17437,F,1999,Chennai,Tamil Nadu,South,Organic Search,2025-11-21,25-34,2025-11-22,2025-11
17438,M,1991,Pune,Maharashtra,West,Organic Search,2025-11-21,25-34,2025-11-21,2025-11
17439,F,1987,Indore,Madhya Pradesh,West,Paid Social,2025-11-21,35-44,,
17440,F,1998,Delhi,Delhi,North,Organic Search,2025-11-21,25-34,,
17441,M,1991,Delhi,Delhi,North,Paid Search,2025-11-22,25-34,2025-11-24,2025-11
17442,M,1997,Kolkata,West Bengal,East,Paid Social,2025-11-22,25-34,2025-11-22,2025-11
17443,M,1991,Chennai,Tamil Nadu,South,Organic Search,2025-11-22,25-34,2025-11-22,2025-11
17444,M,1994,Pune,Maharashtra,West,Organic Search,2025-11-22,25-34,2025-12-05,2025-12
17445,F,2004,Noida,Uttar Pradesh,North,Organic Search,2025-11-22,18-24,2025-11-22,2025-11
17446,M,2001,Delhi,Delhi,North,Organic Search,2025-11-22,18-24,2025-11-22,2025-11
17447,M,2005,Kolkata,West Bengal,East,Organic Search,2025-11-22,18-24,,
17448,F,1996,Delhi,Delhi,North,Organic Search,2025-11-22,25-34,2025-11-27,2025-11
17449,M,1979,Lucknow,Uttar Pradesh,North,Affiliate,2025-11-22,45+,2025-12-04,2025-12
17450,M,1988,Bengaluru,Karnataka,South,Organic Search,2025-11-22,35-44,2025-11-25,2025-11
17451,M,1981,Kolkata,West Bengal,East,Organic Search,2025-11-22,35-44,2025-11-24,2025-11
17452,M,2001,Delhi,Delhi,North,Affiliate,2025-11-22,18-24,2025-12-01,2025-12
17453,M,1994,Hyderabad,Telangana,South,Referral,2025-11-22,25-34,2025-11-25,2025-11
17454,M,2004,Chandigarh,Chandigarh,North,Organic Search,2025-11-22,18-24,2025-11-26,2025-11
17455,M,2002,Bengaluru,Karnataka,South,Email,2025-11-22,18-24,2025-12-03,2025-12
17456,F,1992,Delhi,Delhi,North,Email,2025-11-22,25-34,2025-11-24,2025-11
17457,F,2006,Chennai,Tamil Nadu,South,Referral,2025-11-22,18-24,2025-11-25,2025-11
17458,F,2001,Bengaluru,Karnataka,South,Paid Social,2025-11-23,18-24,,
17459,F,1994,Kolkata,West Bengal,East,Paid Social,2025-11-23,25-34,2025-11-23,2025-11
17460,M,1997,Pune,Maharashtra,West,Affiliate,2025-11-23,25-34,2025-11-25,2025-11
17461,F,2005,Chennai,Tamil Nadu,South,Paid Search,2025-11-23,18-24,2025-11-23,2025-11
17462,M,1997,Ahmedabad,Gujarat,West,Referral,2025-11-23,25-34,,
17463,F,1988,Pune,Maharashtra,West,Organic Search,2025-11-23,35-44,2025-11-27,2025-11
17464,M,1984,Delhi,Delhi,North,Paid Social,2025-11-23,35-44,2025-11-23,2025-11
17465,M,1991,Hyderabad,Telangana,South,Affiliate,2025-11-23,25-34,2025-12-05,2025-12
17466,M,1988,Mumbai,Maharashtra,West,Organic Search,2025-11-23,35-44,,
17467,F,1995,Indore,Madhya Pradesh,West,Organic Search,2025-11-23,25-34,2025-11-23,2025-11
17468,M,1989,Bengaluru,Karnataka,South,Referral,2025-11-23,35-44,2025-11-25,2025-11
17469,M,1990,Hyderabad,Telangana,South,Referral,2025-11-23,35-44,2025-12-03,2025-12
17470,F,2003,Ahmedabad,Gujarat,West,Referral,2025-11-23,18-24,2025-11-23,2025-11
17471,F,2006,Indore,Madhya Pradesh,West,Affiliate,2025-11-23,18-24,2025-11-29,2025-11
17472,F,1987,Pune,Maharashtra,West,Organic Search,2025-11-23,35-44,,
17473,F,1991,Indore,Madhya Pradesh,West,Paid Social,2025-11-23,25-34,2025-11-23,2025-11
17474,F,1992,Mumbai,Maharashtra,West,Paid Social,2025-11-23,25-34,2025-11-25,2025-11
17475,M,1996,Hyderabad,Telangana,South,Organic Search,2025-11-23,25-34,2025-11-30,2025-11
17476,F,1996,Hyderabad,Telangana,South,Organic Search,2025-11-24,25-34,2025-11-25,2025-11
17477,M,1989,Pune,Maharashtra,West,Paid Social,2025-11-24,35-44,,
17478,M,1998,Gurugram,Haryana,North,Paid Social,2025-11-24,25-34,2025-11-29,2025-11
17479,F,1990,Mumbai,Maharashtra,West,Paid Social,2025-11-24,35-44,2025-11-25,2025-11
17480,M,1991,Chennai,Tamil Nadu,South,Paid Search,2025-11-24,25-34,2025-11-26,2025-11
17481,M,1986,Kochi,Kerala,South,Paid Social,2025-11-24,35-44,,
17482,F,2002,Lucknow,Uttar Pradesh,North,Paid Search,2025-11-24,18-24,2025-11-24,2025-11
17483,F,2001,Kolkata,West Bengal,East,Organic Search,2025-11-24,18-24,2025-11-28,2025-11
17484,M,1996,Jaipur,Rajasthan,North,Paid Social,2025-11-24,25-34,2025-11-28,2025-11
17485,M,1999,Kochi,Kerala,South,Paid Social,2025-11-24,25-34,2025-11-24,2025-11
17486,M,2002,Kolkata,West Bengal,East,Referral,2025-11-24,18-24,,
17487,M,2000,Pune,Maharashtra,West,Paid Search,2025-11-24,25-34,2025-11-26,2025-11
17488,M,1999,Kolkata,West Bengal,East,Referral,2025-11-24,25-34,,
17489,M,1990,Ahmedabad,Gujarat,West,Email,2025-11-24,35-44,2025-11-27,2025-11
17490,F,1981,Mumbai,Maharashtra,West,Paid Search,2025-11-25,35-44,2025-11-25,2025-11
17491,M,1987,Hyderabad,Telangana,South,Paid Social,2025-11-25,35-44,2025-11-27,2025-11
17492,F,2006,Delhi,Delhi,North,Email,2025-11-25,18-24,,
17493,F,1992,Noida,Uttar Pradesh,North,Paid Search,2025-11-25,25-34,2025-11-30,2025-11
17494,M,2006,Noida,Uttar Pradesh,North,Referral,2025-11-25,18-24,2025-11-29,2025-11
17495,F,1998,Bengaluru,Karnataka,South,Paid Social,2025-11-25,25-34,2025-11-26,2025-11
17496,F,1993,Bengaluru,Karnataka,South,Paid Search,2025-11-25,25-34,,
17497,F,1986,Chennai,Tamil Nadu,South,Email,2025-11-25,35-44,2025-11-26,2025-11
17498,F,1988,Chennai,Tamil Nadu,South,Organic Search,2025-11-25,35-44,2025-12-08,2025-12
17499,F,1992,Chennai,Tamil Nadu,South,Organic Search,2025-11-25,25-34,2025-11-27,2025-11
17500,M,1992,Bengaluru,Karnataka,South,Organic Search,2025-11-25,25-34,2025-11-29,2025-11
17501,F,1998,Kochi,Kerala,South,Email,2025-11-25,25-34,2025-11-25,2025-11
17502,M,1988,Jaipur,Rajasthan,North,Paid Search,2025-11-25,35-44,2025-11-27,2025-11
17503,F,1988,Bengaluru,Karnataka,South,Paid Social,2025-11-25,35-44,,
17504,F,2000,Delhi,Delhi,North,Organic Search,2025-11-26,25-34,2025-11-26,2025-11
17505,M,2006,Delhi,Delhi,North,Paid Social,2025-11-26,18-24,2025-11-27,2025-11
17506,F,1994,Noida,Uttar Pradesh,North,Paid Social,2025-11-26,25-34,2025-12-02,2025-12
17507,F,1997,Delhi,Delhi,North,Organic Search,2025-11-26,25-34,2025-12-07,2025-12
17508,M,1992,Kolkata,West Bengal,East,Paid Search,2025-11-26,25-34,2025-11-27,2025-11
17509,F,1993,Mumbai,Maharashtra,West,Organic Search,2025-11-26,25-34,2025-12-24,2025-12
17510,F,1992,Kochi,Kerala,South,Organic Search,2025-11-26,25-34,2025-11-26,2025-11
17511,M,1991,Pune,Maharashtra,West,Paid Search,2025-11-26,25-34,2025-12-04,2025-12
17512,F,1998,Bengaluru,Karnataka,South,Paid Social,2025-11-26,25-34,2025-11-26,2025-11
17513,M,1998,Chandigarh,Chandigarh,North,Organic Search,2025-11-26,25-34,2025-12-12,2025-12
17514,F,1992,Kolkata,West Bengal,East,Paid Search,2025-11-26,25-34,2025-11-26,2025-11
17515,F,1989,Delhi,Delhi,North,Paid Search,2025-11-26,35-44,,
17516,M,1990,Bengaluru,Karnataka,South,Affiliate,2025-11-26,35-44,2025-11-30,2025-11
17517,F,1999,Kolkata,West Bengal,East,Paid Social,2025-11-26,25-34,2025-11-29,2025-11
17518,M,1987,Hyderabad,Telangana,South,Affiliate,2025-11-26,35-44,2025-12-10,2025-12
17519,F,1985,Hyderabad,Telangana,South,Paid Social,2025-11-26,35-44,2025-12-01,2025-12
17520,F,1996,Jaipur,Rajasthan,North,Referral,2025-11-26,25-34,2025-11-26,2025-11
17521,M,1993,Mumbai,Maharashtra,West,Organic Search,2025-11-26,25-34,2025-11-30,2025-11
17522,F,1992,Delhi,Delhi,North,Paid Social,2025-11-26,25-34,,
17523,M,2000,Mumbai,Maharashtra,West,Paid Search,2025-11-26,25-34,2025-11-27,2025-11
17524,M,1993,Delhi,Delhi,North,Referral,2025-11-26,25-34,2025-12-08,2025-12
17525,F,1988,Hyderabad,Telangana,South,Email,2025-11-27,35-44,2025-11-29,2025-11
17526,F,1995,Kolkata,West Bengal,East,Paid Social,2025-11-27,25-34,2025-11-28,2025-11
17527,F,1988,Bengaluru,Karnataka,South,Organic Search,2025-11-27,35-44,2025-12-03,2025-12
17528,F,2001,Hyderabad,Telangana,South,Paid Social,2025-11-27,18-24,2025-11-29,2025-11
17529,F,1994,Pune,Maharashtra,West,Referral,2025-11-27,25-34,2025-11-27,2025-11
17530,F,1985,Noida,Uttar Pradesh,North,Organic Search,2025-11-27,35-44,2025-11-28,2025-11
17531,M,1995,Bengaluru,Karnataka,South,Organic Search,2025-11-27,25-34,2025-12-03,2025-12
17532,M,1987,Jaipur,Rajasthan,North,Paid Social,2025-11-27,35-44,2025-12-08,2025-12
17533,F,2002,Mumbai,Maharashtra,West,Paid Search,2025-11-27,18-24,2025-12-08,2025-12
17534,F,1993,Kochi,Kerala,South,Organic Search,2025-11-27,25-34,2025-11-28,2025-11
17535,F,1999,Mumbai,Maharashtra,West,Email,2025-11-28,25-34,2025-12-06,2025-12
17536,M,1989,Jaipur,Rajasthan,North,Affiliate,2025-11-28,35-44,2025-11-30,2025-11
17537,F,1992,Delhi,Delhi,North,Paid Search,2025-11-28,25-34,2025-12-04,2025-12
17538,M,1997,Bengaluru,Karnataka,South,Affiliate,2025-11-28,25-34,2025-11-28,2025-11
17539,F,1992,Noida,Uttar Pradesh,North,Email,2025-11-28,25-34,2025-11-28,2025-11
17540,M,1986,Bengaluru,Karnataka,South,Paid Social,2025-11-28,35-44,2025-11-30,2025-11
17541,F,1999,Mumbai,Maharashtra,West,Referral,2025-11-28,25-34,2025-12-04,2025-12
17542,F,1996,Hyderabad,Telangana,South,Affiliate,2025-11-28,25-34,,
17543,F,1985,Chennai,Tamil Nadu,South,Referral,2025-11-28,35-44,2025-11-30,2025-11
17544,M,1991,Lucknow,Uttar Pradesh,North,Paid Search,2025-11-28,25-34,2025-11-29,2025-11
17545,M,1987,Hyderabad,Telangana,South,Organic Search,2025-11-28,35-44,,
17546,F,1990,Gurugram,Haryana,North,Paid Search,2025-11-29,35-44,2025-12-01,2025-12
17547,F,1990,Gurugram,Haryana,North,Organic Search,2025-11-29,35-44,,
17548,M,1992,Mumbai,Maharashtra,West,Organic Search,2025-11-29,25-34,2025-11-30,2025-11
17549,F,1982,Chandigarh,Chandigarh,North,Paid Search,2025-11-29,35-44,2025-12-17,2025-12
17550,M,1990,Kolkata,West Bengal,East,Paid Search,2025-11-29,35-44,2025-12-01,2025-12
17551,F,2001,Hyderabad,Telangana,South,Organic Search,2025-11-29,18-24,2025-12-10,2025-12
17552,F,2006,Chennai,Tamil Nadu,South,Email,2025-11-29,18-24,2025-12-01,2025-12
17553,M,1984,Delhi,Delhi,North,Organic Search,2025-11-29,35-44,2025-12-10,2025-12
17554,F,2002,Bengaluru,Karnataka,South,Paid Social,2025-11-29,18-24,2025-11-29,2025-11
17555,F,2006,Indore,Madhya Pradesh,West,Paid Social,2025-11-29,18-24,,
17556,M,1992,Delhi,Delhi,North,Affiliate,2025-11-30,25-34,,
17557,M,1998,Hyderabad,Telangana,South,Organic Search,2025-11-30,25-34,2025-12-02,2025-12
17558,M,2002,Chennai,Tamil Nadu,South,Organic Search,2025-11-30,18-24,2025-12-01,2025-12
17559,F,1990,Kochi,Kerala,South,Paid Social,2025-11-30,35-44,,
17560,M,2001,Kolkata,West Bengal,East,Paid Social,2025-11-30,18-24,2025-12-03,2025-12
17561,M,1992,Delhi,Delhi,North,Referral,2025-11-30,25-34,2025-12-01,2025-12
17562,F,2001,Chennai,Tamil Nadu,South,Organic Search,2025-11-30,18-24,,
17563,F,2006,Kolkata,West Bengal,East,Paid Search,2025-11-30,18-24,,
17564,F,2004,Bengaluru,Karnataka,South,Organic Search,2025-11-30,18-24,2025-12-01,2025-12
17565,M,1991,Gurugram,Haryana,North,Referral,2025-11-30,25-34,2025-12-03,2025-12
17566,M,1998,Mumbai,Maharashtra,West,Paid Search,2025-11-30,25-34,2025-12-13,2025-12
17567,M,1990,Delhi,Delhi,North,Organic Search,2025-11-30,35-44,2025-11-30,2025-11
17568,M,1984,Delhi,Delhi,North,Paid Social,2025-11-30,35-44,2025-12-02,2025-12
17569,F,1992,Kochi,Kerala,South,Organic Search,2025-11-30,25-34,,
17570,F,2000,Kolkata,West Bengal,East,Organic Search,2025-11-30,25-34,2025-12-07,2025-12
17571,F,1991,Kochi,Kerala,South,Organic Search,2025-11-30,25-34,2025-12-03,2025-12
17572,M,2005,Lucknow,Uttar Pradesh,North,Email,2025-12-01,18-24,2025-12-01,2025-12
17573,M,1994,Bengaluru,Karnataka,South,Paid Social,2025-12-01,25-34,2025-12-05,2025-12
17574,F,1985,Pune,Maharashtra,West,Paid Search,2025-12-01,35-44,2025-12-01,2025-12
17575,M,1991,Pune,Maharashtra,West,Paid Social,2025-12-01,25-34,2025-12-01,2025-12
17576,M,1988,Mumbai,Maharashtra,West,Affiliate,2025-12-01,35-44,2025-12-02,2025-12
17577,F,2004,Kolkata,West Bengal,East,Organic Search,2025-12-01,18-24,2025-12-03,2025-12
17578,M,1998,Hyderabad,Telangana,South,Organic Search,2025-12-01,25-34,2025-12-01,2025-12
17579,M,1993,Chennai,Tamil Nadu,South,Email,2025-12-01,25-34,2025-12-05,2025-12
17580,M,1999,Delhi,Delhi,North,Paid Social,2025-12-01,25-34,2025-12-03,2025-12
17581,F,1987,Mumbai,Maharashtra,West,Affiliate,2025-12-01,35-44,2025-12-05,2025-12
17582,M,1984,Indore,Madhya Pradesh,West,Paid Social,2025-12-01,35-44,2025-12-03,2025-12
17583,F,1983,Bengaluru,Karnataka,South,Referral,2025-12-01,35-44,2025-12-01,2025-12
17584,F,1979,Chennai,Tamil Nadu,South,Paid Social,2025-12-01,45+,,
17585,M,1985,Gurugram,Haryana,North,Organic Search,2025-12-02,35-44,2025-12-09,2025-12
17586,M,1998,Delhi,Delhi,North,Email,2025-12-02,25-34,,
17587,M,1999,Chennai,Tamil Nadu,South,Paid Social,2025-12-02,25-34,2025-12-03,2025-12
17588,F,1987,Pune,Maharashtra,West,Organic Search,2025-12-02,35-44,,
17589,F,1977,Pune,Maharashtra,West,Organic Search,2025-12-02,45+,2025-12-04,2025-12
17590,M,1990,Chennai,Tamil Nadu,South,Paid Search,2025-12-02,35-44,,
17591,F,1997,Bengaluru,Karnataka,South,Paid Search,2025-12-02,25-34,2025-12-04,2025-12
17592,M,2000,Bengaluru,Karnataka,South,Organic Search,2025-12-02,25-34,2025-12-12,2025-12
17593,F,1995,Gurugram,Haryana,North,Paid Search,2025-12-02,25-34,2025-12-02,2025-12
17594,F,1985,Bengaluru,Karnataka,South,Email,2025-12-02,35-44,2025-12-04,2025-12
17595,F,1999,Mumbai,Maharashtra,West,Paid Social,2025-12-02,25-34,2025-12-04,2025-12
17596,M,1997,Indore,Madhya Pradesh,West,Paid Search,2025-12-02,25-34,,
17597,F,1999,Ahmedabad,Gujarat,West,Organic Search,2025-12-02,25-34,2025-12-03,2025-12
17598,F,1986,Delhi,Delhi,North,Referral,2025-12-02,35-44,2025-12-05,2025-12
17599,M,1998,Mumbai,Maharashtra,West,Paid Social,2025-12-02,25-34,,
17600,F,2000,Mumbai,Maharashtra,West,Organic Search,2025-12-03,25-34,2025-12-05,2025-12
17601,M,1983,Pune,Maharashtra,West,Affiliate,2025-12-03,35-44,2025-12-22,2025-12
17602,F,1989,Delhi,Delhi,North,Organic Search,2025-12-03,35-44,2025-12-14,2025-12
17603,F,1981,Chennai,Tamil Nadu,South,Organic Search,2025-12-03,35-44,,
17604,M,1987,Chandigarh,Chandigarh,North,Paid Search,2025-12-03,35-44,2025-12-03,2025-12
17605,M,1993,Pune,Maharashtra,West,Affiliate,2025-12-03,25-34,2025-12-03,2025-12
17606,F,1982,Bengaluru,Karnataka,South,Email,2025-12-03,35-44,2025-12-03,2025-12
17607,F,2002,Bengaluru,Karnataka,South,Paid Social,2025-12-03,18-24,2025-12-05,2025-12
17608,M,2003,Mumbai,Maharashtra,West,Paid Social,2025-12-03,18-24,2025-12-05,2025-12
17609,F,1992,Delhi,Delhi,North,Paid Search,2025-12-03,25-34,2025-12-04,2025-12
17610,M,1988,Noida,Uttar Pradesh,North,Paid Search,2025-12-03,35-44,2025-12-16,2025-12
17611,F,1993,Gurugram,Haryana,North,Paid Search,2025-12-03,25-34,2025-12-07,2025-12
17612,F,2005,Lucknow,Uttar Pradesh,North,Email,2025-12-03,18-24,2025-12-10,2025-12
17613,M,1998,Indore,Madhya Pradesh,West,Paid Social,2025-12-03,25-34,2025-12-05,2025-12
17614,F,1979,Pune,Maharashtra,West,Paid Search,2025-12-03,45+,2025-12-04,2025-12
17615,F,1975,Gurugram,Haryana,North,Affiliate,2025-12-03,45+,2025-12-03,2025-12
17616,M,1986,Bengaluru,Karnataka,South,Organic Search,2025-12-04,35-44,2025-12-05,2025-12
17617,F,1993,Delhi,Delhi,North,Organic Search,2025-12-04,25-34,2025-12-20,2025-12
17618,M,1980,Kochi,Kerala,South,Paid Search,2025-12-04,45+,2025-12-13,2025-12
17619,F,1992,Ahmedabad,Gujarat,West,Affiliate,2025-12-04,25-34,2025-12-05,2025-12
17620,F,1980,Indore,Madhya Pradesh,West,Organic Search,2025-12-04,45+,2025-12-06,2025-12
17621,M,1994,Jaipur,Rajasthan,North,Organic Search,2025-12-04,25-34,2025-12-04,2025-12
17622,M,1995,Pune,Maharashtra,West,Paid Search,2025-12-04,25-34,,
17623,F,2006,Mumbai,Maharashtra,West,Affiliate,2025-12-04,18-24,,
17624,F,1992,Kolkata,West Bengal,East,Paid Search,2025-12-04,25-34,2025-12-11,2025-12
17625,F,1991,Delhi,Delhi,North,Paid Social,2025-12-04,25-34,,
17626,F,2004,Mumbai,Maharashtra,West,Email,2025-12-04,18-24,2025-12-07,2025-12
17627,F,1999,Hyderabad,Telangana,South,Paid Social,2025-12-05,25-34,2025-12-09,2025-12
17628,M,1994,Ahmedabad,Gujarat,West,Organic Search,2025-12-05,25-34,2025-12-08,2025-12
17629,M,1991,Ahmedabad,Gujarat,West,Organic Search,2025-12-05,25-34,2025-12-07,2025-12
17630,M,2006,Kochi,Kerala,South,Organic Search,2025-12-05,18-24,2025-12-05,2025-12
17631,F,1988,Mumbai,Maharashtra,West,Referral,2025-12-05,35-44,2025-12-05,2025-12
17632,M,1982,Delhi,Delhi,North,Referral,2025-12-05,35-44,2025-12-15,2025-12
17633,F,1992,Kochi,Kerala,South,Organic Search,2025-12-05,25-34,2025-12-07,2025-12
17634,M,1991,Delhi,Delhi,North,Paid Search,2025-12-05,25-34,,
17635,F,2003,Hyderabad,Telangana,South,Organic Search,2025-12-05,18-24,2025-12-06,2025-12
17636,M,1995,Delhi,Delhi,North,Paid Search,2025-12-05,25-34,2025-12-16,2025-12
17637,F,2001,Delhi,Delhi,North,Paid Search,2025-12-05,18-24,2025-12-14,2025-12
17638,M,1973,Mumbai,Maharashtra,West,Affiliate,2025-12-05,45+,,
17639,F,1991,Chennai,Tamil Nadu,South,Paid Search,2025-12-05,25-34,,
17640,M,2005,Delhi,Delhi,North,Organic Search,2025-12-05,18-24,,
17641,F,1985,Lucknow,Uttar Pradesh,North,Paid Social,2025-12-05,35-44,2025-12-05,2025-12
17642,F,1991,Jaipur,Rajasthan,North,Email,2025-12-05,25-34,2025-12-09,2025-12
17643,M,2000,Delhi,Delhi,North,Paid Search,2025-12-05,25-34,2025-12-15,2025-12
17644,M,1989,Delhi,Delhi,North,Referral,2025-12-06,35-44,2025-12-06,2025-12
17645,M,2000,Kochi,Kerala,South,Paid Search,2025-12-06,25-34,2025-12-06,2025-12
17646,F,1989,Bengaluru,Karnataka,South,Paid Social,2025-12-06,35-44,2025-12-10,2025-12
17647,M,1993,Chandigarh,Chandigarh,North,Paid Social,2025-12-06,25-34,,
17648,M,1999,Lucknow,Uttar Pradesh,North,Email,2025-12-06,25-34,2025-12-06,2025-12
17649,F,1985,Delhi,Delhi,North,Paid Social,2025-12-06,35-44,,
17650,F,1987,Mumbai,Maharashtra,West,Paid Search,2025-12-06,35-44,2025-12-06,2025-12
17651,F,2001,Jaipur,Rajasthan,North,Referral,2025-12-06,18-24,2025-12-10,2025-12
17652,M,1987,Kochi,Kerala,South,Organic Search,2025-12-07,35-44,2025-12-09,2025-12
17653,F,1995,Noida,Uttar Pradesh,North,Organic Search,2025-12-07,25-34,2025-12-10,2025-12
17654,F,2001,Mumbai,Maharashtra,West,Paid Search,2025-12-07,18-24,2025-12-13,2025-12
17655,M,1994,Bengaluru,Karnataka,South,Paid Social,2025-12-07,25-34,,
17656,M,1996,Chandigarh,Chandigarh,North,Referral,2025-12-07,25-34,2025-12-08,2025-12
17657,F,2006,Hyderabad,Telangana,South,Paid Social,2025-12-07,18-24,2025-12-28,2025-12
17658,M,2006,Bengaluru,Karnataka,South,Paid Search,2025-12-07,18-24,2025-12-07,2025-12
17659,M,1995,Delhi,Delhi,North,Organic Search,2025-12-07,25-34,2025-12-12,2025-12
17660,F,1990,Chennai,Tamil Nadu,South,Affiliate,2025-12-07,35-44,,
17661,M,2000,Mumbai,Maharashtra,West,Paid Search,2025-12-07,25-34,2025-12-07,2025-12
17662,M,1987,Delhi,Delhi,North,Organic Search,2025-12-07,35-44,,
17663,F,2004,Bengaluru,Karnataka,South,Referral,2025-12-07,18-24,2025-12-09,2025-12
17664,F,1989,Bengaluru,Karnataka,South,Email,2025-12-08,35-44,2025-12-13,2025-12
17665,F,1990,Delhi,Delhi,North,Paid Search,2025-12-08,35-44,2025-12-10,2025-12
17666,F,1985,Mumbai,Maharashtra,West,Paid Social,2025-12-08,35-44,2025-12-18,2025-12
17667,M,1987,Chennai,Tamil Nadu,South,Referral,2025-12-08,35-44,2025-12-10,2025-12
17668,F,2003,Bengaluru,Karnataka,South,Organic Search,2025-12-08,18-24,2025-12-23,2025-12
17669,F,1996,Pune,Maharashtra,West,Affiliate,2025-12-08,25-34,2025-12-08,2025-12
17670,M,1993,Pune,Maharashtra,West,Paid Search,2025-12-08,25-34,2025-12-09,2025-12
17671,M,2006,Indore,Madhya Pradesh,West,Paid Search,2025-12-08,18-24,2025-12-20,2025-12
17672,M,1994,Bengaluru,Karnataka,South,Organic Search,2025-12-08,25-34,,
17673,F,1993,Delhi,Delhi,North,Organic Search,2025-12-08,25-34,2025-12-14,2025-12
17674,F,1985,Chandigarh,Chandigarh,North,Organic Search,2025-12-08,35-44,2025-12-14,2025-12
17675,M,1987,Pune,Maharashtra,West,Paid Search,2025-12-08,35-44,2025-12-17,2025-12
17676,F,1986,Bengaluru,Karnataka,South,Affiliate,2025-12-09,35-44,,
17677,F,1988,Bengaluru,Karnataka,South,Paid Social,2025-12-09,35-44,2025-12-12,2025-12
17678,F,1990,Indore,Madhya Pradesh,West,Paid Search,2025-12-09,35-44,2025-12-19,2025-12
17679,M,1991,Ahmedabad,Gujarat,West,Paid Search,2025-12-09,25-34,2025-12-12,2025-12
17680,M,1999,Mumbai,Maharashtra,West,Organic Search,2025-12-09,25-34,,
17681,F,1993,Chennai,Tamil Nadu,South,Paid Social,2025-12-09,25-34,,
17682,M,2006,Kochi,Kerala,South,Paid Social,2025-12-09,18-24,2025-12-14,2025-12
17683,M,1999,Chennai,Tamil Nadu,South,Paid Search,2025-12-09,25-34,,
17684,M,1988,Chennai,Tamil Nadu,South,Paid Social,2025-12-09,35-44,,
17685,M,1997,Kochi,Kerala,South,Paid Search,2025-12-09,25-34,2025-12-09,2025-12
17686,M,1995,Noida,Uttar Pradesh,North,Referral,2025-12-09,25-34,2025-12-10,2025-12
17687,M,2005,Pune,Maharashtra,West,Paid Social,2025-12-09,18-24,,
17688,M,2000,Pune,Maharashtra,West,Organic Search,2025-12-09,25-34,2025-12-13,2025-12
17689,F,1994,Pune,Maharashtra,West,Organic Search,2025-12-09,25-34,2025-12-12,2025-12
17690,M,2006,Chennai,Tamil Nadu,South,Organic Search,2025-12-09,18-24,2025-12-12,2025-12
17691,F,1998,Chandigarh,Chandigarh,North,Email,2025-12-09,25-34,,
17692,M,1998,Gurugram,Haryana,North,Referral,2025-12-09,25-34,2025-12-14,2025-12
17693,F,2006,Jaipur,Rajasthan,North,Affiliate,2025-12-09,18-24,2025-12-18,2025-12
17694,F,2000,Gurugram,Haryana,North,Referral,2025-12-09,25-34,2025-12-23,2025-12
17695,F,1995,Mumbai,Maharashtra,West,Email,2025-12-09,25-34,2025-12-11,2025-12
17696,F,1993,Delhi,Delhi,North,Paid Search,2025-12-09,25-34,2025-12-11,2025-12
17697,M,1977,Delhi,Delhi,North,Paid Social,2025-12-09,45+,2025-12-12,2025-12
17698,F,1979,Mumbai,Maharashtra,West,Paid Search,2025-12-09,45+,2025-12-10,2025-12
17699,M,1993,Indore,Madhya Pradesh,West,Email,2025-12-10,25-34,2025-12-11,2025-12
17700,M,1989,Indore,Madhya Pradesh,West,Affiliate,2025-12-10,35-44,2025-12-12,2025-12
17701,M,1994,Delhi,Delhi,North,Referral,2025-12-10,25-34,2025-12-12,2025-12
17702,M,2002,Kolkata,West Bengal,East,Referral,2025-12-10,18-24,2025-12-15,2025-12
17703,M,1987,Delhi,Delhi,North,Email,2025-12-10,35-44,2025-12-11,2025-12
17704,F,1981,Bengaluru,Karnataka,South,Organic Search,2025-12-10,35-44,2025-12-13,2025-12
17705,F,1983,Chennai,Tamil Nadu,South,Paid Social,2025-12-10,35-44,2025-12-12,2025-12
17706,M,1986,Chennai,Tamil Nadu,South,Referral,2025-12-10,35-44,2025-12-10,2025-12
17707,F,1984,Pune,Maharashtra,West,Paid Social,2025-12-10,35-44,2025-12-14,2025-12
17708,F,1994,Jaipur,Rajasthan,North,Paid Social,2025-12-10,25-34,2025-12-10,2025-12
17709,F,2006,Hyderabad,Telangana,South,Paid Search,2025-12-10,18-24,2025-12-12,2025-12
17710,M,1998,Indore,Madhya Pradesh,West,Organic Search,2025-12-10,25-34,2025-12-12,2025-12
17711,F,1999,Hyderabad,Telangana,South,Affiliate,2025-12-10,25-34,,
17712,M,1995,Mumbai,Maharashtra,West,Referral,2025-12-10,25-34,,
17713,F,1984,Kochi,Kerala,South,Paid Social,2025-12-10,35-44,2025-12-13,2025-12
17714,M,2006,Kochi,Kerala,South,Organic Search,2025-12-10,18-24,2025-12-14,2025-12
17715,F,1991,Bengaluru,Karnataka,South,Organic Search,2025-12-11,25-34,,
17716,M,2000,Kolkata,West Bengal,East,Paid Search,2025-12-11,25-34,2025-12-14,2025-12
17717,M,1976,Mumbai,Maharashtra,West,Organic Search,2025-12-11,45+,,
17718,F,1993,Noida,Uttar Pradesh,North,Organic Search,2025-12-11,25-34,2025-12-14,2025-12
17719,F,1992,Bengaluru,Karnataka,South,Organic Search,2025-12-11,25-34,2025-12-15,2025-12
17720,M,1991,Bengaluru,Karnataka,South,Paid Search,2025-12-11,25-34,2025-12-12,2025-12
17721,M,1982,Pune,Maharashtra,West,Organic Search,2025-12-11,35-44,,
17722,F,1995,Lucknow,Uttar Pradesh,North,Referral,2025-12-11,25-34,2025-12-12,2025-12
17723,M,2003,Bengaluru,Karnataka,South,Paid Social,2025-12-11,18-24,,
17724,F,2006,Gurugram,Haryana,North,Paid Social,2025-12-11,18-24,2025-12-12,2025-12
17725,M,2006,Hyderabad,Telangana,South,Affiliate,2025-12-11,18-24,2025-12-11,2025-12
17726,M,2004,Kochi,Kerala,South,Paid Social,2025-12-11,18-24,2025-12-11,2025-12
17727,M,2006,Gurugram,Haryana,North,Email,2025-12-11,18-24,2025-12-13,2025-12
17728,F,2006,Hyderabad,Telangana,South,Organic Search,2025-12-11,18-24,2025-12-11,2025-12
17729,F,1986,Noida,Uttar Pradesh,North,Organic Search,2025-12-11,35-44,2025-12-15,2025-12
17730,F,1996,Pune,Maharashtra,West,Paid Search,2025-12-11,25-34,,
17731,F,1983,Kochi,Kerala,South,Affiliate,2025-12-11,35-44,2025-12-11,2025-12
17732,F,1998,Delhi,Delhi,North,Email,2025-12-11,25-34,2025-12-12,2025-12
17733,F,1992,Delhi,Delhi,North,Paid Search,2025-12-11,25-34,2025-12-11,2025-12
17734,F,1992,Kolkata,West Bengal,East,Email,2025-12-12,25-34,2025-12-21,2025-12
17735,F,1991,Gurugram,Haryana,North,Organic Search,2025-12-12,25-34,2025-12-13,2025-12
17736,F,1974,Mumbai,Maharashtra,West,Paid Social,2025-12-12,45+,2025-12-20,2025-12
17737,M,1978,Mumbai,Maharashtra,West,Organic Search,2025-12-12,45+,2025-12-13,2025-12
17738,F,2000,Delhi,Delhi,North,Paid Social,2025-12-12,25-34,,
17739,M,1988,Gurugram,Haryana,North,Organic Search,2025-12-12,35-44,2025-12-16,2025-12
17740,M,2002,Hyderabad,Telangana,South,Paid Social,2025-12-12,18-24,,
17741,F,1992,Pune,Maharashtra,West,Paid Search,2025-12-12,25-34,,
17742,F,1981,Mumbai,Maharashtra,West,Paid Social,2025-12-12,35-44,2025-12-16,2025-12
17743,M,1982,Bengaluru,Karnataka,South,Organic Search,2025-12-12,35-44,,
17744,F,1988,Chandigarh,Chandigarh,North,Paid Social,2025-12-12,35-44,2025-12-12,2025-12
17745,M,1986,Mumbai,Maharashtra,West,Paid Search,2025-12-12,35-44,2025-12-15,2025-12
17746,F,1993,Kolkata,West Bengal,East,Organic Search,2025-12-12,25-34,2025-12-20,2025-12
17747,F,1996,Hyderabad,Telangana,South,Paid Social,2025-12-12,25-34,,
17748,M,1996,Ahmedabad,Gujarat,West,Organic Search,2025-12-12,25-34,2025-12-21,2025-12
17749,M,1995,Pune,Maharashtra,West,Paid Search,2025-12-12,25-34,2025-12-12,2025-12
17750,M,2001,Chennai,Tamil Nadu,South,Paid Search,2025-12-12,18-24,2025-12-19,2025-12
17751,M,2002,Indore,Madhya Pradesh,West,Paid Social,2025-12-13,18-24,2025-12-14,2025-12
17752,M,1986,Chandigarh,Chandigarh,North,Paid Social,2025-12-13,35-44,2025-12-20,2025-12
17753,F,1979,Mumbai,Maharashtra,West,Organic Search,2025-12-13,45+,2025-12-16,2025-12
17754,F,1988,Gurugram,Haryana,North,Organic Search,2025-12-13,35-44,2025-12-15,2025-12
17755,F,1994,Kolkata,West Bengal,East,Paid Social,2025-12-13,25-34,,
17756,M,1989,Bengaluru,Karnataka,South,Referral,2025-12-13,35-44,2025-12-14,2025-12
17757,F,1999,Mumbai,Maharashtra,West,Organic Search,2025-12-13,25-34,2025-12-21,2025-12
17758,M,1983,Mumbai,Maharashtra,West,Organic Search,2025-12-13,35-44,2025-12-13,2025-12
17759,F,2006,Kochi,Kerala,South,Referral,2025-12-13,18-24,2025-12-14,2025-12
17760,F,2000,Mumbai,Maharashtra,West,Paid Search,2025-12-13,25-34,2025-12-14,2025-12
17761,F,1990,Hyderabad,Telangana,South,Organic Search,2025-12-13,35-44,2025-12-14,2025-12
17762,M,1987,Chennai,Tamil Nadu,South,Organic Search,2025-12-14,35-44,2025-12-16,2025-12
17763,M,1992,Kochi,Kerala,South,Affiliate,2025-12-14,25-34,2025-12-14,2025-12
17764,F,2003,Mumbai,Maharashtra,West,Paid Social,2025-12-14,18-24,2025-12-16,2025-12
17765,M,1990,Hyderabad,Telangana,South,Organic Search,2025-12-14,35-44,2025-12-16,2025-12
17766,F,1989,Chandigarh,Chandigarh,North,Paid Search,2025-12-14,35-44,2025-12-14,2025-12
17767,M,1993,Kolkata,West Bengal,East,Organic Search,2025-12-14,25-34,2025-12-14,2025-12
17768,F,1983,Delhi,Delhi,North,Organic Search,2025-12-14,35-44,2025-12-18,2025-12
17769,F,2002,Ahmedabad,Gujarat,West,Affiliate,2025-12-14,18-24,,
17770,F,1998,Pune,Maharashtra,West,Paid Search,2025-12-14,25-34,2025-12-20,2025-12
17771,M,2001,Chennai,Tamil Nadu,South,Paid Social,2025-12-14,18-24,2025-12-20,2025-12
17772,M,2005,Noida,Uttar Pradesh,North,Email,2025-12-14,18-24,2025-12-31,2025-12
17773,F,1987,Delhi,Delhi,North,Organic Search,2025-12-14,35-44,2025-12-14,2025-12
17774,M,1994,Chennai,Tamil Nadu,South,Organic Search,2025-12-14,25-34,2025-12-15,2025-12
17775,M,1993,Mumbai,Maharashtra,West,Organic Search,2025-12-14,25-34,2025-12-14,2025-12
17776,F,2006,Chandigarh,Chandigarh,North,Paid Social,2025-12-15,18-24,,
17777,F,1990,Delhi,Delhi,North,Paid Search,2025-12-15,35-44,2025-12-16,2025-12
17778,F,1979,Kochi,Kerala,South,Paid Social,2025-12-15,45+,2025-12-16,2025-12
17779,M,1990,Bengaluru,Karnataka,South,Organic Search,2025-12-15,35-44,2025-12-18,2025-12
17780,M,2001,Bengaluru,Karnataka,South,Organic Search,2025-12-15,18-24,2025-12-16,2025-12
17781,F,1998,Chennai,Tamil Nadu,South,Paid Search,2025-12-15,25-34,2025-12-16,2025-12
17782,F,1993,Chennai,Tamil Nadu,South,Organic Search,2025-12-15,25-34,2025-12-16,2025-12
17783,F,1990,Mumbai,Maharashtra,West,Referral,2025-12-15,35-44,2025-12-21,2025-12
17784,F,1996,Gurugram,Haryana,North,Affiliate,2025-12-15,25-34,2025-12-16,2025-12
17785,F,1998,Bengaluru,Karnataka,South,Affiliate,2025-12-15,25-34,2025-12-16,2025-12
17786,F,1995,Bengaluru,Karnataka,South,Paid Search,2025-12-15,25-34,,
17787,F,1991,Delhi,Delhi,North,Paid Search,2025-12-15,25-34,2025-12-20,2025-12
17788,F,1993,Chennai,Tamil Nadu,South,Paid Social,2025-12-15,25-34,2025-12-15,2025-12
17789,M,1989,Chandigarh,Chandigarh,North,Organic Search,2025-12-16,35-44,2025-12-22,2025-12
17790,F,2002,Mumbai,Maharashtra,West,Affiliate,2025-12-16,18-24,,
17791,M,1992,Pune,Maharashtra,West,Paid Social,2025-12-16,25-34,,
17792,M,1986,Kochi,Kerala,South,Paid Search,2025-12-16,35-44,,
17793,M,2006,Gurugram,Haryana,North,Referral,2025-12-16,18-24,2025-12-22,2025-12
17794,M,1988,Mumbai,Maharashtra,West,Organic Search,2025-12-16,35-44,,
17795,F,1986,Pune,Maharashtra,West,Referral,2025-12-16,35-44,2025-12-29,2025-12
17796,M,1984,Kolkata,West Bengal,East,Paid Search,2025-12-16,35-44,,
17797,M,1988,Mumbai,Maharashtra,West,Email,2025-12-16,35-44,,
17798,M,1999,Mumbai,Maharashtra,West,Affiliate,2025-12-16,25-34,2025-12-17,2025-12
17799,M,1981,Kolkata,West Bengal,East,Paid Search,2025-12-16,35-44,2025-12-18,2025-12
17800,M,1995,Bengaluru,Karnataka,South,Paid Social,2025-12-17,25-34,,
17801,F,1989,Gurugram,Haryana,North,Organic Search,2025-12-17,35-44,2025-12-19,2025-12
17802,F,1987,Gurugram,Haryana,North,Referral,2025-12-17,35-44,2025-12-17,2025-12
17803,F,1980,Bengaluru,Karnataka,South,Paid Social,2025-12-17,45+,,
17804,F,1993,Mumbai,Maharashtra,West,Affiliate,2025-12-17,25-34,2025-12-22,2025-12
17805,M,1980,Delhi,Delhi,North,Email,2025-12-17,45+,2025-12-18,2025-12
17806,M,1991,Mumbai,Maharashtra,West,Organic Search,2025-12-17,25-34,2025-12-28,2025-12
17807,M,1996,Kolkata,West Bengal,East,Organic Search,2025-12-17,25-34,2025-12-19,2025-12
17808,M,1975,Bengaluru,Karnataka,South,Paid Social,2025-12-17,45+,2025-12-19,2025-12
17809,M,1999,Ahmedabad,Gujarat,West,Paid Search,2025-12-18,25-34,2025-12-22,2025-12
17810,F,1978,Noida,Uttar Pradesh,North,Organic Search,2025-12-18,45+,2025-12-18,2025-12
17811,F,2006,Chandigarh,Chandigarh,North,Paid Social,2025-12-18,18-24,,
17812,F,1992,Kolkata,West Bengal,East,Paid Social,2025-12-18,25-34,2025-12-18,2025-12
17813,F,1987,Bengaluru,Karnataka,South,Paid Social,2025-12-18,35-44,2025-12-19,2025-12
17814,M,1995,Jaipur,Rajasthan,North,Paid Search,2025-12-18,25-34,,
17815,F,1986,Bengaluru,Karnataka,South,Organic Search,2025-12-18,35-44,,
17816,M,1974,Delhi,Delhi,North,Organic Search,2025-12-18,45+,,
17817,F,2003,Mumbai,Maharashtra,West,Referral,2025-12-18,18-24,2025-12-23,2025-12
17818,M,1991,Noida,Uttar Pradesh,North,Paid Search,2025-12-18,25-34,2025-12-20,2025-12
17819,M,1994,Chennai,Tamil Nadu,South,Paid Search,2025-12-18,25-34,2025-12-19,2025-12
17820,M,1992,Bengaluru,Karnataka,South,Affiliate,2025-12-18,25-34,2025-12-18,2025-12
17821,M,1987,Pune,Maharashtra,West,Email,2025-12-18,35-44,2025-12-21,2025-12
17822,F,1985,Mumbai,Maharashtra,West,Organic Search,2025-12-19,35-44,2025-12-19,2025-12
17823,M,1999,Chennai,Tamil Nadu,South,Referral,2025-12-19,25-34,2025-12-19,2025-12
17824,M,1998,Noida,Uttar Pradesh,North,Organic Search,2025-12-19,25-34,2025-12-22,2025-12
17825,F,1993,Delhi,Delhi,North,Referral,2025-12-19,25-34,2025-12-19,2025-12
17826,M,2002,Chennai,Tamil Nadu,South,Organic Search,2025-12-19,18-24,2025-12-21,2025-12
17827,F,1993,Chennai,Tamil Nadu,South,Organic Search,2025-12-19,25-34,,
17828,F,2002,Lucknow,Uttar Pradesh,North,Affiliate,2025-12-19,18-24,2025-12-28,2025-12
17829,M,2005,Noida,Uttar Pradesh,North,Paid Social,2025-12-19,18-24,2025-12-21,2025-12
17830,F,2002,Bengaluru,Karnataka,South,Paid Search,2025-12-19,18-24,,
17831,F,1997,Gurugram,Haryana,North,Email,2025-12-19,25-34,2025-12-19,2025-12
17832,F,1985,Bengaluru,Karnataka,South,Paid Search,2025-12-19,35-44,,
17833,F,1997,Bengaluru,Karnataka,South,Organic Search,2025-12-19,25-34,2025-12-20,2025-12
17834,F,1990,Bengaluru,Karnataka,South,Paid Search,2025-12-19,35-44,2025-12-26,2025-12
17835,F,1999,Mumbai,Maharashtra,West,Paid Social,2025-12-19,25-34,,
17836,F,2006,Hyderabad,Telangana,South,Paid Social,2025-12-19,18-24,,
17837,F,1993,Kochi,Kerala,South,Paid Search,2025-12-19,25-34,2025-12-21,2025-12
17838,F,1985,Bengaluru,Karnataka,South,Paid Social,2025-12-19,35-44,2025-12-22,2025-12
17839,F,1999,Mumbai,Maharashtra,West,Paid Social,2025-12-19,25-34,2025-12-22,2025-12
17840,F,1993,Kolkata,West Bengal,East,Paid Search,2025-12-19,25-34,,
17841,F,2006,Mumbai,Maharashtra,West,Organic Search,2025-12-19,18-24,2025-12-23,2025-12
17842,F,1994,Delhi,Delhi,North,Organic Search,2025-12-20,25-34,2025-12-20,2025-12
17843,F,1993,Gurugram,Haryana,North,Referral,2025-12-20,25-34,2025-12-27,2025-12
17844,F,1994,Mumbai,Maharashtra,West,Referral,2025-12-20,25-34,2025-12-22,2025-12
17845,M,1996,Gurugram,Haryana,North,Paid Search,2025-12-20,25-34,2025-12-25,2025-12
17846,F,1978,Hyderabad,Telangana,South,Paid Search,2025-12-20,45+,2025-12-21,2025-12
17847,F,1987,Delhi,Delhi,North,Paid Social,2025-12-20,35-44,,
17848,M,2002,Mumbai,Maharashtra,West,Organic Search,2025-12-20,18-24,2025-12-20,2025-12
17849,F,1988,Chennai,Tamil Nadu,South,Paid Social,2025-12-20,35-44,,
17850,F,1993,Delhi,Delhi,North,Paid Search,2025-12-20,25-34,2025-12-25,2025-12
17851,M,1992,Ahmedabad,Gujarat,West,Paid Search,2025-12-20,25-34,,
17852,F,1988,Kolkata,West Bengal,East,Organic Search,2025-12-20,35-44,2025-12-30,2025-12
17853,M,1992,Delhi,Delhi,North,Affiliate,2025-12-20,25-34,2025-12-22,2025-12
17854,M,1985,Mumbai,Maharashtra,West,Organic Search,2025-12-20,35-44,2025-12-21,2025-12
17855,M,1982,Delhi,Delhi,North,Organic Search,2025-12-20,35-44,2025-12-31,2025-12
17856,M,1995,Bengaluru,Karnataka,South,Paid Search,2025-12-20,25-34,2025-12-21,2025-12
17857,F,2006,Mumbai,Maharashtra,West,Referral,2025-12-20,18-24,,
17858,M,1999,Kolkata,West Bengal,East,Referral,2025-12-21,25-34,2025-12-21,2025-12
17859,F,2000,Bengaluru,Karnataka,South,Paid Social,2025-12-21,25-34,,
17860,F,2002,Indore,Madhya Pradesh,West,Paid Social,2025-12-21,18-24,2025-12-22,2025-12
17861,F,1995,Kochi,Kerala,South,Paid Search,2025-12-21,25-34,2025-12-29,2025-12
17862,F,1994,Delhi,Delhi,North,Organic Search,2025-12-21,25-34,2025-12-22,2025-12
17863,F,1987,Hyderabad,Telangana,South,Organic Search,2025-12-21,35-44,2025-12-24,2025-12
17864,M,2000,Bengaluru,Karnataka,South,Paid Search,2025-12-21,25-34,2025-12-23,2025-12
17865,F,1996,Bengaluru,Karnataka,South,Paid Social,2025-12-21,25-34,,
17866,M,1988,Bengaluru,Karnataka,South,Paid Social,2025-12-21,35-44,,
17867,M,1991,Delhi,Delhi,North,Affiliate,2025-12-21,25-34,2025-12-21,2025-12
17868,F,1984,Hyderabad,Telangana,South,Paid Social,2025-12-22,35-44,2025-12-26,2025-12
17869,F,1998,Bengaluru,Karnataka,South,Paid Social,2025-12-22,25-34,,
17870,F,2006,Hyderabad,Telangana,South,Affiliate,2025-12-22,18-24,2025-12-25,2025-12
17871,F,1984,Chennai,Tamil Nadu,South,Organic Search,2025-12-22,35-44,2025-12-22,2025-12
17872,F,2002,Ahmedabad,Gujarat,West,Paid Search,2025-12-22,18-24,2025-12-22,2025-12
17873,F,2003,Kolkata,West Bengal,East,Referral,2025-12-22,18-24,,
17874,M,1984,Delhi,Delhi,North,Paid Social,2025-12-22,35-44,2025-12-24,2025-12
17875,M,1977,Delhi,Delhi,North,Email,2025-12-22,45+,2025-12-26,2025-12
17876,F,1994,Chandigarh,Chandigarh,North,Paid Social,2025-12-22,25-34,,
17877,M,1992,Noida,Uttar Pradesh,North,Affiliate,2025-12-22,25-34,2025-12-25,2025-12
17878,M,1992,Ahmedabad,Gujarat,West,Organic Search,2025-12-22,25-34,2025-12-26,2025-12
17879,M,2003,Jaipur,Rajasthan,North,Referral,2025-12-22,18-24,2025-12-29,2025-12
17880,F,1991,Bengaluru,Karnataka,South,Organic Search,2025-12-22,25-34,,
17881,F,2006,Kolkata,West Bengal,East,Organic Search,2025-12-22,18-24,2025-12-23,2025-12
17882,M,1981,Hyderabad,Telangana,South,Organic Search,2025-12-22,35-44,2025-12-26,2025-12
17883,F,1987,Mumbai,Maharashtra,West,Paid Social,2025-12-22,35-44,2025-12-26,2025-12
17884,F,1987,Kolkata,West Bengal,East,Paid Search,2025-12-22,35-44,2025-12-25,2025-12
17885,F,1992,Hyderabad,Telangana,South,Organic Search,2025-12-23,25-34,,
17886,F,2005,Hyderabad,Telangana,South,Paid Social,2025-12-23,18-24,2025-12-23,2025-12
17887,M,1985,Noida,Uttar Pradesh,North,Paid Social,2025-12-23,35-44,,
17888,M,1986,Bengaluru,Karnataka,South,Paid Search,2025-12-23,35-44,2025-12-31,2025-12
17889,F,1988,Delhi,Delhi,North,Paid Social,2025-12-23,35-44,2025-12-24,2025-12
17890,M,1993,Lucknow,Uttar Pradesh,North,Email,2025-12-23,25-34,2025-12-28,2025-12
17891,F,1995,Delhi,Delhi,North,Referral,2025-12-23,25-34,2025-12-23,2025-12
17892,F,1990,Bengaluru,Karnataka,South,Paid Social,2025-12-23,35-44,,
17893,M,1983,Delhi,Delhi,North,Referral,2025-12-23,35-44,2025-12-23,2025-12
17894,F,1993,Mumbai,Maharashtra,West,Email,2025-12-23,25-34,2025-12-26,2025-12
17895,M,2005,Bengaluru,Karnataka,South,Paid Search,2025-12-23,18-24,2025-12-26,2025-12
17896,M,2001,Jaipur,Rajasthan,North,Organic Search,2025-12-23,18-24,2025-12-23,2025-12
17897,F,1990,Mumbai,Maharashtra,West,Organic Search,2025-12-24,35-44,,
17898,F,1994,Chennai,Tamil Nadu,South,Paid Social,2025-12-24,25-34,2025-12-24,2025-12
17899,F,1997,Kochi,Kerala,South,Affiliate,2025-12-24,25-34,,
17900,F,2001,Chennai,Tamil Nadu,South,Organic Search,2025-12-24,18-24,2025-12-29,2025-12
17901,M,2006,Bengaluru,Karnataka,South,Paid Social,2025-12-24,18-24,,
17902,F,1996,Jaipur,Rajasthan,North,Organic Search,2025-12-24,25-34,2025-12-25,2025-12
17903,M,1984,Delhi,Delhi,North,Paid Social,2025-12-24,35-44,2025-12-26,2025-12
17904,F,1981,Pune,Maharashtra,West,Email,2025-12-24,35-44,2025-12-31,2025-12
17905,F,1998,Kochi,Kerala,South,Referral,2025-12-24,25-34,,
17906,F,1982,Noida,Uttar Pradesh,North,Affiliate,2025-12-24,35-44,,
17907,F,2000,Noida,Uttar Pradesh,North,Paid Social,2025-12-24,25-34,2025-12-24,2025-12
17908,M,1989,Hyderabad,Telangana,South,Paid Social,2025-12-24,35-44,2025-12-31,2025-12
17909,F,1984,Indore,Madhya Pradesh,West,Email,2025-12-24,35-44,2025-12-26,2025-12
17910,M,1998,Mumbai,Maharashtra,West,Paid Social,2025-12-24,25-34,,
17911,M,1985,Chennai,Tamil Nadu,South,Affiliate,2025-12-25,35-44,,
17912,F,1997,Ahmedabad,Gujarat,West,Organic Search,2025-12-25,25-34,,
17913,F,1995,Kochi,Kerala,South,Organic Search,2025-12-25,25-34,,
17914,M,1978,Mumbai,Maharashtra,West,Organic Search,2025-12-25,45+,2025-12-25,2025-12
17915,F,2005,Mumbai,Maharashtra,West,Email,2025-12-25,18-24,2025-12-30,2025-12
17916,M,2004,Delhi,Delhi,North,Organic Search,2025-12-25,18-24,2025-12-25,2025-12
17917,M,2001,Mumbai,Maharashtra,West,Referral,2025-12-25,18-24,,
17918,F,2001,Gurugram,Haryana,North,Paid Search,2025-12-25,18-24,,
17919,M,1988,Delhi,Delhi,North,Paid Social,2025-12-26,35-44,2025-12-27,2025-12
17920,M,2003,Lucknow,Uttar Pradesh,North,Referral,2025-12-26,18-24,2025-12-28,2025-12
17921,F,2000,Pune,Maharashtra,West,Paid Search,2025-12-26,25-34,2025-12-29,2025-12
17922,F,1977,Lucknow,Uttar Pradesh,North,Organic Search,2025-12-26,45+,2025-12-26,2025-12
17923,F,1986,Delhi,Delhi,North,Paid Social,2025-12-26,35-44,2025-12-29,2025-12
17924,F,1987,Mumbai,Maharashtra,West,Affiliate,2025-12-26,35-44,2025-12-26,2025-12
17925,F,2005,Gurugram,Haryana,North,Organic Search,2025-12-26,18-24,2025-12-26,2025-12
17926,F,1986,Delhi,Delhi,North,Organic Search,2025-12-26,35-44,,
17927,M,1989,Kolkata,West Bengal,East,Email,2025-12-26,35-44,2025-12-30,2025-12
17928,M,1983,Pune,Maharashtra,West,Organic Search,2025-12-26,35-44,2025-12-29,2025-12
17929,F,1990,Hyderabad,Telangana,South,Organic Search,2025-12-26,35-44,,
17930,F,2002,Gurugram,Haryana,North,Email,2025-12-26,18-24,2025-12-27,2025-12
17931,M,1982,Mumbai,Maharashtra,West,Referral,2025-12-26,35-44,,
17932,M,1997,Delhi,Delhi,North,Organic Search,2025-12-27,25-34,,
17933,F,1986,Mumbai,Maharashtra,West,Affiliate,2025-12-27,35-44,2025-12-27,2025-12
17934,M,2006,Hyderabad,Telangana,South,Paid Social,2025-12-27,18-24,2025-12-29,2025-12
17935,M,1994,Chennai,Tamil Nadu,South,Organic Search,2025-12-27,25-34,,
17936,F,1993,Pune,Maharashtra,West,Paid Search,2025-12-27,25-34,2025-12-28,2025-12
17937,M,1989,Jaipur,Rajasthan,North,Email,2025-12-27,35-44,2025-12-29,2025-12
17938,F,1995,Bengaluru,Karnataka,South,Paid Social,2025-12-27,25-34,2025-12-30,2025-12
17939,F,1982,Bengaluru,Karnataka,South,Paid Social,2025-12-27,35-44,,
17940,F,1994,Pune,Maharashtra,West,Paid Search,2025-12-27,25-34,,
17941,F,1989,Pune,Maharashtra,West,Organic Search,2025-12-27,35-44,2025-12-28,2025-12
17942,M,1988,Pune,Maharashtra,West,Paid Social,2025-12-27,35-44,,
17943,F,2006,Chandigarh,Chandigarh,North,Organic Search,2025-12-27,18-24,2025-12-31,2025-12
17944,M,2005,Pune,Maharashtra,West,Referral,2025-12-27,18-24,2025-12-31,2025-12
17945,M,2005,Delhi,Delhi,North,Organic Search,2025-12-28,18-24,,
17946,M,2000,Ahmedabad,Gujarat,West,Organic Search,2025-12-28,25-34,,
17947,M,1997,Pune,Maharashtra,West,Organic Search,2025-12-28,25-34,2025-12-29,2025-12
17948,F,2005,Mumbai,Maharashtra,West,Referral,2025-12-28,18-24,2025-12-29,2025-12
17949,F,1996,Chandigarh,Chandigarh,North,Paid Search,2025-12-28,25-34,,
17950,F,1998,Bengaluru,Karnataka,South,Paid Search,2025-12-28,25-34,2025-12-28,2025-12
17951,M,2005,Pune,Maharashtra,West,Paid Social,2025-12-28,18-24,2025-12-30,2025-12
17952,M,2000,Delhi,Delhi,North,Paid Social,2025-12-28,25-34,,
17953,F,1997,Mumbai,Maharashtra,West,Email,2025-12-28,25-34,2025-12-28,2025-12
17954,F,2000,Delhi,Delhi,North,Paid Search,2025-12-28,25-34,2025-12-31,2025-12
17955,M,1994,Mumbai,Maharashtra,West,Organic Search,2025-12-28,25-34,2025-12-29,2025-12
17956,F,1998,Pune,Maharashtra,West,Email,2025-12-28,25-34,,
17957,F,1998,Mumbai,Maharashtra,West,Paid Social,2025-12-28,25-34,2025-12-29,2025-12
17958,F,1984,Mumbai,Maharashtra,West,Paid Social,2025-12-28,35-44,,
17959,F,1988,Jaipur,Rajasthan,North,Organic Search,2025-12-28,35-44,,
17960,F,1999,Mumbai,Maharashtra,West,Email,2025-12-28,25-34,,
17961,M,1995,Delhi,Delhi,North,Affiliate,2025-12-28,25-34,2025-12-31,2025-12
17962,F,1993,Kolkata,West Bengal,East,Paid Search,2025-12-29,25-34,2025-12-29,2025-12
17963,M,1996,Ahmedabad,Gujarat,West,Organic Search,2025-12-29,25-34,,
17964,M,1978,Bengaluru,Karnataka,South,Organic Search,2025-12-29,45+,,
17965,F,1992,Gurugram,Haryana,North,Paid Search,2025-12-29,25-34,2025-12-31,2025-12
17966,M,1992,Kochi,Kerala,South,Paid Social,2025-12-29,25-34,,
17967,M,1995,Ahmedabad,Gujarat,West,Paid Search,2025-12-29,25-34,,
17968,M,2000,Mumbai,Maharashtra,West,Paid Social,2025-12-29,25-34,2025-12-30,2025-12
17969,F,1991,Bengaluru,Karnataka,South,Organic Search,2025-12-29,25-34,,
17970,M,2004,Jaipur,Rajasthan,North,Organic Search,2025-12-29,18-24,,
17971,F,1986,Kolkata,West Bengal,East,Affiliate,2025-12-29,35-44,,
17972,F,1999,Gurugram,Haryana,North,Paid Search,2025-12-29,25-34,2025-12-31,2025-12
17973,F,1989,Chennai,Tamil Nadu,South,Affiliate,2025-12-29,35-44,,
17974,M,2003,Kolkata,West Bengal,East,Paid Social,2025-12-29,18-24,,
17975,F,1995,Pune,Maharashtra,West,Organic Search,2025-12-29,25-34,,
17976,F,1984,Chennai,Tamil Nadu,South,Paid Social,2025-12-29,35-44,,
17977,M,1994,Delhi,Delhi,North,Affiliate,2025-12-29,25-34,,
17978,M,1997,Bengaluru,Karnataka,South,Referral,2025-12-29,25-34,,
17979,M,1995,Mumbai,Maharashtra,West,Paid Search,2025-12-29,25-34,,
17980,F,1996,Mumbai,Maharashtra,West,Organic Search,2025-12-29,25-34,,
17981,M,1992,Mumbai,Maharashtra,West,Paid Search,2025-12-30,25-34,,
17982,M,1989,Indore,Madhya Pradesh,West,Organic Search,2025-12-30,35-44,,
17983,F,1980,Indore,Madhya Pradesh,West,Paid Search,2025-12-30,45+,,
17984,F,1998,Jaipur,Rajasthan,North,Email,2025-12-30,25-34,,
17985,F,1998,Mumbai,Maharashtra,West,Paid Social,2025-12-30,25-34,2025-12-31,2025-12
17986,M,2006,Lucknow,Uttar Pradesh,North,Referral,2025-12-30,18-24,,
17987,F,1993,Bengaluru,Karnataka,South,Paid Social,2025-12-30,25-34,,
17988,F,1996,Delhi,Delhi,North,Organic Search,2025-12-30,25-34,,
17989,M,1995,Mumbai,Maharashtra,West,Organic Search,2025-12-30,25-34,,
17990,M,2000,Kolkata,West Bengal,East,Referral,2025-12-30,25-34,,
17991,M,1989,Kolkata,West Bengal,East,Paid Search,2025-12-30,35-44,,
17992,M,1995,Pune,Maharashtra,West,Paid Social,2025-12-30,25-34,,
17993,M,1994,Lucknow,Uttar Pradesh,North,Organic Search,2025-12-30,25-34,2025-12-30,2025-12
17994,M,1999,Ahmedabad,Gujarat,West,Paid Search,2025-12-30,25-34,,
17995,M,2006,Pune,Maharashtra,West,Organic Search,2025-12-30,18-24,,
17996,M,1996,Delhi,Delhi,North,Organic Search,2025-12-30,25-34,,
17997,F,1982,Kolkata,West Bengal,East,Email,2025-12-30,35-44,2025-12-31,2025-12
17998,F,1984,Chandigarh,Chandigarh,North,Paid Social,2025-12-30,35-44,2025-12-31,2025-12
17999,M,2002,Mumbai,Maharashtra,West,Email,2025-12-30,18-24,,
18000,M,1980,Pune,Maharashtra,West,Email,2025-12-30,45+,,
