order_id,customer_id,order_ts,status,payment_method,device,coupon_code,shipping_fee
500001,10003,2024-01-02 16:47:00,delivered ,Cash on Delivery,Desktop,,0.0
500002,10009,2024-01-02 22:26:00,Delivered,Debit Card,Desktop,,0.0
500003,10007,2024-01-03 18:22:00,Delivered,Credit Card,Mobile App,WELCOME15,0.0
500004,10014,2024-01-03 19:09:00,RETURNED,Cash on Delivery,Mobile App,,0.0
500005,10008,2024-01-03 22:09:00,Delivered,cod,Mobile App,WELCOME15,0.0
500006,10025,2024-01-04 13:40:00,DELIVERED,UPI,Desktop,,0.0
500007,10004,2024-01-04 16:46:00,Delivered,Upi,Mobile Web,,0.0
500008,10002,2024-01-05 08:28:00,Delivered,Net Banking,Mobile App,,0.0
500009,10037,2024-01-05 09:00:00,Delivered,Cash on Delivery,Mobile App,WELCOME15,0.0
500010,10030,2024-01-05 18:16:00,Delivered,Credit Card,Mobile App,,0.0
500011,10012,2024-01-05 20:00:00,Delivered,UPI,Mobile App,,0.0
500012,10011,2024-01-05 20:00:00,Delivered,Cash on Delivery,Mobile App,,49.0
500013,10040,2024-01-05 21:52:00,delivered ,UPI,Mobile App,SAVE5,0.0
500014,10028,2024-01-06 09:40:00,Delivered,upi,Mobile Web,,0.0
500015,10044,2024-01-06 11:17:00,DELIVERED,UPI,Mobile Web,WELCOME15,0.0
500016,10016,2024-01-06 20:20:00,Delivered,cod,Mobile App,,0.0
500017,10013,2024-01-06 23:12:00,Delivered,Upi,Mobile App,WELCOME15,0.0
500018,10015,2024-01-07 15:30:00,Returned,UPI,Mobile App,WELCOME15,0.0
500019,10035,2024-01-07 16:04:00,Delivered,Cash On Delivery,Mobile App,,0.0
500020,10023,2024-01-07 17:32:00,delivered ,Cash on Delivery,Mobile App,SAVE5,49.0
500020,10023,2024-01-07 17:32:00,delivered ,Cash on Delivery,Mobile App,SAVE5,49.0
500021,10055,2024-01-07 17:43:00,Cancelled,upi,Desktop,WELCOME15,49.0
500022,10050,2024-01-07 22:16:00,delivered ,UPI,Mobile Web,,0.0
500023,10054,2024-01-08 07:38:00,Delivered,UPI,Mobile App,SAVE5,49.0
500024,10001,2024-01-08 09:26:00,Delivered,UPI,Desktop,WELCOME15,0.0
500025,10061,2024-01-08 13:06:00,Delivered,UPI,Desktop,WELCOME15,0.0
500026,10057,2024-01-08 17:24:00,DELIVERED,Credit Card,Mobile App,,0.0
500027,10039,2024-01-08 17:28:00,Delivered,UPI,Mobile App,,0.0
500028,10033,2024-01-08 21:03:00,Delivered,UPI,Mobile Web,,0.0
500029,10005,2024-01-08 22:10:00,cancelled ,Cash on Delivery,Mobile App,,0.0
500030,10056,2024-01-09 11:50:00,Delivered,UPI,Mobile Web,SAVE5,0.0
500031,10049,2024-01-09 13:24:00,Delivered,UPI,Desktop,WELCOME15,0.0
500032,10063,2024-01-09 16:50:00,Delivered,UPI,Mobile App,,0.0
500033,10045,2024-01-09 20:50:00,Returned,Upi,Mobile App,WELCOME15,0.0
500034,10047,2024-01-09 22:12:00,Delivered,credit card,Mobile Web,,0.0
500035,10042,2024-01-09 23:20:00,DELIVERED,cod,Desktop,WELCOME15,49.0
500036,10051,2024-01-10 22:11:00,Delivered,UPI,Mobile App,WELCOME15,0.0
500037,10043,2024-01-10 22:13:00,Delivered,Credit Card,Mobile Web,,0.0
500038,10068,2024-01-11 07:59:00,Delivered,UPI,Mobile Web,,0.0
500039,10064,2024-01-11 08:13:00,Delivered,UPI,Mobile Web,WELCOME15,0.0
500040,10003,2024-01-11 09:53:00,Delivered,Cash On Delivery,Mobile App,,0.0
500041,10070,2024-01-11 14:29:00,Delivered,UPI,Mobile App,,0.0
500042,10067,2024-01-11 14:39:00,Delivered,UPI,Mobile App,WELCOME15,0.0
500043,10080,2024-01-11 16:19:00,Delivered,Net Banking,Mobile App,SAVE5,0.0
500044,10053,2024-01-12 08:28:00,DELIVERED,Debit Card,Desktop,,0.0
500045,10075,2024-01-12 10:23:00,cancelled ,Cash on Delivery,Mobile Web,WELCOME15,0.0
500046,10052,2024-01-12 10:59:00,Returned,UPI,Desktop,,0.0
500047,10012,2024-01-12 15:35:00,Cancelled,Debit Card,Mobile App,,0.0
500048,10020,2024-01-12 20:38:00,Delivered,Cash on Delivery,Mobile App,,0.0
500049,10085,2024-01-12 22:38:00,Delivered,COD,Desktop,,0.0
500050,10065,2024-01-12 23:45:00,DELIVERED,Net Banking,Mobile Web,SAVE5,0.0
500051,10066,2024-01-13 09:39:00,Delivered,UPI,Mobile App,SAVE5,0.0
500052,10083,2024-01-13 18:03:00,delivered ,UPI,Desktop,WELCOME15,0.0
500053,10062,2024-01-13 21:17:00,Delivered,upi,Desktop,WELCOME15,0.0
500054,10027,2024-01-13 21:57:00,Returned,UPI,Desktop,,0.0
500055,10022,2024-01-13 23:05:00,Delivered,Debit Card,Mobile Web,SAVE5,49.0
500056,10035,2024-01-13 23:47:00,Delivered,Upi,Mobile App,,0.0
500057,10090,2024-01-14 20:26:00,Delivered,Cash on Delivery,Desktop,WELCOME15,0.0
500058,10006,2024-01-14 23:30:00,Delivered,UPI,Mobile App,,49.0
500059,10094,2024-01-15 08:29:00,delivered ,Credit Card,Desktop,SAVE5,49.0
500060,10089,2024-01-15 10:52:00,DELIVERED,DC,Desktop,,0.0
500061,10078,2024-01-15 11:32:00,delivered ,Net Banking,Mobile Web,WELCOME15,0.0
500062,10005,2024-01-15 12:18:00,RETURNED,Net Banking,Mobile Web,SAVE5,0.0
500063,10018,2024-01-15 12:31:00,Cancelled,Credit Card,Desktop,WELCOME15,0.0
500064,10072,2024-01-15 13:34:00,Delivered,upi,Desktop,,0.0
500065,10081,2024-01-15 18:16:00,delivered ,UPI,Mobile App,SAVE5,0.0
500066,10105,2024-01-16 07:05:00,Delivered,Credit Card,Mobile Web,,49.0
500067,10058,2024-01-16 12:06:00,Returned,upi,Mobile Web,,0.0
500068,10101,2024-01-16 14:54:00,Delivered,UPI,Mobile App,WELCOME15,0.0
500069,10086,2024-01-16 17:27:00,Delivered,Credit Card,Mobile App,,0.0
500070,10111,2024-01-17 09:35:00,Delivered,Net Banking,Mobile App,WELCOME15,0.0
500071,10097,2024-01-17 10:32:00,Delivered,UPI,Mobile App,,0.0
500072,10088,2024-01-17 18:14:00,Delivered,UPI,Mobile App,WELCOME15,0.0
500073,10116,2024-01-17 18:17:00,Delivered,UPI,Mobile Web,WELCOME15,0.0
500074,10079,2024-01-17 22:50:00,Delivered,debit card,Mobile App,SAVE5,0.0
500075,10104,2024-01-17 23:01:00,Delivered,UPI,Mobile Web,WELCOME15,0.0
500076,10099,2024-01-17 23:21:00,Returned,UPI,Mobile App,,0.0
500077,10077,2024-01-18 13:56:00,delivered ,credit card,Mobile App,WELCOME15,0.0
500078,10117,2024-01-18 15:10:00,Delivered,UPI,Mobile Web,,49.0
500079,10119,2024-01-18 15:50:00,delivered ,UPI,Mobile App,,0.0
500080,10113,2024-01-18 19:11:00,DELIVERED,Debit Card,Mobile Web,WELCOME15,0.0
500081,10106,2024-01-18 23:41:00,delivered ,UPI,Mobile App,WELCOME15,0.0
500082,10092,2024-01-19 20:18:00,Delivered,UPI,Mobile App,,0.0
500083,10020,2024-01-19 21:49:00,Delivered,Cash on Delivery,Mobile Web,,49.0
500084,10109,2024-01-19 22:20:00,Delivered,Credit Card,Desktop,,0.0
500085,10115,2024-01-20 07:32:00,Delivered,Credit Card,Mobile App,,0.0
500086,10129,2024-01-20 09:04:00,Delivered,credit card,Mobile App,WELCOME15,0.0
500087,10096,2024-01-20 11:15:00,Delivered,upi,Mobile App,,0.0
500088,10095,2024-01-20 11:30:00,Cancelled,UPI,Mobile App,WELCOME15,0.0
500089,10076,2024-01-20 13:06:00,DELIVERED,Upi,Mobile App,WELCOME15,0.0
500090,10139,2024-01-20 20:53:00,Delivered,Upi,Desktop,,0.0
500091,10123,2024-01-20 22:32:00,Returned,UPI,Mobile App,,0.0
500092,10071,2024-01-21 07:33:00,Delivered,UPI,Mobile App,,0.0
500093,10103,2024-01-21 10:33:00,delivered ,UPI,Mobile App,,0.0
500094,10136,2024-01-21 12:27:00,Delivered,UPI,Mobile App,WELCOME15,49.0
500095,10108,2024-01-21 12:47:00,Delivered,UPI,Mobile App,WELCOME15,0.0
500096,10122,2024-01-21 13:19:00,Delivered,DC,Desktop,,0.0
500097,10084,2024-01-21 13:51:00,Delivered,UPI,Desktop,WELCOME15,0.0
500098,10091,2024-01-21 17:20:00,delivered ,UPI,Mobile App,,0.0
500099,10131,2024-01-21 18:51:00,Delivered,Net Banking,Mobile App,WELCOME15,0.0
500100,10128,2024-01-21 19:44:00,Delivered,Net Banking,Mobile Web,,0.0
500101,10130,2024-01-21 21:38:00,Delivered,UPI,Mobile App,,0.0
500102,10063,2024-01-21 22:21:00,Cancelled,Upi,Mobile Web,,0.0
500103,10125,2024-01-22 13:02:00,Cancelled,Net Banking,Mobile Web,,0.0
500104,10112,2024-01-22 16:44:00,CANCELLED,CC,Mobile Web,WELCOME15,0.0
500105,10069,2024-01-22 20:08:00,Delivered,UPI,Mobile Web,WELCOME15,0.0
500106,10120,2024-01-22 20:45:00,Delivered,UPI,Mobile App,,0.0
500107,10107,2024-01-22 22:53:00,Delivered,UPI,Mobile Web,WELCOME15,49.0
500108,10121,2024-01-23 09:37:00,DELIVERED,Cash on Delivery,Mobile App,WELCOME15,0.0
500109,10137,2024-01-23 09:53:00,delivered ,UPI,Mobile Web,,0.0
500110,10110,2024-01-23 11:32:00,delivered ,UPI,Desktop,,0.0
500111,10101,2024-01-23 11:56:00,Delivered,Cash on Delivery,Mobile Web,,0.0
500112,10144,2024-01-23 13:44:00,Delivered,Net Banking,Desktop,,0.0
500113,10146,2024-01-23 21:29:00,delivered ,UPI,Mobile App,,0.0
500114,10058,2024-01-24 09:42:00,Cancelled,Cash on Delivery,Mobile App,SAVE5,0.0
500115,10124,2024-01-24 10:02:00,Delivered,Credit Card,Mobile Web,WELCOME15,0.0
500116,10135,2024-01-25 10:40:00,Delivered,Cash on Delivery,Desktop,WELCOME15,0.0
500117,10154,2024-01-25 12:02:00,Delivered,Cash on Delivery,Desktop,WELCOME15,0.0
500118,10159,2024-01-25 12:32:00,DELIVERED,UPI,Mobile App,WELCOME15,0.0
500119,10161,2024-01-25 13:33:00,DELIVERED,upi,Mobile Web,WELCOME15,0.0
500120,10069,2024-01-25 21:30:00,DELIVERED,Credit Card,Desktop,,49.0
500121,10118,2024-01-26 09:25:00,DELIVERED,UPI,Mobile Web,WELCOME15,0.0
500122,10165,2024-01-26 12:36:00,Delivered,Credit Card,Mobile Web,,0.0
500123,10151,2024-01-26 12:51:00,DELIVERED,Upi,Mobile App,,0.0
500124,10150,2024-01-26 18:00:00,Delivered,UPI,Desktop,,0.0
500125,10171,2024-01-27 09:15:00,returned ,Cash on Delivery,Desktop,,0.0
500126,10147,2024-01-27 10:21:00,Delivered,UPI,Mobile App,,0.0
500127,10143,2024-01-27 10:47:00,Delivered,UPI,Mobile App,,0.0
500128,10182,2024-01-27 12:07:00,DELIVERED,Cash on Delivery,Mobile App,,0.0
500129,10178,2024-01-27 12:36:00,Delivered,Credit Card,Mobile Web,WELCOME15,49.0
500130,10164,2024-01-27 18:21:00,Delivered,Upi,Desktop,WELCOME15,0.0
500131,10163,2024-01-27 18:54:00,Delivered,UPI,Mobile App,,0.0
500132,10170,2024-01-27 23:07:00,Delivered,Credit Card,Mobile App,,0.0
500133,10181,2024-01-28 07:30:00,Delivered,cod,Mobile Web,WELCOME15,0.0
500134,10167,2024-01-28 10:34:00,DELIVERED,Cash on Delivery,Desktop,,0.0
500135,10183,2024-01-28 17:04:00,Delivered,UPI,Desktop,,0.0
500136,10189,2024-01-28 17:09:00,Delivered,Cash on Delivery,Mobile Web,,0.0
500137,10025,2024-01-29 12:42:00,Delivered,Cash On Delivery,Mobile App,,0.0
500138,10158,2024-01-29 16:24:00,Delivered,Cash on Delivery,Mobile App,WELCOME15,0.0
500139,10188,2024-01-29 21:17:00,Delivered,UPI,Mobile App,WELCOME15,0.0
500140,10174,2024-01-30 08:12:00,Delivered,Cash On Delivery,Mobile Web,,49.0
500141,10190,2024-01-30 10:31:00,Delivered,Cash on Delivery,Mobile Web,WELCOME15,0.0
500142,10179,2024-01-30 15:13:00,Delivered,UPI,Desktop,,0.0
500143,10192,2024-01-30 19:06:00,Delivered,debit card,Mobile App,SAVE5,0.0
500144,10152,2024-01-30 19:16:00,Delivered,Cash On Delivery,Desktop,,49.0
500145,10202,2024-01-30 21:01:00,Delivered,Credit Card,Mobile App,,49.0
500146,10149,2024-01-30 23:39:00,Delivered,Cash on Delivery,Mobile App,WELCOME15,0.0
500147,10211,2024-01-31 08:12:00,Delivered,Credit Card,Desktop,SAVE5,49.0
500148,10203,2024-01-31 08:35:00,delivered ,UPI,Desktop,WELCOME15,0.0
500149,10210,2024-01-31 19:25:00,Delivered,UPI,Mobile App,,49.0
500150,10198,2024-01-31 19:55:00,Cancelled,Credit Card,Mobile App,WELCOME15,0.0
500151,10170,2024-02-01 08:22:00,Delivered,Cash on Delivery,Mobile App,,0.0
500152,10197,2024-02-01 10:27:00,delivered ,UPI,Mobile App,,0.0
500153,10050,2024-02-01 11:53:00,Delivered,Debit Card,Mobile App,,0.0
500154,10201,2024-02-01 14:31:00,Delivered,Net Banking,Mobile Web,WELCOME15,49.0
500155,10212,2024-02-01 15:01:00,Delivered,UPI,Desktop,SAVE5,0.0
500156,10195,2024-02-01 17:57:00,Delivered,UPI,Mobile App,,0.0
500157,10196,2024-02-01 18:16:00,Delivered,Debit Card,Mobile App,,0.0
500158,10207,2024-02-01 18:32:00,Delivered,Net Banking,Mobile Web,WELCOME15,0.0
500159,10199,2024-02-01 21:51:00,Delivered,Credit Card,Mobile Web,,0.0
500160,10218,2024-02-02 07:37:00,Delivered,UPI,Desktop,,0.0
500161,10166,2024-02-02 13:34:00,DELIVERED,Credit Card,Mobile App,,0.0
500162,10173,2024-02-02 16:14:00,Delivered,Credit Card,Mobile App,WELCOME15,0.0
500163,10219,2024-02-02 16:24:00,Delivered,cod,Mobile App,WELCOME15,0.0
500164,10067,2024-02-02 18:14:00,DELIVERED,Credit Card,Mobile Web,,0.0
500165,10110,2024-02-02 18:27:00,Delivered,Cash on Delivery,Mobile Web,,0.0
500166,10216,2024-02-02 19:16:00,delivered ,UPI,Mobile App,,0.0
500167,10209,2024-02-03 08:24:00,Delivered,Cash on Delivery,Desktop,,0.0
500168,10172,2024-02-03 08:51:00,Delivered,UPI,Mobile Web,WELCOME15,0.0
500169,10226,2024-02-03 09:56:00,Delivered,UPI,Mobile App,,0.0
500170,10053,2024-02-03 12:07:00,Cancelled,UPI,Mobile App,,0.0
500171,10124,2024-02-03 13:41:00,Delivered,Debit Card,Mobile Web,,0.0
500172,10221,2024-02-03 15:47:00,delivered ,Credit Card,Mobile App,,0.0
500173,10194,2024-02-03 19:24:00,Delivered,upi,Mobile App,SAVE5,0.0
500174,10186,2024-02-03 20:00:00,Delivered,Debit Card,Mobile App,,0.0
500175,10208,2024-02-04 09:15:00,Delivered,Credit Card,Mobile App,,0.0
500176,10035,2024-02-04 11:17:00,delivered ,Credit Card,Mobile App,,49.0
500177,10168,2024-02-04 14:05:00,Delivered,Upi,Desktop,,0.0
500178,10224,2024-02-04 15:38:00,Delivered,Credit Card,Mobile App,,0.0
500179,10189,2024-02-04 19:50:00,Delivered,Credit Card,Mobile App,,0.0
500180,10240,2024-02-05 09:05:00,Delivered,Net Banking,Desktop,,0.0
500181,10182,2024-02-05 11:09:00,Delivered,Cash on Delivery,Desktop,,0.0
500182,10042,2024-02-05 13:16:00,Delivered,Credit Card,Desktop,,0.0
500183,10233,2024-02-05 13:45:00,Delivered,UPI,Mobile Web,SAVE5,0.0
500184,10238,2024-02-05 14:41:00,DELIVERED,Debit Card,Mobile App,WELCOME15,0.0
500185,10241,2024-02-05 19:06:00,Delivered,UPI,Desktop,,0.0
500186,10230,2024-02-05 19:22:00,Delivered,Debit Card,Mobile Web,,0.0
500187,10223,2024-02-05 23:32:00,Delivered,Credit Card,Desktop,WELCOME15,0.0
500188,10227,2024-02-06 08:30:00,Delivered,UPI,Mobile Web,,0.0
500189,10225,2024-02-06 10:40:00,Delivered,UPI,Mobile App,WELCOME15,0.0
500190,10176,2024-02-06 20:10:00,Delivered,Debit Card,Mobile App,,0.0
500191,10231,2024-02-06 22:27:00,Delivered,COD,Mobile App,WELCOME15,0.0
500192,10214,2024-02-07 08:03:00,Delivered,cod,Mobile App,,0.0
500193,10235,2024-02-07 10:18:00,Delivered,UPI,Mobile Web,WELCOME15,0.0
500194,10237,2024-02-07 11:27:00,Delivered,Net Banking,Mobile App,WELCOME15,0.0
500195,10228,2024-02-07 13:18:00,Delivered,Credit Card,Desktop,,0.0
500196,10084,2024-02-08 07:05:00,Delivered,UPI,Mobile Web,,0.0
500197,10206,2024-02-08 07:27:00,Delivered,UPI,Desktop,SAVE5,0.0
500198,10239,2024-02-08 10:25:00,Returned,UPI,Mobile Web,,0.0
500199,10232,2024-02-08 11:33:00,Delivered,upi,Mobile App,WELCOME15,0.0
500200,10244,2024-02-08 11:48:00,Delivered,Debit Card,Mobile Web,WELCOME15,49.0
500201,10185,2024-02-08 14:48:00,Delivered,Debit Card,Desktop,,0.0
500202,10215,2024-02-08 15:52:00,Delivered,UPI,Desktop,WELCOME15,0.0
500203,10246,2024-02-08 20:26:00,Delivered,Upi,Mobile Web,WELCOME15,0.0
500204,10138,2024-02-09 07:55:00,DELIVERED,Debit Card,Mobile App,,0.0
500205,10253,2024-02-09 16:27:00,Delivered,UPI,Desktop,,0.0
500206,10153,2024-02-09 16:36:00,Delivered,UPI,Mobile Web,WELCOME15,0.0
500207,10254,2024-02-09 21:13:00,Delivered,Credit Card,Mobile App,,0.0
500208,10204,2024-02-09 23:24:00,Delivered,credit card,Desktop,,0.0
500209,10243,2024-02-10 07:33:00,Delivered,Cash on Delivery,Mobile Web,WELCOME15,0.0
500210,10213,2024-02-10 09:56:00,DELIVERED,Credit Card,Mobile Web,,0.0
500211,10265,2024-02-10 11:49:00,Delivered,Credit Card,Mobile Web,,0.0
500212,10272,2024-02-10 11:52:00,Delivered,UPI,Mobile Web,WELCOME15,0.0
500213,10274,2024-02-10 13:18:00,DELIVERED,Cash on Delivery,Mobile Web,,49.0
500214,10261,2024-02-10 15:16:00,Delivered,UPI,Mobile App,WELCOME15,0.0
500215,10263,2024-02-10 19:16:00,Returned,CC,Mobile App,,0.0
500216,10269,2024-02-11 08:28:00,RETURNED,Net Banking,Mobile Web,WELCOME15,0.0
500217,10245,2024-02-11 15:38:00,Delivered,Net Banking,Mobile App,WELCOME15,0.0
500218,10251,2024-02-11 18:53:00,Delivered,Credit Card,Mobile App,,0.0
500219,10256,2024-02-11 22:11:00,Delivered,Net Banking,Mobile App,,0.0
500220,10276,2024-02-11 23:46:00,Delivered,Cash on Delivery,Mobile App,,0.0
500221,10277,2024-02-12 10:13:00,Delivered,Debit Card,Mobile App,,0.0
500222,10267,2024-02-12 12:11:00,Delivered,UPI,Mobile Web,WELCOME15,0.0
500223,10285,2024-02-12 13:45:00,DELIVERED,Cash on Delivery,Desktop,WELCOME15,0.0
500224,10280,2024-02-12 15:39:00,delivered ,UPI,Mobile App,,0.0
500225,10088,2024-02-12 18:11:00,Delivered,Cash on Delivery,Mobile App,,0.0
500226,10142,2024-02-12 18:19:00,Delivered,Upi,Desktop,,0.0
500227,10264,2024-02-12 19:48:00,delivered ,Cash on Delivery,Desktop,,49.0
500228,10281,2024-02-13 09:27:00,Cancelled,UPI,Mobile Web,WELCOME15,0.0
500229,10271,2024-02-13 10:21:00,Delivered,Cash on Delivery,Desktop,,0.0
500230,10282,2024-02-13 11:16:00,Delivered,Debit Card,Mobile Web,,0.0
500231,10240,2024-02-13 15:19:00,Delivered,COD,Mobile App,,0.0
500232,10255,2024-02-13 15:38:00,delivered ,Cash on Delivery,Desktop,WELCOME15,0.0
500233,10292,2024-02-13 16:18:00,Delivered,UPI,Mobile App,WELCOME15,0.0
500234,10242,2024-02-13 17:15:00,Delivered,UPI,Mobile App,,0.0
500235,10266,2024-02-13 22:07:00,Delivered,upi,Mobile App,WELCOME15,0.0
500236,10298,2024-02-14 07:39:00,Delivered,UPI,Desktop,,0.0
500237,10249,2024-02-14 08:14:00,Delivered,Cash on Delivery,Mobile App,,0.0
500238,10246,2024-02-14 09:04:00,delivered ,UPI,Mobile Web,,0.0
500239,10288,2024-02-14 10:17:00,Delivered,UPI,Mobile Web,,0.0
500240,10223,2024-02-14 23:58:00,Delivered,Upi,Mobile App,,49.0
500241,10234,2024-02-15 09:37:00,Delivered,Credit Card,Mobile Web,WELCOME15,0.0
500242,10302,2024-02-15 12:13:00,Delivered,UPI,Mobile App,WELCOME15,0.0
500243,10310,2024-02-15 14:51:00,Cancelled,Cash on Delivery,Mobile App,WELCOME15,0.0
500244,10303,2024-02-15 17:07:00,delivered ,UPI,Mobile Web,WELCOME15,0.0
500245,10294,2024-02-15 17:17:00,RETURNED,Credit Card,Desktop,,0.0
500246,10301,2024-02-15 18:16:00,Delivered,UPI,Mobile Web,WELCOME15,0.0
500247,10290,2024-02-15 18:17:00,delivered ,Credit Card,Mobile App,,0.0
500248,10248,2024-02-15 20:37:00,Delivered,Cash on Delivery,Mobile App,WELCOME15,0.0
500249,10208,2024-02-15 22:21:00,delivered ,Credit Card,Mobile Web,,0.0
500250,10293,2024-02-15 23:27:00,Delivered,Cash on Delivery,Mobile App,WELCOME15,0.0
500251,10286,2024-02-16 07:29:00,Returned,Debit Card,Mobile Web,WELCOME15,0.0
500252,10308,2024-02-16 08:01:00,DELIVERED,Credit Card,Mobile App,,0.0
500253,10260,2024-02-16 08:40:00,Delivered,DC,Desktop,,0.0
500254,10299,2024-02-16 08:47:00,Delivered,COD,Mobile App,WELCOME15,0.0
500255,10313,2024-02-16 09:03:00,delivered ,UPI,Mobile Web,WELCOME15,0.0
500256,10055,2024-02-16 10:19:00,delivered ,UPI,Mobile App,,0.0
500257,10307,2024-02-16 13:06:00,Delivered,Debit Card,Mobile App,,0.0
500258,10295,2024-02-16 16:02:00,Cancelled,UPI,Mobile Web,WELCOME15,0.0
500259,10315,2024-02-16 17:07:00,Delivered,Debit Card,Mobile App,WELCOME15,0.0
500260,10161,2024-02-16 19:36:00,Delivered,Net Banking,Mobile App,,0.0
500261,10270,2024-02-16 21:47:00,delivered ,Debit Card,Mobile App,,0.0
500262,10304,2024-02-16 21:57:00,Delivered,UPI,Mobile App,WELCOME15,0.0
500263,10314,2024-02-16 23:30:00,Delivered,Debit Card,Desktop,WELCOME15,0.0
500264,10009,2024-02-17 08:03:00,DELIVERED,Upi,Desktop,,0.0
500265,10312,2024-02-17 09:23:00,DELIVERED,UPI,Mobile App,,49.0
500266,10062,2024-02-17 09:58:00,DELIVERED,Credit Card,Mobile Web,,0.0
500267,10326,2024-02-17 12:12:00,CANCELLED,UPI,Mobile App,WELCOME15,0.0
500268,10196,2024-02-17 23:02:00,Cancelled,DC,Mobile Web,,0.0
500269,10331,2024-02-18 07:36:00,Delivered,UPI,Mobile App,,0.0
500270,10289,2024-02-18 13:20:00,DELIVERED,UPI,Mobile App,,0.0
500271,10305,2024-02-18 19:19:00,Delivered,Cash on Delivery,Mobile App,WELCOME15,0.0
500272,10324,2024-02-18 21:47:00,Delivered,Cash on Delivery,Mobile App,,0.0
500273,10316,2024-02-19 09:08:00,Returned,Cash on Delivery,Mobile App,,0.0
500274,10258,2024-02-19 13:28:00,Delivered,Cash on Delivery,Mobile Web,,0.0
500275,10330,2024-02-19 14:14:00,delivered ,cod,Desktop,WELCOME15,49.0
500276,10275,2024-02-19 14:56:00,delivered ,Cash on Delivery,Mobile App,,0.0
500277,10319,2024-02-19 15:30:00,DELIVERED,Credit Card,Mobile App,,0.0
500278,10328,2024-02-19 18:47:00,Delivered,Net Banking,Desktop,WELCOME15,0.0
500279,10287,2024-02-19 19:34:00,Delivered,Debit Card,Mobile Web,WELCOME15,0.0
500280,10323,2024-02-19 20:53:00,Delivered,Debit Card,Mobile Web,WELCOME15,0.0
500281,10337,2024-02-19 21:56:00,returned ,Debit Card,Desktop,WELCOME15,0.0
500282,10327,2024-02-20 09:34:00,Delivered,Debit Card,Mobile Web,WELCOME15,0.0
500283,10300,2024-02-20 13:04:00,Delivered,Credit Card,Mobile App,,0.0
500284,10283,2024-02-20 13:12:00,Delivered,Debit Card,Desktop,,0.0
500285,10344,2024-02-20 14:12:00,delivered ,Cash On Delivery,Mobile Web,,0.0
500286,10321,2024-02-20 20:12:00,Delivered,UPI,Mobile App,,0.0
500287,10349,2024-02-20 21:08:00,Delivered,Cash on Delivery,Mobile App,WELCOME15,0.0
500288,10278,2024-02-20 23:31:00,DELIVERED,UPI,Mobile App,,0.0
500289,10340,2024-02-21 07:56:00,Delivered,debit card,Mobile App,,0.0
500290,10058,2024-02-21 08:19:00,Delivered,Cash on Delivery,Mobile App,,0.0
500291,10306,2024-02-21 08:58:00,Cancelled,UPI,Desktop,,0.0
500292,10338,2024-02-21 10:35:00,Delivered,UPI,Mobile App,WELCOME15,0.0
500293,10051,2024-02-21 12:02:00,Delivered,Cash on Delivery,Mobile Web,,0.0
500294,10299,2024-02-21 13:05:00,Delivered,UPI,Mobile App,,0.0
500295,10341,2024-02-21 14:38:00,DELIVERED,UPI,Mobile App,WELCOME15,0.0
500296,10242,2024-02-21 16:00:00,delivered ,UPI,Mobile App,,0.0
500297,10322,2024-02-21 16:02:00,CANCELLED,COD,Mobile App,WELCOME15,0.0
500298,10348,2024-02-21 16:05:00,Delivered,debit card,Mobile App,,0.0
500299,10343,2024-02-21 16:13:00,Delivered,UPI,Mobile Web,,0.0
500300,10309,2024-02-21 18:46:00,Delivered,cod,Desktop,,0.0
500301,10350,2024-02-21 23:16:00,DELIVERED,CC,Mobile App,,0.0
500302,10351,2024-02-22 07:13:00,Delivered,upi,Desktop,WELCOME15,0.0
500303,10332,2024-02-22 07:31:00,Delivered,debit card,Desktop,WELCOME15,0.0
500304,10352,2024-02-22 10:26:00,Delivered,UPI,Mobile Web,,0.0
500305,10335,2024-02-22 11:31:00,DELIVERED,UPI,Desktop,WELCOME15,0.0
500305,10335,2024-02-22 11:31:00,DELIVERED,UPI,Desktop,WELCOME15,0.0
500306,10346,2024-02-22 12:48:00,delivered ,CC,Mobile App,WELCOME15,0.0
500307,10353,2024-02-22 14:17:00,Delivered,COD,Mobile App,WELCOME15,0.0
500308,10336,2024-02-22 20:05:00,Delivered,Cash on Delivery,Mobile App,WELCOME15,0.0
500309,10308,2024-02-22 20:11:00,Delivered,Debit Card,Mobile Web,,0.0
500310,10163,2024-02-22 21:06:00,Delivered,Net Banking,Mobile Web,,0.0
500311,10140,2024-02-22 21:44:00,Delivered,UPI,Desktop,WELCOME15,0.0
500312,10126,2024-02-22 23:02:00,Delivered,COD,Desktop,WELCOME15,0.0
500313,10366,2024-02-23 09:53:00,Delivered,UPI,Mobile App,,0.0
500314,10355,2024-02-23 12:02:00,Delivered,Debit Card,Mobile Web,WELCOME15,49.0
500315,10367,2024-02-23 15:10:00,DELIVERED,UPI,Desktop,WELCOME15,0.0
500316,10358,2024-02-23 16:36:00,Delivered,Net Banking,Desktop,WELCOME15,0.0
500317,10106,2024-02-23 18:26:00,Cancelled,UPI,Desktop,,0.0
500318,10364,2024-02-23 19:17:00,Delivered,Net Banking,Mobile Web,,49.0
500319,10347,2024-02-24 07:57:00,DELIVERED,Net Banking,Mobile Web,WELCOME15,0.0
500320,10363,2024-02-24 08:13:00,Delivered,Cash on Delivery,Mobile App,WELCOME15,49.0
500321,10286,2024-02-24 08:41:00,Delivered,UPI,Mobile App,,0.0
500322,10365,2024-02-24 10:20:00,Delivered,UPI,Desktop,,0.0
500323,10339,2024-02-24 11:01:00,Delivered,Cash on Delivery,Mobile App,,0.0
500324,10342,2024-02-24 12:22:00,DELIVERED,Credit Card,Desktop,,0.0
500325,10373,2024-02-24 12:37:00,Delivered,DC,Desktop,SAVE5,0.0
500326,10354,2024-02-24 13:06:00,Delivered,Credit Card,Mobile App,WELCOME15,0.0
500327,10382,2024-02-24 15:24:00,CANCELLED,Cash on Delivery,Mobile Web,WELCOME15,0.0
500328,10255,2024-02-24 16:19:00,Delivered,UPI,Mobile App,SAVE5,0.0
500329,10240,2024-02-24 17:11:00,Delivered,UPI,Desktop,,0.0
500330,10333,2024-02-24 17:41:00,Delivered,Cash on Delivery,Desktop,,0.0
500331,10320,2024-02-24 20:51:00,Delivered,UPI,Mobile App,WELCOME15,0.0
500332,10378,2024-02-24 23:24:00,Cancelled,COD,Mobile Web,WELCOME15,0.0
500333,10104,2024-02-25 12:12:00,Returned,Upi,Mobile Web,,49.0
500334,10374,2024-02-25 14:22:00,Delivered,Debit Card,Desktop,,0.0
500335,10317,2024-02-25 18:02:00,Delivered,Cash on Delivery,Mobile Web,,0.0
500336,10384,2024-02-25 18:06:00,Delivered,Debit Card,Mobile Web,,0.0
500337,10357,2024-02-25 19:25:00,delivered ,Upi,Desktop,WELCOME15,0.0
500338,10372,2024-02-25 19:34:00,delivered ,CC,Desktop,WELCOME15,0.0
500339,10095,2024-02-25 21:35:00,Delivered,Upi,Mobile App,,0.0
500340,10345,2024-02-25 22:34:00,delivered ,UPI,Mobile Web,,0.0
500341,10383,2024-02-25 23:49:00,Cancelled,Cash on Delivery,Mobile App,,49.0
500342,10393,2024-02-26 08:38:00,Delivered,UPI,Desktop,WELCOME15,0.0
500343,10389,2024-02-26 09:15:00,Returned,UPI,Desktop,,0.0
500344,10368,2024-02-26 09:42:00,Delivered,Cash on Delivery,Mobile Web,WELCOME15,0.0
500345,10300,2024-02-26 10:47:00,Delivered,Credit Card,Mobile App,,0.0
500346,10329,2024-02-26 12:01:00,DELIVERED,UPI,Desktop,WELCOME15,49.0
500347,10081,2024-02-26 18:00:00,Delivered,Upi,Mobile Web,,0.0
500348,10253,2024-02-26 19:48:00,DELIVERED,Upi,Mobile App,,0.0
500349,10394,2024-02-26 20:49:00,returned ,UPI,Desktop,,0.0
500350,10400,2024-02-27 09:03:00,delivered ,upi,Mobile Web,,0.0
500351,10386,2024-02-27 11:13:00,Delivered,UPI,Desktop,WELCOME15,0.0
500352,10318,2024-02-27 11:22:00,Delivered,Cash on Delivery,Mobile App,WELCOME15,0.0
500353,10399,2024-02-27 16:25:00,Returned,Cash on Delivery,Mobile App,WELCOME15,0.0
500354,10387,2024-02-27 20:55:00,Delivered,Cash on Delivery,Mobile App,WELCOME15,49.0
500355,10224,2024-02-28 07:48:00,Delivered,UPI,Mobile App,,0.0
500356,10411,2024-02-28 09:57:00,Delivered,Debit Card,Mobile Web,WELCOME15,0.0
500357,10388,2024-02-28 11:39:00,Delivered,Debit Card,Mobile Web,,0.0
500358,10409,2024-02-28 13:30:00,Delivered,Credit Card,Desktop,WELCOME15,0.0
500359,10410,2024-02-28 21:26:00,delivered ,Credit Card,Mobile App,,0.0
500360,10208,2024-02-28 22:22:00,delivered ,Debit Card,Mobile App,,0.0
500361,10356,2024-02-29 07:20:00,Delivered,Credit Card,Desktop,WELCOME15,0.0
500362,10379,2024-02-29 08:04:00,Returned,UPI,Mobile Web,WELCOME15,0.0
500363,10405,2024-02-29 08:57:00,DELIVERED,UPI,Desktop,WELCOME15,49.0
500364,10415,2024-02-29 12:11:00,Delivered,UPI,Mobile Web,,0.0
500365,10419,2024-02-29 12:20:00,Delivered,Cash on Delivery,Mobile Web,,0.0
500366,10359,2024-02-29 14:35:00,DELIVERED,UPI,Mobile Web,,49.0
500367,10404,2024-02-29 14:46:00,Delivered,UPI,Mobile Web,WELCOME15,0.0
500368,10381,2024-02-29 16:01:00,Delivered,Debit Card,Mobile App,,0.0
500369,10395,2024-02-29 23:32:00,Delivered,UPI,Mobile App,,0.0
500370,10149,2024-02-29 23:44:00,Delivered,UPI,Mobile App,,49.0
500371,10422,2024-03-01 08:49:00,Delivered,UPI,Mobile App,,0.0
500372,10334,2024-03-01 08:53:00,Delivered,UPI,Mobile Web,WELCOME15,0.0
500373,10421,2024-03-01 14:00:00,Delivered,upi,Desktop,,0.0
500374,10396,2024-03-01 14:32:00,Delivered,Credit Card,Mobile Web,WELCOME15,0.0
500375,10432,2024-03-01 19:19:00,Delivered,UPI,Mobile Web,,0.0
500376,10138,2024-03-01 21:15:00,Delivered,Credit Card,Mobile Web,SAVE5,0.0
500377,10044,2024-03-01 21:36:00,Returned,cod,Mobile Web,,0.0
500378,10435,2024-03-02 11:03:00,delivered ,UPI,Mobile Web,WELCOME15,0.0
500379,10380,2024-03-02 11:59:00,Delivered,Credit Card,Mobile App,,0.0
500380,10423,2024-03-02 14:02:00,Delivered,Net Banking,Desktop,WELCOME15,0.0
500381,10398,2024-03-02 18:50:00,Delivered,UPI,Desktop,,0.0
500382,10429,2024-03-03 07:45:00,Delivered,Cash on Delivery,Mobile App,WELCOME15,0.0
500383,10426,2024-03-03 08:17:00,Delivered,UPI,Desktop,,0.0
500384,10391,2024-03-03 09:22:00,Delivered,debit card,Mobile App,,0.0
500385,10401,2024-03-03 09:27:00,delivered ,Cash on Delivery,Mobile App,,49.0
500386,10195,2024-03-03 13:58:00,Delivered,Upi,Mobile App,,0.0
500387,10436,2024-03-03 15:32:00,Delivered,cod,Mobile Web,,0.0
500388,10376,2024-03-03 17:40:00,Returned,UPI,Mobile App,,0.0
500389,10440,2024-03-03 17:41:00,Delivered,UPI,Mobile App,,0.0
500390,10443,2024-03-03 19:43:00,Delivered,UPI,Mobile Web,WELCOME15,0.0
500391,10406,2024-03-03 22:39:00,Cancelled,Cash on Delivery,Mobile Web,,0.0
500392,10451,2024-03-04 10:43:00,Cancelled,Cash on Delivery,Mobile Web,WELCOME15,0.0
500393,10262,2024-03-04 12:59:00,Delivered,UPI,Mobile Web,,0.0
500394,10434,2024-03-04 13:51:00,Delivered,credit card,Mobile App,,0.0
500395,10438,2024-03-04 15:02:00,delivered ,Cash on Delivery,Mobile App,,0.0
500396,10375,2024-03-04 16:50:00,cancelled ,DC,Mobile App,WELCOME15,49.0
500397,10418,2024-03-04 18:05:00,DELIVERED,CC,Mobile Web,,0.0
500397,10418,2024-03-04 18:05:00,DELIVERED,CC,Mobile Web,,0.0
500398,10300,2024-03-04 20:03:00,Delivered,UPI,Mobile App,,0.0
500399,10417,2024-03-04 20:07:00,Delivered,UPI,Mobile App,,0.0
500400,10363,2024-03-04 22:21:00,Delivered,Credit Card,Desktop,,0.0
500401,10402,2024-03-04 23:15:00,delivered ,UPI,Mobile Web,,0.0
500402,10253,2024-03-05 08:10:00,Delivered,Credit Card,Mobile Web,,0.0
500403,10287,2024-03-05 08:49:00,Delivered,Debit Card,Mobile App,,0.0
500404,10452,2024-03-05 09:18:00,RETURNED,Cash on Delivery,Mobile App,,0.0
500405,10385,2024-03-05 09:35:00,Delivered,Debit Card,Mobile Web,WELCOME15,0.0
500406,10457,2024-03-05 10:45:00,Delivered,Debit Card,Mobile App,WELCOME15,0.0
500407,10462,2024-03-06 09:37:00,Delivered,upi,Mobile App,,0.0
500408,10063,2024-03-06 10:27:00,Returned,Credit Card,Mobile App,,0.0
500409,10407,2024-03-06 12:51:00,delivered ,Upi,Mobile App,WELCOME15,0.0
500410,10231,2024-03-06 13:11:00,DELIVERED,Debit Card,Desktop,,0.0
500411,10460,2024-03-06 20:22:00,Delivered,Credit Card,Desktop,WELCOME15,0.0
500412,10461,2024-03-06 21:27:00,delivered ,UPI,Mobile App,,0.0
500413,10470,2024-03-07 08:13:00,Delivered,UPI,Mobile Web,,0.0
500414,10428,2024-03-07 08:28:00,Returned,Credit Card,Mobile App,WELCOME15,0.0
500415,10477,2024-03-07 08:59:00,Delivered,Debit Card,Mobile App,WELCOME15,0.0
500416,10469,2024-03-07 09:41:00,Delivered,Debit Card,Mobile App,WELCOME15,0.0
500417,10471,2024-03-07 11:47:00,Cancelled,Cash on Delivery,Mobile Web,,49.0
500418,10208,2024-03-07 16:16:00,DELIVERED,Debit Card,Desktop,,0.0
500419,10473,2024-03-07 20:33:00,Delivered,Upi,Desktop,,0.0
500420,10455,2024-03-07 20:38:00,DELIVERED,Net Banking,Mobile App,,0.0
500421,10427,2024-03-07 23:04:00,Delivered,UPI,Desktop,WELCOME15,0.0
500422,10481,2024-03-08 09:35:00,Delivered,UPI,Mobile App,WELCOME15,0.0
500423,10465,2024-03-08 09:49:00,Delivered,DC,Mobile App,,0.0
500424,10454,2024-03-08 09:58:00,Delivered,UPI,Mobile Web,,0.0
500425,10441,2024-03-08 13:59:00,Delivered,UPI,Mobile App,WELCOME15,49.0
500426,10463,2024-03-08 14:12:00,Delivered,UPI,Mobile Web,,0.0
500427,10450,2024-03-08 16:28:00,Returned,Debit Card,Mobile App,,0.0
500428,10405,2024-03-08 16:34:00,Delivered,UPI,Mobile Web,,0.0
500429,10458,2024-03-08 20:55:00,Delivered,upi,Mobile App,WELCOME15,0.0
500430,10472,2024-03-08 20:57:00,Returned,UPI,Mobile Web,WELCOME15,0.0
500431,10483,2024-03-08 22:09:00,Delivered,credit card,Mobile App,,0.0
500432,10479,2024-03-09 08:55:00,Delivered,UPI,Mobile App,,0.0
500433,10351,2024-03-09 09:12:00,Returned,Credit Card,Mobile Web,,0.0
500434,10174,2024-03-09 10:47:00,Delivered,Upi,Mobile App,,0.0
500435,10489,2024-03-09 10:57:00,Delivered,Upi,Desktop,,0.0
500436,10487,2024-03-09 16:33:00,DELIVERED,Credit Card,Mobile Web,,0.0
500437,10240,2024-03-09 23:25:00,DELIVERED,debit card,Mobile App,SAVE5,0.0
500438,10488,2024-03-10 16:31:00,Delivered,Debit Card,Mobile App,WELCOME15,0.0
500439,10466,2024-03-10 23:14:00,Delivered,UPI,Desktop,WELCOME15,0.0
500440,10442,2024-03-10 23:22:00,Delivered,Credit Card,Desktop,WELCOME15,0.0
500441,10413,2024-03-11 08:46:00,Delivered,Credit Card,Mobile App,,0.0
500442,10492,2024-03-11 08:49:00,Delivered,Debit Card,Mobile App,,0.0
500443,10502,2024-03-11 08:59:00,DELIVERED,UPI,Mobile Web,,0.0
500444,10501,2024-03-11 14:33:00,Delivered,UPI,Mobile App,,0.0
500445,10509,2024-03-11 17:45:00,Delivered,UPI,Mobile App,,0.0
500446,10475,2024-03-11 17:48:00,delivered ,Cash on Delivery,Mobile Web,WELCOME15,0.0
500447,10459,2024-03-11 19:26:00,Delivered,UPI,Desktop,,0.0
500448,10420,2024-03-11 21:05:00,Returned,upi,Desktop,WELCOME15,0.0
500449,10510,2024-03-12 07:44:00,delivered ,Credit Card,Mobile Web,WELCOME15,0.0
500450,10467,2024-03-12 11:05:00,DELIVERED,Debit Card,Mobile App,,0.0
500451,10505,2024-03-12 11:39:00,Delivered,UPI,Desktop,,0.0
500452,10486,2024-03-12 16:24:00,Delivered,UPI,Mobile App,,0.0
500453,10249,2024-03-12 19:05:00,Delivered,Debit Card,Mobile App,SAVE5,0.0
500454,10494,2024-03-12 21:29:00,delivered ,UPI,Mobile App,,0.0
500455,10519,2024-03-13 11:46:00,Returned,UPI,Mobile App,WELCOME15,0.0
500456,10522,2024-03-13 14:00:00,Delivered,Upi,Mobile App,WELCOME15,0.0
500457,10488,2024-03-13 16:48:00,Delivered,UPI,Mobile Web,,0.0
500458,10211,2024-03-13 17:10:00,Delivered,Net Banking,Desktop,SAVE5,0.0
500459,10109,2024-03-13 19:22:00,DELIVERED,Credit Card,Mobile App,,0.0
500460,10513,2024-03-13 19:52:00,Delivered,Debit Card,Mobile App,WELCOME15,0.0
500461,10431,2024-03-13 20:27:00,Delivered,UPI,Desktop,WELCOME15,0.0
500462,10025,2024-03-13 22:51:00,delivered ,Cash on Delivery,Desktop,,0.0
500463,10521,2024-03-13 23:36:00,Delivered,UPI,Mobile App,WELCOME15,49.0
500464,10493,2024-03-14 11:50:00,Delivered,UPI,Mobile App,,0.0
500465,10524,2024-03-14 11:54:00,Returned,Cash on Delivery,Mobile App,WELCOME15,0.0
500466,10527,2024-03-14 13:17:00,Delivered,UPI,Mobile App,,0.0
500467,10512,2024-03-14 14:05:00,Returned,credit card,Mobile App,,0.0
500468,10501,2024-03-14 16:07:00,Delivered,UPI,Desktop,,0.0
500469,10080,2024-03-14 18:02:00,DELIVERED,UPI,Desktop,,0.0
500470,10387,2024-03-14 18:07:00,Delivered,Credit Card,Mobile Web,,0.0
500471,10485,2024-03-14 21:39:00,Returned,UPI,Mobile App,WELCOME15,0.0
500472,10531,2024-03-15 07:13:00,Delivered,UPI,Mobile App,,0.0
500473,10515,2024-03-15 15:00:00,DELIVERED,Debit Card,Mobile Web,WELCOME15,0.0
500474,10490,2024-03-15 15:02:00,Delivered,Debit Card,Mobile Web,,0.0
500475,10446,2024-03-15 17:20:00,Delivered,UPI,Mobile App,WELCOME15,0.0
500476,10491,2024-03-15 19:03:00,Delivered,Debit Card,Mobile App,WELCOME15,0.0
500477,10395,2024-03-15 20:12:00,Returned,UPI,Mobile App,,0.0
500478,10535,2024-03-15 20:46:00,Returned,Debit Card,Mobile App,WELCOME15,0.0
500479,10532,2024-03-15 21:35:00,Delivered,UPI,Mobile Web,,0.0
500480,10244,2024-03-15 22:00:00,Delivered,UPI,Mobile App,,0.0
500481,10525,2024-03-16 11:49:00,Delivered,upi,Mobile App,WELCOME15,49.0
500482,10135,2024-03-16 15:01:00,Delivered,Cash on Delivery,Mobile Web,,49.0
500483,10458,2024-03-16 16:26:00,Delivered,upi,Mobile Web,SAVE5,0.0
500484,10523,2024-03-16 17:55:00,Delivered,UPI,Mobile Web,SAVE5,0.0
500484,10523,2024-03-16 17:55:00,Delivered,UPI,Mobile Web,SAVE5,0.0
500485,10050,2024-03-16 18:26:00,Delivered,Upi,Mobile App,,0.0
500486,10442,2024-03-16 18:47:00,Delivered,Upi,Mobile Web,,0.0
500487,10468,2024-03-16 19:56:00,Delivered,Cash on Delivery,Mobile App,,0.0
500488,10407,2024-03-16 20:01:00,Delivered,Cash on Delivery,Mobile Web,,0.0
500489,10231,2024-03-16 22:54:00,DELIVERED,credit card,Mobile Web,,49.0
500490,10504,2024-03-17 09:12:00,Delivered,UPI,Mobile Web,,0.0
500491,10482,2024-03-17 13:19:00,Delivered,UPI,Mobile Web,WELCOME15,49.0
500492,10546,2024-03-17 18:29:00,Delivered,UPI,Mobile App,,0.0
500493,10537,2024-03-17 20:04:00,delivered ,Upi,Desktop,,0.0
500494,10178,2024-03-17 22:13:00,Delivered,UPI,Mobile Web,,0.0
500495,10058,2024-03-18 08:40:00,DELIVERED,UPI,Mobile App,SAVE5,49.0
500496,10553,2024-03-18 10:16:00,Delivered,upi,Mobile App,WELCOME15,0.0
500497,10439,2024-03-18 13:30:00,Delivered,Cash on Delivery,Mobile App,WELCOME15,0.0
500498,10542,2024-03-18 15:18:00,Delivered,Cash on Delivery,Mobile Web,WELCOME15,0.0
500499,10539,2024-03-18 17:11:00,Returned,Net Banking,Mobile App,WELCOME15,0.0
500500,10545,2024-03-18 20:39:00,RETURNED,UPI,Mobile App,,0.0
500501,10555,2024-03-18 21:02:00,Delivered,Upi,Mobile App,SAVE5,0.0
500502,10416,2024-03-18 21:17:00,Delivered,UPI,Desktop,,0.0
500503,10547,2024-03-19 08:09:00,Delivered,UPI,Desktop,,0.0
500504,10016,2024-03-19 09:16:00,delivered ,Cash on Delivery,Mobile App,,0.0
500505,10165,2024-03-19 10:39:00,Delivered,Credit Card,Mobile Web,SAVE5,0.0
500506,10088,2024-03-19 11:10:00,Delivered,UPI,Mobile Web,,0.0
500507,10554,2024-03-19 11:48:00,Delivered,Debit Card,Desktop,WELCOME15,0.0
500508,10231,2024-03-19 13:40:00,Returned,Cash on Delivery,Desktop,,0.0
500509,10562,2024-03-19 17:36:00,delivered ,UPI,Mobile Web,,0.0
500510,10050,2024-03-19 17:42:00,Cancelled,Cash on Delivery,Mobile App,,0.0
500511,10216,2024-03-19 17:43:00,Delivered,Cash on Delivery,Mobile Web,,0.0
500512,10256,2024-03-19 20:12:00,Delivered,UPI,Mobile App,,0.0
500513,10548,2024-03-19 22:22:00,Delivered,UPI,Mobile App,,0.0
500514,10559,2024-03-19 22:48:00,Delivered,UPI,Desktop,,49.0
500515,10536,2024-03-20 07:38:00,Delivered,CC,Mobile App,,0.0
500516,10517,2024-03-20 08:19:00,DELIVERED,upi,Mobile Web,,0.0
500517,10544,2024-03-20 11:14:00,Delivered,UPI,Mobile App,,0.0
500518,10568,2024-03-20 14:14:00,Delivered,Debit Card,Mobile App,WELCOME15,0.0
500519,10563,2024-03-20 16:28:00,Delivered,UPI,Mobile Web,,0.0
500520,10558,2024-03-20 20:29:00,Delivered,Debit Card,Mobile App,,0.0
500521,10570,2024-03-20 22:46:00,DELIVERED,UPI,Mobile Web,WELCOME15,0.0
500522,10283,2024-03-21 07:46:00,Delivered,upi,Mobile Web,,0.0
500523,10215,2024-03-21 08:20:00,DELIVERED,UPI,Mobile App,SAVE5,0.0
500524,10514,2024-03-21 10:13:00,Delivered,Credit Card,Mobile App,,0.0
500525,10534,2024-03-21 14:11:00,DELIVERED,Cash on Delivery,Mobile App,,0.0
500526,10318,2024-03-21 19:45:00,Delivered,UPI,Mobile App,,0.0
500527,10566,2024-03-22 08:10:00,Delivered,UPI,Mobile Web,,49.0
500528,10556,2024-03-22 16:38:00,Returned,upi,Mobile App,WELCOME15,0.0
500529,10146,2024-03-22 23:04:00,DELIVERED,Cash on Delivery,Mobile Web,,0.0
500530,10151,2024-03-23 10:52:00,Delivered,Upi,Mobile App,SAVE5,0.0
500531,10385,2024-03-23 15:04:00,Delivered,CC,Desktop,,0.0
500532,10020,2024-03-23 19:18:00,Delivered,upi,Mobile App,,0.0
500533,10577,2024-03-23 23:31:00,DELIVERED,UPI,Mobile Web,SAVE5,0.0
500534,10586,2024-03-24 07:31:00,Cancelled,Cash on Delivery,Mobile Web,,0.0
500534,10586,2024-03-24 07:31:00,Cancelled,Cash on Delivery,Mobile Web,,0.0
500535,10227,2024-03-24 08:39:00,Returned,UPI,Mobile App,,0.0
500536,10351,2024-03-24 10:06:00,Delivered,upi,Mobile Web,,0.0
500537,10289,2024-03-24 11:38:00,Delivered,Cash on Delivery,Desktop,SAVE5,0.0
500538,10585,2024-03-24 11:53:00,Delivered,UPI,Mobile App,,0.0
500539,10103,2024-03-24 11:56:00,Delivered,UPI,Mobile App,,49.0
500540,10589,2024-03-24 12:23:00,Delivered,Cash on Delivery,Mobile Web,,0.0
500541,10583,2024-03-24 19:01:00,Delivered,Debit Card,Mobile App,WELCOME15,0.0
500542,10590,2024-03-24 20:23:00,Delivered,Credit Card,Mobile Web,WELCOME15,0.0
500543,10580,2024-03-24 21:40:00,Returned,UPI,Mobile App,WELCOME15,0.0
500544,10348,2024-03-24 22:13:00,delivered ,Upi,Mobile App,SAVE5,0.0
500545,10570,2024-03-24 22:33:00,delivered ,Cash on Delivery,Mobile Web,,0.0
500546,10599,2024-03-24 23:54:00,Delivered,Credit Card,Desktop,,0.0
500547,10469,2024-03-25 08:30:00,Delivered,UPI,Mobile App,,0.0
500548,10605,2024-03-25 09:29:00,Delivered,COD,Mobile App,,0.0
500549,10609,2024-03-25 10:42:00,Delivered,UPI,Mobile Web,,0.0
500550,10608,2024-03-25 11:06:00,Delivered,UPI,Mobile Web,,0.0
500551,10379,2024-03-25 14:07:00,Delivered,UPI,Mobile App,,0.0
500552,10601,2024-03-25 14:37:00,Delivered,Debit Card,Mobile Web,SAVE5,0.0
500553,10215,2024-03-25 17:35:00,DELIVERED,Debit Card,Mobile App,,0.0
500554,10600,2024-03-25 18:02:00,Returned,UPI,Mobile App,,0.0
500555,10579,2024-03-25 18:05:00,Delivered,Debit Card,Mobile App,,49.0
500556,10266,2024-03-25 18:53:00,Returned,UPI,Mobile App,SAVE5,0.0
500557,10309,2024-03-25 19:08:00,Delivered,CC,Mobile Web,,0.0
500558,10237,2024-03-25 19:56:00,Delivered,Credit Card,Mobile Web,,0.0
500559,10033,2024-03-25 20:12:00,Delivered,Cash on Delivery,Mobile App,,49.0
500560,10295,2024-03-25 21:15:00,Delivered,credit card,Mobile App,,0.0
500561,10271,2024-03-25 21:43:00,Returned,UPI,Desktop,,0.0
500562,10376,2024-03-26 09:25:00,DELIVERED,Cash on Delivery,Desktop,,0.0
500563,10524,2024-03-26 10:20:00,CANCELLED,COD,Mobile Web,,0.0
500564,10587,2024-03-26 11:59:00,delivered ,COD,Mobile App,WELCOME15,0.0
500565,10163,2024-03-26 15:26:00,Delivered,UPI,Desktop,,0.0
500566,10567,2024-03-26 17:15:00,Delivered,Net Banking,Mobile App,,49.0
500567,10584,2024-03-26 19:01:00,Delivered,COD,Desktop,WELCOME15,0.0
500568,10607,2024-03-26 22:03:00,Delivered,Credit Card,Mobile App,WELCOME15,0.0
500569,10615,2024-03-27 07:16:00,DELIVERED,Net Banking,Mobile App,,0.0
500570,10619,2024-03-27 09:55:00,Cancelled,Credit Card,Mobile App,WELCOME15,0.0
500571,10617,2024-03-27 18:13:00,Delivered,Cash on Delivery,Mobile Web,,0.0
500572,10399,2024-03-27 22:53:00,Delivered,UPI,Mobile Web,,0.0
500573,10596,2024-03-28 08:14:00,Delivered,UPI,Mobile App,,0.0
500574,10625,2024-03-28 09:46:00,Delivered,UPI,Mobile Web,,0.0
500575,10606,2024-03-28 11:06:00,Delivered,UPI,Mobile App,,49.0
500576,10350,2024-03-28 12:38:00,DELIVERED,Net Banking,Desktop,,0.0
500577,10626,2024-03-28 17:57:00,Delivered,Cash on Delivery,Mobile App,,0.0
500578,10547,2024-03-28 19:52:00,Delivered,Net Banking,Mobile App,,0.0
500579,10543,2024-03-28 21:45:00,Delivered,UPI,Mobile Web,WELCOME15,0.0
500580,10081,2024-03-29 08:53:00,Delivered,UPI,Desktop,,0.0
500581,10603,2024-03-29 13:20:00,Delivered,Upi,Mobile App,WELCOME15,0.0
500582,10514,2024-03-29 14:53:00,delivered ,Net Banking,Mobile App,,49.0
500583,10466,2024-03-29 21:19:00,DELIVERED,Cash on Delivery,Desktop,,0.0
500584,10557,2024-03-29 21:49:00,Delivered,Cash on Delivery,Desktop,,0.0
500585,10624,2024-03-29 22:03:00,Delivered,cod,Desktop,,49.0
500586,10631,2024-03-30 09:12:00,Returned,Debit Card,Mobile Web,WELCOME15,0.0
500587,10604,2024-03-30 09:38:00,Delivered,UPI,Mobile Web,,0.0
500588,10457,2024-03-30 09:48:00,Delivered,Cash on Delivery,Mobile Web,,0.0
500589,10588,2024-03-30 11:12:00,Delivered,UPI,Mobile App,,0.0
500590,10616,2024-03-30 19:15:00,Delivered,UPI,Mobile App,WELCOME15,0.0
500591,10251,2024-03-30 20:30:00,DELIVERED,UPI,Mobile Web,,0.0
500592,10574,2024-03-31 10:07:00,Delivered,Cash on Delivery,Mobile Web,WELCOME15,0.0
500593,10420,2024-03-31 10:31:00,Delivered,Cash on Delivery,Mobile App,,0.0
500594,10623,2024-03-31 12:19:00,DELIVERED,Cash on Delivery,Mobile App,,0.0
500595,10267,2024-03-31 12:35:00,Delivered,Credit Card,Mobile App,,0.0
500596,10633,2024-03-31 13:34:00,Returned,UPI,Mobile App,WELCOME15,0.0
500597,10592,2024-03-31 14:47:00,Delivered,Net Banking,Desktop,SAVE5,0.0
500598,10640,2024-03-31 19:16:00,Delivered,upi,Desktop,,0.0
500599,10097,2024-03-31 19:38:00,DELIVERED,UPI,Mobile Web,,0.0
500600,10632,2024-03-31 22:35:00,Delivered,UPI,Mobile Web,,0.0
500601,10611,2024-04-01 07:42:00,Delivered,UPI,Mobile Web,,0.0
500602,10641,2024-04-01 08:55:00,Returned,UPI,Mobile Web,,0.0
500603,10642,2024-04-01 09:51:00,Returned,UPI,Mobile App,WELCOME15,0.0
500604,10648,2024-04-01 12:19:00,Delivered,Cash on Delivery,Desktop,WELCOME15,0.0
500605,10639,2024-04-01 13:08:00,Delivered,DC,Mobile Web,WELCOME15,49.0
500606,10578,2024-04-01 14:11:00,DELIVERED,Credit Card,Mobile App,,0.0
500607,10571,2024-04-01 14:51:00,Delivered,debit card,Mobile App,,0.0
500608,10597,2024-04-01 14:58:00,Delivered,upi,Mobile App,,0.0
500609,10138,2024-04-01 15:51:00,Delivered,Debit Card,Mobile App,,0.0
500610,10630,2024-04-01 18:36:00,cancelled ,Cash on Delivery,Mobile App,SAVE5,0.0
500611,10628,2024-04-01 21:17:00,delivered ,UPI,Mobile App,WELCOME15,0.0
500612,10612,2024-04-02 07:50:00,Delivered,CC,Desktop,WELCOME15,0.0
500613,10523,2024-04-02 07:57:00,Delivered,Net Banking,Mobile App,,0.0
500614,10085,2024-04-02 14:40:00,DELIVERED,UPI,Desktop,,0.0
500615,10582,2024-04-02 16:24:00,RETURNED,UPI,Desktop,,0.0
500616,10278,2024-04-02 17:04:00,Delivered,UPI,Mobile App,,0.0
500617,10183,2024-04-02 19:58:00,Delivered,UPI,Desktop,,0.0
500618,10652,2024-04-02 22:12:00,Delivered,UPI,Mobile App,SAVE5,0.0
500619,10629,2024-04-02 22:48:00,DELIVERED,Upi,Mobile Web,,0.0
500620,10664,2024-04-03 09:16:00,RETURNED,upi,Mobile Web,WELCOME15,0.0
500621,10627,2024-04-03 11:44:00,Delivered,UPI,Mobile App,,0.0
500622,10349,2024-04-03 12:28:00,Delivered,Credit Card,Mobile Web,,0.0
500623,10662,2024-04-03 12:54:00,Cancelled,Credit Card,Mobile Web,WELCOME15,49.0
500624,10657,2024-04-03 14:04:00,Delivered,UPI,Desktop,WELCOME15,0.0
500625,10654,2024-04-03 14:39:00,Delivered,credit card,Mobile App,WELCOME15,0.0
500626,10660,2024-04-03 17:00:00,DELIVERED,Cash on Delivery,Mobile Web,,0.0
500627,10649,2024-04-03 20:56:00,Delivered,Credit Card,Mobile App,,0.0
500628,10227,2024-04-03 22:46:00,Delivered,Credit Card,Mobile App,,0.0
500629,10292,2024-04-03 23:40:00,Delivered,UPI,Mobile App,,0.0
500630,10269,2024-04-03 23:55:00,Delivered,UPI,Mobile App,SAVE5,0.0
500631,10620,2024-04-03 23:56:00,Delivered,UPI,Desktop,WELCOME15,0.0
500632,10636,2024-04-04 10:08:00,Delivered,upi,Desktop,,0.0
500633,10672,2024-04-04 16:02:00,Delivered,UPI,Mobile App,WELCOME15,0.0
500634,10669,2024-04-04 17:08:00,Delivered,COD,Mobile App,,0.0
500635,10671,2024-04-04 17:11:00,DELIVERED,credit card,Mobile App,,0.0
500636,10663,2024-04-04 17:36:00,Cancelled,upi,Desktop,WELCOME15,0.0
500637,10050,2024-04-04 20:38:00,Delivered,COD,Desktop,,0.0
500638,10203,2024-04-04 22:41:00,Delivered,cod,Mobile App,,0.0
500639,10345,2024-04-04 22:59:00,DELIVERED,Debit Card,Mobile App,,0.0
500640,10659,2024-04-04 23:49:00,Delivered,Credit Card,Mobile Web,WELCOME15,0.0
500641,10658,2024-04-04 23:51:00,Delivered,CC,Mobile App,SAVE5,0.0
500642,10622,2024-04-05 07:39:00,Cancelled,Net Banking,Mobile Web,,0.0
500643,10634,2024-04-05 10:28:00,Delivered,Net Banking,Mobile App,,0.0
500644,10637,2024-04-05 14:46:00,Delivered,Upi,Mobile Web,WELCOME15,0.0
500645,10674,2024-04-05 16:57:00,Delivered,UPI,Mobile Web,,49.0
500646,10535,2024-04-05 17:22:00,DELIVERED,Upi,Mobile App,,0.0
500647,10602,2024-04-05 19:19:00,Delivered,debit card,Mobile App,WELCOME15,0.0
500648,10635,2024-04-05 19:46:00,Cancelled,UPI,Desktop,WELCOME15,0.0
500649,10621,2024-04-06 07:13:00,DELIVERED,Cash on Delivery,Mobile App,WELCOME15,0.0
500650,10263,2024-04-06 08:38:00,Delivered,Debit Card,Mobile App,,0.0
500651,10675,2024-04-06 09:06:00,Delivered,cod,Mobile App,,0.0
500652,10656,2024-04-06 12:37:00,Delivered,CC,Mobile App,WELCOME15,49.0
500653,10678,2024-04-06 12:53:00,Delivered,Debit Card,Desktop,WELCOME15,0.0
500654,10682,2024-04-06 14:12:00,Delivered,UPI,Desktop,WELCOME15,0.0
500655,10573,2024-04-06 14:41:00,Delivered,UPI,Mobile Web,WELCOME15,0.0
500656,10687,2024-04-06 15:56:00,Delivered,Cash on Delivery,Mobile App,WELCOME15,0.0
500657,10530,2024-04-06 20:01:00,Returned,UPI,Mobile App,,0.0
500658,10684,2024-04-06 22:20:00,Delivered,Credit Card,Desktop,,0.0
500659,10661,2024-04-06 22:39:00,Delivered,UPI,Desktop,,0.0
500660,10404,2024-04-07 07:49:00,Cancelled,Upi,Mobile Web,,0.0
500661,10050,2024-04-07 07:55:00,Delivered,Credit Card,Mobile Web,SAVE5,0.0
500662,10691,2024-04-07 08:45:00,Delivered,Net Banking,Mobile App,WELCOME15,49.0
500663,10238,2024-04-07 10:15:00,DELIVERED,UPI,Mobile Web,,0.0
500664,10245,2024-04-07 11:48:00,Delivered,Credit Card,Mobile App,,0.0
500665,10614,2024-04-07 13:54:00,Delivered,Upi,Mobile Web,WELCOME15,0.0
500666,10680,2024-04-07 19:10:00,Delivered,Cash on Delivery,Mobile App,WELCOME15,0.0
500667,10617,2024-04-07 21:04:00,delivered ,Debit Card,Mobile Web,,0.0
500668,10697,2024-04-08 11:47:00,Cancelled,Cash on Delivery,Mobile App,WELCOME15,0.0
500669,10016,2024-04-08 14:49:00,DELIVERED,UPI,Desktop,SAVE5,0.0
500670,10249,2024-04-08 16:31:00,Delivered,Upi,Mobile Web,,0.0
500671,10683,2024-04-08 19:27:00,Delivered,UPI,Desktop,,0.0
500672,10544,2024-04-08 21:49:00,Delivered,Cash on Delivery,Desktop,,0.0
500673,10653,2024-04-08 22:47:00,Delivered,Credit Card,Mobile Web,WELCOME15,0.0
500674,10269,2024-04-09 08:40:00,Returned,UPI,Mobile Web,,0.0
500675,10228,2024-04-09 09:38:00,Delivered,UPI,Mobile App,,0.0
500676,10091,2024-04-09 11:28:00,Delivered,UPI,Mobile App,,49.0
500677,10655,2024-04-09 15:57:00,Delivered,Debit Card,Mobile App,WELCOME15,0.0
500678,10701,2024-04-09 16:08:00,delivered ,Credit Card,Desktop,,0.0
500679,10436,2024-04-09 17:14:00,Delivered,Net Banking,Mobile App,SAVE5,0.0
500680,10670,2024-04-09 19:28:00,delivered ,Credit Card,Mobile Web,,0.0
500681,10677,2024-04-09 20:32:00,Delivered,UPI,Mobile Web,,49.0
500682,10003,2024-04-09 21:51:00,Delivered,upi,Desktop,,49.0
500683,10546,2024-04-09 22:42:00,Delivered,upi,Mobile Web,,0.0
500684,10704,2024-04-09 23:07:00,cancelled ,Net Banking,Mobile Web,,49.0
500685,10695,2024-04-10 07:35:00,Cancelled,UPI,Mobile App,WELCOME15,0.0
500686,10646,2024-04-10 09:57:00,Delivered,UPI,Mobile App,WELCOME15,0.0
500687,10708,2024-04-10 10:31:00,Delivered,CC,Desktop,,0.0
500688,10292,2024-04-10 11:48:00,CANCELLED,UPI,Desktop,,49.0
500689,10556,2024-04-10 15:30:00,Delivered,Debit Card,Desktop,,49.0
500690,10190,2024-04-10 16:47:00,Delivered,DC,Mobile App,,0.0
500691,10300,2024-04-10 23:27:00,Delivered,Cash on Delivery,Mobile App,,0.0
500692,10703,2024-04-10 23:40:00,DELIVERED,UPI,Desktop,SAVE5,0.0
500693,10696,2024-04-10 23:51:00,Returned,DC,Desktop,,0.0
500694,10647,2024-04-11 09:54:00,Delivered,Cash on Delivery,Mobile App,SAVE5,0.0
500695,10709,2024-04-11 10:26:00,Delivered,UPI,Desktop,,0.0
500696,10210,2024-04-11 10:41:00,Delivered,Credit Card,Mobile App,,0.0
500697,10293,2024-04-11 11:16:00,delivered ,Debit Card,Desktop,,49.0
500698,10700,2024-04-11 11:42:00,Delivered,Debit Card,Mobile Web,WELCOME15,0.0
500699,10050,2024-04-11 16:43:00,Delivered,Cash on Delivery,Mobile App,,0.0
500700,10438,2024-04-12 10:46:00,Delivered,Credit Card,Mobile Web,,0.0
500701,10719,2024-04-12 11:25:00,Delivered,credit card,Mobile App,,0.0
500702,10243,2024-04-12 13:12:00,delivered ,UPI,Desktop,,0.0
500703,10295,2024-04-12 14:40:00,Returned,UPI,Mobile App,,0.0
500704,10667,2024-04-12 15:17:00,Delivered,UPI,Mobile App,,0.0
500705,10583,2024-04-12 20:52:00,Delivered,Credit Card,Mobile App,,0.0
500706,10730,2024-04-12 21:06:00,delivered ,Credit Card,Desktop,WELCOME15,0.0
500707,10462,2024-04-12 22:54:00,Delivered,Upi,Desktop,,0.0
500708,10729,2024-04-13 07:26:00,Cancelled,UPI,Mobile Web,WELCOME15,0.0
500709,10715,2024-04-13 07:45:00,Delivered,UPI,Mobile Web,,0.0
500710,10727,2024-04-13 10:52:00,delivered ,UPI,Mobile App,,0.0
500711,10574,2024-04-13 12:47:00,DELIVERED,COD,Desktop,,0.0
500712,10183,2024-04-13 16:23:00,DELIVERED,UPI,Mobile App,,0.0
500713,10668,2024-04-13 19:06:00,Delivered,Cash on Delivery,Mobile App,WELCOME15,0.0
500714,10716,2024-04-13 23:07:00,Delivered,Upi,Mobile App,WELCOME15,0.0
500715,10710,2024-04-14 12:35:00,Delivered,UPI,Mobile App,WELCOME15,0.0
500716,10731,2024-04-14 13:12:00,Delivered,Debit Card,Mobile App,,0.0
500717,10463,2024-04-14 13:55:00,Delivered,Cash on Delivery,Desktop,,0.0
500718,10305,2024-04-14 15:42:00,Delivered,UPI,Mobile Web,,49.0
500719,10705,2024-04-14 17:39:00,Delivered,UPI,Mobile App,,0.0
500720,10743,2024-04-14 21:23:00,Delivered,Net Banking,Desktop,WELCOME15,0.0
500721,10280,2024-04-14 23:04:00,DELIVERED,Net Banking,Mobile App,,0.0
500722,10702,2024-04-14 23:51:00,Delivered,CC,Mobile Web,,0.0
500723,10717,2024-04-15 07:55:00,DELIVERED,UPI,Desktop,WELCOME15,0.0
500724,10153,2024-04-15 10:07:00,Returned,UPI,Mobile Web,,0.0
500725,10720,2024-04-15 10:22:00,DELIVERED,UPI,Mobile App,WELCOME15,49.0
500726,10698,2024-04-15 10:40:00,Delivered,Credit Card,Mobile App,WELCOME15,0.0
500727,10383,2024-04-15 10:48:00,DELIVERED,UPI,Desktop,,0.0
500728,10121,2024-04-15 13:04:00,Delivered,UPI,Mobile App,,0.0
500729,10757,2024-04-15 13:44:00,Delivered,Cash on Delivery,Mobile Web,,0.0
500730,10744,2024-04-15 15:21:00,Delivered,UPI,Desktop,WELCOME15,0.0
500731,10062,2024-04-15 17:33:00,Delivered,Cash on Delivery,Mobile App,,0.0
500732,10765,2024-04-16 13:00:00,Cancelled,UPI,Mobile App,SAVE5,0.0
500733,10729,2024-04-16 17:10:00,Delivered,debit card,Mobile App,,0.0
500734,10728,2024-04-16 17:29:00,Delivered,Cash on Delivery,Desktop,WELCOME15,0.0
500735,10756,2024-04-16 19:13:00,delivered ,credit card,Mobile Web,,0.0
500736,10754,2024-04-16 19:19:00,Delivered,upi,Mobile Web,,0.0
500737,10207,2024-04-16 21:08:00,Delivered,UPI,Mobile App,,0.0
500738,10557,2024-04-17 09:20:00,Returned,Credit Card,Mobile App,SAVE5,0.0
500739,10747,2024-04-17 10:20:00,Cancelled,UPI,Mobile App,WELCOME15,0.0
500740,10736,2024-04-17 11:49:00,Delivered,Upi,Mobile App,,0.0
500741,10737,2024-04-17 18:10:00,Delivered,cod,Mobile App,SAVE5,0.0
500742,10755,2024-04-17 18:11:00,delivered ,CC,Mobile Web,,49.0
500743,10523,2024-04-17 18:56:00,Delivered,UPI,Mobile App,,0.0
500744,10677,2024-04-17 19:41:00,Delivered,UPI,Mobile Web,,0.0
500745,10749,2024-04-17 20:05:00,DELIVERED,upi,Mobile App,WELCOME15,49.0
500746,10600,2024-04-17 22:48:00,CANCELLED,Cash On Delivery,Mobile App,,0.0
500747,10568,2024-04-18 07:50:00,Returned,Net Banking,Mobile App,,0.0
500748,10304,2024-04-18 08:12:00,Delivered,UPI,Mobile App,,0.0
500749,10775,2024-04-18 09:40:00,Returned,UPI,Mobile Web,WELCOME15,0.0
500750,10759,2024-04-18 09:59:00,Delivered,Cash on Delivery,Desktop,,49.0
500751,10727,2024-04-18 10:30:00,Delivered,Credit Card,Desktop,,0.0
500752,10725,2024-04-18 13:02:00,Delivered,Credit Card,Mobile App,WELCOME15,0.0
500753,10769,2024-04-18 15:20:00,Delivered,UPI,Mobile App,,0.0
500754,10676,2024-04-18 16:59:00,Delivered,credit card,Mobile App,,49.0
500755,10760,2024-04-18 17:05:00,Delivered,Debit Card,Mobile Web,,0.0
500756,10767,2024-04-18 17:24:00,Delivered,UPI,Mobile Web,WELCOME15,0.0
500757,10764,2024-04-18 20:01:00,Delivered,Cash on Delivery,Mobile App,WELCOME15,0.0
500758,10713,2024-04-18 21:21:00,Delivered,UPI,Mobile App,WELCOME15,0.0
500759,10165,2024-04-18 21:50:00,Delivered,upi,Mobile Web,,0.0
500760,10698,2024-04-18 22:13:00,Delivered,debit card,Mobile Web,,0.0
500761,10776,2024-04-19 07:42:00,Returned,UPI,Mobile App,WELCOME15,0.0
500762,10782,2024-04-19 08:30:00,Delivered,credit card,Desktop,WELCOME15,0.0
500763,10733,2024-04-19 09:46:00,Delivered,upi,Desktop,,0.0
500764,10515,2024-04-19 10:25:00,Delivered,UPI,Mobile App,,0.0
500765,10707,2024-04-19 14:43:00,Returned,Credit Card,Desktop,,0.0
500766,10726,2024-04-19 15:43:00,Delivered,upi,Mobile App,,0.0
500767,10778,2024-04-19 16:58:00,Returned,Credit Card,Mobile Web,,0.0
500768,10753,2024-04-19 19:42:00,Delivered,Debit Card,Desktop,,0.0
500769,10752,2024-04-19 21:12:00,Delivered,UPI,Mobile App,WELCOME15,0.0
500770,10724,2024-04-19 21:37:00,Delivered,Net Banking,Mobile App,SAVE5,0.0
500771,10768,2024-04-19 21:44:00,Delivered,cod,Mobile App,,0.0
500772,10742,2024-04-19 22:35:00,DELIVERED,UPI,Desktop,WELCOME15,0.0
500773,10375,2024-04-20 07:33:00,delivered ,credit card,Mobile App,,0.0
500774,10563,2024-04-20 07:57:00,Cancelled,Cash on Delivery,Mobile Web,,0.0
500775,10062,2024-04-20 08:20:00,Delivered,UPI,Mobile App,,0.0
500776,10791,2024-04-20 12:45:00,DELIVERED,UPI,Desktop,,49.0
500777,10748,2024-04-20 13:13:00,Delivered,UPI,Mobile App,WELCOME15,49.0
500778,10794,2024-04-20 17:34:00,Delivered,UPI,Desktop,,0.0
500779,10784,2024-04-20 19:03:00,Delivered,UPI,Mobile Web,,0.0
500780,10795,2024-04-20 22:54:00,Delivered,Net Banking,Desktop,,0.0
500781,10805,2024-04-21 08:34:00,Delivered,UPI,Mobile App,WELCOME15,0.0
500782,10800,2024-04-21 11:35:00,Delivered,Credit Card,Desktop,SAVE5,0.0
500783,10744,2024-04-21 11:39:00,Delivered,UPI,Mobile App,,0.0
500784,10714,2024-04-21 12:26:00,Delivered,Cash on Delivery,Desktop,WELCOME15,0.0
500785,10501,2024-04-21 13:18:00,delivered ,UPI,Mobile Web,,0.0
500786,10686,2024-04-21 15:36:00,DELIVERED,Cash On Delivery,Mobile App,SAVE5,49.0
500787,10772,2024-04-21 16:50:00,Delivered,UPI,Mobile App,,0.0
500788,10804,2024-04-21 20:46:00,Delivered,Cash on Delivery,Mobile Web,WELCOME15,0.0
500789,10786,2024-04-21 21:49:00,delivered ,Debit Card,Mobile App,,0.0
500790,10789,2024-04-22 08:05:00,delivered ,UPI,Mobile Web,,49.0
500791,10807,2024-04-22 08:08:00,Delivered,Cash on Delivery,Mobile App,,0.0
500792,10170,2024-04-22 12:37:00,Cancelled,Cash on Delivery,Mobile Web,SAVE5,0.0
500793,10050,2024-04-22 16:27:00,DELIVERED,Debit Card,Mobile Web,,0.0
500794,10759,2024-04-22 18:55:00,Delivered,CC,Desktop,,0.0
500795,10808,2024-04-22 22:39:00,Delivered,Cash on Delivery,Mobile App,WELCOME15,0.0
500796,10674,2024-04-22 22:48:00,delivered ,UPI,Mobile Web,,0.0
500797,10773,2024-04-23 07:06:00,Delivered,UPI,Mobile App,,49.0
500798,10481,2024-04-23 09:21:00,Delivered,UPI,Mobile App,,0.0
500799,10606,2024-04-23 09:22:00,DELIVERED,UPI,Desktop,,0.0
500800,10812,2024-04-23 11:14:00,Delivered,UPI,Mobile Web,WELCOME15,0.0
500801,10688,2024-04-23 11:16:00,Delivered,UPI,Mobile Web,,0.0
500802,10712,2024-04-23 11:52:00,Returned,Cash On Delivery,Mobile App,,0.0
500803,10586,2024-04-23 12:00:00,Delivered,Cash on Delivery,Mobile Web,,0.0
500804,10612,2024-04-23 13:52:00,Delivered,Debit Card,Mobile Web,,0.0
500805,10825,2024-04-23 14:38:00,Delivered,UPI,Desktop,,0.0
500806,10824,2024-04-23 15:26:00,Returned,Cash on Delivery,Desktop,WELCOME15,0.0
500807,10779,2024-04-23 19:14:00,Delivered,upi,Mobile App,,0.0
500808,10814,2024-04-23 19:33:00,Delivered,Cash on Delivery,Mobile App,WELCOME15,0.0
500809,10781,2024-04-24 07:00:00,Delivered,UPI,Mobile App,,0.0
500810,10770,2024-04-24 08:59:00,DELIVERED,Cash on Delivery,Desktop,,0.0
500811,10477,2024-04-24 09:18:00,Delivered,upi,Mobile App,,0.0
500812,10831,2024-04-24 09:40:00,Delivered,Debit Card,Desktop,,0.0
500812,10831,2024-04-24 09:40:00,Delivered,Debit Card,Desktop,,0.0
500813,10761,2024-04-24 10:29:00,Delivered,Cash On Delivery,Mobile App,WELCOME15,0.0
500814,10834,2024-04-24 11:25:00,Delivered,upi,Mobile App,,0.0
500815,10838,2024-04-24 12:24:00,Delivered,UPI,Mobile Web,WELCOME15,0.0
500816,10225,2024-04-24 14:05:00,Delivered,Credit Card,Mobile Web,,0.0
500817,10524,2024-04-24 14:15:00,DELIVERED,CC,Mobile Web,,0.0
500818,10597,2024-04-24 17:21:00,DELIVERED,Credit Card,Desktop,,0.0
500819,10793,2024-04-24 19:17:00,Delivered,debit card,Mobile App,,0.0
500820,10328,2024-04-24 20:27:00,Delivered,Debit Card,Desktop,,0.0
500821,10796,2024-04-24 20:29:00,Delivered,cod,Mobile Web,,0.0
500822,10830,2024-04-24 23:18:00,delivered ,CC,Mobile App,,0.0
500823,10822,2024-04-25 07:53:00,Delivered,Credit Card,Mobile Web,,0.0
500824,10841,2024-04-25 07:56:00,Delivered,UPI,Mobile Web,WELCOME15,0.0
500825,10846,2024-04-25 14:30:00,delivered ,Upi,Mobile App,WELCOME15,0.0
500826,10803,2024-04-25 15:52:00,Delivered,Debit Card,Mobile App,,0.0
500827,10788,2024-04-25 20:14:00,Delivered,UPI,Mobile Web,WELCOME15,0.0
500828,10843,2024-04-25 20:22:00,Delivered,Cash on Delivery,Mobile Web,WELCOME15,0.0
500829,10816,2024-04-25 22:10:00,delivered ,UPI,Mobile App,WELCOME15,0.0
500830,10865,2024-04-26 07:03:00,Delivered,Cash on Delivery,Mobile Web,,0.0
500831,10826,2024-04-26 08:30:00,Delivered,UPI,Mobile Web,WELCOME15,49.0
500832,10741,2024-04-26 12:03:00,Delivered,upi,Mobile Web,,0.0
500833,10783,2024-04-26 16:07:00,Delivered,Upi,Mobile App,,0.0
500834,10785,2024-04-26 21:34:00,delivered ,Credit Card,Desktop,SAVE5,0.0
500835,10820,2024-04-26 21:52:00,Delivered,Cash on Delivery,Mobile Web,,49.0
500836,10849,2024-04-26 23:47:00,Delivered,Cash on Delivery,Desktop,WELCOME15,49.0
500837,10867,2024-04-26 23:51:00,Delivered,Credit Card,Desktop,,0.0
500838,10879,2024-04-27 07:14:00,Delivered,UPI,Mobile Web,,49.0
500839,10878,2024-04-27 07:54:00,Delivered,Cash on Delivery,Mobile Web,,0.0
500840,10854,2024-04-27 11:15:00,Delivered,UPI,Desktop,WELCOME15,0.0
500841,10842,2024-04-27 11:20:00,returned ,Credit Card,Mobile Web,,0.0
500842,10780,2024-04-27 11:34:00,Delivered,Cash on Delivery,Mobile App,,0.0
500843,10813,2024-04-27 12:41:00,Delivered,Cash on Delivery,Desktop,WELCOME15,0.0
500844,10485,2024-04-27 13:08:00,delivered ,Debit Card,Desktop,,0.0
500845,10787,2024-04-27 13:40:00,Delivered,UPI,Mobile App,WELCOME15,0.0
500846,10875,2024-04-27 15:15:00,DELIVERED,credit card,Mobile App,WELCOME15,0.0
500847,10713,2024-04-27 15:41:00,Cancelled,Cash on Delivery,Desktop,,0.0
500848,10877,2024-04-27 15:58:00,Delivered,Net Banking,Mobile App,WELCOME15,49.0
500849,10806,2024-04-27 16:10:00,Delivered,Cash on Delivery,Mobile App,WELCOME15,0.0
500850,10850,2024-04-27 16:15:00,Delivered,Credit Card,Desktop,WELCOME15,0.0
500851,10752,2024-04-27 19:42:00,Delivered,Debit Card,Mobile Web,SAVE5,0.0
500852,10844,2024-04-27 20:41:00,Returned,Debit Card,Mobile Web,WELCOME15,0.0
500853,10828,2024-04-27 21:43:00,Delivered,Cash on Delivery,Mobile Web,,0.0
500854,10792,2024-04-27 21:45:00,Delivered,Cash on Delivery,Mobile App,WELCOME15,0.0
500855,10871,2024-04-27 22:35:00,Delivered,Credit Card,Mobile App,WELCOME15,0.0
500856,10833,2024-04-27 23:47:00,Delivered,Cash On Delivery,Mobile App,WELCOME15,0.0
500857,10409,2024-04-28 08:14:00,Delivered,Cash on Delivery,Desktop,,0.0
500858,10852,2024-04-28 08:36:00,Delivered,Credit Card,Mobile App,,0.0
500859,10797,2024-04-28 10:35:00,Delivered,UPI,Mobile App,,0.0
500860,10868,2024-04-28 10:38:00,delivered ,upi,Mobile Web,WELCOME15,0.0
500861,10810,2024-04-28 11:16:00,Delivered,UPI,Mobile Web,WELCOME15,0.0
500862,10847,2024-04-28 12:37:00,Delivered,Cash on Delivery,Mobile App,WELCOME15,0.0
500863,10823,2024-04-28 12:49:00,Delivered,credit card,Mobile Web,,0.0
500864,10125,2024-04-28 13:43:00,Delivered,Debit Card,Mobile App,,0.0
500865,10859,2024-04-28 14:18:00,Returned,UPI,Mobile Web,,0.0
500866,10759,2024-04-28 17:33:00,Delivered,Credit Card,Mobile App,,0.0
500867,10819,2024-04-28 20:45:00,Delivered,Cash on Delivery,Mobile App,,0.0
500868,10756,2024-04-28 22:21:00,DELIVERED,UPI,Mobile App,,0.0
500869,10869,2024-04-28 23:28:00,Delivered,Credit Card,Mobile App,WELCOME15,0.0
500870,10902,2024-04-29 09:31:00,delivered ,UPI,Mobile Web,WELCOME15,0.0
500871,10804,2024-04-29 09:35:00,Delivered,Net Banking,Mobile App,,49.0
500872,10112,2024-04-29 12:06:00,Delivered,upi,Desktop,,0.0
500873,10742,2024-04-29 12:25:00,Delivered,Debit Card,Mobile App,,0.0
500874,10815,2024-04-29 12:56:00,Delivered,UPI,Mobile Web,,0.0
500875,10723,2024-04-29 13:52:00,Delivered,Credit Card,Mobile Web,WELCOME15,0.0
500876,10885,2024-04-29 15:04:00,Delivered,UPI,Mobile App,WELCOME15,0.0
500877,10893,2024-04-29 17:29:00,Delivered,Cash on Delivery,Mobile Web,WELCOME15,0.0
500878,10886,2024-04-29 18:19:00,Delivered,UPI,Desktop,WELCOME15,0.0
500879,10108,2024-04-29 18:49:00,Delivered,UPI,Mobile Web,,0.0
500880,10870,2024-04-29 19:26:00,Delivered,Cash on Delivery,Mobile Web,SAVE5,0.0
500881,10862,2024-04-29 23:39:00,Delivered,Cash on Delivery,Mobile App,,0.0
500882,10851,2024-04-29 23:59:00,RETURNED,Debit Card,Mobile App,,0.0
500883,10860,2024-04-30 08:08:00,DELIVERED,UPI,Mobile App,,0.0
500884,10866,2024-04-30 09:14:00,DELIVERED,Debit Card,Mobile Web,WELCOME15,0.0
500885,10876,2024-04-30 10:09:00,Delivered,Cash on Delivery,Mobile Web,WELCOME15,0.0
500886,10839,2024-04-30 11:55:00,DELIVERED,Cash on Delivery,Mobile App,,0.0
500887,10880,2024-04-30 12:15:00,DELIVERED,UPI,Mobile App,,0.0
500888,10692,2024-04-30 13:45:00,Delivered,UPI,Mobile App,WELCOME15,0.0
500889,10884,2024-04-30 13:46:00,Delivered,Credit Card,Mobile App,WELCOME15,49.0
500890,10881,2024-04-30 15:48:00,Delivered,Debit Card,Mobile Web,WELCOME15,0.0
500891,10832,2024-04-30 16:59:00,Delivered,UPI,Desktop,WELCOME15,0.0
500892,10898,2024-04-30 20:51:00,Delivered,UPI,Mobile Web,,0.0
500893,10901,2024-04-30 22:22:00,Delivered,Cash on Delivery,Mobile App,WELCOME15,0.0
500894,10818,2024-05-01 13:32:00,DELIVERED,cod,Mobile Web,WELCOME15,0.0
500895,10900,2024-05-01 19:31:00,Delivered,Cash on Delivery,Mobile Web,WELCOME15,0.0
500896,10889,2024-05-01 21:49:00,delivered ,Upi,Mobile Web,,0.0
500897,10908,2024-05-01 23:00:00,Delivered,Cash On Delivery,Desktop,,0.0
500898,10916,2024-05-01 23:24:00,Delivered,UPI,Mobile App,WELCOME15,0.0
500899,10883,2024-05-01 23:56:00,delivered ,upi,Mobile App,,0.0
500900,10906,2024-05-02 10:37:00,Delivered,Credit Card,Desktop,WELCOME15,0.0
500901,10762,2024-05-02 13:20:00,delivered ,UPI,Desktop,WELCOME15,49.0
500902,10821,2024-05-02 13:35:00,Delivered,UPI,Mobile App,WELCOME15,0.0
500903,10586,2024-05-02 14:29:00,delivered ,UPI,Mobile App,,0.0
500904,10907,2024-05-02 19:01:00,Delivered,Debit Card,Mobile Web,WELCOME15,0.0
500905,10915,2024-05-02 19:43:00,Delivered,DC,Mobile Web,,0.0
500906,10925,2024-05-02 23:27:00,Delivered,UPI,Mobile Web,WELCOME15,0.0
500907,10918,2024-05-03 08:01:00,Delivered,Debit Card,Desktop,WELCOME15,0.0
500908,10927,2024-05-03 08:02:00,Delivered,upi,Mobile Web,WELCOME15,49.0
500909,10783,2024-05-03 09:39:00,Delivered,UPI,Mobile Web,,0.0
500910,10930,2024-05-03 10:04:00,DELIVERED,Net Banking,Mobile Web,WELCOME15,0.0
500911,10890,2024-05-03 11:21:00,Delivered,Credit Card,Mobile App,,0.0
500912,10895,2024-05-03 15:30:00,Delivered,Cash on Delivery,Desktop,,0.0
500913,10891,2024-05-03 15:31:00,Cancelled,UPI,Mobile App,WELCOME15,0.0
500914,10537,2024-05-03 17:29:00,Delivered,Credit Card,Desktop,,49.0
500915,10921,2024-05-03 19:16:00,Cancelled,UPI,Mobile App,,0.0
500916,10910,2024-05-03 19:52:00,CANCELLED,Cash on Delivery,Mobile App,,0.0
500917,10829,2024-05-04 08:35:00,Delivered,Credit Card,Desktop,WELCOME15,0.0
500918,10466,2024-05-04 09:17:00,Delivered,UPI,Desktop,,49.0
500919,10944,2024-05-04 11:33:00,Cancelled,UPI,Mobile App,,0.0
500920,10938,2024-05-04 11:45:00,Delivered,UPI,Mobile Web,,0.0
500921,10936,2024-05-04 12:26:00,Delivered,UPI,Mobile Web,,0.0
500922,10931,2024-05-04 12:37:00,Cancelled,Cash on Delivery,Desktop,WELCOME15,0.0
500923,10832,2024-05-04 13:52:00,Delivered,UPI,Mobile Web,,49.0
500924,10897,2024-05-04 14:42:00,Delivered,Credit Card,Mobile App,,0.0
500925,10837,2024-05-04 18:04:00,Delivered,Cash on Delivery,Mobile Web,,0.0
500926,10940,2024-05-04 20:35:00,Delivered,UPI,Desktop,,49.0
500927,10941,2024-05-04 21:02:00,Delivered,UPI,Mobile Web,WELCOME15,49.0
500928,10920,2024-05-04 22:11:00,Delivered,Credit Card,Mobile App,,0.0
500929,10942,2024-05-04 22:32:00,DELIVERED,Debit Card,Mobile Web,,0.0
500930,10774,2024-05-05 09:43:00,delivered ,UPI,Mobile App,WELCOME15,49.0
500931,10183,2024-05-05 10:37:00,Delivered,Cash on Delivery,Mobile App,,0.0
500932,10950,2024-05-05 10:43:00,CANCELLED,Cash on Delivery,Desktop,WELCOME15,0.0
500933,10924,2024-05-05 12:31:00,Cancelled,Cash on Delivery,Mobile Web,WELCOME15,0.0
500934,10845,2024-05-05 12:54:00,Delivered,DC,Desktop,WELCOME15,49.0
500935,10295,2024-05-05 15:02:00,Delivered,Credit Card,Mobile App,,0.0
500936,10809,2024-05-05 18:57:00,Delivered,Debit Card,Desktop,WELCOME15,0.0
500937,10923,2024-05-05 21:05:00,delivered ,Credit Card,Mobile App,WELCOME15,0.0
500938,10815,2024-05-05 22:40:00,Returned,UPI,Mobile App,,0.0
500939,10555,2024-05-05 22:43:00,Delivered,Debit Card,Mobile Web,,0.0
500940,10199,2024-05-05 22:53:00,DELIVERED,Credit Card,Mobile App,,0.0
500941,10799,2024-05-05 23:29:00,DELIVERED,Credit Card,Mobile App,,0.0
500942,10954,2024-05-06 07:22:00,Delivered,Credit Card,Mobile App,,0.0
500943,10902,2024-05-06 11:15:00,DELIVERED,UPI,Mobile App,,0.0
500944,10861,2024-05-06 12:50:00,Delivered,UPI,Desktop,,0.0
500945,10455,2024-05-06 12:53:00,Delivered,UPI,Mobile App,,0.0
500946,10953,2024-05-06 13:12:00,Cancelled,UPI,Mobile App,WELCOME15,0.0
500947,10956,2024-05-06 14:05:00,Delivered,Net Banking,Desktop,,0.0
500948,10965,2024-05-06 16:50:00,Delivered,UPI,Mobile App,,0.0
500949,10836,2024-05-06 16:58:00,Delivered,Credit Card,Mobile Web,WELCOME15,0.0
500950,10955,2024-05-06 17:47:00,Delivered,Cash on Delivery,Mobile App,,0.0
500951,10858,2024-05-06 18:29:00,Delivered,Cash on Delivery,Mobile App,WELCOME15,49.0
500952,10612,2024-05-06 19:14:00,Delivered,Credit Card,Desktop,,0.0
500953,10914,2024-05-06 19:33:00,Delivered,UPI,Mobile Web,,0.0
500954,10960,2024-05-06 21:00:00,CANCELLED,Credit Card,Mobile App,WELCOME15,0.0
500955,10873,2024-05-06 22:53:00,Delivered,CC,Mobile App,,0.0
500956,10310,2024-05-06 23:35:00,Delivered,upi,Desktop,,0.0
500957,10091,2024-05-07 07:22:00,Delivered,UPI,Mobile App,,0.0
500958,10158,2024-05-07 07:31:00,Delivered,UPI,Mobile Web,,0.0
500959,10585,2024-05-07 09:31:00,delivered ,Net Banking,Mobile App,,0.0
500960,10964,2024-05-07 12:20:00,Delivered,UPI,Desktop,,0.0
500961,10384,2024-05-07 13:06:00,Delivered,Debit Card,Mobile App,,0.0
500962,10946,2024-05-07 13:45:00,DELIVERED,Credit Card,Mobile Web,,0.0
500963,10970,2024-05-07 15:32:00,Cancelled,Debit Card,Mobile App,,0.0
500964,10952,2024-05-07 15:46:00,Delivered,Upi,Mobile App,,0.0
500965,10935,2024-05-07 16:17:00,delivered ,Cash on Delivery,Mobile App,,0.0
500966,10903,2024-05-07 17:23:00,Delivered,cod,Mobile App,,49.0
500967,10933,2024-05-07 21:56:00,Cancelled,COD,Mobile App,,0.0
500968,10967,2024-05-07 22:02:00,Returned,Cash on Delivery,Mobile Web,SAVE5,0.0
500969,10387,2024-05-08 07:38:00,Delivered,UPI,Desktop,,0.0
500970,10961,2024-05-08 08:33:00,delivered ,Net Banking,Mobile App,WELCOME15,0.0
500971,10754,2024-05-08 12:18:00,Delivered,Credit Card,Mobile App,,0.0
500972,10894,2024-05-08 15:19:00,Delivered,credit card,Mobile App,,0.0
500973,10974,2024-05-08 18:13:00,delivered ,upi,Mobile Web,,0.0
500974,10951,2024-05-08 18:20:00,DELIVERED,CC,Mobile Web,WELCOME15,0.0
500975,10534,2024-05-08 19:55:00,Delivered,UPI,Mobile App,,0.0
500976,10856,2024-05-08 19:59:00,DELIVERED,Cash on Delivery,Desktop,,0.0
500977,10851,2024-05-08 23:55:00,Delivered,Credit Card,Mobile App,,0.0
500978,10926,2024-05-09 07:28:00,Delivered,Debit Card,Desktop,WELCOME15,0.0
500979,10945,2024-05-09 13:20:00,Delivered,Cash On Delivery,Mobile Web,WELCOME15,0.0
500980,10912,2024-05-09 13:38:00,Delivered,UPI,Desktop,,0.0
500981,10842,2024-05-09 13:40:00,Delivered,UPI,Mobile Web,,0.0
500982,10982,2024-05-09 14:31:00,Cancelled,Cash on Delivery,Desktop,WELCOME15,0.0
500983,10918,2024-05-09 15:41:00,Delivered,cod,Desktop,,0.0
500984,10857,2024-05-09 15:41:00,Delivered,COD,Mobile App,,0.0
500985,10911,2024-05-09 15:59:00,Delivered,Cash on Delivery,Desktop,,0.0
500986,10151,2024-05-09 19:10:00,Delivered,UPI,Mobile App,,0.0
500987,10989,2024-05-09 21:22:00,Delivered,UPI,Desktop,WELCOME15,0.0
500988,10973,2024-05-09 23:27:00,delivered ,Credit Card,Mobile App,WELCOME15,49.0
500989,10813,2024-05-10 09:01:00,DELIVERED,DC,Mobile App,,0.0
500990,10929,2024-05-10 12:09:00,Delivered,UPI,Mobile Web,,0.0
500991,10839,2024-05-10 13:06:00,DELIVERED,Net Banking,Mobile Web,,49.0
500992,10555,2024-05-10 14:52:00,Delivered,Net Banking,Mobile App,,0.0
500993,10972,2024-05-10 17:34:00,Delivered,UPI,Mobile App,,49.0
500994,10039,2024-05-10 17:42:00,Delivered,Debit Card,Mobile App,,0.0
500995,10733,2024-05-10 18:35:00,Delivered,UPI,Desktop,,0.0
500996,10977,2024-05-10 19:42:00,Delivered,UPI,Mobile App,WELCOME15,0.0
500997,10949,2024-05-10 19:46:00,Delivered,Credit Card,Desktop,WELCOME15,0.0
500998,10917,2024-05-11 08:13:00,Delivered,Cash on Delivery,Mobile App,WELCOME15,0.0
500999,10158,2024-05-11 08:30:00,Delivered,Cash on Delivery,Mobile Web,,0.0
501000,11004,2024-05-11 08:37:00,Delivered,Debit Card,Mobile Web,WELCOME15,49.0
501001,11003,2024-05-11 10:38:00,Delivered,Upi,Mobile App,,0.0
501002,10894,2024-05-11 11:23:00,Delivered,UPI,Mobile Web,,0.0
501003,10996,2024-05-11 12:45:00,Returned,UPI,Desktop,,0.0
501004,10172,2024-05-11 12:47:00,DELIVERED,UPI,Mobile App,,0.0
501005,10313,2024-05-11 14:34:00,delivered ,UPI,Mobile App,,0.0
501006,10988,2024-05-11 14:53:00,Cancelled,UPI,Mobile Web,,0.0
501007,10957,2024-05-11 19:49:00,Delivered,UPI,Mobile App,,49.0
501008,10524,2024-05-11 20:41:00,Delivered,Upi,Mobile App,,0.0
501009,10601,2024-05-11 22:53:00,DELIVERED,Cash on Delivery,Desktop,SAVE5,0.0
501010,10832,2024-05-12 07:42:00,DELIVERED,Net Banking,Desktop,,0.0
501011,10769,2024-05-12 08:17:00,Delivered,Net Banking,Mobile App,,0.0
501011,10769,2024-05-12 08:17:00,Delivered,Net Banking,Mobile App,,0.0
501012,10713,2024-05-12 16:50:00,Delivered,CC,Mobile App,,0.0
501013,10966,2024-05-12 18:58:00,Delivered,UPI,Desktop,,49.0
501014,10995,2024-05-12 19:07:00,Cancelled,UPI,Mobile Web,WELCOME15,49.0
501015,10465,2024-05-13 08:53:00,Delivered,Credit Card,Mobile Web,,0.0
501016,11005,2024-05-13 10:13:00,DELIVERED,UPI,Mobile App,WELCOME15,49.0
501017,10211,2024-05-13 10:47:00,Cancelled,UPI,Mobile Web,,0.0
501018,10986,2024-05-13 11:06:00,Delivered,UPI,Mobile App,WELCOME15,0.0
501019,10892,2024-05-13 11:08:00,delivered ,Credit Card,Mobile App,,0.0
501020,10947,2024-05-13 14:20:00,Returned,Debit Card,Mobile Web,WELCOME15,0.0
501021,11014,2024-05-13 15:33:00,Delivered,UPI,Mobile Web,,0.0
501022,10787,2024-05-13 18:36:00,Delivered,UPI,Desktop,,0.0
501023,10276,2024-05-13 19:34:00,Delivered,Credit Card,Mobile Web,,0.0
501023,10276,2024-05-13 19:34:00,Delivered,Credit Card,Mobile Web,,0.0
501024,11019,2024-05-13 19:48:00,DELIVERED,Net Banking,Mobile App,WELCOME15,0.0
501025,10057,2024-05-13 21:18:00,delivered ,Debit Card,Mobile App,,0.0
501026,10537,2024-05-13 21:34:00,DELIVERED,debit card,Mobile App,,0.0
501027,10971,2024-05-13 22:55:00,Delivered,Cash on Delivery,Mobile App,,0.0
501028,10501,2024-05-14 11:02:00,Delivered,UPI,Mobile Web,,0.0
501029,11023,2024-05-14 11:25:00,Delivered,Credit Card,Mobile App,WELCOME15,0.0
501030,10534,2024-05-14 11:59:00,delivered ,Credit Card,Mobile Web,,0.0
501031,11009,2024-05-14 12:13:00,Delivered,UPI,Mobile App,WELCOME15,0.0
501032,10955,2024-05-14 14:37:00,Delivered,UPI,Mobile Web,,0.0
501033,10619,2024-05-14 15:41:00,Delivered,UPI,Desktop,,0.0
501034,11003,2024-05-14 16:20:00,DELIVERED,Debit Card,Mobile Web,,49.0
501035,10667,2024-05-14 20:06:00,Delivered,Upi,Mobile App,,0.0
501036,10991,2024-05-14 21:25:00,Delivered,UPI,Mobile Web,WELCOME15,49.0
501037,10733,2024-05-14 22:12:00,Delivered,Credit Card,Desktop,,0.0
501038,10381,2024-05-14 22:41:00,Delivered,UPI,Desktop,,0.0
501039,11018,2024-05-14 23:57:00,Delivered,Debit Card,Mobile Web,WELCOME15,0.0
501040,11006,2024-05-15 07:29:00,Delivered,UPI,Mobile Web,,0.0
501041,11030,2024-05-15 07:47:00,Delivered,Debit Card,Mobile Web,,0.0
501042,10917,2024-05-15 08:25:00,DELIVERED,Credit Card,Desktop,,0.0
501043,10033,2024-05-15 13:37:00,Delivered,Debit Card,Mobile App,,0.0
501044,10769,2024-05-15 14:41:00,Delivered,Debit Card,Mobile App,,0.0
501045,11028,2024-05-15 17:18:00,Delivered,cod,Mobile App,WELCOME15,0.0
501046,10916,2024-05-15 19:30:00,DELIVERED,UPI,Mobile Web,,0.0
501047,11036,2024-05-15 20:16:00,Delivered,Credit Card,Mobile App,,0.0
501048,11002,2024-05-15 20:57:00,Delivered,UPI,Desktop,WELCOME15,0.0
501049,10720,2024-05-15 21:07:00,Returned,UPI,Mobile Web,,0.0
501050,10937,2024-05-15 22:33:00,Delivered,Cash on Delivery,Mobile App,,0.0
501051,10176,2024-05-15 23:35:00,Delivered,Debit Card,Mobile App,,0.0
501052,10040,2024-05-16 07:33:00,Delivered,UPI,Mobile Web,,0.0
501053,10416,2024-05-16 08:34:00,Delivered,UPI,Mobile App,SAVE5,0.0
501054,10980,2024-05-16 11:35:00,Returned,UPI,Mobile App,,0.0
501054,10980,2024-05-16 11:35:00,Returned,UPI,Mobile App,,0.0
501055,10701,2024-05-16 14:21:00,Delivered,UPI,Mobile Web,,0.0
501056,11042,2024-05-16 15:26:00,cancelled ,Cash on Delivery,Mobile App,,0.0
501057,10899,2024-05-16 16:34:00,Delivered,UPI,Mobile App,,0.0
501058,11024,2024-05-16 19:18:00,Delivered,Debit Card,Desktop,,0.0
501059,10928,2024-05-16 21:13:00,Delivered,Cash on Delivery,Mobile Web,,0.0
501060,10992,2024-05-16 22:57:00,Cancelled,cod,Mobile Web,WELCOME15,0.0
501061,10985,2024-05-17 08:26:00,delivered ,UPI,Mobile App,WELCOME15,49.0
501062,11048,2024-05-17 09:11:00,Cancelled,Cash on Delivery,Mobile App,WELCOME15,0.0
501063,10014,2024-05-17 10:27:00,delivered ,UPI,Desktop,,0.0
501064,10968,2024-05-17 12:41:00,Cancelled,Upi,Mobile App,,0.0
501065,11043,2024-05-17 13:39:00,delivered ,UPI,Mobile App,WELCOME15,0.0
501066,10244,2024-05-17 13:50:00,Delivered,Credit Card,Mobile App,,0.0
501067,11007,2024-05-17 14:08:00,Delivered,UPI,Mobile Web,,0.0
501068,11032,2024-05-17 14:59:00,Delivered,Cash on Delivery,Desktop,,0.0
501069,11038,2024-05-17 18:35:00,Delivered,Cash on Delivery,Mobile App,,0.0
501070,11041,2024-05-17 21:06:00,Delivered,debit card,Desktop,,0.0
501071,11047,2024-05-17 21:33:00,Delivered,UPI,Mobile Web,,0.0
501072,11037,2024-05-17 22:17:00,DELIVERED,Debit Card,Mobile Web,WELCOME15,0.0
501073,11020,2024-05-17 23:15:00,Delivered,debit card,Mobile App,WELCOME15,0.0
501074,10994,2024-05-18 16:47:00,Returned,upi,Mobile App,,0.0
501075,10888,2024-05-18 18:02:00,Delivered,Cash on Delivery,Mobile App,,0.0
501076,11015,2024-05-18 18:14:00,delivered ,Cash on Delivery,Mobile App,,0.0
501077,10955,2024-05-18 18:57:00,Delivered,UPI,Desktop,,0.0
501078,10926,2024-05-18 20:30:00,DELIVERED,Cash on Delivery,Mobile App,,0.0
501079,11054,2024-05-18 22:04:00,Delivered,Credit Card,Desktop,WELCOME15,0.0
501079,11054,2024-05-18 22:04:00,Delivered,Credit Card,Desktop,WELCOME15,0.0
501080,10562,2024-05-19 07:44:00,DELIVERED,Cash on Delivery,Mobile Web,SAVE5,0.0
501081,11060,2024-05-19 08:34:00,DELIVERED,UPI,Mobile App,,0.0
501082,11031,2024-05-19 08:56:00,Delivered,Credit Card,Mobile App,,49.0
501083,10703,2024-05-19 12:16:00,Delivered,UPI,Mobile App,SAVE5,0.0
501084,10998,2024-05-19 13:24:00,DELIVERED,UPI,Mobile App,,0.0
501085,10902,2024-05-19 15:01:00,Delivered,UPI,Mobile App,,0.0
501086,10199,2024-05-19 17:29:00,Delivered,UPI,Mobile App,,0.0
501087,11046,2024-05-19 18:31:00,Delivered,UPI,Mobile App,WELCOME15,0.0
501088,11010,2024-05-19 20:14:00,DELIVERED,UPI,Mobile App,,0.0
501089,11044,2024-05-19 22:05:00,Delivered,Upi,Mobile Web,,0.0
501090,10072,2024-05-19 23:03:00,Delivered,Debit Card,Mobile Web,,0.0
501091,11034,2024-05-20 08:11:00,Delivered,Credit Card,Mobile App,,0.0
501092,10258,2024-05-20 09:04:00,Delivered,Debit Card,Mobile App,SAVE5,0.0
501093,10958,2024-05-20 09:05:00,DELIVERED,upi,Desktop,WELCOME15,0.0
501094,11055,2024-05-20 11:18:00,Delivered,Cash on Delivery,Desktop,,0.0
501095,11043,2024-05-20 13:18:00,Cancelled,UPI,Mobile App,,0.0
501096,11066,2024-05-20 16:16:00,Delivered,Debit Card,Mobile App,,0.0
501097,10999,2024-05-20 16:20:00,Delivered,UPI,Mobile App,,0.0
501098,11022,2024-05-20 18:05:00,Delivered,UPI,Mobile App,,0.0
501099,10179,2024-05-20 19:12:00,delivered ,Debit Card,Mobile App,,0.0
501100,11040,2024-05-20 19:23:00,Delivered,UPI,Desktop,WELCOME15,0.0
501101,10980,2024-05-20 21:58:00,Delivered,Cash on Delivery,Mobile App,,0.0
501102,11008,2024-05-20 22:25:00,delivered ,UPI,Mobile App,WELCOME15,0.0
501103,11061,2024-05-21 11:47:00,DELIVERED,DC,Mobile App,,0.0
501104,11059,2024-05-21 13:50:00,DELIVERED,DC,Mobile App,,49.0
501105,11068,2024-05-21 14:09:00,delivered ,upi,Mobile Web,,0.0
501106,11073,2024-05-21 14:20:00,Delivered,Upi,Desktop,WELCOME15,0.0
501107,10982,2024-05-21 16:08:00,Delivered,UPI,Desktop,,0.0
501108,10781,2024-05-21 20:09:00,Delivered,Credit Card,Mobile Web,,0.0
501109,11067,2024-05-21 20:58:00,Delivered,credit card,Mobile App,,0.0
501110,11063,2024-05-21 21:25:00,Delivered,UPI,Mobile Web,,0.0
501111,10994,2024-05-22 07:14:00,delivered ,Debit Card,Mobile App,,0.0
501112,10760,2024-05-22 08:59:00,Returned,UPI,Mobile App,SAVE5,0.0
501113,10515,2024-05-22 09:53:00,Delivered,Upi,Desktop,,0.0
501114,11074,2024-05-22 10:46:00,delivered ,UPI,Mobile App,,0.0
501115,11062,2024-05-22 12:15:00,Returned,Cash on Delivery,Mobile App,WELCOME15,0.0
501116,11079,2024-05-22 16:00:00,Delivered,Debit Card,Mobile Web,,0.0
501117,10067,2024-05-22 17:26:00,Delivered,debit card,Desktop,,0.0
501118,10838,2024-05-22 22:40:00,delivered ,Credit Card,Mobile App,,0.0
501119,10330,2024-05-22 22:56:00,DELIVERED,UPI,Mobile App,,0.0
501120,11051,2024-05-22 23:22:00,Returned,UPI,Mobile Web,,0.0
501121,11097,2024-05-23 10:33:00,Delivered,Upi,Mobile Web,WELCOME15,0.0
501122,11095,2024-05-23 14:24:00,Delivered,Credit Card,Mobile App,WELCOME15,0.0
501123,11033,2024-05-23 15:21:00,Delivered,UPI,Desktop,WELCOME15,0.0
501124,10210,2024-05-23 17:44:00,Delivered,Net Banking,Desktop,,0.0
501125,11072,2024-05-23 17:46:00,CANCELLED,Cash on Delivery,Desktop,,49.0
501126,10702,2024-05-23 18:37:00,delivered ,UPI,Mobile Web,,0.0
501127,11090,2024-05-23 19:06:00,Delivered,Credit Card,Mobile App,WELCOME15,0.0
501128,11039,2024-05-23 21:48:00,Delivered,UPI,Desktop,,0.0
501129,10104,2024-05-23 22:23:00,Returned,UPI,Desktop,,0.0
501130,10253,2024-05-23 22:47:00,Delivered,upi,Mobile App,,0.0
501131,11092,2024-05-23 22:58:00,DELIVERED,UPI,Mobile App,,0.0
501132,11110,2024-05-24 07:15:00,Delivered,Net Banking,Mobile App,,0.0
501133,10885,2024-05-24 08:06:00,Delivered,Debit Card,Desktop,,0.0
501134,10183,2024-05-24 11:35:00,Delivered,UPI,Mobile Web,,0.0
501135,11021,2024-05-24 12:19:00,Cancelled,credit card,Mobile Web,,0.0
501136,11088,2024-05-24 13:51:00,DELIVERED,Credit Card,Mobile App,,0.0
501137,11099,2024-05-24 15:29:00,delivered ,Credit Card,Mobile App,WELCOME15,0.0
501138,10477,2024-05-24 17:10:00,delivered ,Credit Card,Mobile App,,0.0
501139,11057,2024-05-24 19:57:00,DELIVERED,Cash on Delivery,Desktop,,0.0
501140,11065,2024-05-24 20:48:00,Delivered,Debit Card,Mobile Web,,0.0
501141,11082,2024-05-25 07:43:00,Delivered,upi,Mobile App,WELCOME15,0.0
501142,10769,2024-05-25 08:16:00,delivered ,Net Banking,Mobile App,,0.0
501143,11058,2024-05-25 10:57:00,DELIVERED,Upi,Desktop,,0.0
501144,10197,2024-05-25 11:54:00,Delivered,Credit Card,Mobile App,,0.0
501145,11029,2024-05-25 13:03:00,DELIVERED,UPI,Desktop,WELCOME15,0.0
501146,11108,2024-05-25 15:15:00,delivered ,Net Banking,Mobile App,,0.0
501147,10620,2024-05-25 17:02:00,Delivered,Credit Card,Mobile App,,0.0
501148,11114,2024-05-25 19:24:00,Cancelled,UPI,Mobile App,WELCOME15,0.0
501149,10921,2024-05-25 20:55:00,Delivered,debit card,Mobile Web,,0.0
501150,11052,2024-05-25 22:30:00,Delivered,UPI,Desktop,WELCOME15,0.0
501151,10669,2024-05-26 08:17:00,Delivered,Cash on Delivery,Mobile App,,0.0
501152,11102,2024-05-26 12:58:00,Delivered,Cash on Delivery,Mobile App,,0.0
501153,11098,2024-05-26 15:43:00,delivered ,Credit Card,Mobile App,WELCOME15,49.0
501154,11056,2024-05-26 21:24:00,Delivered,Cash on Delivery,Desktop,WELCOME15,0.0
501155,11046,2024-05-26 21:57:00,Delivered,Cash on Delivery,Mobile App,,0.0
501156,11103,2024-05-27 10:35:00,Delivered,Cash on Delivery,Mobile Web,,0.0
501157,11077,2024-05-27 11:33:00,Delivered,Cash on Delivery,Mobile Web,WELCOME15,0.0
501158,10574,2024-05-27 12:30:00,Delivered,UPI,Mobile Web,SAVE5,0.0
501159,10142,2024-05-27 12:46:00,Delivered,UPI,Mobile Web,,0.0
501160,11049,2024-05-27 12:48:00,DELIVERED,Credit Card,Desktop,SAVE5,0.0
501161,11081,2024-05-27 13:52:00,Delivered,UPI,Mobile Web,,0.0
501162,11130,2024-05-27 14:31:00,Delivered,Net Banking,Desktop,WELCOME15,0.0
501163,10639,2024-05-27 14:35:00,DELIVERED,UPI,Mobile App,,0.0
501164,10914,2024-05-27 14:57:00,RETURNED,upi,Mobile Web,SAVE5,0.0
501165,11119,2024-05-27 15:06:00,Cancelled,UPI,Mobile Web,WELCOME15,0.0
501166,11053,2024-05-27 16:55:00,Delivered,UPI,Desktop,,0.0
501167,10104,2024-05-27 17:26:00,Delivered,UPI,Mobile App,,0.0
501168,11113,2024-05-27 18:10:00,Returned,upi,Mobile Web,WELCOME15,0.0
501169,11075,2024-05-27 18:19:00,Delivered,UPI,Mobile App,,0.0
501170,11127,2024-05-27 18:22:00,delivered ,Debit Card,Desktop,,0.0
501171,10998,2024-05-27 18:43:00,Delivered,UPI,Mobile App,,0.0
501172,10719,2024-05-27 20:12:00,delivered ,Net Banking,Desktop,,0.0
501173,11121,2024-05-27 20:38:00,delivered ,Net Banking,Desktop,,0.0
501174,11062,2024-05-27 22:36:00,DELIVERED,UPI,Mobile Web,,0.0
501175,11093,2024-05-27 23:29:00,Delivered,cod,Mobile App,WELCOME15,49.0
501176,11131,2024-05-28 08:25:00,Delivered,UPI,Mobile App,,0.0
501177,11091,2024-05-28 08:32:00,DELIVERED,Cash on Delivery,Mobile App,,0.0
501178,11116,2024-05-28 09:36:00,Delivered,UPI,Mobile App,WELCOME15,49.0
501179,10486,2024-05-28 09:40:00,Delivered,UPI,Mobile App,,0.0
501180,11125,2024-05-28 10:17:00,DELIVERED,Debit Card,Desktop,,0.0
501181,11137,2024-05-28 11:23:00,DELIVERED,Cash on Delivery,Mobile App,WELCOME15,0.0
501182,11087,2024-05-28 12:21:00,Delivered,Debit Card,Mobile App,,0.0
501183,10233,2024-05-28 12:58:00,Delivered,UPI,Mobile App,,0.0
501184,10421,2024-05-28 13:48:00,delivered ,UPI,Mobile App,SAVE5,0.0
501185,11143,2024-05-28 16:40:00,Delivered,Debit Card,Mobile App,WELCOME15,49.0
501186,11071,2024-05-28 20:52:00,Delivered,Upi,Mobile App,WELCOME15,49.0
501187,10149,2024-05-28 23:36:00,Delivered,Debit Card,Mobile App,,0.0
501188,11085,2024-05-28 23:44:00,CANCELLED,UPI,Desktop,,0.0
501189,10640,2024-05-29 09:04:00,Delivered,COD,Mobile App,,0.0
501190,10981,2024-05-29 09:07:00,Delivered,credit card,Mobile App,,0.0
501191,10471,2024-05-29 10:21:00,Cancelled,upi,Mobile Web,,0.0
501192,11140,2024-05-29 13:37:00,Delivered,Debit Card,Mobile Web,WELCOME15,0.0
501193,11017,2024-05-29 14:34:00,Delivered,Cash on Delivery,Desktop,,0.0
501194,11133,2024-05-29 15:10:00,DELIVERED,UPI,Mobile App,,0.0
501195,11150,2024-05-29 18:10:00,Delivered,Credit Card,Mobile App,WELCOME15,0.0
501196,11096,2024-05-29 20:52:00,Delivered,UPI,Desktop,,0.0
501197,11142,2024-05-29 23:45:00,Delivered,UPI,Mobile App,WELCOME15,0.0
501198,11069,2024-05-30 07:58:00,CANCELLED,UPI,Desktop,WELCOME15,0.0
501199,11101,2024-05-30 09:17:00,Cancelled,Cash on Delivery,Mobile App,,0.0
501200,11153,2024-05-30 19:03:00,Delivered,Net Banking,Desktop,WELCOME15,0.0
501201,11152,2024-05-30 21:14:00,DELIVERED,Cash on Delivery,Mobile App,WELCOME15,49.0
501202,11117,2024-05-30 22:51:00,DELIVERED,UPI,Desktop,WELCOME15,0.0
501203,11129,2024-05-30 22:54:00,DELIVERED,UPI,Mobile App,,0.0
501204,10912,2024-05-30 23:43:00,DELIVERED,Net Banking,Mobile App,,0.0
501205,11049,2024-05-31 10:16:00,Delivered,Debit Card,Mobile App,SAVE5,0.0
501206,11164,2024-05-31 10:24:00,DELIVERED,UPI,Mobile App,SAVE5,0.0
501207,11023,2024-05-31 10:49:00,Delivered,UPI,Mobile App,,0.0
501208,11169,2024-05-31 11:23:00,Returned,Net Banking,Mobile App,,0.0
501209,11124,2024-05-31 12:59:00,Delivered,Cash On Delivery,Mobile Web,,0.0
501210,11115,2024-05-31 13:36:00,Delivered,Upi,Mobile App,,0.0
501211,11141,2024-05-31 14:25:00,Delivered,UPI,Mobile Web,,0.0
501212,11144,2024-05-31 15:02:00,Delivered,UPI,Mobile App,,0.0
501213,10216,2024-05-31 15:45:00,Returned,UPI,Desktop,,0.0
501214,10889,2024-05-31 18:19:00,Delivered,Credit Card,Mobile App,,0.0
501215,11109,2024-05-31 18:24:00,Delivered,UPI,Mobile Web,,0.0
501216,11106,2024-05-31 18:28:00,Delivered,upi,Mobile App,WELCOME15,0.0
501217,11123,2024-05-31 19:40:00,Delivered,Credit Card,Mobile App,WELCOME15,0.0
501218,11089,2024-05-31 19:59:00,Delivered,CC,Mobile Web,,0.0
501219,11126,2024-05-31 23:07:00,Delivered,Credit Card,Mobile App,,0.0
501220,11166,2024-05-31 23:45:00,Delivered,Cash on Delivery,Mobile Web,,0.0
501221,11173,2024-06-01 11:15:00,Returned,UPI,Desktop,WELCOME15,0.0
501222,10868,2024-06-01 11:50:00,Delivered,COD,Mobile App,,0.0
501223,10780,2024-06-01 14:32:00,Returned,Cash on Delivery,Mobile Web,,0.0
501224,11111,2024-06-01 14:52:00,Delivered,Debit Card,Mobile Web,,0.0
501225,11170,2024-06-01 14:55:00,Delivered,CC,Mobile App,,0.0
501226,11171,2024-06-01 18:42:00,DELIVERED,Net Banking,Desktop,WELCOME15,49.0
501227,11147,2024-06-01 19:57:00,Delivered,Cash on Delivery,Mobile App,,0.0
501228,10014,2024-06-01 21:47:00,DELIVERED,cod,Mobile App,,0.0
501229,11148,2024-06-01 22:27:00,Delivered,Credit Card,Desktop,,0.0
501230,11105,2024-06-01 23:09:00,Delivered,Credit Card,Desktop,,0.0
501231,11104,2024-06-02 09:00:00,Delivered,Debit Card,Mobile App,,0.0
501232,10208,2024-06-02 09:19:00,Cancelled,UPI,Mobile App,,0.0
501233,10294,2024-06-02 10:06:00,Returned,Cash on Delivery,Mobile Web,,0.0
501234,10143,2024-06-02 10:31:00,delivered ,UPI,Mobile App,,0.0
501235,11155,2024-06-02 11:57:00,Delivered,UPI,Mobile App,,49.0
501236,11134,2024-06-02 12:19:00,Delivered,Debit Card,Mobile Web,,0.0
501237,11162,2024-06-02 12:58:00,Delivered,UPI,Mobile App,,0.0
501238,11132,2024-06-02 17:26:00,Delivered,UPI,Mobile Web,,0.0
501239,11175,2024-06-02 20:29:00,DELIVERED,COD,Mobile App,,0.0
501240,10214,2024-06-02 21:16:00,DELIVERED,upi,Mobile Web,,0.0
501241,10916,2024-06-02 21:28:00,Delivered,COD,Mobile Web,,0.0
501242,11172,2024-06-02 23:14:00,delivered ,upi,Mobile Web,,0.0
501243,11145,2024-06-03 10:14:00,Delivered,UPI,Mobile Web,,0.0
501244,10249,2024-06-03 10:42:00,delivered ,UPI,Mobile Web,,0.0
501245,10588,2024-06-03 11:53:00,Delivered,UPI,Mobile App,,0.0
501246,11161,2024-06-03 12:35:00,Delivered,UPI,Mobile App,WELCOME15,0.0
501247,11178,2024-06-03 13:57:00,returned ,UPI,Desktop,WELCOME15,0.0
501248,11138,2024-06-03 16:42:00,Delivered,Upi,Mobile App,,0.0
501249,10158,2024-06-03 16:53:00,Delivered,Debit Card,Desktop,,0.0
501250,11076,2024-06-03 20:17:00,delivered ,Credit Card,Desktop,,0.0
501251,10774,2024-06-03 22:21:00,DELIVERED,UPI,Mobile App,,0.0
501252,11139,2024-06-03 22:51:00,Delivered,UPI,Mobile App,,0.0
501253,11195,2024-06-04 10:03:00,Delivered,UPI,Mobile Web,,0.0
501254,10183,2024-06-04 10:36:00,Delivered,Credit Card,Mobile App,,0.0
501255,10053,2024-06-04 10:42:00,Delivered,UPI,Mobile Web,,0.0
501256,11193,2024-06-04 10:45:00,Delivered,Debit Card,Mobile App,,0.0
501257,10816,2024-06-04 10:51:00,Delivered,UPI,Mobile Web,,0.0
501258,10852,2024-06-04 11:42:00,Delivered,Credit Card,Mobile Web,,0.0
501259,11185,2024-06-04 12:13:00,Returned,upi,Mobile App,WELCOME15,0.0
501260,10410,2024-06-04 14:03:00,Delivered,UPI,Mobile App,,0.0
501261,10756,2024-06-04 16:38:00,Delivered,Upi,Mobile Web,,0.0
501262,10917,2024-06-04 17:05:00,Delivered,Credit Card,Mobile Web,,0.0
501262,10917,2024-06-04 17:05:00,Delivered,Credit Card,Mobile Web,,0.0
501263,10108,2024-06-04 18:03:00,CANCELLED,Cash on Delivery,Mobile Web,,0.0
501264,11015,2024-06-04 18:25:00,Delivered,Credit Card,Mobile Web,,49.0
501265,11192,2024-06-04 19:52:00,Delivered,Cash on Delivery,Mobile App,,0.0
501266,11190,2024-06-04 20:45:00,DELIVERED,UPI,Mobile App,WELCOME15,0.0
501267,11179,2024-06-05 08:50:00,DELIVERED,upi,Mobile Web,,0.0
501268,11189,2024-06-05 11:08:00,Delivered,UPI,Mobile App,,0.0
501269,11091,2024-06-05 12:42:00,Delivered,Debit Card,Mobile Web,,0.0
501270,10636,2024-06-05 16:46:00,Delivered,UPI,Mobile App,,0.0
501271,10341,2024-06-05 17:05:00,Delivered,Net Banking,Desktop,,0.0
501272,11184,2024-06-05 17:35:00,Delivered,Net Banking,Mobile Web,,0.0
501273,11202,2024-06-05 18:09:00,DELIVERED,UPI,Mobile App,,0.0
501274,11158,2024-06-05 22:20:00,Delivered,Cash on Delivery,Mobile App,WELCOME15,0.0
501275,11183,2024-06-05 23:45:00,Delivered,Credit Card,Mobile Web,,0.0
501276,11187,2024-06-06 07:51:00,Delivered,Net Banking,Mobile App,WELCOME15,0.0
501277,10413,2024-06-06 11:15:00,Delivered,upi,Mobile Web,,0.0
501278,11163,2024-06-06 14:24:00,Delivered,UPI,Desktop,WELCOME15,0.0
501279,11157,2024-06-06 15:06:00,DELIVERED,Debit Card,Desktop,,0.0
501280,10176,2024-06-06 15:16:00,Delivered,Credit Card,Mobile App,,49.0
501281,10350,2024-06-06 15:22:00,DELIVERED,Cash on Delivery,Mobile Web,,0.0
501282,11199,2024-06-06 15:55:00,Delivered,UPI,Mobile Web,,0.0
501283,11201,2024-06-06 18:45:00,DELIVERED,Debit Card,Mobile Web,WELCOME15,0.0
501284,10199,2024-06-06 20:29:00,Delivered,Credit Card,Mobile App,,0.0
501285,11204,2024-06-06 21:23:00,delivered ,Credit Card,Mobile Web,,0.0
501286,11191,2024-06-06 22:19:00,Delivered,Credit Card,Desktop,,0.0
501287,11127,2024-06-06 22:39:00,Delivered,UPI,Mobile App,,0.0
501288,11194,2024-06-06 23:05:00,Delivered,upi,Mobile App,,0.0
501289,10345,2024-06-07 07:06:00,Delivered,UPI,Mobile App,,0.0
501290,11196,2024-06-07 09:30:00,Delivered,UPI,Mobile App,,0.0
501291,11030,2024-06-07 09:59:00,DELIVERED,UPI,Mobile App,,0.0
501292,10466,2024-06-07 11:10:00,Returned,UPI,Mobile App,,0.0
501293,10759,2024-06-07 15:08:00,Delivered,Credit Card,Mobile Web,,0.0
501294,11123,2024-06-07 16:29:00,Delivered,UPI,Mobile App,,0.0
501295,11159,2024-06-07 20:14:00,Delivered,CC,Mobile Web,,0.0
501296,10671,2024-06-07 22:19:00,Returned,UPI,Mobile Web,,0.0
501297,11206,2024-06-07 22:59:00,Delivered,UPI,Mobile App,WELCOME15,0.0
501298,11198,2024-06-08 09:14:00,Delivered,UPI,Desktop,,0.0
501299,11182,2024-06-08 11:04:00,Delivered,UPI,Mobile App,,0.0
501300,11207,2024-06-08 11:26:00,Cancelled,cod,Mobile Web,,0.0
501301,11052,2024-06-08 11:31:00,Returned,Cash on Delivery,Desktop,,49.0
501302,10178,2024-06-08 13:10:00,Delivered,Net Banking,Desktop,,0.0
501303,10143,2024-06-08 14:00:00,Delivered,Credit Card,Mobile App,,0.0
501304,11214,2024-06-08 14:49:00,Delivered,Net Banking,Mobile Web,,0.0
501305,11230,2024-06-08 22:47:00,Delivered,UPI,Desktop,WELCOME15,0.0
501306,11149,2024-06-08 23:28:00,Delivered,Cash on Delivery,Desktop,,0.0
501307,10443,2024-06-09 08:20:00,Delivered,Cash on Delivery,Mobile App,,0.0
501308,11208,2024-06-09 09:03:00,delivered ,upi,Mobile App,WELCOME15,0.0
501309,11238,2024-06-09 09:34:00,Delivered,Cash on Delivery,Mobile Web,,0.0
501310,11239,2024-06-09 10:18:00,Delivered,credit card,Mobile Web,,0.0
501311,11177,2024-06-09 10:35:00,Delivered,Credit Card,Mobile Web,WELCOME15,0.0
501312,10196,2024-06-09 13:02:00,Delivered,upi,Mobile Web,,0.0
501313,11232,2024-06-09 13:30:00,Delivered,Net Banking,Mobile App,,0.0
501314,10688,2024-06-09 15:39:00,Delivered,Credit Card,Mobile Web,,0.0
501315,11209,2024-06-09 16:31:00,Delivered,UPI,Desktop,WELCOME15,0.0
501316,11165,2024-06-09 17:21:00,Delivered,Credit Card,Desktop,,0.0
501317,10555,2024-06-09 23:10:00,DELIVERED,COD,Mobile App,,0.0
501318,10723,2024-06-10 07:35:00,Delivered,Credit Card,Mobile App,,0.0
501319,11250,2024-06-10 07:41:00,Delivered,UPI,Desktop,WELCOME15,49.0
501320,11222,2024-06-10 09:18:00,Delivered,upi,Mobile App,WELCOME15,0.0
501321,10345,2024-06-10 09:19:00,Delivered,Cash on Delivery,Mobile App,,0.0
501322,11210,2024-06-10 10:20:00,Cancelled,Cash on Delivery,Mobile App,WELCOME15,0.0
501323,10199,2024-06-10 12:24:00,Delivered,Net Banking,Mobile App,,0.0
501324,11040,2024-06-10 12:45:00,Delivered,Credit Card,Mobile App,SAVE5,0.0
501325,11061,2024-06-10 14:34:00,Delivered,UPI,Mobile App,,0.0
501326,11221,2024-06-10 15:17:00,Delivered,Cash on Delivery,Mobile App,WELCOME15,0.0
501327,11235,2024-06-10 16:14:00,Delivered,UPI,Mobile App,,49.0
501328,11135,2024-06-10 16:46:00,delivered ,UPI,Desktop,WELCOME15,0.0
501329,11241,2024-06-10 20:33:00,Returned,upi,Mobile App,,0.0
501330,10768,2024-06-10 20:51:00,CANCELLED,upi,Mobile Web,,0.0
501331,11176,2024-06-10 20:57:00,Delivered,UPI,Mobile Web,WELCOME15,0.0
501332,11248,2024-06-10 22:48:00,Delivered,cod,Mobile App,WELCOME15,0.0
501333,11156,2024-06-10 22:50:00,Cancelled,Cash on Delivery,Mobile App,,0.0
501334,11233,2024-06-11 08:51:00,Delivered,UPI,Mobile Web,WELCOME15,0.0
501335,11099,2024-06-11 09:10:00,Delivered,Credit Card,Mobile Web,,0.0
501336,10523,2024-06-11 10:37:00,Delivered,UPI,Mobile App,,0.0
501337,10792,2024-06-11 14:07:00,RETURNED,UPI,Mobile Web,,0.0
501338,11212,2024-06-11 14:50:00,Delivered,COD,Mobile Web,,0.0
501339,11125,2024-06-11 16:04:00,cancelled ,Cash on Delivery,Desktop,,0.0
501340,11245,2024-06-11 17:49:00,DELIVERED,Credit Card,Mobile App,,0.0
501341,11188,2024-06-11 18:59:00,Delivered,Cash on Delivery,Desktop,,0.0
501342,11213,2024-06-11 20:20:00,Delivered,Net Banking,Desktop,WELCOME15,0.0
501343,11227,2024-06-11 21:33:00,Delivered,UPI,Mobile App,WELCOME15,0.0
501344,10797,2024-06-12 07:01:00,DELIVERED,Upi,Mobile App,,0.0
501345,10640,2024-06-12 07:32:00,Delivered,Net Banking,Mobile Web,,0.0
501346,11242,2024-06-12 08:17:00,Delivered,upi,Mobile App,,0.0
501347,10869,2024-06-12 10:44:00,Delivered,UPI,Desktop,,0.0
501348,10597,2024-06-12 11:51:00,Delivered,Upi,Mobile App,,0.0
501349,11223,2024-06-12 12:01:00,delivered ,UPI,Mobile App,WELCOME15,49.0
501350,11181,2024-06-12 12:53:00,Delivered,Credit Card,Desktop,WELCOME15,0.0
501351,11205,2024-06-12 14:13:00,delivered ,UPI,Mobile Web,WELCOME15,49.0
501352,11228,2024-06-12 14:35:00,delivered ,Credit Card,Desktop,WELCOME15,0.0
501353,11256,2024-06-12 15:42:00,DELIVERED,COD,Desktop,WELCOME15,0.0
501354,10514,2024-06-12 19:03:00,Delivered,cod,Mobile App,,0.0
501355,11269,2024-06-12 21:30:00,Delivered,Cash on Delivery,Desktop,,0.0
501356,10178,2024-06-13 07:26:00,Delivered,upi,Mobile App,,0.0
501357,11276,2024-06-13 08:06:00,Delivered,Credit Card,Desktop,WELCOME15,0.0
501358,11268,2024-06-13 09:51:00,Delivered,upi,Mobile App,WELCOME15,0.0
501359,10788,2024-06-13 14:10:00,DELIVERED,Cash on Delivery,Mobile Web,,0.0
501360,11258,2024-06-13 17:27:00,Delivered,Credit Card,Mobile Web,,0.0
501361,10050,2024-06-13 18:14:00,Delivered,UPI,Desktop,,0.0
501362,11274,2024-06-13 18:16:00,Returned,Cash on Delivery,Mobile App,WELCOME15,0.0
501363,11229,2024-06-13 23:57:00,Delivered,UPI,Desktop,,0.0
501364,11234,2024-06-14 07:41:00,Delivered,Credit Card,Mobile App,WELCOME15,0.0
501365,11246,2024-06-14 07:42:00,Delivered,Credit Card,Desktop,WELCOME15,0.0
501366,11278,2024-06-14 08:17:00,Delivered,Debit Card,Desktop,,0.0
501367,10800,2024-06-14 08:40:00,Cancelled,Cash on Delivery,Mobile App,SAVE5,0.0
501368,10907,2024-06-14 09:29:00,Delivered,Cash on Delivery,Mobile App,,0.0
501369,11281,2024-06-14 09:30:00,DELIVERED,UPI,Mobile Web,WELCOME15,0.0
501370,11283,2024-06-14 12:17:00,delivered ,UPI,Desktop,WELCOME15,0.0
501371,11273,2024-06-14 13:18:00,Delivered,Credit Card,Desktop,,0.0
501372,11287,2024-06-14 13:24:00,Delivered,UPI,Mobile Web,WELCOME15,0.0
501373,11259,2024-06-14 13:36:00,Cancelled,UPI,Mobile App,WELCOME15,0.0
501374,11279,2024-06-14 13:39:00,Delivered,UPI,Mobile App,,0.0
501375,11254,2024-06-14 13:41:00,Delivered,Net Banking,Mobile Web,WELCOME15,0.0
501376,11290,2024-06-14 13:58:00,Delivered,CC,Desktop,,0.0
501377,11252,2024-06-14 13:58:00,Delivered,Net Banking,Mobile Web,SAVE5,0.0
501378,11291,2024-06-14 14:33:00,Delivered,Net Banking,Mobile App,,0.0
501379,11162,2024-06-14 15:16:00,delivered ,Cash on Delivery,Mobile App,,0.0
501380,11236,2024-06-14 18:55:00,DELIVERED,Cash on Delivery,Mobile App,,0.0
501381,11260,2024-06-14 20:00:00,Delivered,Credit Card,Mobile App,,0.0
501382,11006,2024-06-14 20:06:00,delivered ,UPI,Mobile App,,0.0
501383,11282,2024-06-14 20:21:00,CANCELLED,Credit Card,Mobile Web,,0.0
501384,10310,2024-06-14 22:59:00,Delivered,Cash on Delivery,Mobile Web,SAVE5,0.0
501385,11263,2024-06-15 08:57:00,Delivered,Cash on Delivery,Mobile Web,WELCOME15,0.0
501386,11265,2024-06-15 09:39:00,Delivered,Cash on Delivery,Mobile App,,0.0
501387,11271,2024-06-15 11:14:00,DELIVERED,UPI,Mobile Web,,0.0
501388,11267,2024-06-15 12:00:00,DELIVERED,UPI,Mobile Web,,0.0
501389,10657,2024-06-15 13:06:00,delivered ,Cash on Delivery,Mobile App,,0.0
501390,11298,2024-06-15 13:07:00,CANCELLED,Cash on Delivery,Mobile App,,0.0
501391,11293,2024-06-15 15:23:00,Delivered,UPI,Mobile Web,WELCOME15,0.0
501392,11197,2024-06-15 17:35:00,Delivered,UPI,Mobile App,WELCOME15,0.0
501393,10415,2024-06-15 17:41:00,Delivered,COD,Mobile Web,,0.0
501394,11316,2024-06-16 07:07:00,Delivered,Credit Card,Mobile App,WELCOME15,0.0
501395,11284,2024-06-16 09:51:00,delivered ,UPI,Mobile App,WELCOME15,0.0
501396,11088,2024-06-16 12:10:00,Delivered,UPI,Mobile Web,,0.0
501397,11304,2024-06-16 12:15:00,delivered ,UPI,Desktop,WELCOME15,0.0
501398,11313,2024-06-16 15:10:00,delivered ,UPI,Mobile Web,WELCOME15,0.0
501399,11306,2024-06-16 15:27:00,Delivered,UPI,Desktop,WELCOME15,0.0
501400,11247,2024-06-16 17:27:00,Delivered,Credit Card,Mobile Web,,0.0
501401,10152,2024-06-16 17:58:00,Delivered,upi,Mobile App,,0.0
501402,11294,2024-06-16 18:16:00,Delivered,Cash on Delivery,Mobile App,WELCOME15,0.0
501403,10648,2024-06-16 19:01:00,Delivered,Cash On Delivery,Mobile Web,SAVE5,0.0
501404,11220,2024-06-16 19:02:00,delivered ,UPI,Mobile App,,0.0
501405,10705,2024-06-16 19:07:00,Delivered,Credit Card,Mobile Web,,0.0
501406,10923,2024-06-16 19:29:00,Cancelled,Cash on Delivery,Mobile App,,0.0
501407,11280,2024-06-16 19:57:00,delivered ,UPI,Mobile Web,WELCOME15,0.0
501408,11200,2024-06-16 22:28:00,Delivered,Net Banking,Mobile App,,0.0
501409,10475,2024-06-16 22:48:00,Delivered,UPI,Mobile Web,,0.0
501410,11307,2024-06-17 08:13:00,Delivered,upi,Mobile Web,WELCOME15,0.0
501411,10955,2024-06-17 08:19:00,Delivered,Credit Card,Desktop,SAVE5,0.0
501412,11270,2024-06-17 08:44:00,Delivered,Net Banking,Mobile Web,WELCOME15,0.0
501413,11275,2024-06-17 09:14:00,Delivered,Debit Card,Mobile App,,0.0
501414,10653,2024-06-17 09:57:00,Delivered,UPI,Mobile App,,0.0
501415,11302,2024-06-17 10:06:00,Returned,Net Banking,Mobile App,,49.0
501416,11320,2024-06-17 10:24:00,Delivered,UPI,Mobile Web,,0.0
501417,11321,2024-06-17 13:12:00,Delivered,UPI,Mobile App,,0.0
501418,11295,2024-06-17 13:17:00,Delivered,Credit Card,Mobile App,WELCOME15,0.0
501419,11095,2024-06-17 15:16:00,Returned,UPI,Mobile Web,,0.0
501420,11217,2024-06-17 15:39:00,DELIVERED,Credit Card,Desktop,,0.0
501421,11231,2024-06-17 19:43:00,Delivered,Credit Card,Mobile App,WELCOME15,0.0
501422,11314,2024-06-18 09:39:00,DELIVERED,UPI,Mobile App,,0.0
501423,11301,2024-06-18 10:42:00,Delivered,UPI,Mobile App,SAVE5,0.0
501424,11297,2024-06-18 12:09:00,DELIVERED,DC,Mobile App,,49.0
501425,11272,2024-06-18 14:43:00,Cancelled,Debit Card,Mobile Web,WELCOME15,0.0
501426,11243,2024-06-18 14:47:00,Delivered,Debit Card,Mobile App,SAVE5,49.0
501427,11332,2024-06-18 15:09:00,Delivered,Credit Card,Mobile App,,0.0
501428,11219,2024-06-18 15:32:00,Delivered,CC,Mobile Web,,49.0
501429,11249,2024-06-18 17:29:00,Delivered,UPI,Mobile Web,,0.0
501430,11145,2024-06-18 20:49:00,cancelled ,UPI,Mobile Web,,0.0
501431,11299,2024-06-18 21:38:00,Delivered,COD,Mobile Web,,49.0
501432,11334,2024-06-18 23:14:00,Delivered,upi,Desktop,,0.0
501433,10328,2024-06-19 07:14:00,Delivered,Credit Card,Mobile App,,0.0
501433,10328,2024-06-19 07:14:00,Delivered,Credit Card,Mobile App,,0.0
501434,11326,2024-06-19 07:40:00,Cancelled,UPI,Mobile App,SAVE5,49.0
501435,11337,2024-06-19 11:04:00,Delivered,Credit Card,Mobile App,,0.0
501436,11340,2024-06-19 13:57:00,Delivered,Cash on Delivery,Mobile App,,0.0
501437,11323,2024-06-19 14:11:00,Delivered,UPI,Mobile Web,WELCOME15,0.0
501438,11335,2024-06-19 14:14:00,DELIVERED,Debit Card,Mobile Web,,0.0
501439,11309,2024-06-19 14:51:00,Delivered,Cash on Delivery,Desktop,WELCOME15,0.0
501440,11341,2024-06-19 14:58:00,Delivered,Cash on Delivery,Desktop,,0.0
501441,10051,2024-06-19 21:09:00,Delivered,Debit Card,Mobile App,,0.0
501442,11305,2024-06-19 21:46:00,Delivered,Cash on Delivery,Mobile App,WELCOME15,0.0
501443,11276,2024-06-19 22:01:00,Cancelled,Cash on Delivery,Desktop,,0.0
501444,11160,2024-06-19 22:31:00,DELIVERED,Cash on Delivery,Desktop,,0.0
501445,10517,2024-06-19 23:05:00,Delivered,Cash on Delivery,Mobile Web,,0.0
501446,11330,2024-06-20 09:10:00,Delivered,Credit Card,Desktop,,49.0
501447,11349,2024-06-20 09:23:00,DELIVERED,UPI,Desktop,WELCOME15,49.0
501448,11187,2024-06-20 11:27:00,Delivered,CC,Mobile Web,,0.0
501449,11322,2024-06-20 12:06:00,Delivered,UPI,Desktop,,0.0
501450,11277,2024-06-20 15:34:00,Delivered,Debit Card,Mobile App,,0.0
501451,10515,2024-06-20 15:57:00,delivered ,UPI,Mobile App,,0.0
501452,11183,2024-06-20 16:13:00,Delivered,Credit Card,Mobile App,SAVE5,0.0
501453,11351,2024-06-20 17:52:00,Delivered,Net Banking,Mobile App,WELCOME15,49.0
501454,11262,2024-06-20 20:33:00,Delivered,Net Banking,Desktop,,0.0
501455,11311,2024-06-20 21:44:00,Delivered,Cash on Delivery,Mobile Web,,0.0
501456,11312,2024-06-20 22:15:00,DELIVERED,Credit Card,Mobile App,WELCOME15,0.0
501457,11310,2024-06-20 23:07:00,Delivered,Upi,Desktop,WELCOME15,0.0
501458,11215,2024-06-20 23:52:00,delivered ,Cash on Delivery,Mobile Web,SAVE5,0.0
501459,10104,2024-06-21 07:27:00,Delivered,upi,Mobile App,,0.0
501460,10357,2024-06-21 15:00:00,Delivered,Cash on Delivery,Mobile App,,0.0
501461,11197,2024-06-21 15:15:00,Delivered,UPI,Mobile Web,,0.0
501462,10121,2024-06-21 16:15:00,DELIVERED,upi,Mobile App,,0.0
501463,11331,2024-06-21 17:44:00,Delivered,Cash on Delivery,Mobile App,,49.0
501464,11265,2024-06-21 18:39:00,DELIVERED,upi,Mobile App,,0.0
501465,11353,2024-06-21 19:09:00,Delivered,UPI,Mobile App,WELCOME15,0.0
501466,11347,2024-06-21 19:16:00,Delivered,upi,Mobile Web,,49.0
501467,11344,2024-06-21 23:35:00,Delivered,upi,Mobile Web,,0.0
501468,11328,2024-06-21 23:41:00,Delivered,UPI,Mobile Web,WELCOME15,0.0
501469,11257,2024-06-22 07:05:00,Delivered,UPI,Mobile App,WELCOME15,0.0
501470,11355,2024-06-22 07:48:00,Delivered,CC,Mobile Web,WELCOME15,49.0
501471,10886,2024-06-22 08:04:00,Delivered,UPI,Mobile Web,,0.0
501472,11354,2024-06-22 10:45:00,Delivered,UPI,Mobile App,,0.0
501473,11036,2024-06-22 11:36:00,Delivered,Debit Card,Desktop,,0.0
501474,11357,2024-06-22 12:22:00,Delivered,upi,Mobile App,WELCOME15,0.0
501475,11285,2024-06-22 12:28:00,Delivered,UPI,Desktop,,0.0
501476,11137,2024-06-22 12:31:00,Delivered,Credit Card,Mobile App,,0.0
501477,10957,2024-06-22 14:57:00,Delivered,Net Banking,Mobile App,,0.0
501478,10573,2024-06-22 15:25:00,DELIVERED,Upi,Mobile App,,0.0
501479,10242,2024-06-22 16:20:00,Delivered,Credit Card,Desktop,,0.0
501480,11288,2024-06-22 16:58:00,Delivered,UPI,Mobile App,WELCOME15,0.0
501481,11360,2024-06-22 20:18:00,Delivered,UPI,Mobile App,WELCOME15,49.0
501482,10275,2024-06-22 21:03:00,Delivered,Cash on Delivery,Mobile App,,0.0
501483,11127,2024-06-23 07:43:00,DELIVERED,UPI,Mobile App,,0.0
501484,11327,2024-06-23 20:59:00,Delivered,Net Banking,Mobile Web,WELCOME15,0.0
501485,11361,2024-06-23 21:21:00,delivered ,UPI,Mobile App,,0.0
501486,11367,2024-06-24 07:22:00,CANCELLED,UPI,Mobile App,WELCOME15,0.0
501487,11358,2024-06-24 08:51:00,Delivered,Credit Card,Desktop,WELCOME15,0.0
501488,11378,2024-06-24 09:18:00,Delivered,UPI,Mobile App,WELCOME15,0.0
501489,11292,2024-06-24 10:11:00,Delivered,UPI,Desktop,WELCOME15,0.0
501490,11308,2024-06-24 11:15:00,Delivered,UPI,Mobile App,SAVE5,0.0
501491,11375,2024-06-24 13:07:00,Delivered,UPI,Mobile App,WELCOME15,0.0
501492,11325,2024-06-24 16:22:00,Delivered,Net Banking,Mobile Web,WELCOME15,0.0
501493,10195,2024-06-24 18:47:00,DELIVERED,UPI,Mobile App,SAVE5,0.0
501494,11373,2024-06-25 10:01:00,Delivered,Cash on Delivery,Mobile App,WELCOME15,0.0
501495,11326,2024-06-25 16:15:00,CANCELLED,UPI,Mobile App,,49.0
501496,10660,2024-06-25 19:09:00,Delivered,UPI,Desktop,,0.0
501497,11363,2024-06-25 21:07:00,Delivered,Credit Card,Mobile Web,WELCOME15,49.0
501498,11318,2024-06-26 08:42:00,Delivered,UPI,Mobile App,,0.0
501499,11398,2024-06-26 14:11:00,DELIVERED,Debit Card,Mobile Web,,0.0
501500,11336,2024-06-26 15:42:00,delivered ,Cash on Delivery,Desktop,WELCOME15,0.0
501501,11397,2024-06-26 16:05:00,DELIVERED,UPI,Mobile Web,,0.0
501502,10231,2024-06-26 16:12:00,Delivered,UPI,Mobile App,,0.0
501503,11386,2024-06-26 20:22:00,Delivered,UPI,Mobile App,WELCOME15,0.0
501504,11038,2024-06-26 20:55:00,Delivered,Cash on Delivery,Mobile App,,0.0
501505,11387,2024-06-26 21:19:00,Delivered,UPI,Desktop,,0.0
501506,11138,2024-06-26 21:24:00,delivered ,UPI,Mobile App,,0.0
501507,11369,2024-06-26 22:51:00,Delivered,Credit Card,Desktop,,0.0
501508,11379,2024-06-27 08:23:00,Delivered,Debit Card,Desktop,WELCOME15,0.0
501509,11377,2024-06-27 09:40:00,Delivered,Net Banking,Mobile Web,,0.0
501510,11380,2024-06-27 09:43:00,Delivered,upi,Mobile Web,WELCOME15,0.0
501511,11385,2024-06-27 17:21:00,Delivered,UPI,Mobile App,WELCOME15,0.0
501512,11391,2024-06-27 18:13:00,Delivered,Upi,Desktop,,0.0
501513,11215,2024-06-27 18:54:00,DELIVERED,UPI,Mobile App,,0.0
501514,10573,2024-06-27 19:06:00,DELIVERED,Credit Card,Desktop,,0.0
501515,10885,2024-06-27 23:07:00,Returned,Cash on Delivery,Mobile App,,0.0
501516,11392,2024-06-28 08:33:00,Returned,UPI,Mobile App,WELCOME15,0.0
501517,11345,2024-06-28 10:09:00,Delivered,Net Banking,Mobile App,WELCOME15,0.0
501517,11345,2024-06-28 10:09:00,Delivered,Net Banking,Mobile App,WELCOME15,0.0
501518,11361,2024-06-28 12:18:00,Delivered,UPI,Mobile App,,0.0
501519,10197,2024-06-28 13:37:00,Returned,Credit Card,Mobile Web,SAVE5,0.0
501520,11400,2024-06-28 14:26:00,Cancelled,Debit Card,Mobile Web,,49.0
501521,10555,2024-06-28 15:02:00,DELIVERED,upi,Mobile App,,0.0
501522,10772,2024-06-28 15:34:00,Delivered,UPI,Mobile App,,0.0
501523,11409,2024-06-28 16:31:00,Delivered,Debit Card,Desktop,,0.0
501524,10176,2024-06-28 18:55:00,Delivered,Debit Card,Desktop,,0.0
501525,10062,2024-06-28 21:46:00,Delivered,Cash on Delivery,Mobile App,,0.0
501526,11162,2024-06-28 23:08:00,Delivered,Debit Card,Mobile Web,,0.0
501527,11346,2024-06-28 23:47:00,DELIVERED,Debit Card,Desktop,WELCOME15,0.0
501528,11422,2024-06-29 07:15:00,Returned,Upi,Mobile Web,WELCOME15,0.0
501529,11410,2024-06-29 08:25:00,Returned,UPI,Mobile App,,0.0
501530,11411,2024-06-29 09:50:00,Delivered,Debit Card,Mobile Web,,0.0
501531,10793,2024-06-29 10:57:00,DELIVERED,Cash on Delivery,Desktop,,49.0
501532,11348,2024-06-29 12:00:00,Delivered,Net Banking,Mobile Web,WELCOME15,0.0
501533,10910,2024-06-29 12:34:00,Delivered,Net Banking,Mobile App,,0.0
501534,11370,2024-06-29 13:01:00,DELIVERED,Cash on Delivery,Mobile Web,WELCOME15,0.0
501535,11235,2024-06-29 13:16:00,delivered ,UPI,Mobile Web,,0.0
501536,11413,2024-06-29 14:37:00,Delivered,UPI,Mobile App,WELCOME15,0.0
501537,11404,2024-06-29 14:54:00,Delivered,UPI,Mobile App,WELCOME15,0.0
501538,11412,2024-06-29 15:20:00,Delivered,credit card,Mobile App,WELCOME15,0.0
501539,11406,2024-06-29 16:00:00,Delivered,UPI,Desktop,,49.0
501540,11364,2024-06-29 16:31:00,Delivered,UPI,Mobile Web,WELCOME15,0.0
501541,10587,2024-06-29 16:43:00,delivered ,Cash on Delivery,Mobile Web,,0.0
501542,11414,2024-06-29 20:06:00,Delivered,UPI,Desktop,,0.0
501543,11396,2024-06-29 21:56:00,Delivered,UPI,Mobile App,,0.0
501544,10057,2024-06-29 22:13:00,Delivered,UPI,Desktop,,0.0
501545,11389,2024-06-29 23:42:00,Delivered,Credit Card,Mobile App,WELCOME15,49.0
501546,11407,2024-06-30 07:02:00,Delivered,UPI,Mobile App,SAVE5,49.0
501547,10351,2024-06-30 07:13:00,Delivered,Cash on Delivery,Desktop,,0.0
501548,11419,2024-06-30 07:41:00,Delivered,UPI,Mobile Web,,0.0
501549,11034,2024-06-30 08:02:00,DELIVERED,Cash On Delivery,Mobile Web,SAVE5,0.0
501550,11405,2024-06-30 12:33:00,delivered ,UPI,Mobile App,,0.0
501551,11190,2024-06-30 13:32:00,DELIVERED,Credit Card,Mobile App,,0.0
501552,11428,2024-06-30 13:32:00,Delivered,Debit Card,Mobile App,WELCOME15,0.0
501553,11421,2024-06-30 14:33:00,Delivered,Cash On Delivery,Mobile App,WELCOME15,0.0
501554,11415,2024-06-30 16:34:00,Delivered,Credit Card,Mobile App,WELCOME15,0.0
501555,10889,2024-06-30 18:09:00,DELIVERED,UPI,Mobile Web,,0.0
501556,11339,2024-06-30 19:39:00,delivered ,Credit Card,Mobile App,,0.0
501557,11376,2024-06-30 19:54:00,Delivered,UPI,Mobile Web,,0.0
501558,11300,2024-06-30 21:42:00,returned ,Credit Card,Mobile Web,,0.0
501559,11309,2024-06-30 22:35:00,Delivered,Debit Card,Mobile App,,0.0
501560,11213,2024-06-30 23:26:00,Delivered,Debit Card,Mobile App,,0.0
501561,11374,2024-07-01 07:48:00,DELIVERED,Debit Card,Mobile Web,,49.0
501562,11336,2024-07-01 08:38:00,Delivered,UPI,Mobile Web,,0.0
501563,10870,2024-07-01 12:33:00,Returned,Upi,Desktop,,0.0
501564,11271,2024-07-01 12:34:00,Delivered,debit card,Mobile App,,0.0
501565,11350,2024-07-01 14:22:00,Delivered,UPI,Desktop,,0.0
501566,11435,2024-07-01 15:42:00,Delivered,Debit Card,Mobile App,,0.0
501567,11393,2024-07-01 17:40:00,DELIVERED,Credit Card,Mobile Web,,0.0
501568,11242,2024-07-01 17:40:00,Delivered,UPI,Mobile App,,0.0
501569,11426,2024-07-01 18:19:00,Delivered,credit card,Mobile App,,0.0
501570,11369,2024-07-01 18:26:00,Delivered,Debit Card,Desktop,,0.0
501571,11391,2024-07-02 09:42:00,delivered ,Credit Card,Mobile App,,0.0
501572,11417,2024-07-02 11:38:00,Delivered,UPI,Mobile App,,0.0
501573,11359,2024-07-02 12:03:00,Returned,CC,Mobile Web,WELCOME15,0.0
501574,11442,2024-07-02 12:38:00,delivered ,Credit Card,Mobile Web,WELCOME15,49.0
501575,11394,2024-07-02 14:10:00,Delivered,Upi,Mobile App,WELCOME15,0.0
501576,11431,2024-07-02 18:16:00,Delivered,Net Banking,Mobile App,SAVE5,0.0
501577,11441,2024-07-02 18:29:00,Delivered,UPI,Mobile App,,0.0
501578,11437,2024-07-02 18:36:00,Delivered,UPI,Mobile Web,,0.0
501579,11402,2024-07-02 20:53:00,Delivered,Debit Card,Mobile App,,0.0
501580,11263,2024-07-02 21:08:00,Cancelled,Cash on Delivery,Mobile App,,0.0
501581,10366,2024-07-02 22:49:00,DELIVERED,UPI,Mobile App,,0.0
501582,11223,2024-07-03 07:23:00,Delivered,Cash on Delivery,Mobile Web,,0.0
501583,10918,2024-07-03 08:18:00,Delivered,UPI,Desktop,SAVE5,0.0
501584,10231,2024-07-03 10:12:00,Delivered,Credit Card,Desktop,,0.0
501585,10475,2024-07-03 10:55:00,Delivered,Net Banking,Mobile App,,0.0
501586,11384,2024-07-03 12:27:00,Returned,UPI,Mobile App,,0.0
501587,11429,2024-07-03 12:36:00,Delivered,UPI,Mobile App,,0.0
501588,11287,2024-07-03 12:46:00,cancelled ,Upi,Mobile App,,49.0
501589,10409,2024-07-03 14:55:00,Delivered,UPI,Mobile App,,0.0
501590,11430,2024-07-03 15:23:00,Delivered,UPI,Mobile Web,,0.0
501591,10168,2024-07-03 15:24:00,DELIVERED,UPI,Mobile App,,0.0
501592,11423,2024-07-03 15:38:00,DELIVERED,UPI,Mobile App,WELCOME15,0.0
501593,11403,2024-07-03 19:39:00,Delivered,Credit Card,Desktop,WELCOME15,49.0
501594,11452,2024-07-03 19:51:00,Delivered,Debit Card,Mobile App,,0.0
501595,11434,2024-07-03 20:15:00,Delivered,Cash on Delivery,Mobile App,,0.0
501596,11424,2024-07-03 21:41:00,DELIVERED,UPI,Mobile App,WELCOME15,0.0
501597,11448,2024-07-04 07:04:00,DELIVERED,Credit Card,Mobile Web,WELCOME15,0.0
501598,10992,2024-07-04 07:49:00,Cancelled,UPI,Mobile App,,0.0
501599,11401,2024-07-04 09:23:00,Delivered,Cash on Delivery,Mobile App,,49.0
501600,11450,2024-07-04 10:21:00,Delivered,Cash on Delivery,Mobile Web,,0.0
501601,11454,2024-07-04 11:30:00,Delivered,UPI,Mobile Web,,0.0
501602,11459,2024-07-04 13:06:00,returned ,Cash on Delivery,Mobile App,,0.0
501603,10058,2024-07-04 14:20:00,Delivered,Upi,Mobile App,,0.0
501604,10382,2024-07-04 16:02:00,delivered ,UPI,Mobile App,,0.0
501605,11465,2024-07-04 16:10:00,delivered ,Debit Card,Mobile App,WELCOME15,49.0
501606,11432,2024-07-04 16:10:00,Delivered,upi,Desktop,WELCOME15,0.0
501607,11096,2024-07-04 18:43:00,Delivered,UPI,Mobile App,,0.0
501608,11366,2024-07-04 19:55:00,RETURNED,UPI,Mobile App,,0.0
501609,10852,2024-07-04 20:27:00,Delivered,Cash on Delivery,Mobile App,SAVE5,0.0
501610,11408,2024-07-04 22:09:00,Delivered,Credit Card,Mobile App,WELCOME15,0.0
501611,11427,2024-07-05 07:31:00,Delivered,UPI,Desktop,WELCOME15,0.0
501612,11460,2024-07-05 07:32:00,Delivered,Credit Card,Mobile App,WELCOME15,0.0
501613,11468,2024-07-05 08:31:00,delivered ,UPI,Mobile App,,0.0
501614,11470,2024-07-05 08:33:00,Delivered,Net Banking,Mobile Web,WELCOME15,0.0
501615,11445,2024-07-05 10:40:00,Delivered,Cash on Delivery,Mobile Web,WELCOME15,0.0
501616,11461,2024-07-05 11:07:00,DELIVERED,UPI,Desktop,WELCOME15,49.0
501617,11471,2024-07-05 14:23:00,DELIVERED,UPI,Mobile App,WELCOME15,49.0
501618,11443,2024-07-05 14:29:00,Delivered,Cash on Delivery,Mobile Web,,0.0
501619,11456,2024-07-05 16:02:00,Delivered,Debit Card,Mobile Web,,0.0
501620,10784,2024-07-05 22:39:00,Delivered,Upi,Mobile App,,0.0
501621,10091,2024-07-06 07:32:00,Delivered,Net Banking,Mobile App,,0.0
501622,11479,2024-07-06 09:26:00,DELIVERED,Net Banking,Mobile Web,WELCOME15,0.0
501623,11477,2024-07-06 12:19:00,Delivered,Net Banking,Mobile App,,0.0
501624,11451,2024-07-06 12:25:00,Delivered,UPI,Mobile App,WELCOME15,0.0
501625,11458,2024-07-06 12:42:00,Delivered,UPI,Mobile App,,0.0
501626,10441,2024-07-06 14:18:00,Delivered,UPI,Mobile Web,,0.0
501627,10684,2024-07-06 16:37:00,Returned,upi,Mobile Web,,0.0
501628,11449,2024-07-06 17:26:00,Cancelled,Cash on Delivery,Mobile App,WELCOME15,0.0
501629,11474,2024-07-06 17:38:00,delivered ,Debit Card,Desktop,WELCOME15,0.0
501630,11388,2024-07-06 17:57:00,Delivered,upi,Desktop,,0.0
501631,10977,2024-07-06 18:18:00,DELIVERED,UPI,Mobile App,,49.0
501632,10485,2024-07-07 07:15:00,Delivered,Upi,Desktop,,0.0
501633,11294,2024-07-07 07:26:00,Delivered,UPI,Mobile App,,0.0
501634,10460,2024-07-07 08:49:00,Delivered,Cash On Delivery,Mobile App,,49.0
501635,11425,2024-07-07 18:26:00,Delivered,Cash on Delivery,Mobile Web,WELCOME15,49.0
501635,11425,2024-07-07 18:26:00,Delivered,Cash on Delivery,Mobile Web,WELCOME15,49.0
501636,11277,2024-07-07 19:04:00,Delivered,Credit Card,Mobile Web,,0.0
501637,11416,2024-07-07 20:49:00,Delivered,UPI,Desktop,,0.0
501638,11484,2024-07-07 23:10:00,Delivered,Cash on Delivery,Mobile Web,,0.0
501639,11491,2024-07-08 07:15:00,Delivered,credit card,Mobile Web,WELCOME15,0.0
501640,11394,2024-07-08 13:54:00,delivered ,cod,Desktop,,0.0
501641,11490,2024-07-08 15:52:00,DELIVERED,UPI,Mobile Web,WELCOME15,0.0
501642,11439,2024-07-08 16:19:00,Delivered,UPI,Mobile App,,49.0
501643,11472,2024-07-08 17:08:00,Delivered,UPI,Mobile Web,WELCOME15,0.0
501644,11487,2024-07-08 20:36:00,Delivered,UPI,Desktop,,49.0
501645,11397,2024-07-08 20:51:00,DELIVERED,Debit Card,Mobile App,,0.0
501646,10151,2024-07-09 07:02:00,Delivered,UPI,Desktop,,0.0
501647,11485,2024-07-09 08:21:00,delivered ,UPI,Mobile App,SAVE5,0.0
501648,11453,2024-07-09 12:29:00,DELIVERED,UPI,Mobile App,,0.0
501649,11362,2024-07-09 12:45:00,Delivered,Net Banking,Mobile Web,WELCOME15,0.0
501650,11481,2024-07-09 14:20:00,Delivered,Upi,Desktop,WELCOME15,49.0
501651,11134,2024-07-09 14:46:00,Delivered,Credit Card,Mobile App,,0.0
501652,11496,2024-07-09 15:14:00,Delivered,COD,Mobile App,WELCOME15,0.0
501653,11482,2024-07-09 15:55:00,Delivered,upi,Mobile App,WELCOME15,0.0
501654,10713,2024-07-09 18:21:00,DELIVERED,Debit Card,Mobile App,,0.0
501655,11488,2024-07-09 18:32:00,Delivered,UPI,Mobile App,,0.0
501656,11436,2024-07-09 20:12:00,DELIVERED,upi,Mobile App,,0.0
501657,10992,2024-07-09 20:34:00,delivered ,Cash on Delivery,Mobile App,,0.0
501658,10788,2024-07-09 21:06:00,DELIVERED,UPI,Mobile Web,,0.0
501659,11500,2024-07-09 21:22:00,returned ,UPI,Desktop,WELCOME15,0.0
501660,10316,2024-07-10 08:44:00,Delivered,Credit Card,Mobile Web,,0.0
501661,11323,2024-07-10 09:08:00,delivered ,Cash on Delivery,Mobile App,,0.0
501662,11492,2024-07-10 10:00:00,Delivered,Cash on Delivery,Mobile App,WELCOME15,0.0
501663,11158,2024-07-10 10:20:00,Delivered,UPI,Mobile App,,0.0
501664,11416,2024-07-10 11:34:00,delivered ,UPI,Mobile App,,0.0
501665,10660,2024-07-10 21:02:00,Delivered,UPI,Desktop,,0.0
501666,11506,2024-07-10 23:39:00,Cancelled,Upi,Mobile App,WELCOME15,0.0
501667,11486,2024-07-11 07:38:00,Returned,UPI,Mobile App,WELCOME15,0.0
501668,11508,2024-07-11 13:49:00,Returned,COD,Desktop,,49.0
501669,11463,2024-07-11 14:34:00,Delivered,UPI,Desktop,WELCOME15,0.0
501670,11520,2024-07-12 08:27:00,Delivered,CC,Mobile Web,WELCOME15,0.0
501671,10095,2024-07-12 10:21:00,Delivered,Net Banking,Mobile App,,0.0
501672,10590,2024-07-12 12:03:00,Delivered,COD,Mobile App,,0.0
501673,11371,2024-07-12 12:32:00,DELIVERED,Debit Card,Mobile App,WELCOME15,0.0
501674,11502,2024-07-12 13:40:00,Delivered,UPI,Mobile App,WELCOME15,0.0
501675,11228,2024-07-12 16:16:00,Delivered,Net Banking,Mobile Web,,0.0
501676,10858,2024-07-12 20:21:00,Delivered,UPI,Mobile App,,0.0
501677,11335,2024-07-12 22:05:00,cancelled ,Cash on Delivery,Mobile Web,,0.0
501678,10462,2024-07-12 23:11:00,Delivered,UPI,Mobile App,,0.0
501679,10806,2024-07-13 08:09:00,delivered ,DC,Mobile Web,,0.0
501680,11166,2024-07-13 08:41:00,Delivered,upi,Mobile Web,,0.0
501681,11499,2024-07-13 09:18:00,Delivered,Debit Card,Mobile Web,,0.0
501682,11005,2024-07-13 09:41:00,Delivered,Credit Card,Mobile App,,0.0
501683,11052,2024-07-13 13:04:00,Delivered,Net Banking,Mobile App,,0.0
501684,11501,2024-07-13 18:08:00,Delivered,UPI,Mobile App,,0.0
501684,11501,2024-07-13 18:08:00,Delivered,UPI,Mobile App,,0.0
501685,11433,2024-07-13 18:13:00,Delivered,UPI,Mobile Web,,0.0
501686,11518,2024-07-13 18:27:00,Returned,Debit Card,Desktop,,0.0
501687,11506,2024-07-13 19:05:00,DELIVERED,CC,Mobile App,,0.0
501688,11055,2024-07-13 19:34:00,Delivered,UPI,Mobile App,,49.0
501689,11512,2024-07-13 20:45:00,Delivered,UPI,Mobile App,WELCOME15,0.0
501690,10356,2024-07-13 23:25:00,Delivered,UPI,Mobile App,,0.0
501691,11526,2024-07-13 23:53:00,Delivered,UPI,Mobile App,WELCOME15,0.0
501692,11391,2024-07-14 09:44:00,Delivered,cod,Mobile Web,,49.0
501693,11513,2024-07-14 11:49:00,Delivered,Credit Card,Mobile App,WELCOME15,0.0
501694,10951,2024-07-14 15:18:00,Delivered,Upi,Mobile Web,,0.0
501695,11466,2024-07-14 16:37:00,Delivered,upi,Desktop,WELCOME15,0.0
501696,11072,2024-07-14 18:18:00,Cancelled,Cash on Delivery,Mobile App,,0.0
501697,10485,2024-07-14 18:18:00,delivered ,Net Banking,Desktop,,0.0
501698,10908,2024-07-14 18:39:00,Delivered,Net Banking,Mobile App,SAVE5,0.0
501699,11540,2024-07-14 20:10:00,Cancelled,Debit Card,Mobile App,WELCOME15,0.0
501700,10586,2024-07-15 11:07:00,delivered ,DC,Mobile App,,0.0
501701,11480,2024-07-15 12:36:00,Cancelled,Credit Card,Mobile App,,0.0
501702,11543,2024-07-15 12:45:00,Delivered,Cash on Delivery,Mobile Web,,0.0
501703,10868,2024-07-15 14:19:00,DELIVERED,upi,Mobile App,,0.0
501704,11550,2024-07-15 14:32:00,Delivered,UPI,Mobile App,WELCOME15,0.0
501705,10158,2024-07-15 14:57:00,Cancelled,Cash on Delivery,Mobile App,,0.0
501706,11552,2024-07-15 15:41:00,Delivered,UPI,Mobile App,,0.0
501707,11489,2024-07-15 15:46:00,Delivered,Debit Card,Mobile App,SAVE5,0.0
501708,11419,2024-07-15 16:17:00,Delivered,credit card,Desktop,,0.0
501709,11559,2024-07-15 16:35:00,Returned,upi,Mobile Web,,0.0
501710,10957,2024-07-15 16:37:00,DELIVERED,Net Banking,Mobile Web,,0.0
501711,10741,2024-07-15 16:37:00,Delivered,Debit Card,Mobile App,,0.0
501712,10095,2024-07-15 16:43:00,Delivered,Upi,Desktop,,0.0
501713,11544,2024-07-15 16:45:00,Delivered,UPI,Mobile App,SAVE5,0.0
501714,11474,2024-07-15 16:48:00,Returned,UPI,Desktop,,0.0
501715,11504,2024-07-15 18:45:00,Delivered,Debit Card,Mobile Web,WELCOME15,0.0
501716,11554,2024-07-15 19:01:00,Delivered,Debit Card,Mobile App,WELCOME15,0.0
501717,11309,2024-07-15 19:07:00,DELIVERED,Credit Card,Mobile App,,0.0
501718,11532,2024-07-15 19:22:00,Delivered,Cash on Delivery,Mobile App,WELCOME15,0.0
501719,11547,2024-07-15 20:26:00,Cancelled,Cash on Delivery,Mobile App,WELCOME15,0.0
501720,11307,2024-07-15 20:37:00,Delivered,UPI,Desktop,,0.0
501721,11517,2024-07-15 20:41:00,Delivered,CC,Mobile App,WELCOME15,0.0
501722,11528,2024-07-15 21:09:00,Returned,Net Banking,Desktop,,0.0
501723,11529,2024-07-15 22:26:00,DELIVERED,UPI,Mobile App,,0.0
501724,11541,2024-07-15 22:46:00,Delivered,upi,Mobile Web,WELCOME15,0.0
501725,11557,2024-07-15 23:19:00,Delivered,UPI,Mobile App,WELCOME15,0.0
501726,11475,2024-07-15 23:39:00,Delivered,upi,Mobile Web,SAVE5,0.0
501727,11535,2024-07-16 07:40:00,Cancelled,UPI,Mobile App,WELCOME15,49.0
501728,10310,2024-07-16 08:25:00,Returned,Credit Card,Mobile App,,0.0
501729,11473,2024-07-16 15:14:00,DELIVERED,Net Banking,Mobile Web,,0.0
501730,11537,2024-07-16 16:25:00,Delivered,UPI,Desktop,WELCOME15,0.0
501731,11562,2024-07-16 17:12:00,Delivered,upi,Mobile App,,0.0
501732,10104,2024-07-16 22:30:00,Delivered,Debit Card,Mobile Web,,0.0
501733,11553,2024-07-17 07:39:00,Delivered,Credit Card,Mobile App,WELCOME15,0.0
501734,11560,2024-07-17 08:52:00,DELIVERED,Credit Card,Mobile Web,,0.0
501735,11448,2024-07-17 09:02:00,Returned,UPI,Mobile App,,0.0
501736,11570,2024-07-17 10:31:00,delivered ,UPI,Mobile App,WELCOME15,0.0
501737,11378,2024-07-17 13:15:00,Delivered,Credit Card,Desktop,SAVE5,0.0
501738,11534,2024-07-17 14:53:00,DELIVERED,Credit Card,Mobile Web,WELCOME15,49.0
501739,11197,2024-07-17 16:41:00,Delivered,UPI,Mobile App,,49.0
501740,11519,2024-07-17 17:24:00,Delivered,Net Banking,Mobile App,WELCOME15,0.0
501741,10199,2024-07-17 17:38:00,Delivered,Net Banking,Mobile Web,,49.0
501742,11555,2024-07-17 20:48:00,delivered ,UPI,Desktop,,0.0
501743,11571,2024-07-17 22:45:00,delivered ,Cash on Delivery,Mobile Web,,0.0
501744,10662,2024-07-17 22:46:00,Returned,UPI,Mobile App,,0.0
501745,11505,2024-07-18 07:41:00,DELIVERED,UPI,Mobile App,WELCOME15,0.0
501745,11505,2024-07-18 07:41:00,DELIVERED,UPI,Mobile App,WELCOME15,0.0
501746,11521,2024-07-18 08:13:00,Delivered,UPI,Desktop,WELCOME15,0.0
501747,10302,2024-07-18 08:13:00,Delivered,UPI,Mobile App,,0.0
501748,11556,2024-07-18 09:25:00,DELIVERED,UPI,Desktop,WELCOME15,0.0
501749,11511,2024-07-18 11:40:00,Returned,Net Banking,Mobile App,WELCOME15,0.0
501750,11376,2024-07-18 12:47:00,Delivered,UPI,Desktop,,0.0
501751,11539,2024-07-18 15:14:00,delivered ,UPI,Desktop,,0.0
501752,11548,2024-07-18 21:20:00,Delivered,UPI,Mobile Web,WELCOME15,0.0
501753,10092,2024-07-18 21:49:00,Delivered,Credit Card,Mobile App,,0.0
501754,11155,2024-07-19 08:15:00,DELIVERED,Credit Card,Mobile App,,0.0
501755,11573,2024-07-19 08:34:00,delivered ,Debit Card,Mobile App,,0.0
501756,11397,2024-07-19 09:39:00,Delivered,Upi,Mobile App,,0.0
501757,11572,2024-07-19 10:39:00,Delivered,Debit Card,Desktop,,0.0
501758,11457,2024-07-19 14:12:00,Delivered,UPI,Desktop,,0.0
501759,11314,2024-07-19 15:33:00,Delivered,Cash on Delivery,Mobile App,,0.0
501760,11582,2024-07-19 17:03:00,Returned,UPI,Mobile Web,,0.0
501761,10600,2024-07-19 20:17:00,RETURNED,Credit Card,Mobile Web,,0.0
501762,11438,2024-07-19 20:20:00,Returned,Net Banking,Desktop,,0.0
501763,11580,2024-07-19 21:30:00,Delivered,Credit Card,Mobile Web,,0.0
501764,11533,2024-07-19 21:52:00,Delivered,UPI,Mobile Web,,0.0
501765,11102,2024-07-19 21:55:00,Delivered,UPI,Mobile Web,,0.0
501766,11510,2024-07-19 22:14:00,Delivered,Cash on Delivery,Mobile App,,0.0
501767,11567,2024-07-19 22:30:00,DELIVERED,Debit Card,Mobile App,,0.0
501768,11586,2024-07-19 23:31:00,Delivered,DC,Mobile App,WELCOME15,0.0
501769,11125,2024-07-20 12:25:00,Delivered,Cash on Delivery,Mobile App,,0.0
501770,10885,2024-07-20 13:58:00,Delivered,UPI,Mobile Web,,0.0
501771,10674,2024-07-20 14:15:00,DELIVERED,UPI,Mobile Web,,0.0
501772,10819,2024-07-20 14:23:00,Delivered,UPI,Mobile Web,,0.0
501773,11588,2024-07-20 14:24:00,Delivered,UPI,Desktop,,49.0
501774,10312,2024-07-20 14:30:00,Delivered,UPI,Mobile App,,0.0
501775,11596,2024-07-20 14:34:00,Delivered,UPI,Desktop,,0.0
501776,11569,2024-07-20 19:09:00,Delivered,UPI,Mobile Web,,0.0
501777,11515,2024-07-20 20:20:00,DELIVERED,Cash on Delivery,Mobile App,SAVE5,0.0
501778,11602,2024-07-20 22:07:00,Delivered,UPI,Desktop,,0.0
501779,11604,2024-07-20 22:14:00,Delivered,Credit Card,Desktop,SAVE5,49.0
501780,11607,2024-07-20 22:20:00,Delivered,Credit Card,Desktop,,0.0
501781,10806,2024-07-20 22:35:00,Delivered,UPI,Mobile Web,,0.0
501782,11600,2024-07-20 22:53:00,Delivered,UPI,Mobile App,WELCOME15,0.0
501783,11522,2024-07-20 23:50:00,Delivered,UPI,Mobile App,WELCOME15,0.0
501784,11565,2024-07-21 08:36:00,Delivered,UPI,Mobile App,,49.0
501785,11581,2024-07-21 08:39:00,delivered ,UPI,Mobile App,,0.0
501786,11608,2024-07-21 10:39:00,Delivered,Debit Card,Mobile Web,WELCOME15,0.0
501787,11605,2024-07-21 13:22:00,Delivered,Credit Card,Mobile App,,0.0
501788,11038,2024-07-21 14:06:00,DELIVERED,Credit Card,Desktop,,0.0
501789,11400,2024-07-21 19:31:00,Delivered,Debit Card,Mobile Web,,0.0
501790,10815,2024-07-21 19:38:00,Delivered,UPI,Mobile App,,0.0
501791,11179,2024-07-21 23:23:00,Delivered,UPI,Mobile App,,0.0
501792,11531,2024-07-22 11:53:00,Delivered,Credit Card,Mobile Web,,0.0
501793,11595,2024-07-22 13:02:00,Delivered,Cash on Delivery,Desktop,,0.0
501794,11523,2024-07-22 13:05:00,Delivered,UPI,Desktop,WELCOME15,0.0
501795,10458,2024-07-22 13:12:00,Delivered,UPI,Desktop,SAVE5,0.0
501796,11558,2024-07-22 14:15:00,Returned,Debit Card,Mobile App,WELCOME15,0.0
501797,11468,2024-07-22 18:24:00,Delivered,Cash on Delivery,Mobile Web,,0.0
501798,11610,2024-07-22 18:51:00,Delivered,Credit Card,Mobile App,,0.0
501799,11609,2024-07-22 20:36:00,delivered ,UPI,Mobile App,SAVE5,49.0
501800,11187,2024-07-22 22:34:00,Delivered,UPI,Mobile Web,,0.0
501801,11615,2024-07-22 23:55:00,Delivered,UPI,Mobile Web,,0.0
501802,10275,2024-07-23 07:19:00,delivered ,UPI,Desktop,,49.0
501803,11538,2024-07-23 07:49:00,Returned,UPI,Desktop,WELCOME15,0.0
501804,11052,2024-07-23 08:03:00,Returned,Net Banking,Mobile App,,0.0
501805,11015,2024-07-23 09:01:00,DELIVERED,UPI,Mobile App,,0.0
501806,11185,2024-07-23 09:35:00,Delivered,Cash on Delivery,Mobile App,,49.0
501807,11493,2024-07-23 09:43:00,Delivered,Cash on Delivery,Mobile Web,WELCOME15,49.0
501808,11620,2024-07-23 12:02:00,Delivered,UPI,Desktop,,0.0
501809,11407,2024-07-23 12:03:00,Delivered,credit card,Mobile App,,0.0
501810,11097,2024-07-23 13:23:00,Cancelled,Cash on Delivery,Desktop,,0.0
501811,11625,2024-07-23 14:07:00,Delivered,UPI,Mobile Web,,0.0
501812,11592,2024-07-23 16:24:00,Delivered,Upi,Mobile App,,0.0
501813,10620,2024-07-23 21:50:00,Delivered,UPI,Mobile App,,0.0
501814,10878,2024-07-23 22:38:00,Delivered,UPI,Mobile App,,0.0
501815,10786,2024-07-24 07:20:00,Delivered,UPI,Desktop,,49.0
501816,11096,2024-07-24 09:25:00,Delivered,Upi,Mobile Web,,0.0
501817,11379,2024-07-24 10:11:00,Delivered,Credit Card,Mobile App,,0.0
501818,11639,2024-07-24 10:23:00,DELIVERED,Cash on Delivery,Mobile Web,,0.0
501819,11616,2024-07-24 13:41:00,Delivered,UPI,Mobile App,WELCOME15,0.0
501820,11490,2024-07-24 15:50:00,Delivered,Credit Card,Mobile Web,,0.0
501821,11598,2024-07-24 16:59:00,DELIVERED,UPI,Desktop,WELCOME15,49.0
501822,11597,2024-07-24 19:23:00,delivered ,upi,Mobile Web,,0.0
501823,11585,2024-07-24 19:28:00,Returned,UPI,Mobile Web,WELCOME15,0.0
501824,11544,2024-07-24 23:25:00,Delivered,Upi,Desktop,,49.0
501825,11215,2024-07-25 07:07:00,Delivered,UPI,Mobile App,,0.0
501826,11575,2024-07-25 08:09:00,Returned,UPI,Mobile App,,0.0
501827,11370,2024-07-25 08:58:00,DELIVERED,upi,Mobile App,,0.0
501828,11624,2024-07-25 11:52:00,Delivered,UPI,Mobile App,WELCOME15,0.0
501829,10573,2024-07-25 14:02:00,Delivered,UPI,Mobile App,,49.0
501830,11632,2024-07-25 16:33:00,Delivered,UPI,Mobile Web,,0.0
501831,11069,2024-07-25 19:59:00,Delivered,credit card,Mobile Web,,0.0
501832,11630,2024-07-25 20:01:00,DELIVERED,Cash on Delivery,Mobile Web,SAVE5,0.0
501833,11126,2024-07-25 21:51:00,Cancelled,Cash on Delivery,Mobile App,,0.0
501834,11006,2024-07-25 22:55:00,DELIVERED,UPI,Mobile Web,,0.0
501835,11170,2024-07-25 23:03:00,delivered ,Cash on Delivery,Mobile Web,,0.0
501836,11621,2024-07-26 08:50:00,delivered ,UPI,Mobile App,,0.0
501837,11629,2024-07-26 11:22:00,Delivered,Cash on Delivery,Mobile App,WELCOME15,0.0
501838,11594,2024-07-26 12:47:00,Returned,Debit Card,Mobile App,WELCOME15,49.0
501839,11564,2024-07-26 14:00:00,Delivered,UPI,Mobile Web,WELCOME15,0.0
501840,11587,2024-07-26 15:01:00,Delivered,COD,Mobile Web,WELCOME15,0.0
501841,10313,2024-07-26 17:30:00,Delivered,UPI,Mobile Web,,0.0
501842,11643,2024-07-26 17:31:00,DELIVERED,DC,Mobile Web,,0.0
501843,11619,2024-07-26 17:47:00,DELIVERED,Net Banking,Mobile Web,SAVE5,0.0
501844,10667,2024-07-26 18:03:00,Delivered,UPI,Mobile App,,0.0
501845,11626,2024-07-26 19:57:00,DELIVERED,UPI,Mobile Web,,0.0
501846,10210,2024-07-26 21:28:00,delivered ,Credit Card,Mobile Web,,0.0
501847,11583,2024-07-26 22:45:00,DELIVERED,Net Banking,Desktop,,0.0
501848,11321,2024-07-26 23:27:00,Returned,upi,Desktop,,0.0
501849,11563,2024-07-27 07:09:00,Delivered,Upi,Desktop,WELCOME15,49.0
501850,11332,2024-07-27 07:17:00,Delivered,Cash on Delivery,Desktop,,0.0
501851,10178,2024-07-27 07:29:00,Cancelled,COD,Mobile App,,0.0
501852,11640,2024-07-27 09:43:00,Delivered,Cash on Delivery,Mobile App,,0.0
501853,10436,2024-07-27 11:18:00,delivered ,Cash on Delivery,Desktop,,0.0
501854,11361,2024-07-27 11:23:00,Returned,UPI,Mobile App,,0.0
501855,11451,2024-07-27 13:09:00,Cancelled,Cash on Delivery,Mobile Web,,0.0
501856,11656,2024-07-27 16:09:00,Delivered,UPI,Mobile App,,0.0
501857,11652,2024-07-27 16:32:00,Returned,UPI,Mobile App,,0.0
501858,11654,2024-07-27 18:01:00,Delivered,UPI,Mobile Web,,0.0
501859,11204,2024-07-27 18:27:00,DELIVERED,UPI,Mobile App,,0.0
501860,11618,2024-07-27 20:06:00,delivered ,Net Banking,Mobile App,WELCOME15,0.0
501861,11589,2024-07-27 21:57:00,Returned,Credit Card,Mobile Web,WELCOME15,0.0
501862,11670,2024-07-28 08:11:00,DELIVERED,Debit Card,Mobile App,,49.0
501863,11638,2024-07-28 10:56:00,Delivered,Debit Card,Mobile App,SAVE5,0.0
501864,11603,2024-07-28 12:16:00,cancelled ,Cash on Delivery,Mobile App,,0.0
501865,11065,2024-07-28 13:18:00,Delivered,Upi,Mobile Web,,0.0
501866,11664,2024-07-28 15:11:00,Delivered,UPI,Mobile Web,,0.0
501867,11666,2024-07-28 15:22:00,Delivered,UPI,Mobile App,WELCOME15,0.0
501868,11485,2024-07-28 17:30:00,Delivered,Cash on Delivery,Mobile Web,,49.0
501869,11649,2024-07-28 18:34:00,Delivered,Upi,Mobile App,,49.0
501870,11190,2024-07-28 23:12:00,delivered ,Upi,Mobile Web,,0.0
501871,11651,2024-07-29 07:17:00,Delivered,UPI,Mobile Web,,0.0
501872,11081,2024-07-29 07:30:00,Delivered,UPI,Mobile Web,,0.0
501873,10819,2024-07-29 08:52:00,Delivered,Cash on Delivery,Mobile App,SAVE5,0.0
501874,10767,2024-07-29 08:54:00,Delivered,UPI,Desktop,,0.0
501875,11635,2024-07-29 10:07:00,Returned,UPI,Desktop,,0.0
501876,11675,2024-07-29 10:58:00,Delivered,UPI,Mobile App,,0.0
501877,11674,2024-07-29 13:15:00,Returned,UPI,Mobile Web,,0.0
501878,11545,2024-07-29 16:55:00,Delivered,UPI,Mobile App,WELCOME15,0.0
501879,11644,2024-07-29 17:28:00,Delivered,Cash On Delivery,Mobile Web,WELCOME15,0.0
501880,11193,2024-07-29 17:34:00,Delivered,Cash on Delivery,Mobile App,,0.0
501881,11676,2024-07-29 18:09:00,Cancelled,UPI,Mobile App,WELCOME15,0.0
501882,11637,2024-07-29 20:16:00,Delivered,credit card,Desktop,,0.0
501883,11164,2024-07-29 20:19:00,Delivered,Debit Card,Desktop,,0.0
501884,11430,2024-07-29 21:16:00,Delivered,Cash on Delivery,Mobile Web,SAVE5,0.0
501884,11430,2024-07-29 21:16:00,Delivered,Cash on Delivery,Mobile Web,SAVE5,0.0
501885,11641,2024-07-29 21:55:00,Delivered,UPI,Desktop,WELCOME15,0.0
501886,10547,2024-07-29 22:02:00,Returned,Credit Card,Desktop,,0.0
501887,11672,2024-07-29 23:12:00,Delivered,Cash on Delivery,Mobile Web,WELCOME15,0.0
501888,11663,2024-07-29 23:49:00,Delivered,UPI,Mobile Web,,0.0
501889,11022,2024-07-30 07:29:00,DELIVERED,Net Banking,Desktop,,0.0
501890,11089,2024-07-30 07:43:00,Returned,Debit Card,Mobile App,,0.0
501891,10878,2024-07-30 08:41:00,delivered ,UPI,Mobile App,,0.0
501892,11480,2024-07-30 10:07:00,Delivered,Credit Card,Mobile Web,,0.0
501893,11165,2024-07-30 10:26:00,Delivered,Cash on Delivery,Mobile Web,,0.0
501894,11696,2024-07-30 10:40:00,returned ,UPI,Mobile App,WELCOME15,0.0
501895,10104,2024-07-30 12:45:00,Delivered,Credit Card,Mobile App,,0.0
501896,11693,2024-07-30 13:28:00,Delivered,UPI,Mobile App,,0.0
501897,11695,2024-07-30 14:03:00,Delivered,Cash on Delivery,Mobile App,,49.0
501898,11622,2024-07-30 15:12:00,Cancelled,Cash on Delivery,Mobile Web,WELCOME15,49.0
501899,11683,2024-07-30 16:07:00,Delivered,UPI,Mobile App,WELCOME15,0.0
501900,10083,2024-07-30 17:34:00,Delivered,Credit Card,Mobile Web,,49.0
501901,11017,2024-07-30 17:52:00,Returned,upi,Mobile App,,0.0
501902,11067,2024-07-30 20:24:00,Delivered,UPI,Mobile App,,0.0
501903,11687,2024-07-30 20:39:00,Delivered,UPI,Desktop,SAVE5,0.0
501904,11199,2024-07-30 22:19:00,DELIVERED,credit card,Mobile Web,,0.0
501905,11645,2024-07-30 22:22:00,Delivered,UPI,Mobile App,,0.0
501905,11645,2024-07-30 22:22:00,Delivered,UPI,Mobile App,,0.0
501906,11576,2024-07-30 23:35:00,delivered ,Credit Card,Mobile App,,0.0
501907,11677,2024-07-31 08:11:00,Delivered,UPI,Mobile Web,WELCOME15,0.0
501908,11707,2024-07-31 08:46:00,Delivered,Debit Card,Mobile Web,WELCOME15,0.0
501909,11703,2024-07-31 11:39:00,Delivered,UPI,Mobile App,,0.0
501910,11705,2024-07-31 11:47:00,Delivered,UPI,Mobile App,SAVE5,0.0
501911,11697,2024-07-31 16:46:00,Delivered,UPI,Desktop,,0.0
501912,11673,2024-07-31 17:20:00,DELIVERED,UPI,Mobile App,WELCOME15,0.0
501913,11661,2024-07-31 17:40:00,returned ,UPI,Mobile App,WELCOME15,0.0
501914,11698,2024-07-31 17:57:00,Delivered,UPI,Mobile Web,,0.0
501915,11647,2024-07-31 19:06:00,Delivered,UPI,Mobile Web,,0.0
501916,11702,2024-07-31 19:55:00,delivered ,Debit Card,Mobile Web,WELCOME15,0.0
501917,11681,2024-07-31 20:24:00,Delivered,Cash on Delivery,Mobile App,,0.0
501918,11551,2024-07-31 20:57:00,Delivered,UPI,Mobile Web,,0.0
501919,10786,2024-07-31 21:23:00,Delivered,UPI,Desktop,,0.0
501920,11684,2024-08-01 09:56:00,Delivered,Net Banking,Mobile App,WELCOME15,0.0
501921,10907,2024-08-01 09:56:00,Returned,UPI,Mobile App,,0.0
501922,11669,2024-08-01 13:00:00,delivered ,debit card,Mobile Web,,0.0
501923,10972,2024-08-01 14:53:00,Delivered,Credit Card,Mobile App,,0.0
501924,10606,2024-08-01 15:20:00,Delivered,UPI,Mobile App,,0.0
501925,11682,2024-08-01 15:39:00,Returned,Cash on Delivery,Mobile App,,0.0
501926,11700,2024-08-01 18:53:00,Delivered,UPI,Mobile Web,,0.0
501927,11092,2024-08-01 19:29:00,Delivered,Credit Card,Mobile App,,0.0
501928,11689,2024-08-01 21:22:00,Delivered,UPI,Desktop,WELCOME15,0.0
501929,10702,2024-08-01 21:56:00,RETURNED,Cash on Delivery,Mobile Web,,0.0
501930,11660,2024-08-02 07:42:00,Delivered,Upi,Mobile Web,,49.0
501931,10523,2024-08-02 07:44:00,Returned,UPI,Mobile Web,SAVE5,0.0
501932,11712,2024-08-02 08:22:00,RETURNED,UPI,Mobile Web,,0.0
501933,11633,2024-08-02 08:30:00,delivered ,UPI,Desktop,WELCOME15,0.0
501934,10583,2024-08-02 13:20:00,Returned,Cash on Delivery,Desktop,,0.0
501935,11646,2024-08-02 17:38:00,Delivered,Debit Card,Mobile App,,0.0
501936,11718,2024-08-02 17:57:00,Delivered,Credit Card,Mobile App,WELCOME15,49.0
501937,11245,2024-08-02 19:21:00,Delivered,UPI,Mobile Web,,0.0
501938,11629,2024-08-02 19:22:00,delivered ,UPI,Desktop,,0.0
501939,11671,2024-08-02 19:28:00,Delivered,Cash on Delivery,Mobile App,SAVE5,0.0
501940,11650,2024-08-02 20:50:00,Delivered,Net Banking,Desktop,,0.0
501941,11715,2024-08-02 23:07:00,Delivered,Cash On Delivery,Mobile Web,,0.0
501942,11667,2024-08-03 07:23:00,Cancelled,Cash on Delivery,Mobile Web,WELCOME15,0.0
501943,11052,2024-08-03 08:15:00,Delivered,Net Banking,Mobile Web,,0.0
501944,11709,2024-08-03 08:54:00,Delivered,UPI,Mobile App,WELCOME15,0.0
501945,10197,2024-08-03 09:43:00,Delivered,Cash on Delivery,Mobile App,,0.0
501946,11634,2024-08-03 11:07:00,DELIVERED,Debit Card,Mobile Web,,0.0
501947,11724,2024-08-03 16:10:00,Delivered,UPI,Mobile Web,,0.0
501948,10886,2024-08-03 16:17:00,Delivered,UPI,Mobile App,,0.0
501949,11627,2024-08-03 17:27:00,Delivered,Debit Card,Mobile Web,,0.0
501950,11185,2024-08-03 18:23:00,DELIVERED,UPI,Mobile Web,,0.0
501951,10696,2024-08-03 20:55:00,delivered ,Cash on Delivery,Mobile Web,,49.0
501952,11632,2024-08-04 08:32:00,Delivered,UPI,Mobile App,,0.0
501953,11700,2024-08-04 11:32:00,Delivered,Cash on Delivery,Mobile App,,0.0
501954,10970,2024-08-04 13:19:00,Delivered,UPI,Mobile Web,SAVE5,0.0
501955,11678,2024-08-04 15:47:00,DELIVERED,Net Banking,Mobile App,,0.0
501956,11694,2024-08-04 16:09:00,RETURNED,UPI,Desktop,WELCOME15,0.0
501957,11723,2024-08-04 18:59:00,Delivered,Credit Card,Mobile App,,0.0
501958,11686,2024-08-04 19:03:00,Delivered,Net Banking,Mobile Web,WELCOME15,0.0
501959,10398,2024-08-04 19:08:00,Delivered,Net Banking,Mobile App,,0.0
501960,11489,2024-08-04 20:08:00,Delivered,Credit Card,Mobile Web,,0.0
501961,11350,2024-08-04 21:20:00,Cancelled,Debit Card,Mobile Web,,0.0
501962,11428,2024-08-04 22:06:00,Delivered,Cash on Delivery,Mobile App,,0.0
501963,11456,2024-08-05 08:24:00,delivered ,Net Banking,Mobile Web,,0.0
501964,11641,2024-08-05 09:32:00,Delivered,Credit Card,Mobile App,,0.0
501965,10104,2024-08-05 10:38:00,delivered ,UPI,Mobile App,,0.0
501966,11655,2024-08-05 12:49:00,Delivered,UPI,Mobile App,,0.0
501967,11704,2024-08-05 13:38:00,Delivered,Credit Card,Desktop,WELCOME15,0.0
501968,11429,2024-08-05 16:09:00,Returned,Cash on Delivery,Desktop,,0.0
501969,11730,2024-08-05 18:21:00,Cancelled,Cash on Delivery,Desktop,,0.0
501970,11728,2024-08-05 18:47:00,Delivered,COD,Mobile App,WELCOME15,0.0
501971,11737,2024-08-05 19:29:00,Delivered,UPI,Mobile Web,WELCOME15,0.0
501972,11624,2024-08-05 20:24:00,Delivered,UPI,Mobile Web,,0.0
501973,11653,2024-08-05 21:05:00,Delivered,Upi,Mobile App,SAVE5,0.0
501974,11713,2024-08-05 22:11:00,Returned,Net Banking,Mobile App,,0.0
501975,11702,2024-08-06 08:57:00,Delivered,UPI,Mobile App,,0.0
501976,11721,2024-08-06 14:25:00,Delivered,Credit Card,Mobile App,SAVE5,0.0
501977,11736,2024-08-06 16:06:00,Delivered,Credit Card,Mobile App,,0.0
501978,10687,2024-08-06 16:29:00,Delivered,Upi,Mobile App,,49.0
501979,11744,2024-08-06 16:33:00,Returned,UPI,Mobile App,WELCOME15,0.0
501980,11172,2024-08-06 16:39:00,Delivered,Cash on Delivery,Mobile App,,0.0
501981,11658,2024-08-06 16:51:00,delivered ,Upi,Mobile App,WELCOME15,0.0
501982,11465,2024-08-06 17:45:00,Returned,UPI,Mobile App,,0.0
501982,11465,2024-08-06 17:45:00,Returned,UPI,Mobile App,,0.0
501983,11731,2024-08-06 18:40:00,DELIVERED,CC,Mobile Web,WELCOME15,0.0
501984,10409,2024-08-06 19:14:00,Cancelled,UPI,Mobile App,,0.0
501985,11746,2024-08-06 19:31:00,Delivered,UPI,Desktop,WELCOME15,0.0
501986,10313,2024-08-06 20:29:00,Delivered,UPI,Mobile Web,,0.0
501987,11668,2024-08-06 22:07:00,Cancelled,cod,Desktop,WELCOME15,0.0
501988,11005,2024-08-06 23:51:00,Delivered,CC,Mobile App,,0.0
501989,11738,2024-08-07 08:46:00,Delivered,Credit Card,Mobile Web,,0.0
501990,11472,2024-08-07 09:50:00,Delivered,Credit Card,Mobile App,,49.0
501991,10892,2024-08-07 10:20:00,Delivered,UPI,Mobile Web,,0.0
501992,11680,2024-08-07 12:18:00,Delivered,Cash on Delivery,Mobile Web,WELCOME15,0.0
501993,11739,2024-08-07 14:09:00,Delivered,UPI,Desktop,,0.0
501994,11756,2024-08-07 19:57:00,Delivered,Upi,Mobile Web,SAVE5,0.0
501995,10151,2024-08-07 22:23:00,Delivered,UPI,Mobile App,,49.0
501996,11475,2024-08-07 22:34:00,Delivered,UPI,Mobile Web,,0.0
501997,11642,2024-08-08 10:56:00,Delivered,UPI,Mobile Web,WELCOME15,0.0
501998,11717,2024-08-08 12:47:00,Delivered,Cash on Delivery,Mobile Web,,0.0
501999,11690,2024-08-08 13:43:00,Returned,Upi,Desktop,,0.0
502000,10208,2024-08-08 14:31:00,Delivered,Net Banking,Mobile App,,0.0
502001,11769,2024-08-08 14:41:00,Delivered,Cash on Delivery,Mobile App,,0.0
502002,10996,2024-08-08 16:10:00,Delivered,CC,Mobile App,,0.0
502003,11752,2024-08-08 16:30:00,Delivered,UPI,Mobile Web,,0.0
502004,10522,2024-08-08 17:31:00,Delivered,Credit Card,Mobile App,,0.0
502005,11600,2024-08-08 20:25:00,delivered ,CC,Desktop,SAVE5,0.0
502006,11637,2024-08-08 20:40:00,Delivered,CC,Mobile Web,,0.0
502007,11764,2024-08-08 21:14:00,Delivered,Cash on Delivery,Mobile App,,0.0
502008,11725,2024-08-08 22:07:00,Delivered,upi,Mobile App,,0.0
502009,11719,2024-08-08 22:55:00,returned ,UPI,Desktop,WELCOME15,0.0
502010,11768,2024-08-09 07:21:00,DELIVERED,UPI,Mobile Web,,0.0
502011,11513,2024-08-09 09:20:00,Delivered,Credit Card,Desktop,,0.0
502012,11015,2024-08-09 14:50:00,Delivered,Credit Card,Mobile App,,0.0
502013,11775,2024-08-09 16:54:00,Delivered,UPI,Desktop,,0.0
502013,11775,2024-08-09 16:54:00,Delivered,UPI,Desktop,,0.0
502014,11771,2024-08-09 17:24:00,Returned,Debit Card,Mobile App,WELCOME15,0.0
502015,11767,2024-08-09 20:18:00,RETURNED,UPI,Mobile Web,,0.0
502016,10057,2024-08-09 21:57:00,DELIVERED,UPI,Mobile App,,0.0
502017,11158,2024-08-09 22:11:00,Delivered,UPI,Mobile App,,0.0
502018,11453,2024-08-10 07:25:00,DELIVERED,UPI,Mobile App,,49.0
502019,11777,2024-08-10 07:26:00,delivered ,Upi,Mobile Web,,0.0
502020,11776,2024-08-10 07:39:00,Delivered,UPI,Mobile Web,,0.0
502021,11749,2024-08-10 11:29:00,DELIVERED,Cash On Delivery,Mobile App,WELCOME15,0.0
502022,11727,2024-08-10 11:36:00,returned ,UPI,Mobile App,WELCOME15,0.0
502023,11550,2024-08-10 11:38:00,Delivered,Debit Card,Mobile App,,49.0
502024,11783,2024-08-10 11:51:00,Delivered,credit card,Mobile App,SAVE5,0.0
502025,11484,2024-08-10 12:11:00,Delivered,UPI,Mobile App,,0.0
502026,11779,2024-08-10 12:18:00,Delivered,Credit Card,Mobile App,,0.0
502027,11734,2024-08-10 13:36:00,Delivered,Cash on Delivery,Mobile App,WELCOME15,0.0
502028,11098,2024-08-10 14:24:00,Delivered,UPI,Mobile Web,,0.0
502029,11760,2024-08-10 14:26:00,DELIVERED,Debit Card,Mobile App,WELCOME15,0.0
502030,10231,2024-08-10 16:27:00,Returned,CC,Mobile Web,,0.0
502031,11597,2024-08-10 17:30:00,Delivered,Net Banking,Mobile App,,0.0
502032,11207,2024-08-10 19:49:00,RETURNED,UPI,Mobile App,,0.0
502033,11710,2024-08-10 23:59:00,Delivered,Debit Card,Mobile App,,0.0
502034,10183,2024-08-11 07:05:00,Delivered,CC,Desktop,,0.0
502035,11774,2024-08-11 08:25:00,Delivered,UPI,Desktop,WELCOME15,0.0
502036,11785,2024-08-11 08:56:00,Delivered,Net Banking,Mobile App,WELCOME15,0.0
502037,11798,2024-08-11 09:46:00,Delivered,Cash on Delivery,Desktop,WELCOME15,0.0
502038,11754,2024-08-11 09:52:00,Delivered,UPI,Mobile App,,0.0
502039,11612,2024-08-11 12:20:00,Delivered,upi,Mobile App,SAVE5,0.0
502040,11792,2024-08-11 13:44:00,Delivered,UPI,Mobile Web,SAVE5,49.0
502041,11773,2024-08-11 14:11:00,Delivered,Credit Card,Mobile Web,,0.0
502042,11782,2024-08-11 15:49:00,Delivered,cod,Mobile App,,0.0
502043,11753,2024-08-11 16:21:00,Delivered,UPI,Mobile App,,0.0
502044,11757,2024-08-11 16:31:00,Delivered,UPI,Mobile Web,WELCOME15,0.0
502045,10210,2024-08-11 16:47:00,Delivered,Cash on Delivery,Mobile Web,,0.0
502046,11591,2024-08-11 16:50:00,delivered ,UPI,Desktop,WELCOME15,0.0
502047,11762,2024-08-11 17:40:00,Delivered,upi,Desktop,,0.0
502048,11761,2024-08-11 18:00:00,Delivered,Cash on Delivery,Mobile App,WELCOME15,0.0
502049,11789,2024-08-11 18:05:00,Delivered,Credit Card,Mobile App,WELCOME15,0.0
502050,10245,2024-08-11 20:14:00,Delivered,UPI,Desktop,,0.0
502051,10994,2024-08-11 21:47:00,delivered ,Net Banking,Mobile App,,0.0
502052,11786,2024-08-11 22:09:00,RETURNED,Credit Card,Mobile Web,,0.0
502053,11246,2024-08-11 22:17:00,Delivered,Net Banking,Mobile App,,0.0
502054,10626,2024-08-11 22:29:00,Delivered,UPI,Mobile App,,49.0
502055,11428,2024-08-11 23:51:00,Delivered,UPI,Mobile Web,,0.0
502056,11401,2024-08-11 23:56:00,Cancelled,Cash On Delivery,Mobile Web,,0.0
502057,11355,2024-08-12 08:22:00,Delivered,Credit Card,Mobile App,,0.0
502058,11804,2024-08-12 09:59:00,Delivered,credit card,Desktop,,0.0
502059,11759,2024-08-12 10:06:00,Delivered,credit card,Mobile App,WELCOME15,0.0
502060,10154,2024-08-12 11:55:00,Delivered,Credit Card,Mobile App,,0.0
502061,11784,2024-08-12 12:27:00,DELIVERED,Cash on Delivery,Mobile Web,WELCOME15,0.0
502062,11743,2024-08-12 13:00:00,Returned,UPI,Mobile Web,,49.0
502063,11770,2024-08-12 13:31:00,Delivered,Debit Card,Mobile App,WELCOME15,0.0
502064,11452,2024-08-13 07:16:00,Delivered,upi,Mobile Web,,0.0
502065,11716,2024-08-13 13:28:00,Delivered,credit card,Mobile App,,0.0
502066,11374,2024-08-13 15:56:00,Delivered,Debit Card,Mobile Web,,0.0
502067,11772,2024-08-13 16:25:00,DELIVERED,Upi,Mobile Web,SAVE5,0.0
502068,11810,2024-08-13 17:04:00,Delivered,Credit Card,Mobile Web,WELCOME15,0.0
502069,11406,2024-08-13 20:26:00,delivered ,Upi,Mobile App,SAVE5,0.0
502070,11306,2024-08-13 20:44:00,Returned,Net Banking,Mobile App,,0.0
502071,11799,2024-08-13 22:06:00,Delivered,Net Banking,Desktop,,0.0
502072,11826,2024-08-14 08:42:00,DELIVERED,Upi,Desktop,,0.0
502073,11669,2024-08-14 09:09:00,Delivered,UPI,Mobile App,,0.0
502074,11814,2024-08-14 09:38:00,Returned,Cash on Delivery,Mobile App,,0.0
502075,11443,2024-08-14 11:33:00,DELIVERED,Cash on Delivery,Mobile App,,0.0
502076,11822,2024-08-14 11:38:00,cancelled ,Cash on Delivery,Desktop,,0.0
502077,11720,2024-08-14 13:40:00,Delivered,UPI,Mobile Web,,0.0
502078,10535,2024-08-14 14:29:00,DELIVERED,UPI,Desktop,,0.0
502079,10069,2024-08-14 15:40:00,Delivered,Credit Card,Mobile Web,,0.0
502080,11763,2024-08-14 17:34:00,DELIVERED,Upi,Desktop,WELCOME15,0.0
502081,11806,2024-08-14 19:47:00,DELIVERED,Credit Card,Mobile App,WELCOME15,0.0
502082,11794,2024-08-14 20:23:00,delivered ,Upi,Desktop,,0.0
502083,11790,2024-08-14 21:57:00,Delivered,UPI,Mobile Web,WELCOME15,0.0
502084,10640,2024-08-14 22:31:00,Delivered,UPI,Mobile App,,0.0
502085,11832,2024-08-15 07:13:00,Cancelled,Credit Card,Mobile Web,,0.0
502086,11711,2024-08-15 07:32:00,Returned,UPI,Mobile Web,SAVE5,0.0
502087,10123,2024-08-15 08:10:00,Delivered,UPI,Mobile Web,,0.0
502088,11300,2024-08-15 08:47:00,Delivered,Cash on Delivery,Desktop,SAVE5,0.0
502089,11540,2024-08-15 10:33:00,Cancelled,Credit Card,Mobile App,,0.0
502090,11797,2024-08-15 11:28:00,delivered ,UPI,Desktop,SAVE5,0.0
502091,11812,2024-08-15 11:32:00,Delivered,UPI,Mobile Web,WELCOME15,0.0
502092,11819,2024-08-15 12:35:00,Returned,UPI,Mobile Web,,0.0
502093,11800,2024-08-15 12:59:00,Delivered,UPI,Mobile App,,0.0
502094,11765,2024-08-15 13:08:00,Delivered,UPI,Mobile App,WELCOME15,0.0
502095,10884,2024-08-15 13:41:00,Delivered,Credit Card,Mobile Web,,49.0
502096,11817,2024-08-15 14:02:00,DELIVERED,Credit Card,Desktop,,0.0
502097,11735,2024-08-15 14:56:00,DELIVERED,UPI,Mobile App,WELCOME15,49.0
502098,10168,2024-08-15 16:07:00,Delivered,upi,Mobile App,SAVE5,0.0
502099,11350,2024-08-15 17:34:00,RETURNED,DC,Mobile App,,0.0
502100,11828,2024-08-15 20:03:00,Delivered,UPI,Mobile Web,WELCOME15,49.0
502101,11602,2024-08-15 22:47:00,Cancelled,Upi,Mobile App,,0.0
502102,10432,2024-08-16 08:22:00,Delivered,Net Banking,Mobile App,,0.0
502103,11837,2024-08-16 10:34:00,Delivered,UPI,Desktop,SAVE5,0.0
502104,11816,2024-08-16 11:40:00,DELIVERED,Upi,Mobile App,,0.0
502105,11798,2024-08-16 14:11:00,Delivered,UPI,Mobile App,,49.0
502106,11374,2024-08-16 14:52:00,Delivered,CC,Mobile App,,0.0
502107,11829,2024-08-16 15:03:00,Delivered,UPI,Desktop,WELCOME15,0.0
502108,11310,2024-08-16 17:55:00,Delivered,UPI,Mobile App,,0.0
502109,11839,2024-08-16 19:21:00,delivered ,UPI,Desktop,,0.0
502110,11747,2024-08-16 22:38:00,Delivered,Cash on Delivery,Mobile App,WELCOME15,0.0
502111,11835,2024-08-16 22:59:00,DELIVERED,Credit Card,Mobile App,WELCOME15,0.0
502112,10462,2024-08-17 09:12:00,returned ,Credit Card,Mobile Web,,0.0
502113,11760,2024-08-17 09:46:00,Delivered,Net Banking,Mobile App,,0.0
502114,11052,2024-08-17 11:38:00,Delivered,Debit Card,Mobile App,,0.0
502115,11685,2024-08-17 15:20:00,Delivered,Debit Card,Mobile App,,0.0
502116,11672,2024-08-17 15:59:00,Delivered,UPI,Mobile App,,0.0
502117,11126,2024-08-17 18:03:00,Delivered,UPI,Mobile App,,0.0
502118,11666,2024-08-17 18:43:00,Delivered,UPI,Mobile Web,,0.0
502119,11193,2024-08-17 19:32:00,CANCELLED,debit card,Mobile App,,0.0
502120,11836,2024-08-17 19:53:00,CANCELLED,Cash on Delivery,Mobile App,,0.0
502121,11845,2024-08-18 08:14:00,delivered ,Cash on Delivery,Mobile Web,SAVE5,0.0
502122,11851,2024-08-18 09:45:00,Delivered,Cash on Delivery,Mobile App,SAVE5,0.0
502123,11779,2024-08-18 10:04:00,Cancelled,Debit Card,Mobile App,,0.0
502124,11406,2024-08-18 14:23:00,Delivered,upi,Desktop,,0.0
502125,11295,2024-08-18 14:26:00,Delivered,UPI,Mobile Web,,0.0
502125,11295,2024-08-18 14:26:00,Delivered,UPI,Mobile Web,,0.0
502126,11781,2024-08-18 18:30:00,delivered ,UPI,Mobile Web,WELCOME15,0.0
502127,10051,2024-08-18 18:31:00,Returned,Debit Card,Mobile App,,0.0
502128,11015,2024-08-18 18:34:00,Delivered,credit card,Mobile App,,49.0
502129,10996,2024-08-18 19:57:00,Returned,Cash on Delivery,Mobile App,,0.0
502130,11655,2024-08-18 20:43:00,DELIVERED,UPI,Mobile App,,0.0
502131,11849,2024-08-18 22:02:00,Delivered,Debit Card,Desktop,,0.0
502132,11848,2024-08-18 22:25:00,Delivered,Credit Card,Desktop,WELCOME15,0.0
502133,10890,2024-08-18 22:38:00,RETURNED,Debit Card,Mobile Web,SAVE5,0.0
502134,11784,2024-08-19 10:23:00,Delivered,Debit Card,Mobile Web,,0.0
502135,11854,2024-08-19 10:25:00,Delivered,UPI,Mobile App,WELCOME15,0.0
502136,11736,2024-08-19 10:52:00,Delivered,Credit Card,Mobile Web,,0.0
502137,11839,2024-08-19 12:37:00,delivered ,Cash on Delivery,Desktop,,0.0
502138,11830,2024-08-19 13:04:00,DELIVERED,UPI,Mobile App,,0.0
502139,10601,2024-08-19 13:44:00,Delivered,Net Banking,Mobile Web,,0.0
502140,10744,2024-08-19 15:40:00,Delivered,Upi,Mobile Web,,0.0
502141,10994,2024-08-19 17:33:00,Delivered,DC,Mobile App,,49.0
502142,11856,2024-08-19 18:08:00,Delivered,Upi,Mobile App,WELCOME15,0.0
502143,11252,2024-08-19 19:20:00,RETURNED,UPI,Mobile App,,0.0
502144,11741,2024-08-19 20:16:00,delivered ,credit card,Mobile App,SAVE5,0.0
502145,11850,2024-08-19 20:24:00,Delivered,Upi,Mobile App,,0.0
502146,11840,2024-08-20 07:46:00,Delivered,Credit Card,Mobile App,WELCOME15,0.0
502147,10555,2024-08-20 09:49:00,Delivered,UPI,Desktop,,0.0
502148,11861,2024-08-20 10:17:00,Delivered,Cash on Delivery,Mobile Web,,0.0
502149,10845,2024-08-20 11:44:00,Returned,UPI,Mobile App,,0.0
502150,11400,2024-08-20 12:04:00,Delivered,Debit Card,Mobile App,SAVE5,0.0
502151,11635,2024-08-20 13:47:00,Delivered,CC,Mobile Web,SAVE5,0.0
502152,11096,2024-08-20 16:26:00,Delivered,Credit Card,Mobile Web,,0.0
502153,11517,2024-08-20 17:10:00,Cancelled,Cash on Delivery,Mobile App,SAVE5,0.0
502154,11101,2024-08-20 20:23:00,DELIVERED,Cash On Delivery,Mobile Web,,0.0
502155,11595,2024-08-20 22:21:00,Delivered,Net Banking,Mobile Web,,0.0
502156,11378,2024-08-20 22:58:00,DELIVERED,Credit Card,Mobile App,,0.0
502157,10254,2024-08-20 23:27:00,Delivered,Net Banking,Desktop,SAVE5,0.0
502158,11881,2024-08-21 08:18:00,Delivered,upi,Mobile App,,0.0
502159,10178,2024-08-21 08:45:00,delivered ,Credit Card,Mobile Web,,0.0
502160,11753,2024-08-21 08:47:00,Returned,UPI,Mobile Web,,0.0
502161,11852,2024-08-21 10:27:00,Cancelled,Cash on Delivery,Mobile App,,49.0
502162,11872,2024-08-21 13:58:00,Delivered,UPI,Mobile Web,WELCOME15,0.0
502163,11276,2024-08-21 14:06:00,Delivered,UPI,Mobile App,,0.0
502164,11871,2024-08-21 14:50:00,Delivered,UPI,Mobile App,WELCOME15,0.0
502165,10009,2024-08-21 16:21:00,Delivered,UPI,Mobile App,,0.0
502166,11813,2024-08-21 16:37:00,Delivered,UPI,Mobile Web,,0.0
502167,11857,2024-08-21 16:58:00,DELIVERED,UPI,Mobile App,,0.0
502168,11552,2024-08-21 17:52:00,Delivered,upi,Mobile App,,0.0
502169,11853,2024-08-21 21:10:00,Delivered,Credit Card,Mobile App,WELCOME15,0.0
502169,11853,2024-08-21 21:10:00,Delivered,Credit Card,Mobile App,WELCOME15,0.0
502170,11808,2024-08-21 22:08:00,Delivered,credit card,Mobile Web,,49.0
502171,11859,2024-08-21 22:53:00,Delivered,Credit Card,Mobile Web,WELCOME15,0.0
502172,11479,2024-08-21 23:56:00,Delivered,Cash on Delivery,Mobile App,,49.0
502173,10822,2024-08-22 08:26:00,Delivered,UPI,Mobile App,,0.0
502174,11842,2024-08-22 09:47:00,Delivered,UPI,Desktop,WELCOME15,0.0
502175,11820,2024-08-22 11:51:00,DELIVERED,UPI,Desktop,WELCOME15,49.0
502176,11374,2024-08-22 11:58:00,Returned,Cash on Delivery,Mobile App,,0.0
502177,10350,2024-08-22 12:26:00,delivered ,Cash on Delivery,Desktop,,0.0
502178,11869,2024-08-22 16:45:00,Delivered,UPI,Mobile App,,0.0
502179,11860,2024-08-22 17:31:00,Delivered,UPI,Desktop,WELCOME15,0.0
502180,11385,2024-08-22 18:04:00,Returned,Upi,Mobile Web,SAVE5,0.0
502181,11038,2024-08-22 18:19:00,Returned,UPI,Mobile Web,,0.0
502182,11867,2024-08-22 19:13:00,Delivered,Credit Card,Mobile App,,0.0
502183,11639,2024-08-22 21:32:00,Delivered,UPI,Mobile App,,0.0
502184,11877,2024-08-23 07:50:00,Delivered,Debit Card,Desktop,WELCOME15,0.0
502185,11865,2024-08-23 09:14:00,Delivered,Cash on Delivery,Mobile App,,0.0
502185,11865,2024-08-23 09:14:00,Delivered,Cash on Delivery,Mobile App,,0.0
502186,11388,2024-08-23 09:24:00,Delivered,Cash on Delivery,Desktop,,0.0
502187,11807,2024-08-23 09:36:00,Delivered,upi,Mobile Web,,0.0
502188,11894,2024-08-23 11:08:00,Delivered,Credit Card,Desktop,,0.0
502189,11899,2024-08-23 11:46:00,DELIVERED,Cash on Delivery,Mobile Web,WELCOME15,0.0
502190,11892,2024-08-23 12:57:00,returned ,UPI,Mobile App,,0.0
502191,11843,2024-08-23 17:15:00,delivered ,Credit Card,Desktop,WELCOME15,0.0
502192,11487,2024-08-23 17:54:00,DELIVERED,Upi,Desktop,,0.0
502193,10674,2024-08-23 18:28:00,Cancelled,Cash on Delivery,Mobile App,,0.0
502194,11876,2024-08-23 19:35:00,DELIVERED,Net Banking,Mobile Web,,0.0
502195,11897,2024-08-23 22:14:00,Delivered,Cash on Delivery,Desktop,WELCOME15,49.0
502196,11896,2024-08-23 22:33:00,Delivered,Net Banking,Mobile App,,0.0
502197,11906,2024-08-24 08:27:00,Returned,UPI,Mobile Web,WELCOME15,0.0
502198,11449,2024-08-24 09:53:00,Delivered,UPI,Desktop,,49.0
502199,11910,2024-08-24 12:32:00,Delivered,Upi,Mobile Web,,0.0
502200,11883,2024-08-24 13:10:00,Returned,Credit Card,Mobile Web,,0.0
502201,11887,2024-08-24 14:06:00,Delivered,Debit Card,Mobile App,,0.0
502202,11890,2024-08-24 16:39:00,DELIVERED,Debit Card,Mobile Web,WELCOME15,0.0
502203,11889,2024-08-24 18:19:00,Delivered,Credit Card,Mobile Web,WELCOME15,0.0
502204,11895,2024-08-24 18:30:00,Delivered,Credit Card,Mobile App,,0.0
502205,11901,2024-08-24 19:48:00,DELIVERED,Credit Card,Desktop,,0.0
502206,11385,2024-08-25 08:27:00,Delivered,UPI,Mobile Web,,0.0
502207,11491,2024-08-25 09:00:00,Delivered,UPI,Mobile Web,,0.0
502208,11923,2024-08-25 09:25:00,Delivered,UPI,Desktop,,0.0
502209,11914,2024-08-25 10:57:00,Delivered,Credit Card,Desktop,,0.0
502210,10954,2024-08-25 11:29:00,Delivered,UPI,Desktop,,0.0
502211,11401,2024-08-25 11:30:00,Returned,Credit Card,Mobile Web,SAVE5,0.0
502212,11855,2024-08-25 12:05:00,DELIVERED,Credit Card,Mobile Web,WELCOME15,0.0
502213,11925,2024-08-25 12:46:00,DELIVERED,Upi,Mobile Web,,49.0
502214,11290,2024-08-25 14:01:00,Cancelled,Cash on Delivery,Mobile Web,,0.0
502215,10033,2024-08-25 15:23:00,Delivered,UPI,Mobile Web,,0.0
502216,11774,2024-08-25 15:32:00,Delivered,upi,Mobile Web,,0.0
502217,11873,2024-08-25 17:33:00,Cancelled,credit card,Mobile Web,WELCOME15,49.0
502217,11873,2024-08-25 17:33:00,Cancelled,credit card,Mobile Web,WELCOME15,49.0
502218,11369,2024-08-25 17:44:00,RETURNED,Upi,Mobile Web,,0.0
502219,11321,2024-08-25 18:35:00,DELIVERED,Credit Card,Mobile Web,,0.0
502220,11918,2024-08-25 20:59:00,Delivered,Credit Card,Mobile App,,0.0
502221,11874,2024-08-25 22:37:00,Delivered,Credit Card,Mobile Web,,0.0
502222,11685,2024-08-25 23:32:00,Cancelled,CC,Mobile Web,,0.0
502223,11882,2024-08-26 11:56:00,Returned,DC,Mobile App,WELCOME15,0.0
502224,11903,2024-08-26 12:06:00,Delivered,Cash on Delivery,Desktop,WELCOME15,0.0
502225,10415,2024-08-26 13:15:00,DELIVERED,Cash on Delivery,Mobile App,,0.0
502226,11913,2024-08-26 13:48:00,Delivered,UPI,Mobile App,WELCOME15,49.0
502227,11905,2024-08-26 15:16:00,Delivered,Cash on Delivery,Mobile App,,49.0
502228,11891,2024-08-26 15:27:00,Returned,Credit Card,Mobile App,WELCOME15,0.0
502229,10092,2024-08-26 15:31:00,Delivered,UPI,Desktop,,0.0
502230,11902,2024-08-26 15:35:00,delivered ,UPI,Desktop,,0.0
502231,11888,2024-08-26 19:42:00,Delivered,UPI,Mobile App,,0.0
502232,11721,2024-08-26 20:37:00,returned ,Debit Card,Mobile App,,0.0
502233,11158,2024-08-26 20:59:00,returned ,UPI,Mobile App,,0.0
502234,10996,2024-08-26 21:39:00,Delivered,CC,Mobile App,,0.0
502235,11931,2024-08-26 22:25:00,Delivered,UPI,Mobile App,WELCOME15,0.0
502236,10075,2024-08-26 22:40:00,DELIVERED,UPI,Mobile App,,0.0
502237,11886,2024-08-26 23:29:00,Delivered,cod,Mobile Web,WELCOME15,0.0
502238,11847,2024-08-27 07:21:00,DELIVERED,UPI,Mobile Web,,0.0
502239,11928,2024-08-27 07:47:00,Delivered,Credit Card,Mobile App,,0.0
502240,11236,2024-08-27 10:08:00,DELIVERED,UPI,Mobile App,,49.0
502241,11183,2024-08-27 12:27:00,Delivered,Credit Card,Mobile App,,49.0
502242,11814,2024-08-27 13:15:00,Returned,Credit Card,Mobile Web,,0.0
502243,11898,2024-08-27 15:27:00,Delivered,upi,Mobile App,,0.0
502244,11450,2024-08-27 15:34:00,Delivered,Cash on Delivery,Mobile App,,0.0
502245,11712,2024-08-27 18:02:00,Delivered,upi,Mobile App,SAVE5,0.0
502246,11934,2024-08-27 20:09:00,Delivered,Debit Card,Mobile Web,WELCOME15,0.0
502247,11926,2024-08-27 21:17:00,Delivered,UPI,Mobile App,WELCOME15,0.0
502248,11448,2024-08-27 22:34:00,Delivered,Credit Card,Mobile App,,0.0
502249,11909,2024-08-27 23:16:00,Delivered,UPI,Mobile App,WELCOME15,0.0
502250,10081,2024-08-28 07:03:00,DELIVERED,Debit Card,Mobile App,,0.0
502251,11949,2024-08-28 07:15:00,DELIVERED,Cash on Delivery,Mobile App,,0.0
502252,11918,2024-08-28 07:25:00,Delivered,Credit Card,Mobile App,,0.0
502253,11907,2024-08-28 08:35:00,Delivered,Net Banking,Mobile Web,,0.0
502254,11927,2024-08-28 09:04:00,DELIVERED,Credit Card,Mobile App,,0.0
502255,11573,2024-08-28 09:44:00,Delivered,Credit Card,Mobile App,,0.0
502256,11924,2024-08-28 10:41:00,Cancelled,UPI,Mobile App,WELCOME15,0.0
502257,10530,2024-08-28 12:05:00,DELIVERED,Net Banking,Mobile Web,,0.0
502258,11943,2024-08-28 12:22:00,Delivered,CC,Mobile Web,WELCOME15,49.0
502259,11863,2024-08-28 12:31:00,DELIVERED,UPI,Desktop,,0.0
502260,11953,2024-08-28 14:02:00,Delivered,UPI,Mobile App,WELCOME15,0.0
502261,11802,2024-08-28 14:09:00,DELIVERED,UPI,Mobile Web,,0.0
502262,11731,2024-08-28 17:28:00,Delivered,Net Banking,Mobile Web,,0.0
502263,11866,2024-08-28 18:28:00,Delivered,UPI,Desktop,,0.0
502264,11941,2024-08-28 19:24:00,Delivered,Upi,Mobile App,WELCOME15,0.0
502265,11940,2024-08-28 20:32:00,Delivered,Debit Card,Mobile App,,0.0
502266,11838,2024-08-28 23:24:00,DELIVERED,UPI,Desktop,WELCOME15,0.0
502267,11900,2024-08-29 07:30:00,delivered ,COD,Mobile Web,WELCOME15,0.0
502268,11911,2024-08-29 07:50:00,Delivered,Credit Card,Mobile Web,,49.0
502269,11875,2024-08-29 09:47:00,delivered ,Debit Card,Mobile App,,0.0
502270,10667,2024-08-29 12:06:00,returned ,Debit Card,Desktop,,0.0
502271,11493,2024-08-29 12:28:00,Delivered,Cash on Delivery,Desktop,,0.0
502272,10596,2024-08-29 15:16:00,Delivered,Debit Card,Mobile App,,0.0
502273,10952,2024-08-29 16:05:00,delivered ,Cash on Delivery,Mobile App,,0.0
502274,11955,2024-08-29 17:27:00,Returned,UPI,Mobile App,,0.0
502275,11952,2024-08-29 17:56:00,Delivered,UPI,Mobile App,SAVE5,0.0
502276,11945,2024-08-29 18:00:00,Delivered,UPI,Mobile App,WELCOME15,0.0
502277,11187,2024-08-29 18:34:00,RETURNED,upi,Mobile App,,0.0
502278,11908,2024-08-29 19:44:00,Returned,UPI,Mobile App,WELCOME15,0.0
502279,11668,2024-08-29 22:27:00,DELIVERED,Net Banking,Mobile Web,,0.0
502280,11097,2024-08-29 22:56:00,DELIVERED,Cash on Delivery,Mobile App,,0.0
502281,11807,2024-08-30 07:59:00,Delivered,Cash on Delivery,Mobile Web,,0.0
502282,10701,2024-08-30 08:51:00,Delivered,Upi,Mobile Web,,0.0
502283,11306,2024-08-30 10:42:00,Delivered,UPI,Desktop,,0.0
502284,11191,2024-08-30 10:43:00,Delivered,UPI,Mobile Web,SAVE5,0.0
502285,11947,2024-08-30 10:47:00,Delivered,cod,Mobile Web,WELCOME15,0.0
502286,11245,2024-08-30 12:15:00,returned ,UPI,Mobile App,,0.0
502287,11965,2024-08-30 14:06:00,DELIVERED,UPI,Desktop,,49.0
502288,11963,2024-08-30 14:19:00,DELIVERED,Cash On Delivery,Mobile App,,0.0
502289,11938,2024-08-30 14:19:00,Delivered,Debit Card,Mobile App,,0.0
502290,11198,2024-08-30 14:33:00,Delivered,UPI,Desktop,,0.0
502291,11948,2024-08-30 15:19:00,Delivered,UPI,Mobile App,,0.0
502292,11238,2024-08-30 16:30:00,delivered ,Cash on Delivery,Desktop,,49.0
502293,11937,2024-08-30 17:18:00,Delivered,UPI,Mobile Web,WELCOME15,0.0
502294,11101,2024-08-30 21:13:00,Delivered,UPI,Mobile App,,0.0
502295,11276,2024-08-30 23:43:00,Delivered,Credit Card,Mobile App,,0.0
502296,11970,2024-08-31 09:15:00,Delivered,UPI,Mobile App,,0.0
502297,10095,2024-08-31 09:26:00,Delivered,Credit Card,Mobile App,,0.0
502298,11935,2024-08-31 10:21:00,DELIVERED,Debit Card,Mobile App,WELCOME15,0.0
502299,11032,2024-08-31 11:52:00,DELIVERED,debit card,Mobile App,,49.0
502300,11933,2024-08-31 12:50:00,Delivered,Debit Card,Desktop,WELCOME15,0.0
502301,11971,2024-08-31 13:00:00,Delivered,Credit Card,Mobile Web,,0.0
502302,10061,2024-08-31 13:03:00,cancelled ,Cash on Delivery,Mobile App,,0.0
502303,11967,2024-08-31 13:06:00,Returned,UPI,Desktop,SAVE5,0.0
502304,11951,2024-08-31 13:27:00,delivered ,UPI,Mobile Web,WELCOME15,49.0
502305,10832,2024-08-31 14:02:00,Returned,UPI,Desktop,,0.0
502306,10557,2024-08-31 14:28:00,delivered ,UPI,Desktop,SAVE5,0.0
502307,11944,2024-08-31 16:27:00,Delivered,COD,Mobile App,,0.0
502308,11531,2024-08-31 16:48:00,Delivered,Cash on Delivery,Mobile Web,,0.0
502309,11775,2024-08-31 17:46:00,Delivered,upi,Desktop,,0.0
502310,11974,2024-08-31 17:47:00,Cancelled,Debit Card,Mobile App,WELCOME15,0.0
502311,11055,2024-08-31 19:52:00,Cancelled,Debit Card,Mobile Web,SAVE5,0.0
502312,11959,2024-08-31 19:55:00,Delivered,UPI,Mobile App,WELCOME15,0.0
502313,11964,2024-08-31 20:14:00,DELIVERED,UPI,Mobile Web,,49.0
502314,11957,2024-08-31 21:20:00,Delivered,upi,Mobile Web,WELCOME15,0.0
502315,11982,2024-09-01 07:14:00,Delivered,Credit Card,Mobile App,,0.0
502316,11979,2024-09-01 07:32:00,Delivered,UPI,Mobile App,WELCOME15,0.0
502317,10748,2024-09-01 07:55:00,DELIVERED,Upi,Mobile Web,,49.0
502318,10231,2024-09-01 08:40:00,RETURNED,Net Banking,Mobile Web,,0.0
502319,11840,2024-09-01 08:44:00,Delivered,UPI,Mobile App,,0.0
502320,11158,2024-09-01 09:02:00,Delivered,Credit Card,Mobile Web,,0.0
502320,11158,2024-09-01 09:02:00,Delivered,Credit Card,Mobile Web,,0.0
502321,11696,2024-09-01 09:43:00,Delivered,Cash on Delivery,Mobile App,,0.0
502322,11217,2024-09-01 11:33:00,DELIVERED,Cash on Delivery,Mobile Web,,0.0
502323,11052,2024-09-01 14:45:00,Delivered,Cash on Delivery,Mobile App,,0.0
502324,11378,2024-09-01 15:27:00,Delivered,DC,Mobile Web,,0.0
502325,10509,2024-09-01 15:36:00,Delivered,Credit Card,Mobile App,,0.0
502326,11960,2024-09-01 15:44:00,DELIVERED,UPI,Mobile Web,,0.0
502327,11915,2024-09-01 16:58:00,Delivered,UPI,Mobile App,,0.0
502328,11956,2024-09-01 18:47:00,DELIVERED,Debit Card,Mobile App,,0.0
502329,11559,2024-09-01 19:21:00,Delivered,UPI,Mobile App,SAVE5,0.0
502330,11804,2024-09-01 20:06:00,Cancelled,UPI,Mobile App,,0.0
502331,11092,2024-09-01 22:30:00,DELIVERED,Credit Card,Mobile Web,SAVE5,0.0
502332,10622,2024-09-01 23:56:00,Returned,Net Banking,Mobile App,,0.0
502333,11968,2024-09-02 08:19:00,Delivered,Debit Card,Mobile Web,WELCOME15,0.0
502334,11893,2024-09-02 12:43:00,Delivered,UPI,Mobile App,WELCOME15,0.0
502335,10816,2024-09-02 16:06:00,DELIVERED,UPI,Mobile App,,0.0
502336,10092,2024-09-02 17:05:00,DELIVERED,Cash on Delivery,Mobile App,,0.0
502337,11552,2024-09-02 18:24:00,Delivered,Debit Card,Desktop,,0.0
502338,10713,2024-09-02 18:43:00,Delivered,Debit Card,Mobile App,,0.0
502338,10713,2024-09-02 18:43:00,Delivered,Debit Card,Mobile App,,0.0
502339,11670,2024-09-02 22:45:00,Returned,UPI,Mobile Web,,0.0
502340,11505,2024-09-03 08:06:00,Delivered,UPI,Mobile App,,0.0
502341,11939,2024-09-03 10:56:00,Delivered,Credit Card,Mobile App,,49.0
502342,11922,2024-09-03 11:19:00,Delivered,upi,Mobile Web,,49.0
502343,11962,2024-09-03 11:54:00,Delivered,Debit Card,Mobile Web,WELCOME15,49.0
502344,11973,2024-09-03 13:13:00,Delivered,upi,Mobile App,WELCOME15,0.0
502345,11238,2024-09-03 16:30:00,Returned,Cash on Delivery,Mobile App,,0.0
502346,11936,2024-09-03 16:53:00,Delivered,credit card,Mobile App,,0.0
502347,10421,2024-09-03 17:25:00,Returned,UPI,Mobile App,SAVE5,0.0
502348,11994,2024-09-03 17:29:00,DELIVERED,UPI,Mobile App,,0.0
502349,11842,2024-09-03 20:36:00,RETURNED,UPI,Mobile Web,,0.0
502350,11155,2024-09-03 22:10:00,Delivered,Debit Card,Mobile App,,49.0
502351,11932,2024-09-03 23:43:00,Delivered,UPI,Mobile Web,,0.0
502352,11844,2024-09-04 07:38:00,Delivered,upi,Mobile App,,0.0
502353,10289,2024-09-04 08:51:00,Delivered,UPI,Mobile Web,,0.0
502354,11257,2024-09-04 11:04:00,Delivered,Cash on Delivery,Desktop,,0.0
502355,11883,2024-09-04 14:50:00,DELIVERED,credit card,Mobile Web,,0.0
502356,11998,2024-09-04 14:58:00,Delivered,COD,Mobile App,,0.0
502357,11904,2024-09-04 16:33:00,DELIVERED,Debit Card,Desktop,WELCOME15,0.0
502358,10964,2024-09-04 16:35:00,Delivered,UPI,Mobile App,,0.0
502359,10578,2024-09-04 16:46:00,Returned,Cash on Delivery,Mobile Web,,0.0
502360,12000,2024-09-04 17:39:00,Delivered,Cash on Delivery,Mobile App,WELCOME15,0.0
502361,10199,2024-09-04 18:12:00,DELIVERED,Cash on Delivery,Mobile Web,,0.0
502362,11129,2024-09-04 18:54:00,Delivered,Net Banking,Mobile Web,,0.0
502363,10684,2024-09-04 19:23:00,Delivered,UPI,Mobile App,,49.0
502364,11452,2024-09-04 19:40:00,Delivered,Cash on Delivery,Mobile App,,49.0
502365,10937,2024-09-04 22:04:00,Delivered,Upi,Mobile App,,0.0
502366,10881,2024-09-04 23:55:00,DELIVERED,UPI,Mobile Web,,0.0
502367,10509,2024-09-05 09:12:00,Delivered,Cash on Delivery,Mobile App,,0.0
502368,12004,2024-09-05 09:18:00,delivered ,Credit Card,Mobile App,WELCOME15,0.0
502369,10381,2024-09-05 10:47:00,Delivered,cod,Mobile App,,0.0
502370,11995,2024-09-05 12:22:00,Delivered,UPI,Desktop,WELCOME15,0.0
502371,10600,2024-09-05 14:11:00,Delivered,UPI,Desktop,,0.0
502372,11081,2024-09-05 17:06:00,Delivered,Net Banking,Mobile App,,0.0
502373,11978,2024-09-05 19:14:00,DELIVERED,Upi,Mobile App,WELCOME15,0.0
502373,11978,2024-09-05 19:14:00,DELIVERED,Upi,Mobile App,WELCOME15,0.0
502374,12002,2024-09-05 20:40:00,Delivered,Credit Card,Mobile Web,WELCOME15,0.0
502375,10832,2024-09-05 21:28:00,Delivered,UPI,Mobile App,,0.0
502376,11309,2024-09-05 21:45:00,Delivered,upi,Desktop,,49.0
502377,11912,2024-09-06 07:43:00,Delivered,UPI,Mobile App,,0.0
502378,10116,2024-09-06 09:28:00,Delivered,Credit Card,Mobile Web,,0.0
502379,11511,2024-09-06 09:31:00,Delivered,Credit Card,Mobile App,,0.0
502380,10667,2024-09-06 10:56:00,Delivered,Net Banking,Desktop,,0.0
502381,11879,2024-09-06 16:51:00,Delivered,Cash on Delivery,Desktop,WELCOME15,0.0
502382,11903,2024-09-06 16:55:00,RETURNED,UPI,Mobile Web,,0.0
502383,11996,2024-09-06 17:35:00,Delivered,Cash on Delivery,Mobile App,,0.0
502384,11695,2024-09-06 19:23:00,DELIVERED,UPI,Mobile Web,,0.0
502385,11946,2024-09-06 19:35:00,Returned,Credit Card,Mobile App,,0.0
502386,12001,2024-09-06 20:16:00,Delivered,Credit Card,Mobile App,,0.0
502387,12016,2024-09-06 20:56:00,Delivered,Net Banking,Desktop,WELCOME15,0.0
502388,11510,2024-09-07 09:02:00,DELIVERED,UPI,Mobile App,,0.0
502389,11940,2024-09-07 10:06:00,Delivered,UPI,Mobile App,,0.0
502390,11997,2024-09-07 11:58:00,Returned,Debit Card,Mobile App,WELCOME15,49.0
502391,11929,2024-09-07 12:14:00,Delivered,UPI,Mobile Web,WELCOME15,0.0
502392,11992,2024-09-07 12:17:00,Delivered,Debit Card,Desktop,,0.0
502393,11958,2024-09-07 15:29:00,DELIVERED,Cash on Delivery,Mobile Web,WELCOME15,0.0
502394,12023,2024-09-07 15:49:00,Delivered,Net Banking,Desktop,,0.0
502395,11984,2024-09-07 16:20:00,Delivered,UPI,Desktop,,49.0
502396,10234,2024-09-07 21:24:00,Delivered,UPI,Mobile App,,0.0
502397,11038,2024-09-07 23:27:00,Delivered,Cash on Delivery,Mobile Web,,0.0
502398,12008,2024-09-08 07:32:00,Delivered,Net Banking,Mobile Web,,0.0
502399,11269,2024-09-08 08:08:00,Delivered,Debit Card,Mobile Web,,0.0
502400,11986,2024-09-08 08:37:00,Delivered,Upi,Desktop,WELCOME15,0.0
502401,12021,2024-09-08 09:02:00,Delivered,Upi,Desktop,,0.0
502402,11991,2024-09-08 09:12:00,DELIVERED,Cash On Delivery,Mobile App,,0.0
502403,11635,2024-09-08 10:59:00,DELIVERED,UPI,Desktop,,0.0
502404,12006,2024-09-08 11:26:00,Delivered,DC,Mobile Web,WELCOME15,0.0
502405,11972,2024-09-08 11:41:00,Cancelled,UPI,Mobile App,,0.0
502406,11983,2024-09-08 12:38:00,Delivered,Upi,Desktop,,0.0
502407,12034,2024-09-08 13:26:00,Delivered,UPI,Mobile App,,0.0
502408,12020,2024-09-08 13:52:00,Delivered,Debit Card,Mobile App,,0.0
502409,12013,2024-09-08 16:29:00,DELIVERED,upi,Mobile App,,0.0
502410,10441,2024-09-08 17:53:00,Delivered,Cash on Delivery,Mobile App,,49.0
502411,11917,2024-09-08 18:49:00,DELIVERED,Cash on Delivery,Desktop,WELCOME15,0.0
502412,11196,2024-09-08 20:25:00,Delivered,Net Banking,Mobile Web,SAVE5,0.0
502413,10356,2024-09-08 21:14:00,DELIVERED,Credit Card,Mobile App,SAVE5,0.0
502414,12022,2024-09-08 23:03:00,DELIVERED,Upi,Mobile Web,,49.0
502415,11764,2024-09-09 08:58:00,Delivered,UPI,Mobile App,,0.0
502416,11069,2024-09-09 10:41:00,delivered ,Net Banking,Mobile Web,,0.0
502417,12036,2024-09-09 11:59:00,cancelled ,Net Banking,Desktop,WELCOME15,0.0
502418,11649,2024-09-09 12:58:00,delivered ,Net Banking,Desktop,,0.0
502419,12027,2024-09-09 17:09:00,Returned,UPI,Mobile App,,0.0
502420,12038,2024-09-09 22:52:00,Delivered,UPI,Mobile App,,0.0
502421,11532,2024-09-09 23:05:00,Delivered,upi,Desktop,,0.0
502422,11123,2024-09-09 23:49:00,delivered ,Debit Card,Mobile Web,,0.0
502423,11690,2024-09-10 07:12:00,Cancelled,UPI,Mobile App,,0.0
502424,11414,2024-09-10 07:35:00,Delivered,Cash on Delivery,Mobile Web,,0.0
502425,12018,2024-09-10 08:13:00,Delivered,Credit Card,Desktop,,0.0
502426,11950,2024-09-10 14:33:00,delivered ,Net Banking,Desktop,,0.0
502427,11954,2024-09-10 15:01:00,RETURNED,UPI,Mobile Web,,0.0
502428,11550,2024-09-10 17:07:00,Returned,UPI,Mobile App,,0.0
502429,12047,2024-09-10 18:31:00,Delivered,CC,Mobile Web,,0.0
502430,12026,2024-09-10 20:09:00,Delivered,UPI,Desktop,WELCOME15,49.0
502431,11737,2024-09-10 20:58:00,Returned,UPI,Mobile Web,,0.0
502432,11844,2024-09-10 21:21:00,Delivered,Credit Card,Mobile App,,0.0
502433,11700,2024-09-11 10:27:00,Delivered,Net Banking,Desktop,,0.0
502434,11987,2024-09-11 11:23:00,Delivered,Cash on Delivery,Mobile Web,,0.0
502435,12061,2024-09-11 11:46:00,Delivered,UPI,Desktop,WELCOME15,0.0
502436,11985,2024-09-11 11:47:00,Delivered,Credit Card,Mobile App,,0.0
502437,12037,2024-09-11 16:33:00,Delivered,UPI,Mobile Web,WELCOME15,0.0
502438,12028,2024-09-11 17:33:00,Cancelled,UPI,Mobile App,WELCOME15,0.0
502439,11400,2024-09-11 18:08:00,Delivered,UPI,Mobile App,,0.0
502440,11072,2024-09-11 18:11:00,Delivered,UPI,Mobile App,,0.0
502441,11784,2024-09-11 18:37:00,Delivered,Credit Card,Mobile App,,0.0
502442,12041,2024-09-11 19:15:00,delivered ,UPI,Desktop,,0.0
502443,12063,2024-09-11 20:44:00,Delivered,Credit Card,Mobile App,,0.0
502444,12025,2024-09-11 22:05:00,Delivered,Cash on Delivery,Mobile App,,0.0
502445,10833,2024-09-11 22:12:00,Delivered,UPI,Mobile App,,0.0
502446,12039,2024-09-11 23:05:00,Returned,Cash on Delivery,Mobile App,,0.0
502447,12043,2024-09-11 23:20:00,delivered ,Credit Card,Mobile App,,0.0
502448,12050,2024-09-11 23:31:00,DELIVERED,credit card,Mobile Web,SAVE5,0.0
502449,12051,2024-09-12 09:59:00,delivered ,Cash on Delivery,Mobile Web,SAVE5,0.0
502450,12033,2024-09-12 10:21:00,Delivered,UPI,Mobile App,,0.0
502451,12064,2024-09-12 11:27:00,Delivered,UPI,Mobile App,,49.0
502452,12056,2024-09-12 13:12:00,Delivered,Cash on Delivery,Desktop,WELCOME15,0.0
502453,10265,2024-09-12 15:57:00,Delivered,Cash on Delivery,Mobile Web,,0.0
502454,12035,2024-09-12 16:21:00,Delivered,UPI,Mobile App,,0.0
502455,11560,2024-09-12 16:23:00,Delivered,UPI,Desktop,,0.0
502456,12058,2024-09-12 16:56:00,Delivered,Credit Card,Mobile Web,SAVE5,0.0
502457,12048,2024-09-12 18:51:00,Delivered,UPI,Mobile App,WELCOME15,0.0
502458,12049,2024-09-13 08:26:00,Delivered,UPI,Mobile Web,WELCOME15,0.0
502459,11989,2024-09-13 10:41:00,Delivered,UPI,Mobile App,SAVE5,0.0
502460,12030,2024-09-13 12:42:00,Delivered,Cash on Delivery,Mobile App,,0.0
502461,12011,2024-09-13 13:18:00,Delivered,UPI,Mobile Web,WELCOME15,0.0
502462,12067,2024-09-13 14:46:00,delivered ,CC,Mobile App,,49.0
502463,12083,2024-09-13 15:34:00,Delivered,Net Banking,Mobile App,,0.0
502464,12080,2024-09-13 15:41:00,Delivered,Credit Card,Mobile Web,,0.0
502465,10696,2024-09-13 16:50:00,delivered ,upi,Mobile App,SAVE5,0.0
502466,11643,2024-09-13 16:52:00,DELIVERED,Debit Card,Mobile App,,0.0
502467,12015,2024-09-13 22:26:00,delivered ,UPI,Desktop,,0.0
502468,11580,2024-09-14 09:13:00,Delivered,UPI,Mobile Web,,0.0
502469,12088,2024-09-14 09:16:00,Delivered,Debit Card,Mobile App,,0.0
502470,12057,2024-09-14 11:33:00,Delivered,Debit Card,Mobile Web,,0.0
502471,11983,2024-09-14 13:01:00,Returned,UPI,Mobile App,SAVE5,0.0
502472,12087,2024-09-14 13:24:00,Delivered,Cash on Delivery,Mobile App,WELCOME15,0.0
502473,12066,2024-09-14 15:02:00,Cancelled,Credit Card,Mobile App,WELCOME15,0.0
502474,12090,2024-09-14 16:02:00,Delivered,Credit Card,Mobile App,WELCOME15,0.0
502474,12090,2024-09-14 16:02:00,Delivered,Credit Card,Mobile App,WELCOME15,0.0
502475,10954,2024-09-14 17:43:00,DELIVERED,Upi,Mobile App,,0.0
502476,12036,2024-09-14 18:55:00,Delivered,Credit Card,Mobile Web,,0.0
502477,12077,2024-09-14 19:36:00,Delivered,Credit Card,Desktop,,0.0
502478,10662,2024-09-14 19:59:00,Delivered,Net Banking,Mobile App,,0.0
502479,12093,2024-09-14 20:11:00,Returned,Cash on Delivery,Mobile Web,WELCOME15,0.0
502480,10744,2024-09-14 20:44:00,DELIVERED,COD,Mobile Web,,0.0
502481,12079,2024-09-14 21:26:00,Cancelled,CC,Mobile App,WELCOME15,0.0
502482,11676,2024-09-14 22:49:00,Cancelled,Cash on Delivery,Desktop,,0.0
502483,12095,2024-09-14 22:53:00,DELIVERED,Credit Card,Mobile App,WELCOME15,0.0
502484,12098,2024-09-15 09:10:00,Delivered,Net Banking,Desktop,WELCOME15,0.0
502485,11528,2024-09-15 09:53:00,Returned,cod,Mobile App,,0.0
502486,12076,2024-09-15 10:39:00,Returned,upi,Desktop,,0.0
502487,12084,2024-09-15 11:06:00,Delivered,Cash on Delivery,Desktop,SAVE5,0.0
502488,11443,2024-09-15 11:29:00,delivered ,UPI,Mobile App,,0.0
502489,11505,2024-09-15 13:51:00,Delivered,Debit Card,Mobile Web,,0.0
502490,11501,2024-09-15 15:40:00,Cancelled,UPI,Mobile App,,0.0
502491,12069,2024-09-15 17:44:00,RETURNED,Credit Card,Mobile App,WELCOME15,0.0
502492,11715,2024-09-15 20:25:00,Delivered,Cash On Delivery,Mobile App,,49.0
502493,12099,2024-09-15 20:36:00,delivered ,Credit Card,Mobile App,WELCOME15,49.0
502494,11830,2024-09-16 07:14:00,Delivered,UPI,Mobile Web,SAVE5,0.0
502495,11028,2024-09-16 07:16:00,DELIVERED,Credit Card,Desktop,,0.0
502496,12117,2024-09-16 09:07:00,DELIVERED,UPI,Desktop,WELCOME15,0.0
502497,12116,2024-09-16 09:39:00,Delivered,Net Banking,Mobile Web,WELCOME15,0.0
502498,11883,2024-09-16 09:44:00,Delivered,Cash on Delivery,Desktop,,0.0
502499,12042,2024-09-16 15:14:00,Delivered,UPI,Mobile Web,,0.0
502500,10404,2024-09-16 17:00:00,Delivered,Cash on Delivery,Mobile App,,49.0
502501,12100,2024-09-16 17:44:00,Returned,UPI,Mobile App,SAVE5,0.0
502502,12007,2024-09-16 20:35:00,Delivered,Cash on Delivery,Mobile App,,0.0
502503,10636,2024-09-16 22:10:00,Delivered,upi,Mobile App,,0.0
502504,12052,2024-09-16 23:13:00,Delivered,Net Banking,Desktop,WELCOME15,0.0
502505,10256,2024-09-17 08:42:00,DELIVERED,Net Banking,Mobile Web,,0.0
502506,12111,2024-09-17 10:21:00,Delivered,Cash on Delivery,Mobile Web,WELCOME15,0.0
502507,10123,2024-09-17 10:29:00,Delivered,UPI,Mobile App,,0.0
502508,11700,2024-09-17 10:56:00,Delivered,UPI,Mobile App,,0.0
502509,12065,2024-09-17 14:15:00,Delivered,UPI,Desktop,,0.0
502510,11246,2024-09-17 14:29:00,Delivered,Cash on Delivery,Mobile App,,0.0
502511,11254,2024-09-17 15:15:00,Cancelled,Cash on Delivery,Mobile App,,0.0
502512,12106,2024-09-17 16:04:00,Delivered,UPI,Mobile App,,0.0
502513,11135,2024-09-17 17:57:00,Cancelled,UPI,Mobile Web,,0.0
502514,12124,2024-09-17 19:04:00,Delivered,Net Banking,Mobile Web,,0.0
502515,11491,2024-09-17 19:24:00,Delivered,Cash on Delivery,Mobile App,,0.0
502516,12068,2024-09-17 19:25:00,delivered ,UPI,Desktop,,0.0
502517,12074,2024-09-17 20:30:00,Delivered,Upi,Mobile App,,0.0
502518,12060,2024-09-17 20:36:00,Delivered,UPI,Mobile App,WELCOME15,49.0
502519,12094,2024-09-17 20:46:00,Delivered,cod,Mobile Web,WELCOME15,49.0
502520,12120,2024-09-17 22:50:00,Delivered,Credit Card,Mobile Web,SAVE5,0.0
502521,12072,2024-09-17 22:59:00,Returned,Cash On Delivery,Mobile App,,0.0
502522,11836,2024-09-17 23:00:00,Delivered,Cash on Delivery,Mobile App,,0.0
502523,12044,2024-09-18 07:09:00,Delivered,Net Banking,Mobile Web,WELCOME15,49.0
502524,12125,2024-09-18 07:53:00,Delivered,Upi,Desktop,,49.0
502525,11015,2024-09-18 09:17:00,CANCELLED,Net Banking,Desktop,,0.0
502526,12122,2024-09-18 13:56:00,Delivered,UPI,Mobile Web,WELCOME15,49.0
502527,12067,2024-09-18 16:24:00,Delivered,CC,Mobile App,,49.0
502528,12118,2024-09-18 18:22:00,Delivered,Cash on Delivery,Mobile App,WELCOME15,0.0
502529,10865,2024-09-18 18:41:00,Delivered,Debit Card,Mobile Web,,0.0
502530,12114,2024-09-18 19:45:00,Delivered,Cash On Delivery,Mobile App,WELCOME15,0.0
502531,12070,2024-09-18 21:07:00,Delivered,UPI,Mobile Web,WELCOME15,0.0
502532,12082,2024-09-18 22:25:00,RETURNED,Credit Card,Mobile App,WELCOME15,0.0
502533,12030,2024-09-18 22:38:00,Delivered,UPI,Mobile Web,SAVE5,0.0
502534,12134,2024-09-19 07:02:00,Delivered,UPI,Mobile App,,0.0
502535,12150,2024-09-19 08:10:00,DELIVERED,Cash on Delivery,Mobile Web,,0.0
502536,10459,2024-09-19 10:29:00,returned ,UPI,Mobile App,,0.0
502537,12133,2024-09-19 11:58:00,CANCELLED,UPI,Mobile Web,WELCOME15,0.0
502538,11883,2024-09-19 13:04:00,DELIVERED,Credit Card,Mobile App,,0.0
502539,12130,2024-09-19 16:26:00,Delivered,Cash on Delivery,Mobile App,,0.0
502540,12089,2024-09-19 16:46:00,Delivered,UPI,Mobile App,,0.0
502541,12075,2024-09-19 18:20:00,delivered ,Credit Card,Mobile Web,,0.0
502542,10696,2024-09-19 18:51:00,Delivered,Net Banking,Mobile App,,0.0
502543,10911,2024-09-19 19:32:00,DELIVERED,Cash on Delivery,Desktop,,0.0
502544,12148,2024-09-19 20:43:00,Delivered,Upi,Mobile App,WELCOME15,0.0
502545,12139,2024-09-19 22:23:00,Delivered,DC,Mobile App,,0.0
502546,10103,2024-09-19 22:26:00,Delivered,UPI,Desktop,,0.0
502547,10861,2024-09-20 07:33:00,Delivered,UPI,Mobile App,,0.0
502548,12105,2024-09-20 07:38:00,Delivered,UPI,Mobile App,,0.0
502549,11176,2024-09-20 08:55:00,Delivered,DC,Mobile App,,0.0
502550,11330,2024-09-20 09:55:00,DELIVERED,UPI,Mobile App,,0.0
502551,11859,2024-09-20 10:14:00,Delivered,cod,Mobile Web,,0.0
502552,11565,2024-09-20 10:35:00,Delivered,COD,Mobile Web,,0.0
502553,12155,2024-09-20 13:02:00,Delivered,UPI,Mobile Web,WELCOME15,0.0
502554,10586,2024-09-20 13:44:00,DELIVERED,Cash on Delivery,Mobile Web,,0.0
502555,11124,2024-09-20 14:14:00,CANCELLED,Credit Card,Mobile Web,,0.0
502556,11643,2024-09-20 14:53:00,CANCELLED,Cash on Delivery,Desktop,,0.0
502557,10787,2024-09-20 20:50:00,Returned,Cash on Delivery,Desktop,SAVE5,0.0
502558,12138,2024-09-20 21:34:00,Returned,Net Banking,Mobile App,,0.0
502559,10409,2024-09-21 08:17:00,RETURNED,UPI,Desktop,,0.0
502560,12108,2024-09-21 08:28:00,Delivered,Cash on Delivery,Mobile App,,0.0
502561,12121,2024-09-21 10:44:00,Delivered,Net Banking,Mobile Web,WELCOME15,0.0
502562,11777,2024-09-21 14:35:00,Delivered,UPI,Mobile App,,0.0
502563,12173,2024-09-21 15:37:00,DELIVERED,Debit Card,Mobile App,SAVE5,0.0
502564,12143,2024-09-21 16:51:00,Returned,UPI,Mobile Web,WELCOME15,0.0
502565,11308,2024-09-21 18:10:00,delivered ,UPI,Desktop,,0.0
502566,12055,2024-09-21 18:11:00,Delivered,credit card,Mobile App,,0.0
502567,12104,2024-09-21 18:12:00,RETURNED,Upi,Mobile Web,,0.0
502568,11956,2024-09-21 18:24:00,Delivered,Credit Card,Mobile App,,0.0
502569,12145,2024-09-21 18:25:00,Delivered,Credit Card,Mobile App,,0.0
502570,12151,2024-09-21 19:40:00,CANCELLED,Debit Card,Mobile App,,0.0
502571,11287,2024-09-21 19:56:00,DELIVERED,Cash on Delivery,Desktop,,0.0
502572,11545,2024-09-21 21:36:00,DELIVERED,upi,Mobile App,,0.0
502573,10886,2024-09-22 09:33:00,Cancelled,Cash on Delivery,Mobile Web,,0.0
502574,12176,2024-09-22 10:16:00,Cancelled,COD,Desktop,,0.0
502575,10994,2024-09-22 10:34:00,Delivered,Credit Card,Mobile Web,,0.0
502576,11485,2024-09-22 11:34:00,Delivered,UPI,Desktop,,49.0
502577,12175,2024-09-22 12:56:00,Delivered,UPI,Mobile App,,0.0
502578,12166,2024-09-22 13:28:00,DELIVERED,upi,Mobile Web,,0.0
502579,10743,2024-09-22 14:30:00,Delivered,UPI,Mobile Web,,0.0
502580,12136,2024-09-22 16:00:00,Delivered,Cash on Delivery,Mobile App,WELCOME15,0.0
502581,12140,2024-09-22 16:28:00,Cancelled,Cash on Delivery,Mobile App,,0.0
502582,12109,2024-09-22 16:30:00,Delivered,upi,Mobile Web,WELCOME15,0.0
502583,12158,2024-09-22 16:44:00,delivered ,UPI,Mobile Web,,0.0
502583,12158,2024-09-22 16:44:00,delivered ,UPI,Mobile Web,,0.0
502584,12147,2024-09-22 16:53:00,Returned,UPI,Desktop,WELCOME15,0.0
502585,12006,2024-09-22 18:43:00,Delivered,Credit Card,Mobile Web,,0.0
502586,11534,2024-09-22 20:42:00,Delivered,upi,Mobile App,,0.0
502587,12131,2024-09-22 22:04:00,DELIVERED,Cash on Delivery,Desktop,,0.0
502588,12015,2024-09-22 22:10:00,Returned,cod,Mobile App,,0.0
502589,12181,2024-09-22 23:23:00,Delivered,Cash on Delivery,Mobile App,,0.0
502590,10806,2024-09-23 07:01:00,DELIVERED,Credit Card,Mobile Web,,0.0
502591,11463,2024-09-23 07:06:00,Delivered,CC,Mobile Web,,0.0
502592,12179,2024-09-23 09:30:00,delivered ,UPI,Mobile Web,,0.0
502593,12141,2024-09-23 10:26:00,Cancelled,upi,Desktop,,0.0
502594,11219,2024-09-23 16:35:00,Returned,Credit Card,Mobile Web,,0.0
502595,11517,2024-09-23 19:01:00,cancelled ,Cash on Delivery,Mobile App,,0.0
502596,12022,2024-09-23 19:31:00,Delivered,UPI,Mobile Web,,0.0
502597,11015,2024-09-23 21:43:00,Delivered,UPI,Mobile App,,0.0
502598,12191,2024-09-23 23:03:00,Delivered,UPI,Desktop,WELCOME15,0.0
502599,11967,2024-09-23 23:51:00,Delivered,Debit Card,Mobile App,,0.0
502600,10118,2024-09-24 07:40:00,Delivered,Credit Card,Desktop,SAVE5,0.0
502601,10754,2024-09-24 09:01:00,Returned,UPI,Mobile App,,0.0
502602,12193,2024-09-24 09:14:00,Delivered,Cash on Delivery,Desktop,WELCOME15,0.0
502603,12177,2024-09-24 09:50:00,Returned,UPI,Desktop,,0.0
502604,12182,2024-09-24 12:19:00,Delivered,DC,Mobile Web,WELCOME15,0.0
502605,12189,2024-09-24 12:27:00,Delivered,UPI,Mobile Web,WELCOME15,0.0
502606,10880,2024-09-24 13:22:00,RETURNED,UPI,Desktop,,0.0
502607,12201,2024-09-24 13:41:00,Delivered,UPI,Mobile Web,WELCOME15,49.0
502608,11911,2024-09-24 15:52:00,delivered ,UPI,Mobile App,,0.0
502609,10332,2024-09-24 17:10:00,Cancelled,Cash on Delivery,Mobile App,,49.0
502610,12172,2024-09-24 23:59:00,Delivered,Credit Card,Mobile App,WELCOME15,49.0
502611,12093,2024-09-25 07:07:00,Delivered,Upi,Mobile App,,0.0
502612,11709,2024-09-25 07:33:00,Delivered,UPI,Mobile App,,0.0
502613,12206,2024-09-25 08:06:00,Returned,Cash on Delivery,Mobile App,,0.0
502614,12126,2024-09-25 08:13:00,Delivered,Debit Card,Mobile Web,,0.0
502615,12213,2024-09-25 08:49:00,Delivered,Cash on Delivery,Mobile App,,0.0
502616,10341,2024-09-25 09:31:00,Cancelled,UPI,Mobile Web,,0.0
502617,12123,2024-09-25 09:53:00,Delivered,Credit Card,Mobile Web,WELCOME15,49.0
502618,12004,2024-09-25 11:46:00,Delivered,Upi,Mobile App,,0.0
502619,11656,2024-09-25 13:15:00,Delivered,Cash on Delivery,Mobile App,,49.0
502620,12169,2024-09-25 13:49:00,Delivered,UPI,Mobile App,WELCOME15,0.0
502621,12146,2024-09-25 16:06:00,Delivered,UPI,Mobile App,WELCOME15,0.0
502622,12215,2024-09-25 19:28:00,Delivered,UPI,Mobile App,WELCOME15,49.0
502623,12165,2024-09-25 19:50:00,Delivered,UPI,Desktop,,0.0
502624,12079,2024-09-25 22:47:00,Returned,Cash on Delivery,Mobile Web,,0.0
502625,12154,2024-09-25 23:12:00,RETURNED,UPI,Mobile App,,0.0
502626,11457,2024-09-25 23:20:00,DELIVERED,CC,Desktop,,0.0
502627,11504,2024-09-26 09:24:00,Delivered,CC,Mobile App,,0.0
502628,11091,2024-09-26 09:49:00,Delivered,Debit Card,Mobile App,,0.0
502629,12222,2024-09-26 12:02:00,Delivered,Cash On Delivery,Mobile App,WELCOME15,0.0
502630,11797,2024-09-26 14:53:00,Delivered,UPI,Mobile App,,0.0
502631,12200,2024-09-26 15:58:00,Delivered,Cash on Delivery,Mobile Web,WELCOME15,0.0
502632,12183,2024-09-26 17:43:00,Delivered,UPI,Mobile Web,,0.0
502632,12183,2024-09-26 17:43:00,Delivered,UPI,Mobile Web,,0.0
502633,12202,2024-09-26 17:45:00,CANCELLED,debit card,Mobile Web,WELCOME15,0.0
502634,12144,2024-09-26 18:44:00,Returned,UPI,Mobile Web,WELCOME15,0.0
502635,12180,2024-09-26 20:35:00,Delivered,upi,Mobile Web,WELCOME15,0.0
502636,12226,2024-09-26 22:41:00,DELIVERED,Debit Card,Mobile App,,0.0
502637,12168,2024-09-26 23:40:00,DELIVERED,UPI,Mobile App,,0.0
502638,12071,2024-09-26 23:56:00,Cancelled,Debit Card,Mobile Web,WELCOME15,0.0
502639,12027,2024-09-27 08:04:00,Delivered,UPI,Mobile App,,0.0
502640,12233,2024-09-27 10:00:00,Delivered,Credit Card,Mobile Web,WELCOME15,0.0
502641,11416,2024-09-27 10:30:00,Delivered,upi,Mobile App,SAVE5,0.0
502642,12232,2024-09-27 11:01:00,Delivered,CC,Mobile App,WELCOME15,0.0
502643,12185,2024-09-27 12:55:00,delivered ,UPI,Mobile App,WELCOME15,0.0
502644,12227,2024-09-27 15:22:00,delivered ,UPI,Mobile App,SAVE5,0.0
502645,12198,2024-09-27 17:10:00,Delivered,Credit Card,Mobile Web,WELCOME15,0.0
502646,12234,2024-09-27 18:02:00,Returned,upi,Desktop,WELCOME15,49.0
502647,12188,2024-09-27 19:09:00,Delivered,Upi,Mobile App,,49.0
502648,10918,2024-09-28 07:23:00,Delivered,credit card,Mobile App,,0.0
502649,12138,2024-09-28 08:07:00,Delivered,Net Banking,Desktop,,0.0
502650,10600,2024-09-28 08:16:00,Cancelled,Cash on Delivery,Mobile App,,0.0
502651,12199,2024-09-28 10:22:00,Delivered,Cash on Delivery,Desktop,,0.0
502652,11960,2024-09-28 10:29:00,Delivered,Cash on Delivery,Mobile App,SAVE5,0.0
502653,12196,2024-09-28 11:22:00,Delivered,CC,Desktop,,0.0
502654,12036,2024-09-28 11:52:00,Delivered,Credit Card,Mobile App,,0.0
502655,11075,2024-09-28 12:23:00,Delivered,UPI,Desktop,,0.0
502656,12243,2024-09-28 13:47:00,Delivered,UPI,Mobile App,WELCOME15,49.0
502657,10924,2024-09-28 16:31:00,Delivered,Credit Card,Mobile Web,,0.0
502658,12195,2024-09-28 18:27:00,Delivered,upi,Desktop,,0.0
502659,12164,2024-09-28 18:27:00,Delivered,UPI,Mobile Web,WELCOME15,49.0
502660,12160,2024-09-28 18:42:00,DELIVERED,Net Banking,Mobile App,WELCOME15,0.0
502661,11621,2024-09-28 18:48:00,Returned,Debit Card,Mobile App,,0.0
502662,12237,2024-09-28 19:25:00,delivered ,UPI,Mobile App,WELCOME15,49.0
502663,11678,2024-09-28 19:51:00,Delivered,UPI,Desktop,,0.0
502664,12035,2024-09-28 20:57:00,Delivered,debit card,Mobile Web,,0.0
502665,11557,2024-09-28 21:50:00,Delivered,UPI,Mobile Web,,0.0
502666,11309,2024-09-29 11:44:00,Delivered,Credit Card,Mobile App,,0.0
502667,12190,2024-09-29 12:34:00,Delivered,Debit Card,Mobile Web,,0.0
502668,12241,2024-09-29 12:58:00,Cancelled,Upi,Mobile App,WELCOME15,0.0
502669,12103,2024-09-29 13:24:00,Delivered,Upi,Mobile App,,0.0
502670,12209,2024-09-29 14:57:00,Delivered,upi,Mobile Web,WELCOME15,0.0
502671,12132,2024-09-29 15:28:00,Delivered,Upi,Mobile App,WELCOME15,0.0
502672,11169,2024-09-29 16:02:00,Returned,Cash on Delivery,Mobile App,SAVE5,49.0
502673,11187,2024-09-29 19:03:00,Delivered,Net Banking,Desktop,,49.0
502674,12239,2024-09-29 21:46:00,Delivered,Credit Card,Mobile Web,WELCOME15,0.0
502675,12048,2024-09-29 23:44:00,Returned,UPI,Mobile Web,,0.0
502676,12242,2024-09-30 07:27:00,Delivered,UPI,Mobile App,,0.0
502677,12244,2024-09-30 07:42:00,Delivered,UPI,Mobile App,WELCOME15,49.0
502677,12244,2024-09-30 07:42:00,Delivered,UPI,Mobile App,WELCOME15,49.0
502678,12251,2024-09-30 10:12:00,Delivered,Cash on Delivery,Mobile Web,,0.0
502679,11531,2024-09-30 11:28:00,Delivered,Upi,Mobile App,,0.0
502680,12197,2024-09-30 15:20:00,delivered ,UPI,Mobile App,WELCOME15,0.0
502681,10723,2024-09-30 16:29:00,Delivered,UPI,Desktop,,0.0
502682,12256,2024-09-30 17:42:00,delivered ,Net Banking,Mobile App,,0.0
502683,10467,2024-09-30 17:50:00,Delivered,Cash on Delivery,Mobile App,,49.0
502684,12157,2024-09-30 18:45:00,Delivered,Credit Card,Desktop,WELCOME15,0.0
502685,10744,2024-09-30 21:15:00,DELIVERED,Debit Card,Mobile Web,,0.0
502686,12162,2024-09-30 21:30:00,Delivered,Cash On Delivery,Mobile App,WELCOME15,0.0
502687,12254,2024-09-30 23:20:00,DELIVERED,DC,Mobile App,,0.0
502688,11718,2024-10-01 07:37:00,Cancelled,UPI,Mobile Web,SAVE5,0.0
502689,12021,2024-10-01 08:29:00,Delivered,UPI,Mobile App,,49.0
502690,12122,2024-10-01 09:45:00,Delivered,Credit Card,Mobile Web,,49.0
502691,12249,2024-10-01 11:29:00,delivered ,Cash on Delivery,Mobile Web,WELCOME15,0.0
502692,12192,2024-10-01 12:17:00,DELIVERED,Credit Card,Mobile App,,0.0
502693,12153,2024-10-01 13:16:00,Returned,Cash on Delivery,Desktop,WELCOME15,0.0
502694,12213,2024-10-01 14:54:00,DELIVERED,Cash on Delivery,Mobile Web,,0.0
502695,12264,2024-10-01 15:21:00,DELIVERED,Debit Card,Mobile Web,,0.0
502696,11666,2024-10-01 17:53:00,Delivered,Cash on Delivery,Mobile Web,,0.0
502697,12265,2024-10-01 18:11:00,Delivered,Net Banking,Mobile App,,0.0
502698,12180,2024-10-01 22:07:00,Cancelled,Net Banking,Mobile App,,0.0
502699,12230,2024-10-01 23:46:00,Delivered,COD,Mobile App,WELCOME15,0.0
502700,12270,2024-10-02 07:19:00,Delivered,Upi,Mobile App,WELCOME15,0.0
502701,12268,2024-10-02 10:19:00,Delivered,UPI,Desktop,,0.0
502702,12276,2024-10-02 10:19:00,Delivered,UPI,Desktop,WELCOME15,0.0
502703,12218,2024-10-02 11:46:00,Delivered,Credit Card,Mobile App,WELCOME15,0.0
502704,12208,2024-10-02 19:41:00,Delivered,UPI,Desktop,WELCOME15,0.0
502705,11411,2024-10-02 22:52:00,DELIVERED,Credit Card,Mobile App,,49.0
502706,12185,2024-10-03 08:40:00,Returned,Cash on Delivery,Mobile App,,0.0
502707,11219,2024-10-03 08:40:00,DELIVERED,Upi,Mobile App,,0.0
502708,12236,2024-10-03 09:30:00,Delivered,upi,Mobile Web,,0.0
502709,12167,2024-10-03 10:17:00,DELIVERED,UPI,Mobile App,,0.0
502710,10176,2024-10-03 10:19:00,Delivered,Cash On Delivery,Mobile Web,,0.0
502711,12269,2024-10-03 10:23:00,DELIVERED,Credit Card,Mobile App,WELCOME15,0.0
502712,12266,2024-10-03 12:08:00,Returned,UPI,Mobile App,WELCOME15,49.0
502713,12267,2024-10-03 13:36:00,DELIVERED,Upi,Mobile App,WELCOME15,0.0
502714,12187,2024-10-03 14:08:00,Delivered,Credit Card,Mobile App,WELCOME15,49.0
502715,12272,2024-10-03 14:49:00,Delivered,Debit Card,Desktop,WELCOME15,0.0
502716,11971,2024-10-03 15:08:00,Delivered,Debit Card,Mobile App,,0.0
502717,12252,2024-10-03 15:26:00,Delivered,Credit Card,Desktop,,0.0
502718,12220,2024-10-03 17:10:00,Delivered,Credit Card,Mobile Web,,0.0
502719,12275,2024-10-03 17:57:00,Delivered,Cash on Delivery,Mobile App,SAVE5,0.0
502720,11538,2024-10-03 19:48:00,Delivered,Net Banking,Mobile Web,,0.0
502721,12238,2024-10-03 19:52:00,delivered ,Credit Card,Mobile App,,0.0
502722,12211,2024-10-03 20:04:00,DELIVERED,upi,Mobile App,WELCOME15,0.0
502723,10104,2024-10-03 20:07:00,delivered ,Net Banking,Desktop,,49.0
502724,10466,2024-10-03 20:12:00,Delivered,UPI,Mobile App,,0.0
502725,11374,2024-10-03 21:20:00,delivered ,CC,Mobile Web,,0.0
502726,12240,2024-10-04 08:58:00,DELIVERED,UPI,Mobile Web,,0.0
502727,11007,2024-10-04 10:09:00,Delivered,UPI,Mobile Web,,0.0
502728,12246,2024-10-04 11:55:00,Delivered,UPI,Mobile App,WELCOME15,0.0
502729,11586,2024-10-04 16:12:00,DELIVERED,Cash On Delivery,Mobile Web,,0.0
502730,12291,2024-10-04 18:22:00,Delivered,Cash on Delivery,Mobile Web,,0.0
502731,12229,2024-10-04 19:56:00,Delivered,Cash on Delivery,Mobile App,,0.0
502732,11331,2024-10-04 22:57:00,Delivered,Credit Card,Desktop,,49.0
502733,12205,2024-10-05 07:09:00,DELIVERED,UPI,Mobile App,,0.0
502734,11897,2024-10-05 09:18:00,Delivered,Debit Card,Mobile App,,49.0
502735,12210,2024-10-05 11:37:00,Delivered,UPI,Mobile Web,WELCOME15,0.0
502736,12279,2024-10-05 13:51:00,Delivered,UPI,Mobile App,WELCOME15,0.0
502737,12296,2024-10-05 16:01:00,Delivered,Debit Card,Desktop,,0.0
502738,12007,2024-10-05 18:10:00,Delivered,UPI,Mobile Web,,0.0
502739,12286,2024-10-05 20:36:00,Delivered,COD,Mobile App,SAVE5,0.0
502740,12261,2024-10-05 21:41:00,Delivered,cod,Mobile Web,WELCOME15,0.0
502741,12107,2024-10-05 21:43:00,Delivered,credit card,Desktop,,0.0
502742,11943,2024-10-05 22:06:00,Delivered,Cash on Delivery,Desktop,,0.0
502743,12293,2024-10-05 22:36:00,Delivered,UPI,Mobile Web,SAVE5,0.0
502744,12280,2024-10-05 23:11:00,Delivered,UPI,Mobile App,WELCOME15,0.0
502745,12283,2024-10-06 10:57:00,Delivered,Cash on Delivery,Mobile App,,0.0
502746,12278,2024-10-06 11:35:00,Delivered,Cash on Delivery,Mobile App,,0.0
502747,12299,2024-10-06 12:01:00,Delivered,Cash on Delivery,Mobile App,WELCOME15,0.0
502748,12301,2024-10-06 14:10:00,Delivered,upi,Mobile App,WELCOME15,0.0
502749,12255,2024-10-06 15:18:00,Delivered,UPI,Mobile Web,,0.0
502750,12308,2024-10-06 18:35:00,Delivered,Credit Card,Mobile Web,,0.0
502751,10176,2024-10-06 19:11:00,delivered ,Net Banking,Mobile App,SAVE5,0.0
502752,11927,2024-10-06 19:57:00,delivered ,Net Banking,Mobile Web,,0.0
502753,12287,2024-10-06 20:34:00,delivered ,Cash on Delivery,Mobile App,WELCOME15,0.0
502754,10636,2024-10-06 22:36:00,Delivered,Debit Card,Mobile Web,,0.0
502755,12307,2024-10-06 23:01:00,Delivered,Credit Card,Desktop,,49.0
502756,11826,2024-10-07 09:23:00,Delivered,UPI,Mobile App,SAVE5,0.0
502757,11786,2024-10-07 09:57:00,Delivered,UPI,Desktop,,0.0
502758,12224,2024-10-07 10:19:00,DELIVERED,Net Banking,Mobile Web,,0.0
502759,12260,2024-10-07 11:08:00,DELIVERED,Cash on Delivery,Mobile App,,0.0
502760,10917,2024-10-07 12:58:00,Delivered,UPI,Desktop,,0.0
502761,11944,2024-10-07 14:07:00,Delivered,UPI,Mobile Web,,0.0
502762,11677,2024-10-07 20:57:00,Delivered,UPI,Mobile Web,,0.0
502763,12194,2024-10-07 21:54:00,Delivered,Debit Card,Desktop,,49.0
502764,10726,2024-10-07 23:25:00,Delivered,UPI,Mobile App,,0.0
502765,10992,2024-10-08 07:27:00,Delivered,Credit Card,Mobile App,,0.0
502766,12257,2024-10-08 08:05:00,Delivered,Cash on Delivery,Mobile Web,WELCOME15,0.0
502767,11943,2024-10-08 08:55:00,Returned,CC,Mobile Web,,0.0
502768,12107,2024-10-08 09:39:00,delivered ,Credit Card,Mobile Web,SAVE5,0.0
502769,12309,2024-10-08 09:44:00,Delivered,Credit Card,Mobile App,WELCOME15,0.0
502770,12312,2024-10-08 10:00:00,Delivered,Credit Card,Mobile Web,,0.0
502771,12259,2024-10-08 12:05:00,Cancelled,Credit Card,Mobile Web,,0.0
502772,12294,2024-10-08 12:07:00,DELIVERED,credit card,Mobile App,,0.0
502772,12294,2024-10-08 12:07:00,DELIVERED,credit card,Mobile App,,0.0
502773,12297,2024-10-08 12:28:00,Delivered,UPI,Mobile Web,WELCOME15,0.0
502774,12203,2024-10-08 14:01:00,CANCELLED,Cash on Delivery,Mobile App,WELCOME15,0.0
502775,11678,2024-10-08 14:56:00,DELIVERED,UPI,Desktop,,0.0
502776,12303,2024-10-08 15:01:00,RETURNED,Credit Card,Mobile Web,WELCOME15,0.0
502777,11867,2024-10-08 15:54:00,Delivered,Cash on Delivery,Mobile App,,0.0
502778,12292,2024-10-08 17:19:00,DELIVERED,Credit Card,Mobile Web,WELCOME15,0.0
502779,12176,2024-10-08 19:48:00,DELIVERED,UPI,Mobile Web,SAVE5,0.0
502780,12304,2024-10-09 10:16:00,Delivered,UPI,Mobile App,WELCOME15,0.0
502781,12329,2024-10-09 12:42:00,DELIVERED,UPI,Mobile App,,0.0
502782,11790,2024-10-09 13:59:00,Delivered,credit card,Mobile Web,SAVE5,0.0
502783,12295,2024-10-09 14:09:00,Cancelled,COD,Mobile App,WELCOME15,0.0
502784,11484,2024-10-09 16:49:00,delivered ,Debit Card,Desktop,,0.0
502785,12282,2024-10-09 18:18:00,Delivered,UPI,Mobile Web,WELCOME15,49.0
502786,12327,2024-10-09 20:30:00,Delivered,Debit Card,Mobile Web,WELCOME15,0.0
502787,10053,2024-10-09 21:40:00,cancelled ,Net Banking,Desktop,,0.0
502788,11554,2024-10-09 22:09:00,Delivered,upi,Desktop,,0.0
502789,12310,2024-10-09 22:10:00,Delivered,Cash on Delivery,Desktop,WELCOME15,0.0
502790,12000,2024-10-09 22:54:00,Delivered,Cash on Delivery,Mobile App,,0.0
502791,12338,2024-10-10 07:30:00,DELIVERED,Upi,Mobile App,,0.0
502792,12325,2024-10-10 11:15:00,Delivered,UPI,Mobile App,WELCOME15,0.0
502793,12314,2024-10-10 11:37:00,Delivered,cod,Mobile App,WELCOME15,0.0
502794,10275,2024-10-10 11:45:00,DELIVERED,Cash on Delivery,Mobile App,SAVE5,0.0
502795,11330,2024-10-10 13:43:00,Delivered,Credit Card,Mobile Web,,0.0
502796,11375,2024-10-10 14:27:00,Returned,UPI,Mobile App,,0.0
502797,10892,2024-10-10 14:41:00,Delivered,UPI,Mobile App,,0.0
502798,11853,2024-10-10 14:58:00,Delivered,UPI,Mobile App,,0.0
502799,12337,2024-10-10 15:40:00,Delivered,UPI,Mobile Web,,49.0
502800,12173,2024-10-10 19:15:00,DELIVERED,UPI,Mobile Web,SAVE5,0.0
502801,12332,2024-10-10 20:26:00,Returned,Upi,Mobile App,WELCOME15,0.0
502802,12226,2024-10-10 20:31:00,DELIVERED,Net Banking,Mobile App,,0.0
502803,12182,2024-10-10 21:19:00,Delivered,Debit Card,Mobile App,,0.0
502804,12262,2024-10-10 21:51:00,Returned,Debit Card,Mobile App,WELCOME15,0.0
502805,12290,2024-10-10 23:19:00,DELIVERED,Cash On Delivery,Mobile Web,WELCOME15,0.0
502806,12231,2024-10-10 23:57:00,Delivered,UPI,Mobile App,,0.0
502807,11943,2024-10-11 08:51:00,Delivered,UPI,Mobile Web,,0.0
502808,10603,2024-10-11 09:50:00,delivered ,Upi,Mobile App,,0.0
502809,12318,2024-10-11 10:11:00,Delivered,UPI,Mobile App,SAVE5,0.0
502810,10470,2024-10-11 11:26:00,DELIVERED,UPI,Mobile App,,49.0
502811,12042,2024-10-11 11:50:00,RETURNED,Credit Card,Mobile Web,,0.0
502812,12319,2024-10-11 13:09:00,Delivered,UPI,Mobile Web,WELCOME15,49.0
502813,12354,2024-10-11 13:47:00,Delivered,UPI,Mobile Web,WELCOME15,0.0
502814,12311,2024-10-11 14:11:00,DELIVERED,Credit Card,Desktop,WELCOME15,0.0
502815,12349,2024-10-11 14:46:00,Delivered,UPI,Mobile Web,,49.0
502816,12075,2024-10-11 15:57:00,Delivered,UPI,Mobile Web,SAVE5,49.0
502817,12330,2024-10-11 17:29:00,Delivered,UPI,Mobile Web,,0.0
502818,10006,2024-10-11 17:45:00,Delivered,Cash on Delivery,Desktop,SAVE5,0.0
502819,12331,2024-10-11 19:35:00,DELIVERED,Debit Card,Mobile Web,,0.0
502820,10501,2024-10-11 19:39:00,Delivered,upi,Mobile Web,,0.0
502821,12339,2024-10-11 20:58:00,Delivered,Credit Card,Mobile App,,0.0
502822,12348,2024-10-11 23:26:00,Delivered,Cash on Delivery,Mobile App,,0.0
502823,11295,2024-10-12 08:58:00,DELIVERED,UPI,Mobile App,SAVE5,49.0
502824,12281,2024-10-12 10:23:00,Delivered,UPI,Mobile App,WELCOME15,0.0
502825,12313,2024-10-12 10:43:00,Returned,Upi,Desktop,,0.0
502826,12351,2024-10-12 14:57:00,Delivered,Debit Card,Mobile App,,0.0
502827,12347,2024-10-12 14:59:00,Delivered,UPI,Mobile App,,0.0
502828,10057,2024-10-12 15:11:00,Delivered,UPI,Mobile App,,0.0
502829,12285,2024-10-12 18:04:00,Returned,UPI,Mobile App,,0.0
502830,12359,2024-10-12 21:07:00,Delivered,Cash on Delivery,Desktop,WELCOME15,0.0
502831,10788,2024-10-12 21:14:00,Delivered,UPI,Mobile App,,0.0
502832,10627,2024-10-12 22:39:00,Returned,UPI,Mobile App,,0.0
502833,12357,2024-10-12 22:52:00,Returned,UPI,Desktop,WELCOME15,0.0
502834,10467,2024-10-13 08:43:00,Delivered,Net Banking,Mobile Web,,0.0
502835,12366,2024-10-13 10:57:00,Delivered,UPI,Mobile App,,0.0
502836,12361,2024-10-13 11:25:00,Delivered,UPI,Mobile Web,,0.0
502837,12345,2024-10-13 12:44:00,Delivered,UPI,Desktop,WELCOME15,0.0
502838,12341,2024-10-13 14:16:00,Delivered,Cash on Delivery,Mobile Web,,0.0
502839,11917,2024-10-13 14:36:00,Delivered,Cash on Delivery,Desktop,,0.0
502840,12036,2024-10-13 14:56:00,Cancelled,Debit Card,Mobile Web,,0.0
502841,12344,2024-10-13 15:10:00,Delivered,Cash on Delivery,Mobile App,WELCOME15,0.0
502842,11860,2024-10-13 15:43:00,Delivered,Upi,Mobile App,,49.0
502843,12381,2024-10-13 16:22:00,Delivered,Credit Card,Mobile App,,0.0
502844,12350,2024-10-13 16:27:00,delivered ,UPI,Mobile App,WELCOME15,49.0
502845,11339,2024-10-13 18:01:00,Delivered,Net Banking,Desktop,,49.0
502846,12320,2024-10-13 18:48:00,delivered ,Cash on Delivery,Desktop,,0.0
502847,12353,2024-10-13 19:56:00,Delivered,UPI,Mobile App,,49.0
502848,11052,2024-10-13 20:31:00,DELIVERED,Net Banking,Mobile App,,0.0
502849,12305,2024-10-13 21:32:00,DELIVERED,Upi,Mobile App,WELCOME15,49.0
502850,12076,2024-10-13 22:37:00,Delivered,UPI,Mobile App,SAVE5,0.0
502851,12388,2024-10-14 10:12:00,Delivered,UPI,Mobile App,WELCOME15,0.0
502852,10121,2024-10-14 12:00:00,DELIVERED,CC,Mobile Web,,0.0
502853,11453,2024-10-14 13:09:00,Delivered,Net Banking,Mobile App,,0.0
502854,12376,2024-10-14 14:26:00,Delivered,UPI,Desktop,WELCOME15,0.0
502855,12372,2024-10-14 14:31:00,Delivered,Cash on Delivery,Mobile App,,0.0
502856,12374,2024-10-14 15:30:00,Delivered,Credit Card,Mobile App,,0.0
502857,11875,2024-10-14 16:13:00,Delivered,Credit Card,Mobile App,,0.0
502858,10733,2024-10-14 17:15:00,Delivered,COD,Mobile Web,,0.0
502859,12387,2024-10-14 18:50:00,DELIVERED,UPI,Mobile App,WELCOME15,0.0
502860,12323,2024-10-14 20:40:00,Delivered,UPI,Mobile App,,0.0
502861,12383,2024-10-14 21:41:00,Delivered,DC,Mobile App,WELCOME15,0.0
502862,12393,2024-10-15 07:11:00,Delivered,UPI,Desktop,FEST10,0.0
502863,11236,2024-10-15 09:24:00,returned ,upi,Mobile App,,0.0
502864,11550,2024-10-15 09:55:00,Delivered,cod,Mobile Web,,0.0
502865,11439,2024-10-15 09:58:00,Returned,upi,Mobile App,FEST10,0.0
502866,11043,2024-10-15 11:06:00,Delivered,UPI,Mobile Web,FEST10,0.0
502867,11349,2024-10-15 11:40:00,Delivered,UPI,Mobile Web,FEST10,0.0
502868,12138,2024-10-15 11:52:00,delivered ,Debit Card,Mobile App,FEST10,0.0
502869,11205,2024-10-15 12:34:00,Delivered,UPI,Desktop,,0.0
502870,11725,2024-10-15 12:59:00,DELIVERED,Credit Card,Mobile App,,0.0
502871,12006,2024-10-15 13:14:00,Delivered,UPI,Mobile App,FEST10,0.0
502872,11844,2024-10-15 13:28:00,Delivered,UPI,Mobile Web,,0.0
502873,12390,2024-10-15 13:48:00,Delivered,upi,Mobile App,WELCOME15,49.0
502874,10557,2024-10-15 15:30:00,Delivered,CC,Desktop,,0.0
502875,10363,2024-10-15 15:54:00,Delivered,upi,Mobile App,,0.0
502876,10062,2024-10-15 17:18:00,Delivered,UPI,Mobile Web,,0.0
502877,11847,2024-10-15 17:53:00,Returned,Cash on Delivery,Desktop,FEST10,0.0
502878,12396,2024-10-15 19:27:00,Delivered,Credit Card,Mobile Web,WELCOME15,0.0
502879,10470,2024-10-15 20:40:00,DELIVERED,upi,Mobile App,FEST10,49.0
502880,10206,2024-10-15 20:56:00,Delivered,UPI,Desktop,FEST10,0.0
502881,11532,2024-10-15 21:03:00,Delivered,DC,Mobile Web,,0.0
502882,10432,2024-10-15 21:41:00,Returned,Debit Card,Mobile App,FEST10,0.0
502883,11710,2024-10-15 22:05:00,delivered ,Cash on Delivery,Desktop,,0.0
502884,12364,2024-10-15 22:39:00,delivered ,UPI,Mobile App,WELCOME15,0.0
502885,11038,2024-10-15 23:44:00,Cancelled,cod,Mobile Web,FEST10,0.0
502886,10683,2024-10-16 07:08:00,Delivered,COD,Mobile Web,,0.0
502887,10263,2024-10-16 07:21:00,DELIVERED,UPI,Desktop,FEST10,0.0
502888,10704,2024-10-16 07:35:00,DELIVERED,Cash on Delivery,Mobile App,,0.0
502889,12346,2024-10-16 08:20:00,Delivered,Cash on Delivery,Mobile App,WELCOME15,0.0
502890,11306,2024-10-16 09:57:00,DELIVERED,UPI,Mobile App,,0.0
502891,10489,2024-10-16 09:58:00,Cancelled,Debit Card,Desktop,,0.0
502892,10716,2024-10-16 10:12:00,cancelled ,Cash on Delivery,Mobile Web,,0.0
502893,11986,2024-10-16 10:15:00,delivered ,UPI,Desktop,FEST10,0.0
502894,12404,2024-10-16 10:43:00,Delivered,cod,Desktop,FEST10,0.0
502895,11839,2024-10-16 11:05:00,Delivered,Credit Card,Mobile Web,,0.0
502896,12340,2024-10-16 11:26:00,Returned,Cash On Delivery,Mobile Web,WELCOME15,0.0
502897,12391,2024-10-16 11:31:00,Delivered,Upi,Mobile App,FEST10,0.0
502898,10662,2024-10-16 11:32:00,Delivered,credit card,Mobile App,,0.0
502899,11855,2024-10-16 11:36:00,Delivered,UPI,Mobile App,FEST10,0.0
502900,12400,2024-10-16 13:35:00,Delivered,Net Banking,Desktop,FEST10,0.0
502901,12322,2024-10-16 14:13:00,Delivered,Net Banking,Mobile App,WELCOME15,0.0
502902,11485,2024-10-16 15:23:00,DELIVERED,Cash on Delivery,Mobile Web,FEST10,0.0
502903,10719,2024-10-16 16:42:00,DELIVERED,Debit Card,Mobile Web,FEST10,0.0
502904,11393,2024-10-16 17:36:00,Delivered,UPI,Mobile Web,,0.0
502905,11081,2024-10-16 18:07:00,Delivered,Credit Card,Mobile Web,,0.0
502906,12401,2024-10-16 18:21:00,Delivered,Credit Card,Mobile App,SAVE5,0.0
502907,12410,2024-10-16 18:42:00,Delivered,Net Banking,Desktop,FEST10,0.0
502908,12342,2024-10-16 22:07:00,Delivered,Credit Card,Mobile Web,WELCOME15,0.0
502909,12397,2024-10-16 23:27:00,Delivered,Credit Card,Mobile App,WELCOME15,0.0
502910,11914,2024-10-16 23:40:00,DELIVERED,upi,Desktop,FEST10,0.0
502911,12380,2024-10-17 07:19:00,Delivered,UPI,Mobile App,WELCOME15,0.0
502912,12383,2024-10-17 09:02:00,Delivered,UPI,Mobile App,FEST10,0.0
502913,12418,2024-10-17 10:05:00,delivered ,Debit Card,Mobile App,,0.0
502914,12411,2024-10-17 10:19:00,CANCELLED,Credit Card,Mobile Web,FEST10,0.0
502915,12370,2024-10-17 10:43:00,Returned,Upi,Mobile App,,0.0
502916,12392,2024-10-17 11:13:00,delivered ,Net Banking,Mobile Web,FEST10,0.0
502917,12384,2024-10-17 11:43:00,Delivered,UPI,Mobile App,WELCOME15,0.0
502918,11618,2024-10-17 12:08:00,DELIVERED,Upi,Mobile App,,0.0
502919,11927,2024-10-17 12:16:00,Delivered,Cash on Delivery,Mobile Web,FEST10,0.0
502920,11290,2024-10-17 13:03:00,Delivered,UPI,Mobile Web,FEST10,0.0
502921,12419,2024-10-17 14:05:00,Delivered,UPI,Mobile App,WELCOME15,0.0
502922,12375,2024-10-17 14:20:00,Delivered,upi,Mobile Web,WELCOME15,49.0
502923,10558,2024-10-17 14:25:00,DELIVERED,Upi,Desktop,,49.0
502924,12315,2024-10-17 14:48:00,Delivered,upi,Mobile Web,WELCOME15,0.0
502925,11293,2024-10-17 15:25:00,Delivered,Credit Card,Mobile App,,0.0
502926,12405,2024-10-17 16:05:00,DELIVERED,COD,Desktop,FEST10,0.0
502927,12000,2024-10-17 17:53:00,Delivered,Cash On Delivery,Mobile App,,0.0
502928,11518,2024-10-17 17:53:00,delivered ,Credit Card,Mobile App,,0.0
502929,11531,2024-10-17 18:22:00,Delivered,Cash on Delivery,Mobile App,FEST10,0.0
502930,11018,2024-10-17 18:39:00,Delivered,Upi,Mobile App,FEST10,0.0
502931,12424,2024-10-17 20:01:00,delivered ,Credit Card,Desktop,SAVE5,0.0
502932,12421,2024-10-17 20:11:00,delivered ,UPI,Desktop,FEST10,0.0
502933,12415,2024-10-17 20:26:00,DELIVERED,upi,Mobile App,,0.0
502934,10832,2024-10-17 21:20:00,Delivered,Cash on Delivery,Mobile Web,,0.0
502935,10109,2024-10-17 22:02:00,Delivered,Debit Card,Mobile App,,0.0
502936,10104,2024-10-17 22:28:00,delivered ,COD,Mobile App,,0.0
502937,12406,2024-10-17 22:42:00,Delivered,Net Banking,Mobile App,WELCOME15,0.0
502938,12138,2024-10-17 22:54:00,Delivered,UPI,Desktop,,0.0
502939,12026,2024-10-17 23:51:00,Delivered,UPI,Desktop,,0.0
502940,12416,2024-10-18 08:02:00,Delivered,Debit Card,Mobile App,WELCOME15,0.0
502941,12281,2024-10-18 08:45:00,Delivered,UPI,Mobile App,FEST10,0.0
502942,11789,2024-10-18 09:06:00,Returned,Debit Card,Mobile App,FEST10,49.0
502943,10357,2024-10-18 09:16:00,Cancelled,UPI,Mobile App,FEST10,0.0
502944,11886,2024-10-18 09:52:00,DELIVERED,Cash on Delivery,Mobile App,FEST10,0.0
502945,10961,2024-10-18 10:23:00,DELIVERED,Net Banking,Mobile Web,FEST10,0.0
502946,11944,2024-10-18 10:26:00,cancelled ,Credit Card,Mobile Web,FEST10,0.0
502947,11502,2024-10-18 10:52:00,Delivered,UPI,Mobile App,,0.0
502948,10584,2024-10-18 11:22:00,Delivered,Cash on Delivery,Mobile App,FEST10,0.0
502949,10695,2024-10-18 11:33:00,Delivered,Upi,Mobile Web,FEST10,49.0
502950,12250,2024-10-18 11:46:00,Delivered,Debit Card,Desktop,,0.0
502951,12403,2024-10-18 11:58:00,Delivered,Cash on Delivery,Mobile Web,FEST10,0.0
502952,11003,2024-10-18 13:21:00,Delivered,Cash on Delivery,Mobile App,FEST10,0.0
502953,11720,2024-10-18 14:37:00,Delivered,UPI,Desktop,,0.0
502954,11808,2024-10-18 14:45:00,Delivered,UPI,Mobile App,,0.0
502955,11528,2024-10-18 16:22:00,Cancelled,Cash on Delivery,Mobile Web,FEST10,0.0
502956,12417,2024-10-18 16:38:00,Delivered,COD,Mobile App,WELCOME15,0.0
502957,12269,2024-10-18 18:43:00,Delivered,UPI,Mobile Web,,0.0
502958,10289,2024-10-18 19:37:00,Delivered,Credit Card,Mobile App,,0.0
502959,11898,2024-10-18 21:38:00,Returned,Net Banking,Mobile Web,FEST10,0.0
502960,12343,2024-10-18 22:01:00,Delivered,Debit Card,Mobile App,FEST10,0.0
502961,10527,2024-10-19 08:31:00,Delivered,UPI,Desktop,FEST10,0.0
502962,11829,2024-10-19 09:36:00,DELIVERED,UPI,Mobile App,FEST10,0.0
502963,11749,2024-10-19 10:26:00,delivered ,debit card,Desktop,,0.0
502964,10996,2024-10-19 10:27:00,Delivered,CC,Mobile Web,FEST10,0.0
502965,10944,2024-10-19 10:45:00,delivered ,UPI,Desktop,FEST10,0.0
502966,12436,2024-10-19 11:43:00,Delivered,UPI,Mobile Web,,0.0
502967,11754,2024-10-19 13:37:00,returned ,UPI,Mobile App,FEST10,0.0
502968,10245,2024-10-19 14:51:00,delivered ,Debit Card,Desktop,,0.0
502969,10585,2024-10-19 15:06:00,returned ,Credit Card,Mobile Web,,0.0
502970,10040,2024-10-19 15:54:00,DELIVERED,Debit Card,Mobile Web,FEST10,0.0
502971,11129,2024-10-19 17:27:00,Delivered,UPI,Mobile Web,,0.0
502972,11984,2024-10-19 17:49:00,Returned,Credit Card,Desktop,FEST10,0.0
502973,12434,2024-10-19 17:53:00,Delivered,UPI,Mobile Web,WELCOME15,0.0
502974,12213,2024-10-19 18:08:00,Delivered,Cash on Delivery,Desktop,FEST10,0.0
502975,12333,2024-10-19 19:25:00,Delivered,Net Banking,Mobile App,FEST10,0.0
502976,12444,2024-10-19 19:33:00,delivered ,Net Banking,Mobile Web,WELCOME15,0.0
502977,12423,2024-10-19 19:55:00,Returned,upi,Mobile Web,,0.0
502978,11442,2024-10-19 19:58:00,Delivered,Credit Card,Mobile App,FEST10,0.0
502979,12412,2024-10-19 21:39:00,DELIVERED,UPI,Mobile Web,FEST10,0.0
502980,12399,2024-10-19 22:22:00,DELIVERED,Credit Card,Mobile App,WELCOME15,0.0
502981,10636,2024-10-19 22:24:00,DELIVERED,Net Banking,Mobile Web,FEST10,0.0
502982,11626,2024-10-19 23:36:00,Delivered,cod,Mobile Web,,49.0
502983,11589,2024-10-19 23:54:00,Delivered,Credit Card,Mobile Web,FEST10,0.0
502984,12455,2024-10-20 08:38:00,Delivered,Cash on Delivery,Mobile App,WELCOME15,0.0
502985,10234,2024-10-20 09:31:00,DELIVERED,Credit Card,Mobile App,,0.0
502986,12420,2024-10-20 10:34:00,Delivered,upi,Mobile App,WELCOME15,0.0
502987,10025,2024-10-20 12:04:00,delivered ,UPI,Mobile Web,FEST10,0.0
502988,12021,2024-10-20 12:15:00,Cancelled,COD,Mobile App,,0.0
502989,12446,2024-10-20 12:31:00,delivered ,Credit Card,Mobile Web,FEST10,0.0
502990,12440,2024-10-20 13:14:00,DELIVERED,Debit Card,Mobile App,FEST10,0.0
502991,12413,2024-10-20 13:18:00,RETURNED,UPI,Mobile App,FEST10,0.0
502992,11573,2024-10-20 13:43:00,DELIVERED,UPI,Mobile App,FEST10,0.0
502993,12451,2024-10-20 13:58:00,Delivered,UPI,Mobile Web,,0.0
502993,12451,2024-10-20 13:58:00,Delivered,UPI,Mobile Web,,0.0
502994,11784,2024-10-20 14:32:00,Delivered,DC,Mobile App,SAVE5,0.0
502995,12368,2024-10-20 15:04:00,Delivered,Credit Card,Mobile App,WELCOME15,0.0
502996,10923,2024-10-20 15:39:00,Delivered,Cash on Delivery,Mobile Web,FEST10,0.0
502997,12362,2024-10-20 17:33:00,Delivered,Debit Card,Mobile Web,,0.0
502998,11698,2024-10-20 17:41:00,Delivered,Net Banking,Mobile Web,FEST10,0.0
502999,10926,2024-10-20 19:33:00,DELIVERED,Credit Card,Mobile App,,0.0
503000,11512,2024-10-20 20:18:00,delivered ,UPI,Mobile Web,FEST10,0.0
503001,11098,2024-10-20 20:20:00,Delivered,COD,Mobile Web,FEST10,0.0
503002,10517,2024-10-20 20:54:00,Delivered,UPI,Desktop,FEST10,0.0
503003,11067,2024-10-20 21:36:00,Delivered,Debit Card,Mobile Web,FEST10,0.0
503004,12456,2024-10-20 22:47:00,Delivered,Cash on Delivery,Mobile Web,FEST10,0.0
503005,12431,2024-10-20 23:26:00,Delivered,Cash on Delivery,Mobile App,WELCOME15,0.0
503006,12285,2024-10-20 23:27:00,Delivered,Cash on Delivery,Mobile App,FEST10,0.0
503007,12435,2024-10-21 09:08:00,Delivered,Upi,Mobile Web,SAVE5,0.0
503008,11545,2024-10-21 12:04:00,Returned,credit card,Mobile App,,0.0
503009,11448,2024-10-21 12:06:00,Delivered,COD,Desktop,FEST10,0.0
503010,10422,2024-10-21 13:29:00,returned ,cod,Mobile App,,0.0
503011,12469,2024-10-21 13:51:00,DELIVERED,Credit Card,Mobile App,FEST10,0.0
503012,12098,2024-10-21 14:02:00,Delivered,UPI,Mobile App,,0.0
503013,12426,2024-10-21 14:35:00,Delivered,UPI,Mobile App,FEST10,0.0
503014,12459,2024-10-21 16:23:00,DELIVERED,Credit Card,Mobile App,WELCOME15,0.0
503015,10267,2024-10-21 18:12:00,Delivered,Credit Card,Mobile App,FEST10,0.0
503015,10267,2024-10-21 18:12:00,Delivered,Credit Card,Mobile App,FEST10,0.0
503016,11695,2024-10-21 18:56:00,Delivered,UPI,Mobile App,FEST10,0.0
503017,12458,2024-10-21 20:14:00,Returned,Credit Card,Desktop,FEST10,0.0
503018,10815,2024-10-21 21:24:00,Delivered,UPI,Mobile Web,FEST10,0.0
503019,12457,2024-10-21 22:49:00,Delivered,Cash On Delivery,Mobile Web,WELCOME15,0.0
503020,12452,2024-10-21 22:50:00,delivered ,UPI,Mobile App,WELCOME15,0.0
503021,10214,2024-10-21 22:58:00,Delivered,Cash on Delivery,Mobile Web,FEST10,0.0
503022,12443,2024-10-21 23:46:00,delivered ,UPI,Mobile App,WELCOME15,0.0
503022,12443,2024-10-21 23:46:00,delivered ,UPI,Mobile App,WELCOME15,0.0
503023,12241,2024-10-22 09:05:00,Delivered,Net Banking,Mobile Web,,0.0
503024,11583,2024-10-22 11:05:00,Delivered,Cash On Delivery,Mobile Web,,0.0
503025,10317,2024-10-22 11:09:00,Delivered,UPI,Mobile Web,SAVE5,0.0
503026,11865,2024-10-22 11:38:00,Delivered,Cash on Delivery,Mobile App,FEST10,0.0
503027,10696,2024-10-22 12:01:00,CANCELLED,Cash on Delivery,Mobile Web,,0.0
503028,10785,2024-10-22 12:25:00,Delivered,Debit Card,Mobile App,,49.0
503029,12199,2024-10-22 12:35:00,Delivered,Debit Card,Mobile App,,0.0
503030,12208,2024-10-22 14:11:00,Delivered,Credit Card,Mobile Web,SAVE5,0.0
503031,12084,2024-10-22 14:46:00,Delivered,Credit Card,Desktop,FEST10,0.0
503032,12430,2024-10-22 14:50:00,Delivered,UPI,Desktop,WELCOME15,0.0
503033,10701,2024-10-22 14:51:00,Delivered,Credit Card,Mobile Web,,0.0
503034,12261,2024-10-22 15:04:00,Returned,Debit Card,Desktop,FEST10,0.0
503035,12463,2024-10-22 15:40:00,DELIVERED,Cash on Delivery,Mobile App,WELCOME15,0.0
503036,12111,2024-10-22 16:01:00,Returned,UPI,Mobile App,SAVE5,0.0
503037,11400,2024-10-22 19:08:00,DELIVERED,Debit Card,Mobile Web,FEST10,0.0
503038,11517,2024-10-22 19:47:00,Delivered,Credit Card,Mobile Web,,0.0
503039,12470,2024-10-22 20:39:00,DELIVERED,Cash on Delivery,Mobile App,WELCOME15,0.0
503040,12461,2024-10-22 20:52:00,DELIVERED,Net Banking,Mobile App,FEST10,49.0
503041,12442,2024-10-22 21:25:00,Delivered,Cash on Delivery,Mobile App,WELCOME15,0.0
503042,12465,2024-10-22 21:50:00,Delivered,Debit Card,Mobile App,WELCOME15,0.0
503043,12478,2024-10-22 22:31:00,Delivered,debit card,Mobile App,WELCOME15,0.0
503044,10213,2024-10-22 22:47:00,Delivered,Cash on Delivery,Desktop,,0.0
503045,11743,2024-10-22 23:26:00,Delivered,Cash On Delivery,Mobile Web,FEST10,0.0
503046,11158,2024-10-22 23:42:00,Delivered,Upi,Mobile App,,0.0
503047,11202,2024-10-23 07:26:00,Delivered,Credit Card,Mobile Web,,0.0
503048,12039,2024-10-23 08:16:00,Cancelled,debit card,Desktop,FEST10,0.0
503049,10357,2024-10-23 08:49:00,Delivered,Credit Card,Mobile Web,FEST10,0.0
503050,10383,2024-10-23 09:06:00,Delivered,UPI,Mobile App,FEST10,49.0
503051,11445,2024-10-23 09:37:00,Delivered,Cash on Delivery,Mobile App,FEST10,0.0
503052,10295,2024-10-23 09:38:00,Delivered,Credit Card,Mobile App,,0.0
503053,12165,2024-10-23 09:50:00,Delivered,UPI,Desktop,FEST10,0.0
503054,10475,2024-10-23 09:58:00,Delivered,Cash on Delivery,Mobile App,FEST10,49.0
503055,10322,2024-10-23 11:31:00,Delivered,UPI,Mobile Web,,0.0
503056,10112,2024-10-23 12:15:00,Delivered,UPI,Mobile App,FEST10,49.0
503057,11950,2024-10-23 12:33:00,Delivered,UPI,Mobile App,FEST10,0.0
503058,10754,2024-10-23 13:31:00,Delivered,DC,Mobile App,FEST10,0.0
503059,12487,2024-10-23 13:59:00,Delivered,UPI,Desktop,WELCOME15,0.0
503060,10807,2024-10-23 15:18:00,Delivered,Cash on Delivery,Mobile App,SAVE5,0.0
503061,12471,2024-10-23 16:17:00,Delivered,Debit Card,Mobile App,WELCOME15,0.0
503062,12450,2024-10-23 16:48:00,Delivered,UPI,Mobile App,FEST10,0.0
503063,12367,2024-10-23 17:04:00,Delivered,UPI,Desktop,WELCOME15,0.0
503064,12026,2024-10-23 17:11:00,Delivered,upi,Mobile App,,0.0
503065,11563,2024-10-23 17:52:00,Delivered,Credit Card,Desktop,FEST10,0.0
503066,12121,2024-10-23 18:05:00,Delivered,Credit Card,Mobile App,,0.0
503067,12468,2024-10-23 19:38:00,Delivered,Credit Card,Desktop,SAVE5,0.0
503068,10081,2024-10-23 19:48:00,Delivered,Credit Card,Mobile App,,0.0
503069,12490,2024-10-23 21:09:00,Returned,cod,Desktop,,0.0
503070,12481,2024-10-23 22:29:00,Returned,UPI,Mobile Web,WELCOME15,0.0
503071,10940,2024-10-23 22:44:00,delivered ,Credit Card,Mobile Web,,0.0
503072,12476,2024-10-23 23:57:00,Delivered,Net Banking,Desktop,,0.0
503073,12378,2024-10-24 07:25:00,Delivered,Debit Card,Mobile Web,WELCOME15,0.0
503074,11902,2024-10-24 07:29:00,delivered ,UPI,Mobile Web,FEST10,0.0
503075,12232,2024-10-24 08:07:00,DELIVERED,Cash on Delivery,Mobile App,FEST10,49.0
503076,10929,2024-10-24 08:13:00,Delivered,Cash on Delivery,Desktop,FEST10,0.0
503077,11491,2024-10-24 08:21:00,delivered ,UPI,Desktop,,0.0
503078,10606,2024-10-24 08:56:00,DELIVERED,UPI,Mobile App,,0.0
503079,12496,2024-10-24 09:40:00,delivered ,UPI,Desktop,,0.0
503080,11311,2024-10-24 10:33:00,Delivered,Net Banking,Mobile App,FEST10,0.0
503081,11912,2024-10-24 10:34:00,Delivered,UPI,Mobile App,FEST10,0.0
503082,11678,2024-10-24 11:09:00,delivered ,UPI,Mobile App,FEST10,0.0
503083,10338,2024-10-24 12:04:00,Delivered,UPI,Desktop,FEST10,0.0
503084,12409,2024-10-24 12:23:00,Delivered,Credit Card,Mobile App,WELCOME15,0.0
503085,12466,2024-10-24 13:57:00,Delivered,Credit Card,Mobile App,FEST10,0.0
503086,11626,2024-10-24 15:24:00,Delivered,Upi,Mobile App,FEST10,0.0
503087,11009,2024-10-24 15:25:00,Delivered,Debit Card,Mobile Web,,0.0
503088,12482,2024-10-24 19:37:00,Cancelled,Credit Card,Mobile App,WELCOME15,0.0
503089,10878,2024-10-24 20:06:00,Delivered,cod,Mobile Web,,0.0
503090,12489,2024-10-24 20:41:00,Delivered,upi,Desktop,,0.0
503091,12475,2024-10-24 21:03:00,Delivered,Cash on Delivery,Mobile App,FEST10,0.0
503092,11587,2024-10-24 21:16:00,delivered ,Credit Card,Desktop,,0.0
503093,10491,2024-10-24 23:20:00,Delivered,credit card,Mobile App,,0.0
503094,12359,2024-10-24 23:24:00,Delivered,UPI,Mobile Web,SAVE5,0.0
503095,11236,2024-10-25 07:33:00,Delivered,UPI,Desktop,FEST10,0.0
503096,12379,2024-10-25 07:50:00,Delivered,UPI,Mobile App,,0.0
503097,12394,2024-10-25 08:08:00,Delivered,Credit Card,Mobile App,WELCOME15,49.0
503098,10652,2024-10-25 12:02:00,Returned,UPI,Desktop,FEST10,49.0
503099,10636,2024-10-25 12:39:00,Delivered,Cash on Delivery,Mobile App,,0.0
503100,12434,2024-10-25 13:15:00,Delivered,Cash on Delivery,Mobile App,,0.0
503101,11456,2024-10-25 13:24:00,Delivered,Cash on Delivery,Mobile Web,,0.0
503102,12495,2024-10-25 14:22:00,DELIVERED,Credit Card,Mobile App,WELCOME15,0.0
503103,11459,2024-10-25 14:50:00,Delivered,Net Banking,Mobile App,,0.0
503104,12260,2024-10-25 15:54:00,DELIVERED,Credit Card,Mobile Web,FEST10,0.0
503105,11067,2024-10-25 16:33:00,CANCELLED,CC,Mobile App,,0.0
503106,12512,2024-10-25 16:51:00,Delivered,Upi,Mobile Web,WELCOME15,0.0
503107,12479,2024-10-25 17:21:00,Delivered,Credit Card,Mobile App,FEST10,0.0
503108,11424,2024-10-25 17:54:00,Delivered,UPI,Mobile App,,0.0
503109,12448,2024-10-25 18:02:00,Delivered,UPI,Mobile Web,FEST10,0.0
503110,12500,2024-10-25 20:07:00,Delivered,upi,Mobile App,WELCOME15,0.0
503111,12385,2024-10-26 07:08:00,Delivered,UPI,Desktop,FEST10,0.0
503112,12509,2024-10-26 09:25:00,Delivered,Net Banking,Desktop,,0.0
503113,12034,2024-10-26 10:00:00,Delivered,Net Banking,Desktop,SAVE5,0.0
503114,12516,2024-10-26 10:27:00,DELIVERED,Credit Card,Mobile App,WELCOME15,0.0
503115,12538,2024-10-26 10:37:00,Delivered,Upi,Mobile App,WELCOME15,0.0
503116,11752,2024-10-26 12:03:00,Returned,Cash on Delivery,Mobile Web,,0.0
503117,12531,2024-10-26 12:32:00,Delivered,UPI,Mobile App,FEST10,0.0
503118,12497,2024-10-26 12:37:00,Delivered,UPI,Mobile Web,,0.0
503119,12517,2024-10-26 13:07:00,Delivered,Debit Card,Mobile Web,WELCOME15,0.0
503120,12438,2024-10-26 13:42:00,Delivered,UPI,Mobile Web,,0.0
503121,11501,2024-10-26 13:43:00,cancelled ,UPI,Mobile Web,FEST10,0.0
503122,12529,2024-10-26 14:11:00,Returned,Credit Card,Mobile Web,WELCOME15,0.0
503123,12462,2024-10-26 14:19:00,Cancelled,UPI,Mobile Web,WELCOME15,0.0
503124,12467,2024-10-26 14:51:00,Delivered,Cash on Delivery,Mobile App,WELCOME15,49.0
503125,12439,2024-10-26 15:02:00,RETURNED,UPI,Mobile App,WELCOME15,0.0
503126,12460,2024-10-26 15:20:00,Returned,UPI,Desktop,WELCOME15,0.0
503127,12427,2024-10-26 16:52:00,delivered ,Debit Card,Mobile Web,WELCOME15,0.0
503128,11899,2024-10-26 17:12:00,Delivered,UPI,Mobile Web,FEST10,0.0
503129,12534,2024-10-26 17:40:00,Delivered,UPI,Mobile App,,49.0
503130,12522,2024-10-26 17:53:00,Delivered,UPI,Mobile App,FEST10,0.0
503131,12485,2024-10-26 18:03:00,Delivered,Credit Card,Desktop,FEST10,0.0
503132,11378,2024-10-26 18:37:00,Delivered,UPI,Mobile App,,0.0
503133,10458,2024-10-26 18:51:00,Returned,UPI,Mobile App,,0.0
503134,10907,2024-10-26 19:48:00,Delivered,UPI,Desktop,,0.0
503135,12464,2024-10-26 19:51:00,Returned,Debit Card,Mobile App,FEST10,0.0
503136,12498,2024-10-26 19:58:00,RETURNED,UPI,Mobile App,WELCOME15,0.0
503137,12422,2024-10-26 20:38:00,Delivered,Debit Card,Mobile Web,FEST10,0.0
503138,12504,2024-10-26 20:52:00,Delivered,COD,Mobile App,WELCOME15,0.0
503139,12530,2024-10-26 21:15:00,Delivered,Cash on Delivery,Mobile Web,,0.0
503140,11710,2024-10-26 21:55:00,Delivered,Net Banking,Mobile App,FEST10,0.0
503141,12041,2024-10-26 22:25:00,Delivered,Cash on Delivery,Mobile App,,0.0
503142,11741,2024-10-27 08:50:00,Delivered,Cash on Delivery,Mobile App,FEST10,0.0
503143,12453,2024-10-27 09:39:00,Delivered,Credit Card,Mobile Web,,0.0
503144,11223,2024-10-27 10:08:00,delivered ,Cash on Delivery,Mobile App,FEST10,49.0
503145,11597,2024-10-27 10:49:00,Delivered,Debit Card,Mobile App,,0.0
503146,12541,2024-10-27 11:21:00,Delivered,Upi,Desktop,WELCOME15,0.0
503147,11301,2024-10-27 13:40:00,Delivered,UPI,Mobile App,FEST10,0.0
503148,10759,2024-10-27 13:46:00,Delivered,Debit Card,Mobile App,SAVE5,0.0
503149,12215,2024-10-27 14:02:00,Returned,Cash on Delivery,Mobile App,FEST10,49.0
503150,12553,2024-10-27 16:30:00,Delivered,Credit Card,Mobile App,WELCOME15,0.0
503151,12480,2024-10-27 16:35:00,Delivered,Cash on Delivery,Mobile App,WELCOME15,0.0
503152,10058,2024-10-27 17:20:00,Delivered,UPI,Mobile Web,FEST10,0.0
503153,12528,2024-10-27 18:49:00,DELIVERED,UPI,Desktop,WELCOME15,0.0
503154,12523,2024-10-27 19:26:00,Delivered,Debit Card,Mobile App,WELCOME15,0.0
503155,11436,2024-10-27 21:43:00,Delivered,Credit Card,Desktop,,0.0
503156,12484,2024-10-27 21:45:00,Delivered,UPI,Mobile Web,FEST10,0.0
503157,12527,2024-10-27 22:19:00,DELIVERED,upi,Mobile App,WELCOME15,0.0
503158,11148,2024-10-28 07:29:00,delivered ,UPI,Mobile App,FEST10,0.0
503159,10574,2024-10-28 08:05:00,Delivered,UPI,Mobile Web,,0.0
503160,11430,2024-10-28 08:28:00,Delivered,UPI,Mobile App,FEST10,0.0
503161,12582,2024-10-28 08:35:00,Delivered,UPI,Mobile App,FEST10,0.0
503162,12571,2024-10-28 09:19:00,Delivered,UPI,Mobile App,WELCOME15,0.0
503163,12577,2024-10-28 09:58:00,Delivered,UPI,Mobile App,SAVE5,0.0
503164,12506,2024-10-28 10:14:00,Delivered,Cash on Delivery,Mobile App,WELCOME15,0.0
503165,12550,2024-10-28 12:21:00,Cancelled,Cash On Delivery,Mobile App,FEST10,49.0
503166,12567,2024-10-28 12:43:00,Delivered,UPI,Desktop,,0.0
503167,12562,2024-10-28 13:13:00,delivered ,credit card,Mobile Web,FEST10,0.0
503168,12299,2024-10-28 14:11:00,Delivered,UPI,Mobile App,,0.0
503169,12488,2024-10-28 14:21:00,DELIVERED,cod,Mobile Web,WELCOME15,0.0
503170,12535,2024-10-28 15:11:00,DELIVERED,UPI,Mobile App,,0.0
503171,12564,2024-10-28 15:12:00,Delivered,UPI,Mobile Web,WELCOME15,0.0
503172,10925,2024-10-28 16:47:00,DELIVERED,Cash on Delivery,Mobile App,,0.0
503173,12524,2024-10-28 17:33:00,Delivered,Debit Card,Mobile App,FEST10,0.0
503174,12499,2024-10-28 17:53:00,returned ,Cash on Delivery,Mobile Web,WELCOME15,0.0
503175,12579,2024-10-28 17:55:00,DELIVERED,UPI,Mobile Web,WELCOME15,0.0
503176,11370,2024-10-28 18:31:00,Delivered,upi,Mobile Web,FEST10,0.0
503177,12551,2024-10-28 19:21:00,Delivered,Cash on Delivery,Mobile App,WELCOME15,0.0
503178,11790,2024-10-28 19:26:00,Delivered,Net Banking,Mobile Web,,0.0
503179,11148,2024-10-28 20:15:00,Delivered,Net Banking,Mobile Web,FEST10,0.0
503180,10861,2024-10-28 20:16:00,Delivered,Cash on Delivery,Mobile Web,,0.0
503181,12505,2024-10-28 21:54:00,Delivered,UPI,Mobile App,WELCOME15,0.0
503182,10055,2024-10-28 22:18:00,Delivered,cod,Mobile Web,FEST10,0.0
503183,11213,2024-10-28 22:20:00,Delivered,Net Banking,Mobile App,FEST10,0.0
503184,11943,2024-10-28 22:49:00,Delivered,Upi,Mobile Web,,0.0
503185,11411,2024-10-28 23:22:00,Delivered,UPI,Desktop,FEST10,0.0
503186,12516,2024-10-29 07:05:00,Delivered,credit card,Desktop,FEST10,0.0
503187,10163,2024-10-29 07:24:00,delivered ,credit card,Mobile Web,,0.0
503188,10889,2024-10-29 07:35:00,Delivered,Cash on Delivery,Mobile Web,SAVE5,0.0
503189,11528,2024-10-29 07:58:00,Delivered,Upi,Mobile App,FEST10,0.0
503190,10463,2024-10-29 07:59:00,delivered ,Cash on Delivery,Mobile App,FEST10,0.0
503191,10893,2024-10-29 08:58:00,Delivered,upi,Mobile Web,,0.0
503192,12590,2024-10-29 09:13:00,Delivered,UPI,Mobile App,WELCOME15,0.0
503193,12107,2024-10-29 09:18:00,Delivered,Debit Card,Desktop,FEST10,0.0
503194,12589,2024-10-29 09:20:00,Delivered,UPI,Mobile Web,FEST10,0.0
503195,10286,2024-10-29 09:27:00,delivered ,UPI,Mobile App,FEST10,49.0
503196,12572,2024-10-29 09:49:00,Delivered,Upi,Mobile App,FEST10,0.0
503197,12556,2024-10-29 09:53:00,Cancelled,Credit Card,Mobile Web,,0.0
503198,12544,2024-10-29 10:28:00,Delivered,Debit Card,Mobile App,,0.0
503199,12581,2024-10-29 11:38:00,DELIVERED,UPI,Mobile Web,WELCOME15,0.0
503200,10272,2024-10-29 12:09:00,returned ,UPI,Mobile App,,0.0
503201,11456,2024-10-29 13:12:00,Delivered,Credit Card,Mobile Web,FEST10,0.0
503202,12580,2024-10-29 13:16:00,Delivered,upi,Mobile App,FEST10,0.0
503203,10796,2024-10-29 14:19:00,Delivered,UPI,Desktop,,0.0
503204,11388,2024-10-29 14:34:00,Delivered,Cash on Delivery,Mobile Web,,0.0
503205,12179,2024-10-29 14:40:00,Returned,Cash on Delivery,Mobile App,,0.0
503206,11663,2024-10-29 15:12:00,Delivered,Credit Card,Mobile Web,FEST10,0.0
503207,12561,2024-10-29 15:28:00,Delivered,Credit Card,Desktop,FEST10,0.0
503208,10954,2024-10-29 15:37:00,Delivered,Upi,Mobile App,,49.0
503209,11182,2024-10-29 16:05:00,Cancelled,upi,Mobile App,FEST10,0.0
503210,12491,2024-10-29 17:00:00,Delivered,Credit Card,Mobile App,WELCOME15,0.0
503211,12543,2024-10-29 17:22:00,delivered ,UPI,Mobile Web,WELCOME15,0.0
503212,11991,2024-10-29 17:51:00,DELIVERED,Credit Card,Mobile App,FEST10,0.0
503213,12573,2024-10-29 18:06:00,Returned,Credit Card,Desktop,WELCOME15,0.0
503214,10831,2024-10-29 18:06:00,Delivered,Credit Card,Mobile App,FEST10,0.0
503215,12591,2024-10-29 19:30:00,Delivered,Cash on Delivery,Mobile App,WELCOME15,0.0
503216,12501,2024-10-29 19:54:00,DELIVERED,UPI,Mobile App,WELCOME15,0.0
503217,12575,2024-10-29 20:16:00,delivered ,UPI,Mobile Web,WELCOME15,0.0
503218,12430,2024-10-29 20:25:00,Delivered,Debit Card,Mobile App,FEST10,0.0
503219,11158,2024-10-29 21:40:00,Delivered,DC,Desktop,FEST10,49.0
503220,12275,2024-10-29 22:31:00,delivered ,upi,Mobile App,FEST10,0.0
503221,12167,2024-10-29 23:46:00,Delivered,UPI,Mobile App,FEST10,0.0
503222,11439,2024-10-30 08:25:00,Delivered,UPI,Mobile App,FEST10,49.0
503223,12596,2024-10-30 09:31:00,Delivered,UPI,Mobile App,,0.0
503224,11328,2024-10-30 10:01:00,Returned,Credit Card,Mobile Web,FEST10,0.0
503225,11007,2024-10-30 11:29:00,Delivered,Credit Card,Mobile Web,FEST10,0.0
503226,12536,2024-10-30 11:50:00,Delivered,UPI,Mobile App,WELCOME15,0.0
503227,10992,2024-10-30 13:01:00,Delivered,UPI,Mobile App,FEST10,0.0
503228,11837,2024-10-30 14:19:00,Delivered,Credit Card,Mobile Web,,0.0
503229,12601,2024-10-30 15:00:00,Delivered,UPI,Mobile Web,FEST10,0.0
503230,12304,2024-10-30 15:18:00,DELIVERED,Upi,Mobile App,FEST10,0.0
503231,12269,2024-10-30 15:33:00,DELIVERED,UPI,Mobile Web,FEST10,0.0
503232,12121,2024-10-30 15:56:00,Delivered,Credit Card,Mobile App,FEST10,0.0
503233,11633,2024-10-30 17:22:00,delivered ,Credit Card,Mobile App,,0.0
503234,10858,2024-10-30 17:24:00,Delivered,UPI,Mobile App,SAVE5,0.0
503235,11191,2024-10-30 17:41:00,Delivered,Net Banking,Mobile Web,,0.0
503236,12584,2024-10-30 17:47:00,Delivered,Cash on Delivery,Mobile Web,WELCOME15,49.0
503237,11847,2024-10-30 18:28:00,Returned,UPI,Desktop,SAVE5,0.0
503238,11763,2024-10-30 19:22:00,DELIVERED,Debit Card,Mobile App,FEST10,0.0
503239,10816,2024-10-30 19:25:00,Delivered,Debit Card,Mobile App,FEST10,0.0
503240,12349,2024-10-30 20:34:00,Delivered,CC,Mobile Web,,49.0
503241,11705,2024-10-30 21:18:00,Delivered,Cash on Delivery,Desktop,,49.0
503242,12337,2024-10-30 21:25:00,Delivered,cod,Mobile Web,,0.0
503243,10345,2024-10-30 21:49:00,Cancelled,UPI,Mobile App,,0.0
503244,12331,2024-10-30 22:28:00,Delivered,DC,Desktop,FEST10,0.0
503245,12576,2024-10-30 22:35:00,Returned,UPI,Mobile App,FEST10,0.0
503246,12578,2024-10-30 23:19:00,CANCELLED,Upi,Mobile App,FEST10,0.0
503247,12615,2024-10-31 07:01:00,Returned,Credit Card,Mobile Web,WELCOME15,0.0
503248,12548,2024-10-31 08:00:00,returned ,Credit Card,Desktop,WELCOME15,0.0
503249,12515,2024-10-31 10:17:00,DELIVERED,Credit Card,Mobile App,WELCOME15,0.0
503250,11219,2024-10-31 10:46:00,Delivered,Cash on Delivery,Mobile App,,0.0
503251,12618,2024-10-31 11:49:00,Delivered,Debit Card,Desktop,WELCOME15,0.0
503252,12608,2024-10-31 13:41:00,Delivered,Cash on Delivery,Mobile App,WELCOME15,0.0
503253,11295,2024-10-31 14:20:00,Delivered,UPI,Mobile Web,FEST10,0.0
503254,11582,2024-10-31 14:23:00,Delivered,UPI,Mobile App,,0.0
503255,10028,2024-10-31 14:38:00,Delivered,UPI,Mobile Web,,0.0
503256,10053,2024-10-31 14:42:00,Returned,cod,Mobile Web,SAVE5,0.0
503257,11571,2024-10-31 16:00:00,Cancelled,Cash on Delivery,Mobile App,,0.0
503258,12513,2024-10-31 16:25:00,Delivered,Cash on Delivery,Mobile App,WELCOME15,0.0
503259,12146,2024-10-31 17:03:00,Delivered,Credit Card,Mobile App,,0.0
503260,10583,2024-10-31 17:26:00,Delivered,UPI,Desktop,,0.0
503261,12607,2024-10-31 17:42:00,Delivered,UPI,Mobile App,WELCOME15,0.0
503262,10608,2024-10-31 18:15:00,Delivered,upi,Mobile App,,0.0
503263,12585,2024-10-31 18:47:00,Returned,upi,Mobile App,FEST10,0.0
503264,11986,2024-10-31 19:28:00,Cancelled,UPI,Mobile App,FEST10,0.0
503265,10482,2024-10-31 20:09:00,Delivered,UPI,Mobile App,FEST10,0.0
503266,10176,2024-10-31 20:16:00,Delivered,Net Banking,Mobile Web,FEST10,0.0
503267,12518,2024-10-31 20:37:00,DELIVERED,UPI,Mobile Web,WELCOME15,0.0
503268,11955,2024-10-31 20:43:00,Delivered,CC,Desktop,FEST10,0.0
503269,12533,2024-10-31 21:56:00,Delivered,Credit Card,Desktop,SAVE5,0.0
503270,11113,2024-10-31 22:31:00,Delivered,UPI,Desktop,FEST10,0.0
503271,11790,2024-10-31 22:32:00,Delivered,Net Banking,Mobile Web,,0.0
503272,11695,2024-10-31 22:48:00,DELIVERED,UPI,Desktop,FEST10,0.0
503273,12595,2024-10-31 22:58:00,Returned,debit card,Mobile App,WELCOME15,0.0
503274,12447,2024-10-31 23:03:00,Delivered,CC,Mobile App,WELCOME15,0.0
503275,12554,2024-11-01 08:11:00,Delivered,UPI,Mobile App,FEST10,0.0
503276,11206,2024-11-01 08:31:00,DELIVERED,COD,Mobile Web,FEST10,0.0
503277,12587,2024-11-01 09:06:00,Delivered,UPI,Desktop,WELCOME15,0.0
503278,12609,2024-11-01 09:27:00,Delivered,Cash on Delivery,Mobile App,FEST10,0.0
503279,12510,2024-11-01 09:38:00,DELIVERED,Credit Card,Mobile Web,FEST10,0.0
503280,12555,2024-11-01 09:44:00,Delivered,UPI,Mobile App,WELCOME15,0.0
503281,12386,2024-11-01 09:56:00,Delivered,UPI,Desktop,WELCOME15,0.0
503282,12196,2024-11-01 09:59:00,DELIVERED,Cash on Delivery,Mobile App,,0.0
503283,12015,2024-11-01 12:31:00,Delivered,Cash on Delivery,Mobile App,,0.0
503284,12507,2024-11-01 12:31:00,delivered ,Cash on Delivery,Mobile Web,WELCOME15,0.0
503285,10826,2024-11-01 13:01:00,Cancelled,UPI,Mobile Web,FEST10,0.0
503286,11597,2024-11-01 15:16:00,Delivered,upi,Desktop,,0.0
503287,12155,2024-11-01 16:54:00,Delivered,Credit Card,Mobile Web,,0.0
503288,11682,2024-11-01 17:18:00,delivered ,upi,Mobile App,FEST10,49.0
503289,12575,2024-11-01 17:34:00,Delivered,Cash on Delivery,Mobile App,,0.0
503290,12628,2024-11-01 18:02:00,DELIVERED,UPI,Mobile App,,0.0
503291,12613,2024-11-01 18:40:00,Returned,UPI,Mobile App,FEST10,0.0
503292,12368,2024-11-01 18:48:00,Delivered,UPI,Mobile App,FEST10,0.0
503293,11638,2024-11-01 19:30:00,DELIVERED,Cash on Delivery,Mobile Web,,0.0
503294,12495,2024-11-01 19:34:00,Delivered,Debit Card,Desktop,FEST10,0.0
503295,12586,2024-11-01 19:54:00,Delivered,UPI,Mobile App,FEST10,0.0
503296,12583,2024-11-01 21:51:00,returned ,cod,Mobile Web,FEST10,0.0
503297,12486,2024-11-02 07:17:00,Delivered,UPI,Mobile App,FEST10,0.0
503298,12646,2024-11-02 07:20:00,Delivered,Cash on Delivery,Desktop,,0.0
503299,11957,2024-11-02 08:00:00,DELIVERED,UPI,Mobile App,FEST10,0.0
503300,12265,2024-11-02 09:13:00,Delivered,Credit Card,Mobile Web,FEST10,0.0
503301,12450,2024-11-02 09:21:00,Delivered,Upi,Desktop,,0.0
503302,11017,2024-11-02 09:27:00,Cancelled,upi,Mobile Web,,0.0
503303,12629,2024-11-02 09:30:00,Returned,credit card,Mobile App,,0.0
503304,12503,2024-11-02 09:37:00,DELIVERED,Cash on Delivery,Mobile App,WELCOME15,0.0
503305,12620,2024-11-02 10:24:00,Delivered,UPI,Mobile Web,WELCOME15,0.0
503306,12472,2024-11-02 10:26:00,Delivered,UPI,Mobile App,FEST10,0.0
503307,12621,2024-11-02 10:26:00,Delivered,UPI,Mobile App,FEST10,0.0
503308,12385,2024-11-02 10:53:00,Cancelled,cod,Mobile App,FEST10,0.0
503309,10348,2024-11-02 11:08:00,Delivered,Credit Card,Mobile App,SAVE5,0.0
503310,11082,2024-11-02 11:32:00,Delivered,UPI,Mobile Web,FEST10,0.0
503311,12563,2024-11-02 13:05:00,DELIVERED,credit card,Mobile App,,0.0
503312,12645,2024-11-02 13:36:00,Delivered,Cash on Delivery,Desktop,FEST10,0.0
503313,11069,2024-11-02 13:39:00,Delivered,Net Banking,Mobile App,FEST10,0.0
503314,12602,2024-11-02 15:16:00,Returned,Credit Card,Mobile Web,WELCOME15,0.0
503315,11654,2024-11-02 16:43:00,Delivered,Cash on Delivery,Mobile App,FEST10,0.0
503316,12542,2024-11-02 16:44:00,Delivered,Credit Card,Desktop,WELCOME15,0.0
503317,12521,2024-11-02 17:02:00,delivered ,UPI,Mobile App,WELCOME15,0.0
503318,12611,2024-11-02 17:06:00,DELIVERED,Debit Card,Desktop,WELCOME15,0.0
503319,12600,2024-11-02 17:38:00,Delivered,Credit Card,Mobile App,,0.0
503320,12616,2024-11-02 18:42:00,Delivered,Cash on Delivery,Mobile App,WELCOME15,0.0
503321,12606,2024-11-02 19:03:00,Delivered,UPI,Mobile Web,WELCOME15,0.0
503322,10501,2024-11-02 19:21:00,Delivered,Cash on Delivery,Mobile App,FEST10,0.0
503323,12370,2024-11-02 19:33:00,DELIVERED,Cash on Delivery,Mobile App,FEST10,0.0
503324,11531,2024-11-02 19:36:00,Returned,Net Banking,Mobile App,FEST10,49.0
503325,11724,2024-11-02 19:42:00,Delivered,Debit Card,Mobile App,,0.0
503326,10196,2024-11-02 19:44:00,Delivered,CC,Mobile App,FEST10,0.0
503326,10196,2024-11-02 19:44:00,Delivered,CC,Mobile App,FEST10,0.0
503327,12006,2024-11-02 20:53:00,Delivered,UPI,Mobile Web,,0.0
503328,11519,2024-11-02 21:24:00,Delivered,UPI,Mobile App,,0.0
503329,12619,2024-11-02 21:27:00,Delivered,upi,Mobile App,WELCOME15,0.0
503330,12633,2024-11-02 22:09:00,delivered ,Net Banking,Mobile App,WELCOME15,0.0
503331,12084,2024-11-02 22:52:00,Delivered,UPI,Desktop,FEST10,0.0
503332,10656,2024-11-02 22:59:00,Delivered,Net Banking,Mobile App,FEST10,0.0
503333,12473,2024-11-02 23:59:00,Delivered,Credit Card,Mobile Web,,0.0
503334,11674,2024-11-03 08:13:00,DELIVERED,UPI,Desktop,FEST10,0.0
503335,11685,2024-11-03 08:21:00,Cancelled,Cash on Delivery,Mobile App,,0.0
503336,12652,2024-11-03 08:43:00,Cancelled,Cash on Delivery,Desktop,FEST10,0.0
503337,12648,2024-11-03 09:03:00,Delivered,UPI,Mobile Web,FEST10,0.0
503338,12193,2024-11-03 09:25:00,Delivered,Credit Card,Mobile App,FEST10,0.0
503339,12516,2024-11-03 09:29:00,Delivered,UPI,Mobile App,FEST10,0.0
503340,10067,2024-11-03 10:00:00,Delivered,Credit Card,Mobile App,FEST10,0.0
503341,12451,2024-11-03 10:34:00,Delivered,UPI,Mobile App,,0.0
503342,12649,2024-11-03 12:56:00,Delivered,UPI,Mobile App,WELCOME15,49.0
503343,10590,2024-11-03 14:31:00,Returned,UPI,Mobile App,,0.0
503344,11689,2024-11-03 14:38:00,Delivered,Cash on Delivery,Desktop,FEST10,0.0
503345,12610,2024-11-03 15:04:00,Delivered,UPI,Mobile App,,0.0
503346,11354,2024-11-03 15:31:00,Delivered,Credit Card,Mobile Web,,0.0
503347,12631,2024-11-03 17:08:00,Delivered,Credit Card,Mobile App,,0.0
503348,12254,2024-11-03 18:04:00,DELIVERED,Credit Card,Mobile App,,0.0
503349,10165,2024-11-03 20:42:00,Delivered,UPI,Mobile App,,0.0
503350,10841,2024-11-03 21:17:00,DELIVERED,Credit Card,Mobile App,FEST10,0.0
503351,12635,2024-11-03 21:21:00,Delivered,Upi,Mobile App,WELCOME15,0.0
503352,10421,2024-11-03 21:24:00,delivered ,UPI,Mobile App,,0.0
503353,10421,2024-11-03 23:15:00,DELIVERED,UPI,Mobile App,FEST10,0.0
503354,12463,2024-11-03 23:27:00,DELIVERED,debit card,Mobile App,FEST10,0.0
503355,11057,2024-11-03 23:46:00,Delivered,credit card,Desktop,,0.0
503356,11362,2024-11-04 07:14:00,delivered ,UPI,Desktop,,0.0
503357,12341,2024-11-04 07:18:00,Returned,UPI,Mobile Web,,0.0
503358,11911,2024-11-04 07:42:00,Returned,Upi,Desktop,,0.0
503359,12664,2024-11-04 08:12:00,Delivered,Credit Card,Mobile App,WELCOME15,0.0
503360,11457,2024-11-04 08:17:00,Delivered,Credit Card,Mobile App,,0.0
503361,12605,2024-11-04 08:30:00,Delivered,UPI,Mobile App,,0.0
503362,12565,2024-11-04 10:11:00,Delivered,Net Banking,Mobile Web,FEST10,0.0
503363,11430,2024-11-04 10:33:00,Delivered,Cash on Delivery,Mobile App,FEST10,0.0
503364,11682,2024-11-04 10:49:00,Delivered,Credit Card,Mobile Web,,0.0
503365,10131,2024-11-04 10:55:00,Returned,CC,Mobile App,FEST10,0.0
503366,12626,2024-11-04 11:39:00,Delivered,Upi,Mobile App,FEST10,0.0
503367,11968,2024-11-04 11:40:00,Returned,UPI,Mobile App,FEST10,0.0
503368,12511,2024-11-04 12:59:00,Delivered,UPI,Mobile App,,0.0
503369,12552,2024-11-04 13:39:00,Delivered,Credit Card,Mobile App,WELCOME15,0.0
503370,11950,2024-11-04 13:47:00,Delivered,CC,Mobile App,,0.0
503371,12672,2024-11-04 14:03:00,Delivered,Debit Card,Mobile Web,WELCOME15,0.0
503372,12654,2024-11-04 15:23:00,RETURNED,upi,Desktop,FEST10,0.0
503373,11437,2024-11-04 15:29:00,Returned,Cash on Delivery,Mobile App,,0.0
503374,10583,2024-11-04 16:10:00,Delivered,Credit Card,Mobile Web,,0.0
503375,12644,2024-11-04 17:23:00,Delivered,UPI,Mobile App,FEST10,0.0
503376,11213,2024-11-04 17:40:00,DELIVERED,Credit Card,Mobile App,FEST10,0.0
503377,10413,2024-11-04 17:40:00,delivered ,Credit Card,Mobile App,,0.0
503378,11057,2024-11-04 18:31:00,Delivered,UPI,Mobile Web,,0.0
503379,11304,2024-11-04 18:53:00,delivered ,Debit Card,Mobile App,,0.0
503380,12069,2024-11-04 20:00:00,Delivered,Credit Card,Mobile App,FEST10,0.0
503381,12676,2024-11-04 20:21:00,Delivered,Upi,Desktop,,0.0
503382,12372,2024-11-04 21:36:00,Delivered,credit card,Desktop,,0.0
503383,12483,2024-11-04 21:54:00,Delivered,UPI,Mobile App,FEST10,49.0
503384,12603,2024-11-04 22:13:00,Delivered,Cash on Delivery,Mobile App,,0.0
503385,12651,2024-11-04 22:30:00,delivered ,Cash on Delivery,Desktop,FEST10,0.0
503386,10192,2024-11-04 22:31:00,Delivered,Cash on Delivery,Mobile App,FEST10,0.0
503387,11967,2024-11-04 22:48:00,Delivered,UPI,Mobile Web,FEST10,0.0
503388,12663,2024-11-04 23:24:00,Delivered,UPI,Mobile App,FEST10,0.0
503389,11487,2024-11-04 23:38:00,Delivered,Credit Card,Desktop,,0.0
503390,11439,2024-11-05 07:37:00,Delivered,upi,Mobile App,FEST10,49.0
503391,12421,2024-11-05 08:17:00,Delivered,Cash on Delivery,Desktop,FEST10,49.0
503392,12661,2024-11-05 08:57:00,Delivered,UPI,Mobile App,WELCOME15,49.0
503393,11960,2024-11-05 09:49:00,DELIVERED,Net Banking,Mobile App,,0.0
503394,12625,2024-11-05 11:06:00,Delivered,Cash on Delivery,Mobile App,WELCOME15,0.0
503395,12617,2024-11-05 11:20:00,Delivered,UPI,Desktop,FEST10,0.0
503396,12691,2024-11-05 12:17:00,Delivered,Credit Card,Mobile Web,WELCOME15,0.0
503397,12670,2024-11-05 13:17:00,DELIVERED,Cash on Delivery,Mobile Web,WELCOME15,0.0
503398,12630,2024-11-05 13:23:00,CANCELLED,Cash on Delivery,Mobile App,FEST10,0.0
503399,12569,2024-11-05 14:17:00,Delivered,Net Banking,Mobile App,WELCOME15,0.0
503400,12650,2024-11-05 15:55:00,Delivered,credit card,Mobile Web,,49.0
503401,12671,2024-11-05 15:58:00,Delivered,Credit Card,Mobile App,WELCOME15,0.0
503402,10886,2024-11-05 16:09:00,Returned,Cash on Delivery,Mobile App,FEST10,0.0
503403,11063,2024-11-05 16:26:00,Delivered,Net Banking,Mobile App,,0.0
503404,12679,2024-11-05 17:05:00,Returned,UPI,Mobile Web,WELCOME15,0.0
503405,12682,2024-11-05 18:14:00,Delivered,Cash on Delivery,Mobile App,WELCOME15,0.0
503406,12668,2024-11-05 18:33:00,Delivered,UPI,Mobile Web,WELCOME15,0.0
503407,12514,2024-11-05 19:00:00,Delivered,UPI,Mobile App,,49.0
503408,12681,2024-11-05 19:34:00,Delivered,Upi,Mobile App,WELCOME15,0.0
503409,12669,2024-11-05 19:54:00,Delivered,UPI,Desktop,FEST10,0.0
503410,12406,2024-11-05 20:02:00,Delivered,Debit Card,Mobile Web,,49.0
503411,12539,2024-11-05 22:11:00,Delivered,UPI,Desktop,FEST10,0.0
503412,12678,2024-11-05 22:25:00,DELIVERED,Debit Card,Mobile App,FEST10,0.0
503413,12655,2024-11-06 08:44:00,Delivered,UPI,Mobile Web,,0.0
503414,11301,2024-11-06 09:52:00,delivered ,Upi,Mobile App,,0.0
503415,12632,2024-11-06 10:34:00,Delivered,Credit Card,Desktop,WELCOME15,0.0
503416,12559,2024-11-06 10:43:00,DELIVERED,Cash on Delivery,Mobile App,,0.0
503417,12594,2024-11-06 10:51:00,Delivered,Debit Card,Mobile App,,0.0
503418,12688,2024-11-06 13:45:00,Returned,Credit Card,Mobile Web,WELCOME15,0.0
503419,12680,2024-11-06 13:58:00,Delivered,upi,Mobile App,,0.0
503420,12665,2024-11-06 14:09:00,cancelled ,UPI,Mobile App,,0.0
503421,12674,2024-11-06 14:20:00,Delivered,Cash on Delivery,Mobile App,WELCOME15,0.0
503422,12615,2024-11-06 15:29:00,Delivered,UPI,Mobile App,,0.0
503423,12647,2024-11-06 16:36:00,Cancelled,cod,Mobile Web,WELCOME15,0.0
503424,12604,2024-11-06 19:21:00,delivered ,UPI,Mobile App,,0.0
503425,11769,2024-11-06 20:09:00,Delivered,Net Banking,Mobile Web,,49.0
503426,12447,2024-11-06 20:22:00,DELIVERED,Cash on Delivery,Mobile App,,49.0
503427,10659,2024-11-06 20:44:00,Returned,Net Banking,Mobile App,,0.0
503428,12699,2024-11-06 23:33:00,Delivered,UPI,Desktop,WELCOME15,0.0
503429,12692,2024-11-06 23:52:00,Delivered,UPI,Mobile App,,0.0
503430,12202,2024-11-07 08:11:00,Returned,UPI,Mobile Web,,0.0
503431,12684,2024-11-07 09:16:00,Delivered,UPI,Mobile Web,WELCOME15,0.0
503432,11437,2024-11-07 09:24:00,Delivered,Debit Card,Desktop,,0.0
503433,10602,2024-11-07 09:30:00,Delivered,UPI,Mobile App,,0.0
503434,12700,2024-11-07 10:39:00,cancelled ,Credit Card,Mobile App,SAVE5,49.0
503435,12627,2024-11-07 12:21:00,Delivered,Net Banking,Mobile App,WELCOME15,0.0
503436,11837,2024-11-07 12:37:00,RETURNED,Credit Card,Mobile App,,0.0
503437,12666,2024-11-07 14:42:00,Returned,cod,Mobile Web,,0.0
503438,12350,2024-11-07 14:52:00,DELIVERED,UPI,Desktop,,0.0
503439,12659,2024-11-07 15:25:00,delivered ,Credit Card,Mobile App,WELCOME15,0.0
503440,12657,2024-11-07 15:47:00,Delivered,UPI,Mobile App,SAVE5,0.0
503441,12687,2024-11-07 15:48:00,DELIVERED,Net Banking,Mobile App,,0.0
503442,12704,2024-11-07 16:28:00,Delivered,UPI,Mobile App,,0.0
503443,12701,2024-11-07 18:02:00,Delivered,UPI,Mobile App,WELCOME15,0.0
503444,12634,2024-11-07 18:51:00,Delivered,UPI,Mobile App,WELCOME15,0.0
503445,12710,2024-11-07 18:55:00,Delivered,Debit Card,Mobile App,,49.0
503446,12623,2024-11-07 19:29:00,DELIVERED,Cash on Delivery,Mobile Web,WELCOME15,0.0
503447,10957,2024-11-07 19:37:00,Delivered,Credit Card,Desktop,,0.0
503448,12660,2024-11-07 21:37:00,Delivered,Credit Card,Mobile Web,WELCOME15,0.0
503449,12612,2024-11-07 21:47:00,Delivered,Credit Card,Mobile App,WELCOME15,0.0
503450,12597,2024-11-07 22:13:00,Delivered,UPI,Mobile App,WELCOME15,0.0
503451,12675,2024-11-08 07:33:00,Returned,UPI,Mobile App,,0.0
503452,11985,2024-11-08 08:12:00,Delivered,UPI,Mobile App,,0.0
503453,10458,2024-11-08 09:50:00,Delivered,UPI,Mobile Web,,0.0
503454,12714,2024-11-08 10:48:00,Returned,UPI,Mobile Web,SAVE5,0.0
503455,12491,2024-11-08 10:52:00,Delivered,Credit Card,Mobile Web,,0.0
503456,12715,2024-11-08 12:30:00,DELIVERED,UPI,Mobile Web,WELCOME15,0.0
503457,12283,2024-11-08 12:42:00,Delivered,Credit Card,Mobile Web,,0.0
503458,12512,2024-11-08 13:18:00,Delivered,UPI,Desktop,,0.0
503459,12695,2024-11-08 15:20:00,Returned,debit card,Desktop,WELCOME15,0.0
503460,11393,2024-11-08 18:54:00,Delivered,UPI,Mobile App,SAVE5,0.0
503461,11442,2024-11-08 19:26:00,Delivered,Debit Card,Desktop,,0.0
503462,12631,2024-11-08 20:38:00,Delivered,Credit Card,Mobile Web,,0.0
503463,12720,2024-11-08 20:40:00,Delivered,UPI,Mobile App,WELCOME15,0.0
503464,12638,2024-11-08 20:58:00,Delivered,UPI,Mobile App,WELCOME15,0.0
503465,11302,2024-11-08 21:34:00,Delivered,Cash on Delivery,Mobile Web,,0.0
503466,11508,2024-11-08 23:51:00,Delivered,UPI,Mobile App,,0.0
503467,12493,2024-11-09 07:37:00,Delivered,debit card,Mobile App,,0.0
503468,12726,2024-11-09 08:36:00,Delivered,Cash on Delivery,Mobile App,,0.0
503469,10345,2024-11-09 11:16:00,Delivered,UPI,Mobile Web,,0.0
503470,12543,2024-11-09 14:28:00,Delivered,UPI,Mobile App,,0.0
503471,12722,2024-11-09 14:58:00,Delivered,Upi,Mobile App,,0.0
503472,12261,2024-11-09 16:27:00,Delivered,UPI,Mobile Web,,0.0
503473,12546,2024-11-09 16:42:00,Cancelled,upi,Mobile App,WELCOME15,0.0
503474,12242,2024-11-09 17:30:00,Delivered,UPI,Desktop,,0.0
503474,12242,2024-11-09 17:30:00,Delivered,UPI,Desktop,,0.0
503475,12501,2024-11-09 18:38:00,DELIVERED,Cash on Delivery,Mobile Web,,0.0
503476,11523,2024-11-09 19:45:00,delivered ,UPI,Mobile App,,0.0
503477,12064,2024-11-09 20:13:00,Delivered,UPI,Mobile App,,0.0
503478,12653,2024-11-10 08:06:00,Returned,Debit Card,Desktop,,0.0
503479,10356,2024-11-10 08:35:00,DELIVERED,Cash on Delivery,Mobile App,,0.0
503480,11735,2024-11-10 09:56:00,DELIVERED,Net Banking,Mobile App,,0.0
503481,12731,2024-11-10 12:06:00,Delivered,DC,Desktop,,0.0
503482,12568,2024-11-10 15:34:00,Delivered,credit card,Mobile App,,0.0
503483,11097,2024-11-10 16:19:00,Delivered,UPI,Mobile App,,0.0
503484,12730,2024-11-10 17:44:00,Delivered,Cash on Delivery,Mobile App,WELCOME15,0.0
503485,11666,2024-11-10 18:37:00,Delivered,UPI,Mobile App,,0.0
503486,12614,2024-11-10 19:49:00,Delivered,UPI,Mobile App,WELCOME15,0.0
503486,12614,2024-11-10 19:49:00,Delivered,UPI,Mobile App,WELCOME15,0.0
503487,12711,2024-11-10 20:47:00,Delivered,debit card,Mobile App,WELCOME15,0.0
503488,12719,2024-11-10 21:00:00,Delivered,UPI,Mobile App,WELCOME15,0.0
503489,12560,2024-11-10 21:43:00,Delivered,Cash on Delivery,Mobile App,WELCOME15,0.0
503490,12537,2024-11-11 07:40:00,Delivered,Debit Card,Mobile App,,0.0
503491,10434,2024-11-11 07:56:00,Delivered,UPI,Mobile App,,0.0
503492,12640,2024-11-11 10:27:00,Delivered,UPI,Desktop,,0.0
503493,11710,2024-11-11 11:18:00,Cancelled,UPI,Mobile App,,0.0
503494,10234,2024-11-11 11:41:00,DELIVERED,Debit Card,Mobile Web,,0.0
503495,12707,2024-11-11 11:54:00,DELIVERED,upi,Mobile App,WELCOME15,0.0
503496,10243,2024-11-11 12:25:00,Delivered,UPI,Mobile Web,,0.0
503497,10868,2024-11-11 16:59:00,Delivered,UPI,Mobile App,,0.0
503498,10600,2024-11-11 19:47:00,Delivered,Cash on Delivery,Mobile App,,0.0
503499,11854,2024-11-11 20:26:00,cancelled ,Debit Card,Mobile App,,49.0
503500,12744,2024-11-11 21:27:00,DELIVERED,Cash on Delivery,Mobile App,WELCOME15,49.0
503501,12277,2024-11-11 23:16:00,Delivered,Credit Card,Mobile App,WELCOME15,0.0
503502,12755,2024-11-12 08:04:00,DELIVERED,Credit Card,Mobile App,,0.0
503503,10470,2024-11-12 10:15:00,Delivered,UPI,Mobile App,SAVE5,0.0
503504,12733,2024-11-12 10:37:00,Delivered,Debit Card,Mobile App,WELCOME15,0.0
503505,12750,2024-11-12 12:54:00,DELIVERED,UPI,Mobile App,WELCOME15,0.0
503506,11103,2024-11-12 14:21:00,Delivered,UPI,Mobile App,,0.0
503507,12698,2024-11-12 15:08:00,delivered ,UPI,Desktop,,0.0
503508,12738,2024-11-12 16:48:00,Delivered,Credit Card,Mobile App,WELCOME15,0.0
503509,12758,2024-11-12 23:19:00,Delivered,UPI,Mobile App,,0.0
503510,12507,2024-11-12 23:23:00,delivered ,UPI,Mobile App,,0.0
503511,11063,2024-11-12 23:27:00,Delivered,Credit Card,Desktop,,0.0
503512,12747,2024-11-12 23:47:00,Cancelled,CC,Mobile App,,0.0
503513,11950,2024-11-13 08:17:00,Delivered,CC,Mobile App,,0.0
503514,12753,2024-11-13 09:01:00,Delivered,Credit Card,Mobile App,WELCOME15,0.0
503515,12493,2024-11-13 10:25:00,Delivered,Cash on Delivery,Mobile App,,0.0
503516,12709,2024-11-13 10:58:00,Returned,Cash on Delivery,Mobile Web,WELCOME15,0.0
503517,12765,2024-11-13 12:07:00,Delivered,Net Banking,Mobile App,,49.0
503518,12748,2024-11-13 12:53:00,Returned,Debit Card,Mobile App,WELCOME15,0.0
503519,11680,2024-11-13 16:00:00,DELIVERED,Credit Card,Mobile App,,0.0
503520,12756,2024-11-13 18:41:00,Delivered,CC,Mobile App,,0.0
503520,12756,2024-11-13 18:41:00,Delivered,CC,Mobile App,,0.0
503521,12706,2024-11-13 18:56:00,delivered ,Credit Card,Mobile App,,0.0
503522,10876,2024-11-13 19:08:00,Delivered,UPI,Mobile Web,,0.0
503523,12742,2024-11-13 21:28:00,Delivered,UPI,Mobile App,WELCOME15,0.0
503524,10602,2024-11-13 21:49:00,Delivered,UPI,Mobile App,,0.0
503525,12477,2024-11-13 21:55:00,delivered ,UPI,Desktop,,0.0
503526,12767,2024-11-13 22:14:00,Delivered,Upi,Mobile App,,49.0
503527,10714,2024-11-14 08:33:00,Delivered,UPI,Mobile Web,,49.0
503528,12048,2024-11-14 09:18:00,Delivered,UPI,Mobile App,,0.0
503529,12424,2024-11-14 10:29:00,Delivered,upi,Mobile App,,0.0
503530,11777,2024-11-14 11:27:00,Delivered,Credit Card,Mobile App,,0.0
503531,11812,2024-11-14 13:20:00,Delivered,UPI,Mobile App,,0.0
503532,12470,2024-11-14 13:46:00,Returned,upi,Desktop,,0.0
503533,12778,2024-11-14 14:38:00,DELIVERED,Net Banking,Desktop,,0.0
503534,12734,2024-11-14 16:21:00,Delivered,Cash on Delivery,Mobile App,,0.0
503535,12771,2024-11-14 17:31:00,Delivered,Cash on Delivery,Mobile App,WELCOME15,0.0
503536,12776,2024-11-14 18:20:00,Delivered,Debit Card,Mobile Web,WELCOME15,0.0
503537,12737,2024-11-14 18:21:00,Delivered,Debit Card,Mobile App,WELCOME15,0.0
503538,12630,2024-11-14 19:10:00,Delivered,Net Banking,Mobile App,,0.0
503539,10057,2024-11-14 20:21:00,Delivered,UPI,Mobile Web,,0.0
503540,12777,2024-11-14 23:30:00,Delivered,Net Banking,Mobile App,WELCOME15,0.0
503541,12780,2024-11-15 07:44:00,Delivered,Debit Card,Mobile Web,,49.0
503542,12773,2024-11-15 08:19:00,Delivered,Credit Card,Mobile App,,0.0
503543,11772,2024-11-15 09:08:00,Delivered,UPI,Desktop,SAVE5,0.0
503544,12442,2024-11-15 10:56:00,Delivered,UPI,Mobile Web,SAVE5,0.0
503545,12772,2024-11-15 11:04:00,Delivered,Credit Card,Mobile Web,WELCOME15,49.0
503546,12774,2024-11-15 11:13:00,Delivered,upi,Desktop,WELCOME15,0.0
503547,10892,2024-11-15 12:18:00,Cancelled,UPI,Mobile App,,0.0
503548,12351,2024-11-15 12:22:00,delivered ,COD,Mobile App,,49.0
503549,11790,2024-11-15 13:37:00,DELIVERED,Credit Card,Mobile App,,0.0
503550,12531,2024-11-15 14:31:00,delivered ,DC,Desktop,,0.0
503551,12034,2024-11-15 15:52:00,Cancelled,UPI,Mobile Web,,0.0
503552,11062,2024-11-15 15:59:00,DELIVERED,Cash on Delivery,Mobile App,,0.0
503553,12182,2024-11-15 16:17:00,Delivered,Cash on Delivery,Mobile App,,0.0
503554,12796,2024-11-15 16:30:00,Delivered,Debit Card,Mobile Web,WELCOME15,0.0
503555,12788,2024-11-15 16:39:00,Delivered,Upi,Mobile App,WELCOME15,0.0
503556,12724,2024-11-15 17:04:00,Delivered,Credit Card,Mobile Web,WELCOME15,0.0
503557,11054,2024-11-15 17:46:00,Delivered,upi,Mobile App,,0.0
503558,12527,2024-11-15 18:36:00,Delivered,Debit Card,Mobile Web,,0.0
503559,12793,2024-11-15 19:19:00,Delivered,UPI,Mobile App,,0.0
503560,10886,2024-11-15 22:55:00,Delivered,Credit Card,Desktop,,0.0
503561,11301,2024-11-15 23:51:00,Delivered,Credit Card,Mobile App,,0.0
503562,12700,2024-11-16 11:01:00,Delivered,debit card,Mobile Web,,49.0
503563,12798,2024-11-16 11:56:00,Delivered,CC,Mobile App,WELCOME15,0.0
503564,10557,2024-11-16 12:35:00,Delivered,Debit Card,Mobile Web,,0.0
503565,12743,2024-11-16 13:31:00,Delivered,Debit Card,Mobile Web,WELCOME15,0.0
503566,12794,2024-11-16 13:34:00,delivered ,upi,Mobile App,,49.0
503567,12747,2024-11-16 13:54:00,Delivered,UPI,Desktop,,0.0
503568,12739,2024-11-16 14:50:00,DELIVERED,Cash on Delivery,Desktop,,0.0
503569,12785,2024-11-16 15:32:00,DELIVERED,UPI,Mobile App,WELCOME15,0.0
503570,12689,2024-11-16 16:01:00,delivered ,UPI,Desktop,WELCOME15,0.0
503571,10466,2024-11-16 16:37:00,DELIVERED,UPI,Mobile Web,,0.0
503572,12372,2024-11-16 17:25:00,DELIVERED,Cash on Delivery,Mobile App,,49.0
503573,12760,2024-11-16 17:36:00,Delivered,Credit Card,Mobile App,,49.0
503574,12566,2024-11-16 18:37:00,Delivered,UPI,Mobile App,,0.0
503575,11323,2024-11-16 20:02:00,Delivered,UPI,Mobile Web,,0.0
503576,12791,2024-11-16 20:52:00,Delivered,UPI,Mobile App,,0.0
503577,12740,2024-11-16 21:05:00,DELIVERED,Cash on Delivery,Mobile App,WELCOME15,0.0
503578,12701,2024-11-16 22:35:00,Delivered,UPI,Mobile Web,,49.0
503579,11654,2024-11-16 23:01:00,Delivered,UPI,Mobile App,,0.0
503580,10744,2024-11-16 23:04:00,Delivered,Net Banking,Mobile Web,SAVE5,49.0
503581,10501,2024-11-16 23:18:00,Delivered,Debit Card,Desktop,,0.0
503582,12802,2024-11-16 23:28:00,Delivered,UPI,Mobile App,WELCOME15,0.0
503583,12770,2024-11-16 23:37:00,Delivered,UPI,Mobile App,,49.0
503584,12430,2024-11-17 07:24:00,Delivered,Credit Card,Mobile App,,0.0
503585,12808,2024-11-17 09:15:00,Returned,UPI,Mobile Web,WELCOME15,0.0
503586,12813,2024-11-17 11:10:00,Delivered,Credit Card,Mobile Web,WELCOME15,0.0
503587,12764,2024-11-17 12:15:00,CANCELLED,Cash on Delivery,Mobile Web,WELCOME15,0.0
503588,11853,2024-11-17 13:28:00,Delivered,UPI,Mobile App,,0.0
503589,12766,2024-11-17 14:07:00,DELIVERED,Credit Card,Mobile App,WELCOME15,0.0
503590,12810,2024-11-17 17:26:00,Delivered,UPI,Mobile App,WELCOME15,0.0
503591,11973,2024-11-17 17:55:00,Delivered,Credit Card,Mobile Web,SAVE5,0.0
503592,12703,2024-11-17 18:40:00,delivered ,DC,Mobile App,WELCOME15,0.0
503593,11914,2024-11-17 18:47:00,Delivered,Debit Card,Mobile Web,,0.0
503594,12677,2024-11-17 20:57:00,Cancelled,Cash on Delivery,Mobile App,,0.0
503595,10806,2024-11-17 21:42:00,Returned,Net Banking,Desktop,,0.0
503596,12804,2024-11-17 22:20:00,Delivered,Cash on Delivery,Mobile App,,0.0
503597,12752,2024-11-18 07:10:00,Delivered,Credit Card,Mobile App,WELCOME15,0.0
503598,12800,2024-11-18 07:43:00,Delivered,upi,Mobile App,WELCOME15,0.0
503599,10713,2024-11-18 11:56:00,Cancelled,Cash On Delivery,Mobile App,,49.0
503600,12805,2024-11-18 14:03:00,Returned,Cash on Delivery,Desktop,,0.0
503601,12783,2024-11-18 14:10:00,delivered ,Cash on Delivery,Mobile Web,,0.0
503602,11550,2024-11-18 15:07:00,Delivered,UPI,Mobile App,,0.0
503603,12664,2024-11-18 16:11:00,Delivered,UPI,Mobile Web,,0.0
503604,12823,2024-11-18 16:57:00,Delivered,Credit Card,Desktop,WELCOME15,0.0
503605,12728,2024-11-18 17:17:00,Delivered,UPI,Mobile App,,0.0
503606,12801,2024-11-18 17:44:00,DELIVERED,Debit Card,Mobile Web,WELCOME15,49.0
503607,12826,2024-11-18 18:43:00,Delivered,UPI,Mobile Web,WELCOME15,0.0
503608,12806,2024-11-18 20:05:00,Cancelled,Cash on Delivery,Mobile Web,,0.0
503609,12577,2024-11-18 21:32:00,Delivered,Cash on Delivery,Mobile App,,0.0
503610,12807,2024-11-18 22:42:00,Delivered,Credit Card,Desktop,,0.0
503611,11943,2024-11-19 07:50:00,Delivered,upi,Mobile Web,,0.0
503612,10583,2024-11-19 08:06:00,Delivered,CC,Mobile App,,49.0
503613,11472,2024-11-19 09:10:00,Delivered,UPI,Mobile Web,,49.0
503614,12769,2024-11-19 10:06:00,Delivered,Upi,Mobile Web,,0.0
503615,12107,2024-11-19 11:48:00,Returned,UPI,Mobile Web,,0.0
503616,11777,2024-11-19 12:02:00,Delivered,Upi,Mobile App,,0.0
503617,10733,2024-11-19 14:20:00,DELIVERED,UPI,Mobile App,SAVE5,0.0
503618,12768,2024-11-19 14:57:00,Delivered,UPI,Mobile App,WELCOME15,49.0
503619,12817,2024-11-19 15:04:00,delivered ,UPI,Mobile App,,49.0
503620,12820,2024-11-19 15:19:00,Delivered,Credit Card,Mobile App,,0.0
503621,12746,2024-11-19 15:24:00,Delivered,Cash on Delivery,Mobile Web,,0.0
503622,12183,2024-11-19 15:39:00,Cancelled,upi,Desktop,,0.0
503623,11819,2024-11-19 15:50:00,delivered ,Cash on Delivery,Desktop,,0.0
503624,10458,2024-11-19 16:01:00,delivered ,Credit Card,Mobile Web,,49.0
503625,12735,2024-11-19 16:19:00,DELIVERED,COD,Mobile App,,0.0
503626,12829,2024-11-19 16:28:00,Delivered,upi,Mobile App,WELCOME15,0.0
503627,12702,2024-11-19 16:54:00,Delivered,UPI,Mobile App,WELCOME15,0.0
503628,12779,2024-11-19 18:33:00,Delivered,Debit Card,Mobile App,WELCOME15,0.0
503629,12790,2024-11-19 19:46:00,Delivered,UPI,Mobile App,,0.0
503630,12560,2024-11-19 21:59:00,Delivered,Debit Card,Desktop,,0.0
503631,11586,2024-11-20 09:17:00,Delivered,UPI,Desktop,,0.0
503632,10150,2024-11-20 10:01:00,Delivered,Net Banking,Mobile App,,0.0
503633,12757,2024-11-20 10:08:00,Delivered,Cash on Delivery,Mobile App,WELCOME15,0.0
503634,10885,2024-11-20 10:12:00,Delivered,UPI,Mobile App,,49.0
503635,10061,2024-11-20 10:21:00,Delivered,Cash On Delivery,Desktop,,0.0
503636,12828,2024-11-20 11:18:00,Delivered,Debit Card,Mobile Web,,0.0
503637,12637,2024-11-20 11:38:00,Delivered,UPI,Mobile Web,,0.0
503638,12809,2024-11-20 12:18:00,DELIVERED,Net Banking,Mobile Web,WELCOME15,0.0
503639,12667,2024-11-20 12:38:00,Delivered,Upi,Mobile App,WELCOME15,0.0
503640,12841,2024-11-20 13:17:00,Delivered,Credit Card,Mobile App,WELCOME15,0.0
503641,12832,2024-11-20 14:37:00,Delivered,UPI,Mobile App,,0.0
503642,12839,2024-11-20 15:19:00,delivered ,UPI,Desktop,,0.0
503643,12818,2024-11-20 16:24:00,DELIVERED,upi,Mobile App,WELCOME15,0.0
503644,12787,2024-11-20 18:54:00,Delivered,DC,Desktop,WELCOME15,0.0
503645,12835,2024-11-20 20:00:00,Delivered,Cash On Delivery,Mobile Web,WELCOME15,0.0
503646,12822,2024-11-20 20:28:00,delivered ,UPI,Mobile Web,,0.0
503647,11328,2024-11-20 20:38:00,DELIVERED,upi,Mobile Web,SAVE5,0.0
503648,12786,2024-11-20 20:50:00,Delivered,Cash on Delivery,Mobile App,,0.0
503649,12745,2024-11-20 23:49:00,Delivered,UPI,Mobile Web,,0.0
503650,12814,2024-11-21 07:45:00,Delivered,Credit Card,Mobile Web,WELCOME15,0.0
503650,12814,2024-11-21 07:45:00,Delivered,Credit Card,Mobile Web,WELCOME15,0.0
503651,12741,2024-11-21 09:08:00,Delivered,COD,Desktop,,0.0
503652,12320,2024-11-21 10:47:00,Delivered,Net Banking,Mobile App,,49.0
503653,12840,2024-11-21 13:55:00,Delivered,Net Banking,Mobile Web,SAVE5,0.0
503653,12840,2024-11-21 13:55:00,Delivered,Net Banking,Mobile Web,SAVE5,0.0
503654,12795,2024-11-21 18:03:00,Returned,UPI,Desktop,WELCOME15,0.0
503655,11531,2024-11-21 18:13:00,DELIVERED,Debit Card,Mobile Web,,0.0
503656,12846,2024-11-21 19:08:00,delivered ,Cash on Delivery,Desktop,WELCOME15,0.0
503657,12034,2024-11-21 19:24:00,Delivered,cod,Mobile App,,0.0
503658,11246,2024-11-21 19:36:00,Delivered,UPI,Mobile App,,0.0
503659,12848,2024-11-21 19:46:00,Delivered,UPI,Mobile Web,WELCOME15,0.0
503660,12837,2024-11-21 22:00:00,Delivered,UPI,Mobile Web,,0.0
503661,12811,2024-11-22 07:18:00,Delivered,Cash on Delivery,Mobile Web,,0.0
503662,12833,2024-11-22 07:39:00,Delivered,UPI,Mobile App,,0.0
503663,12831,2024-11-22 08:27:00,Delivered,upi,Desktop,WELCOME15,0.0
503664,12751,2024-11-22 09:10:00,Delivered,upi,Desktop,,0.0
503665,12231,2024-11-22 11:40:00,DELIVERED,Net Banking,Mobile Web,,49.0
503666,10409,2024-11-22 14:04:00,Delivered,Upi,Mobile Web,,0.0
503667,12843,2024-11-22 18:00:00,Delivered,Cash on Delivery,Mobile Web,,0.0
503668,12830,2024-11-22 18:27:00,Returned,UPI,Mobile App,WELCOME15,0.0
503669,12819,2024-11-22 18:38:00,Delivered,CC,Mobile Web,WELCOME15,0.0
503670,10749,2024-11-22 18:58:00,DELIVERED,UPI,Mobile Web,,0.0
503671,12849,2024-11-22 20:02:00,delivered ,CC,Mobile App,WELCOME15,49.0
503672,12138,2024-11-22 22:16:00,delivered ,Debit Card,Mobile App,,0.0
503673,12853,2024-11-22 22:41:00,Delivered,UPI,Mobile App,WELCOME15,0.0
503674,12523,2024-11-23 08:39:00,Delivered,Net Banking,Mobile Web,SAVE5,0.0
503675,11689,2024-11-23 11:50:00,Delivered,Upi,Mobile Web,,0.0
503676,12855,2024-11-23 16:24:00,Delivered,UPI,Mobile App,SAVE5,0.0
503677,12781,2024-11-23 18:35:00,Delivered,UPI,Mobile App,,0.0
503678,12745,2024-11-23 21:25:00,Delivered,Debit Card,Mobile App,,0.0
503679,12482,2024-11-23 21:27:00,Delivered,Cash on Delivery,Mobile Web,,0.0
503680,12565,2024-11-23 21:55:00,Delivered,UPI,Mobile App,,0.0
503681,11505,2024-11-23 22:31:00,Returned,UPI,Mobile Web,,0.0
503682,12723,2024-11-24 08:50:00,Cancelled,Debit Card,Desktop,,0.0
503683,10908,2024-11-24 09:36:00,Delivered,Upi,Mobile App,,0.0
503684,12771,2024-11-24 09:45:00,Returned,Debit Card,Mobile App,,0.0
503685,11371,2024-11-24 09:59:00,returned ,UPI,Mobile App,,0.0
503686,12577,2024-11-24 11:39:00,Delivered,Credit Card,Mobile App,SAVE5,0.0
503687,11837,2024-11-24 13:33:00,Delivered,UPI,Desktop,,0.0
503688,11129,2024-11-24 14:16:00,Delivered,UPI,Desktop,,0.0
503689,12684,2024-11-24 17:09:00,DELIVERED,UPI,Desktop,,0.0
503690,12865,2024-11-24 18:01:00,Delivered,Credit Card,Desktop,,0.0
503691,12821,2024-11-24 18:41:00,Delivered,UPI,Mobile Web,WELCOME15,49.0
503692,12870,2024-11-24 19:55:00,Delivered,Cash on Delivery,Desktop,,0.0
503693,12066,2024-11-24 21:07:00,Delivered,Cash on Delivery,Mobile App,,0.0
503694,12868,2024-11-24 22:46:00,Delivered,UPI,Mobile App,,0.0
503695,12575,2024-11-24 23:05:00,Delivered,UPI,Desktop,,0.0
503695,12575,2024-11-24 23:05:00,Delivered,UPI,Desktop,,0.0
503696,12342,2024-11-25 09:12:00,DELIVERED,Credit Card,Mobile Web,,0.0
503697,12359,2024-11-25 11:59:00,delivered ,Credit Card,Mobile Web,,49.0
503698,12850,2024-11-25 14:30:00,DELIVERED,UPI,Mobile App,,0.0
503699,12861,2024-11-25 14:46:00,Delivered,CC,Mobile App,WELCOME15,0.0
503700,12633,2024-11-25 16:28:00,Delivered,UPI,Mobile App,,0.0
503701,12877,2024-11-25 17:33:00,delivered ,Debit Card,Mobile App,,0.0
503702,10467,2024-11-25 17:53:00,returned ,Upi,Mobile Web,,0.0
503703,12869,2024-11-25 19:13:00,Delivered,UPI,Desktop,WELCOME15,0.0
503704,11667,2024-11-25 19:40:00,Cancelled,Cash on Delivery,Mobile App,,0.0
503705,12854,2024-11-25 19:40:00,Cancelled,Credit Card,Mobile App,WELCOME15,0.0
503706,12568,2024-11-25 20:28:00,Delivered,Cash on Delivery,Mobile App,,0.0
503707,11396,2024-11-25 20:43:00,Delivered,UPI,Mobile Web,,0.0
503708,12862,2024-11-25 23:16:00,Delivered,Net Banking,Desktop,,0.0
503709,12881,2024-11-25 23:16:00,Delivered,UPI,Mobile Web,WELCOME15,0.0
503710,12860,2024-11-26 08:55:00,DELIVERED,Debit Card,Mobile Web,WELCOME15,0.0
503711,12489,2024-11-26 09:15:00,Delivered,CC,Mobile Web,SAVE5,0.0
503712,12803,2024-11-26 09:57:00,Delivered,Debit Card,Mobile App,WELCOME15,0.0
503713,12858,2024-11-26 10:21:00,Delivered,UPI,Mobile App,SAVE5,0.0
503714,11720,2024-11-26 10:39:00,Cancelled,UPI,Mobile Web,,0.0
503715,12872,2024-11-26 10:39:00,Returned,Cash on Delivery,Mobile App,,0.0
503716,11353,2024-11-26 15:02:00,Delivered,Credit Card,Mobile Web,,0.0
503717,11872,2024-11-26 15:47:00,DELIVERED,Credit Card,Mobile Web,,0.0
503718,12812,2024-11-26 18:16:00,Cancelled,Cash on Delivery,Mobile Web,,0.0
503719,12864,2024-11-26 19:25:00,DELIVERED,UPI,Desktop,WELCOME15,49.0
503720,12842,2024-11-26 19:56:00,Delivered,UPI,Desktop,,0.0
503721,12825,2024-11-26 21:18:00,delivered ,UPI,Mobile App,,0.0
503722,12883,2024-11-26 21:28:00,Returned,UPI,Desktop,,0.0
503723,12737,2024-11-26 23:15:00,DELIVERED,Net Banking,Mobile App,,0.0
503724,12856,2024-11-27 07:54:00,Delivered,Credit Card,Mobile App,,0.0
503725,12797,2024-11-27 10:34:00,Delivered,UPI,Mobile App,,0.0
503726,12357,2024-11-27 11:25:00,Delivered,Cash on Delivery,Mobile App,,0.0
503727,11032,2024-11-27 13:08:00,Returned,Net Banking,Mobile Web,,0.0
503728,12874,2024-11-27 14:07:00,Cancelled,Debit Card,Mobile Web,WELCOME15,0.0
503729,12383,2024-11-27 14:11:00,Delivered,Cash on Delivery,Desktop,,0.0
503730,12895,2024-11-27 20:27:00,Delivered,upi,Mobile App,,0.0
503731,12899,2024-11-27 22:57:00,Delivered,Debit Card,Mobile Web,WELCOME15,0.0
503732,12789,2024-11-27 23:20:00,Delivered,upi,Desktop,,0.0
503733,11680,2024-11-27 23:22:00,Returned,Cash On Delivery,Desktop,,49.0
503734,12172,2024-11-28 07:28:00,Delivered,Cash on Delivery,Mobile App,,0.0
503735,12169,2024-11-28 10:08:00,Delivered,UPI,Mobile Web,,0.0
503736,10602,2024-11-28 10:29:00,Delivered,UPI,Mobile App,,0.0
503737,11970,2024-11-28 11:24:00,Delivered,Cash on Delivery,Mobile Web,,0.0
503738,12323,2024-11-28 11:32:00,Delivered,UPI,Desktop,,0.0
503739,12836,2024-11-28 19:31:00,Returned,Debit Card,Desktop,WELCOME15,0.0
503740,12905,2024-11-28 19:52:00,Delivered,Credit Card,Mobile App,WELCOME15,0.0
503741,12891,2024-11-28 20:43:00,Delivered,COD,Mobile Web,,0.0
503742,11496,2024-11-28 22:52:00,Delivered,Net Banking,Desktop,,0.0
503743,12911,2024-11-28 23:16:00,Delivered,Debit Card,Mobile App,,0.0
503744,12583,2024-11-29 07:19:00,Delivered,UPI,Mobile App,,0.0
503745,12896,2024-11-29 09:34:00,Delivered,Upi,Mobile App,,0.0
503746,12809,2024-11-29 10:22:00,Delivered,UPI,Mobile Web,,49.0
503747,12917,2024-11-29 10:39:00,Delivered,UPI,Desktop,,0.0
503748,12904,2024-11-29 12:11:00,Delivered,Credit Card,Mobile Web,WELCOME15,0.0
503749,10501,2024-11-29 13:40:00,Delivered,UPI,Desktop,,0.0
503750,12873,2024-11-29 16:00:00,Returned,debit card,Mobile App,,0.0
503751,12351,2024-11-29 16:15:00,Returned,Upi,Mobile Web,SAVE5,0.0
503752,12696,2024-11-29 20:24:00,Delivered,Upi,Desktop,WELCOME15,0.0
503753,12787,2024-11-29 20:26:00,Delivered,UPI,Mobile Web,,0.0
503754,11490,2024-11-30 08:52:00,Delivered,credit card,Mobile App,,49.0
503755,12462,2024-11-30 15:22:00,DELIVERED,Cash on Delivery,Mobile Web,,0.0
503756,12916,2024-11-30 18:37:00,Delivered,UPI,Mobile App,WELCOME15,0.0
503757,12878,2024-11-30 19:09:00,Delivered,UPI,Mobile Web,,0.0
503758,12914,2024-11-30 20:11:00,Delivered,credit card,Mobile Web,SAVE5,0.0
503759,12892,2024-11-30 20:34:00,Delivered,Net Banking,Mobile App,WELCOME15,0.0
503760,11442,2024-11-30 21:14:00,Returned,Cash on Delivery,Mobile App,,0.0
503761,11403,2024-11-30 21:45:00,Delivered,UPI,Mobile App,,0.0
503762,12889,2024-11-30 23:19:00,Delivered,Upi,Mobile Web,,0.0
503763,12923,2024-12-01 07:25:00,Delivered,UPI,Mobile App,WELCOME15,0.0
503764,12187,2024-12-01 09:41:00,Delivered,Cash on Delivery,Mobile Web,,0.0
503765,12875,2024-12-01 09:52:00,Delivered,Credit Card,Mobile App,WELCOME15,0.0
503766,12419,2024-12-01 10:37:00,delivered ,UPI,Mobile App,,0.0
503767,12930,2024-12-01 11:13:00,Delivered,Debit Card,Mobile App,WELCOME15,0.0
503768,12924,2024-12-01 11:21:00,Delivered,UPI,Mobile App,WELCOME15,0.0
503769,11422,2024-12-01 11:35:00,Delivered,Cash on Delivery,Mobile App,,0.0
503770,12838,2024-12-01 11:47:00,Delivered,Debit Card,Mobile Web,WELCOME15,0.0
503771,12857,2024-12-01 13:01:00,delivered ,UPI,Mobile App,WELCOME15,0.0
503772,12828,2024-12-01 13:05:00,Delivered,UPI,Mobile App,,0.0
503773,12903,2024-12-01 15:44:00,Delivered,UPI,Mobile Web,,0.0
503774,12922,2024-12-01 20:22:00,Delivered,UPI,Mobile App,WELCOME15,0.0
503775,11511,2024-12-01 21:33:00,DELIVERED,UPI,Desktop,,0.0
503776,10544,2024-12-01 21:35:00,Delivered,UPI,Desktop,,49.0
503777,12837,2024-12-02 07:17:00,Delivered,Debit Card,Mobile Web,SAVE5,0.0
503778,12942,2024-12-02 08:47:00,delivered ,COD,Mobile App,,0.0
503779,11487,2024-12-02 10:07:00,Delivered,Net Banking,Mobile App,,0.0
503780,12928,2024-12-02 11:06:00,delivered ,credit card,Mobile Web,,0.0
503781,11496,2024-12-02 12:58:00,DELIVERED,Net Banking,Desktop,,0.0
503782,12858,2024-12-02 13:02:00,Delivered,DC,Mobile Web,,49.0
503783,12920,2024-12-02 13:31:00,DELIVERED,upi,Mobile App,,0.0
503784,11531,2024-12-02 13:36:00,Delivered,UPI,Mobile App,,0.0
503785,12894,2024-12-02 14:43:00,DELIVERED,Credit Card,Desktop,,0.0
503786,10822,2024-12-02 15:34:00,DELIVERED,UPI,Mobile App,,0.0
503787,12926,2024-12-02 17:07:00,Delivered,Credit Card,Mobile Web,,0.0
503788,11720,2024-12-02 21:28:00,Delivered,credit card,Mobile Web,,0.0
503789,12929,2024-12-02 22:07:00,Returned,Cash on Delivery,Desktop,WELCOME15,49.0
503790,11377,2024-12-02 22:38:00,Delivered,UPI,Mobile Web,,0.0
503791,12886,2024-12-02 23:43:00,Delivered,Credit Card,Mobile App,WELCOME15,49.0
503792,12898,2024-12-03 07:10:00,Delivered,Upi,Mobile App,,49.0
503793,12934,2024-12-03 09:37:00,Delivered,Upi,Mobile App,WELCOME15,0.0
503794,11661,2024-12-03 11:22:00,CANCELLED,Debit Card,Mobile Web,,0.0
503795,12910,2024-12-03 11:28:00,Delivered,Cash on Delivery,Desktop,SAVE5,0.0
503796,10901,2024-12-03 12:47:00,Delivered,upi,Mobile App,,0.0
503797,12826,2024-12-03 12:47:00,DELIVERED,Credit Card,Mobile Web,,0.0
503798,12867,2024-12-03 15:34:00,Delivered,UPI,Mobile Web,,0.0
503799,12107,2024-12-03 17:24:00,Delivered,Credit Card,Mobile Web,,0.0
503800,12936,2024-12-03 17:56:00,DELIVERED,upi,Mobile Web,,49.0
503801,12947,2024-12-03 21:33:00,Delivered,UPI,Desktop,WELCOME15,0.0
503802,12944,2024-12-03 23:23:00,Delivered,upi,Mobile App,WELCOME15,0.0
503803,12923,2024-12-04 09:10:00,Delivered,Credit Card,Mobile App,,0.0
503804,12215,2024-12-04 09:38:00,Delivered,UPI,Desktop,,0.0
503805,11960,2024-12-04 09:40:00,Returned,Credit Card,Mobile Web,,0.0
503806,12913,2024-12-04 11:26:00,Delivered,Credit Card,Mobile App,,0.0
503807,12783,2024-12-04 13:23:00,Delivered,Upi,Mobile Web,,0.0
503808,12932,2024-12-04 15:21:00,Delivered,UPI,Mobile App,WELCOME15,0.0
503809,12949,2024-12-04 16:31:00,DELIVERED,UPI,Mobile App,WELCOME15,0.0
503810,12089,2024-12-04 16:34:00,Delivered,Credit Card,Mobile App,,0.0
503811,12175,2024-12-04 19:04:00,Returned,Cash on Delivery,Mobile App,,0.0
503812,12267,2024-12-04 20:41:00,Returned,Credit Card,Mobile Web,,0.0
503813,12824,2024-12-04 21:30:00,RETURNED,UPI,Mobile Web,,0.0
503814,12925,2024-12-04 22:08:00,Delivered,upi,Mobile App,WELCOME15,0.0
503815,12959,2024-12-04 22:20:00,Delivered,UPI,Mobile Web,WELCOME15,0.0
503816,10061,2024-12-05 07:44:00,Delivered,CC,Desktop,,0.0
503817,11430,2024-12-05 07:54:00,DELIVERED,Credit Card,Mobile App,,0.0
503818,12940,2024-12-05 09:12:00,delivered ,Cash On Delivery,Mobile App,WELCOME15,0.0
503819,11666,2024-12-05 09:21:00,Delivered,upi,Mobile Web,,0.0
503820,12927,2024-12-05 09:38:00,Delivered,Cash on Delivery,Mobile Web,WELCOME15,0.0
503821,12933,2024-12-05 10:25:00,Delivered,credit card,Mobile Web,,49.0
503822,11812,2024-12-05 11:54:00,Delivered,UPI,Mobile App,,0.0
503823,12952,2024-12-05 12:27:00,Returned,UPI,Mobile Web,WELCOME15,0.0
503824,12357,2024-12-05 13:39:00,Delivered,Debit Card,Mobile App,,0.0
503825,12945,2024-12-05 15:44:00,Delivered,upi,Mobile Web,SAVE5,49.0
503826,12950,2024-12-05 20:46:00,Delivered,UPI,Desktop,,0.0
503827,12915,2024-12-05 20:59:00,delivered ,UPI,Mobile App,WELCOME15,0.0
503828,10696,2024-12-05 21:41:00,DELIVERED,Cash on Delivery,Desktop,,0.0
503829,12282,2024-12-05 22:39:00,Delivered,credit card,Mobile App,,0.0
503830,12539,2024-12-05 23:30:00,Delivered,UPI,Mobile Web,,0.0
503831,12970,2024-12-06 07:26:00,Delivered,Cash On Delivery,Mobile Web,WELCOME15,0.0
503832,12946,2024-12-06 07:56:00,Delivered,UPI,Mobile App,WELCOME15,0.0
503833,12322,2024-12-06 09:05:00,Delivered,UPI,Mobile Web,,0.0
503834,12960,2024-12-06 09:11:00,Delivered,UPI,Desktop,,0.0
503835,11943,2024-12-06 09:21:00,Delivered,Cash on Delivery,Mobile Web,,0.0
503836,12143,2024-12-06 09:32:00,returned ,Cash on Delivery,Mobile App,,0.0
503837,12935,2024-12-06 14:09:00,Delivered,UPI,Mobile App,,0.0
503838,12963,2024-12-06 15:45:00,Delivered,upi,Mobile App,,0.0
503839,11901,2024-12-06 16:43:00,Delivered,UPI,Mobile App,,0.0
503840,12409,2024-12-06 20:45:00,DELIVERED,UPI,Mobile Web,,0.0
503841,11587,2024-12-06 20:56:00,Delivered,UPI,Mobile App,,0.0
503842,12791,2024-12-06 22:56:00,Delivered,UPI,Desktop,,0.0
503843,12906,2024-12-07 08:06:00,cancelled ,UPI,Mobile App,WELCOME15,49.0
503844,10103,2024-12-07 10:03:00,Delivered,Credit Card,Mobile Web,,0.0
503845,11573,2024-12-07 11:49:00,Delivered,Cash on Delivery,Mobile App,SAVE5,0.0
503846,11911,2024-12-07 11:55:00,delivered ,UPI,Mobile Web,,0.0
503847,11223,2024-12-07 12:05:00,Delivered,UPI,Mobile Web,,49.0
503848,12909,2024-12-07 13:26:00,Returned,upi,Mobile App,WELCOME15,0.0
503849,12974,2024-12-07 13:47:00,Delivered,UPI,Desktop,WELCOME15,0.0
503850,12958,2024-12-07 14:43:00,RETURNED,Cash on Delivery,Mobile App,,0.0
503851,12981,2024-12-07 16:35:00,Delivered,UPI,Mobile App,WELCOME15,0.0
503852,12857,2024-12-07 18:22:00,Delivered,Cash on Delivery,Desktop,,0.0
503853,12782,2024-12-07 19:44:00,Delivered,Credit Card,Mobile Web,WELCOME15,0.0
503854,12968,2024-12-07 21:45:00,Delivered,DC,Mobile App,,0.0
503855,11487,2024-12-07 22:45:00,Delivered,cod,Mobile App,,0.0
503856,11680,2024-12-07 22:50:00,Delivered,Cash On Delivery,Mobile App,,0.0
503857,11937,2024-12-08 07:48:00,Delivered,credit card,Desktop,,0.0
503858,12468,2024-12-08 08:46:00,DELIVERED,Credit Card,Mobile Web,,0.0
503859,12939,2024-12-08 10:45:00,DELIVERED,upi,Mobile App,WELCOME15,0.0
503860,10892,2024-12-08 14:45:00,DELIVERED,UPI,Mobile App,,0.0
503861,12824,2024-12-08 14:54:00,Delivered,UPI,Desktop,SAVE5,0.0
503862,12405,2024-12-08 17:47:00,DELIVERED,Upi,Desktop,,49.0
503863,12789,2024-12-08 20:13:00,Delivered,Cash on Delivery,Desktop,,0.0
503864,12079,2024-12-08 21:29:00,Delivered,Credit Card,Mobile App,,0.0
503865,11489,2024-12-08 23:42:00,Delivered,Credit Card,Mobile Web,,0.0
503866,12424,2024-12-08 23:50:00,Delivered,Cash on Delivery,Mobile Web,,0.0
503867,12951,2024-12-09 07:22:00,Delivered,Cash on Delivery,Mobile Web,,49.0
503868,12979,2024-12-09 07:29:00,Delivered,Cash on Delivery,Mobile Web,WELCOME15,0.0
503869,12969,2024-12-09 07:44:00,Delivered,Cash on Delivery,Mobile App,,0.0
503870,11295,2024-12-09 08:34:00,delivered ,Cash on Delivery,Mobile Web,,49.0
503871,12937,2024-12-09 08:40:00,delivered ,UPI,Mobile App,,0.0
503872,12431,2024-12-09 09:24:00,Delivered,UPI,Mobile Web,,0.0
503873,12955,2024-12-09 09:43:00,delivered ,UPI,Mobile App,WELCOME15,0.0
503874,12966,2024-12-09 10:03:00,DELIVERED,Cash on Delivery,Mobile Web,WELCOME15,0.0
503875,13002,2024-12-09 11:00:00,Delivered,UPI,Mobile Web,,0.0
503876,10606,2024-12-09 11:51:00,Delivered,Cash On Delivery,Mobile App,,49.0
503877,12653,2024-12-09 13:27:00,Delivered,UPI,Mobile App,SAVE5,0.0
503878,12994,2024-12-09 14:30:00,Delivered,UPI,Mobile App,WELCOME15,0.0
503879,12976,2024-12-09 19:59:00,delivered ,UPI,Desktop,,0.0
503880,11532,2024-12-09 22:02:00,Delivered,Credit Card,Mobile Web,SAVE5,49.0
503881,11913,2024-12-09 22:23:00,Delivered,UPI,Desktop,,0.0
503882,12772,2024-12-09 23:45:00,Delivered,Cash on Delivery,Mobile App,,0.0
503883,12993,2024-12-10 07:39:00,Delivered,Upi,Mobile Web,,0.0
503884,12988,2024-12-10 09:36:00,Returned,Debit Card,Desktop,,0.0
503885,11696,2024-12-10 09:52:00,Delivered,Credit Card,Mobile App,,0.0
503886,12862,2024-12-10 10:08:00,Delivered,Credit Card,Mobile App,,0.0
503887,10481,2024-12-10 10:34:00,DELIVERED,Net Banking,Mobile App,,0.0
503888,11867,2024-12-10 10:48:00,Delivered,UPI,Mobile Web,,49.0
503889,12349,2024-12-10 12:46:00,Delivered,Credit Card,Mobile Web,,0.0
503890,13013,2024-12-10 13:55:00,DELIVERED,CC,Mobile Web,,0.0
503891,12954,2024-12-10 15:46:00,Returned,UPI,Mobile App,WELCOME15,0.0
503892,12315,2024-12-10 15:54:00,delivered ,UPI,Mobile Web,,0.0
503893,12855,2024-12-10 15:58:00,DELIVERED,UPI,Mobile Web,,0.0
503894,12984,2024-12-10 16:07:00,Delivered,UPI,Mobile Web,WELCOME15,0.0
503895,12986,2024-12-10 19:11:00,Delivered,Cash on Delivery,Mobile App,,0.0
503896,12283,2024-12-10 19:28:00,DELIVERED,UPI,Mobile App,,0.0
503897,11963,2024-12-10 21:52:00,Delivered,Credit Card,Desktop,,0.0
503898,12265,2024-12-10 21:55:00,Delivered,UPI,Mobile Web,,49.0
503899,13010,2024-12-10 23:03:00,Delivered,UPI,Desktop,,0.0
503900,12989,2024-12-10 23:04:00,Delivered,UPI,Mobile Web,WELCOME15,0.0
503901,12434,2024-12-10 23:18:00,Delivered,UPI,Desktop,,0.0
503902,13008,2024-12-11 07:09:00,Delivered,upi,Desktop,WELCOME15,0.0
503903,11113,2024-12-11 08:18:00,Delivered,UPI,Desktop,,0.0
503904,12990,2024-12-11 10:06:00,Cancelled,UPI,Mobile Web,,0.0
503905,11161,2024-12-11 11:39:00,Delivered,upi,Mobile App,,0.0
503906,11737,2024-12-11 14:43:00,Delivered,upi,Desktop,,0.0
503907,12978,2024-12-11 15:40:00,Delivered,UPI,Mobile App,,0.0
503908,13019,2024-12-11 17:19:00,Delivered,UPI,Desktop,WELCOME15,0.0
503909,12422,2024-12-11 19:50:00,Delivered,Net Banking,Mobile Web,,0.0
503910,11666,2024-12-12 08:22:00,Delivered,Credit Card,Mobile Web,,0.0
503911,13029,2024-12-12 09:12:00,Delivered,UPI,Mobile App,WELCOME15,0.0
503912,11139,2024-12-12 11:47:00,delivered ,UPI,Mobile App,,0.0
503913,12902,2024-12-12 12:45:00,Returned,Credit Card,Mobile Web,WELCOME15,0.0
503914,13032,2024-12-12 14:00:00,delivered ,Cash on Delivery,Mobile Web,WELCOME15,49.0
503915,12987,2024-12-12 14:39:00,Delivered,Credit Card,Mobile App,WELCOME15,0.0
503916,11819,2024-12-12 14:41:00,Delivered,Cash On Delivery,Mobile App,SAVE5,0.0
503917,13033,2024-12-12 15:19:00,Delivered,UPI,Mobile App,WELCOME15,0.0
503918,12565,2024-12-12 16:23:00,Delivered,Credit Card,Mobile App,,0.0
503919,12972,2024-12-12 17:46:00,Delivered,UPI,Mobile Web,WELCOME15,0.0
503920,13021,2024-12-12 17:58:00,Delivered,UPI,Mobile App,,0.0
503921,12185,2024-12-12 18:32:00,Delivered,UPI,Desktop,,0.0
503922,12964,2024-12-12 22:55:00,Delivered,Credit Card,Mobile App,,49.0
503923,12983,2024-12-12 23:20:00,Delivered,Cash on Delivery,Mobile Web,,0.0
503924,12941,2024-12-12 23:54:00,Delivered,Debit Card,Mobile App,WELCOME15,0.0
503925,13018,2024-12-13 09:18:00,Delivered,Credit Card,Mobile App,WELCOME15,0.0
503926,12944,2024-12-13 10:12:00,Delivered,UPI,Desktop,,0.0
503927,12895,2024-12-13 11:39:00,DELIVERED,UPI,Desktop,,0.0
503928,12167,2024-12-13 11:59:00,Delivered,COD,Mobile App,,0.0
503929,13024,2024-12-13 13:13:00,Delivered,UPI,Mobile App,WELCOME15,0.0
503930,13027,2024-12-13 15:20:00,Delivered,Debit Card,Mobile Web,,0.0
503931,13034,2024-12-13 16:02:00,Delivered,DC,Mobile App,WELCOME15,0.0
503932,12209,2024-12-13 16:07:00,Delivered,Upi,Mobile App,,0.0
503933,12555,2024-12-13 17:27:00,Delivered,Cash on Delivery,Mobile Web,,0.0
503934,12812,2024-12-13 17:59:00,Delivered,Credit Card,Desktop,,0.0
503935,11519,2024-12-13 19:34:00,Delivered,Debit Card,Desktop,,0.0
503936,12210,2024-12-13 21:08:00,Delivered,DC,Mobile App,,0.0
503937,13017,2024-12-13 22:46:00,Delivered,Net Banking,Mobile App,WELCOME15,0.0
503938,12967,2024-12-13 23:10:00,RETURNED,Net Banking,Mobile Web,WELCOME15,0.0
503939,13005,2024-12-13 23:11:00,Delivered,Credit Card,Mobile Web,WELCOME15,0.0
503940,13022,2024-12-13 23:23:00,Delivered,Cash on Delivery,Mobile App,WELCOME15,0.0
503941,12971,2024-12-13 23:48:00,delivered ,Cash on Delivery,Mobile App,WELCOME15,0.0
503942,13051,2024-12-14 12:48:00,Delivered,Cash on Delivery,Mobile App,,0.0
503943,13007,2024-12-14 13:32:00,Delivered,Upi,Mobile Web,,0.0
503944,12996,2024-12-14 14:46:00,DELIVERED,upi,Desktop,WELCOME15,0.0
503945,13041,2024-12-14 14:55:00,Delivered,Cash on Delivery,Mobile App,,0.0
503946,12762,2024-12-14 15:32:00,Delivered,UPI,Mobile App,,0.0
503947,11505,2024-12-14 16:40:00,Delivered,UPI,Mobile Web,,0.0
503948,12975,2024-12-14 16:58:00,Delivered,UPI,Mobile App,,0.0
503949,12943,2024-12-14 17:09:00,Delivered,Upi,Mobile App,,0.0
503950,13014,2024-12-14 17:43:00,delivered ,UPI,Mobile App,,0.0
503951,12372,2024-12-14 17:59:00,Delivered,Upi,Desktop,,0.0
503952,12567,2024-12-14 18:17:00,delivered ,UPI,Desktop,,49.0
503953,12320,2024-12-14 19:26:00,Returned,UPI,Mobile Web,,0.0
503954,13011,2024-12-14 20:16:00,cancelled ,Cash on Delivery,Mobile App,WELCOME15,0.0
503955,13004,2024-12-14 21:46:00,Delivered,Cash on Delivery,Desktop,WELCOME15,0.0
503956,13016,2024-12-14 21:50:00,DELIVERED,Debit Card,Mobile App,,0.0
503957,13048,2024-12-14 22:01:00,Returned,Debit Card,Desktop,WELCOME15,49.0
503958,11057,2024-12-14 23:25:00,Cancelled,Cash on Delivery,Desktop,,0.0
503959,13020,2024-12-15 08:03:00,Delivered,UPI,Mobile App,,0.0
503960,13006,2024-12-15 08:39:00,Delivered,Cash on Delivery,Mobile Web,WELCOME15,0.0
503961,13061,2024-12-15 09:22:00,Delivered,UPI,Desktop,,49.0
503962,11487,2024-12-15 11:11:00,Delivered,Credit Card,Mobile App,,0.0
503963,12084,2024-12-15 11:42:00,Delivered,Credit Card,Mobile App,,0.0
503964,10061,2024-12-15 11:43:00,delivered ,upi,Desktop,,0.0
503965,11950,2024-12-15 15:45:00,Delivered,UPI,Mobile App,,0.0
503966,11960,2024-12-15 16:39:00,Returned,Debit Card,Mobile App,,0.0
503967,13037,2024-12-15 19:49:00,Delivered,Debit Card,Mobile Web,SAVE5,0.0
503968,12953,2024-12-15 20:20:00,Delivered,Net Banking,Mobile Web,WELCOME15,0.0
503969,13058,2024-12-15 20:49:00,Delivered,Debit Card,Desktop,,0.0
503970,13030,2024-12-16 08:09:00,Delivered,CC,Desktop,WELCOME15,0.0
503971,13015,2024-12-16 08:26:00,returned ,Upi,Mobile Web,WELCOME15,0.0
503972,13055,2024-12-16 10:02:00,Delivered,Credit Card,Mobile Web,WELCOME15,0.0
503973,13026,2024-12-16 11:43:00,DELIVERED,UPI,Mobile App,,0.0
503974,12157,2024-12-16 12:07:00,Delivered,UPI,Mobile Web,,0.0
503975,12781,2024-12-16 14:33:00,Delivered,Credit Card,Desktop,,0.0
503976,12076,2024-12-16 17:00:00,delivered ,Net Banking,Mobile Web,,0.0
503977,12296,2024-12-16 19:59:00,DELIVERED,UPI,Mobile App,,0.0
503978,13070,2024-12-16 21:09:00,Delivered,CC,Mobile App,WELCOME15,0.0
503979,11902,2024-12-17 09:37:00,Delivered,Debit Card,Mobile Web,,0.0
503980,12830,2024-12-17 10:49:00,Delivered,Cash on Delivery,Mobile App,,0.0
503981,13057,2024-12-17 13:20:00,Delivered,Cash on Delivery,Desktop,,0.0
503982,12637,2024-12-17 13:40:00,Returned,UPI,Desktop,,0.0
503983,13044,2024-12-17 14:01:00,Delivered,cod,Mobile App,WELCOME15,0.0
503984,13075,2024-12-17 15:02:00,Delivered,Net Banking,Desktop,,0.0
503985,12959,2024-12-17 16:43:00,Delivered,Credit Card,Mobile Web,SAVE5,0.0
503985,12959,2024-12-17 16:43:00,Delivered,Credit Card,Mobile Web,SAVE5,0.0
503986,13088,2024-12-18 08:05:00,Delivered,Credit Card,Desktop,SAVE5,0.0
503987,13072,2024-12-18 09:22:00,Delivered,UPI,Mobile Web,WELCOME15,0.0
503988,13068,2024-12-18 12:22:00,Delivered,Net Banking,Mobile App,,0.0
503989,13067,2024-12-18 13:29:00,Delivered,UPI,Mobile App,,0.0
503990,13050,2024-12-18 16:05:00,Delivered,upi,Mobile Web,,0.0
503991,12320,2024-12-18 16:20:00,CANCELLED,Cash on Delivery,Mobile App,,49.0
503992,12563,2024-12-18 17:29:00,Delivered,Upi,Mobile App,,0.0
503993,13071,2024-12-18 20:22:00,DELIVERED,COD,Mobile Web,,0.0
503994,13081,2024-12-18 20:53:00,Delivered,Credit Card,Desktop,WELCOME15,0.0
503995,12400,2024-12-18 22:11:00,delivered ,UPI,Mobile App,,0.0
503996,13082,2024-12-18 22:53:00,Returned,Cash on Delivery,Mobile App,WELCOME15,0.0
503997,13022,2024-12-18 22:57:00,delivered ,Cash on Delivery,Mobile App,,0.0
503998,13094,2024-12-19 07:48:00,returned ,UPI,Mobile Web,WELCOME15,0.0
503999,13025,2024-12-19 11:14:00,Delivered,Cash on Delivery,Mobile App,,0.0
504000,13028,2024-12-19 12:08:00,DELIVERED,Upi,Mobile Web,WELCOME15,0.0
504001,12756,2024-12-19 12:10:00,delivered ,UPI,Mobile Web,SAVE5,0.0
504002,10521,2024-12-19 13:12:00,Delivered,Cash on Delivery,Mobile App,,49.0
504003,12801,2024-12-19 13:59:00,Returned,upi,Mobile Web,,0.0
504004,13076,2024-12-19 15:03:00,Delivered,Credit Card,Mobile App,WELCOME15,0.0
504005,12104,2024-12-19 15:15:00,Delivered,Net Banking,Desktop,,0.0
504006,11490,2024-12-19 15:16:00,Delivered,UPI,Mobile Web,,0.0
504007,13045,2024-12-19 17:28:00,Delivered,Debit Card,Mobile App,,49.0
504008,13070,2024-12-19 19:46:00,Delivered,UPI,Mobile Web,,0.0
504009,12566,2024-12-19 22:08:00,Delivered,Debit Card,Mobile App,,49.0
504010,13107,2024-12-20 08:00:00,Delivered,upi,Mobile App,WELCOME15,49.0
504011,13066,2024-12-20 08:20:00,delivered ,Credit Card,Mobile App,,0.0
504012,13104,2024-12-20 08:47:00,Delivered,UPI,Mobile App,WELCOME15,0.0
504013,11520,2024-12-20 09:24:00,Cancelled,Net Banking,Mobile Web,SAVE5,0.0
504014,13035,2024-12-20 11:37:00,Delivered,UPI,Mobile Web,WELCOME15,0.0
504015,12757,2024-12-20 11:46:00,Delivered,Debit Card,Mobile App,,0.0
504016,13098,2024-12-20 12:36:00,RETURNED,Cash on Delivery,Mobile App,,0.0
504017,13112,2024-12-20 12:57:00,Delivered,UPI,Mobile Web,,0.0
504018,13086,2024-12-20 13:08:00,Delivered,COD,Desktop,WELCOME15,0.0
504019,13090,2024-12-20 14:00:00,DELIVERED,credit card,Mobile Web,WELCOME15,0.0
504020,13080,2024-12-20 15:56:00,Delivered,Credit Card,Mobile App,,0.0
504021,13091,2024-12-20 17:36:00,Delivered,Credit Card,Mobile App,WELCOME15,0.0
504022,11489,2024-12-20 19:54:00,Delivered,Debit Card,Mobile App,,0.0
504023,13109,2024-12-20 23:02:00,Delivered,Credit Card,Mobile Web,WELCOME15,0.0
504024,12899,2024-12-20 23:09:00,Delivered,Cash on Delivery,Mobile App,,0.0
504025,13038,2024-12-21 08:45:00,Delivered,Cash on Delivery,Mobile App,WELCOME15,0.0
504026,12875,2024-12-21 09:50:00,DELIVERED,UPI,Mobile Web,,0.0
504027,12105,2024-12-21 10:30:00,DELIVERED,UPI,Mobile App,,0.0
504028,12209,2024-12-21 14:18:00,Delivered,UPI,Mobile App,,0.0
504029,13087,2024-12-21 15:13:00,Delivered,UPI,Mobile App,,0.0
504030,10063,2024-12-21 15:37:00,Delivered,UPI,Mobile Web,,0.0
504031,13124,2024-12-21 16:52:00,Delivered,Cash on Delivery,Mobile Web,WELCOME15,0.0
504032,13089,2024-12-21 17:14:00,Delivered,Cash on Delivery,Desktop,WELCOME15,0.0
504032,13089,2024-12-21 17:14:00,Delivered,Cash on Delivery,Desktop,WELCOME15,0.0
504033,12393,2024-12-21 17:46:00,Delivered,UPI,Mobile App,,0.0
504034,12676,2024-12-21 19:43:00,delivered ,upi,Mobile App,,0.0
504035,13054,2024-12-21 20:08:00,Delivered,COD,Mobile Web,WELCOME15,0.0
504036,13079,2024-12-21 22:42:00,Cancelled,Debit Card,Mobile Web,WELCOME15,0.0
504037,13039,2024-12-21 22:48:00,delivered ,UPI,Mobile Web,WELCOME15,0.0
504038,13117,2024-12-21 23:09:00,delivered ,UPI,Mobile Web,WELCOME15,0.0
504039,11689,2024-12-21 23:38:00,DELIVERED,UPI,Mobile Web,,0.0
504040,13118,2024-12-21 23:47:00,RETURNED,Credit Card,Mobile Web,WELCOME15,0.0
504041,10286,2024-12-22 07:13:00,Delivered,UPI,Mobile App,,49.0
504042,13063,2024-12-22 07:20:00,Returned,Cash on Delivery,Desktop,WELCOME15,0.0
504043,13099,2024-12-22 09:08:00,Delivered,UPI,Desktop,,0.0
504044,13001,2024-12-22 12:29:00,Delivered,Credit Card,Mobile App,WELCOME15,0.0
504045,13138,2024-12-22 15:55:00,Delivered,upi,Mobile Web,WELCOME15,0.0
504046,12434,2024-12-22 15:59:00,Delivered,UPI,Mobile Web,,0.0
504047,13105,2024-12-22 16:39:00,delivered ,Net Banking,Mobile App,,0.0
504048,13137,2024-12-22 18:33:00,Delivered,UPI,Desktop,WELCOME15,0.0
504049,13132,2024-12-22 18:35:00,Delivered,UPI,Mobile Web,,0.0
504050,12610,2024-12-22 19:22:00,Delivered,CC,Mobile Web,,0.0
504051,13135,2024-12-22 20:03:00,Delivered,UPI,Mobile Web,WELCOME15,49.0
504052,13113,2024-12-22 20:21:00,Delivered,UPI,Mobile App,WELCOME15,0.0
504053,13131,2024-12-22 21:43:00,Cancelled,Cash on Delivery,Mobile Web,,0.0
504054,13096,2024-12-22 23:06:00,Delivered,UPI,Mobile Web,,0.0
504055,13092,2024-12-22 23:53:00,delivered ,Debit Card,Desktop,WELCOME15,0.0
504056,12822,2024-12-23 07:25:00,Delivered,UPI,Mobile Web,,0.0
504057,12198,2024-12-23 09:52:00,Delivered,debit card,Mobile App,,0.0
504058,13130,2024-12-23 11:54:00,Delivered,UPI,Mobile App,WELCOME15,0.0
504059,13122,2024-12-23 12:04:00,Delivered,UPI,Mobile App,,0.0
504060,13000,2024-12-23 12:39:00,Delivered,Net Banking,Desktop,SAVE5,0.0
504061,13108,2024-12-23 12:44:00,Delivered,Credit Card,Mobile Web,WELCOME15,0.0
504062,13004,2024-12-23 14:19:00,Delivered,Credit Card,Mobile App,,0.0
504063,13049,2024-12-23 17:07:00,Delivered,UPI,Mobile App,,0.0
504064,12314,2024-12-23 17:12:00,Delivered,UPI,Mobile Web,,0.0
504065,12788,2024-12-23 18:20:00,Delivered,UPI,Desktop,,0.0
504066,13110,2024-12-23 18:50:00,Delivered,UPI,Mobile App,,0.0
504067,12688,2024-12-23 21:47:00,Delivered,Credit Card,Desktop,,0.0
504068,12668,2024-12-24 09:56:00,Delivered,UPI,Mobile Web,SAVE5,0.0
504069,12473,2024-12-24 10:10:00,Delivered,UPI,Mobile Web,,0.0
504070,13103,2024-12-24 12:52:00,Returned,UPI,Mobile App,WELCOME15,0.0
504071,10345,2024-12-24 15:18:00,Delivered,UPI,Mobile App,,0.0
504072,13150,2024-12-24 16:57:00,Cancelled,Cash on Delivery,Mobile App,,0.0
504073,11741,2024-12-24 17:34:00,DELIVERED,UPI,Mobile Web,SAVE5,0.0
504074,10667,2024-12-24 19:03:00,Delivered,UPI,Mobile Web,,0.0
504075,12996,2024-12-24 19:30:00,Delivered,Debit Card,Mobile Web,,0.0
504076,13009,2024-12-25 09:01:00,Delivered,Cash on Delivery,Mobile Web,WELCOME15,0.0
504077,13146,2024-12-25 10:00:00,Returned,UPI,Desktop,,0.0
504078,13115,2024-12-25 12:13:00,Delivered,UPI,Desktop,,0.0
504079,13158,2024-12-25 12:33:00,Delivered,Net Banking,Mobile Web,WELCOME15,0.0
504080,12331,2024-12-25 13:19:00,Delivered,Cash on Delivery,Mobile App,SAVE5,49.0
504081,13151,2024-12-25 14:09:00,Delivered,UPI,Mobile Web,WELCOME15,0.0
504082,12202,2024-12-25 14:19:00,DELIVERED,Credit Card,Mobile App,,0.0
504083,10178,2024-12-25 15:57:00,Delivered,UPI,Mobile App,,0.0
504084,12539,2024-12-25 19:12:00,Delivered,Cash on Delivery,Mobile App,,0.0
504085,11678,2024-12-25 19:20:00,Cancelled,Cash on Delivery,Desktop,,0.0
504086,12886,2024-12-25 21:00:00,Delivered,COD,Mobile Web,,0.0
504087,13162,2024-12-25 21:22:00,Delivered,Cash on Delivery,Mobile App,,0.0
504088,13157,2024-12-25 23:47:00,DELIVERED,UPI,Mobile App,WELCOME15,0.0
504089,12788,2024-12-26 08:01:00,Delivered,UPI,Mobile App,,0.0
504090,13168,2024-12-26 08:23:00,Delivered,UPI,Mobile App,WELCOME15,49.0
504091,13163,2024-12-26 08:44:00,returned ,Debit Card,Mobile App,,0.0
504092,13097,2024-12-26 08:44:00,Delivered,Cash on Delivery,Mobile App,,0.0
504093,13120,2024-12-26 09:18:00,DELIVERED,Cash on Delivery,Desktop,WELCOME15,0.0
504094,13126,2024-12-26 11:04:00,DELIVERED,UPI,Mobile Web,WELCOME15,0.0
504095,12800,2024-12-26 11:37:00,Delivered,Debit Card,Desktop,,0.0
504096,13084,2024-12-26 13:54:00,Delivered,Credit Card,Mobile App,,0.0
504097,13152,2024-12-26 15:46:00,DELIVERED,Debit Card,Mobile Web,,0.0
504098,13173,2024-12-26 16:04:00,Returned,credit card,Mobile Web,,0.0
504099,13170,2024-12-26 18:56:00,Delivered,UPI,Mobile App,,0.0
504100,11586,2024-12-26 20:51:00,Delivered,UPI,Mobile App,,0.0
504101,13095,2024-12-26 22:53:00,Delivered,Credit Card,Mobile App,,0.0
504102,13098,2024-12-27 07:06:00,DELIVERED,Cash on Delivery,Mobile App,,0.0
504103,13139,2024-12-27 07:33:00,Delivered,Credit Card,Desktop,,0.0
504104,13176,2024-12-27 08:08:00,Delivered,Credit Card,Desktop,,0.0
504105,13175,2024-12-27 11:08:00,Delivered,Cash On Delivery,Mobile App,WELCOME15,0.0
504106,13113,2024-12-27 11:30:00,Delivered,Debit Card,Mobile Web,,0.0
504107,10413,2024-12-27 14:42:00,DELIVERED,Net Banking,Mobile App,,0.0
504108,10966,2024-12-27 15:31:00,Delivered,Net Banking,Mobile App,,0.0
504109,13182,2024-12-27 16:40:00,Delivered,UPI,Mobile App,WELCOME15,0.0
504110,12473,2024-12-27 17:09:00,DELIVERED,UPI,Mobile App,,0.0
504111,12888,2024-12-27 17:44:00,Delivered,UPI,Mobile App,WELCOME15,0.0
504112,13109,2024-12-27 18:30:00,Delivered,Debit Card,Mobile Web,,0.0
504113,12564,2024-12-27 19:32:00,delivered ,UPI,Mobile App,,0.0
504114,13149,2024-12-27 20:34:00,Delivered,Cash on Delivery,Mobile App,,0.0
504115,13180,2024-12-27 21:02:00,Returned,Credit Card,Mobile Web,WELCOME15,0.0
504116,13134,2024-12-27 21:12:00,Delivered,Upi,Mobile App,WELCOME15,0.0
504117,13155,2024-12-28 07:34:00,DELIVERED,Debit Card,Mobile App,WELCOME15,0.0
504118,11626,2024-12-28 08:16:00,RETURNED,Upi,Desktop,SAVE5,0.0
504119,12892,2024-12-28 09:41:00,Delivered,Net Banking,Mobile Web,,0.0
504120,13159,2024-12-28 09:47:00,Returned,UPI,Mobile Web,WELCOME15,0.0
504121,13194,2024-12-28 10:32:00,DELIVERED,DC,Mobile Web,,0.0
504122,13181,2024-12-28 11:33:00,DELIVERED,Cash on Delivery,Mobile Web,WELCOME15,0.0
504123,10112,2024-12-28 12:11:00,delivered ,Credit Card,Mobile Web,,0.0
504124,11328,2024-12-28 12:14:00,Returned,UPI,Desktop,,0.0
504125,10040,2024-12-28 12:38:00,Delivered,Debit Card,Mobile Web,,0.0
504126,13133,2024-12-28 15:00:00,Delivered,Cash on Delivery,Mobile Web,,0.0
504127,10957,2024-12-28 15:39:00,Returned,UPI,Mobile Web,,0.0
504128,13177,2024-12-28 16:26:00,Delivered,UPI,Mobile Web,,0.0
504129,13141,2024-12-28 18:55:00,Delivered,Debit Card,Desktop,,0.0
504130,13184,2024-12-28 18:57:00,returned ,Credit Card,Mobile App,WELCOME15,0.0
504131,13189,2024-12-28 22:37:00,Delivered,Debit Card,Mobile App,WELCOME15,0.0
504132,13153,2024-12-29 08:20:00,DELIVERED,Credit Card,Mobile Web,,0.0
504133,13144,2024-12-29 08:40:00,Returned,UPI,Mobile App,,0.0
504134,13077,2024-12-29 09:14:00,DELIVERED,upi,Mobile App,,0.0
504135,11015,2024-12-29 10:26:00,DELIVERED,Cash on Delivery,Mobile App,SAVE5,0.0
504136,13111,2024-12-29 10:40:00,DELIVERED,UPI,Mobile App,,0.0
504137,13179,2024-12-29 11:54:00,Delivered,Credit Card,Desktop,,0.0
504138,13167,2024-12-29 12:14:00,DELIVERED,UPI,Mobile Web,,49.0
504139,12768,2024-12-29 12:20:00,Returned,UPI,Mobile App,,0.0
504140,13154,2024-12-29 14:19:00,Delivered,UPI,Mobile App,WELCOME15,0.0
504141,12881,2024-12-29 15:08:00,Delivered,Cash on Delivery,Mobile App,,0.0
504142,10057,2024-12-29 15:35:00,Returned,Credit Card,Desktop,,0.0
504143,13193,2024-12-29 16:30:00,Delivered,Credit Card,Desktop,WELCOME15,49.0
504144,13119,2024-12-29 16:45:00,Delivered,Upi,Mobile App,,0.0
504145,12058,2024-12-29 17:21:00,delivered ,Cash on Delivery,Desktop,,0.0
504146,13192,2024-12-29 18:13:00,delivered ,Credit Card,Mobile App,,0.0
504147,13164,2024-12-29 19:12:00,Delivered,Upi,Mobile App,,0.0
504148,13140,2024-12-29 20:18:00,Delivered,CC,Mobile App,WELCOME15,0.0
504149,13106,2024-12-29 20:19:00,CANCELLED,UPI,Mobile Web,,0.0
504150,13114,2024-12-29 20:37:00,DELIVERED,Cash on Delivery,Mobile App,WELCOME15,0.0
504151,13187,2024-12-29 21:40:00,Delivered,Cash On Delivery,Mobile App,WELCOME15,0.0
504152,12506,2024-12-29 22:23:00,DELIVERED,UPI,Mobile App,,0.0
504153,13169,2024-12-29 23:14:00,Delivered,Credit Card,Mobile Web,WELCOME15,0.0
504154,11960,2024-12-29 23:31:00,Delivered,Net Banking,Mobile App,SAVE5,0.0
504155,12042,2024-12-30 07:14:00,Delivered,upi,Mobile App,,0.0
504156,12232,2024-12-30 08:17:00,DELIVERED,COD,Mobile App,,0.0
504157,12191,2024-12-30 08:56:00,Returned,debit card,Mobile App,,0.0
504158,12211,2024-12-30 11:34:00,Delivered,UPI,Mobile App,,0.0
504159,10197,2024-12-30 12:01:00,delivered ,Credit Card,Mobile App,,0.0
504160,12626,2024-12-30 13:31:00,Delivered,Credit Card,Mobile App,,0.0
504161,13083,2024-12-30 14:23:00,delivered ,Debit Card,Mobile Web,SAVE5,0.0
504162,12616,2024-12-30 14:39:00,DELIVERED,UPI,Mobile App,,0.0
504163,12539,2024-12-30 15:39:00,Delivered,UPI,Mobile App,,0.0
504164,11496,2024-12-30 16:06:00,Delivered,Credit Card,Mobile Web,,0.0
504165,13199,2024-12-30 16:32:00,DELIVERED,Net Banking,Mobile App,WELCOME15,49.0
504166,13206,2024-12-30 17:21:00,delivered ,Cash on Delivery,Mobile App,WELCOME15,0.0
504167,12206,2024-12-30 18:29:00,Delivered,Cash on Delivery,Mobile Web,,0.0
504168,11994,2024-12-30 19:28:00,Delivered,Cash on Delivery,Mobile Web,,0.0
504169,13116,2024-12-30 20:10:00,Cancelled,Cash on Delivery,Mobile App,WELCOME15,49.0
504170,12260,2024-12-31 07:46:00,Delivered,Credit Card,Mobile App,,0.0
504171,12678,2024-12-31 08:13:00,Delivered,Net Banking,Mobile App,,0.0
504172,11148,2024-12-31 08:32:00,Delivered,Upi,Desktop,,0.0
504173,13211,2024-12-31 09:31:00,Delivered,Net Banking,Mobile App,,0.0
504174,12535,2024-12-31 10:39:00,Delivered,Cash on Delivery,Mobile App,,0.0
504175,11597,2024-12-31 11:03:00,Delivered,upi,Desktop,,0.0
504176,12940,2024-12-31 11:51:00,Delivered,Credit Card,Desktop,,49.0
504177,12819,2024-12-31 14:20:00,Delivered,UPI,Mobile App,,0.0
504178,13210,2024-12-31 14:34:00,RETURNED,Credit Card,Desktop,,0.0
504179,12181,2024-12-31 16:31:00,Delivered,upi,Desktop,,0.0
504180,13160,2024-12-31 17:16:00,delivered ,Credit Card,Mobile App,,0.0
504181,13201,2024-12-31 17:30:00,Delivered,Credit Card,Mobile App,,0.0
504182,11528,2024-12-31 17:45:00,Delivered,UPI,Mobile App,SAVE5,0.0
504183,12419,2024-12-31 20:20:00,Delivered,Cash on Delivery,Mobile Web,,0.0
504184,11140,2024-12-31 20:41:00,delivered ,Cash on Delivery,Mobile Web,,49.0
504185,13200,2024-12-31 20:41:00,Delivered,COD,Desktop,,0.0
504186,13195,2024-12-31 21:06:00,Delivered,Debit Card,Mobile App,,49.0
504187,13197,2024-12-31 22:30:00,Delivered,Net Banking,Desktop,WELCOME15,0.0
504188,12959,2025-01-01 08:27:00,Delivered,UPI,Mobile Web,,0.0
504189,10350,2025-01-01 09:55:00,Delivered,Credit Card,Desktop,,0.0
504190,13207,2025-01-01 11:31:00,Delivered,Debit Card,Mobile App,WELCOME15,0.0
504190,13207,2025-01-01 11:31:00,Delivered,Debit Card,Mobile App,WELCOME15,0.0
504191,13190,2025-01-01 12:02:00,Delivered,Net Banking,Mobile App,,49.0
504191,13190,2025-01-01 12:02:00,Delivered,Net Banking,Mobile App,,49.0
504192,13220,2025-01-01 14:29:00,Delivered,UPI,Mobile App,WELCOME15,0.0
504193,12858,2025-01-01 15:49:00,delivered ,Net Banking,Desktop,,0.0
504194,12458,2025-01-01 17:57:00,Delivered,UPI,Mobile Web,,0.0
504195,12050,2025-01-01 20:50:00,Delivered,UPI,Mobile App,,0.0
504196,11900,2025-01-01 22:01:00,DELIVERED,Credit Card,Mobile Web,,0.0
504197,11875,2025-01-01 23:51:00,delivered ,UPI,Desktop,,0.0
504198,13203,2025-01-02 11:30:00,Delivered,Upi,Desktop,WELCOME15,49.0
504199,13129,2025-01-02 12:13:00,Delivered,UPI,Mobile App,WELCOME15,0.0
504200,11819,2025-01-02 12:27:00,Delivered,Cash on Delivery,Mobile App,,0.0
504201,13185,2025-01-02 12:45:00,RETURNED,Credit Card,Mobile Web,,0.0
504202,13183,2025-01-02 12:50:00,Returned,Cash on Delivery,Mobile App,WELCOME15,0.0
504203,13100,2025-01-02 12:52:00,DELIVERED,Debit Card,Mobile App,,0.0
504204,13230,2025-01-02 13:27:00,DELIVERED,UPI,Mobile App,WELCOME15,49.0
504205,13213,2025-01-02 13:51:00,cancelled ,UPI,Mobile Web,WELCOME15,0.0
504206,13148,2025-01-02 16:13:00,DELIVERED,Credit Card,Mobile App,WELCOME15,0.0
504207,13188,2025-01-02 18:15:00,Delivered,Net Banking,Mobile Web,WELCOME15,49.0
504208,13224,2025-01-02 18:35:00,DELIVERED,Credit Card,Desktop,,0.0
504209,13186,2025-01-02 19:16:00,Delivered,Debit Card,Mobile Web,WELCOME15,0.0
504210,12175,2025-01-02 19:56:00,delivered ,Cash on Delivery,Mobile Web,,0.0
504211,13223,2025-01-02 20:11:00,Delivered,UPI,Mobile App,WELCOME15,0.0
504212,13215,2025-01-02 20:17:00,Delivered,UPI,Mobile App,WELCOME15,0.0
504213,11963,2025-01-02 20:53:00,Delivered,upi,Desktop,,0.0
504214,11081,2025-01-02 22:28:00,Delivered,UPI,Desktop,,0.0
504215,12565,2025-01-03 07:45:00,Delivered,UPI,Mobile Web,,0.0
504216,10092,2025-01-03 13:11:00,Delivered,Cash on Delivery,Desktop,,0.0
504217,13226,2025-01-03 15:04:00,Delivered,upi,Mobile Web,WELCOME15,0.0
504218,11848,2025-01-03 15:16:00,RETURNED,Upi,Mobile App,,0.0
504219,12381,2025-01-03 15:20:00,Delivered,UPI,Mobile Web,,0.0
504220,12566,2025-01-03 16:55:00,Delivered,Debit Card,Mobile Web,,0.0
504221,12103,2025-01-03 17:17:00,Returned,Debit Card,Mobile App,,0.0
504222,13019,2025-01-03 17:43:00,DELIVERED,Credit Card,Mobile Web,,0.0
504223,13236,2025-01-03 19:57:00,Delivered,UPI,Mobile App,,0.0
504224,13164,2025-01-03 20:16:00,Delivered,UPI,Mobile App,,0.0
504225,13231,2025-01-03 20:22:00,Delivered,UPI,Mobile App,WELCOME15,49.0
504226,11785,2025-01-04 09:15:00,Delivered,UPI,Mobile App,SAVE5,49.0
504227,12953,2025-01-04 11:27:00,delivered ,UPI,Mobile App,,0.0
504228,13238,2025-01-04 11:27:00,Returned,Credit Card,Mobile App,WELCOME15,0.0
504229,11973,2025-01-04 14:32:00,Delivered,Cash on Delivery,Mobile App,,0.0
504230,12227,2025-01-04 15:07:00,Delivered,UPI,Mobile Web,,0.0
504231,13249,2025-01-04 15:53:00,delivered ,UPI,Mobile App,,0.0
504232,13253,2025-01-04 16:02:00,DELIVERED,UPI,Mobile App,,0.0
504233,11309,2025-01-04 17:17:00,Returned,UPI,Mobile App,,0.0
504234,10441,2025-01-04 17:49:00,Delivered,Cash on Delivery,Desktop,,0.0
504235,13218,2025-01-04 18:26:00,Delivered,UPI,Desktop,,0.0
504236,13229,2025-01-04 20:42:00,DELIVERED,UPI,Mobile App,,0.0
504237,10951,2025-01-04 21:36:00,DELIVERED,upi,Mobile Web,,0.0
504238,11902,2025-01-04 21:55:00,DELIVERED,UPI,Mobile Web,,0.0
504239,12612,2025-01-04 22:57:00,Delivered,Cash on Delivery,Mobile Web,,0.0
504240,13034,2025-01-04 23:31:00,Delivered,Credit Card,Mobile Web,,0.0
504241,12410,2025-01-04 23:32:00,Delivered,Credit Card,Mobile App,,0.0
504242,11235,2025-01-05 09:45:00,Delivered,UPI,Mobile Web,,0.0
504243,11366,2025-01-05 11:06:00,Delivered,Credit Card,Mobile Web,,0.0
504244,12841,2025-01-05 13:29:00,Delivered,UPI,Mobile Web,,0.0
504245,12241,2025-01-05 13:47:00,Returned,UPI,Mobile Web,,0.0
504246,13219,2025-01-05 14:53:00,Delivered,Cash on Delivery,Desktop,WELCOME15,0.0
504247,12710,2025-01-05 15:36:00,Delivered,UPI,Mobile Web,,0.0
504248,13109,2025-01-05 15:59:00,Delivered,Credit Card,Mobile Web,,0.0
504249,13234,2025-01-05 16:13:00,Delivered,UPI,Mobile App,,0.0
504250,12213,2025-01-05 16:26:00,Delivered,UPI,Mobile Web,,0.0
504251,13264,2025-01-05 16:48:00,Delivered,Credit Card,Desktop,WELCOME15,0.0
504252,10197,2025-01-05 17:00:00,Returned,Credit Card,Mobile App,,0.0
504253,13265,2025-01-05 18:01:00,Delivered,UPI,Desktop,WELCOME15,0.0
504254,13216,2025-01-05 20:07:00,Delivered,Credit Card,Mobile App,,0.0
504255,13222,2025-01-05 20:12:00,Delivered,upi,Mobile App,,0.0
504256,13248,2025-01-05 23:42:00,DELIVERED,UPI,Mobile App,WELCOME15,0.0
504257,13259,2025-01-06 10:04:00,DELIVERED,Net Banking,Mobile Web,WELCOME15,0.0
504258,12339,2025-01-06 11:40:00,Delivered,UPI,Mobile App,,0.0
504259,13262,2025-01-06 12:01:00,Delivered,CC,Mobile App,WELCOME15,0.0
504260,12036,2025-01-06 13:13:00,Delivered,UPI,Mobile App,,49.0
504261,13266,2025-01-06 15:22:00,Delivered,Cash on Delivery,Mobile App,,0.0
504262,13039,2025-01-06 17:46:00,Delivered,UPI,Mobile App,,0.0
504263,11872,2025-01-06 18:16:00,Delivered,upi,Mobile Web,,0.0
504264,13258,2025-01-06 20:39:00,Delivered,Cash on Delivery,Mobile App,,0.0
504265,13279,2025-01-07 07:09:00,delivered ,COD,Mobile App,,0.0
504266,13270,2025-01-07 11:34:00,Delivered,UPI,Mobile App,WELCOME15,0.0
504267,11939,2025-01-07 12:34:00,Delivered,Debit Card,Mobile App,,0.0
504268,10063,2025-01-07 14:06:00,DELIVERED,credit card,Mobile App,,0.0
504269,11052,2025-01-07 15:55:00,Delivered,Debit Card,Mobile App,,0.0
504270,11819,2025-01-07 17:23:00,Delivered,upi,Mobile App,,0.0
504271,13247,2025-01-07 18:55:00,Delivered,Cash on Delivery,Mobile App,,0.0
504272,13233,2025-01-07 19:58:00,delivered ,Cash on Delivery,Mobile Web,,0.0
504273,13107,2025-01-07 22:26:00,Returned,Net Banking,Mobile Web,,0.0
504274,10806,2025-01-07 23:16:00,DELIVERED,Cash on Delivery,Mobile Web,,0.0
504275,13272,2025-01-07 23:26:00,Delivered,UPI,Desktop,,0.0
504276,13286,2025-01-07 23:45:00,DELIVERED,UPI,Desktop,,0.0
504277,13271,2025-01-08 07:58:00,Delivered,Credit Card,Mobile Web,WELCOME15,0.0
504278,13294,2025-01-08 10:24:00,delivered ,UPI,Mobile App,,0.0
504279,12709,2025-01-08 10:44:00,Delivered,upi,Desktop,,0.0
504280,13293,2025-01-08 12:33:00,Delivered,Credit Card,Mobile App,,49.0
504281,13261,2025-01-08 13:43:00,Delivered,Credit Card,Mobile App,,0.0
504282,10203,2025-01-08 15:18:00,RETURNED,Cash on Delivery,Mobile App,,0.0
504283,12434,2025-01-08 15:51:00,Delivered,UPI,Mobile Web,,49.0
504284,11392,2025-01-08 17:55:00,Delivered,UPI,Mobile App,,0.0
504285,12975,2025-01-08 18:28:00,Delivered,Credit Card,Mobile Web,,0.0
504286,13276,2025-01-08 18:48:00,Delivered,CC,Mobile App,,0.0
504287,13274,2025-01-08 19:15:00,Delivered,Credit Card,Mobile Web,,0.0
504288,13160,2025-01-08 19:52:00,Delivered,Debit Card,Mobile App,,0.0
504289,13243,2025-01-08 21:21:00,DELIVERED,COD,Mobile App,WELCOME15,0.0
504290,13290,2025-01-08 21:51:00,DELIVERED,Cash on Delivery,Mobile App,,0.0
504291,13280,2025-01-08 22:48:00,DELIVERED,Debit Card,Mobile App,WELCOME15,0.0
504292,13252,2025-01-08 23:00:00,Cancelled,Cash on Delivery,Desktop,WELCOME15,0.0
504293,12215,2025-01-08 23:27:00,Returned,Credit Card,Desktop,,0.0
504294,13295,2025-01-09 07:04:00,Delivered,UPI,Mobile App,WELCOME15,49.0
504295,12739,2025-01-09 07:31:00,Delivered,Credit Card,Mobile App,,0.0
504296,13035,2025-01-09 07:31:00,DELIVERED,debit card,Mobile App,,49.0
504297,10623,2025-01-09 08:58:00,delivered ,UPI,Mobile Web,,49.0
504298,13256,2025-01-09 09:24:00,RETURNED,Credit Card,Desktop,WELCOME15,0.0
504299,13273,2025-01-09 09:31:00,delivered ,Cash on Delivery,Desktop,WELCOME15,0.0
504300,10615,2025-01-09 11:11:00,Delivered,Debit Card,Mobile App,,0.0
504301,13307,2025-01-09 12:10:00,Delivered,Credit Card,Mobile App,WELCOME15,0.0
504302,13306,2025-01-09 12:18:00,Delivered,CC,Mobile App,WELCOME15,49.0
504303,13296,2025-01-09 15:06:00,DELIVERED,UPI,Mobile Web,,0.0
504304,13275,2025-01-09 15:47:00,Delivered,UPI,Mobile App,WELCOME15,0.0
504305,11808,2025-01-09 15:59:00,Delivered,Cash on Delivery,Mobile App,,0.0
504306,11960,2025-01-09 16:23:00,DELIVERED,upi,Mobile App,,0.0
504307,13255,2025-01-09 16:51:00,Cancelled,Net Banking,Desktop,WELCOME15,0.0
504308,11619,2025-01-09 17:11:00,DELIVERED,UPI,Mobile Web,,0.0
504309,13291,2025-01-09 18:37:00,Delivered,Debit Card,Mobile Web,SAVE5,0.0
504310,13300,2025-01-09 19:23:00,DELIVERED,Credit Card,Mobile Web,,49.0
504311,11371,2025-01-09 19:51:00,Delivered,Net Banking,Mobile App,,0.0
504312,13303,2025-01-09 22:01:00,Delivered,Credit Card,Mobile App,,0.0
504313,13260,2025-01-09 23:17:00,Delivered,Debit Card,Mobile App,WELCOME15,0.0
504314,13278,2025-01-09 23:32:00,Delivered,UPI,Mobile App,,0.0
504314,13278,2025-01-09 23:32:00,Delivered,UPI,Mobile App,,0.0
504315,13287,2025-01-10 13:17:00,Delivered,UPI,Mobile App,WELCOME15,0.0
504316,12157,2025-01-10 15:25:00,Delivered,UPI,Desktop,,0.0
504317,12993,2025-01-10 16:31:00,Returned,Cash on Delivery,Mobile App,,0.0
504318,13321,2025-01-10 16:52:00,Delivered,UPI,Mobile App,,0.0
504319,13166,2025-01-10 17:06:00,returned ,UPI,Desktop,WELCOME15,0.0
504320,11328,2025-01-10 19:31:00,Delivered,Credit Card,Mobile App,SAVE5,0.0
504321,12283,2025-01-10 20:42:00,returned ,Credit Card,Mobile App,,0.0
504322,13320,2025-01-10 21:18:00,Delivered,DC,Desktop,WELCOME15,0.0
504323,13288,2025-01-10 22:33:00,Delivered,Credit Card,Desktop,WELCOME15,0.0
504324,11620,2025-01-10 22:53:00,Delivered,Cash on Delivery,Mobile App,,0.0
504325,13263,2025-01-11 07:08:00,Cancelled,Cash on Delivery,Mobile App,,0.0
504326,13062,2025-01-11 08:05:00,Delivered,Cash on Delivery,Mobile App,,49.0
504327,10957,2025-01-11 10:16:00,delivered ,Net Banking,Mobile App,,0.0
504328,13311,2025-01-11 13:04:00,DELIVERED,UPI,Mobile App,,0.0
504329,13329,2025-01-11 13:26:00,Delivered,DC,Mobile App,,0.0
504330,13281,2025-01-11 13:28:00,Delivered,UPI,Mobile App,,0.0
504331,13318,2025-01-11 13:32:00,DELIVERED,upi,Mobile Web,WELCOME15,0.0
504332,13240,2025-01-11 13:37:00,Delivered,Cash on Delivery,Desktop,,0.0
504333,11741,2025-01-11 13:43:00,delivered ,UPI,Mobile Web,SAVE5,0.0
504334,13228,2025-01-11 14:25:00,Returned,Credit Card,Mobile App,,0.0
504335,11385,2025-01-11 14:30:00,Delivered,UPI,Desktop,,0.0
504336,12314,2025-01-11 14:44:00,Delivered,Cash on Delivery,Desktop,,0.0
504337,12608,2025-01-11 15:48:00,Delivered,Credit Card,Mobile App,,0.0
504338,12470,2025-01-11 16:06:00,Delivered,Debit Card,Mobile Web,,0.0
504339,13149,2025-01-11 17:58:00,DELIVERED,Net Banking,Mobile App,,0.0
504340,13315,2025-01-11 18:14:00,Delivered,Credit Card,Mobile App,,0.0
504341,13283,2025-01-11 18:29:00,Delivered,UPI,Mobile App,WELCOME15,0.0
504342,12860,2025-01-11 19:30:00,cancelled ,UPI,Mobile Web,,0.0
504343,12079,2025-01-11 19:36:00,Returned,UPI,Desktop,,0.0
504344,13160,2025-01-11 21:34:00,Cancelled,UPI,Desktop,,0.0
504345,13002,2025-01-11 21:56:00,Delivered,Debit Card,Desktop,SAVE5,0.0
504346,13251,2025-01-11 22:09:00,returned ,Cash on Delivery,Mobile Web,,0.0
504347,13317,2025-01-11 23:04:00,Delivered,upi,Mobile App,,0.0
504348,13215,2025-01-11 23:48:00,returned ,Upi,Desktop,,0.0
504349,10108,2025-01-12 08:29:00,Delivered,UPI,Mobile App,,0.0
504350,10892,2025-01-12 08:29:00,Delivered,UPI,Desktop,,49.0
504351,13284,2025-01-12 10:33:00,Delivered,credit card,Mobile Web,,0.0
504352,13324,2025-01-12 11:48:00,Delivered,UPI,Mobile App,,49.0
504353,13269,2025-01-12 12:04:00,Delivered,Debit Card,Mobile App,,0.0
504354,12215,2025-01-12 13:00:00,Delivered,Credit Card,Mobile Web,,0.0
504355,11257,2025-01-12 13:51:00,Delivered,UPI,Mobile Web,,0.0
504356,10387,2025-01-12 14:16:00,Returned,Cash on Delivery,Mobile Web,,0.0
504357,12891,2025-01-12 14:46:00,Delivered,Net Banking,Mobile App,,0.0
504358,13297,2025-01-12 15:35:00,cancelled ,COD,Desktop,,0.0
504359,13340,2025-01-12 16:55:00,Delivered,UPI,Mobile Web,,0.0
504360,12478,2025-01-12 17:08:00,Delivered,CC,Mobile App,,0.0
504361,13277,2025-01-12 17:47:00,Delivered,cod,Desktop,WELCOME15,0.0
504362,13326,2025-01-12 18:41:00,Delivered,UPI,Desktop,,0.0
504363,13208,2025-01-12 22:23:00,Delivered,UPI,Mobile App,WELCOME15,0.0
504364,13057,2025-01-13 07:37:00,Returned,Cash on Delivery,Desktop,,0.0
504365,13290,2025-01-13 07:52:00,delivered ,Cash on Delivery,Mobile App,,0.0
504366,11242,2025-01-13 07:52:00,Delivered,UPI,Desktop,,0.0
504367,13310,2025-01-13 07:57:00,Delivered,UPI,Desktop,WELCOME15,0.0
504368,13245,2025-01-13 08:15:00,DELIVERED,UPI,Mobile Web,WELCOME15,0.0
504369,13299,2025-01-13 09:04:00,Delivered,UPI,Desktop,WELCOME15,0.0
504370,11034,2025-01-13 09:15:00,Delivered,UPI,Desktop,,49.0
504371,13302,2025-01-13 09:21:00,Delivered,Credit Card,Desktop,WELCOME15,0.0
504372,13348,2025-01-13 10:17:00,Delivered,Cash on Delivery,Desktop,WELCOME15,49.0
504373,13341,2025-01-13 10:25:00,Returned,UPI,Mobile App,,0.0
504374,13335,2025-01-13 11:08:00,Delivered,Cash on Delivery,Mobile App,,0.0
504375,12953,2025-01-13 14:40:00,Delivered,UPI,Mobile App,,0.0
504376,13246,2025-01-13 15:06:00,Delivered,UPI,Mobile App,,0.0
504377,13336,2025-01-13 15:28:00,Delivered,UPI,Mobile App,,0.0
504378,12325,2025-01-13 15:54:00,Delivered,Cash on Delivery,Mobile App,,0.0
504379,13332,2025-01-13 18:18:00,Delivered,UPI,Mobile App,WELCOME15,0.0
504380,13322,2025-01-13 19:28:00,Cancelled,Net Banking,Mobile App,WELCOME15,0.0
504381,13312,2025-01-13 20:55:00,Delivered,upi,Desktop,,0.0
504382,13242,2025-01-13 21:44:00,Returned,Credit Card,Mobile Web,WELCOME15,0.0
504383,13309,2025-01-13 21:56:00,Delivered,COD,Mobile App,,0.0
504384,10996,2025-01-13 22:02:00,Delivered,Credit Card,Mobile App,,0.0
504385,10340,2025-01-13 23:32:00,Cancelled,Credit Card,Desktop,,0.0
504386,13108,2025-01-14 07:25:00,Delivered,UPI,Mobile Web,,0.0
504387,13331,2025-01-14 07:28:00,Delivered,Cash on Delivery,Mobile App,,0.0
504388,13342,2025-01-14 13:27:00,DELIVERED,Credit Card,Mobile App,WELCOME15,0.0
504389,13355,2025-01-14 15:05:00,DELIVERED,Net Banking,Mobile App,SAVE5,49.0
504390,12470,2025-01-14 15:44:00,Cancelled,UPI,Mobile Web,,0.0
504391,13267,2025-01-14 16:04:00,Delivered,Cash on Delivery,Desktop,,0.0
504392,13215,2025-01-14 17:05:00,Delivered,UPI,Mobile App,SAVE5,0.0
504393,10350,2025-01-14 18:47:00,Cancelled,Cash on Delivery,Mobile App,,0.0
504394,13349,2025-01-14 18:55:00,Delivered,UPI,Mobile App,WELCOME15,0.0
504395,12944,2025-01-14 21:21:00,delivered ,Debit Card,Mobile App,,0.0
504396,13333,2025-01-14 21:47:00,DELIVERED,Credit Card,Mobile App,,0.0
504397,13257,2025-01-14 22:00:00,RETURNED,UPI,Mobile Web,,0.0
504398,13338,2025-01-14 22:40:00,returned ,upi,Desktop,,0.0
504399,13328,2025-01-14 23:24:00,Delivered,UPI,Mobile App,SAVE5,0.0
504400,13346,2025-01-15 07:34:00,Delivered,Net Banking,Mobile App,WELCOME15,0.0
504401,12628,2025-01-15 07:48:00,Delivered,UPI,Mobile Web,,0.0
504402,12704,2025-01-15 07:55:00,Delivered,UPI,Desktop,,0.0
504403,13365,2025-01-15 08:50:00,Delivered,UPI,Mobile App,WELCOME15,0.0
504404,11771,2025-01-15 13:41:00,Delivered,Debit Card,Mobile Web,,0.0
504405,13373,2025-01-15 14:18:00,RETURNED,Upi,Mobile App,,0.0
504406,13111,2025-01-15 15:22:00,Delivered,UPI,Mobile App,,0.0
504407,13345,2025-01-15 15:42:00,Cancelled,Cash on Delivery,Mobile App,WELCOME15,49.0
504408,13327,2025-01-15 15:42:00,DELIVERED,UPI,Mobile App,WELCOME15,0.0
504409,13356,2025-01-15 17:59:00,DELIVERED,UPI,Mobile App,,0.0
504410,11177,2025-01-15 18:36:00,Delivered,Net Banking,Mobile Web,,49.0
504411,13268,2025-01-15 19:13:00,Delivered,Cash on Delivery,Mobile App,SAVE5,0.0
504412,13221,2025-01-15 21:54:00,Delivered,Cash on Delivery,Desktop,SAVE5,0.0
504413,13311,2025-01-16 09:14:00,Delivered,Cash on Delivery,Mobile App,,0.0
504414,13352,2025-01-16 10:11:00,Delivered,Debit Card,Mobile App,,0.0
504415,13026,2025-01-16 13:11:00,Delivered,Cash on Delivery,Mobile App,,0.0
504416,10627,2025-01-16 14:45:00,delivered ,UPI,Mobile Web,,0.0
504417,12950,2025-01-16 15:20:00,RETURNED,UPI,Mobile App,,0.0
504418,11784,2025-01-16 15:42:00,delivered ,Debit Card,Mobile App,,0.0
504419,11773,2025-01-16 16:10:00,delivered ,Upi,Desktop,,0.0
504420,11697,2025-01-16 16:38:00,Delivered,upi,Mobile Web,,0.0
504421,12920,2025-01-16 18:41:00,Delivered,UPI,Desktop,,0.0
504422,13375,2025-01-16 20:30:00,Returned,Credit Card,Mobile App,,0.0
504423,13296,2025-01-16 20:45:00,Delivered,upi,Desktop,,49.0
504424,13360,2025-01-16 23:41:00,cancelled ,Debit Card,Mobile App,,0.0
504425,12969,2025-01-17 07:11:00,Delivered,Credit Card,Mobile App,,0.0
504426,12164,2025-01-17 07:14:00,Cancelled,COD,Desktop,,0.0
504427,13227,2025-01-17 07:32:00,Delivered,credit card,Mobile Web,,0.0
504428,13368,2025-01-17 09:32:00,Returned,UPI,Mobile App,WELCOME15,0.0
504429,13090,2025-01-17 12:13:00,Delivered,Debit Card,Mobile App,,0.0
504430,13306,2025-01-17 14:36:00,returned ,Credit Card,Mobile App,,0.0
504431,13379,2025-01-17 18:56:00,Returned,Net Banking,Mobile App,WELCOME15,0.0
504432,13366,2025-01-17 19:10:00,Delivered,CC,Mobile Web,WELCOME15,0.0
504433,13390,2025-01-17 19:25:00,Delivered,Credit Card,Mobile Web,WELCOME15,0.0
504434,13380,2025-01-17 22:04:00,Delivered,UPI,Mobile Web,,0.0
504435,10357,2025-01-17 22:18:00,Delivered,CC,Mobile App,,0.0
504436,11528,2025-01-18 07:03:00,Delivered,cod,Mobile App,,0.0
504437,13362,2025-01-18 09:53:00,Delivered,Credit Card,Mobile App,WELCOME15,0.0
504438,13363,2025-01-18 10:15:00,Delivered,UPI,Mobile Web,WELCOME15,0.0
504439,13367,2025-01-18 11:21:00,Delivered,Credit Card,Mobile App,,0.0
504440,11015,2025-01-18 11:24:00,Delivered,Cash on Delivery,Desktop,,0.0
504441,12698,2025-01-18 11:28:00,Delivered,Debit Card,Mobile App,,0.0
504442,13371,2025-01-18 12:19:00,delivered ,Credit Card,Mobile Web,,0.0
504443,11666,2025-01-18 12:52:00,Delivered,DC,Mobile App,,49.0
504444,10061,2025-01-18 12:55:00,Delivered,Credit Card,Desktop,,49.0
504445,13378,2025-01-18 15:39:00,delivered ,Credit Card,Mobile App,WELCOME15,0.0
504446,13391,2025-01-18 15:47:00,delivered ,Debit Card,Mobile Web,WELCOME15,0.0
504447,13289,2025-01-18 18:16:00,Delivered,UPI,Mobile Web,WELCOME15,49.0
504448,12391,2025-01-18 18:21:00,Delivered,COD,Mobile Web,,49.0
504449,13384,2025-01-18 18:47:00,Delivered,Net Banking,Mobile App,WELCOME15,0.0
504450,13369,2025-01-18 19:16:00,Delivered,Net Banking,Mobile Web,,0.0
504451,10192,2025-01-18 19:29:00,Returned,Debit Card,Mobile App,,0.0
504452,13314,2025-01-18 21:42:00,Delivered,UPI,Mobile Web,,0.0
504453,13403,2025-01-18 21:45:00,Delivered,UPI,Mobile App,WELCOME15,0.0
504454,13035,2025-01-18 22:22:00,Delivered,UPI,Desktop,,0.0
504455,13376,2025-01-18 23:29:00,DELIVERED,UPI,Desktop,,0.0
504456,13359,2025-01-19 07:02:00,RETURNED,Credit Card,Mobile App,,0.0
504457,11223,2025-01-19 07:05:00,Delivered,UPI,Mobile App,,0.0
504458,13305,2025-01-19 08:53:00,Delivered,Upi,Mobile Web,WELCOME15,49.0
504459,13350,2025-01-19 10:47:00,Delivered,Credit Card,Mobile App,,0.0
504460,12008,2025-01-19 11:03:00,Delivered,Cash on Delivery,Mobile Web,,0.0
504461,11052,2025-01-19 13:47:00,delivered ,Cash on Delivery,Desktop,,0.0
504462,13406,2025-01-19 15:46:00,Cancelled,debit card,Mobile App,,0.0
504463,12579,2025-01-19 16:52:00,delivered ,Net Banking,Mobile App,,0.0
504464,13242,2025-01-19 18:03:00,Returned,UPI,Mobile App,,0.0
504465,13418,2025-01-19 18:50:00,Delivered,UPI,Mobile Web,,0.0
504466,12188,2025-01-19 19:20:00,delivered ,Credit Card,Desktop,,0.0
504467,11690,2025-01-19 20:02:00,Delivered,UPI,Desktop,,0.0
504468,13420,2025-01-19 20:36:00,Delivered,upi,Mobile App,WELCOME15,0.0
504469,12469,2025-01-19 21:01:00,Returned,CC,Mobile App,,0.0
504470,11991,2025-01-19 21:49:00,Delivered,cod,Mobile Web,,0.0
504471,13344,2025-01-19 22:13:00,DELIVERED,cod,Mobile App,WELCOME15,0.0
504472,13398,2025-01-19 23:26:00,Delivered,Upi,Mobile App,WELCOME15,49.0
504473,13421,2025-01-19 23:38:00,Returned,Credit Card,Mobile Web,,0.0
504474,13320,2025-01-19 23:51:00,Delivered,Cash on Delivery,Mobile App,,0.0
504475,13414,2025-01-20 07:20:00,Delivered,Credit Card,Desktop,,49.0
504476,13409,2025-01-20 08:48:00,Delivered,UPI,Mobile App,,0.0
504477,13339,2025-01-20 10:24:00,Delivered,Cash on Delivery,Mobile Web,,49.0
504478,13357,2025-01-20 13:12:00,Delivered,Credit Card,Desktop,,0.0
504479,12782,2025-01-20 14:01:00,Delivered,Cash on Delivery,Desktop,,49.0
504480,13293,2025-01-20 14:32:00,Delivered,Debit Card,Mobile App,,0.0
504481,13400,2025-01-20 14:53:00,Delivered,UPI,Mobile App,,0.0
504482,13014,2025-01-20 16:09:00,Delivered,Upi,Desktop,SAVE5,0.0
504483,13358,2025-01-20 17:40:00,Delivered,UPI,Mobile Web,,0.0
504484,13216,2025-01-20 18:55:00,cancelled ,UPI,Desktop,,0.0
504485,13415,2025-01-20 19:23:00,Cancelled,Cash on Delivery,Mobile Web,WELCOME15,0.0
504486,13337,2025-01-20 19:52:00,delivered ,UPI,Mobile Web,,49.0
504487,11252,2025-01-20 20:33:00,Delivered,UPI,Mobile App,,0.0
504488,13431,2025-01-20 20:45:00,Delivered,UPI,Mobile Web,WELCOME15,0.0
504489,13417,2025-01-20 20:45:00,Delivered,Credit Card,Mobile App,,0.0
504490,13428,2025-01-20 21:09:00,Delivered,UPI,Mobile App,,49.0
504491,13392,2025-01-20 21:43:00,delivered ,Credit Card,Mobile App,,0.0
504492,11670,2025-01-20 21:58:00,Returned,UPI,Mobile Web,,0.0
504493,13404,2025-01-20 22:15:00,DELIVERED,UPI,Mobile App,,0.0
504494,13424,2025-01-21 10:24:00,Delivered,upi,Desktop,,0.0
504495,11859,2025-01-21 12:24:00,Delivered,Cash on Delivery,Mobile App,,0.0
504496,12613,2025-01-21 14:18:00,Delivered,Cash on Delivery,Mobile Web,,0.0
504497,12983,2025-01-21 14:20:00,RETURNED,UPI,Mobile Web,,0.0
504498,13441,2025-01-21 14:26:00,Delivered,Cash on Delivery,Mobile Web,WELCOME15,49.0
504499,13361,2025-01-21 14:51:00,Delivered,upi,Desktop,SAVE5,0.0
504500,12327,2025-01-21 14:58:00,Delivered,Net Banking,Desktop,,0.0
504501,13401,2025-01-21 16:20:00,DELIVERED,Credit Card,Mobile App,WELCOME15,0.0
504502,13034,2025-01-21 16:21:00,Cancelled,Credit Card,Desktop,,0.0
504503,12595,2025-01-21 16:33:00,Delivered,Credit Card,Mobile App,,0.0
504504,13446,2025-01-21 16:52:00,RETURNED,Net Banking,Mobile App,,0.0
504505,11705,2025-01-21 18:00:00,CANCELLED,UPI,Mobile Web,,0.0
504506,10836,2025-01-21 20:47:00,DELIVERED,Debit Card,Mobile App,,0.0
504507,13447,2025-01-21 21:00:00,Delivered,UPI,Mobile Web,,0.0
504508,13426,2025-01-21 23:00:00,Returned,Cash on Delivery,Desktop,WELCOME15,0.0
504509,13389,2025-01-22 08:34:00,Delivered,UPI,Mobile Web,,0.0
504510,13457,2025-01-22 09:58:00,Delivered,Debit Card,Mobile App,WELCOME15,0.0
504511,12006,2025-01-22 10:23:00,Delivered,DC,Mobile Web,,49.0
504512,11323,2025-01-22 11:41:00,Returned,Cash on Delivery,Desktop,,0.0
504513,13405,2025-01-22 14:19:00,Delivered,cod,Desktop,WELCOME15,0.0
504514,12521,2025-01-22 15:08:00,Delivered,Credit Card,Mobile Web,,0.0
504515,11786,2025-01-22 15:48:00,Delivered,UPI,Mobile App,,49.0
504516,13442,2025-01-22 16:09:00,Returned,Debit Card,Mobile App,,0.0
504517,13445,2025-01-22 16:45:00,Delivered,Credit Card,Mobile Web,,0.0
504518,12679,2025-01-22 18:17:00,Delivered,Upi,Mobile App,,49.0
504519,13458,2025-01-22 19:00:00,delivered ,Credit Card,Desktop,,0.0
504520,13433,2025-01-22 21:26:00,Delivered,UPI,Desktop,,0.0
504521,10286,2025-01-22 21:50:00,delivered ,Cash on Delivery,Mobile Web,,0.0
504522,13416,2025-01-22 23:30:00,Delivered,UPI,Mobile App,SAVE5,0.0
504523,13095,2025-01-22 23:41:00,Returned,Credit Card,Mobile App,,0.0
504524,13468,2025-01-23 07:54:00,Delivered,UPI,Mobile Web,,0.0
504525,13246,2025-01-23 10:28:00,Delivered,Cash on Delivery,Mobile App,,0.0
504526,13235,2025-01-23 12:39:00,DELIVERED,credit card,Desktop,,0.0
504527,13422,2025-01-23 12:58:00,Delivered,UPI,Mobile Web,,0.0
504527,13422,2025-01-23 12:58:00,Delivered,UPI,Mobile Web,,0.0
504528,12559,2025-01-23 13:51:00,Delivered,UPI,Mobile App,,0.0
504529,13353,2025-01-23 16:03:00,Delivered,UPI,Desktop,WELCOME15,0.0
504530,13013,2025-01-23 18:02:00,Delivered,Credit Card,Desktop,,0.0
504531,12733,2025-01-23 18:51:00,CANCELLED,UPI,Mobile App,,49.0
504532,13411,2025-01-23 18:55:00,Delivered,UPI,Mobile App,,49.0
504533,13412,2025-01-23 19:27:00,CANCELLED,UPI,Desktop,,0.0
504534,13473,2025-01-23 19:51:00,returned ,Cash On Delivery,Mobile Web,,0.0
504535,13467,2025-01-23 20:28:00,DELIVERED,Credit Card,Mobile Web,,0.0
504536,13423,2025-01-23 23:06:00,Delivered,Net Banking,Mobile App,,0.0
504537,11213,2025-01-23 23:14:00,Delivered,Net Banking,Mobile Web,,0.0
504538,13077,2025-01-23 23:58:00,Delivered,UPI,Mobile App,,0.0
504539,12959,2025-01-24 07:09:00,Delivered,UPI,Mobile App,,0.0
504540,12945,2025-01-24 09:19:00,DELIVERED,UPI,Mobile App,,0.0
504541,13478,2025-01-24 11:17:00,Delivered,UPI,Mobile App,WELCOME15,49.0
504542,13419,2025-01-24 11:33:00,Delivered,Net Banking,Mobile App,SAVE5,0.0
504543,13404,2025-01-24 12:41:00,DELIVERED,UPI,Mobile Web,,0.0
504544,11468,2025-01-24 12:53:00,delivered ,UPI,Mobile Web,,0.0
504545,13180,2025-01-24 13:01:00,Delivered,Debit Card,Desktop,,0.0
504546,13460,2025-01-24 13:55:00,cancelled ,Cash on Delivery,Mobile App,WELCOME15,0.0
504547,13474,2025-01-24 15:18:00,Delivered,Debit Card,Desktop,WELCOME15,0.0
504548,11402,2025-01-24 15:46:00,Delivered,Upi,Mobile Web,,49.0
504549,13466,2025-01-24 16:31:00,DELIVERED,Credit Card,Desktop,WELCOME15,0.0
504550,12309,2025-01-24 16:53:00,DELIVERED,Upi,Desktop,,0.0
504551,13408,2025-01-24 17:49:00,delivered ,upi,Desktop,,0.0
504552,12524,2025-01-24 18:19:00,Returned,Cash on Delivery,Mobile App,,0.0
504553,12391,2025-01-24 19:32:00,DELIVERED,COD,Mobile App,,0.0
504554,13388,2025-01-24 19:50:00,Cancelled,Credit Card,Mobile App,,0.0
504555,13488,2025-01-24 21:32:00,Delivered,Cash on Delivery,Mobile App,,0.0
504556,13471,2025-01-24 23:40:00,Delivered,upi,Desktop,,0.0
504557,13396,2025-01-25 07:52:00,DELIVERED,UPI,Mobile App,,0.0
504558,13425,2025-01-25 07:57:00,DELIVERED,UPI,Mobile Web,WELCOME15,0.0
504559,13449,2025-01-25 08:27:00,Delivered,UPI,Mobile Web,WELCOME15,0.0
504560,13397,2025-01-25 08:29:00,Delivered,UPI,Desktop,WELCOME15,0.0
504561,13450,2025-01-25 11:19:00,Delivered,UPI,Mobile App,,0.0
504562,13469,2025-01-25 12:31:00,Delivered,Credit Card,Mobile Web,,0.0
504563,12008,2025-01-25 14:01:00,delivered ,CC,Mobile App,,0.0
504564,13496,2025-01-25 14:53:00,Returned,Upi,Desktop,,0.0
504565,12989,2025-01-25 15:20:00,Returned,UPI,Mobile App,,0.0
504566,13472,2025-01-25 16:53:00,Delivered,credit card,Desktop,,49.0
504567,13221,2025-01-25 17:19:00,Delivered,Cash on Delivery,Mobile App,,0.0
504568,13463,2025-01-25 19:29:00,delivered ,credit card,Mobile Web,,0.0
504569,11950,2025-01-25 22:16:00,Delivered,COD,Mobile App,,0.0
504570,13154,2025-01-25 22:26:00,Delivered,Net Banking,Mobile Web,,0.0
504571,13459,2025-01-25 22:27:00,DELIVERED,CC,Mobile App,,0.0
504572,12668,2025-01-25 23:01:00,Returned,Credit Card,Mobile Web,,0.0
504573,13430,2025-01-25 23:04:00,Delivered,Cash on Delivery,Mobile App,,49.0
504574,13485,2025-01-25 23:35:00,Delivered,UPI,Desktop,WELCOME15,0.0
504575,11075,2025-01-26 07:59:00,Delivered,UPI,Mobile Web,,0.0
504576,13487,2025-01-26 08:54:00,Delivered,UPI,Desktop,,0.0
504577,11987,2025-01-26 09:27:00,Delivered,Debit Card,Mobile App,,0.0
504578,13502,2025-01-26 09:28:00,Delivered,Cash on Delivery,Mobile App,WELCOME15,0.0
504579,13385,2025-01-26 10:48:00,Delivered,cod,Mobile Web,,0.0
504580,13481,2025-01-26 11:58:00,Delivered,UPI,Desktop,SAVE5,0.0
504581,13486,2025-01-26 12:05:00,Returned,UPI,Mobile App,WELCOME15,0.0
504582,13428,2025-01-26 13:15:00,Delivered,UPI,Mobile App,,0.0
504583,13271,2025-01-26 15:20:00,Delivered,UPI,Mobile App,,0.0
504584,13429,2025-01-26 15:22:00,Delivered,UPI,Mobile Web,WELCOME15,0.0
504585,11712,2025-01-26 16:00:00,Delivered,UPI,Mobile App,,0.0
504586,13465,2025-01-26 17:44:00,Delivered,UPI,Desktop,WELCOME15,0.0
504587,13497,2025-01-26 18:40:00,DELIVERED,Cash on Delivery,Desktop,WELCOME15,0.0
504588,13015,2025-01-26 18:50:00,delivered ,UPI,Desktop,,0.0
504589,13295,2025-01-26 19:12:00,Returned,Debit Card,Mobile App,,49.0
504590,10460,2025-01-26 19:20:00,Delivered,Upi,Mobile App,,0.0
504591,13500,2025-01-26 19:41:00,Delivered,UPI,Mobile App,,49.0
504592,11511,2025-01-26 22:23:00,Delivered,Cash on Delivery,Desktop,SAVE5,0.0
504593,13342,2025-01-26 23:13:00,Cancelled,Net Banking,Desktop,,0.0
504594,10095,2025-01-27 07:04:00,Delivered,Cash on Delivery,Mobile App,,0.0
504595,12516,2025-01-27 09:29:00,DELIVERED,DC,Mobile App,,0.0
504596,11459,2025-01-27 11:41:00,Returned,Upi,Mobile App,,0.0
504597,13456,2025-01-27 11:46:00,Delivered,UPI,Mobile Web,,0.0
504598,12789,2025-01-27 12:50:00,Delivered,UPI,Mobile App,,0.0
504599,13230,2025-01-27 14:51:00,Delivered,Cash on Delivery,Mobile Web,,0.0
504600,13452,2025-01-27 16:49:00,Delivered,UPI,Mobile App,WELCOME15,0.0
504601,11804,2025-01-27 18:23:00,CANCELLED,Cash on Delivery,Mobile App,SAVE5,49.0
504602,12218,2025-01-27 18:31:00,Delivered,credit card,Mobile Web,,0.0
504603,13461,2025-01-27 18:36:00,Delivered,Cash on Delivery,Mobile App,,0.0
504604,13491,2025-01-27 19:31:00,CANCELLED,Net Banking,Desktop,SAVE5,49.0
504605,12397,2025-01-27 19:45:00,Delivered,upi,Mobile Web,,0.0
504606,11406,2025-01-27 20:25:00,delivered ,Net Banking,Mobile Web,,0.0
504607,13347,2025-01-27 21:10:00,Returned,UPI,Mobile Web,WELCOME15,0.0
504608,13494,2025-01-27 22:27:00,Delivered,Credit Card,Mobile App,WELCOME15,0.0
504609,13498,2025-01-27 22:42:00,Delivered,Cash on Delivery,Mobile App,WELCOME15,0.0
504610,13115,2025-01-28 07:09:00,Delivered,Debit Card,Mobile Web,,49.0
504611,13404,2025-01-28 08:39:00,Delivered,UPI,Mobile Web,,0.0
504612,13443,2025-01-28 08:54:00,Delivered,Cash on Delivery,Mobile App,WELCOME15,0.0
504613,13402,2025-01-28 12:15:00,Delivered,Debit Card,Mobile App,,0.0
504614,11900,2025-01-28 13:17:00,DELIVERED,Debit Card,Mobile Web,,0.0
504615,12654,2025-01-28 13:29:00,Delivered,Credit Card,Desktop,,0.0
504616,12791,2025-01-28 13:32:00,DELIVERED,UPI,Mobile Web,,49.0
504617,13482,2025-01-28 13:42:00,Delivered,UPI,Mobile App,,0.0
504618,13504,2025-01-28 13:54:00,Delivered,Cash on Delivery,Mobile App,WELCOME15,0.0
504619,12601,2025-01-28 14:32:00,DELIVERED,UPI,Mobile App,,0.0
504620,10667,2025-01-28 14:35:00,Returned,UPI,Mobile App,,0.0
504621,13493,2025-01-28 15:51:00,Delivered,UPI,Desktop,WELCOME15,0.0
504622,13324,2025-01-28 15:54:00,Delivered,Debit Card,Mobile App,,0.0
504623,11730,2025-01-28 16:55:00,Delivered,Cash on Delivery,Mobile App,,0.0
504623,11730,2025-01-28 16:55:00,Delivered,Cash on Delivery,Mobile App,,0.0
504624,11667,2025-01-28 18:11:00,Delivered,Debit Card,Mobile App,,0.0
504625,13518,2025-01-28 18:34:00,Delivered,DC,Mobile App,,49.0
504626,13241,2025-01-28 18:39:00,Delivered,UPI,Mobile App,,0.0
504627,12157,2025-01-28 19:28:00,RETURNED,Cash on Delivery,Mobile Web,,0.0
504628,12472,2025-01-28 20:16:00,Delivered,Upi,Desktop,,49.0
504629,13507,2025-01-28 20:33:00,Cancelled,Upi,Mobile App,WELCOME15,0.0
504630,11872,2025-01-28 21:41:00,Delivered,Upi,Mobile Web,,0.0
504631,13519,2025-01-29 07:11:00,Delivered,CC,Mobile App,WELCOME15,0.0
504631,13519,2025-01-29 07:11:00,Delivered,CC,Mobile App,WELCOME15,0.0
504632,12268,2025-01-29 07:23:00,Delivered,UPI,Desktop,,0.0
504633,11650,2025-01-29 09:35:00,DELIVERED,Credit Card,Mobile App,,0.0
504634,11994,2025-01-29 12:20:00,Delivered,Upi,Mobile App,,0.0
504635,12551,2025-01-29 12:37:00,DELIVERED,Net Banking,Mobile Web,,0.0
504636,13296,2025-01-29 13:52:00,Delivered,Credit Card,Mobile Web,,0.0
504637,13501,2025-01-29 18:18:00,Delivered,UPI,Mobile App,WELCOME15,49.0
504638,11007,2025-01-29 18:52:00,DELIVERED,UPI,Desktop,,0.0
504639,13490,2025-01-29 20:56:00,Delivered,Credit Card,Mobile Web,WELCOME15,0.0
504640,11867,2025-01-29 21:25:00,Delivered,UPI,Mobile App,,0.0
504641,12625,2025-01-29 22:35:00,Delivered,Net Banking,Mobile Web,,0.0
504642,12042,2025-01-29 23:22:00,DELIVERED,Debit Card,Mobile App,,0.0
504643,13477,2025-01-29 23:25:00,Delivered,Upi,Mobile App,WELCOME15,0.0
504644,12460,2025-01-30 10:01:00,Delivered,Cash on Delivery,Mobile App,,0.0
504645,13401,2025-01-30 10:06:00,delivered ,Cash on Delivery,Mobile Web,,0.0
504646,13537,2025-01-30 10:39:00,Cancelled,Cash on Delivery,Mobile App,,0.0
504647,13515,2025-01-30 11:00:00,DELIVERED,Credit Card,Mobile App,WELCOME15,0.0
504648,13512,2025-01-30 11:43:00,Delivered,cod,Desktop,,0.0
504649,12946,2025-01-30 14:18:00,Delivered,Debit Card,Mobile App,,0.0
504650,13510,2025-01-30 14:19:00,DELIVERED,UPI,Desktop,WELCOME15,49.0
504651,13476,2025-01-30 15:51:00,DELIVERED,Credit Card,Mobile Web,WELCOME15,0.0
504652,13506,2025-01-30 16:07:00,Returned,Cash On Delivery,Mobile Web,WELCOME15,0.0
504653,13520,2025-01-30 17:54:00,Cancelled,Cash on Delivery,Desktop,,0.0
504654,12637,2025-01-30 22:35:00,DELIVERED,Credit Card,Mobile App,,0.0
504655,13356,2025-01-30 23:41:00,Delivered,Cash on Delivery,Desktop,,0.0
504656,13522,2025-01-31 09:40:00,delivered ,Debit Card,Desktop,WELCOME15,0.0
504657,13527,2025-01-31 10:00:00,DELIVERED,Debit Card,Mobile Web,WELCOME15,0.0
504658,13433,2025-01-31 11:52:00,Delivered,UPI,Mobile Web,,0.0
504659,13550,2025-01-31 12:06:00,Delivered,UPI,Mobile App,,0.0
504660,13535,2025-01-31 12:19:00,Returned,UPI,Mobile App,WELCOME15,0.0
504661,12512,2025-01-31 12:34:00,Delivered,Credit Card,Desktop,,0.0
504662,13553,2025-01-31 13:30:00,Delivered,credit card,Desktop,WELCOME15,49.0
504663,13328,2025-01-31 14:20:00,Delivered,Net Banking,Mobile App,,0.0
504664,13549,2025-01-31 14:44:00,Delivered,Cash on Delivery,Mobile App,,0.0
504665,10040,2025-01-31 14:56:00,Returned,UPI,Mobile Web,,0.0
504666,13479,2025-01-31 15:13:00,DELIVERED,UPI,Mobile App,WELCOME15,0.0
504667,13455,2025-01-31 15:53:00,Cancelled,UPI,Mobile App,WELCOME15,0.0
504668,13523,2025-01-31 16:41:00,Returned,Cash On Delivery,Desktop,WELCOME15,0.0
504669,13439,2025-01-31 17:36:00,Delivered,Cash on Delivery,Mobile Web,WELCOME15,0.0
504670,13055,2025-01-31 18:35:00,Delivered,UPI,Mobile App,,0.0
504671,13516,2025-01-31 19:12:00,Delivered,upi,Desktop,WELCOME15,0.0
504672,13547,2025-01-31 20:13:00,Delivered,Net Banking,Mobile App,WELCOME15,0.0
504673,12869,2025-01-31 20:13:00,Delivered,credit card,Mobile App,,0.0
504674,13540,2025-01-31 21:05:00,Delivered,COD,Mobile Web,WELCOME15,0.0
504675,13546,2025-01-31 23:11:00,Delivered,CC,Mobile App,WELCOME15,0.0
504676,12951,2025-02-01 07:47:00,Delivered,Credit Card,Mobile Web,,0.0
504677,13532,2025-02-01 11:49:00,DELIVERED,UPI,Mobile App,,0.0
504678,12936,2025-02-01 12:46:00,Delivered,Credit Card,Mobile App,,0.0
504679,11591,2025-02-01 15:08:00,Delivered,UPI,Mobile App,SAVE5,0.0
504680,13545,2025-02-01 16:58:00,Delivered,Debit Card,Mobile App,WELCOME15,0.0
504681,13551,2025-02-01 17:16:00,Delivered,Cash On Delivery,Desktop,,0.0
504682,11608,2025-02-01 17:26:00,Delivered,Cash on Delivery,Mobile App,,0.0
504683,11887,2025-02-01 19:36:00,Delivered,UPI,Mobile App,,0.0
504684,13529,2025-02-01 20:34:00,delivered ,UPI,Desktop,WELCOME15,0.0
504685,13536,2025-02-01 20:42:00,Delivered,DC,Mobile Web,,49.0
504686,11769,2025-02-01 20:47:00,DELIVERED,UPI,Mobile Web,,0.0
504687,13542,2025-02-01 21:37:00,DELIVERED,Debit Card,Mobile Web,,0.0
504688,13557,2025-02-02 07:28:00,Delivered,Credit Card,Mobile App,WELCOME15,0.0
504689,13555,2025-02-02 07:34:00,Delivered,UPI,Mobile Web,,0.0
504690,13564,2025-02-02 08:32:00,Delivered,CC,Desktop,,0.0
504691,12406,2025-02-02 08:40:00,Delivered,Credit Card,Mobile Web,,0.0
504692,12357,2025-02-02 09:20:00,delivered ,UPI,Mobile App,,0.0
504693,12751,2025-02-02 09:26:00,Delivered,UPI,Mobile Web,,0.0
504694,12353,2025-02-02 10:47:00,Delivered,Cash on Delivery,Mobile App,,0.0
504695,13565,2025-02-02 10:48:00,Delivered,UPI,Desktop,WELCOME15,0.0
504696,13530,2025-02-02 11:50:00,RETURNED,UPI,Mobile Web,WELCOME15,0.0
504697,13575,2025-02-02 14:02:00,Delivered,Upi,Desktop,,0.0
504698,13343,2025-02-02 14:29:00,Delivered,UPI,Mobile App,,49.0
504699,13469,2025-02-02 14:40:00,DELIVERED,UPI,Desktop,,0.0
504700,13076,2025-02-02 15:28:00,Delivered,Net Banking,Mobile App,,0.0
504701,13543,2025-02-02 15:29:00,Cancelled,Credit Card,Desktop,WELCOME15,0.0
504702,13571,2025-02-02 15:41:00,Delivered,Cash on Delivery,Mobile App,,0.0
504703,13283,2025-02-02 17:13:00,Delivered,Cash on Delivery,Desktop,,0.0
504704,13475,2025-02-02 17:31:00,DELIVERED,Credit Card,Mobile App,,0.0
504705,13395,2025-02-02 19:43:00,Delivered,UPI,Mobile Web,,0.0
504706,13470,2025-02-02 20:49:00,DELIVERED,UPI,Mobile App,,0.0
504707,13559,2025-02-02 21:30:00,Returned,UPI,Mobile App,,0.0
504708,12511,2025-02-03 07:28:00,Delivered,UPI,Mobile App,,0.0
504709,13566,2025-02-03 09:54:00,Delivered,Cash on Delivery,Mobile App,,0.0
504710,13577,2025-02-03 09:56:00,delivered ,Net Banking,Mobile App,,0.0
504711,13517,2025-02-03 10:49:00,DELIVERED,UPI,Mobile App,WELCOME15,0.0
504712,13484,2025-02-03 11:40:00,RETURNED,Net Banking,Mobile App,,0.0
504713,13524,2025-02-03 12:25:00,Returned,Cash on Delivery,Desktop,WELCOME15,0.0
504714,13584,2025-02-03 13:22:00,Delivered,UPI,Mobile Web,WELCOME15,0.0
504715,13538,2025-02-03 13:34:00,Delivered,Debit Card,Desktop,,0.0
504716,12728,2025-02-03 14:16:00,Delivered,Credit Card,Mobile App,,0.0
504717,12294,2025-02-03 16:15:00,Delivered,Cash on Delivery,Mobile Web,,0.0
504718,13513,2025-02-03 17:05:00,Cancelled,debit card,Mobile App,WELCOME15,0.0
504719,13556,2025-02-03 19:39:00,Returned,UPI,Mobile App,WELCOME15,0.0
504720,11081,2025-02-03 20:41:00,Delivered,Credit Card,Mobile App,,49.0
504721,12420,2025-02-03 20:51:00,Returned,debit card,Mobile App,SAVE5,0.0
504722,12397,2025-02-03 21:10:00,Delivered,upi,Mobile App,,0.0
504723,11656,2025-02-03 22:00:00,Delivered,credit card,Mobile App,,0.0
504724,13560,2025-02-03 22:44:00,Returned,Credit Card,Mobile Web,,0.0
504725,13596,2025-02-04 07:37:00,Delivered,CC,Mobile Web,,0.0
504726,13539,2025-02-04 07:57:00,Delivered,UPI,Mobile App,,0.0
504727,10067,2025-02-04 08:20:00,delivered ,UPI,Mobile App,,0.0
504728,13562,2025-02-04 11:08:00,Cancelled,UPI,Mobile App,,0.0
504729,13563,2025-02-04 13:03:00,Delivered,Credit Card,Desktop,,0.0
504730,12516,2025-02-04 15:02:00,DELIVERED,Cash on Delivery,Mobile Web,,0.0
504731,12460,2025-02-04 15:31:00,Delivered,UPI,Mobile App,,0.0
504732,10118,2025-02-04 15:48:00,DELIVERED,Cash on Delivery,Mobile Web,,0.0
504733,13240,2025-02-04 18:04:00,Delivered,UPI,Mobile Web,,0.0
504734,13453,2025-02-04 18:20:00,DELIVERED,UPI,Mobile Web,WELCOME15,49.0
504735,13514,2025-02-04 18:26:00,Delivered,UPI,Mobile App,SAVE5,0.0
504736,12057,2025-02-04 19:16:00,Delivered,UPI,Mobile App,,0.0
504737,13374,2025-02-04 20:09:00,Delivered,Credit Card,Mobile App,SAVE5,0.0
504738,13521,2025-02-04 21:39:00,delivered ,upi,Mobile App,WELCOME15,0.0
504739,13572,2025-02-04 21:40:00,delivered ,DC,Desktop,,0.0
504740,13590,2025-02-04 22:56:00,DELIVERED,Net Banking,Mobile Web,,0.0
504741,13588,2025-02-05 07:41:00,Delivered,Cash on Delivery,Mobile App,,49.0
504742,11989,2025-02-05 11:47:00,Delivered,Debit Card,Mobile Web,,0.0
504743,13599,2025-02-05 12:02:00,Delivered,Cash on Delivery,Desktop,WELCOME15,0.0
504744,13307,2025-02-05 12:03:00,delivered ,Upi,Mobile Web,,0.0
504745,13573,2025-02-05 12:45:00,Delivered,Credit Card,Mobile Web,WELCOME15,0.0
504746,13579,2025-02-05 12:54:00,Delivered,UPI,Mobile App,,0.0
504747,13569,2025-02-05 13:34:00,Returned,Credit Card,Mobile App,WELCOME15,0.0
504748,13603,2025-02-05 13:42:00,Delivered,UPI,Mobile Web,,0.0
504749,11594,2025-02-05 17:59:00,Delivered,Cash on Delivery,Mobile Web,,0.0
504750,13350,2025-02-05 18:18:00,Delivered,Credit Card,Mobile Web,,0.0
504751,12108,2025-02-05 18:45:00,Delivered,CC,Mobile Web,,0.0
504752,13592,2025-02-05 19:04:00,Delivered,CC,Mobile Web,,0.0
504753,13495,2025-02-05 19:49:00,Delivered,Credit Card,Mobile App,,0.0
504754,13594,2025-02-05 23:32:00,Delivered,UPI,Mobile Web,,0.0
504755,13303,2025-02-06 08:43:00,Cancelled,Upi,Mobile Web,,0.0
504756,13613,2025-02-06 09:53:00,Delivered,UPI,Mobile App,WELCOME15,0.0
504757,11550,2025-02-06 09:57:00,Delivered,upi,Mobile Web,,0.0
504758,13591,2025-02-06 10:53:00,Delivered,Cash on Delivery,Mobile App,,0.0
504759,13589,2025-02-06 13:32:00,Delivered,Debit Card,Mobile App,WELCOME15,0.0
504760,12659,2025-02-06 14:29:00,Delivered,UPI,Desktop,,0.0
504760,12659,2025-02-06 14:29:00,Delivered,UPI,Desktop,,0.0
504761,13587,2025-02-06 14:32:00,delivered ,Credit Card,Desktop,WELCOME15,0.0
504762,12544,2025-02-06 16:58:00,DELIVERED,UPI,Mobile Web,SAVE5,0.0
504763,13586,2025-02-06 17:08:00,Cancelled,Cash on Delivery,Mobile App,,0.0
504764,13604,2025-02-06 17:19:00,Cancelled,Credit Card,Mobile App,,0.0
504765,13066,2025-02-06 18:25:00,DELIVERED,Credit Card,Mobile App,SAVE5,0.0
504766,13574,2025-02-06 19:41:00,Delivered,UPI,Mobile Web,WELCOME15,49.0
504767,11037,2025-02-06 19:44:00,Delivered,Cash on Delivery,Mobile Web,,0.0
504768,13511,2025-02-06 21:49:00,DELIVERED,Cash on Delivery,Desktop,,0.0
504769,13548,2025-02-06 22:05:00,Delivered,Credit Card,Desktop,,0.0
504770,12047,2025-02-07 07:08:00,Delivered,Debit Card,Mobile App,,0.0
504771,13595,2025-02-07 07:26:00,Delivered,cod,Mobile App,,0.0
504772,12472,2025-02-07 07:40:00,Delivered,Cash on Delivery,Desktop,,0.0
504773,13578,2025-02-07 08:15:00,DELIVERED,Cash on Delivery,Mobile App,,0.0
504774,13568,2025-02-07 12:28:00,Delivered,UPI,Mobile Web,WELCOME15,0.0
504775,12388,2025-02-07 12:57:00,Delivered,UPI,Mobile App,,0.0
504776,13616,2025-02-07 13:00:00,delivered ,UPI,Mobile App,,0.0
504777,13561,2025-02-07 14:01:00,Returned,Cash on Delivery,Mobile App,WELCOME15,0.0
504778,13231,2025-02-07 14:11:00,Delivered,Cash on Delivery,Desktop,,0.0
504779,13602,2025-02-07 14:28:00,Delivered,Cash on Delivery,Desktop,WELCOME15,0.0
504780,13611,2025-02-07 22:46:00,delivered ,UPI,Mobile App,WELCOME15,0.0
504781,13581,2025-02-07 23:27:00,Delivered,DC,Mobile App,WELCOME15,0.0
504782,12841,2025-02-07 23:56:00,Delivered,UPI,Desktop,,0.0
504783,13617,2025-02-08 08:05:00,Delivered,COD,Mobile Web,,0.0
504784,12348,2025-02-08 08:42:00,Delivered,UPI,Desktop,,0.0
504785,13283,2025-02-08 09:12:00,Delivered,UPI,Mobile App,,0.0
504786,12213,2025-02-08 09:34:00,Delivered,UPI,Desktop,,0.0
504787,12632,2025-02-08 11:32:00,delivered ,UPI,Mobile Web,,49.0
504788,12194,2025-02-08 12:37:00,delivered ,debit card,Mobile Web,,0.0
504789,10095,2025-02-08 12:48:00,Delivered,UPI,Desktop,,0.0
504790,13554,2025-02-08 14:48:00,DELIVERED,Cash on Delivery,Mobile App,WELCOME15,0.0
504791,13622,2025-02-08 16:02:00,Delivered,Cash on Delivery,Mobile App,WELCOME15,0.0
504792,13221,2025-02-08 16:33:00,Delivered,UPI,Mobile App,SAVE5,0.0
504793,13492,2025-02-08 17:38:00,Delivered,Net Banking,Mobile App,WELCOME15,0.0
504794,13415,2025-02-08 18:20:00,Delivered,Credit Card,Mobile Web,,49.0
504795,13437,2025-02-08 18:36:00,DELIVERED,Debit Card,Desktop,,0.0
504796,13567,2025-02-08 18:49:00,delivered ,Cash on Delivery,Mobile App,,0.0
504797,11852,2025-02-08 19:59:00,Delivered,Credit Card,Mobile App,,0.0
504798,13598,2025-02-08 20:45:00,delivered ,Net Banking,Mobile Web,,0.0
504799,13607,2025-02-08 21:30:00,Delivered,UPI,Mobile App,SAVE5,0.0
504800,13621,2025-02-08 22:33:00,Returned,UPI,Desktop,WELCOME15,0.0
504801,13382,2025-02-09 07:21:00,Cancelled,UPI,Mobile App,,49.0
504802,12959,2025-02-09 08:17:00,delivered ,Cash on Delivery,Mobile App,,0.0
504803,13641,2025-02-09 09:42:00,DELIVERED,CC,Mobile Web,WELCOME15,0.0
504804,11293,2025-02-09 10:04:00,returned ,Debit Card,Mobile Web,,0.0
504805,11773,2025-02-09 10:05:00,DELIVERED,CC,Mobile App,,0.0
504806,12565,2025-02-09 10:15:00,Delivered,UPI,Mobile App,,0.0
504807,13594,2025-02-09 10:41:00,DELIVERED,upi,Mobile App,,0.0
504808,12349,2025-02-09 12:26:00,DELIVERED,Cash on Delivery,Mobile Web,,49.0
504809,13645,2025-02-09 13:05:00,DELIVERED,Net Banking,Mobile App,,0.0
504810,13184,2025-02-09 13:14:00,Delivered,Cash On Delivery,Mobile App,,0.0
504811,13596,2025-02-09 14:06:00,Delivered,UPI,Desktop,,49.0
504812,13552,2025-02-09 14:28:00,DELIVERED,Credit Card,Mobile App,,0.0
504813,13620,2025-02-09 15:00:00,Returned,Debit Card,Mobile App,WELCOME15,0.0
504814,13626,2025-02-09 15:45:00,Delivered,UPI,Mobile App,,0.0
504815,10590,2025-02-09 15:54:00,Returned,upi,Mobile Web,,0.0
504816,13286,2025-02-09 17:01:00,Returned,upi,Mobile App,,0.0
504817,13618,2025-02-09 17:21:00,Delivered,Credit Card,Mobile App,,0.0
504818,13537,2025-02-09 21:35:00,Delivered,CC,Mobile Web,,0.0
504819,13577,2025-02-09 21:40:00,Cancelled,Upi,Mobile Web,,0.0
504820,13597,2025-02-09 22:22:00,Delivered,UPI,Mobile Web,,0.0
504821,13619,2025-02-09 22:57:00,Delivered,cod,Mobile Web,,0.0
504822,13608,2025-02-09 23:04:00,Returned,Net Banking,Mobile App,,0.0
504823,13580,2025-02-10 07:14:00,Returned,Net Banking,Mobile Web,,0.0
504824,13665,2025-02-10 09:40:00,Delivered,Credit Card,Mobile Web,,0.0
504825,13635,2025-02-10 09:43:00,Delivered,UPI,Desktop,WELCOME15,0.0
504826,13663,2025-02-10 12:16:00,Delivered,UPI,Desktop,,0.0
504827,13535,2025-02-10 13:18:00,DELIVERED,UPI,Mobile App,,0.0
504828,10067,2025-02-10 14:35:00,Delivered,cod,Mobile Web,,0.0
504829,13659,2025-02-10 15:05:00,Delivered,UPI,Mobile App,WELCOME15,0.0
504830,12782,2025-02-10 15:16:00,Delivered,Cash on Delivery,Mobile App,,0.0
504831,13322,2025-02-10 15:52:00,Delivered,Credit Card,Mobile App,,0.0
504832,13629,2025-02-10 16:01:00,DELIVERED,Net Banking,Desktop,WELCOME15,0.0
504833,13582,2025-02-10 18:05:00,Delivered,UPI,Mobile App,WELCOME15,0.0
504834,13624,2025-02-10 20:52:00,DELIVERED,CC,Mobile App,SAVE5,49.0
504835,13658,2025-02-10 21:51:00,Delivered,Upi,Mobile Web,,0.0
504836,13035,2025-02-10 22:20:00,DELIVERED,UPI,Mobile App,,0.0
504837,13652,2025-02-11 11:01:00,Cancelled,cod,Mobile App,,0.0
504838,13647,2025-02-11 11:15:00,delivered ,UPI,Mobile App,WELCOME15,0.0
504839,11459,2025-02-11 14:38:00,DELIVERED,cod,Desktop,,0.0
504840,13633,2025-02-11 15:48:00,Cancelled,Cash On Delivery,Desktop,,0.0
504841,12981,2025-02-11 17:18:00,Delivered,Debit Card,Mobile App,,0.0
504842,13670,2025-02-11 18:30:00,delivered ,upi,Mobile Web,SAVE5,0.0
504843,12100,2025-02-11 19:00:00,Cancelled,UPI,Mobile App,,0.0
504843,12100,2025-02-11 19:00:00,Cancelled,UPI,Mobile App,,0.0
504844,11819,2025-02-11 19:07:00,Delivered,UPI,Desktop,,0.0
504845,13640,2025-02-11 20:15:00,Delivered,debit card,Desktop,WELCOME15,0.0
504846,13622,2025-02-11 20:57:00,delivered ,UPI,Mobile Web,,0.0
504847,13116,2025-02-11 22:18:00,Delivered,Cash on Delivery,Mobile Web,,0.0
504848,13352,2025-02-12 08:11:00,Delivered,Debit Card,Desktop,,0.0
504849,12504,2025-02-12 09:28:00,Delivered,Debit Card,Mobile Web,,0.0
504850,13260,2025-02-12 10:23:00,Delivered,UPI,Mobile App,,0.0
504851,13581,2025-02-12 10:33:00,Cancelled,DC,Mobile App,,0.0
504852,13628,2025-02-12 10:51:00,Delivered,Credit Card,Desktop,SAVE5,0.0
504853,12949,2025-02-12 12:13:00,DELIVERED,Credit Card,Desktop,,0.0
504854,12232,2025-02-12 13:15:00,Delivered,UPI,Mobile App,,0.0
504855,12849,2025-02-12 13:48:00,returned ,Cash on Delivery,Mobile App,,0.0
504856,11602,2025-02-12 14:03:00,delivered ,debit card,Mobile App,,0.0
504857,13654,2025-02-12 15:38:00,Returned,Credit Card,Mobile App,WELCOME15,0.0
504858,12277,2025-02-12 16:16:00,DELIVERED,UPI,Desktop,,0.0
504859,11859,2025-02-12 17:31:00,Delivered,CC,Mobile App,,0.0
504860,13329,2025-02-12 19:01:00,Delivered,Credit Card,Mobile App,,0.0
504861,12983,2025-02-12 19:12:00,delivered ,Credit Card,Desktop,,0.0
504862,13570,2025-02-12 21:02:00,returned ,upi,Mobile App,,0.0
504863,13676,2025-02-12 21:26:00,delivered ,Cash on Delivery,Mobile App,,0.0
504864,11689,2025-02-12 23:17:00,Delivered,UPI,Mobile App,,0.0
504865,13656,2025-02-13 07:26:00,delivered ,Upi,Mobile Web,WELCOME15,0.0
504866,11680,2025-02-13 09:10:00,Delivered,Cash on Delivery,Mobile App,,0.0
504867,12657,2025-02-13 10:20:00,delivered ,Debit Card,Mobile Web,,49.0
504868,12562,2025-02-13 11:24:00,DELIVERED,Cash on Delivery,Mobile Web,,0.0
504869,13395,2025-02-13 11:35:00,Delivered,UPI,Mobile App,,0.0
504870,13456,2025-02-13 14:41:00,DELIVERED,Credit Card,Desktop,,0.0
504871,13664,2025-02-13 15:33:00,DELIVERED,Net Banking,Mobile App,,49.0
504872,12227,2025-02-13 16:16:00,Returned,Cash on Delivery,Mobile App,SAVE5,0.0
504873,13614,2025-02-13 17:02:00,DELIVERED,Credit Card,Desktop,WELCOME15,0.0
504874,13674,2025-02-13 17:14:00,delivered ,UPI,Mobile Web,,0.0
504875,13681,2025-02-13 17:23:00,Delivered,COD,Desktop,SAVE5,49.0
504876,13669,2025-02-13 17:54:00,Delivered,UPI,Mobile Web,,0.0
504877,12495,2025-02-13 18:01:00,DELIVERED,UPI,Mobile Web,,0.0
504878,13465,2025-02-13 18:05:00,Delivered,Net Banking,Desktop,,0.0
504879,10527,2025-02-14 07:22:00,Delivered,UPI,Mobile App,,0.0
504880,11223,2025-02-14 08:06:00,DELIVERED,Cash On Delivery,Mobile Web,,0.0
504881,13684,2025-02-14 11:04:00,delivered ,Net Banking,Mobile App,WELCOME15,0.0
504882,13678,2025-02-14 11:51:00,Delivered,UPI,Mobile App,,0.0
504883,13490,2025-02-14 15:56:00,Delivered,UPI,Mobile App,,0.0
504884,13531,2025-02-14 19:59:00,Returned,UPI,Mobile App,WELCOME15,0.0
504885,11650,2025-02-14 20:45:00,Delivered,UPI,Mobile App,,0.0
504886,13423,2025-02-14 22:22:00,Delivered,Debit Card,Mobile App,,0.0
504887,13603,2025-02-14 23:29:00,Delivered,Upi,Desktop,,49.0
504888,13680,2025-02-14 23:43:00,Delivered,Credit Card,Mobile Web,,0.0
504889,13632,2025-02-15 08:02:00,Delivered,UPI,Desktop,WELCOME15,0.0
504890,13696,2025-02-15 09:03:00,DELIVERED,Cash on Delivery,Mobile Web,,0.0
504891,13693,2025-02-15 09:09:00,Delivered,Net Banking,Mobile App,WELCOME15,49.0
504892,13119,2025-02-15 10:48:00,Delivered,UPI,Mobile App,,49.0
504893,13668,2025-02-15 10:52:00,Delivered,UPI,Mobile App,,0.0
504894,13639,2025-02-15 10:58:00,Cancelled,Cash on Delivery,Mobile App,WELCOME15,0.0
504895,13242,2025-02-15 11:05:00,Delivered,UPI,Mobile App,SAVE5,0.0
504896,13590,2025-02-15 12:41:00,DELIVERED,cod,Mobile App,,0.0
504897,13610,2025-02-15 15:40:00,DELIVERED,UPI,Desktop,,0.0
504898,13689,2025-02-15 17:04:00,DELIVERED,Net Banking,Mobile App,WELCOME15,0.0
504899,13700,2025-02-15 17:34:00,Cancelled,UPI,Mobile App,WELCOME15,0.0
504900,11737,2025-02-15 18:12:00,Delivered,Cash on Delivery,Mobile App,,0.0
504901,13673,2025-02-15 22:16:00,Delivered,UPI,Mobile App,,0.0
504902,13666,2025-02-15 22:59:00,Delivered,Credit Card,Mobile Web,,0.0
504903,13402,2025-02-16 09:14:00,Delivered,Cash on Delivery,Mobile Web,,0.0
504904,13547,2025-02-16 09:35:00,Delivered,Cash on Delivery,Mobile Web,,0.0
504905,13311,2025-02-16 10:04:00,DELIVERED,UPI,Desktop,,0.0
504906,12679,2025-02-16 12:26:00,Delivered,Debit Card,Desktop,,0.0
504907,13702,2025-02-16 12:52:00,CANCELLED,Debit Card,Mobile App,,0.0
504908,13651,2025-02-16 14:48:00,Returned,Credit Card,Desktop,,0.0
504909,13584,2025-02-16 17:12:00,Delivered,Cash on Delivery,Mobile Web,,0.0
504910,12586,2025-02-16 17:40:00,DELIVERED,Debit Card,Desktop,,0.0
504911,13293,2025-02-16 17:45:00,Delivered,Credit Card,Mobile Web,,0.0
504912,13705,2025-02-16 20:19:00,Delivered,Cash on Delivery,Mobile App,WELCOME15,0.0
504913,13426,2025-02-16 22:19:00,Delivered,UPI,Mobile App,,0.0
504914,13378,2025-02-16 22:52:00,DELIVERED,Cash on Delivery,Mobile App,,0.0
504915,13723,2025-02-17 07:44:00,Delivered,Cash on Delivery,Mobile App,WELCOME15,0.0
504916,13720,2025-02-17 08:10:00,Delivered,upi,Desktop,WELCOME15,0.0
504917,13712,2025-02-17 08:47:00,Delivered,upi,Mobile App,WELCOME15,49.0
504918,13109,2025-02-17 09:05:00,Returned,Debit Card,Mobile Web,,0.0
504919,13675,2025-02-17 09:09:00,delivered ,Cash on Delivery,Mobile App,WELCOME15,0.0
504920,13716,2025-02-17 09:45:00,Delivered,Net Banking,Mobile App,,0.0
504921,13732,2025-02-17 10:00:00,Returned,Debit Card,Desktop,,0.0
504922,13094,2025-02-17 10:20:00,Delivered,UPI,Mobile App,,0.0
504923,13728,2025-02-17 12:17:00,Returned,Credit Card,Mobile Web,,0.0
504924,11771,2025-02-17 13:02:00,Returned,Cash on Delivery,Mobile Web,,0.0
504925,13498,2025-02-17 13:25:00,DELIVERED,Upi,Mobile App,,0.0
504925,13498,2025-02-17 13:25:00,DELIVERED,Upi,Mobile App,,0.0
504926,13691,2025-02-17 13:42:00,Delivered,Cash On Delivery,Mobile App,,49.0
504927,13724,2025-02-17 17:08:00,CANCELLED,Cash on Delivery,Desktop,WELCOME15,0.0
504928,13133,2025-02-17 18:05:00,Delivered,Net Banking,Mobile App,,0.0
504929,11602,2025-02-17 20:07:00,delivered ,CC,Mobile Web,,0.0
504930,13734,2025-02-17 21:29:00,Delivered,UPI,Mobile App,WELCOME15,0.0
504931,13719,2025-02-17 23:15:00,Delivered,UPI,Mobile App,,49.0
504932,12631,2025-02-18 07:14:00,CANCELLED,Debit Card,Mobile App,,0.0
504933,13722,2025-02-18 07:27:00,DELIVERED,Credit Card,Mobile App,,0.0
504934,12381,2025-02-18 08:11:00,Delivered,Debit Card,Mobile App,,0.0
504935,13706,2025-02-18 08:37:00,Delivered,Cash on Delivery,Mobile Web,,0.0
504936,13528,2025-02-18 09:45:00,Returned,CC,Mobile App,,0.0
504937,13095,2025-02-18 10:43:00,delivered ,Upi,Mobile App,,0.0
504938,13746,2025-02-18 12:32:00,Delivered,UPI,Desktop,WELCOME15,0.0
504939,13024,2025-02-18 12:37:00,Returned,Debit Card,Mobile App,,0.0
504940,12446,2025-02-18 14:32:00,Returned,Cash on Delivery,Desktop,SAVE5,0.0
504941,13055,2025-02-18 16:25:00,Delivered,Upi,Mobile Web,,0.0
504942,13638,2025-02-18 17:24:00,Delivered,debit card,Desktop,WELCOME15,0.0
504943,13650,2025-02-18 19:20:00,delivered ,Upi,Mobile Web,WELCOME15,0.0
504944,13717,2025-02-18 20:19:00,Delivered,Cash on Delivery,Mobile App,,0.0
504945,13742,2025-02-18 21:36:00,Delivered,credit card,Desktop,,0.0
504946,10071,2025-02-18 22:13:00,Delivered,Net Banking,Mobile Web,,0.0
504947,13677,2025-02-19 07:27:00,Delivered,UPI,Mobile App,,0.0
504948,13695,2025-02-19 07:41:00,Delivered,Cash on Delivery,Mobile App,,0.0
504949,12849,2025-02-19 08:23:00,Delivered,Upi,Mobile Web,,0.0
504950,11877,2025-02-19 10:42:00,Delivered,UPI,Desktop,,0.0
504951,12430,2025-02-19 11:14:00,Delivered,UPI,Mobile Web,,0.0
504952,13705,2025-02-19 11:40:00,delivered ,Cash on Delivery,Desktop,,0.0
504953,13634,2025-02-19 12:47:00,Delivered,UPI,Mobile Web,,0.0
504954,12804,2025-02-19 12:54:00,Delivered,Upi,Mobile App,,0.0
504955,13736,2025-02-19 12:57:00,delivered ,UPI,Mobile Web,,0.0
504956,13671,2025-02-19 14:11:00,DELIVERED,UPI,Mobile Web,WELCOME15,0.0
504957,13007,2025-02-19 14:11:00,Delivered,Net Banking,Mobile Web,,0.0
504958,11177,2025-02-19 15:58:00,Delivered,UPI,Mobile App,,0.0
504959,11129,2025-02-19 16:08:00,Delivered,Debit Card,Mobile Web,,0.0
504960,13715,2025-02-19 16:12:00,Returned,Cash on Delivery,Desktop,,0.0
504961,13743,2025-02-19 17:11:00,Delivered,Credit Card,Mobile App,,0.0
504962,13648,2025-02-19 17:19:00,Delivered,UPI,Mobile App,,0.0
504963,13561,2025-02-19 17:38:00,Delivered,Credit Card,Desktop,,0.0
504964,13385,2025-02-19 17:58:00,Delivered,upi,Desktop,,0.0
504965,13741,2025-02-19 18:49:00,Delivered,Credit Card,Mobile App,,49.0
504966,10861,2025-02-19 20:31:00,Delivered,UPI,Mobile Web,,0.0
504967,12503,2025-02-19 20:34:00,DELIVERED,Cash on Delivery,Mobile Web,,49.0
504968,13750,2025-02-19 21:31:00,DELIVERED,UPI,Mobile App,WELCOME15,0.0
504969,10554,2025-02-19 22:36:00,Delivered,DC,Mobile App,,0.0
504970,10957,2025-02-19 23:33:00,cancelled ,Cash on Delivery,Desktop,,0.0
504971,13657,2025-02-20 07:57:00,Delivered,UPI,Mobile Web,WELCOME15,0.0
504972,13541,2025-02-20 08:09:00,Delivered,Net Banking,Mobile Web,,0.0
504973,11687,2025-02-20 08:27:00,Delivered,Credit Card,Mobile Web,SAVE5,0.0
504974,13755,2025-02-20 08:37:00,Returned,UPI,Mobile App,,0.0
504975,13506,2025-02-20 09:01:00,Delivered,Credit Card,Mobile App,,0.0
504976,13726,2025-02-20 09:15:00,Returned,UPI,Desktop,,0.0
504977,13731,2025-02-20 10:16:00,delivered ,CC,Mobile App,,49.0
504978,13699,2025-02-20 11:05:00,Delivered,Upi,Mobile App,SAVE5,0.0
504979,11973,2025-02-20 12:25:00,Delivered,credit card,Mobile App,,0.0
504979,11973,2025-02-20 12:25:00,Delivered,credit card,Mobile App,,0.0
504980,13690,2025-02-20 14:28:00,Returned,Net Banking,Desktop,,49.0
504981,13661,2025-02-20 15:03:00,Delivered,UPI,Mobile App,WELCOME15,49.0
504982,13756,2025-02-20 15:33:00,DELIVERED,UPI,Mobile Web,,0.0
504983,12022,2025-02-20 16:41:00,Delivered,UPI,Mobile App,,0.0
504984,13760,2025-02-20 17:16:00,Delivered,Credit Card,Mobile App,,0.0
504985,13744,2025-02-20 17:17:00,Delivered,Cash on Delivery,Mobile Web,SAVE5,0.0
504986,13761,2025-02-20 17:26:00,DELIVERED,UPI,Mobile Web,WELCOME15,0.0
504987,13737,2025-02-20 17:37:00,Delivered,UPI,Desktop,,0.0
504988,12842,2025-02-20 19:13:00,Delivered,Debit Card,Mobile Web,,0.0
504989,10954,2025-02-20 19:24:00,Delivered,Cash on Delivery,Mobile Web,,0.0
504990,11960,2025-02-20 19:59:00,RETURNED,UPI,Mobile Web,,0.0
504991,13730,2025-02-20 20:52:00,Delivered,Net Banking,Mobile App,,0.0
504992,13685,2025-02-20 20:55:00,Delivered,UPI,Mobile App,,0.0
504993,12210,2025-02-20 21:35:00,Cancelled,UPI,Mobile Web,,0.0
504994,13079,2025-02-20 21:45:00,Returned,Debit Card,Mobile App,,0.0
504995,12575,2025-02-20 23:39:00,Delivered,Credit Card,Mobile Web,,0.0
504996,13608,2025-02-20 23:40:00,Delivered,Credit Card,Mobile App,SAVE5,0.0
504997,13753,2025-02-20 23:40:00,Delivered,UPI,Mobile App,WELCOME15,49.0
504998,13692,2025-02-21 08:12:00,cancelled ,Cash on Delivery,Mobile App,WELCOME15,49.0
504999,13762,2025-02-21 08:30:00,Delivered,UPI,Desktop,,0.0
505000,13725,2025-02-21 09:23:00,Returned,Cash on Delivery,Mobile App,WELCOME15,0.0
505001,13672,2025-02-21 09:47:00,Delivered,UPI,Mobile App,WELCOME15,0.0
505002,13759,2025-02-21 11:00:00,Delivered,Debit Card,Mobile App,,0.0
505003,13749,2025-02-21 12:13:00,DELIVERED,Debit Card,Mobile App,,0.0
505004,13769,2025-02-21 15:18:00,DELIVERED,Cash on Delivery,Mobile Web,WELCOME15,0.0
505005,13492,2025-02-21 15:42:00,Delivered,Net Banking,Mobile Web,,0.0
505006,13612,2025-02-21 15:47:00,Delivered,UPI,Mobile App,,0.0
505007,11276,2025-02-21 16:34:00,Delivered,Net Banking,Mobile App,,0.0
505008,13683,2025-02-21 16:44:00,DELIVERED,Net Banking,Mobile App,,0.0
505009,12850,2025-02-21 18:48:00,Delivered,debit card,Mobile Web,,0.0
505010,12446,2025-02-21 20:58:00,delivered ,Cash on Delivery,Desktop,,0.0
505011,13768,2025-02-21 21:24:00,Delivered,DC,Desktop,,0.0
505012,13682,2025-02-21 23:59:00,Delivered,Net Banking,Mobile App,WELCOME15,0.0
505013,13751,2025-02-22 07:30:00,Delivered,Debit Card,Desktop,,0.0
505014,12406,2025-02-22 09:00:00,Returned,UPI,Mobile App,,0.0
505015,13748,2025-02-22 09:33:00,Delivered,UPI,Mobile Web,,0.0
505016,13775,2025-02-22 09:44:00,delivered ,UPI,Mobile Web,,0.0
505017,13727,2025-02-22 13:12:00,Delivered,UPI,Mobile App,WELCOME15,0.0
505018,13779,2025-02-22 13:39:00,DELIVERED,Cash on Delivery,Mobile Web,,0.0
505019,13698,2025-02-22 14:19:00,DELIVERED,credit card,Desktop,,0.0
505020,12383,2025-02-22 14:26:00,Delivered,Net Banking,Mobile App,,0.0
505021,13294,2025-02-22 15:05:00,Delivered,Upi,Desktop,SAVE5,0.0
505022,13766,2025-02-22 17:35:00,Delivered,UPI,Mobile Web,WELCOME15,0.0
505023,13267,2025-02-22 19:50:00,delivered ,Cash on Delivery,Mobile Web,,0.0
505024,13758,2025-02-22 20:26:00,Returned,Debit Card,Desktop,,0.0
505025,13649,2025-02-22 20:29:00,Delivered,UPI,Mobile Web,,0.0
505025,13649,2025-02-22 20:29:00,Delivered,UPI,Mobile Web,,0.0
505026,13767,2025-02-22 21:17:00,Delivered,CC,Mobile App,,0.0
505027,10532,2025-02-22 21:17:00,Delivered,Cash on Delivery,Mobile App,,0.0
505028,13714,2025-02-22 22:10:00,Delivered,upi,Mobile App,,0.0
505029,11323,2025-02-23 08:48:00,Delivered,Credit Card,Mobile Web,,0.0
505029,11323,2025-02-23 08:48:00,Delivered,Credit Card,Mobile Web,,0.0
505030,12568,2025-02-23 09:29:00,DELIVERED,Cash on Delivery,Mobile Web,,0.0
505031,13713,2025-02-23 11:22:00,Returned,credit card,Mobile Web,,0.0
505032,13786,2025-02-23 11:26:00,Delivered,UPI,Mobile Web,WELCOME15,0.0
505033,11376,2025-02-23 12:21:00,Delivered,Cash on Delivery,Mobile App,,0.0
505034,13781,2025-02-23 12:52:00,RETURNED,upi,Mobile Web,WELCOME15,0.0
505035,12895,2025-02-23 13:04:00,Delivered,Cash on Delivery,Mobile App,,0.0
505036,13778,2025-02-23 15:28:00,DELIVERED,UPI,Desktop,WELCOME15,0.0
505037,12447,2025-02-23 16:33:00,Delivered,debit card,Mobile App,,0.0
505038,13210,2025-02-23 18:10:00,Delivered,Credit Card,Mobile Web,,0.0
505039,13787,2025-02-23 18:31:00,Delivered,UPI,Desktop,,0.0
505040,13773,2025-02-23 21:22:00,Delivered,Credit Card,Desktop,,0.0
505041,13789,2025-02-24 08:01:00,Delivered,UPI,Mobile Web,,0.0
505042,13792,2025-02-24 08:22:00,Delivered,Credit Card,Mobile Web,,0.0
505043,13765,2025-02-24 09:37:00,Delivered,UPI,Mobile App,WELCOME15,0.0
505044,13783,2025-02-24 11:19:00,DELIVERED,Upi,Mobile App,WELCOME15,49.0
505045,10470,2025-02-24 11:26:00,Delivered,Net Banking,Mobile Web,SAVE5,0.0
505046,13798,2025-02-24 13:47:00,Delivered,Credit Card,Desktop,WELCOME15,0.0
505047,11738,2025-02-24 14:19:00,Delivered,Cash on Delivery,Mobile App,,0.0
505048,13799,2025-02-24 15:38:00,Returned,upi,Mobile App,,0.0
505049,13790,2025-02-24 17:26:00,Returned,upi,Mobile Web,WELCOME15,0.0
505050,13793,2025-02-24 17:33:00,delivered ,upi,Mobile Web,WELCOME15,0.0
505051,11452,2025-02-24 17:35:00,DELIVERED,UPI,Mobile App,SAVE5,0.0
505052,13800,2025-02-24 19:25:00,delivered ,UPI,Desktop,WELCOME15,0.0
505053,11416,2025-02-24 19:31:00,Delivered,UPI,Mobile Web,,0.0
505054,12923,2025-02-24 21:06:00,Delivered,upi,Mobile App,,0.0
505055,12357,2025-02-24 21:49:00,delivered ,Debit Card,Mobile App,,0.0
505056,13586,2025-02-24 21:50:00,Delivered,COD,Mobile Web,,0.0
505057,10623,2025-02-25 08:45:00,delivered ,credit card,Mobile Web,,0.0
505058,13707,2025-02-25 08:51:00,Delivered,upi,Mobile Web,WELCOME15,0.0
505059,12312,2025-02-25 09:13:00,Delivered,Net Banking,Mobile App,,0.0
505060,11850,2025-02-25 10:35:00,Delivered,UPI,Mobile Web,,0.0
505061,13729,2025-02-25 11:57:00,Delivered,UPI,Desktop,,0.0
505062,13812,2025-02-25 17:07:00,Cancelled,cod,Desktop,,49.0
505063,13265,2025-02-25 19:14:00,delivered ,UPI,Mobile Web,,0.0
505064,10667,2025-02-25 19:33:00,Delivered,UPI,Mobile App,,0.0
505065,12465,2025-02-25 19:38:00,DELIVERED,UPI,Mobile App,,0.0
505066,13751,2025-02-26 07:52:00,Returned,Debit Card,Mobile App,,0.0
505067,13809,2025-02-26 08:45:00,DELIVERED,Debit Card,Mobile App,WELCOME15,0.0
505068,13788,2025-02-26 08:54:00,Delivered,Credit Card,Mobile App,,0.0
505069,13739,2025-02-26 09:29:00,CANCELLED,Credit Card,Mobile Web,WELCOME15,0.0
505070,13791,2025-02-26 09:37:00,Delivered,upi,Desktop,WELCOME15,0.0
505071,13340,2025-02-26 09:51:00,Delivered,UPI,Desktop,,0.0
505072,13253,2025-02-26 10:31:00,Delivered,Cash on Delivery,Mobile Web,,49.0
505073,13774,2025-02-26 11:16:00,Delivered,UPI,Desktop,,0.0
505074,13815,2025-02-26 11:48:00,Delivered,Cash on Delivery,Mobile Web,,0.0
505075,10441,2025-02-26 13:57:00,Delivered,Credit Card,Desktop,SAVE5,0.0
505076,12383,2025-02-26 18:14:00,Delivered,COD,Mobile App,,0.0
505077,13817,2025-02-26 18:55:00,Delivered,UPI,Mobile App,,0.0
505078,13785,2025-02-26 19:34:00,Delivered,UPI,Mobile Web,,0.0
505079,13635,2025-02-26 21:05:00,Delivered,Credit Card,Mobile Web,,0.0
505080,12261,2025-02-27 08:22:00,delivered ,Debit Card,Mobile Web,,49.0
505081,13810,2025-02-27 08:46:00,Delivered,UPI,Mobile App,WELCOME15,0.0
505082,13821,2025-02-27 08:58:00,Delivered,Cash on Delivery,Desktop,WELCOME15,0.0
505083,10179,2025-02-27 09:15:00,Delivered,UPI,Mobile Web,,0.0
505084,12527,2025-02-27 09:41:00,Delivered,upi,Desktop,,49.0
505085,12631,2025-02-27 13:01:00,delivered ,UPI,Mobile App,,0.0
505086,13604,2025-02-27 13:48:00,DELIVERED,Cash on Delivery,Desktop,,0.0
505087,13807,2025-02-27 14:55:00,Delivered,UPI,Mobile Web,,0.0
505088,13802,2025-02-27 15:42:00,DELIVERED,Upi,Mobile App,WELCOME15,0.0
505089,10459,2025-02-27 16:06:00,Delivered,Credit Card,Mobile App,,0.0
505090,11106,2025-02-27 17:51:00,DELIVERED,UPI,Mobile App,,0.0
505091,13794,2025-02-27 18:48:00,Delivered,Cash on Delivery,Desktop,WELCOME15,0.0
505092,13822,2025-02-27 19:08:00,Cancelled,Upi,Mobile App,,0.0
505093,13778,2025-02-27 20:13:00,Delivered,Net Banking,Mobile Web,,0.0
505094,11276,2025-02-27 21:12:00,DELIVERED,Upi,Desktop,,0.0
505095,12768,2025-02-27 23:03:00,DELIVERED,COD,Mobile App,,0.0
505096,13827,2025-02-27 23:21:00,Delivered,Net Banking,Mobile Web,WELCOME15,0.0
505097,13461,2025-02-28 08:05:00,Delivered,UPI,Mobile App,,0.0
505098,11346,2025-02-28 10:52:00,DELIVERED,Credit Card,Mobile App,,0.0
505099,13837,2025-02-28 11:01:00,delivered ,Upi,Mobile App,,0.0
505100,13838,2025-02-28 11:21:00,Delivered,UPI,Desktop,,0.0
505101,13840,2025-02-28 11:26:00,Delivered,Debit Card,Desktop,,0.0
505102,11148,2025-02-28 11:36:00,Delivered,upi,Desktop,,0.0
505103,13814,2025-02-28 12:09:00,Delivered,UPI,Mobile App,,0.0
505104,13219,2025-02-28 12:13:00,Delivered,Debit Card,Mobile App,,0.0
505105,13801,2025-02-28 13:37:00,Delivered,UPI,Mobile App,WELCOME15,0.0
505106,13186,2025-02-28 14:15:00,Delivered,UPI,Mobile App,,0.0
505107,13832,2025-02-28 14:34:00,Returned,Upi,Desktop,WELCOME15,0.0
505108,13818,2025-02-28 17:33:00,delivered ,UPI,Mobile App,,0.0
505109,12044,2025-02-28 18:31:00,Delivered,DC,Mobile App,,0.0
505110,13834,2025-02-28 20:20:00,Delivered,CC,Mobile Web,,0.0
505111,13241,2025-02-28 22:03:00,DELIVERED,UPI,Mobile App,,0.0
505112,13824,2025-02-28 23:26:00,Delivered,Debit Card,Mobile App,WELCOME15,0.0
505113,13841,2025-03-01 07:48:00,Delivered,Cash on Delivery,Desktop,WELCOME15,0.0
505114,13568,2025-03-01 08:46:00,Delivered,Cash on Delivery,Mobile App,,0.0
505115,13852,2025-03-01 09:20:00,Delivered,upi,Mobile App,WELCOME15,0.0
505116,13071,2025-03-01 09:57:00,DELIVERED,Cash on Delivery,Mobile App,,0.0
505117,12381,2025-03-01 09:59:00,Delivered,Debit Card,Mobile Web,,0.0
505118,13843,2025-03-01 11:17:00,Delivered,COD,Mobile App,,0.0
505119,13153,2025-03-01 13:05:00,Delivered,Cash on Delivery,Mobile App,,0.0
505120,12791,2025-03-01 15:39:00,Delivered,Cash on Delivery,Mobile Web,,0.0
505121,13590,2025-03-01 16:18:00,Delivered,Credit Card,Mobile Web,,0.0
505122,13820,2025-03-01 18:51:00,Delivered,Cash on Delivery,Mobile Web,,0.0
505123,13855,2025-03-01 22:10:00,Delivered,UPI,Mobile App,WELCOME15,0.0
505124,13829,2025-03-01 22:21:00,Delivered,credit card,Mobile App,WELCOME15,0.0
505125,13195,2025-03-01 23:41:00,Delivered,UPI,Mobile Web,,0.0
505126,13848,2025-03-02 07:05:00,RETURNED,Cash On Delivery,Mobile Web,,0.0
505127,13833,2025-03-02 08:31:00,Delivered,Cash on Delivery,Mobile App,,0.0
505128,13830,2025-03-02 11:14:00,Cancelled,Cash on Delivery,Desktop,SAVE5,49.0
505129,13029,2025-03-02 13:38:00,Delivered,Net Banking,Mobile App,,0.0
505130,13636,2025-03-02 16:36:00,DELIVERED,UPI,Mobile Web,WELCOME15,0.0
505131,13804,2025-03-02 18:06:00,delivered ,Credit Card,Mobile Web,WELCOME15,0.0
505132,13033,2025-03-02 19:07:00,Cancelled,UPI,Mobile Web,,0.0
505133,13002,2025-03-02 20:12:00,Delivered,Debit Card,Mobile App,,0.0
505134,13811,2025-03-02 20:43:00,Delivered,Net Banking,Mobile Web,,0.0
505135,11406,2025-03-02 22:02:00,Returned,UPI,Mobile Web,,0.0
505136,13806,2025-03-02 23:04:00,Delivered,Credit Card,Desktop,WELCOME15,0.0
505137,12627,2025-03-02 23:20:00,RETURNED,Cash on Delivery,Desktop,,0.0
505138,13776,2025-03-02 23:23:00,Delivered,Credit Card,Desktop,,0.0
505139,12484,2025-03-02 23:38:00,Returned,Cash On Delivery,Mobile App,,0.0
505140,13321,2025-03-02 23:51:00,delivered ,UPI,Mobile App,,0.0
505141,13769,2025-03-03 08:50:00,Delivered,UPI,Desktop,,0.0
505142,13309,2025-03-03 09:18:00,delivered ,Net Banking,Desktop,,0.0
505143,13873,2025-03-03 10:45:00,Delivered,UPI,Mobile Web,,0.0
505144,13853,2025-03-03 12:04:00,Returned,Debit Card,Mobile Web,WELCOME15,0.0
505145,13784,2025-03-03 12:08:00,DELIVERED,Upi,Mobile Web,WELCOME15,0.0
505146,12421,2025-03-03 12:24:00,Cancelled,Net Banking,Mobile Web,SAVE5,0.0
505147,13854,2025-03-03 13:42:00,Delivered,UPI,Mobile App,,49.0
505148,13724,2025-03-03 14:55:00,delivered ,Debit Card,Desktop,,0.0
505149,11978,2025-03-03 15:30:00,Delivered,UPI,Desktop,,0.0
505150,13754,2025-03-03 15:31:00,Delivered,CC,Mobile Web,,0.0
505151,13818,2025-03-03 15:34:00,Cancelled,Cash on Delivery,Mobile Web,,0.0
505152,11236,2025-03-03 17:00:00,Delivered,upi,Desktop,,0.0
505153,10475,2025-03-03 17:02:00,Delivered,UPI,Mobile App,,0.0
505154,11629,2025-03-03 18:30:00,delivered ,UPI,Mobile Web,,0.0
505155,11149,2025-03-03 18:30:00,DELIVERED,Credit Card,Mobile Web,,0.0
505156,11595,2025-03-03 19:46:00,Delivered,UPI,Mobile App,,0.0
505157,13819,2025-03-03 19:54:00,Delivered,Credit Card,Mobile App,WELCOME15,0.0
505158,11797,2025-03-03 21:34:00,DELIVERED,Credit Card,Mobile Web,,0.0
505159,13881,2025-03-04 07:33:00,DELIVERED,Credit Card,Desktop,,0.0
505160,13869,2025-03-04 08:19:00,Delivered,Credit Card,Mobile App,,0.0
505161,13461,2025-03-04 08:50:00,Delivered,Debit Card,Mobile App,,0.0
505162,13831,2025-03-04 13:23:00,DELIVERED,Cash on Delivery,Desktop,WELCOME15,49.0
505163,13246,2025-03-04 14:34:00,Delivered,Upi,Mobile App,,0.0
505164,13778,2025-03-04 14:47:00,DELIVERED,Net Banking,Mobile App,,0.0
505165,12503,2025-03-04 15:26:00,Delivered,cod,Mobile Web,,0.0
505166,13284,2025-03-04 15:42:00,Delivered,UPI,Mobile App,,0.0
505167,13825,2025-03-04 16:03:00,Delivered,Cash on Delivery,Mobile App,WELCOME15,0.0
505168,12989,2025-03-04 16:49:00,delivered ,Net Banking,Mobile App,,0.0
505169,13797,2025-03-04 20:11:00,Delivered,Credit Card,Mobile App,,0.0
505170,10061,2025-03-04 20:23:00,Delivered,UPI,Mobile App,,0.0
505171,13865,2025-03-04 20:39:00,Delivered,Upi,Mobile App,WELCOME15,0.0
505172,13446,2025-03-04 20:54:00,Delivered,Upi,Mobile App,SAVE5,49.0
505173,13828,2025-03-04 23:12:00,delivered ,DC,Desktop,WELCOME15,0.0
505174,13868,2025-03-04 23:28:00,Delivered,debit card,Mobile App,WELCOME15,0.0
505175,13888,2025-03-05 09:08:00,Delivered,UPI,Mobile App,,0.0
505176,13875,2025-03-05 09:23:00,Delivered,UPI,Mobile App,WELCOME15,0.0
505177,13871,2025-03-05 09:46:00,Delivered,Cash on Delivery,Desktop,WELCOME15,49.0
505178,13882,2025-03-05 13:10:00,DELIVERED,credit card,Mobile Web,WELCOME15,0.0
505179,10103,2025-03-05 15:07:00,Delivered,UPI,Mobile App,,0.0
505180,13219,2025-03-05 15:13:00,Delivered,UPI,Mobile App,SAVE5,0.0
505181,13795,2025-03-05 16:51:00,delivered ,UPI,Mobile App,WELCOME15,0.0
505182,10265,2025-03-05 18:28:00,Returned,Upi,Mobile Web,,0.0
505183,12691,2025-03-05 20:37:00,Delivered,Upi,Mobile Web,,0.0
505184,13872,2025-03-05 21:41:00,Delivered,UPI,Mobile App,WELCOME15,0.0
505185,13572,2025-03-05 22:34:00,Delivered,Net Banking,Mobile Web,,0.0
505186,13889,2025-03-05 22:37:00,DELIVERED,Upi,Mobile Web,WELCOME15,0.0
505187,13845,2025-03-05 23:20:00,Delivered,UPI,Mobile Web,WELCOME15,0.0
505188,12669,2025-03-06 07:32:00,RETURNED,UPI,Mobile App,,0.0
505189,13835,2025-03-06 07:49:00,Delivered,Cash on Delivery,Mobile Web,WELCOME15,0.0
505190,13860,2025-03-06 09:16:00,Delivered,Net Banking,Mobile Web,,0.0
505191,13842,2025-03-06 11:34:00,Cancelled,UPI,Mobile Web,,0.0
505192,13816,2025-03-06 12:35:00,Delivered,Cash on Delivery,Mobile App,,0.0
505193,13906,2025-03-06 12:46:00,Returned,UPI,Mobile Web,SAVE5,0.0
505194,13867,2025-03-06 14:14:00,Delivered,Credit Card,Mobile App,,0.0
505195,13877,2025-03-06 14:46:00,returned ,Debit Card,Mobile Web,,0.0
505196,13844,2025-03-06 16:15:00,delivered ,Cash on Delivery,Mobile Web,WELCOME15,0.0
505197,10057,2025-03-06 16:46:00,Delivered,Credit Card,Mobile App,,0.0
505198,13826,2025-03-06 17:06:00,delivered ,Net Banking,Mobile App,,0.0
505199,13241,2025-03-06 17:22:00,Delivered,UPI,Mobile App,,0.0
505200,13864,2025-03-06 19:20:00,Delivered,Debit Card,Mobile App,WELCOME15,49.0
505201,13905,2025-03-06 21:01:00,Delivered,UPI,Mobile Web,WELCOME15,0.0
505202,13900,2025-03-06 21:24:00,Cancelled,Cash on Delivery,Mobile Web,,0.0
505203,12420,2025-03-07 08:59:00,DELIVERED,UPI,Mobile Web,,0.0
505204,13858,2025-03-07 10:47:00,Delivered,Credit Card,Mobile App,,0.0
505205,12668,2025-03-07 13:40:00,Delivered,UPI,Mobile App,,49.0
505206,13902,2025-03-07 14:34:00,Delivered,Cash on Delivery,Mobile Web,WELCOME15,0.0
505207,13913,2025-03-07 15:17:00,Delivered,UPI,Mobile Web,,0.0
505208,13890,2025-03-07 16:04:00,delivered ,Net Banking,Mobile Web,WELCOME15,0.0
505209,12932,2025-03-07 17:49:00,Delivered,UPI,Mobile App,,0.0
505210,11520,2025-03-07 18:16:00,Delivered,Cash on Delivery,Mobile Web,,0.0
505211,12034,2025-03-07 20:05:00,DELIVERED,Credit Card,Mobile App,,0.0
505212,13015,2025-03-07 20:48:00,Delivered,Credit Card,Mobile App,,0.0
505213,13883,2025-03-07 21:24:00,Delivered,UPI,Desktop,WELCOME15,0.0
505214,13271,2025-03-07 21:51:00,Delivered,UPI,Desktop,,0.0
505215,13442,2025-03-08 07:05:00,Delivered,Cash On Delivery,Mobile Web,,0.0
505216,13610,2025-03-08 07:20:00,Delivered,Credit Card,Desktop,,0.0
505217,12723,2025-03-08 07:45:00,Delivered,Credit Card,Mobile App,,0.0
505218,12935,2025-03-08 08:49:00,Delivered,credit card,Mobile Web,,0.0
505219,13897,2025-03-08 09:10:00,Delivered,Credit Card,Mobile App,WELCOME15,0.0
505220,10696,2025-03-08 12:43:00,Delivered,UPI,Mobile App,,0.0
505221,13893,2025-03-08 12:55:00,Delivered,UPI,Desktop,WELCOME15,0.0
505222,12473,2025-03-08 15:12:00,Delivered,UPI,Mobile App,,49.0
505223,12006,2025-03-08 15:40:00,Delivered,Debit Card,Desktop,,0.0
505224,11346,2025-03-08 16:01:00,Delivered,Upi,Mobile App,,0.0
505225,13878,2025-03-08 16:36:00,delivered ,DC,Desktop,WELCOME15,0.0
505226,12895,2025-03-08 17:15:00,Delivered,debit card,Mobile App,,49.0
505227,13838,2025-03-08 19:13:00,Delivered,Credit Card,Mobile App,,0.0
505228,13894,2025-03-08 19:21:00,Delivered,UPI,Mobile Web,WELCOME15,0.0
505229,10265,2025-03-08 19:33:00,Cancelled,upi,Mobile App,,0.0
505230,13227,2025-03-08 19:41:00,Delivered,upi,Mobile App,,49.0
505231,13221,2025-03-08 20:18:00,Delivered,Debit Card,Desktop,,0.0
505231,13221,2025-03-08 20:18:00,Delivered,Debit Card,Desktop,,0.0
505232,13650,2025-03-08 20:19:00,Delivered,upi,Mobile App,,0.0
505233,13803,2025-03-08 20:23:00,returned ,UPI,Mobile App,WELCOME15,0.0
505234,13908,2025-03-08 21:00:00,Delivered,credit card,Mobile App,WELCOME15,0.0
505235,13923,2025-03-08 21:21:00,Delivered,Cash on Delivery,Mobile Web,,0.0
505236,13929,2025-03-09 07:07:00,DELIVERED,Credit Card,Mobile Web,,0.0
505237,12940,2025-03-09 07:25:00,Delivered,UPI,Mobile App,,0.0
505238,12047,2025-03-09 08:19:00,Returned,Credit Card,Mobile Web,SAVE5,0.0
505239,13870,2025-03-09 09:37:00,Delivered,Cash On Delivery,Mobile App,,0.0
505240,13884,2025-03-09 09:39:00,Delivered,upi,Mobile App,WELCOME15,0.0
505241,13796,2025-03-09 10:50:00,Delivered,UPI,Mobile App,,49.0
505242,13876,2025-03-09 10:52:00,Cancelled,UPI,Mobile App,WELCOME15,0.0
505243,13739,2025-03-09 12:17:00,Delivered,Credit Card,Desktop,,0.0
505244,13419,2025-03-09 12:47:00,Delivered,Upi,Mobile App,,0.0
505245,13907,2025-03-09 13:55:00,Delivered,Cash on Delivery,Mobile Web,,0.0
505246,13780,2025-03-09 14:00:00,DELIVERED,UPI,Desktop,WELCOME15,0.0
505247,13880,2025-03-09 14:27:00,delivered ,UPI,Mobile Web,,49.0
505248,13270,2025-03-09 16:15:00,Delivered,UPI,Mobile App,,0.0
505249,13594,2025-03-09 16:44:00,Returned,Credit Card,Desktop,,0.0
505250,13926,2025-03-09 17:59:00,Cancelled,upi,Mobile Web,,0.0
505251,13917,2025-03-09 18:58:00,DELIVERED,UPI,Mobile App,,0.0
505252,11927,2025-03-09 19:09:00,Cancelled,Cash on Delivery,Mobile App,,0.0
505253,12042,2025-03-09 21:40:00,Delivered,Cash on Delivery,Mobile App,,0.0
505254,13896,2025-03-09 22:00:00,Delivered,Cash on Delivery,Mobile Web,,0.0
505255,13758,2025-03-09 22:14:00,Delivered,Cash on Delivery,Mobile App,,0.0
505256,13569,2025-03-09 23:04:00,Delivered,Upi,Mobile App,,0.0
505257,13885,2025-03-09 23:06:00,Delivered,UPI,Mobile App,WELCOME15,0.0
505258,12411,2025-03-10 07:54:00,Delivered,Debit Card,Mobile App,,0.0
505259,12076,2025-03-10 08:05:00,Cancelled,Cash on Delivery,Mobile App,,0.0
505260,13559,2025-03-10 08:14:00,Delivered,UPI,Mobile App,,0.0
505261,13922,2025-03-10 10:18:00,delivered ,UPI,Mobile App,,49.0
505262,13909,2025-03-10 10:22:00,Delivered,UPI,Mobile App,WELCOME15,0.0
505263,13874,2025-03-10 11:58:00,Delivered,Debit Card,Mobile Web,,0.0
505264,13927,2025-03-10 12:08:00,Delivered,Cash on Delivery,Mobile Web,WELCOME15,0.0
505265,13942,2025-03-10 12:27:00,Delivered,Cash on Delivery,Desktop,,0.0
505266,11522,2025-03-10 13:59:00,Delivered,Debit Card,Mobile App,,0.0
505267,13919,2025-03-10 14:47:00,DELIVERED,UPI,Mobile App,WELCOME15,0.0
505268,13818,2025-03-10 18:10:00,Delivered,Net Banking,Mobile App,,0.0
505269,13622,2025-03-10 20:49:00,Delivered,UPI,Desktop,,0.0
505270,13937,2025-03-10 23:02:00,Delivered,upi,Mobile App,,0.0
505271,13945,2025-03-10 23:41:00,Delivered,UPI,Mobile App,,0.0
505272,13661,2025-03-11 08:49:00,Delivered,UPI,Mobile App,,49.0
505273,11586,2025-03-11 10:06:00,Returned,Credit Card,Mobile App,,0.0
505274,13090,2025-03-11 11:37:00,Delivered,Net Banking,Mobile App,,0.0
505275,13911,2025-03-11 11:49:00,DELIVERED,UPI,Mobile App,,49.0
505276,13947,2025-03-11 11:55:00,delivered ,Credit Card,Mobile Web,WELCOME15,49.0
505277,13879,2025-03-11 14:49:00,Delivered,upi,Mobile App,WELCOME15,0.0
505278,13545,2025-03-11 15:39:00,DELIVERED,UPI,Desktop,,0.0
505279,12061,2025-03-11 18:48:00,Delivered,Credit Card,Desktop,,0.0
505280,12421,2025-03-11 19:02:00,DELIVERED,UPI,Mobile App,,0.0
505281,13041,2025-03-11 20:10:00,Delivered,Credit Card,Mobile Web,,0.0
505282,12751,2025-03-11 20:44:00,Returned,Cash on Delivery,Mobile App,,0.0
505283,13839,2025-03-11 21:00:00,Delivered,Net Banking,Mobile App,WELCOME15,0.0
505284,13932,2025-03-11 22:27:00,DELIVERED,cod,Mobile App,WELCOME15,0.0
505285,13934,2025-03-11 23:30:00,Delivered,CC,Mobile Web,,0.0
505286,13294,2025-03-12 09:22:00,Delivered,Cash on Delivery,Mobile App,,0.0
505287,11245,2025-03-12 09:49:00,Delivered,CC,Mobile App,,0.0
505288,13495,2025-03-12 10:25:00,Delivered,UPI,Mobile App,,0.0
505289,13948,2025-03-12 11:17:00,Returned,Debit Card,Mobile Web,SAVE5,0.0
505290,12706,2025-03-12 11:28:00,Delivered,UPI,Desktop,,0.0
505291,13958,2025-03-12 12:15:00,returned ,Debit Card,Mobile App,WELCOME15,0.0
505292,13954,2025-03-12 12:42:00,Delivered,Credit Card,Mobile App,WELCOME15,0.0
505293,12580,2025-03-12 13:50:00,RETURNED,Credit Card,Desktop,,0.0
505294,13547,2025-03-12 14:40:00,Delivered,UPI,Mobile Web,,0.0
505295,13792,2025-03-12 16:22:00,Delivered,UPI,Desktop,,0.0
505296,13938,2025-03-12 17:10:00,Delivered,credit card,Desktop,,0.0
505297,13930,2025-03-12 17:11:00,DELIVERED,Credit Card,Mobile App,WELCOME15,0.0
505298,13974,2025-03-12 19:29:00,DELIVERED,UPI,Mobile App,,0.0
505299,13861,2025-03-12 19:36:00,Cancelled,UPI,Mobile Web,WELCOME15,0.0
505300,13936,2025-03-12 20:16:00,Delivered,UPI,Mobile App,,0.0
505301,13716,2025-03-12 20:40:00,DELIVERED,Credit Card,Mobile Web,,0.0
505302,13904,2025-03-12 20:51:00,DELIVERED,credit card,Mobile Web,,0.0
505303,13903,2025-03-12 21:39:00,Delivered,UPI,Mobile Web,WELCOME15,49.0
505304,13940,2025-03-12 21:48:00,Delivered,upi,Mobile Web,WELCOME15,0.0
505305,13979,2025-03-12 22:25:00,Delivered,upi,Mobile Web,WELCOME15,49.0
505306,13946,2025-03-12 22:31:00,Delivered,UPI,Mobile App,,0.0
505307,13935,2025-03-13 07:31:00,Returned,credit card,Mobile App,WELCOME15,0.0
505308,13713,2025-03-13 09:55:00,Delivered,Net Banking,Mobile Web,,49.0
505309,13815,2025-03-13 10:05:00,Delivered,UPI,Desktop,SAVE5,0.0
505310,13953,2025-03-13 10:18:00,Delivered,Cash on Delivery,Mobile App,,0.0
505311,13944,2025-03-13 11:54:00,DELIVERED,upi,Mobile App,WELCOME15,0.0
505312,13967,2025-03-13 13:06:00,delivered ,Upi,Mobile App,WELCOME15,0.0
505313,13594,2025-03-13 17:52:00,Delivered,debit card,Mobile App,,0.0
505314,11015,2025-03-13 18:09:00,Delivered,Cash On Delivery,Mobile Web,,0.0
505315,13970,2025-03-13 18:18:00,Delivered,Net Banking,Mobile Web,,0.0
505316,13988,2025-03-13 19:53:00,DELIVERED,UPI,Mobile App,WELCOME15,49.0
505317,13983,2025-03-13 21:16:00,DELIVERED,Credit Card,Mobile App,WELCOME15,0.0
505318,13916,2025-03-13 21:35:00,Delivered,UPI,Desktop,,0.0
505319,13914,2025-03-13 21:46:00,delivered ,Credit Card,Mobile App,WELCOME15,49.0
505320,13972,2025-03-13 22:41:00,DELIVERED,UPI,Mobile App,,0.0
505321,14001,2025-03-14 07:39:00,Delivered,Cash on Delivery,Mobile Web,WELCOME15,0.0
505322,13950,2025-03-14 08:47:00,Returned,UPI,Desktop,,0.0
505323,13977,2025-03-14 13:31:00,Returned,UPI,Mobile Web,,0.0
505324,13951,2025-03-14 14:44:00,delivered ,Debit Card,Mobile App,SAVE5,0.0
505325,13279,2025-03-14 18:08:00,Delivered,UPI,Mobile App,SAVE5,0.0
505326,13132,2025-03-14 18:40:00,Delivered,UPI,Mobile App,,0.0
505327,11902,2025-03-14 18:48:00,Delivered,Upi,Desktop,,49.0
505328,10951,2025-03-14 18:53:00,DELIVERED,Debit Card,Mobile Web,SAVE5,0.0
505329,13960,2025-03-14 20:27:00,Cancelled,Cash On Delivery,Desktop,,0.0
505330,13153,2025-03-14 21:08:00,Cancelled,UPI,Mobile App,,0.0
505331,12447,2025-03-14 21:21:00,Delivered,Upi,Mobile App,,0.0
505332,13992,2025-03-14 22:36:00,Delivered,UPI,Mobile App,WELCOME15,0.0
505333,13982,2025-03-14 23:38:00,Delivered,UPI,Mobile App,WELCOME15,0.0
505334,10467,2025-03-15 07:31:00,returned ,Debit Card,Mobile Web,,0.0
505335,14003,2025-03-15 08:16:00,DELIVERED,Credit Card,Mobile Web,WELCOME15,0.0
505336,11161,2025-03-15 08:22:00,Delivered,UPI,Mobile App,,0.0
505337,12188,2025-03-15 09:15:00,DELIVERED,CC,Mobile Web,,0.0
505338,14007,2025-03-15 09:35:00,delivered ,Credit Card,Mobile Web,WELCOME15,0.0
505339,13586,2025-03-15 10:14:00,DELIVERED,UPI,Mobile App,,0.0
505340,13943,2025-03-15 12:27:00,Delivered,Debit Card,Mobile App,,0.0
505341,14014,2025-03-15 13:13:00,Delivered,UPI,Mobile Web,WELCOME15,0.0
505342,13984,2025-03-15 13:28:00,Returned,UPI,Desktop,,0.0
505343,14000,2025-03-15 13:39:00,delivered ,Cash on Delivery,Desktop,WELCOME15,0.0
505344,13996,2025-03-15 16:36:00,Delivered,Credit Card,Mobile App,WELCOME15,0.0
505345,14002,2025-03-15 17:13:00,DELIVERED,Cash on Delivery,Mobile App,,0.0
505346,13892,2025-03-15 17:14:00,Delivered,Credit Card,Desktop,,0.0
505347,12672,2025-03-15 18:05:00,Delivered,Cash on Delivery,Mobile Web,,0.0
505348,14015,2025-03-15 20:25:00,Delivered,CC,Mobile Web,,0.0
505349,13955,2025-03-15 20:32:00,delivered ,UPI,Mobile Web,WELCOME15,0.0
505350,12944,2025-03-15 21:26:00,delivered ,Credit Card,Mobile App,,0.0
505351,13998,2025-03-15 21:31:00,Delivered,UPI,Mobile Web,WELCOME15,0.0
505352,14011,2025-03-15 21:31:00,Delivered,UPI,Mobile Web,WELCOME15,49.0
505353,12751,2025-03-15 23:37:00,Delivered,UPI,Mobile Web,,0.0
505354,13949,2025-03-16 07:05:00,Delivered,UPI,Mobile App,,0.0
505355,13886,2025-03-16 07:48:00,Delivered,debit card,Mobile Web,WELCOME15,0.0
505356,13989,2025-03-16 07:58:00,Delivered,Debit Card,Desktop,WELCOME15,49.0
505357,12514,2025-03-16 08:49:00,Delivered,Upi,Mobile Web,,0.0
505358,13895,2025-03-16 09:53:00,DELIVERED,UPI,Mobile App,,0.0
505359,14025,2025-03-16 10:50:00,Cancelled,Cash On Delivery,Mobile App,WELCOME15,0.0
505360,14027,2025-03-16 12:41:00,Delivered,UPI,Mobile App,,0.0
505361,13777,2025-03-16 14:00:00,Delivered,Credit Card,Mobile Web,,0.0
505362,13995,2025-03-16 15:01:00,Delivered,Net Banking,Desktop,WELCOME15,0.0
505363,12586,2025-03-16 15:36:00,Cancelled,UPI,Mobile Web,SAVE5,0.0
505364,13986,2025-03-16 16:17:00,Returned,Cash on Delivery,Desktop,,0.0
505365,12512,2025-03-16 17:01:00,DELIVERED,upi,Mobile App,,0.0
505366,13891,2025-03-16 17:23:00,Delivered,COD,Mobile App,,0.0
505367,13993,2025-03-16 17:42:00,Returned,UPI,Mobile App,,0.0
505368,14017,2025-03-16 18:10:00,Delivered,Credit Card,Mobile Web,,0.0
505369,13920,2025-03-16 19:35:00,Delivered,UPI,Mobile App,WELCOME15,0.0
505370,13957,2025-03-16 19:51:00,Delivered,Cash on Delivery,Mobile Web,,0.0
505371,14013,2025-03-16 20:37:00,Delivered,Net Banking,Mobile Web,SAVE5,0.0
505372,13344,2025-03-16 21:30:00,Delivered,upi,Mobile App,,0.0
505373,13962,2025-03-17 07:07:00,Delivered,Upi,Mobile App,WELCOME15,0.0
505374,14005,2025-03-17 07:24:00,Cancelled,COD,Mobile App,WELCOME15,0.0
505375,14004,2025-03-17 07:36:00,Delivered,UPI,Mobile App,,0.0
505376,14022,2025-03-17 07:59:00,Delivered,Credit Card,Desktop,,0.0
505377,12979,2025-03-17 09:32:00,DELIVERED,Net Banking,Mobile App,,0.0
505378,13553,2025-03-17 10:19:00,Delivered,Cash On Delivery,Mobile Web,,0.0
505379,13985,2025-03-17 11:22:00,DELIVERED,Cash on Delivery,Desktop,,0.0
505380,13928,2025-03-17 12:05:00,Delivered,Cash on Delivery,Desktop,SAVE5,49.0
505381,14032,2025-03-17 12:33:00,Cancelled,UPI,Mobile Web,WELCOME15,0.0
505382,13997,2025-03-17 13:45:00,Cancelled,Credit Card,Desktop,,0.0
505383,13284,2025-03-17 14:22:00,Delivered,UPI,Mobile App,,0.0
505384,13991,2025-03-17 17:06:00,DELIVERED,UPI,Mobile App,,0.0
505385,12657,2025-03-17 18:13:00,delivered ,COD,Mobile App,,0.0
505386,12744,2025-03-17 18:54:00,Delivered,UPI,Desktop,,0.0
505387,13338,2025-03-17 21:31:00,Cancelled,Cash on Delivery,Mobile Web,SAVE5,0.0
505388,13999,2025-03-17 22:56:00,Cancelled,Credit Card,Mobile App,,0.0
505389,10749,2025-03-18 07:09:00,Delivered,Credit Card,Desktop,,0.0
505390,14028,2025-03-18 08:13:00,RETURNED,UPI,Mobile App,,0.0
505391,14051,2025-03-18 08:27:00,DELIVERED,UPI,Mobile App,SAVE5,0.0
505392,14044,2025-03-18 10:59:00,DELIVERED,Cash on Delivery,Desktop,,49.0
505393,14047,2025-03-18 11:09:00,Delivered,Cash On Delivery,Mobile App,WELCOME15,0.0
505394,14033,2025-03-18 12:05:00,DELIVERED,Credit Card,Mobile Web,,0.0
505395,12899,2025-03-18 15:04:00,Delivered,Cash on Delivery,Mobile Web,SAVE5,0.0
505396,14018,2025-03-18 15:39:00,DELIVERED,Upi,Mobile App,WELCOME15,0.0
505397,13063,2025-03-18 15:43:00,DELIVERED,UPI,Mobile Web,,0.0
505398,14050,2025-03-18 15:43:00,Delivered,UPI,Desktop,,0.0
505399,14042,2025-03-18 16:46:00,Delivered,upi,Mobile App,SAVE5,0.0
505400,14046,2025-03-18 16:51:00,RETURNED,UPI,Mobile Web,,0.0
505401,13987,2025-03-18 16:55:00,delivered ,Net Banking,Mobile App,WELCOME15,0.0
505402,12450,2025-03-18 18:16:00,Delivered,Net Banking,Mobile Web,,0.0
505403,13488,2025-03-18 18:48:00,Delivered,Net Banking,Mobile Web,,0.0
505404,14038,2025-03-18 19:39:00,Cancelled,debit card,Mobile App,,0.0
505405,13910,2025-03-18 19:59:00,Delivered,Debit Card,Mobile Web,,0.0
505406,13952,2025-03-19 07:29:00,Delivered,UPI,Mobile App,WELCOME15,0.0
505407,13829,2025-03-19 08:26:00,DELIVERED,upi,Desktop,,0.0
505408,11276,2025-03-19 08:29:00,Delivered,Net Banking,Mobile App,,0.0
505409,13981,2025-03-19 08:46:00,Delivered,Cash on Delivery,Mobile Web,WELCOME15,0.0
505410,14063,2025-03-19 09:44:00,Delivered,Credit Card,Mobile Web,WELCOME15,0.0
505411,13222,2025-03-19 09:44:00,delivered ,Credit Card,Desktop,SAVE5,0.0
505412,14041,2025-03-19 10:06:00,Delivered,Cash on Delivery,Desktop,WELCOME15,0.0
505413,14065,2025-03-19 10:43:00,delivered ,Cash on Delivery,Mobile App,,0.0
505414,14061,2025-03-19 11:53:00,DELIVERED,Credit Card,Desktop,WELCOME15,0.0
505415,11040,2025-03-19 12:40:00,Delivered,Credit Card,Mobile App,,0.0
505416,11139,2025-03-19 13:01:00,RETURNED,cod,Mobile Web,,0.0
505417,13976,2025-03-19 13:01:00,DELIVERED,Credit Card,Desktop,WELCOME15,0.0
505418,12412,2025-03-19 13:05:00,Cancelled,Debit Card,Mobile App,,0.0
505419,13975,2025-03-19 13:17:00,Delivered,Credit Card,Mobile Web,SAVE5,49.0
505420,13887,2025-03-19 16:24:00,RETURNED,UPI,Mobile Web,,0.0
505421,13872,2025-03-19 17:48:00,Delivered,UPI,Desktop,,0.0
505422,14020,2025-03-19 18:23:00,Cancelled,UPI,Mobile App,,49.0
505423,14043,2025-03-19 20:37:00,Returned,Cash on Delivery,Mobile App,SAVE5,0.0
505424,14023,2025-03-19 20:53:00,Delivered,upi,Desktop,,49.0
505425,13827,2025-03-19 21:40:00,Delivered,UPI,Mobile App,,0.0
505426,13328,2025-03-20 07:44:00,Delivered,UPI,Desktop,,0.0
505427,13986,2025-03-20 08:49:00,Delivered,UPI,Mobile App,,0.0
505428,14083,2025-03-20 09:04:00,DELIVERED,UPI,Mobile App,,0.0
505429,13137,2025-03-20 09:31:00,delivered ,Credit Card,Mobile Web,,49.0
505430,14073,2025-03-20 11:21:00,Delivered,Credit Card,Mobile App,,49.0
505431,14062,2025-03-20 12:58:00,Delivered,UPI,Mobile Web,WELCOME15,0.0
505432,14079,2025-03-20 13:07:00,DELIVERED,UPI,Mobile Web,,0.0
505433,14071,2025-03-20 13:24:00,Delivered,cod,Desktop,WELCOME15,0.0
505434,13969,2025-03-20 13:43:00,Delivered,UPI,Mobile App,WELCOME15,0.0
505435,14026,2025-03-20 14:36:00,Delivered,Cash on Delivery,Mobile Web,WELCOME15,0.0
505436,11994,2025-03-20 15:04:00,DELIVERED,UPI,Mobile App,,49.0
505437,13111,2025-03-20 15:49:00,Delivered,credit card,Mobile App,,49.0
505438,14076,2025-03-20 16:12:00,Delivered,Upi,Mobile App,WELCOME15,49.0
505439,14064,2025-03-20 17:22:00,Delivered,UPI,Mobile Web,,0.0
505440,13994,2025-03-20 18:31:00,Delivered,Debit Card,Mobile App,,0.0
505441,14040,2025-03-20 19:21:00,Delivered,UPI,Mobile Web,WELCOME15,0.0
505442,14066,2025-03-20 22:44:00,Delivered,UPI,Desktop,WELCOME15,0.0
505443,12191,2025-03-20 23:05:00,delivered ,UPI,Mobile App,,0.0
505444,13908,2025-03-20 23:30:00,Delivered,UPI,Mobile Web,,0.0
505445,12234,2025-03-21 09:51:00,Returned,UPI,Mobile App,,0.0
505446,10350,2025-03-21 10:28:00,DELIVERED,Credit Card,Desktop,,0.0
505447,13785,2025-03-21 12:55:00,Delivered,Net Banking,Desktop,,0.0
505448,14078,2025-03-21 16:45:00,Delivered,Credit Card,Desktop,WELCOME15,49.0
505449,14057,2025-03-21 17:11:00,delivered ,Credit Card,Desktop,,0.0
505450,14074,2025-03-21 17:16:00,Delivered,Cash on Delivery,Mobile App,WELCOME15,0.0
505451,14091,2025-03-21 17:36:00,cancelled ,Cash on Delivery,Mobile Web,WELCOME15,0.0
505452,14058,2025-03-21 19:35:00,Delivered,Credit Card,Desktop,WELCOME15,0.0
505453,14035,2025-03-21 19:56:00,delivered ,UPI,Mobile Web,WELCOME15,0.0
505454,12925,2025-03-21 21:09:00,Delivered,Upi,Mobile App,,49.0
505455,11696,2025-03-21 21:16:00,Delivered,Cash on Delivery,Mobile App,,0.0
505456,14048,2025-03-21 21:43:00,Returned,Cash on Delivery,Mobile Web,,0.0
505457,13690,2025-03-21 22:25:00,delivered ,Net Banking,Mobile Web,,0.0
505458,14030,2025-03-21 22:42:00,Delivered,UPI,Mobile App,WELCOME15,0.0
505459,11089,2025-03-21 22:58:00,Delivered,upi,Mobile Web,,0.0
505460,14082,2025-03-22 07:00:00,Delivered,Debit Card,Mobile App,,0.0
505460,14082,2025-03-22 07:00:00,Delivered,Debit Card,Mobile App,,0.0
505461,13874,2025-03-22 07:22:00,Delivered,Cash on Delivery,Mobile Web,,0.0
505462,13572,2025-03-22 07:28:00,Delivered,Debit Card,Mobile App,SAVE5,0.0
505463,13783,2025-03-22 09:17:00,Delivered,Credit Card,Desktop,,0.0
505464,14093,2025-03-22 09:32:00,DELIVERED,UPI,Mobile Web,,0.0
505465,14100,2025-03-22 09:33:00,Delivered,UPI,Desktop,,49.0
505466,13787,2025-03-22 10:14:00,returned ,Credit Card,Mobile App,,0.0
505467,12714,2025-03-22 10:17:00,Delivered,Cash on Delivery,Mobile Web,,0.0
505468,14008,2025-03-22 10:58:00,Returned,Cash on Delivery,Desktop,SAVE5,0.0
505469,14059,2025-03-22 11:20:00,Delivered,Cash on Delivery,Mobile Web,WELCOME15,0.0
505470,14011,2025-03-22 15:28:00,delivered ,UPI,Desktop,,0.0
505471,14087,2025-03-22 17:52:00,Returned,UPI,Mobile App,,0.0
505472,14098,2025-03-22 18:40:00,Delivered,Debit Card,Mobile App,,0.0
505473,13934,2025-03-22 19:02:00,Delivered,Net Banking,Mobile App,,0.0
505474,14067,2025-03-22 19:59:00,Returned,UPI,Mobile App,,0.0
505475,14041,2025-03-22 21:12:00,DELIVERED,Debit Card,Mobile App,,0.0
505476,10532,2025-03-22 21:59:00,Delivered,Credit Card,Mobile App,,0.0
505477,14036,2025-03-22 23:19:00,Cancelled,Cash on Delivery,Mobile App,WELCOME15,0.0
505478,13063,2025-03-23 10:00:00,Delivered,Cash on Delivery,Mobile Web,,0.0
505479,14107,2025-03-23 12:31:00,delivered ,Net Banking,Desktop,WELCOME15,0.0
505480,13201,2025-03-23 12:35:00,Delivered,Upi,Mobile App,,0.0
505481,13129,2025-03-23 13:07:00,delivered ,UPI,Mobile Web,,0.0
505482,12227,2025-03-23 13:11:00,DELIVERED,UPI,Mobile App,,0.0
505483,13584,2025-03-23 13:48:00,Delivered,Upi,Mobile App,,49.0
505484,12088,2025-03-23 14:22:00,Cancelled,Net Banking,Desktop,,0.0
505485,14031,2025-03-23 19:03:00,Delivered,Debit Card,Mobile App,,0.0
505486,14109,2025-03-23 21:30:00,Delivered,Credit Card,Mobile Web,WELCOME15,0.0
505487,14095,2025-03-23 21:31:00,Delivered,Cash On Delivery,Mobile App,,0.0
505488,14099,2025-03-23 21:42:00,cancelled ,Cash on Delivery,Desktop,WELCOME15,0.0
505489,14045,2025-03-23 23:09:00,delivered ,Credit Card,Mobile App,,0.0
505490,13274,2025-03-24 08:59:00,Delivered,Debit Card,Mobile App,,0.0
505491,14053,2025-03-24 10:01:00,Delivered,debit card,Mobile App,,0.0
505492,13459,2025-03-24 11:49:00,Delivered,Cash on Delivery,Mobile App,,0.0
505493,14080,2025-03-24 12:56:00,Delivered,Cash on Delivery,Mobile Web,WELCOME15,0.0
505494,13110,2025-03-24 16:49:00,Returned,UPI,Desktop,,0.0
505495,14111,2025-03-24 17:03:00,Delivered,Debit Card,Mobile App,,0.0
505496,14021,2025-03-24 17:38:00,Delivered,Debit Card,Mobile Web,WELCOME15,0.0
505497,14088,2025-03-24 18:20:00,Delivered,UPI,Mobile App,WELCOME15,0.0
505498,14112,2025-03-24 19:09:00,DELIVERED,UPI,Mobile Web,WELCOME15,49.0
505499,14012,2025-03-24 19:23:00,DELIVERED,UPI,Desktop,,0.0
505500,14054,2025-03-24 20:03:00,Delivered,UPI,Mobile App,,49.0
505501,14089,2025-03-24 23:49:00,Delivered,upi,Desktop,,0.0
505502,13335,2025-03-25 07:31:00,Delivered,UPI,Mobile Web,,0.0
505503,14016,2025-03-25 08:12:00,Delivered,credit card,Mobile App,,0.0
505504,14106,2025-03-25 08:23:00,Delivered,UPI,Mobile Web,SAVE5,0.0
505505,14122,2025-03-25 10:15:00,Delivered,UPI,Mobile App,WELCOME15,0.0
505506,13476,2025-03-25 12:48:00,RETURNED,UPI,Mobile Web,,0.0
505507,13111,2025-03-25 13:04:00,Delivered,Credit Card,Desktop,,0.0
505508,13443,2025-03-25 15:10:00,Delivered,UPI,Mobile Web,,0.0
505509,13970,2025-03-25 15:17:00,Returned,Net Banking,Mobile App,,0.0
505510,12231,2025-03-25 16:10:00,Delivered,Cash on Delivery,Mobile Web,SAVE5,0.0
505511,11943,2025-03-25 16:52:00,Delivered,Net Banking,Desktop,,49.0
505512,10409,2025-03-25 18:16:00,Returned,Cash On Delivery,Desktop,,0.0
505513,12397,2025-03-25 19:47:00,Delivered,UPI,Desktop,,0.0
505514,11459,2025-03-25 21:16:00,Delivered,Cash on Delivery,Mobile App,,0.0
505515,12232,2025-03-26 08:02:00,Delivered,Credit Card,Mobile App,,0.0
505516,12635,2025-03-26 08:31:00,DELIVERED,UPI,Mobile App,,0.0
505517,14120,2025-03-26 11:04:00,DELIVERED,UPI,Desktop,WELCOME15,0.0
505518,11851,2025-03-26 13:58:00,returned ,Upi,Mobile Web,,0.0
505519,13395,2025-03-26 14:07:00,Delivered,UPI,Mobile Web,,49.0
505520,13281,2025-03-26 14:43:00,Delivered,Credit Card,Mobile App,,0.0
505521,11550,2025-03-26 16:20:00,Returned,UPI,Mobile Web,,0.0
505522,12460,2025-03-26 16:36:00,Delivered,UPI,Mobile App,,0.0
505523,14084,2025-03-26 16:44:00,DELIVERED,UPI,Mobile App,WELCOME15,0.0
505523,14084,2025-03-26 16:44:00,DELIVERED,UPI,Mobile App,WELCOME15,0.0
505524,12865,2025-03-26 17:04:00,Cancelled,Debit Card,Mobile App,,0.0
505525,14117,2025-03-26 19:13:00,DELIVERED,UPI,Mobile App,WELCOME15,0.0
505526,11263,2025-03-26 19:22:00,Delivered,UPI,Mobile App,,0.0
505527,13816,2025-03-26 19:32:00,Delivered,Cash on Delivery,Mobile Web,,0.0
505528,12944,2025-03-26 19:36:00,Delivered,Cash on Delivery,Mobile App,,0.0
505528,12944,2025-03-26 19:36:00,Delivered,Cash on Delivery,Mobile App,,0.0
505529,14132,2025-03-26 23:20:00,Cancelled,Credit Card,Mobile Web,SAVE5,0.0
505530,12498,2025-03-27 07:01:00,DELIVERED,UPI,Mobile Web,,0.0
505531,13826,2025-03-27 07:14:00,RETURNED,COD,Mobile App,,0.0
505532,11466,2025-03-27 08:37:00,Delivered,Credit Card,Mobile App,,0.0
505533,14121,2025-03-27 08:44:00,Delivered,Cash on Delivery,Mobile App,,0.0
505534,13348,2025-03-27 09:39:00,Delivered,credit card,Mobile App,,0.0
505535,10275,2025-03-27 10:17:00,DELIVERED,CC,Mobile Web,,0.0
505536,11018,2025-03-27 10:24:00,Returned,Cash On Delivery,Mobile App,,0.0
505537,14142,2025-03-27 10:41:00,Delivered,Upi,Desktop,WELCOME15,0.0
505538,13279,2025-03-27 11:29:00,Delivered,cod,Mobile App,,49.0
505539,14103,2025-03-27 11:52:00,DELIVERED,UPI,Mobile Web,,0.0
505540,13980,2025-03-27 13:13:00,Delivered,Net Banking,Mobile App,,49.0
505541,14116,2025-03-27 13:37:00,Returned,Net Banking,Desktop,WELCOME15,49.0
505542,14149,2025-03-27 13:42:00,Delivered,UPI,Mobile Web,,0.0
505543,12491,2025-03-27 14:03:00,Cancelled,UPI,Mobile App,,0.0
505544,14141,2025-03-27 14:08:00,Delivered,UPI,Mobile Web,WELCOME15,0.0
505545,14073,2025-03-27 14:22:00,Delivered,UPI,Desktop,,0.0
505546,14151,2025-03-27 14:23:00,Delivered,DC,Mobile Web,WELCOME15,0.0
505547,14077,2025-03-27 14:50:00,Delivered,Credit Card,Mobile App,WELCOME15,0.0
505548,14127,2025-03-27 15:10:00,Delivered,Cash On Delivery,Desktop,,0.0
505549,12583,2025-03-27 15:43:00,Delivered,Cash on Delivery,Desktop,,0.0
505550,14148,2025-03-27 16:32:00,Delivered,debit card,Mobile Web,,0.0
505551,12739,2025-03-27 16:35:00,Delivered,Credit Card,Mobile Web,,0.0
505552,14069,2025-03-27 16:39:00,Delivered,UPI,Mobile App,WELCOME15,0.0
505553,13674,2025-03-27 16:57:00,Delivered,Credit Card,Desktop,,0.0
505554,13235,2025-03-27 17:59:00,Delivered,Credit Card,Mobile App,,0.0
505555,14144,2025-03-27 18:22:00,Delivered,Credit Card,Mobile App,,0.0
505556,14097,2025-03-27 19:55:00,Delivered,Credit Card,Mobile Web,SAVE5,0.0
505557,12993,2025-03-27 19:55:00,Returned,UPI,Mobile Web,,0.0
505558,10470,2025-03-27 21:10:00,Delivered,UPI,Desktop,,0.0
505559,14085,2025-03-27 21:16:00,returned ,Net Banking,Mobile App,WELCOME15,0.0
505560,14017,2025-03-27 22:21:00,Delivered,Upi,Mobile App,,0.0
505561,14118,2025-03-28 07:12:00,Delivered,UPI,Mobile App,WELCOME15,0.0
505562,12320,2025-03-28 08:26:00,Delivered,UPI,Mobile App,,0.0
505563,14063,2025-03-28 09:59:00,Delivered,UPI,Desktop,,0.0
505564,14113,2025-03-28 10:00:00,Delivered,upi,Mobile App,WELCOME15,0.0
505565,12469,2025-03-28 10:08:00,Delivered,debit card,Desktop,,0.0
505566,14145,2025-03-28 10:36:00,Delivered,Net Banking,Desktop,WELCOME15,0.0
505567,13465,2025-03-28 11:33:00,Returned,Upi,Mobile App,,0.0
505568,14133,2025-03-28 12:50:00,Delivered,Cash on Delivery,Mobile Web,,0.0
505569,13450,2025-03-28 13:39:00,Delivered,DC,Mobile App,,0.0
505570,14119,2025-03-28 15:56:00,Delivered,UPI,Mobile App,,0.0
505571,14124,2025-03-28 17:49:00,Delivered,Cash on Delivery,Desktop,,0.0
505572,10759,2025-03-28 18:30:00,cancelled ,Debit Card,Mobile App,SAVE5,0.0
505573,11323,2025-03-28 18:43:00,returned ,UPI,Mobile App,,0.0
505574,12771,2025-03-28 19:54:00,Delivered,upi,Mobile App,SAVE5,0.0
505575,13167,2025-03-28 20:14:00,DELIVERED,UPI,Mobile App,,49.0
505576,13938,2025-03-28 21:32:00,Delivered,upi,Mobile App,,0.0
505577,11246,2025-03-28 22:39:00,DELIVERED,Credit Card,Mobile App,,49.0
505578,14147,2025-03-28 22:50:00,Returned,upi,Mobile App,,0.0
505579,13835,2025-03-29 10:28:00,Delivered,UPI,Mobile Web,,0.0
505580,12531,2025-03-29 10:31:00,DELIVERED,Upi,Mobile App,,0.0
505581,14146,2025-03-29 11:34:00,Delivered,Upi,Mobile Web,WELCOME15,0.0
505582,13315,2025-03-29 11:51:00,Delivered,Net Banking,Mobile Web,,0.0
505583,14029,2025-03-29 12:17:00,Delivered,Cash on Delivery,Mobile App,,49.0
505584,14092,2025-03-29 12:47:00,Delivered,UPI,Mobile Web,WELCOME15,49.0
505585,13881,2025-03-29 14:56:00,Delivered,upi,Mobile App,SAVE5,0.0
505586,13001,2025-03-29 15:06:00,Delivered,UPI,Mobile App,,0.0
505587,13002,2025-03-29 16:07:00,Delivered,Credit Card,Desktop,,0.0
505588,14123,2025-03-29 16:16:00,Cancelled,Net Banking,Desktop,,0.0
505589,11797,2025-03-29 16:26:00,Delivered,Debit Card,Mobile App,,0.0
505590,14110,2025-03-29 16:55:00,DELIVERED,Cash on Delivery,Mobile Web,,0.0
505591,14071,2025-03-29 17:15:00,Delivered,Credit Card,Mobile App,,0.0
505592,14175,2025-03-29 17:24:00,DELIVERED,UPI,Desktop,WELCOME15,0.0
505593,10203,2025-03-29 17:52:00,Delivered,Cash on Delivery,Desktop,,0.0
505594,13858,2025-03-29 17:57:00,Delivered,UPI,Mobile App,,0.0
505595,14162,2025-03-29 18:40:00,Delivered,UPI,Mobile App,SAVE5,0.0
505596,14072,2025-03-29 18:58:00,Delivered,Cash On Delivery,Mobile App,,0.0
505597,11661,2025-03-29 20:09:00,Delivered,Cash on Delivery,Mobile App,,0.0
505598,14172,2025-03-29 22:12:00,DELIVERED,upi,Mobile Web,,0.0
505599,14070,2025-03-30 07:04:00,Delivered,Credit Card,Mobile Web,,0.0
505600,13962,2025-03-30 09:03:00,Delivered,Net Banking,Desktop,,0.0
505601,14143,2025-03-30 11:38:00,Delivered,Credit Card,Mobile Web,WELCOME15,0.0
505602,14024,2025-03-30 12:02:00,Delivered,UPI,Mobile Web,WELCOME15,0.0
505603,14134,2025-03-30 12:02:00,Delivered,COD,Mobile App,,0.0
505604,14167,2025-03-30 12:11:00,Delivered,UPI,Mobile App,,0.0
505605,13257,2025-03-30 12:47:00,Delivered,UPI,Desktop,,0.0
505606,13411,2025-03-30 12:52:00,Delivered,UPI,Mobile Web,,0.0
505607,14062,2025-03-30 12:56:00,Delivered,Credit Card,Mobile Web,,0.0
505608,13343,2025-03-30 16:15:00,Delivered,UPI,Mobile App,,0.0
505609,14187,2025-03-30 16:48:00,DELIVERED,UPI,Mobile App,,0.0
505610,13536,2025-03-30 17:29:00,Delivered,UPI,Mobile App,,0.0
505611,14166,2025-03-30 18:08:00,delivered ,UPI,Mobile App,,49.0
505612,14115,2025-03-30 19:30:00,Delivered,Debit Card,Desktop,SAVE5,0.0
505613,13883,2025-03-30 20:18:00,RETURNED,Debit Card,Mobile App,,0.0
505614,14131,2025-03-30 20:18:00,delivered ,Cash on Delivery,Desktop,WELCOME15,0.0
505615,14140,2025-03-30 23:37:00,Delivered,Net Banking,Mobile Web,,0.0
505616,14095,2025-03-30 23:48:00,Delivered,UPI,Mobile App,,0.0
505617,13828,2025-03-30 23:48:00,Delivered,UPI,Mobile Web,,0.0
505618,14125,2025-03-31 09:02:00,Cancelled,Debit Card,Mobile App,WELCOME15,0.0
505619,14156,2025-03-31 09:20:00,cancelled ,Net Banking,Mobile Web,,0.0
505620,14177,2025-03-31 10:17:00,Delivered,Credit Card,Desktop,,0.0
505621,14196,2025-03-31 10:35:00,DELIVERED,Cash on Delivery,Mobile App,WELCOME15,0.0
505622,12357,2025-03-31 11:51:00,Delivered,upi,Mobile App,,0.0
505623,12562,2025-03-31 12:37:00,DELIVERED,Cash on Delivery,Desktop,,0.0
505624,14190,2025-03-31 13:12:00,Delivered,Cash on Delivery,Mobile Web,,0.0
505625,13137,2025-03-31 13:43:00,Delivered,Credit Card,Mobile App,SAVE5,0.0
505626,14186,2025-03-31 15:25:00,delivered ,Cash on Delivery,Mobile Web,,0.0
505627,13800,2025-03-31 16:05:00,Delivered,Cash on Delivery,Mobile Web,,0.0
505628,13797,2025-03-31 18:20:00,Delivered,upi,Desktop,,0.0
505629,14090,2025-03-31 19:38:00,Delivered,upi,Mobile App,,0.0
505630,14173,2025-03-31 20:20:00,Delivered,Upi,Mobile App,WELCOME15,0.0
505631,13173,2025-03-31 20:25:00,Delivered,credit card,Mobile App,,49.0
505632,14180,2025-03-31 20:25:00,Cancelled,UPI,Desktop,WELCOME15,0.0
505633,14171,2025-03-31 21:24:00,Delivered,Credit Card,Mobile App,WELCOME15,0.0
505634,14192,2025-03-31 23:21:00,RETURNED,Cash on Delivery,Mobile App,,0.0
505635,14198,2025-04-01 08:31:00,Returned,Debit Card,Desktop,WELCOME15,0.0
505636,14170,2025-04-01 09:36:00,Delivered,UPI,Mobile App,,0.0
505637,14179,2025-04-01 10:27:00,Delivered,Cash On Delivery,Mobile App,WELCOME15,0.0
505638,14158,2025-04-01 11:07:00,Delivered,Cash on Delivery,Mobile Web,,0.0
505639,13141,2025-04-01 11:28:00,Delivered,UPI,Desktop,,0.0
505640,11063,2025-04-01 12:00:00,Delivered,Net Banking,Mobile Web,,0.0
505641,14199,2025-04-01 15:21:00,Delivered,UPI,Desktop,WELCOME15,0.0
505642,11293,2025-04-01 15:35:00,DELIVERED,UPI,Mobile Web,,0.0
505643,11594,2025-04-01 16:14:00,Delivered,Cash on Delivery,Mobile App,,0.0
505644,14168,2025-04-01 17:49:00,Delivered,UPI,Mobile App,WELCOME15,0.0
505645,13033,2025-04-01 17:49:00,Delivered,Credit Card,Mobile App,,0.0
505646,14126,2025-04-01 18:27:00,delivered ,upi,Mobile App,WELCOME15,0.0
505647,11967,2025-04-01 18:33:00,Delivered,Credit Card,Mobile App,,0.0
505648,14194,2025-04-01 18:38:00,Returned,UPI,Mobile App,,0.0
505649,14105,2025-04-01 18:44:00,Delivered,Credit Card,Mobile Web,,0.0
505650,14150,2025-04-01 19:07:00,Delivered,UPI,Mobile App,WELCOME15,0.0
505651,14197,2025-04-01 19:11:00,Delivered,Upi,Mobile App,,0.0
505652,12472,2025-04-01 20:50:00,Delivered,Net Banking,Mobile App,,0.0
505653,14154,2025-04-01 22:35:00,Delivered,Upi,Mobile App,WELCOME15,0.0
505654,11687,2025-04-01 22:39:00,Delivered,credit card,Desktop,,49.0
505655,13602,2025-04-01 23:13:00,Delivered,Net Banking,Desktop,SAVE5,0.0
505656,14201,2025-04-02 08:43:00,RETURNED,UPI,Mobile App,,0.0
505657,14155,2025-04-02 09:33:00,delivered ,UPI,Mobile Web,WELCOME15,49.0
505658,14213,2025-04-02 11:43:00,Delivered,COD,Mobile Web,,0.0
505659,12057,2025-04-02 18:38:00,Delivered,Net Banking,Mobile Web,,0.0
505660,14205,2025-04-02 19:57:00,DELIVERED,UPI,Mobile Web,,0.0
505661,14169,2025-04-02 20:43:00,Delivered,UPI,Mobile App,,0.0
505662,13433,2025-04-02 21:28:00,delivered ,UPI,Mobile Web,SAVE5,0.0
505663,14204,2025-04-02 22:34:00,Delivered,UPI,Mobile Web,WELCOME15,0.0
505664,14216,2025-04-02 23:25:00,Delivered,Debit Card,Mobile App,WELCOME15,0.0
505665,14178,2025-04-02 23:53:00,Delivered,Credit Card,Desktop,,0.0
505666,14159,2025-04-03 07:26:00,Delivered,DC,Mobile Web,WELCOME15,0.0
505667,10356,2025-04-03 07:38:00,Delivered,Credit Card,Mobile App,,0.0
505668,14207,2025-04-03 08:04:00,DELIVERED,UPI,Desktop,,0.0
505669,12280,2025-04-03 09:03:00,Delivered,Credit Card,Mobile App,,0.0
505670,14229,2025-04-03 09:08:00,Delivered,Net Banking,Desktop,WELCOME15,0.0
505671,14210,2025-04-03 09:08:00,Delivered,UPI,Mobile Web,WELCOME15,0.0
505672,14193,2025-04-03 11:18:00,Delivered,UPI,Mobile Web,WELCOME15,0.0
505673,14049,2025-04-03 12:10:00,Delivered,Cash on Delivery,Mobile Web,,0.0
505674,13629,2025-04-03 12:48:00,DELIVERED,Credit Card,Mobile App,,0.0
505675,11115,2025-04-03 13:03:00,DELIVERED,Cash on Delivery,Desktop,,0.0
505675,11115,2025-04-03 13:03:00,DELIVERED,Cash on Delivery,Desktop,,0.0
505676,11602,2025-04-03 14:35:00,Delivered,Cash on Delivery,Mobile Web,,0.0
505677,13670,2025-04-03 14:41:00,Delivered,UPI,Mobile Web,,0.0
505678,14130,2025-04-03 15:10:00,Delivered,Debit Card,Desktop,WELCOME15,0.0
505679,12511,2025-04-03 17:37:00,Delivered,Debit Card,Mobile App,,0.0
505680,14195,2025-04-03 17:42:00,Delivered,UPI,Mobile App,WELCOME15,0.0
505681,14212,2025-04-03 17:58:00,Delivered,UPI,Desktop,,0.0
505682,13843,2025-04-03 21:21:00,Delivered,UPI,Mobile App,,0.0
505683,11328,2025-04-03 22:37:00,DELIVERED,cod,Mobile App,,0.0
505684,13537,2025-04-03 23:37:00,DELIVERED,UPI,Desktop,,49.0
505685,14189,2025-04-03 23:38:00,Delivered,upi,Mobile Web,,0.0
505686,11585,2025-04-04 07:21:00,Delivered,DC,Mobile Web,,0.0
505687,14209,2025-04-04 07:27:00,Delivered,Debit Card,Mobile App,,0.0
505688,14039,2025-04-04 08:32:00,Delivered,Debit Card,Mobile App,WELCOME15,0.0
505689,12470,2025-04-04 09:46:00,Cancelled,Cash on Delivery,Mobile App,,0.0
505690,11263,2025-04-04 11:09:00,Delivered,UPI,Desktop,,0.0
505691,11335,2025-04-04 13:12:00,Returned,UPI,Mobile Web,,0.0
505692,13389,2025-04-04 14:13:00,Delivered,UPI,Desktop,,0.0
505693,14246,2025-04-04 14:20:00,Delivered,UPI,Mobile App,WELCOME15,0.0
505694,13932,2025-04-04 16:16:00,Delivered,credit card,Mobile App,,0.0
505695,14236,2025-04-04 16:51:00,Delivered,Cash on Delivery,Mobile App,,0.0
505696,14240,2025-04-04 18:18:00,Delivered,Credit Card,Mobile App,WELCOME15,0.0
505697,14184,2025-04-04 19:52:00,Delivered,UPI,Mobile Web,,0.0
505698,13522,2025-04-04 22:22:00,Delivered,Credit Card,Mobile Web,,0.0
505699,13618,2025-04-04 22:40:00,DELIVERED,Cash On Delivery,Mobile Web,,0.0
505700,13344,2025-04-04 23:28:00,Delivered,Debit Card,Desktop,,0.0
505701,14243,2025-04-04 23:34:00,Delivered,upi,Mobile App,WELCOME15,0.0
505702,11472,2025-04-05 08:10:00,Delivered,upi,Mobile Web,,49.0
505703,12791,2025-04-05 10:25:00,Delivered,UPI,Mobile App,,49.0
505704,14219,2025-04-05 10:28:00,DELIVERED,Cash on Delivery,Mobile App,WELCOME15,0.0
505705,11960,2025-04-05 10:53:00,Returned,UPI,Mobile App,,0.0
505706,12742,2025-04-05 10:57:00,Delivered,Net Banking,Desktop,,0.0
505707,14226,2025-04-05 11:40:00,Delivered,Upi,Mobile App,,0.0
505708,14135,2025-04-05 12:25:00,Cancelled,UPI,Mobile App,SAVE5,0.0
505709,14232,2025-04-05 12:48:00,RETURNED,UPI,Mobile App,WELCOME15,0.0
505710,12368,2025-04-05 13:31:00,Delivered,Cash on Delivery,Mobile App,,0.0
505711,13896,2025-04-05 14:20:00,Delivered,Debit Card,Desktop,,0.0
505712,11177,2025-04-05 14:22:00,Delivered,Cash on Delivery,Mobile App,,49.0
505712,11177,2025-04-05 14:22:00,Delivered,Cash on Delivery,Mobile App,,49.0
505713,14261,2025-04-05 14:47:00,DELIVERED,Cash on Delivery,Desktop,,0.0
505714,14108,2025-04-05 15:41:00,Delivered,Net Banking,Mobile App,WELCOME15,0.0
505715,14181,2025-04-05 16:51:00,Delivered,UPI,Mobile Web,WELCOME15,0.0
505716,14155,2025-04-05 17:10:00,Delivered,Credit Card,Mobile Web,,0.0
505717,12512,2025-04-05 17:56:00,Returned,UPI,Mobile App,,0.0
505718,14182,2025-04-05 18:20:00,Delivered,UPI,Desktop,WELCOME15,0.0
505719,14200,2025-04-05 18:29:00,Delivered,Credit Card,Mobile App,,0.0
505720,14153,2025-04-05 19:18:00,Delivered,UPI,Desktop,WELCOME15,0.0
505721,11411,2025-04-05 19:59:00,Delivered,Cash on Delivery,Mobile Web,,0.0
505722,12895,2025-04-06 08:19:00,Cancelled,Credit Card,Desktop,,49.0
505723,13712,2025-04-06 08:26:00,Delivered,UPI,Mobile App,,0.0
505724,14214,2025-04-06 08:46:00,DELIVERED,UPI,Mobile App,,0.0
505725,13552,2025-04-06 10:00:00,Delivered,credit card,Mobile App,,0.0
505726,12979,2025-04-06 10:41:00,DELIVERED,UPI,Mobile App,,0.0
505727,14165,2025-04-06 11:50:00,DELIVERED,UPI,Mobile App,,0.0
505728,12710,2025-04-06 12:19:00,Delivered,UPI,Mobile App,,0.0
505729,13556,2025-04-06 13:04:00,Returned,Net Banking,Mobile App,,0.0
505730,14031,2025-04-06 13:39:00,Delivered,UPI,Mobile Web,,0.0
505731,14276,2025-04-06 14:12:00,Delivered,cod,Desktop,,0.0
505732,13700,2025-04-06 14:38:00,Delivered,Cash on Delivery,Mobile Web,,0.0
505733,14247,2025-04-06 15:41:00,Delivered,UPI,Mobile App,,0.0
505734,14273,2025-04-06 16:56:00,Delivered,Credit Card,Mobile App,,0.0
505735,14270,2025-04-06 16:59:00,delivered ,upi,Mobile App,WELCOME15,0.0
505736,14255,2025-04-06 17:49:00,Delivered,Cash on Delivery,Mobile Web,,0.0
505737,14056,2025-04-06 18:02:00,delivered ,UPI,Mobile App,,49.0
505738,14259,2025-04-06 18:19:00,Delivered,upi,Mobile App,WELCOME15,0.0
505739,14202,2025-04-06 18:51:00,Delivered,Cash on Delivery,Desktop,WELCOME15,0.0
505740,14260,2025-04-06 19:04:00,Delivered,UPI,Mobile App,,0.0
505741,13479,2025-04-06 19:30:00,Delivered,UPI,Mobile App,,0.0
505742,10532,2025-04-06 20:20:00,Delivered,UPI,Mobile Web,,0.0
505743,14217,2025-04-06 21:50:00,Delivered,debit card,Mobile Web,WELCOME15,0.0
505744,12672,2025-04-06 22:06:00,Delivered,Debit Card,Mobile Web,,0.0
505745,14176,2025-04-06 23:16:00,Delivered,UPI,Mobile Web,WELCOME15,0.0
505746,13724,2025-04-07 10:00:00,Delivered,upi,Mobile App,,0.0
505747,14238,2025-04-07 11:06:00,Delivered,UPI,Desktop,,49.0
505748,13494,2025-04-07 11:46:00,DELIVERED,UPI,Mobile App,,0.0
505749,12993,2025-04-07 11:59:00,Delivered,UPI,Desktop,,0.0
505750,14284,2025-04-07 12:08:00,Cancelled,Credit Card,Mobile Web,WELCOME15,0.0
505751,14235,2025-04-07 12:37:00,Delivered,Cash on Delivery,Mobile Web,,0.0
505752,14286,2025-04-07 14:07:00,Delivered,Debit Card,Mobile Web,WELCOME15,0.0
505753,13806,2025-04-07 16:06:00,delivered ,UPI,Mobile Web,,0.0
505754,14262,2025-04-07 16:48:00,Delivered,Credit Card,Mobile App,WELCOME15,0.0
505755,14191,2025-04-07 18:22:00,Delivered,Net Banking,Mobile Web,WELCOME15,0.0
505756,14114,2025-04-07 18:39:00,Delivered,UPI,Mobile App,,0.0
505757,14231,2025-04-07 19:16:00,delivered ,UPI,Mobile Web,,0.0
505758,14128,2025-04-07 19:16:00,CANCELLED,credit card,Mobile App,,0.0
505759,13624,2025-04-07 19:19:00,Delivered,Credit Card,Mobile App,,0.0
505760,12960,2025-04-07 21:44:00,Returned,Cash on Delivery,Mobile Web,,0.0
505761,14289,2025-04-07 22:07:00,Cancelled,Cash on Delivery,Mobile App,SAVE5,0.0
505762,14225,2025-04-07 23:54:00,DELIVERED,upi,Mobile Web,,0.0
505763,12481,2025-04-07 23:54:00,Delivered,upi,Mobile App,,0.0
505764,13029,2025-04-08 07:24:00,Delivered,UPI,Mobile App,,0.0
505765,14298,2025-04-08 08:05:00,Delivered,Net Banking,Mobile App,WELCOME15,0.0
505766,13872,2025-04-08 08:35:00,Delivered,UPI,Mobile App,,49.0
505767,13289,2025-04-08 08:57:00,Cancelled,CC,Desktop,,0.0
505768,13741,2025-04-08 09:58:00,DELIVERED,UPI,Desktop,,0.0
505769,11402,2025-04-08 10:48:00,Delivered,Cash on Delivery,Mobile App,,49.0
505770,14252,2025-04-08 10:49:00,DELIVERED,UPI,Desktop,SAVE5,49.0
505771,14266,2025-04-08 10:49:00,Delivered,UPI,Mobile Web,,0.0
505772,14280,2025-04-08 11:24:00,DELIVERED,Cash on Delivery,Mobile App,,0.0
505773,14296,2025-04-08 12:14:00,Delivered,upi,Mobile Web,WELCOME15,49.0
505774,14245,2025-04-08 12:54:00,DELIVERED,UPI,Mobile Web,WELCOME15,0.0
505774,14245,2025-04-08 12:54:00,DELIVERED,UPI,Mobile Web,WELCOME15,0.0
505775,14051,2025-04-08 13:06:00,Delivered,UPI,Mobile App,,0.0
505776,14294,2025-04-08 16:40:00,Delivered,Credit Card,Desktop,WELCOME15,0.0
505777,14242,2025-04-08 16:45:00,DELIVERED,UPI,Mobile Web,WELCOME15,0.0
505778,11198,2025-04-08 17:23:00,Returned,Debit Card,Mobile Web,,0.0
505779,13529,2025-04-08 18:10:00,Delivered,cod,Mobile Web,,49.0
505780,14119,2025-04-08 18:43:00,Delivered,UPI,Mobile Web,,0.0
505781,14161,2025-04-08 21:10:00,Cancelled,UPI,Mobile App,,0.0
505782,11472,2025-04-08 21:14:00,delivered ,UPI,Desktop,,49.0
505783,14265,2025-04-08 22:29:00,CANCELLED,UPI,Mobile Web,WELCOME15,0.0
505784,11597,2025-04-08 22:33:00,DELIVERED,UPI,Mobile App,SAVE5,0.0
505785,14258,2025-04-08 22:44:00,Returned,Net Banking,Desktop,,0.0
505786,14305,2025-04-09 07:31:00,Delivered,UPI,Mobile Web,WELCOME15,0.0
505787,12606,2025-04-09 07:40:00,Returned,debit card,Mobile App,,0.0
505788,14027,2025-04-09 10:16:00,DELIVERED,UPI,Desktop,,0.0
505789,14122,2025-04-09 10:28:00,Returned,Cash On Delivery,Mobile App,,0.0
505790,14220,2025-04-09 12:26:00,DELIVERED,UPI,Mobile App,,0.0
505791,14283,2025-04-09 12:50:00,Delivered,cod,Mobile App,WELCOME15,49.0
505792,14302,2025-04-09 15:30:00,Delivered,Upi,Mobile App,WELCOME15,0.0
505793,12283,2025-04-09 15:39:00,Delivered,UPI,Mobile App,,49.0
505794,13769,2025-04-09 15:56:00,Delivered,Cash on Delivery,Mobile Web,,0.0
505795,14224,2025-04-09 18:15:00,Delivered,Debit Card,Mobile App,WELCOME15,0.0
505796,14304,2025-04-09 19:34:00,Delivered,Credit Card,Mobile App,SAVE5,0.0
505797,13570,2025-04-09 20:16:00,Cancelled,Cash On Delivery,Mobile App,,49.0
505798,13945,2025-04-09 22:19:00,Delivered,UPI,Desktop,,49.0
505799,14272,2025-04-09 22:26:00,Delivered,Credit Card,Mobile App,,0.0
505800,14257,2025-04-09 23:05:00,Delivered,Debit Card,Mobile Web,,0.0
505801,14285,2025-04-10 07:45:00,DELIVERED,Credit Card,Mobile App,,0.0
505802,12058,2025-04-10 09:52:00,Delivered,CC,Mobile Web,,0.0
505803,14300,2025-04-10 10:25:00,delivered ,Net Banking,Mobile App,,0.0
505804,14100,2025-04-10 12:01:00,Returned,UPI,Desktop,,0.0
505805,14295,2025-04-10 12:10:00,DELIVERED,Debit Card,Mobile App,,0.0
505806,14309,2025-04-10 13:27:00,Delivered,UPI,Mobile Web,WELCOME15,49.0
505807,14317,2025-04-10 14:33:00,Delivered,UPI,Mobile Web,,0.0
505808,14234,2025-04-10 15:36:00,Delivered,Debit Card,Mobile Web,WELCOME15,49.0
505809,14292,2025-04-10 16:04:00,DELIVERED,UPI,Mobile App,WELCOME15,0.0
505810,14321,2025-04-10 16:09:00,delivered ,DC,Mobile App,,0.0
505811,12777,2025-04-10 16:24:00,Delivered,Cash On Delivery,Mobile App,,0.0
505812,14314,2025-04-10 17:10:00,Delivered,Credit Card,Mobile App,WELCOME15,0.0
505813,14311,2025-04-10 17:29:00,Delivered,Credit Card,Mobile Web,,0.0
505814,14249,2025-04-10 17:58:00,Cancelled,Cash on Delivery,Desktop,SAVE5,0.0
505815,14320,2025-04-10 18:25:00,Delivered,UPI,Mobile App,WELCOME15,0.0
505816,14211,2025-04-10 21:32:00,Delivered,UPI,Desktop,,0.0
505817,13882,2025-04-10 22:21:00,DELIVERED,Debit Card,Mobile Web,,0.0
505818,14222,2025-04-11 09:05:00,DELIVERED,Credit Card,Desktop,,0.0
505819,14324,2025-04-11 10:55:00,Delivered,Credit Card,Mobile Web,WELCOME15,0.0
505820,14301,2025-04-11 12:02:00,Delivered,UPI,Mobile App,WELCOME15,0.0
505821,14318,2025-04-11 14:10:00,Delivered,Cash on Delivery,Mobile App,WELCOME15,0.0
505822,14332,2025-04-11 14:13:00,Delivered,UPI,Mobile App,WELCOME15,0.0
505823,14021,2025-04-11 14:36:00,Delivered,DC,Mobile Web,,0.0
505824,14328,2025-04-11 15:51:00,DELIVERED,Net Banking,Mobile App,,0.0
505825,14218,2025-04-11 16:13:00,Delivered,UPI,Mobile App,WELCOME15,0.0
505826,11472,2025-04-11 16:43:00,Delivered,upi,Mobile Web,,0.0
505827,13916,2025-04-11 17:31:00,delivered ,Cash on Delivery,Mobile App,,0.0
505828,13999,2025-04-11 19:12:00,Delivered,Debit Card,Mobile App,,0.0
505829,13639,2025-04-11 19:31:00,DELIVERED,Credit Card,Mobile App,,0.0
505830,12788,2025-04-11 19:57:00,Delivered,Cash on Delivery,Desktop,,0.0
505831,14101,2025-04-11 22:29:00,DELIVERED,UPI,Mobile Web,WELCOME15,49.0
505832,14251,2025-04-11 23:15:00,Delivered,Cash on Delivery,Mobile App,WELCOME15,49.0
505833,13991,2025-04-11 23:24:00,Delivered,Cash on Delivery,Mobile Web,,0.0
505834,14167,2025-04-12 10:08:00,DELIVERED,Net Banking,Mobile Web,,0.0
505835,13520,2025-04-12 11:08:00,DELIVERED,UPI,Mobile App,,0.0
505836,14341,2025-04-12 12:42:00,Delivered,upi,Mobile App,,0.0
505837,13468,2025-04-12 13:11:00,Delivered,Debit Card,Mobile App,,49.0
505838,14279,2025-04-12 14:50:00,Delivered,Credit Card,Mobile App,SAVE5,49.0
505839,14291,2025-04-12 19:08:00,DELIVERED,Credit Card,Mobile Web,,0.0
505840,11378,2025-04-12 21:16:00,Delivered,UPI,Mobile App,,0.0
505841,13815,2025-04-12 22:09:00,delivered ,Upi,Mobile App,,0.0
505842,14230,2025-04-12 22:49:00,Delivered,UPI,Mobile App,SAVE5,0.0
505843,11847,2025-04-13 07:11:00,Returned,Cash on Delivery,Mobile App,,0.0
505844,14349,2025-04-13 08:21:00,Returned,Cash on Delivery,Mobile App,,0.0
505845,13267,2025-04-13 10:24:00,Delivered,Debit Card,Mobile App,,0.0
505846,14334,2025-04-13 11:19:00,Delivered,UPI,Mobile App,WELCOME15,0.0
505847,12758,2025-04-13 12:49:00,delivered ,UPI,Mobile App,,0.0
505848,14306,2025-04-13 13:26:00,delivered ,UPI,Mobile App,SAVE5,0.0
505849,13930,2025-04-13 13:27:00,Delivered,Net Banking,Mobile App,SAVE5,0.0
505850,12435,2025-04-13 14:39:00,Delivered,UPI,Mobile App,SAVE5,0.0
505851,11602,2025-04-13 15:41:00,Delivered,UPI,Desktop,SAVE5,0.0
505852,14359,2025-04-13 16:16:00,Delivered,Debit Card,Mobile Web,WELCOME15,0.0
505853,14340,2025-04-13 17:07:00,Delivered,UPI,Desktop,,0.0
505854,13580,2025-04-13 17:12:00,Delivered,Cash on Delivery,Mobile App,,0.0
505855,14281,2025-04-13 17:28:00,Delivered,upi,Mobile Web,,0.0
505856,13025,2025-04-13 18:42:00,Delivered,UPI,Mobile App,SAVE5,0.0
505857,14293,2025-04-13 20:38:00,Delivered,CC,Mobile App,WELCOME15,0.0
505858,14268,2025-04-13 21:33:00,Delivered,Credit Card,Mobile App,,0.0
505859,14258,2025-04-13 22:12:00,DELIVERED,Upi,Mobile Web,,0.0
505860,12511,2025-04-13 22:23:00,Delivered,Credit Card,Mobile App,,0.0
505861,13190,2025-04-13 22:24:00,Delivered,Credit Card,Mobile Web,,0.0
505862,12234,2025-04-13 23:36:00,DELIVERED,upi,Mobile App,,0.0
505863,12261,2025-04-14 07:50:00,Delivered,Upi,Mobile App,,0.0
505863,12261,2025-04-14 07:50:00,Delivered,Upi,Mobile App,,0.0
505864,14343,2025-04-14 09:38:00,CANCELLED,Cash on Delivery,Mobile App,,0.0
505865,14368,2025-04-14 10:40:00,Delivered,UPI,Mobile Web,,0.0
505866,10668,2025-04-14 11:36:00,DELIVERED,UPI,Mobile App,,0.0
505867,13374,2025-04-14 11:37:00,Delivered,upi,Mobile Web,,49.0
505868,13744,2025-04-14 11:54:00,Delivered,UPI,Mobile App,,0.0
505869,13944,2025-04-14 12:42:00,Delivered,UPI,Desktop,,49.0
505870,14329,2025-04-14 14:48:00,Delivered,Debit Card,Mobile Web,,0.0
505871,13754,2025-04-14 14:50:00,Delivered,Cash on Delivery,Mobile App,,0.0
505872,10118,2025-04-14 15:56:00,delivered ,Credit Card,Desktop,,0.0
505873,13284,2025-04-14 16:00:00,Delivered,debit card,Mobile App,,0.0
505874,14336,2025-04-14 16:16:00,Returned,Credit Card,Mobile Web,WELCOME15,49.0
505875,14357,2025-04-14 18:55:00,Delivered,Debit Card,Mobile App,,0.0
505876,14288,2025-04-14 20:53:00,Delivered,Cash on Delivery,Desktop,WELCOME15,0.0
505877,11908,2025-04-14 21:48:00,Delivered,UPI,Mobile App,,0.0
505878,14244,2025-04-14 21:49:00,Delivered,UPI,Mobile Web,WELCOME15,0.0
505879,14264,2025-04-15 07:43:00,Delivered,Net Banking,Mobile App,WELCOME15,0.0
505880,13658,2025-04-15 08:42:00,Returned,Debit Card,Mobile Web,,0.0
505881,14351,2025-04-15 08:48:00,Delivered,Cash on Delivery,Mobile App,,0.0
505882,12970,2025-04-15 10:24:00,Delivered,UPI,Mobile Web,,0.0
505883,14335,2025-04-15 13:23:00,Delivered,Credit Card,Mobile App,WELCOME15,0.0
505884,14353,2025-04-15 13:46:00,Delivered,Net Banking,Mobile App,WELCOME15,0.0
505885,14379,2025-04-15 14:27:00,Delivered,Cash on Delivery,Mobile App,,0.0
505886,14313,2025-04-15 14:29:00,DELIVERED,Net Banking,Mobile App,WELCOME15,0.0
505887,13279,2025-04-15 14:44:00,DELIVERED,Cash on Delivery,Mobile App,,0.0
505888,11181,2025-04-15 15:24:00,Delivered,UPI,Mobile Web,,0.0
505889,14223,2025-04-15 16:10:00,Delivered,upi,Mobile App,,0.0
505890,14356,2025-04-15 17:23:00,Returned,Cash on Delivery,Mobile App,WELCOME15,0.0
505891,14370,2025-04-15 18:03:00,Delivered,Net Banking,Desktop,,0.0
505892,12676,2025-04-15 18:36:00,Returned,UPI,Mobile App,,0.0
505893,14347,2025-04-15 18:57:00,Delivered,Net Banking,Mobile App,,0.0
505894,13720,2025-04-15 19:38:00,Delivered,UPI,Desktop,,0.0
505895,14342,2025-04-15 21:13:00,Returned,Debit Card,Desktop,,0.0
505896,14327,2025-04-16 07:31:00,Delivered,Credit Card,Desktop,WELCOME15,0.0
505897,13730,2025-04-16 07:42:00,Delivered,Net Banking,Mobile Web,,0.0
505898,11696,2025-04-16 07:51:00,Delivered,UPI,Mobile App,,0.0
505899,14381,2025-04-16 09:22:00,Delivered,UPI,Mobile App,WELCOME15,0.0
505900,14354,2025-04-16 10:04:00,Delivered,Net Banking,Mobile App,WELCOME15,0.0
505901,14308,2025-04-16 10:13:00,delivered ,Cash on Delivery,Desktop,,49.0
505902,12601,2025-04-16 11:21:00,Delivered,UPI,Desktop,,0.0
505903,14319,2025-04-16 11:37:00,DELIVERED,Credit Card,Mobile App,WELCOME15,49.0
505904,14299,2025-04-16 13:09:00,Delivered,UPI,Mobile Web,,0.0
505905,12923,2025-04-16 16:36:00,Returned,Credit Card,Mobile Web,,0.0
505906,14394,2025-04-16 19:13:00,Delivered,upi,Desktop,WELCOME15,49.0
505907,14372,2025-04-16 20:58:00,Delivered,UPI,Desktop,WELCOME15,49.0
505908,13954,2025-04-16 21:53:00,Delivered,Credit Card,Mobile Web,,0.0
505909,13792,2025-04-16 22:00:00,Delivered,Cash on Delivery,Mobile Web,,0.0
505910,14386,2025-04-16 22:25:00,Delivered,upi,Mobile App,WELCOME15,0.0
505911,14371,2025-04-16 22:34:00,DELIVERED,Debit Card,Desktop,,49.0
505912,13617,2025-04-16 23:30:00,Delivered,Credit Card,Mobile Web,,0.0
505913,10095,2025-04-17 08:09:00,delivered ,COD,Mobile App,,0.0
505914,13194,2025-04-17 08:31:00,Delivered,Cash on Delivery,Mobile Web,,0.0
505915,13281,2025-04-17 08:36:00,Delivered,cod,Desktop,,0.0
505916,14403,2025-04-17 11:51:00,DELIVERED,UPI,Mobile App,WELCOME15,0.0
505917,14277,2025-04-17 12:30:00,delivered ,UPI,Mobile Web,,0.0
505918,14387,2025-04-17 14:08:00,Delivered,Cash on Delivery,Mobile App,WELCOME15,0.0
505919,14285,2025-04-17 15:34:00,Returned,debit card,Mobile App,,0.0
505920,14373,2025-04-17 16:34:00,Delivered,UPI,Mobile App,,0.0
505921,11468,2025-04-17 16:37:00,Delivered,Credit Card,Desktop,,0.0
505922,14383,2025-04-17 16:52:00,Delivered,Net Banking,Mobile App,,0.0
505923,14225,2025-04-17 17:44:00,Delivered,Debit Card,Mobile Web,,0.0
505924,14395,2025-04-17 18:13:00,RETURNED,UPI,Mobile App,,0.0
505925,12446,2025-04-17 19:01:00,Delivered,Net Banking,Desktop,,0.0
505926,14369,2025-04-17 19:10:00,Returned,Net Banking,Mobile Web,,0.0
505927,14227,2025-04-17 19:20:00,Delivered,Credit Card,Mobile App,,0.0
505928,14269,2025-04-17 20:21:00,Delivered,UPI,Mobile App,,0.0
505929,12470,2025-04-17 20:54:00,Delivered,Cash on Delivery,Mobile App,,0.0
505930,13506,2025-04-17 21:07:00,DELIVERED,UPI,Mobile Web,,0.0
505931,12157,2025-04-17 21:27:00,Delivered,UPI,Mobile App,,0.0
505932,14382,2025-04-17 22:06:00,DELIVERED,Net Banking,Mobile Web,WELCOME15,49.0
505933,12904,2025-04-17 22:34:00,DELIVERED,Credit Card,Mobile App,,0.0
505934,11667,2025-04-18 07:18:00,Delivered,upi,Desktop,,0.0
505935,14187,2025-04-18 10:22:00,Delivered,Credit Card,Desktop,,0.0
505936,13749,2025-04-18 11:44:00,DELIVERED,CC,Desktop,,0.0
505937,14418,2025-04-18 11:45:00,DELIVERED,UPI,Mobile Web,WELCOME15,0.0
505938,14336,2025-04-18 12:41:00,Delivered,UPI,Mobile App,,0.0
505939,11531,2025-04-18 13:23:00,delivered ,Cash on Delivery,Mobile Web,SAVE5,0.0
505940,14380,2025-04-18 13:29:00,DELIVERED,UPI,Mobile Web,WELCOME15,0.0
505941,14402,2025-04-18 15:07:00,Delivered,Credit Card,Mobile App,,0.0
505942,14408,2025-04-18 16:24:00,Delivered,Net Banking,Mobile Web,SAVE5,0.0
505943,13071,2025-04-18 16:39:00,Delivered,UPI,Mobile App,,49.0
505944,14377,2025-04-18 16:52:00,Delivered,CC,Mobile App,WELCOME15,0.0
505945,14115,2025-04-18 17:35:00,Delivered,Debit Card,Mobile Web,,0.0
505946,14411,2025-04-18 18:46:00,DELIVERED,Upi,Desktop,,0.0
505947,14413,2025-04-18 19:29:00,Returned,Cash on Delivery,Desktop,WELCOME15,0.0
505948,14214,2025-04-18 21:20:00,Delivered,cod,Mobile App,,0.0
505949,14397,2025-04-18 22:44:00,Delivered,Upi,Mobile Web,,0.0
505950,14401,2025-04-18 23:34:00,delivered ,UPI,Desktop,WELCOME15,49.0
505951,14349,2025-04-18 23:55:00,Delivered,Upi,Mobile App,,0.0
505952,14378,2025-04-19 07:35:00,Delivered,Credit Card,Desktop,,0.0
505953,14230,2025-04-19 07:55:00,Delivered,Cash on Delivery,Mobile App,,0.0
505954,13796,2025-04-19 09:38:00,Delivered,UPI,Mobile Web,,0.0
505955,14183,2025-04-19 10:13:00,Delivered,UPI,Mobile App,,0.0
505956,12742,2025-04-19 14:38:00,Delivered,UPI,Desktop,,0.0
505957,13789,2025-04-19 15:02:00,Delivered,Cash on Delivery,Mobile App,,0.0
505958,14390,2025-04-19 15:23:00,DELIVERED,Cash on Delivery,Desktop,,0.0
505959,14330,2025-04-19 15:30:00,Delivered,UPI,Desktop,,0.0
505960,12803,2025-04-19 15:33:00,Delivered,Credit Card,Mobile Web,,0.0
505961,13691,2025-04-19 15:58:00,Delivered,CC,Desktop,,0.0
505962,14352,2025-04-19 17:12:00,RETURNED,Credit Card,Mobile App,,0.0
505963,14415,2025-04-19 17:32:00,Delivered,Net Banking,Mobile App,,0.0
505964,14414,2025-04-19 17:41:00,Delivered,Credit Card,Desktop,,0.0
505965,13332,2025-04-19 17:42:00,DELIVERED,UPI,Desktop,,0.0
505966,14048,2025-04-19 17:49:00,Delivered,UPI,Mobile Web,,0.0
505967,14431,2025-04-19 19:05:00,CANCELLED,UPI,Mobile Web,,0.0
505968,14421,2025-04-19 20:05:00,Delivered,UPI,Mobile Web,WELCOME15,0.0
505969,12710,2025-04-19 20:52:00,Delivered,UPI,Mobile App,,49.0
505970,14384,2025-04-19 20:52:00,Delivered,Credit Card,Mobile App,WELCOME15,0.0
505971,13612,2025-04-19 22:23:00,DELIVERED,CC,Desktop,,0.0
505972,14435,2025-04-20 08:34:00,Delivered,upi,Mobile App,,0.0
505973,10992,2025-04-20 10:03:00,Delivered,UPI,Mobile Web,SAVE5,0.0
505974,14246,2025-04-20 13:21:00,Cancelled,Cash On Delivery,Mobile App,,0.0
505975,12133,2025-04-20 16:09:00,Delivered,Debit Card,Mobile Web,,0.0
505976,14441,2025-04-20 16:13:00,Delivered,UPI,Mobile Web,,0.0
505977,14348,2025-04-20 16:56:00,Delivered,Cash on Delivery,Mobile Web,SAVE5,0.0
505978,14361,2025-04-20 17:10:00,Delivered,Cash on Delivery,Mobile Web,WELCOME15,0.0
505979,14412,2025-04-20 17:55:00,Delivered,UPI,Mobile App,WELCOME15,0.0
505980,14446,2025-04-20 18:04:00,Delivered,UPI,Mobile App,WELCOME15,49.0
505981,11466,2025-04-20 18:23:00,Delivered,UPI,Mobile Web,,0.0
505982,14427,2025-04-20 21:09:00,Returned,Debit Card,Desktop,,0.0
505983,14434,2025-04-20 21:11:00,Delivered,UPI,Mobile Web,,0.0
505984,12057,2025-04-20 21:19:00,Delivered,Debit Card,Mobile Web,,0.0
505985,13773,2025-04-20 22:04:00,Delivered,Net Banking,Mobile App,,0.0
505986,14307,2025-04-20 22:12:00,DELIVERED,Debit Card,Mobile Web,WELCOME15,0.0
505987,13974,2025-04-20 23:09:00,Returned,Net Banking,Desktop,,0.0
505988,10759,2025-04-20 23:23:00,delivered ,Net Banking,Desktop,,0.0
505989,13867,2025-04-21 07:00:00,Delivered,Credit Card,Mobile Web,,0.0
505990,14440,2025-04-21 08:48:00,Delivered,Upi,Desktop,,0.0
505991,13999,2025-04-21 09:14:00,Delivered,UPI,Mobile App,,0.0
505992,14395,2025-04-21 09:59:00,Cancelled,Cash on Delivery,Mobile Web,,0.0
505993,14409,2025-04-21 10:09:00,Delivered,Net Banking,Mobile Web,,0.0
505994,14399,2025-04-21 10:21:00,Delivered,UPI,Mobile Web,WELCOME15,0.0
505995,10470,2025-04-21 11:37:00,Delivered,Credit Card,Mobile Web,,0.0
505996,14323,2025-04-21 11:51:00,Delivered,Credit Card,Mobile App,WELCOME15,49.0
505997,14305,2025-04-21 11:57:00,Delivered,UPI,Mobile App,,0.0
505998,10069,2025-04-21 12:44:00,delivered ,Cash on Delivery,Mobile Web,,0.0
505999,14429,2025-04-21 12:50:00,Delivered,Net Banking,Desktop,,0.0
505999,14429,2025-04-21 12:50:00,Delivered,Net Banking,Desktop,,0.0
506000,13506,2025-04-21 12:52:00,Delivered,Credit Card,Mobile App,,0.0
506001,14460,2025-04-21 13:13:00,Returned,CC,Mobile Web,,0.0
506002,10806,2025-04-21 18:28:00,Delivered,UPI,Mobile Web,,0.0
506003,11385,2025-04-21 19:33:00,Delivered,debit card,Mobile App,,0.0
506004,12185,2025-04-21 20:07:00,DELIVERED,UPI,Mobile Web,SAVE5,49.0
506005,14365,2025-04-21 20:35:00,Delivered,Cash on Delivery,Mobile App,,0.0
506006,14419,2025-04-21 20:49:00,DELIVERED,Debit Card,Mobile Web,WELCOME15,0.0
506007,11089,2025-04-21 20:55:00,Delivered,credit card,Mobile App,,0.0
506008,14251,2025-04-21 21:32:00,DELIVERED,UPI,Mobile App,,0.0
506009,14436,2025-04-21 21:52:00,Delivered,Debit Card,Mobile App,,49.0
506010,13004,2025-04-21 21:54:00,Delivered,UPI,Desktop,,0.0
506011,14358,2025-04-21 22:17:00,RETURNED,UPI,Mobile Web,,0.0
506012,12521,2025-04-22 07:05:00,delivered ,UPI,Desktop,,0.0
506013,13894,2025-04-22 08:33:00,Delivered,upi,Mobile App,,0.0
506014,12781,2025-04-22 08:48:00,DELIVERED,Credit Card,Mobile Web,,0.0
506015,13636,2025-04-22 09:13:00,DELIVERED,Cash on Delivery,Desktop,,0.0
506016,14444,2025-04-22 09:50:00,Delivered,Debit Card,Mobile App,WELCOME15,0.0
506017,14466,2025-04-22 11:01:00,Delivered,Net Banking,Mobile App,,0.0
506018,14326,2025-04-22 11:05:00,Delivered,UPI,Desktop,WELCOME15,0.0
506019,14470,2025-04-22 11:16:00,RETURNED,DC,Mobile App,WELCOME15,0.0
506020,13223,2025-04-22 12:40:00,Delivered,Credit Card,Mobile App,,0.0
506021,14387,2025-04-22 12:47:00,delivered ,Cash on Delivery,Mobile App,,0.0
506022,14227,2025-04-22 13:55:00,Delivered,UPI,Desktop,,0.0
506023,14407,2025-04-22 14:11:00,Delivered,Credit Card,Desktop,WELCOME15,0.0
506024,14422,2025-04-22 14:55:00,Delivered,upi,Mobile App,WELCOME15,0.0
506025,14398,2025-04-22 15:56:00,Delivered,Credit Card,Desktop,,0.0
506026,14450,2025-04-22 16:08:00,Delivered,Cash on Delivery,Desktop,WELCOME15,0.0
506027,12472,2025-04-22 17:14:00,DELIVERED,UPI,Mobile Web,,0.0
506028,13154,2025-04-22 18:07:00,delivered ,UPI,Mobile Web,,0.0
506029,14449,2025-04-22 18:30:00,DELIVERED,Credit Card,Mobile App,,0.0
506030,12381,2025-04-22 19:23:00,delivered ,upi,Desktop,,0.0
506031,14448,2025-04-22 20:55:00,Delivered,UPI,Desktop,,0.0
506032,11204,2025-04-22 21:26:00,DELIVERED,debit card,Desktop,,0.0
506033,14462,2025-04-22 22:00:00,Delivered,cod,Mobile Web,,0.0
506034,14302,2025-04-23 13:04:00,Delivered,UPI,Mobile Web,,0.0
506035,14393,2025-04-23 13:51:00,Delivered,Cash on Delivery,Mobile Web,WELCOME15,0.0
506036,14442,2025-04-23 15:51:00,Delivered,UPI,Mobile App,WELCOME15,0.0
506037,14420,2025-04-23 17:20:00,Delivered,Debit Card,Mobile App,,0.0
506038,14459,2025-04-23 19:23:00,Delivered,Upi,Mobile App,SAVE5,49.0
506039,14455,2025-04-23 21:34:00,Returned,CC,Desktop,,0.0
506040,14424,2025-04-23 21:41:00,delivered ,Cash on Delivery,Mobile App,,0.0
506041,14396,2025-04-23 22:20:00,Delivered,UPI,Mobile App,WELCOME15,49.0
506042,12809,2025-04-23 23:17:00,DELIVERED,UPI,Mobile App,,49.0
506043,14412,2025-04-23 23:30:00,Delivered,Upi,Mobile Web,,0.0
506044,14182,2025-04-23 23:37:00,DELIVERED,Credit Card,Mobile Web,,0.0
506045,10957,2025-04-24 08:15:00,DELIVERED,Credit Card,Mobile App,SAVE5,0.0
506046,14486,2025-04-24 08:40:00,Delivered,Cash on Delivery,Mobile Web,,0.0
506047,14338,2025-04-24 08:42:00,DELIVERED,upi,Mobile Web,,0.0
506048,12665,2025-04-24 09:55:00,delivered ,Credit Card,Mobile App,,49.0
506049,13854,2025-04-24 10:08:00,DELIVERED,Cash on Delivery,Mobile App,,49.0
506050,14468,2025-04-24 10:21:00,Cancelled,Net Banking,Mobile App,,0.0
506051,10623,2025-04-24 11:30:00,Delivered,Credit Card,Mobile App,,0.0
506052,14388,2025-04-24 14:42:00,Delivered,Net Banking,Mobile App,WELCOME15,0.0
506053,14452,2025-04-24 14:57:00,Delivered,Credit Card,Mobile App,,0.0
506054,14289,2025-04-24 15:18:00,Returned,Debit Card,Desktop,,0.0
506055,14454,2025-04-24 17:47:00,Cancelled,COD,Mobile App,,0.0
506056,14115,2025-04-24 19:00:00,Delivered,UPI,Mobile App,,0.0
506057,11328,2025-04-24 19:22:00,Delivered,UPI,Mobile App,,0.0
506058,13512,2025-04-24 20:35:00,Delivered,Debit Card,Desktop,,0.0
506059,13577,2025-04-24 21:07:00,DELIVERED,Cash on Delivery,Mobile App,,0.0
506060,14430,2025-04-24 21:09:00,Delivered,UPI,Mobile Web,,0.0
506061,14457,2025-04-24 21:43:00,Delivered,cod,Desktop,WELCOME15,0.0
506062,12923,2025-04-24 23:13:00,Delivered,UPI,Mobile App,,0.0
506063,13498,2025-04-25 07:20:00,Delivered,UPI,Desktop,,0.0
506064,14438,2025-04-25 07:37:00,Delivered,UPI,Desktop,WELCOME15,49.0
506065,13891,2025-04-25 08:31:00,Delivered,UPI,Mobile Web,,0.0
506066,14469,2025-04-25 09:52:00,Delivered,Credit Card,Mobile App,,0.0
506067,14405,2025-04-25 10:55:00,Delivered,Credit Card,Mobile Web,,0.0
506068,12979,2025-04-25 11:28:00,Delivered,UPI,Mobile Web,,0.0
506069,12534,2025-04-25 12:46:00,Delivered,UPI,Mobile App,SAVE5,0.0
506070,14489,2025-04-25 12:57:00,Delivered,DC,Mobile App,WELCOME15,0.0
506071,13580,2025-04-25 14:09:00,delivered ,Cash on Delivery,Mobile App,,0.0
506072,14500,2025-04-25 15:41:00,DELIVERED,Cash on Delivery,Mobile App,WELCOME15,49.0
506073,14481,2025-04-25 16:55:00,Delivered,upi,Mobile Web,SAVE5,0.0
506074,12865,2025-04-25 21:39:00,Delivered,Upi,Mobile Web,,0.0
506075,13894,2025-04-25 21:57:00,DELIVERED,Debit Card,Mobile App,,49.0
506076,14021,2025-04-25 22:26:00,Delivered,Credit Card,Mobile App,,0.0
506077,14131,2025-04-25 23:00:00,Returned,CC,Mobile App,,0.0
506078,14487,2025-04-25 23:07:00,Delivered,Debit Card,Mobile Web,WELCOME15,0.0
506079,14483,2025-04-25 23:26:00,Delivered,debit card,Desktop,,49.0
506080,12577,2025-04-25 23:34:00,delivered ,UPI,Mobile Web,,0.0
506081,13950,2025-04-25 23:37:00,Delivered,Upi,Mobile App,,0.0
506082,13463,2025-04-26 07:28:00,Delivered,UPI,Mobile Web,,49.0
506083,13881,2025-04-26 07:31:00,Delivered,Credit Card,Mobile App,,0.0
506084,14498,2025-04-26 08:41:00,Delivered,Net Banking,Mobile Web,WELCOME15,0.0
506085,13465,2025-04-26 10:55:00,DELIVERED,UPI,Mobile App,,0.0
506086,14512,2025-04-26 11:31:00,delivered ,Credit Card,Mobile App,,0.0
506087,10265,2025-04-26 12:38:00,Delivered,credit card,Desktop,,0.0
506088,13647,2025-04-26 14:01:00,delivered ,UPI,Mobile Web,,0.0
506089,14476,2025-04-26 14:26:00,DELIVERED,UPI,Desktop,,0.0
506090,14417,2025-04-26 21:33:00,delivered ,Debit Card,Mobile Web,WELCOME15,0.0
506091,14496,2025-04-26 22:04:00,DELIVERED,Cash on Delivery,Mobile Web,,0.0
506092,12477,2025-04-26 22:15:00,Delivered,credit card,Desktop,,0.0
506093,12672,2025-04-26 23:58:00,Delivered,UPI,Mobile App,,0.0
506094,14406,2025-04-27 07:40:00,Delivered,Credit Card,Mobile App,WELCOME15,49.0
506095,12412,2025-04-27 08:10:00,Cancelled,cod,Mobile App,,0.0
506096,10602,2025-04-27 08:24:00,Delivered,COD,Mobile Web,,0.0
506097,11908,2025-04-27 08:55:00,Delivered,Cash on Delivery,Mobile Web,,0.0
506098,12878,2025-04-27 09:05:00,Delivered,UPI,Mobile App,,0.0
506099,13353,2025-04-27 09:31:00,Returned,Debit Card,Mobile Web,,0.0
506100,14333,2025-04-27 09:34:00,CANCELLED,Cash on Delivery,Mobile App,WELCOME15,49.0
506101,14439,2025-04-27 10:00:00,Delivered,Credit Card,Mobile Web,WELCOME15,0.0
506102,10548,2025-04-27 11:09:00,Delivered,Cash on Delivery,Desktop,,0.0
506103,14410,2025-04-27 12:15:00,Cancelled,UPI,Mobile Web,,0.0
506104,12710,2025-04-27 12:53:00,DELIVERED,Net Banking,Desktop,,0.0
506105,12809,2025-04-27 14:25:00,Delivered,UPI,Desktop,,0.0
506106,10103,2025-04-27 15:21:00,Cancelled,UPI,Mobile App,,0.0
506107,14503,2025-04-27 16:45:00,Delivered,UPI,Desktop,WELCOME15,49.0
506108,14488,2025-04-27 16:48:00,Delivered,UPI,Mobile App,WELCOME15,0.0
506109,13274,2025-04-27 17:02:00,Delivered,Cash On Delivery,Mobile Web,,0.0
506110,12731,2025-04-27 17:33:00,Delivered,Debit Card,Mobile Web,,0.0
506111,12804,2025-04-27 17:45:00,Delivered,Credit Card,Mobile App,,0.0
506112,14526,2025-04-27 18:08:00,Delivered,Cash on Delivery,Mobile App,,49.0
506113,14447,2025-04-27 18:36:00,Delivered,UPI,Mobile Web,,0.0
506114,14482,2025-04-27 19:28:00,Returned,Net Banking,Mobile App,,0.0
506115,12612,2025-04-27 19:39:00,delivered ,UPI,Mobile App,,0.0
506116,14230,2025-04-27 19:41:00,Delivered,UPI,Desktop,,0.0
506117,11696,2025-04-27 20:38:00,Delivered,UPI,Mobile App,SAVE5,0.0
506118,12802,2025-04-27 21:04:00,Returned,UPI,Desktop,,49.0
506119,14517,2025-04-27 21:10:00,Delivered,Upi,Desktop,,0.0
506120,14461,2025-04-27 21:17:00,Delivered,UPI,Mobile App,WELCOME15,0.0
506121,12841,2025-04-27 21:21:00,Returned,Credit Card,Mobile Web,,0.0
506122,14057,2025-04-27 21:23:00,Delivered,UPI,Mobile App,,49.0
506123,10418,2025-04-27 21:25:00,Delivered,UPI,Mobile Web,,0.0
506124,14529,2025-04-28 08:00:00,Delivered,Cash on Delivery,Mobile App,,49.0
506125,14514,2025-04-28 11:27:00,Cancelled,Cash on Delivery,Mobile App,WELCOME15,0.0
506126,14522,2025-04-28 11:28:00,Returned,CC,Mobile Web,,0.0
506127,14516,2025-04-28 13:13:00,Delivered,UPI,Mobile Web,,0.0
506128,14479,2025-04-28 13:21:00,Delivered,Cash on Delivery,Mobile Web,WELCOME15,0.0
506129,14464,2025-04-28 13:47:00,Delivered,UPI,Mobile Web,,0.0
506130,13267,2025-04-28 14:42:00,DELIVERED,Credit Card,Mobile Web,,0.0
506131,14484,2025-04-28 15:24:00,Delivered,Net Banking,Mobile App,,0.0
506132,10590,2025-04-28 15:29:00,Returned,Credit Card,Mobile App,,0.0
506133,14511,2025-04-28 15:36:00,Delivered,UPI,Desktop,,0.0
506134,14508,2025-04-28 16:24:00,delivered ,UPI,Desktop,,0.0
506135,14375,2025-04-28 16:52:00,Delivered,UPI,Mobile App,WELCOME15,0.0
506136,14002,2025-04-28 17:39:00,Delivered,Credit Card,Mobile Web,,0.0
506137,14451,2025-04-28 18:06:00,Delivered,UPI,Mobile App,,0.0
506138,14519,2025-04-28 18:38:00,delivered ,UPI,Mobile App,SAVE5,0.0
506139,11927,2025-04-28 21:34:00,Delivered,UPI,Mobile App,,0.0
506140,13852,2025-04-28 21:41:00,DELIVERED,Credit Card,Desktop,,0.0
506141,14493,2025-04-28 21:41:00,delivered ,upi,Mobile Web,,49.0
506142,14127,2025-04-28 21:49:00,Delivered,UPI,Desktop,,0.0
506143,13414,2025-04-28 22:10:00,Delivered,Cash on Delivery,Mobile App,,0.0
506144,12703,2025-04-28 23:19:00,DELIVERED,Cash on Delivery,Mobile Web,,0.0
506145,13853,2025-04-29 07:15:00,DELIVERED,Cash on Delivery,Mobile App,,0.0
506146,14495,2025-04-29 07:23:00,Delivered,UPI,Mobile App,WELCOME15,0.0
506147,14403,2025-04-29 09:34:00,Delivered,Cash on Delivery,Mobile Web,SAVE5,0.0
506148,14200,2025-04-29 13:05:00,DELIVERED,UPI,Mobile Web,,0.0
506149,13537,2025-04-29 13:12:00,Delivered,UPI,Mobile Web,,49.0
506150,11323,2025-04-29 13:42:00,Returned,upi,Desktop,,0.0
506151,14374,2025-04-29 14:30:00,Delivered,upi,Mobile Web,,0.0
506152,14530,2025-04-29 18:38:00,Delivered,Upi,Mobile Web,WELCOME15,0.0
506153,13473,2025-04-29 21:19:00,Returned,Cash on Delivery,Desktop,,0.0
506154,14286,2025-04-29 22:46:00,Delivered,Credit Card,Mobile App,,0.0
506155,14518,2025-04-30 08:18:00,Delivered,UPI,Mobile App,WELCOME15,0.0
506156,14502,2025-04-30 08:28:00,delivered ,Debit Card,Mobile App,,0.0
506157,14252,2025-04-30 08:43:00,Delivered,Cash on Delivery,Mobile Web,,0.0
506158,14258,2025-04-30 09:28:00,Delivered,Cash on Delivery,Mobile Web,,0.0
506159,10713,2025-04-30 10:30:00,Delivered,UPI,Mobile App,,0.0
506160,14509,2025-04-30 10:44:00,Delivered,Credit Card,Mobile App,,0.0
506161,14541,2025-04-30 11:37:00,Cancelled,Upi,Mobile App,WELCOME15,0.0
506162,11859,2025-04-30 12:04:00,Delivered,Credit Card,Mobile App,,0.0
506163,14158,2025-04-30 12:39:00,Delivered,UPI,Mobile Web,,0.0
506164,14546,2025-04-30 13:17:00,Delivered,Cash on Delivery,Mobile App,,0.0
506165,12133,2025-04-30 14:27:00,Delivered,UPI,Mobile Web,SAVE5,0.0
506166,12932,2025-04-30 15:11:00,Delivered,cod,Mobile App,,0.0
506167,13216,2025-04-30 15:45:00,Delivered,Credit Card,Mobile Web,,0.0
506168,14545,2025-04-30 20:00:00,DELIVERED,UPI,Mobile Web,,0.0
506169,12575,2025-04-30 20:07:00,DELIVERED,UPI,Mobile App,SAVE5,0.0
506170,11689,2025-04-30 20:46:00,Delivered,upi,Mobile App,,0.0
506171,13501,2025-04-30 21:13:00,Delivered,Cash on Delivery,Mobile App,,0.0
506172,13515,2025-05-01 07:33:00,Delivered,Cash on Delivery,Mobile App,,0.0
506173,14562,2025-05-01 08:03:00,delivered ,UPI,Mobile App,,0.0
506174,13352,2025-05-01 08:36:00,Delivered,UPI,Mobile App,,0.0
506175,11973,2025-05-01 09:30:00,Returned,Cash on Delivery,Mobile App,SAVE5,0.0
506176,12628,2025-05-01 09:33:00,Delivered,Cash on Delivery,Desktop,SAVE5,49.0
506177,14462,2025-05-01 11:41:00,Delivered,Cash on Delivery,Mobile App,,49.0
506178,11989,2025-05-01 11:57:00,Delivered,Cash on Delivery,Mobile App,,0.0
506179,14453,2025-05-01 12:36:00,Delivered,Upi,Mobile Web,WELCOME15,0.0
506180,12989,2025-05-01 12:41:00,DELIVERED,UPI,Mobile Web,,0.0
506181,13067,2025-05-01 13:45:00,delivered ,UPI,Mobile App,,0.0
506182,14465,2025-05-01 14:14:00,Delivered,UPI,Desktop,,0.0
506183,14118,2025-05-01 14:35:00,DELIVERED,UPI,Mobile App,,0.0
506184,14564,2025-05-01 14:52:00,Delivered,Cash on Delivery,Mobile App,,0.0
506185,14522,2025-05-01 16:05:00,Delivered,upi,Mobile Web,,0.0
506186,14547,2025-05-01 20:10:00,Delivered,UPI,Mobile Web,WELCOME15,0.0
506187,14494,2025-05-01 20:48:00,Delivered,Credit Card,Mobile App,,0.0
506188,14505,2025-05-01 21:22:00,DELIVERED,UPI,Mobile App,,0.0
506189,14162,2025-05-01 21:22:00,Delivered,UPI,Desktop,,0.0
506190,14552,2025-05-01 22:21:00,delivered ,CC,Mobile App,WELCOME15,0.0
506191,11775,2025-05-01 22:59:00,delivered ,UPI,Mobile Web,,0.0
506192,14513,2025-05-01 23:36:00,Delivered,Credit Card,Desktop,,49.0
506193,11034,2025-05-01 23:46:00,delivered ,Credit Card,Mobile App,,0.0
506194,14532,2025-05-02 07:05:00,Delivered,UPI,Mobile App,,0.0
506195,12572,2025-05-02 07:53:00,Delivered,UPI,Mobile Web,,0.0
506196,14571,2025-05-02 08:19:00,returned ,Cash on Delivery,Mobile App,WELCOME15,0.0
506197,14471,2025-05-02 08:52:00,Delivered,UPI,Mobile App,,0.0
506198,13260,2025-05-02 09:12:00,Delivered,UPI,Mobile App,,0.0
506199,14582,2025-05-02 09:14:00,delivered ,UPI,Mobile Web,,0.0
506200,14014,2025-05-02 09:33:00,Cancelled,Net Banking,Mobile App,,0.0
506201,14501,2025-05-02 10:40:00,Delivered,upi,Mobile Web,SAVE5,0.0
506202,13361,2025-05-02 11:05:00,Cancelled,UPI,Desktop,,0.0
506203,14056,2025-05-02 12:45:00,Delivered,Cash On Delivery,Mobile App,,0.0
506204,10951,2025-05-02 13:22:00,Delivered,UPI,Mobile App,,0.0
506205,14557,2025-05-02 14:01:00,Delivered,UPI,Mobile Web,WELCOME15,49.0
506206,11115,2025-05-02 15:26:00,Delivered,cod,Mobile Web,,49.0
506207,14555,2025-05-02 16:03:00,delivered ,Debit Card,Mobile Web,,0.0
506208,12368,2025-05-02 16:53:00,Delivered,upi,Mobile App,,0.0
506209,12808,2025-05-02 20:28:00,Delivered,UPI,Mobile App,,0.0
506210,14575,2025-05-02 21:19:00,Returned,Cash on Delivery,Mobile App,,0.0
506211,12943,2025-05-02 21:42:00,Returned,Credit Card,Mobile App,,49.0
506212,14568,2025-05-02 22:48:00,Delivered,Cash on Delivery,Mobile App,WELCOME15,0.0
506213,13689,2025-05-03 08:14:00,Delivered,Upi,Desktop,,0.0
506214,12809,2025-05-03 08:30:00,Returned,UPI,Mobile App,SAVE5,0.0
506215,13218,2025-05-03 08:45:00,Delivered,UPI,Mobile Web,,0.0
506216,14393,2025-05-03 09:00:00,DELIVERED,UPI,Mobile App,,0.0
506217,14509,2025-05-03 09:48:00,Delivered,UPI,Desktop,,0.0
506218,11411,2025-05-03 09:59:00,Delivered,Cash on Delivery,Mobile App,,49.0
506219,13666,2025-05-03 10:02:00,DELIVERED,cod,Mobile Web,,0.0
506220,14558,2025-05-03 11:17:00,Delivered,Cash on Delivery,Desktop,,0.0
506221,14468,2025-05-03 11:21:00,DELIVERED,DC,Mobile App,,0.0
506222,13868,2025-05-03 12:01:00,Delivered,Credit Card,Mobile Web,,49.0
506223,14533,2025-05-03 12:38:00,delivered ,Credit Card,Mobile Web,,0.0
506224,14563,2025-05-03 13:03:00,RETURNED,UPI,Mobile App,,0.0
506225,14581,2025-05-03 14:41:00,Delivered,Cash on Delivery,Mobile Web,WELCOME15,49.0
506226,14576,2025-05-03 16:35:00,DELIVERED,Cash on Delivery,Mobile App,,0.0
506226,14576,2025-05-03 16:35:00,DELIVERED,Cash on Delivery,Mobile App,,0.0
506227,14420,2025-05-03 17:45:00,Delivered,UPI,Mobile App,SAVE5,0.0
506228,14467,2025-05-03 18:28:00,Delivered,UPI,Mobile App,WELCOME15,0.0
506229,12742,2025-05-03 20:33:00,Returned,DC,Mobile Web,,0.0
506230,14540,2025-05-03 21:26:00,Cancelled,Cash on Delivery,Mobile Web,,0.0
506231,13810,2025-05-03 21:40:00,DELIVERED,Debit Card,Mobile Web,,0.0
506232,14590,2025-05-03 21:56:00,Returned,Cash on Delivery,Mobile Web,,0.0
506233,11419,2025-05-03 22:05:00,Delivered,Upi,Mobile App,,49.0
506234,14592,2025-05-03 23:20:00,returned ,Debit Card,Mobile App,WELCOME15,0.0
506235,14586,2025-05-04 07:59:00,Delivered,upi,Desktop,WELCOME15,0.0
506236,14573,2025-05-04 08:06:00,Delivered,UPI,Mobile Web,,0.0
506237,10015,2025-05-04 09:12:00,DELIVERED,UPI,Desktop,SAVE5,0.0
506238,14536,2025-05-04 11:05:00,Delivered,UPI,Mobile Web,,0.0
506239,14602,2025-05-04 13:06:00,delivered ,UPI,Mobile App,,0.0
506240,13479,2025-05-04 13:16:00,Delivered,Credit Card,Mobile App,,0.0
506241,12681,2025-05-04 13:26:00,Delivered,UPI,Mobile App,SAVE5,0.0
506242,13719,2025-05-04 13:57:00,Delivered,UPI,Mobile App,,0.0
506243,14548,2025-05-04 15:39:00,Delivered,Credit Card,Desktop,,0.0
506244,14598,2025-05-04 16:17:00,Delivered,Cash on Delivery,Desktop,,0.0
506245,12989,2025-05-04 16:53:00,Delivered,Cash on Delivery,Mobile Web,,0.0
506246,14458,2025-05-04 17:46:00,delivered ,Credit Card,Mobile Web,WELCOME15,0.0
506247,14506,2025-05-04 18:22:00,Delivered,Net Banking,Mobile Web,WELCOME15,49.0
506248,14515,2025-05-04 18:37:00,Delivered,Upi,Mobile App,WELCOME15,0.0
506248,14515,2025-05-04 18:37:00,Delivered,Upi,Mobile App,WELCOME15,0.0
506249,13306,2025-05-04 19:25:00,DELIVERED,Credit Card,Mobile Web,,0.0
506250,14560,2025-05-04 20:33:00,RETURNED,Credit Card,Desktop,WELCOME15,0.0
506251,14281,2025-05-04 21:02:00,Delivered,UPI,Mobile App,,0.0
506252,14258,2025-05-04 21:25:00,Delivered,Credit Card,Mobile Web,,0.0
506253,14566,2025-05-04 22:14:00,Delivered,COD,Mobile App,WELCOME15,0.0
506254,12296,2025-05-04 22:56:00,delivered ,Cash on Delivery,Mobile Web,,0.0
506255,14554,2025-05-05 07:32:00,Delivered,Net Banking,Desktop,SAVE5,0.0
506256,14084,2025-05-05 10:29:00,DELIVERED,UPI,Mobile App,,0.0
506257,14445,2025-05-05 11:33:00,Delivered,Debit Card,Mobile Web,,49.0
506258,14214,2025-05-05 12:11:00,Delivered,Upi,Desktop,SAVE5,0.0
506259,14389,2025-05-05 12:55:00,Delivered,Debit Card,Mobile Web,WELCOME15,0.0
506260,13589,2025-05-05 13:08:00,Cancelled,Debit Card,Mobile App,,0.0
506261,11696,2025-05-05 14:57:00,Returned,UPI,Mobile Web,,0.0
506262,11246,2025-05-05 15:06:00,Delivered,Net Banking,Desktop,,0.0
506263,14532,2025-05-05 19:07:00,Delivered,Cash on Delivery,Mobile Web,,0.0
506264,14589,2025-05-05 23:10:00,DELIVERED,upi,Desktop,,0.0
506265,14553,2025-05-06 08:46:00,Delivered,UPI,Mobile App,,0.0
506266,13908,2025-05-06 10:05:00,DELIVERED,UPI,Desktop,,0.0
506267,14478,2025-05-06 10:07:00,Delivered,Debit Card,Mobile Web,WELCOME15,0.0
506268,14588,2025-05-06 10:16:00,Cancelled,upi,Mobile Web,,0.0
506269,10475,2025-05-06 10:22:00,DELIVERED,Net Banking,Desktop,,49.0
506270,13190,2025-05-06 11:36:00,Returned,UPI,Mobile App,,0.0
506271,14618,2025-05-06 11:59:00,Delivered,Upi,Mobile App,,0.0
506272,12899,2025-05-06 12:41:00,Delivered,Debit Card,Mobile Web,,0.0
506273,14380,2025-05-06 14:09:00,delivered ,Credit Card,Mobile Web,,0.0
506274,11705,2025-05-06 15:14:00,Delivered,credit card,Desktop,,0.0
506275,13620,2025-05-06 15:46:00,Delivered,Debit Card,Mobile App,,0.0
506276,10582,2025-05-06 17:50:00,DELIVERED,Cash On Delivery,Desktop,SAVE5,0.0
506277,14595,2025-05-06 17:52:00,Delivered,Upi,Mobile Web,WELCOME15,0.0
506278,14615,2025-05-06 18:12:00,Delivered,UPI,Mobile App,,0.0
506279,14491,2025-05-06 18:23:00,DELIVERED,UPI,Desktop,WELCOME15,49.0
506280,10075,2025-05-06 19:00:00,Delivered,UPI,Desktop,,0.0
506281,14294,2025-05-06 19:55:00,Delivered,Credit Card,Mobile Web,,0.0
506282,11852,2025-05-06 20:39:00,Delivered,UPI,Mobile App,,0.0
506283,12804,2025-05-06 20:42:00,delivered ,Debit Card,Mobile App,,0.0
506284,12076,2025-05-06 21:26:00,Delivered,UPI,Mobile Web,,0.0
506285,12873,2025-05-06 22:48:00,Delivered,Cash on Delivery,Mobile App,,0.0
506286,14594,2025-05-06 22:53:00,Cancelled,COD,Mobile App,,0.0
506287,14605,2025-05-07 08:46:00,Delivered,Credit Card,Desktop,,49.0
506288,11466,2025-05-07 11:25:00,Delivered,UPI,Desktop,,0.0
506289,13987,2025-05-07 11:51:00,Delivered,Cash On Delivery,Mobile Web,,0.0
506290,14134,2025-05-07 12:14:00,Delivered,UPI,Mobile App,,0.0
506291,14061,2025-05-07 12:14:00,Delivered,UPI,Mobile App,,0.0
506292,12960,2025-05-07 12:40:00,Delivered,Credit Card,Desktop,,0.0
506293,14622,2025-05-07 13:37:00,Delivered,Credit Card,Mobile App,WELCOME15,0.0
506294,12978,2025-05-07 14:39:00,Delivered,UPI,Mobile App,,0.0
506295,14600,2025-05-07 15:20:00,Cancelled,Cash On Delivery,Mobile App,WELCOME15,0.0
506296,14475,2025-05-07 15:29:00,Delivered,Cash on Delivery,Mobile App,WELCOME15,0.0
506297,13284,2025-05-07 15:33:00,Delivered,COD,Mobile App,,0.0
506298,14614,2025-05-07 16:34:00,Delivered,UPI,Mobile App,WELCOME15,0.0
506299,14630,2025-05-07 17:28:00,delivered ,Credit Card,Mobile App,,0.0
506300,14572,2025-05-07 18:18:00,Delivered,UPI,Desktop,WELCOME15,0.0
506301,14578,2025-05-07 18:46:00,Returned,Debit Card,Mobile Web,,0.0
506302,14556,2025-05-07 20:44:00,Delivered,UPI,Mobile App,,0.0
506303,13490,2025-05-07 20:48:00,DELIVERED,Cash on Delivery,Desktop,,0.0
506304,12849,2025-05-07 21:40:00,Delivered,UPI,Mobile App,,0.0
506305,14612,2025-05-08 07:33:00,delivered ,upi,Mobile App,WELCOME15,0.0
506306,13943,2025-05-08 10:08:00,Delivered,UPI,Desktop,,0.0
506307,13661,2025-05-08 12:11:00,delivered ,UPI,Mobile Web,,0.0
506308,12559,2025-05-08 13:49:00,delivered ,upi,Desktop,,0.0
506309,14596,2025-05-08 14:27:00,Delivered,UPI,Mobile Web,WELCOME15,49.0
506310,10961,2025-05-08 15:03:00,Delivered,Credit Card,Mobile App,SAVE5,0.0
506311,14534,2025-05-08 19:04:00,Delivered,Cash on Delivery,Mobile App,,0.0
506312,14628,2025-05-08 19:50:00,Delivered,Credit Card,Mobile App,,0.0
506313,14577,2025-05-08 20:21:00,Cancelled,Cash on Delivery,Mobile App,WELCOME15,49.0
506314,14591,2025-05-08 21:22:00,Delivered,UPI,Desktop,,0.0
506315,14633,2025-05-08 21:45:00,Delivered,upi,Mobile Web,,0.0
506316,14606,2025-05-09 09:48:00,Cancelled,Debit Card,Mobile App,,0.0
506317,14651,2025-05-09 10:58:00,DELIVERED,Cash On Delivery,Mobile App,WELCOME15,0.0
506318,14485,2025-05-09 15:09:00,RETURNED,UPI,Mobile App,,0.0
506319,13378,2025-05-09 15:34:00,CANCELLED,Debit Card,Mobile App,,0.0
506320,12227,2025-05-09 16:58:00,Delivered,Upi,Mobile Web,,0.0
506321,14473,2025-05-09 18:07:00,Returned,UPI,Mobile Web,WELCOME15,0.0
506322,14652,2025-05-09 18:08:00,Delivered,UPI,Mobile App,WELCOME15,0.0
506323,14599,2025-05-09 19:47:00,DELIVERED,Cash on Delivery,Mobile App,WELCOME15,0.0
506324,13891,2025-05-09 21:00:00,delivered ,Credit Card,Mobile Web,,0.0
506325,14234,2025-05-09 22:09:00,Delivered,UPI,Mobile App,,0.0
506326,14619,2025-05-10 07:04:00,delivered ,UPI,Mobile App,,0.0
506327,14645,2025-05-10 07:10:00,DELIVERED,upi,Mobile Web,SAVE5,0.0
506328,14673,2025-05-10 07:47:00,Delivered,UPI,Mobile App,WELCOME15,0.0
506329,14029,2025-05-10 09:08:00,Cancelled,Cash on Delivery,Mobile App,,0.0
506330,14597,2025-05-10 09:31:00,Delivered,upi,Mobile App,,0.0
506331,13883,2025-05-10 09:56:00,delivered ,Credit Card,Mobile App,SAVE5,0.0
506332,14639,2025-05-10 10:26:00,Delivered,UPI,Mobile App,WELCOME15,0.0
506333,14620,2025-05-10 10:40:00,Delivered,Debit Card,Mobile App,WELCOME15,0.0
506334,14638,2025-05-10 14:12:00,Delivered,debit card,Mobile App,,0.0
506335,14629,2025-05-10 14:42:00,Delivered,Debit Card,Mobile App,WELCOME15,0.0
506336,14666,2025-05-10 14:59:00,Delivered,Cash on Delivery,Mobile Web,WELCOME15,0.0
506337,14617,2025-05-10 15:24:00,Cancelled,Net Banking,Mobile App,,0.0
506338,13842,2025-05-10 17:40:00,returned ,Cash on Delivery,Mobile App,,0.0
506339,14142,2025-05-10 19:35:00,Delivered,Cash on Delivery,Mobile App,,0.0
506340,14064,2025-05-10 20:18:00,Delivered,Credit Card,Mobile Web,,0.0
506341,14646,2025-05-10 22:13:00,Delivered,UPI,Mobile App,,0.0
506342,13348,2025-05-10 23:11:00,DELIVERED,UPI,Mobile Web,,0.0
506343,14205,2025-05-11 07:13:00,Returned,Debit Card,Mobile Web,,0.0
506344,12527,2025-05-11 10:09:00,Delivered,credit card,Mobile App,SAVE5,0.0
506345,14641,2025-05-11 10:38:00,Delivered,UPI,Mobile App,,0.0
506346,13972,2025-05-11 10:42:00,Delivered,Cash On Delivery,Mobile Web,,0.0
506347,14682,2025-05-11 11:15:00,Delivered,CC,Mobile Web,,0.0
506348,13960,2025-05-11 14:05:00,Returned,upi,Mobile App,,49.0
506349,14469,2025-05-11 14:41:00,Delivered,Cash on Delivery,Mobile Web,,0.0
506350,14416,2025-05-11 15:02:00,Delivered,Upi,Mobile App,WELCOME15,0.0
506351,14669,2025-05-11 17:45:00,Delivered,Debit Card,Mobile App,WELCOME15,0.0
506352,14648,2025-05-11 18:23:00,DELIVERED,UPI,Desktop,,0.0
506353,12627,2025-05-11 18:42:00,Delivered,UPI,Mobile Web,,0.0
506354,14661,2025-05-11 20:36:00,Delivered,Debit Card,Mobile Web,,0.0
506355,14640,2025-05-11 20:41:00,Delivered,UPI,Mobile App,,0.0
506356,14670,2025-05-11 20:42:00,delivered ,UPI,Mobile App,WELCOME15,0.0
506357,12952,2025-05-11 21:14:00,Delivered,credit card,Mobile Web,,0.0
506358,14539,2025-05-11 21:47:00,Delivered,Cash on Delivery,Mobile App,,0.0
506359,11712,2025-05-11 22:03:00,Delivered,Credit Card,Mobile App,,0.0
506360,14681,2025-05-12 07:00:00,Delivered,Credit Card,Mobile Web,,0.0
506361,14608,2025-05-12 07:35:00,delivered ,Net Banking,Mobile Web,,0.0
506362,14528,2025-05-12 07:49:00,Delivered,UPI,Desktop,,0.0
506363,14533,2025-05-12 08:49:00,Delivered,Credit Card,Mobile Web,,49.0
506364,11463,2025-05-12 09:40:00,Delivered,Cash on Delivery,Desktop,,0.0
506365,14435,2025-05-12 10:35:00,DELIVERED,credit card,Mobile App,,0.0
506366,14583,2025-05-12 12:11:00,Delivered,Upi,Desktop,WELCOME15,0.0
506367,14662,2025-05-12 12:26:00,Delivered,Cash on Delivery,Mobile App,,0.0
506368,12914,2025-05-12 12:28:00,Delivered,Net Banking,Mobile App,,0.0
506369,14471,2025-05-12 13:21:00,Delivered,Debit Card,Mobile Web,,0.0
506370,14247,2025-05-12 14:03:00,Delivered,UPI,Mobile App,,0.0
506371,14649,2025-05-12 15:50:00,Delivered,credit card,Desktop,SAVE5,0.0
506372,14699,2025-05-12 17:13:00,DELIVERED,Net Banking,Desktop,WELCOME15,49.0
506373,10409,2025-05-12 17:54:00,Delivered,UPI,Mobile App,,0.0
506374,12631,2025-05-12 18:15:00,CANCELLED,Upi,Mobile App,SAVE5,0.0
506375,14650,2025-05-12 19:46:00,Delivered,Credit Card,Mobile App,SAVE5,0.0
506376,14667,2025-05-12 20:21:00,Delivered,Cash On Delivery,Mobile Web,,0.0
506377,14672,2025-05-12 20:52:00,Delivered,UPI,Mobile App,,0.0
506378,14680,2025-05-12 21:02:00,Delivered,UPI,Mobile App,,0.0
506379,14269,2025-05-12 21:08:00,Delivered,upi,Mobile App,,0.0
506380,14690,2025-05-12 21:11:00,Returned,Cash on Delivery,Mobile App,WELCOME15,0.0
506381,14551,2025-05-12 21:43:00,Delivered,UPI,Mobile Web,WELCOME15,0.0
506382,12768,2025-05-12 22:00:00,Delivered,UPI,Mobile Web,,0.0
506383,14610,2025-05-12 22:07:00,Delivered,UPI,Desktop,,0.0
506384,13006,2025-05-12 23:03:00,Delivered,Cash on Delivery,Mobile Web,,0.0
506385,12634,2025-05-12 23:36:00,delivered ,UPI,Mobile App,,0.0
506386,14660,2025-05-12 23:37:00,Delivered,Debit Card,Desktop,WELCOME15,0.0
506387,14691,2025-05-12 23:50:00,Returned,UPI,Mobile App,WELCOME15,0.0
506388,10345,2025-05-13 07:34:00,DELIVERED,Cash on Delivery,Mobile App,,0.0
506389,14709,2025-05-13 08:03:00,DELIVERED,Credit Card,Mobile Web,WELCOME15,0.0
506390,13831,2025-05-13 09:02:00,delivered ,Credit Card,Mobile Web,,0.0
506391,14678,2025-05-13 09:46:00,Delivered,UPI,Mobile App,WELCOME15,0.0
506392,13695,2025-05-13 09:48:00,Delivered,UPI,Mobile Web,,0.0
506393,13080,2025-05-13 10:26:00,Delivered,Credit Card,Desktop,,49.0
506394,14635,2025-05-13 11:14:00,Delivered,UPI,Mobile App,WELCOME15,0.0
506394,14635,2025-05-13 11:14:00,Delivered,UPI,Mobile App,WELCOME15,0.0
506395,12568,2025-05-13 11:35:00,Delivered,UPI,Mobile Web,,0.0
506396,13523,2025-05-13 11:37:00,Delivered,UPI,Mobile App,SAVE5,0.0
506397,14706,2025-05-13 12:22:00,Delivered,Cash on Delivery,Desktop,,0.0
506398,14357,2025-05-13 13:03:00,DELIVERED,UPI,Mobile Web,,0.0
506399,14700,2025-05-13 13:29:00,DELIVERED,Cash On Delivery,Mobile App,WELCOME15,0.0
506400,13295,2025-05-13 14:37:00,Delivered,UPI,Desktop,SAVE5,0.0
506401,12829,2025-05-13 15:40:00,Delivered,UPI,Mobile App,,0.0
506402,11063,2025-05-13 16:04:00,Delivered,Credit Card,Desktop,,0.0
506403,14643,2025-05-13 16:43:00,Delivered,Debit Card,Mobile Web,WELCOME15,0.0
506404,14692,2025-05-13 18:02:00,Returned,Cash on Delivery,Mobile Web,,0.0
506405,14710,2025-05-13 19:27:00,DELIVERED,UPI,Mobile App,SAVE5,0.0
506406,12443,2025-05-13 21:30:00,DELIVERED,Credit Card,Desktop,,0.0
506407,12606,2025-05-14 09:02:00,Delivered,Upi,Mobile Web,,0.0
506408,11468,2025-05-14 10:18:00,DELIVERED,UPI,Mobile Web,,0.0
506409,13730,2025-05-14 10:44:00,Delivered,Cash on Delivery,Mobile App,,0.0
506410,14525,2025-05-14 12:06:00,delivered ,UPI,Mobile App,WELCOME15,0.0
506411,13659,2025-05-14 15:23:00,Delivered,UPI,Mobile App,,0.0
506412,14724,2025-05-14 15:47:00,Delivered,Cash on Delivery,Mobile Web,,0.0
506413,14695,2025-05-14 17:02:00,DELIVERED,UPI,Mobile App,WELCOME15,0.0
506414,13259,2025-05-14 18:12:00,Returned,Cash on Delivery,Mobile App,,0.0
506415,12061,2025-05-14 18:38:00,Delivered,UPI,Mobile App,,0.0
506416,12640,2025-05-14 21:37:00,Delivered,Cash on Delivery,Mobile App,,0.0
506417,11034,2025-05-14 21:55:00,DELIVERED,UPI,Mobile App,,0.0
506418,14675,2025-05-14 22:32:00,delivered ,UPI,Mobile Web,,0.0
506419,14663,2025-05-14 22:42:00,Delivered,UPI,Desktop,WELCOME15,49.0
506420,14654,2025-05-14 23:30:00,Delivered,Cash on Delivery,Desktop,,0.0
506421,14689,2025-05-15 07:48:00,Delivered,Net Banking,Mobile Web,,0.0
506422,12663,2025-05-15 08:15:00,Delivered,DC,Mobile App,,0.0
506423,14143,2025-05-15 08:51:00,Delivered,Debit Card,Mobile Web,,0.0
506424,14534,2025-05-15 09:29:00,Delivered,UPI,Mobile App,,0.0
506425,14590,2025-05-15 10:00:00,Delivered,Cash on Delivery,Mobile App,,0.0
506426,14625,2025-05-15 10:55:00,DELIVERED,UPI,Mobile Web,WELCOME15,0.0
506427,14696,2025-05-15 11:57:00,Delivered,Credit Card,Mobile App,WELCOME15,0.0
506428,14684,2025-05-15 12:57:00,delivered ,Debit Card,Mobile Web,,0.0
506429,14738,2025-05-15 16:42:00,DELIVERED,CC,Mobile Web,WELCOME15,0.0
506430,13796,2025-05-15 17:13:00,Delivered,UPI,Desktop,,0.0
506431,12446,2025-05-15 18:11:00,Cancelled,Net Banking,Mobile App,,0.0
506432,14740,2025-05-15 18:46:00,Delivered,debit card,Mobile App,,0.0
506433,14723,2025-05-15 18:48:00,Delivered,UPI,Mobile Web,SAVE5,0.0
506434,14637,2025-05-15 18:52:00,Cancelled,UPI,Mobile App,,0.0
506435,14731,2025-05-15 19:17:00,Delivered,Cash on Delivery,Mobile App,WELCOME15,0.0
506436,14027,2025-05-15 20:46:00,Returned,UPI,Desktop,,0.0
506437,14026,2025-05-15 22:13:00,DELIVERED,Cash on Delivery,Desktop,,0.0
506438,14415,2025-05-15 22:20:00,Delivered,UPI,Mobile App,,0.0
506439,14685,2025-05-15 22:32:00,Delivered,Cash on Delivery,Mobile App,,0.0
506440,13391,2025-05-16 07:04:00,Cancelled,Credit Card,Mobile App,,0.0
506441,14704,2025-05-16 08:45:00,Delivered,UPI,Desktop,,0.0
506442,13896,2025-05-16 09:35:00,Delivered,Debit Card,Mobile App,,0.0
506443,14751,2025-05-16 09:45:00,Delivered,UPI,Mobile App,,0.0
506444,14705,2025-05-16 10:52:00,Delivered,Upi,Mobile Web,WELCOME15,0.0
506445,14598,2025-05-16 11:09:00,Delivered,UPI,Mobile Web,,0.0
506446,14677,2025-05-16 11:20:00,Delivered,cod,Mobile Web,WELCOME15,0.0
506447,14742,2025-05-16 12:24:00,Delivered,Upi,Mobile App,,0.0
506448,14702,2025-05-16 12:45:00,Delivered,Credit Card,Desktop,WELCOME15,0.0
506449,13636,2025-05-16 13:27:00,Delivered,CC,Desktop,,0.0
506450,11960,2025-05-16 13:41:00,Returned,Upi,Desktop,SAVE5,0.0
506451,14005,2025-05-16 13:54:00,delivered ,Cash on Delivery,Mobile Web,,0.0
506452,12141,2025-05-16 13:57:00,delivered ,Debit Card,Mobile Web,,0.0
506453,14686,2025-05-16 15:08:00,Delivered,UPI,Desktop,,0.0
506454,14644,2025-05-16 16:05:00,Delivered,UPI,Mobile App,,0.0
506455,14713,2025-05-16 16:36:00,Delivered,Upi,Mobile Web,WELCOME15,0.0
506456,14752,2025-05-16 17:08:00,Delivered,Upi,Mobile App,WELCOME15,0.0
506457,14235,2025-05-16 17:18:00,Delivered,COD,Mobile App,,0.0
506458,14745,2025-05-16 17:24:00,Delivered,UPI,Mobile App,WELCOME15,0.0
506459,14711,2025-05-16 17:28:00,Delivered,Upi,Mobile App,SAVE5,0.0
506460,14657,2025-05-16 17:46:00,Delivered,Cash on Delivery,Mobile App,,0.0
506461,14750,2025-05-16 17:52:00,Delivered,UPI,Desktop,,49.0
506462,14540,2025-05-16 19:12:00,Delivered,upi,Mobile Web,,0.0
506463,14587,2025-05-16 20:13:00,DELIVERED,UPI,Mobile App,WELCOME15,0.0
506464,14720,2025-05-16 21:16:00,Delivered,Credit Card,Mobile App,,0.0
506465,10744,2025-05-16 21:57:00,Cancelled,Cash on Delivery,Mobile Web,SAVE5,0.0
506466,11890,2025-05-16 22:12:00,DELIVERED,Upi,Mobile App,,0.0
506467,14721,2025-05-16 23:08:00,DELIVERED,Upi,Mobile App,WELCOME15,49.0
506468,14595,2025-05-16 23:18:00,Delivered,UPI,Mobile Web,,0.0
506469,14659,2025-05-16 23:35:00,delivered ,UPI,Desktop,WELCOME15,0.0
506470,14683,2025-05-16 23:44:00,Delivered,UPI,Mobile Web,,0.0
506471,14717,2025-05-17 08:19:00,Delivered,UPI,Mobile App,WELCOME15,0.0
506472,13049,2025-05-17 10:09:00,Delivered,Upi,Mobile Web,,0.0
506473,11437,2025-05-17 10:26:00,DELIVERED,Credit Card,Mobile App,,0.0
506474,13025,2025-05-17 10:45:00,Delivered,UPI,Mobile App,,49.0
506475,11452,2025-05-17 12:09:00,Delivered,Credit Card,Desktop,,0.0
506476,13531,2025-05-17 15:22:00,Delivered,Credit Card,Mobile App,,0.0
506477,14031,2025-05-17 15:34:00,Delivered,UPI,Mobile Web,,0.0
506478,10475,2025-05-17 18:05:00,Returned,UPI,Mobile Web,,0.0
506479,10345,2025-05-17 18:41:00,Returned,Upi,Mobile App,,0.0
506480,13089,2025-05-17 19:03:00,Delivered,UPI,Mobile App,,0.0
506481,14634,2025-05-17 21:07:00,Delivered,UPI,Mobile App,,0.0
506482,14358,2025-05-17 21:46:00,Delivered,cod,Mobile App,SAVE5,0.0
506483,13907,2025-05-17 21:54:00,Delivered,Cash on Delivery,Mobile Web,,0.0
506484,14762,2025-05-17 22:57:00,DELIVERED,UPI,Desktop,WELCOME15,0.0
506485,14712,2025-05-17 23:35:00,Delivered,Credit Card,Mobile Web,WELCOME15,0.0
506486,14776,2025-05-18 10:17:00,delivered ,Credit Card,Mobile App,,0.0
506487,14715,2025-05-18 10:54:00,Delivered,UPI,Mobile App,WELCOME15,0.0
506488,12731,2025-05-18 12:44:00,Delivered,UPI,Mobile App,,0.0
506489,12806,2025-05-18 13:09:00,delivered ,UPI,Mobile Web,,0.0
506490,14741,2025-05-18 14:47:00,cancelled ,Cash on Delivery,Mobile Web,WELCOME15,0.0
506491,10836,2025-05-18 15:44:00,Delivered,upi,Mobile Web,,0.0
506492,14158,2025-05-18 16:36:00,DELIVERED,credit card,Mobile Web,,0.0
506493,14774,2025-05-18 18:56:00,Returned,upi,Mobile App,WELCOME15,49.0
506494,14733,2025-05-18 19:44:00,Delivered,UPI,Mobile App,,0.0
506495,14519,2025-05-18 20:03:00,Delivered,Credit Card,Mobile App,,49.0
506496,14703,2025-05-18 20:14:00,Delivered,Net Banking,Mobile Web,WELCOME15,0.0
506497,14671,2025-05-18 23:25:00,Delivered,DC,Desktop,,0.0
506498,13695,2025-05-18 23:30:00,Delivered,upi,Mobile App,,0.0
506499,10458,2025-05-18 23:43:00,Delivered,UPI,Mobile Web,,49.0
506500,14032,2025-05-19 08:08:00,DELIVERED,Credit Card,Mobile App,SAVE5,0.0
506501,14340,2025-05-19 08:39:00,Delivered,UPI,Desktop,,0.0
506502,14755,2025-05-19 10:06:00,Delivered,UPI,Mobile App,WELCOME15,0.0
506503,14777,2025-05-19 10:44:00,Delivered,Debit Card,Mobile App,,0.0
506504,14790,2025-05-19 11:33:00,Delivered,UPI,Desktop,,0.0
506505,10275,2025-05-19 12:04:00,Delivered,CC,Mobile Web,,0.0
506506,13792,2025-05-19 12:29:00,Delivered,UPI,Mobile App,,0.0
506507,14759,2025-05-19 12:29:00,Cancelled,Cash on Delivery,Mobile App,WELCOME15,0.0
506508,10615,2025-05-19 13:36:00,Returned,UPI,Mobile App,,0.0
506509,11129,2025-05-19 15:00:00,Returned,Upi,Mobile App,,0.0
506510,14781,2025-05-19 16:29:00,DELIVERED,UPI,Mobile App,,0.0
506511,11034,2025-05-19 17:03:00,Delivered,Credit Card,Desktop,,0.0
506512,14707,2025-05-19 18:30:00,DELIVERED,UPI,Mobile Web,WELCOME15,0.0
506513,13400,2025-05-19 19:29:00,Delivered,Cash on Delivery,Desktop,,0.0
506514,14789,2025-05-19 19:36:00,Delivered,cod,Mobile App,WELCOME15,0.0
506515,14658,2025-05-19 19:49:00,Delivered,Credit Card,Mobile App,WELCOME15,0.0
506516,11960,2025-05-19 20:03:00,Delivered,UPI,Desktop,,0.0
506517,14627,2025-05-19 20:16:00,cancelled ,UPI,Mobile App,WELCOME15,0.0
506518,10075,2025-05-19 21:25:00,Delivered,Cash on Delivery,Mobile App,,0.0
506519,14785,2025-05-19 21:32:00,Delivered,Credit Card,Mobile Web,,0.0
506520,14769,2025-05-19 21:48:00,Delivered,UPI,Mobile App,,0.0
506521,14765,2025-05-19 21:59:00,DELIVERED,Cash on Delivery,Mobile App,,0.0
506522,13512,2025-05-19 22:54:00,Delivered,upi,Mobile App,,0.0
506522,13512,2025-05-19 22:54:00,Delivered,upi,Mobile App,,0.0
506523,13586,2025-05-20 07:33:00,Delivered,UPI,Desktop,,0.0
506524,14766,2025-05-20 08:56:00,Delivered,Debit Card,Mobile App,,0.0
506525,14802,2025-05-20 09:07:00,Delivered,Cash on Delivery,Mobile App,,0.0
506526,14798,2025-05-20 09:07:00,Delivered,Cash on Delivery,Mobile Web,WELCOME15,0.0
506527,14655,2025-05-20 10:34:00,Delivered,Net Banking,Mobile Web,,0.0
506528,11573,2025-05-20 10:46:00,Delivered,UPI,Desktop,,0.0
506529,13002,2025-05-20 10:55:00,DELIVERED,UPI,Mobile Web,,0.0
506530,14000,2025-05-20 11:10:00,Delivered,UPI,Mobile Web,,0.0
506531,11438,2025-05-20 12:57:00,DELIVERED,Cash on Delivery,Mobile App,,49.0
506532,14763,2025-05-20 13:21:00,Delivered,Debit Card,Desktop,SAVE5,0.0
506533,14754,2025-05-20 13:54:00,Cancelled,credit card,Desktop,WELCOME15,0.0
506534,14773,2025-05-20 14:23:00,Delivered,UPI,Mobile Web,,0.0
506535,14782,2025-05-20 15:11:00,Delivered,UPI,Mobile App,WELCOME15,0.0
506536,14664,2025-05-20 15:25:00,Delivered,Credit Card,Mobile App,,0.0
506537,14700,2025-05-20 15:40:00,Returned,Debit Card,Desktop,,0.0
506538,11511,2025-05-20 16:06:00,Delivered,UPI,Mobile App,,0.0
506539,14779,2025-05-20 16:31:00,Delivered,UPI,Mobile Web,,0.0
506540,14739,2025-05-20 17:11:00,DELIVERED,Net Banking,Desktop,,0.0
506541,14305,2025-05-20 17:23:00,Delivered,Credit Card,Mobile App,,0.0
506542,14784,2025-05-20 17:27:00,Delivered,UPI,Mobile Web,,0.0
506543,12481,2025-05-20 18:04:00,Delivered,Cash on Delivery,Mobile App,,49.0
506544,13848,2025-05-20 18:56:00,Delivered,UPI,Mobile App,,0.0
506545,14801,2025-05-20 19:52:00,Delivered,UPI,Desktop,WELCOME15,0.0
506546,14770,2025-05-20 20:41:00,Delivered,CC,Mobile Web,WELCOME15,0.0
506547,14757,2025-05-20 21:54:00,Delivered,DC,Desktop,SAVE5,0.0
506548,14637,2025-05-20 22:12:00,Delivered,UPI,Mobile App,,49.0
506549,14795,2025-05-21 07:08:00,Delivered,UPI,Desktop,WELCOME15,0.0
506550,14783,2025-05-21 07:45:00,Delivered,UPI,Mobile App,,0.0
506551,13385,2025-05-21 08:21:00,Delivered,Cash on Delivery,Mobile Web,,0.0
506552,13887,2025-05-21 09:29:00,Delivered,UPI,Mobile App,,49.0
506553,14692,2025-05-21 10:38:00,Delivered,UPI,Mobile App,SAVE5,0.0
506554,14723,2025-05-21 10:53:00,DELIVERED,UPI,Mobile App,,0.0
506555,14791,2025-05-21 11:09:00,Delivered,UPI,Mobile App,WELCOME15,0.0
506556,14792,2025-05-21 11:15:00,RETURNED,Cash on Delivery,Mobile Web,,0.0
506557,14718,2025-05-21 11:30:00,Delivered,DC,Mobile Web,WELCOME15,49.0
506558,14806,2025-05-21 12:55:00,Delivered,UPI,Mobile Web,,0.0
506559,14778,2025-05-21 13:18:00,Delivered,UPI,Desktop,,49.0
506560,13034,2025-05-21 14:37:00,Delivered,UPI,Mobile Web,,0.0
506561,12923,2025-05-21 14:46:00,Delivered,Net Banking,Mobile App,,49.0
506562,14814,2025-05-21 16:45:00,Delivered,Cash on Delivery,Desktop,WELCOME15,0.0
506563,14261,2025-05-21 17:53:00,Delivered,UPI,Mobile Web,,0.0
506564,14335,2025-05-21 18:30:00,Cancelled,UPI,Mobile App,,0.0
506565,14767,2025-05-21 20:43:00,Delivered,Upi,Mobile App,,49.0
506566,14809,2025-05-21 21:12:00,Delivered,Cash on Delivery,Mobile Web,WELCOME15,0.0
506567,13378,2025-05-21 22:35:00,DELIVERED,UPI,Mobile App,,0.0
506568,14722,2025-05-21 22:52:00,Delivered,UPI,Mobile App,WELCOME15,0.0
506569,11771,2025-05-21 22:58:00,Delivered,Debit Card,Mobile Web,,0.0
506570,14642,2025-05-22 07:06:00,DELIVERED,Debit Card,Mobile Web,,0.0
506571,12687,2025-05-22 08:26:00,Delivered,UPI,Mobile App,,0.0
506572,14810,2025-05-22 09:43:00,Delivered,UPI,Mobile Web,WELCOME15,49.0
506573,14697,2025-05-22 10:06:00,DELIVERED,UPI,Mobile Web,,0.0
506574,11161,2025-05-22 12:50:00,Delivered,UPI,Mobile Web,,0.0
506575,13603,2025-05-22 13:34:00,Delivered,UPI,Mobile Web,,0.0
506576,14820,2025-05-22 14:26:00,Delivered,COD,Mobile App,,0.0
506577,14232,2025-05-22 15:45:00,Returned,Cash on Delivery,Mobile App,,0.0
506578,13828,2025-05-22 16:52:00,delivered ,Cash on Delivery,Mobile App,,0.0
506579,14805,2025-05-22 18:47:00,DELIVERED,UPI,Mobile App,,0.0
506580,13582,2025-05-22 18:54:00,Returned,Net Banking,Mobile App,,0.0
506581,13975,2025-05-22 19:23:00,Delivered,Cash On Delivery,Mobile App,,0.0
506582,14674,2025-05-22 19:58:00,Delivered,UPI,Mobile App,WELCOME15,0.0
506583,14611,2025-05-22 20:29:00,DELIVERED,UPI,Mobile Web,,0.0
506584,14813,2025-05-22 20:35:00,delivered ,upi,Mobile Web,,0.0
506585,14746,2025-05-22 21:02:00,Delivered,Cash on Delivery,Mobile Web,,0.0
506586,13661,2025-05-22 21:43:00,Delivered,Credit Card,Mobile Web,,0.0
506587,14084,2025-05-22 21:59:00,Delivered,UPI,Mobile App,,0.0
506588,13773,2025-05-22 22:51:00,Delivered,UPI,Mobile Web,,0.0
506589,13029,2025-05-22 23:12:00,Returned,UPI,Mobile App,,0.0
506590,14812,2025-05-22 23:23:00,Delivered,Debit Card,Mobile Web,,0.0
506591,14169,2025-05-22 23:48:00,Delivered,UPI,Mobile App,,0.0
506592,14811,2025-05-23 08:09:00,Delivered,Cash on Delivery,Mobile Web,,0.0
506593,13976,2025-05-23 08:39:00,Delivered,COD,Mobile App,SAVE5,49.0
506594,14781,2025-05-23 08:57:00,Delivered,upi,Desktop,,0.0
506595,14735,2025-05-23 09:20:00,Delivered,UPI,Mobile App,,0.0
506596,14761,2025-05-23 09:27:00,Returned,UPI,Mobile Web,WELCOME15,0.0
506597,14840,2025-05-23 11:09:00,Delivered,UPI,Mobile App,SAVE5,0.0
506598,14728,2025-05-23 11:29:00,Delivered,UPI,Mobile Web,,49.0
506599,11198,2025-05-23 11:42:00,Delivered,UPI,Mobile App,,0.0
506600,14736,2025-05-23 12:34:00,Delivered,UPI,Mobile App,WELCOME15,0.0
506601,14788,2025-05-23 14:46:00,Cancelled,Cash on Delivery,Mobile App,,0.0
506602,14716,2025-05-23 15:17:00,DELIVERED,credit card,Desktop,WELCOME15,0.0
506603,14732,2025-05-23 15:57:00,Delivered,UPI,Mobile Web,,0.0
506604,14756,2025-05-23 16:11:00,DELIVERED,Cash on Delivery,Mobile App,,0.0
506605,14683,2025-05-23 16:57:00,Delivered,Cash on Delivery,Mobile Web,SAVE5,0.0
506606,14794,2025-05-23 17:11:00,Delivered,Net Banking,Mobile Web,WELCOME15,49.0
506607,13624,2025-05-23 19:00:00,Delivered,DC,Desktop,,49.0
506608,12210,2025-05-23 19:09:00,Returned,Net Banking,Desktop,,0.0
506609,12227,2025-05-23 19:24:00,Delivered,Credit Card,Mobile App,,0.0
506610,12808,2025-05-23 19:48:00,Delivered,COD,Mobile Web,,0.0
506611,14734,2025-05-23 20:06:00,Delivered,Net Banking,Desktop,,0.0
506612,14832,2025-05-23 20:25:00,Delivered,Credit Card,Desktop,,0.0
506613,14823,2025-05-23 20:28:00,Delivered,UPI,Mobile App,WELCOME15,0.0
506614,14616,2025-05-23 21:22:00,Delivered,Debit Card,Mobile App,,0.0
506615,13636,2025-05-23 22:11:00,Delivered,UPI,Mobile App,SAVE5,0.0
506616,14826,2025-05-23 23:05:00,RETURNED,credit card,Mobile App,SAVE5,49.0
506617,10234,2025-05-23 23:22:00,Delivered,Cash on Delivery,Mobile Web,,0.0
506618,14028,2025-05-23 23:22:00,Delivered,UPI,Mobile Web,,0.0
506619,13831,2025-05-24 08:55:00,Delivered,upi,Mobile App,,0.0
506620,13597,2025-05-24 09:10:00,Cancelled,UPI,Mobile App,,0.0
506621,14701,2025-05-24 09:49:00,DELIVERED,UPI,Mobile App,,0.0
506622,14737,2025-05-24 10:59:00,Delivered,Cash on Delivery,Mobile App,,0.0
506623,14041,2025-05-24 11:32:00,Cancelled,Credit Card,Mobile Web,,0.0
506624,14819,2025-05-24 11:59:00,Delivered,upi,Mobile App,WELCOME15,0.0
506625,14847,2025-05-24 12:23:00,Delivered,Cash on Delivery,Mobile Web,WELCOME15,49.0
506626,13038,2025-05-24 12:46:00,Delivered,CC,Mobile Web,,49.0
506627,13097,2025-05-24 12:52:00,Cancelled,UPI,Mobile App,,0.0
506628,14279,2025-05-24 13:25:00,Returned,UPI,Desktop,SAVE5,0.0
506629,13089,2025-05-24 13:47:00,Returned,UPI,Desktop,,0.0
506630,14843,2025-05-24 16:14:00,Delivered,DC,Mobile App,,49.0
506631,14787,2025-05-24 18:50:00,Delivered,UPI,Mobile Web,WELCOME15,0.0
506632,11063,2025-05-24 19:24:00,Delivered,Cash on Delivery,Mobile App,,0.0
506633,14488,2025-05-24 20:20:00,Delivered,Net Banking,Mobile App,,49.0
506634,14760,2025-05-24 22:20:00,delivered ,UPI,Mobile Web,,0.0
506635,14815,2025-05-25 07:15:00,Delivered,Upi,Mobile App,WELCOME15,0.0
506636,14827,2025-05-25 10:28:00,Delivered,Debit Card,Mobile Web,SAVE5,0.0
506637,10192,2025-05-25 10:32:00,CANCELLED,Cash on Delivery,Mobile App,,0.0
506638,14793,2025-05-25 10:37:00,DELIVERED,UPI,Mobile Web,WELCOME15,0.0
506639,13658,2025-05-25 12:26:00,Returned,UPI,Mobile App,,0.0
506640,13920,2025-05-25 12:28:00,Delivered,UPI,Mobile Web,,0.0
506641,14808,2025-05-25 13:06:00,Returned,Cash on Delivery,Desktop,WELCOME15,0.0
506642,11463,2025-05-25 14:46:00,DELIVERED,UPI,Mobile App,,0.0
506643,12104,2025-05-25 15:32:00,delivered ,UPI,Mobile App,SAVE5,49.0
506644,14764,2025-05-25 15:54:00,Delivered,Cash on Delivery,Mobile Web,,0.0
506645,14858,2025-05-25 16:44:00,Cancelled,UPI,Mobile App,WELCOME15,0.0
506646,14198,2025-05-25 17:41:00,Delivered,credit card,Mobile App,,0.0
506647,12591,2025-05-25 18:38:00,Delivered,Debit Card,Mobile App,,0.0
506648,13926,2025-05-25 20:06:00,Delivered,UPI,Desktop,,0.0
506649,11881,2025-05-25 20:39:00,Delivered,upi,Mobile App,,49.0
506650,14838,2025-05-25 21:12:00,Delivered,Credit Card,Mobile App,,0.0
506651,12296,2025-05-25 21:16:00,Delivered,Debit Card,Mobile App,,0.0
506652,12484,2025-05-25 21:57:00,Delivered,UPI,Desktop,,0.0
506653,14178,2025-05-25 23:12:00,Delivered,debit card,Mobile Web,,0.0
506654,14830,2025-05-25 23:20:00,Delivered,Cash on Delivery,Mobile Web,,0.0
506655,14851,2025-05-25 23:33:00,Delivered,Net Banking,Mobile App,,0.0
506656,14165,2025-05-26 07:35:00,Delivered,DC,Desktop,SAVE5,0.0
506657,14817,2025-05-26 08:54:00,Delivered,Net Banking,Mobile App,,0.0
506658,14863,2025-05-26 09:07:00,Delivered,Debit Card,Mobile App,,0.0
506659,14864,2025-05-26 10:00:00,Returned,Cash on Delivery,Mobile App,WELCOME15,0.0
506660,14834,2025-05-26 10:05:00,Returned,Net Banking,Mobile App,,0.0
506661,13446,2025-05-26 10:10:00,DELIVERED,Upi,Mobile App,,0.0
506662,14846,2025-05-26 11:30:00,Delivered,Cash on Delivery,Mobile Web,WELCOME15,49.0
506663,12891,2025-05-26 12:37:00,Delivered,Cash on Delivery,Mobile App,,0.0
506664,14845,2025-05-26 12:42:00,Delivered,cod,Mobile App,,0.0
506665,14816,2025-05-26 12:59:00,Delivered,UPI,Mobile Web,,0.0
506666,13975,2025-05-26 13:32:00,Delivered,UPI,Mobile App,,0.0
506667,14839,2025-05-26 13:54:00,Delivered,Cash on Delivery,Mobile Web,WELCOME15,0.0
506668,13274,2025-05-26 13:57:00,delivered ,UPI,Mobile App,,0.0
506669,11819,2025-05-26 14:39:00,Delivered,UPI,Desktop,,0.0
506670,14837,2025-05-26 17:30:00,DELIVERED,credit card,Desktop,WELCOME15,0.0
506671,14799,2025-05-26 18:42:00,Cancelled,Cash on Delivery,Mobile App,WELCOME15,0.0
506672,14272,2025-05-26 18:52:00,DELIVERED,UPI,Mobile App,,49.0
506673,12601,2025-05-26 18:54:00,Returned,UPI,Mobile Web,,0.0
506674,14848,2025-05-26 18:57:00,Delivered,Cash on Delivery,Desktop,,0.0
506675,14522,2025-05-26 19:19:00,DELIVERED,UPI,Desktop,,49.0
506676,14048,2025-05-26 20:06:00,RETURNED,Cash on Delivery,Mobile App,,0.0
506677,11442,2025-05-26 20:16:00,DELIVERED,CC,Mobile App,SAVE5,0.0
506678,14875,2025-05-26 20:55:00,Delivered,UPI,Mobile App,WELCOME15,0.0
506679,14860,2025-05-26 22:05:00,Delivered,Upi,Mobile App,WELCOME15,0.0
506680,14849,2025-05-26 22:39:00,Delivered,Credit Card,Mobile App,,0.0
506681,13689,2025-05-26 22:54:00,Delivered,UPI,Mobile App,,0.0
506682,14866,2025-05-27 07:12:00,DELIVERED,UPI,Mobile App,,0.0
506683,14829,2025-05-27 07:23:00,DELIVERED,debit card,Mobile App,WELCOME15,0.0
506684,14876,2025-05-27 07:46:00,Cancelled,Upi,Mobile App,WELCOME15,0.0
506685,11449,2025-05-27 08:36:00,Delivered,UPI,Mobile App,,0.0
506686,14630,2025-05-27 09:26:00,delivered ,Cash on Delivery,Desktop,,0.0
506687,14872,2025-05-27 10:09:00,Delivered,UPI,Mobile App,,0.0
506688,14874,2025-05-27 12:40:00,Delivered,Credit Card,Mobile App,,0.0
506689,14859,2025-05-27 13:16:00,Delivered,upi,Mobile App,WELCOME15,0.0
506690,14758,2025-05-27 13:19:00,Delivered,UPI,Desktop,,0.0
506691,14553,2025-05-27 14:59:00,Delivered,debit card,Mobile Web,SAVE5,0.0
506692,12478,2025-05-27 15:17:00,DELIVERED,UPI,Desktop,SAVE5,0.0
506693,14334,2025-05-27 15:46:00,Delivered,Cash on Delivery,Desktop,,0.0
506694,12179,2025-05-27 16:21:00,delivered ,Debit Card,Mobile Web,,0.0
506695,14871,2025-05-27 17:27:00,Delivered,UPI,Desktop,,0.0
506696,14342,2025-05-27 18:49:00,Delivered,UPI,Mobile App,,0.0
506697,14753,2025-05-27 19:17:00,delivered ,Net Banking,Mobile App,WELCOME15,0.0
506698,14892,2025-05-27 20:49:00,Delivered,Cash on Delivery,Mobile Web,WELCOME15,0.0
506699,11963,2025-05-27 21:16:00,Delivered,CC,Mobile App,,0.0
506700,14791,2025-05-27 22:34:00,Delivered,cod,Mobile App,,0.0
506701,14218,2025-05-27 23:18:00,Delivered,UPI,Mobile App,SAVE5,0.0
506702,14852,2025-05-27 23:39:00,Delivered,Credit Card,Mobile App,,0.0
506703,14884,2025-05-27 23:48:00,Delivered,UPI,Mobile App,,0.0
506704,11696,2025-05-28 07:04:00,Delivered,Credit Card,Mobile Web,,0.0
506705,14862,2025-05-28 07:53:00,Delivered,Cash on Delivery,Desktop,,49.0
506706,14879,2025-05-28 08:46:00,Delivered,Net Banking,Desktop,,0.0
506707,13397,2025-05-28 11:27:00,delivered ,Credit Card,Desktop,,0.0
506708,14894,2025-05-28 13:08:00,Delivered,UPI,Desktop,WELCOME15,49.0
506709,14782,2025-05-28 14:57:00,Delivered,Cash on Delivery,Mobile Web,,0.0
506710,12231,2025-05-28 16:46:00,DELIVERED,Cash on Delivery,Mobile Web,,0.0
506711,14889,2025-05-28 17:11:00,Delivered,Cash on Delivery,Mobile App,WELCOME15,0.0
506712,12972,2025-05-28 18:20:00,Delivered,UPI,Mobile App,,0.0
506713,13908,2025-05-28 21:18:00,Delivered,Debit Card,Mobile App,,0.0
506714,12739,2025-05-28 23:42:00,delivered ,Credit Card,Desktop,,0.0
506715,13141,2025-05-29 07:28:00,Delivered,UPI,Mobile Web,,0.0
506716,14905,2025-05-29 07:41:00,DELIVERED,Cash on Delivery,Desktop,,0.0
506717,14573,2025-05-29 10:20:00,Delivered,Cash on Delivery,Desktop,,0.0
506718,14906,2025-05-29 10:36:00,Delivered,Debit Card,Desktop,,0.0
506719,13531,2025-05-29 10:46:00,Delivered,UPI,Desktop,,0.0
506720,14867,2025-05-29 11:46:00,CANCELLED,UPI,Mobile App,,0.0
506721,14856,2025-05-29 13:56:00,Delivered,UPI,Desktop,,0.0
506722,14073,2025-05-29 14:50:00,Delivered,CC,Mobile Web,,0.0
506723,14908,2025-05-29 15:03:00,Delivered,Credit Card,Mobile App,WELCOME15,0.0
506724,14406,2025-05-29 17:48:00,Delivered,UPI,Mobile App,,0.0
506725,12447,2025-05-29 17:57:00,DELIVERED,UPI,Mobile Web,,0.0
506726,14796,2025-05-29 20:41:00,Delivered,Debit Card,Mobile App,WELCOME15,0.0
506727,14736,2025-05-29 21:06:00,Delivered,UPI,Desktop,,0.0
506728,14861,2025-05-29 21:57:00,Delivered,UPI,Mobile Web,SAVE5,0.0
506729,14822,2025-05-29 22:09:00,Cancelled,Cash on Delivery,Mobile App,WELCOME15,49.0
506730,14440,2025-05-30 07:05:00,delivered ,UPI,Mobile Web,SAVE5,0.0
506731,14771,2025-05-30 07:18:00,Delivered,UPI,Mobile Web,WELCOME15,49.0
506732,13006,2025-05-30 08:50:00,Delivered,CC,Mobile App,,0.0
506733,13274,2025-05-30 10:57:00,Delivered,UPI,Mobile App,,49.0
506734,14236,2025-05-30 11:08:00,Delivered,Net Banking,Mobile App,SAVE5,0.0
506735,14912,2025-05-30 12:05:00,Delivered,Debit Card,Mobile App,,0.0
506736,13311,2025-05-30 14:30:00,delivered ,Credit Card,Mobile App,SAVE5,0.0
506737,13411,2025-05-30 14:36:00,returned ,UPI,Desktop,,0.0
506738,14882,2025-05-30 16:05:00,DELIVERED,cod,Mobile Web,WELCOME15,0.0
506739,14878,2025-05-30 16:40:00,Returned,Cash on Delivery,Mobile Web,,0.0
506740,14505,2025-05-30 17:35:00,Delivered,credit card,Desktop,,0.0
506741,14916,2025-05-30 18:30:00,Delivered,Net Banking,Mobile Web,,0.0
506742,14904,2025-05-30 20:17:00,DELIVERED,UPI,Mobile App,WELCOME15,0.0
506743,14896,2025-05-30 22:17:00,Delivered,UPI,Mobile App,,0.0
506743,14896,2025-05-30 22:17:00,Delivered,UPI,Mobile App,,0.0
506744,14890,2025-05-30 22:34:00,delivered ,Credit Card,Mobile App,WELCOME15,0.0
506745,14886,2025-05-31 07:00:00,Delivered,UPI,Mobile App,WELCOME15,0.0
506746,14870,2025-05-31 08:36:00,Delivered,Credit Card,Mobile App,SAVE5,0.0
506747,14749,2025-05-31 09:05:00,Delivered,Debit Card,Mobile Web,,0.0
506748,14773,2025-05-31 09:06:00,Delivered,DC,Mobile Web,,0.0
506749,11859,2025-05-31 11:08:00,Delivered,UPI,Mobile Web,SAVE5,0.0
506750,14925,2025-05-31 11:30:00,Delivered,Net Banking,Mobile App,WELCOME15,0.0
506751,13080,2025-05-31 11:58:00,Delivered,Credit Card,Mobile Web,,0.0
506752,12925,2025-05-31 11:58:00,Delivered,COD,Mobile App,,0.0
506753,14891,2025-05-31 12:41:00,Returned,Credit Card,Mobile App,WELCOME15,0.0
506754,14885,2025-05-31 12:46:00,DELIVERED,Cash on Delivery,Mobile App,WELCOME15,0.0
506755,14473,2025-05-31 12:48:00,Delivered,Credit Card,Mobile Web,,0.0
506756,12473,2025-05-31 12:49:00,Delivered,DC,Mobile App,,0.0
506757,14919,2025-05-31 13:27:00,Delivered,Upi,Mobile App,,0.0
506758,14786,2025-05-31 13:43:00,Delivered,UPI,Mobile App,WELCOME15,0.0
506759,13358,2025-05-31 13:48:00,Returned,Credit Card,Desktop,,0.0
506760,11040,2025-05-31 16:01:00,Delivered,UPI,Mobile App,SAVE5,0.0
506761,13754,2025-05-31 17:03:00,Delivered,Credit Card,Desktop,SAVE5,0.0
506762,14121,2025-05-31 19:37:00,Cancelled,Cash on Delivery,Mobile Web,,0.0
506763,14921,2025-05-31 21:06:00,Delivered,upi,Mobile App,WELCOME15,0.0
506764,14854,2025-05-31 21:29:00,Delivered,Cash on Delivery,Mobile App,,0.0
506765,11309,2025-05-31 21:36:00,DELIVERED,Upi,Mobile App,SAVE5,0.0
506766,11034,2025-05-31 23:15:00,cancelled ,Cash on Delivery,Desktop,,0.0
506767,10744,2025-06-01 07:26:00,Delivered,UPI,Mobile Web,SAVE5,0.0
506768,14644,2025-06-01 07:50:00,CANCELLED,Cash on Delivery,Mobile App,,0.0
506769,13468,2025-06-01 09:54:00,Delivered,Upi,Mobile Web,,0.0
506770,14934,2025-06-01 12:20:00,delivered ,UPI,Mobile App,,0.0
506771,14791,2025-06-01 12:37:00,Delivered,Credit Card,Mobile Web,,49.0
506772,14941,2025-06-01 12:57:00,Delivered,UPI,Mobile App,SAVE5,0.0
506773,13926,2025-06-01 14:22:00,Delivered,UPI,Mobile Web,,0.0
506774,14790,2025-06-01 14:29:00,Delivered,UPI,Desktop,,0.0
506775,14860,2025-06-01 14:31:00,Delivered,UPI,Mobile App,,0.0
506776,14868,2025-06-01 16:05:00,Returned,Credit Card,Mobile App,WELCOME15,0.0
506777,14902,2025-06-01 16:20:00,Delivered,upi,Mobile App,WELCOME15,0.0
506778,14915,2025-06-01 16:22:00,delivered ,cod,Desktop,WELCOME15,0.0
506779,14914,2025-06-01 17:18:00,delivered ,Upi,Desktop,,0.0
506780,13809,2025-06-01 17:21:00,Delivered,UPI,Mobile App,,49.0
506781,14898,2025-06-01 17:44:00,Delivered,upi,Mobile App,WELCOME15,0.0
506782,11797,2025-06-01 19:05:00,delivered ,Cash on Delivery,Mobile Web,,0.0
506783,12187,2025-06-01 19:41:00,Delivered,UPI,Mobile App,,0.0
506784,14114,2025-06-01 22:20:00,Returned,UPI,Mobile Web,,0.0
506785,12309,2025-06-01 22:36:00,Delivered,Cash on Delivery,Mobile Web,SAVE5,0.0
506786,13661,2025-06-01 22:50:00,Delivered,Credit Card,Mobile App,,0.0
506787,12782,2025-06-02 07:24:00,Delivered,UPI,Mobile App,,0.0
506788,14165,2025-06-02 07:31:00,Delivered,Credit Card,Mobile Web,,0.0
506789,14722,2025-06-02 07:59:00,CANCELLED,Credit Card,Mobile App,,0.0
506790,13976,2025-06-02 08:14:00,Delivered,Cash on Delivery,Mobile App,,0.0
506791,11442,2025-06-02 09:28:00,DELIVERED,UPI,Mobile App,SAVE5,0.0
506792,14950,2025-06-02 09:36:00,Delivered,Credit Card,Mobile Web,,0.0
506793,13531,2025-06-02 10:13:00,Delivered,Upi,Desktop,,49.0
506794,14929,2025-06-02 11:00:00,delivered ,Credit Card,Desktop,,49.0
506795,14881,2025-06-02 11:10:00,Delivered,Credit Card,Mobile App,,0.0
506796,13837,2025-06-02 14:12:00,Delivered,Credit Card,Mobile Web,,0.0
506797,14909,2025-06-02 15:23:00,RETURNED,UPI,Mobile App,,0.0
506798,14952,2025-06-02 15:23:00,Delivered,debit card,Mobile App,WELCOME15,0.0
506799,14883,2025-06-02 16:32:00,Delivered,UPI,Mobile App,,0.0
506800,11550,2025-06-02 17:01:00,RETURNED,UPI,Desktop,SAVE5,0.0
506801,14335,2025-06-02 17:01:00,DELIVERED,UPI,Mobile App,,0.0
506802,14853,2025-06-02 19:26:00,Delivered,Cash on Delivery,Mobile App,,49.0
506803,14897,2025-06-02 20:14:00,Delivered,upi,Mobile Web,WELCOME15,0.0
506804,13485,2025-06-02 23:38:00,Returned,UPI,Desktop,,0.0
506805,13555,2025-06-03 09:13:00,Delivered,Cash on Delivery,Mobile Web,,0.0
506806,14118,2025-06-03 09:54:00,Delivered,Net Banking,Desktop,,0.0
506807,14900,2025-06-03 10:31:00,Delivered,Cash on Delivery,Desktop,WELCOME15,0.0
506808,14965,2025-06-03 14:04:00,RETURNED,UPI,Mobile App,WELCOME15,0.0
506809,14840,2025-06-03 14:04:00,Delivered,upi,Mobile App,,0.0
506810,13652,2025-06-03 14:31:00,delivered ,Cash On Delivery,Desktop,,0.0
506811,14899,2025-06-03 15:00:00,Delivered,CC,Mobile App,,0.0
506812,13932,2025-06-03 16:59:00,Delivered,credit card,Desktop,SAVE5,0.0
506813,14514,2025-06-03 17:40:00,Delivered,Cash on Delivery,Mobile Web,,49.0
506814,14944,2025-06-03 19:08:00,Delivered,UPI,Desktop,WELCOME15,0.0
506815,12777,2025-06-03 19:20:00,Delivered,UPI,Mobile App,,0.0
506816,14855,2025-06-03 19:44:00,Delivered,Net Banking,Mobile Web,,0.0
506817,14960,2025-06-03 21:22:00,Cancelled,UPI,Mobile App,,0.0
506818,14725,2025-06-03 21:33:00,DELIVERED,Net Banking,Desktop,,0.0
506819,14947,2025-06-03 22:40:00,CANCELLED,Upi,Mobile App,,0.0
506820,14856,2025-06-04 07:26:00,Delivered,Credit Card,Mobile App,,0.0
506821,14970,2025-06-04 09:14:00,Delivered,Credit Card,Mobile Web,WELCOME15,0.0
506822,14958,2025-06-04 10:34:00,Delivered,Cash on Delivery,Mobile Web,,0.0
506823,14728,2025-06-04 13:01:00,Cancelled,Cash on Delivery,Mobile App,,0.0
506824,13303,2025-06-04 14:43:00,Delivered,upi,Mobile App,,0.0
506825,14945,2025-06-04 15:08:00,Delivered,CC,Mobile Web,WELCOME15,0.0
506826,14922,2025-06-04 15:17:00,Returned,upi,Desktop,,0.0
506827,14923,2025-06-04 17:06:00,Delivered,UPI,Mobile App,,0.0
506828,14302,2025-06-04 18:06:00,delivered ,Cash on Delivery,Mobile Web,,0.0
506829,14324,2025-06-04 20:04:00,Delivered,Cash on Delivery,Mobile Web,,0.0
506830,14961,2025-06-04 21:11:00,Delivered,UPI,Mobile App,,0.0
506831,14903,2025-06-04 21:39:00,Delivered,credit card,Mobile Web,WELCOME15,0.0
506832,11901,2025-06-04 21:50:00,Delivered,UPI,Mobile Web,SAVE5,0.0
506833,14869,2025-06-05 07:23:00,Delivered,cod,Mobile App,,0.0
506834,14764,2025-06-05 07:53:00,Delivered,UPI,Mobile Web,,0.0
506835,13038,2025-06-05 08:13:00,Delivered,UPI,Mobile App,,0.0
506836,14387,2025-06-05 09:41:00,RETURNED,Credit Card,Mobile App,,0.0
506837,14587,2025-06-05 13:15:00,Returned,UPI,Mobile Web,,0.0
506837,14587,2025-06-05 13:15:00,Returned,UPI,Mobile Web,,0.0
506838,14968,2025-06-05 13:54:00,Delivered,UPI,Desktop,,0.0
506839,14910,2025-06-05 14:07:00,Delivered,Cash on Delivery,Mobile Web,SAVE5,0.0
506840,14967,2025-06-05 16:19:00,Delivered,UPI,Mobile App,,0.0
506841,14991,2025-06-05 16:34:00,DELIVERED,Credit Card,Mobile App,,0.0
506842,14821,2025-06-05 17:18:00,Delivered,UPI,Desktop,WELCOME15,0.0
506843,14773,2025-06-05 18:33:00,returned ,Credit Card,Desktop,,0.0
506844,14911,2025-06-05 18:38:00,Returned,UPI,Mobile App,,0.0
506845,14928,2025-06-05 18:41:00,Delivered,Credit Card,Mobile App,,0.0
506846,14976,2025-06-05 20:04:00,Delivered,Upi,Mobile App,WELCOME15,0.0
506847,12423,2025-06-05 20:34:00,Delivered,UPI,Mobile App,,0.0
506848,14927,2025-06-05 22:34:00,Returned,UPI,Mobile App,WELCOME15,0.0
506849,14978,2025-06-05 22:44:00,Delivered,Cash On Delivery,Desktop,,0.0
506850,14986,2025-06-05 22:56:00,delivered ,UPI,Mobile App,WELCOME15,0.0
506851,14776,2025-06-06 07:00:00,Delivered,UPI,Desktop,,0.0
506852,14226,2025-06-06 08:24:00,delivered ,Cash on Delivery,Mobile App,,0.0
506853,14982,2025-06-06 08:43:00,Returned,UPI,Mobile App,WELCOME15,0.0
506854,14246,2025-06-06 11:04:00,Cancelled,Cash on Delivery,Mobile Web,,0.0
506855,10432,2025-06-06 12:30:00,Delivered,Credit Card,Mobile App,,0.0
506856,14505,2025-06-06 12:39:00,Cancelled,Debit Card,Mobile App,,0.0
506857,14877,2025-06-06 12:48:00,DELIVERED,UPI,Mobile App,,0.0
506858,15010,2025-06-06 14:18:00,delivered ,UPI,Mobile App,,0.0
506859,13264,2025-06-06 14:45:00,Returned,Upi,Mobile App,,0.0
506860,12179,2025-06-06 14:52:00,Delivered,UPI,Mobile Web,,0.0
506861,15003,2025-06-06 15:03:00,delivered ,Debit Card,Mobile Web,WELCOME15,49.0
506862,12842,2025-06-06 15:45:00,Delivered,Credit Card,Desktop,,0.0
506863,10384,2025-06-06 16:19:00,Delivered,Credit Card,Mobile Web,,0.0
506864,13479,2025-06-06 18:25:00,delivered ,Debit Card,Mobile Web,,0.0
506865,15002,2025-06-06 20:01:00,Returned,Debit Card,Mobile App,WELCOME15,49.0
506866,14939,2025-06-06 20:48:00,Delivered,Credit Card,Desktop,,0.0
506867,14992,2025-06-06 22:28:00,Returned,cod,Desktop,WELCOME15,0.0
506868,14936,2025-06-07 07:02:00,Delivered,Cash on Delivery,Mobile App,,0.0
506869,15022,2025-06-07 08:46:00,CANCELLED,UPI,Mobile App,,0.0
506870,15007,2025-06-07 08:52:00,Delivered,UPI,Mobile Web,WELCOME15,0.0
506871,14957,2025-06-07 09:55:00,Delivered,UPI,Desktop,,0.0
506872,14942,2025-06-07 10:21:00,Delivered,UPI,Mobile App,WELCOME15,0.0
506873,14933,2025-06-07 11:11:00,Cancelled,Credit Card,Desktop,,0.0
506874,14020,2025-06-07 12:46:00,DELIVERED,Upi,Desktop,,0.0
506875,14998,2025-06-07 13:21:00,DELIVERED,Cash on Delivery,Mobile App,,0.0
506876,14041,2025-06-07 13:45:00,Delivered,Debit Card,Mobile App,,0.0
506877,15006,2025-06-07 13:57:00,Delivered,Debit Card,Desktop,WELCOME15,0.0
506878,14439,2025-06-07 13:58:00,Delivered,Cash on Delivery,Mobile App,,0.0
506879,14955,2025-06-07 14:37:00,DELIVERED,Credit Card,Mobile App,,0.0
506880,14971,2025-06-07 14:48:00,Delivered,UPI,Mobile App,,0.0
506881,14451,2025-06-07 16:04:00,Delivered,Net Banking,Desktop,,49.0
506882,14940,2025-06-07 17:17:00,Delivered,COD,Desktop,,0.0
506883,14983,2025-06-07 17:25:00,delivered ,UPI,Desktop,WELCOME15,0.0
506884,13080,2025-06-07 19:59:00,Delivered,Debit Card,Mobile App,,0.0
506885,14247,2025-06-07 20:14:00,delivered ,upi,Mobile Web,,49.0
506886,13751,2025-06-07 22:14:00,delivered ,Cash on Delivery,Mobile App,,49.0
506887,11680,2025-06-08 07:33:00,DELIVERED,Net Banking,Desktop,,0.0
506888,14595,2025-06-08 08:10:00,Delivered,UPI,Desktop,,0.0
506889,13908,2025-06-08 08:20:00,RETURNED,UPI,Mobile Web,SAVE5,0.0
506890,12895,2025-06-08 09:30:00,Delivered,Cash On Delivery,Mobile Web,,0.0
506891,14592,2025-06-08 11:10:00,Delivered,UPI,Mobile App,,0.0
506892,15017,2025-06-08 11:48:00,DELIVERED,UPI,Mobile App,WELCOME15,0.0
506893,15025,2025-06-08 13:52:00,Cancelled,COD,Mobile Web,,0.0
506894,14130,2025-06-08 15:32:00,Delivered,Cash on Delivery,Mobile Web,,0.0
506895,14959,2025-06-08 15:36:00,DELIVERED,UPI,Mobile App,WELCOME15,49.0
506896,15030,2025-06-08 17:32:00,delivered ,UPI,Mobile Web,,0.0
506897,14929,2025-06-08 18:02:00,Returned,UPI,Mobile App,,0.0
506898,14962,2025-06-08 18:16:00,Delivered,Upi,Mobile Web,,0.0
506899,15012,2025-06-08 18:31:00,Delivered,Cash on Delivery,Desktop,,0.0
506900,14951,2025-06-08 18:44:00,DELIVERED,UPI,Mobile App,WELCOME15,0.0
506901,14858,2025-06-08 18:57:00,Delivered,Credit Card,Mobile App,,0.0
506902,12512,2025-06-08 19:42:00,DELIVERED,Cash on Delivery,Desktop,,0.0
506903,14488,2025-06-08 19:44:00,delivered ,UPI,Mobile App,,0.0
506904,14974,2025-06-08 20:17:00,Delivered,credit card,Mobile App,SAVE5,0.0
506905,11629,2025-06-08 21:06:00,Delivered,UPI,Desktop,,0.0
506906,14985,2025-06-08 21:11:00,Delivered,cod,Mobile App,WELCOME15,49.0
506907,14969,2025-06-08 21:23:00,Cancelled,UPI,Mobile App,,49.0
506908,14401,2025-06-08 21:41:00,DELIVERED,UPI,Mobile Web,,0.0
506909,14981,2025-06-08 23:12:00,Delivered,Upi,Desktop,WELCOME15,0.0
506910,15034,2025-06-09 09:26:00,Delivered,Credit Card,Mobile Web,,0.0
506911,15039,2025-06-09 10:33:00,Delivered,UPI,Mobile Web,,0.0
506912,15020,2025-06-09 10:36:00,Delivered,UPI,Mobile Web,WELCOME15,0.0
506913,14252,2025-06-09 11:39:00,Delivered,UPI,Desktop,,49.0
506914,15021,2025-06-09 12:27:00,RETURNED,upi,Mobile App,,0.0
506915,13538,2025-06-09 12:54:00,CANCELLED,UPI,Desktop,,0.0
506916,15046,2025-06-09 13:44:00,Delivered,Cash on Delivery,Mobile Web,,0.0
506917,14833,2025-06-09 16:27:00,Delivered,Net Banking,Mobile Web,WELCOME15,0.0
506918,13730,2025-06-09 17:01:00,Delivered,Cash On Delivery,Desktop,,0.0
506919,14895,2025-06-09 18:12:00,Returned,UPI,Mobile Web,WELCOME15,0.0
506920,15033,2025-06-09 19:52:00,Delivered,CC,Mobile App,,0.0
506921,13700,2025-06-09 21:35:00,Delivered,Credit Card,Mobile Web,SAVE5,0.0
506922,15045,2025-06-09 21:36:00,Delivered,UPI,Desktop,,49.0
506923,11550,2025-06-09 22:07:00,Delivered,upi,Desktop,,0.0
506924,14996,2025-06-09 22:49:00,Delivered,UPI,Mobile App,WELCOME15,0.0
506925,14348,2025-06-09 23:20:00,Delivered,UPI,Mobile App,,0.0
506926,14945,2025-06-10 07:43:00,Delivered,Credit Card,Mobile App,,0.0
506927,12842,2025-06-10 08:06:00,Delivered,UPI,Mobile App,,0.0
506928,14984,2025-06-10 08:41:00,delivered ,UPI,Mobile App,,0.0
506929,15040,2025-06-10 08:57:00,Delivered,Credit Card,Mobile Web,WELCOME15,0.0
506930,14168,2025-06-10 09:18:00,Delivered,UPI,Mobile App,,0.0
506931,11994,2025-06-10 09:19:00,DELIVERED,Credit Card,Mobile App,,0.0
506932,13975,2025-06-10 09:32:00,Delivered,Net Banking,Mobile App,,49.0
506933,14954,2025-06-10 10:17:00,Cancelled,UPI,Desktop,WELCOME15,0.0
506934,11452,2025-06-10 10:41:00,DELIVERED,UPI,Mobile Web,SAVE5,0.0
506935,14924,2025-06-10 12:39:00,DELIVERED,Cash on Delivery,Mobile App,WELCOME15,0.0
506936,14734,2025-06-10 13:02:00,delivered ,Net Banking,Mobile Web,,0.0
506937,14785,2025-06-10 13:13:00,Delivered,Cash on Delivery,Desktop,,0.0
506938,10243,2025-06-10 16:12:00,Delivered,UPI,Mobile App,,0.0
506939,15057,2025-06-10 16:42:00,delivered ,UPI,Mobile Web,,0.0
506940,14928,2025-06-10 16:44:00,Delivered,UPI,Mobile Web,,0.0
506941,15005,2025-06-10 17:15:00,Delivered,Credit Card,Mobile App,WELCOME15,0.0
506942,15042,2025-06-10 17:19:00,Cancelled,UPI,Desktop,WELCOME15,0.0
506943,15028,2025-06-10 18:38:00,Delivered,Credit Card,Mobile Web,WELCOME15,0.0
506944,15036,2025-06-10 19:29:00,Delivered,Debit Card,Mobile Web,,0.0
506945,15054,2025-06-10 20:20:00,Delivered,UPI,Desktop,WELCOME15,0.0
506946,14999,2025-06-10 20:44:00,delivered ,UPI,Mobile App,,0.0
506947,15041,2025-06-10 22:04:00,Delivered,Cash on Delivery,Mobile App,WELCOME15,49.0
506948,15050,2025-06-10 23:08:00,Cancelled,UPI,Mobile Web,,0.0
506949,11139,2025-06-10 23:52:00,Delivered,Credit Card,Mobile App,,0.0
506950,14058,2025-06-10 23:55:00,Delivered,Net Banking,Mobile App,,0.0
506951,15069,2025-06-11 07:11:00,Delivered,UPI,Mobile App,WELCOME15,0.0
506952,15070,2025-06-11 07:21:00,Delivered,upi,Mobile App,WELCOME15,0.0
506953,12902,2025-06-11 08:01:00,DELIVERED,UPI,Mobile App,,0.0
506954,14695,2025-06-11 10:42:00,delivered ,UPI,Mobile App,,0.0
506955,15015,2025-06-11 13:42:00,DELIVERED,Credit Card,Mobile Web,,0.0
506956,14635,2025-06-11 14:17:00,Delivered,Credit Card,Mobile Web,,0.0
506957,13470,2025-06-11 14:24:00,Delivered,UPI,Mobile App,,0.0
506958,10356,2025-06-11 14:25:00,Delivered,Debit Card,Mobile App,,0.0
506959,15060,2025-06-11 15:02:00,Delivered,Cash on Delivery,Mobile App,,0.0
506960,11629,2025-06-11 15:26:00,Delivered,Cash on Delivery,Mobile Web,,0.0
506961,15013,2025-06-11 16:05:00,Delivered,Cash on Delivery,Mobile App,,0.0
506962,15029,2025-06-11 16:52:00,Delivered,upi,Mobile App,,0.0
506963,11397,2025-06-11 17:13:00,Delivered,CC,Desktop,,0.0
506964,15023,2025-06-11 20:56:00,Delivered,UPI,Mobile App,WELCOME15,0.0
506965,12742,2025-06-11 21:27:00,Cancelled,UPI,Mobile Web,,0.0
506966,15048,2025-06-11 21:45:00,Delivered,UPI,Desktop,,0.0
506967,11963,2025-06-11 23:04:00,Delivered,Cash on Delivery,Desktop,,0.0
506968,12858,2025-06-11 23:30:00,Delivered,UPI,Mobile Web,SAVE5,0.0
506969,15078,2025-06-12 08:13:00,Delivered,UPI,Mobile App,,0.0
506970,14781,2025-06-12 08:39:00,Delivered,upi,Mobile App,,0.0
506971,14301,2025-06-12 09:27:00,Delivered,Net Banking,Desktop,,0.0
506972,13690,2025-06-12 09:47:00,Cancelled,Upi,Mobile App,,0.0
506973,12491,2025-06-12 09:58:00,Delivered,UPI,Desktop,,0.0
506974,10600,2025-06-12 10:03:00,Delivered,UPI,Mobile App,,0.0
506975,14382,2025-06-12 11:02:00,Delivered,upi,Mobile App,,0.0
506976,11747,2025-06-12 11:44:00,Delivered,Upi,Mobile App,,0.0
506977,15000,2025-06-12 11:51:00,returned ,Upi,Mobile App,,0.0
506978,14654,2025-06-12 14:29:00,Delivered,UPI,Desktop,,0.0
506979,15019,2025-06-12 16:02:00,cancelled ,Debit Card,Mobile App,,0.0
506980,15058,2025-06-12 16:12:00,Delivered,Credit Card,Mobile App,WELCOME15,0.0
506981,15073,2025-06-12 16:37:00,Delivered,Debit Card,Mobile Web,WELCOME15,0.0
506982,13684,2025-06-12 17:43:00,Returned,UPI,Mobile App,,0.0
506983,15066,2025-06-12 18:11:00,Delivered,UPI,Desktop,,0.0
506984,11927,2025-06-12 19:45:00,Delivered,Credit Card,Mobile Web,SAVE5,0.0
506985,15043,2025-06-12 20:23:00,Delivered,UPI,Mobile App,WELCOME15,0.0
506986,14218,2025-06-12 21:23:00,Delivered,Credit Card,Mobile Web,,0.0
506987,15026,2025-06-12 23:12:00,DELIVERED,UPI,Desktop,,0.0
506988,12808,2025-06-12 23:46:00,Delivered,UPI,Mobile Web,,0.0
506989,15085,2025-06-13 07:05:00,Returned,Credit Card,Mobile App,WELCOME15,0.0
506990,14300,2025-06-13 07:11:00,Returned,Credit Card,Desktop,,0.0
506991,15062,2025-06-13 07:14:00,Delivered,UPI,Mobile Web,,0.0
506992,13691,2025-06-13 07:16:00,Delivered,Upi,Mobile App,,0.0
506993,11437,2025-06-13 07:17:00,Delivered,UPI,Mobile App,,0.0
506994,15090,2025-06-13 07:40:00,DELIVERED,UPI,Mobile App,WELCOME15,0.0
506995,13326,2025-06-13 07:46:00,DELIVERED,UPI,Desktop,,0.0
506996,15074,2025-06-13 10:11:00,CANCELLED,Cash on Delivery,Mobile App,WELCOME15,0.0
506997,15082,2025-06-13 10:31:00,Delivered,UPI,Mobile App,,0.0
506998,15079,2025-06-13 12:42:00,Delivered,Debit Card,Mobile Web,,0.0
506999,12210,2025-06-13 15:51:00,Delivered,Net Banking,Mobile Web,,49.0
507000,10590,2025-06-13 16:43:00,Delivered,UPI,Desktop,,0.0
507001,15051,2025-06-13 16:50:00,Delivered,UPI,Mobile Web,,0.0
507002,15067,2025-06-13 17:19:00,Delivered,UPI,Mobile App,,0.0
507003,15053,2025-06-13 19:29:00,RETURNED,UPI,Mobile App,WELCOME15,0.0
507004,14709,2025-06-13 19:53:00,Cancelled,UPI,Mobile App,,0.0
507005,15025,2025-06-13 19:58:00,Delivered,UPI,Mobile App,,49.0
507006,14307,2025-06-13 20:16:00,DELIVERED,COD,Mobile App,,0.0
507007,12669,2025-06-13 20:39:00,Delivered,UPI,Mobile Web,,0.0
507008,15071,2025-06-13 23:18:00,Delivered,UPI,Mobile Web,SAVE5,0.0
507009,12616,2025-06-13 23:43:00,Delivered,UPI,Mobile App,,0.0
507010,15102,2025-06-14 07:22:00,Delivered,Upi,Mobile App,WELCOME15,0.0
507011,12640,2025-06-14 12:11:00,Delivered,UPI,Mobile App,,0.0
507012,14302,2025-06-14 12:55:00,Cancelled,Cash on Delivery,Mobile App,,0.0
507013,15064,2025-06-14 12:56:00,Delivered,Credit Card,Desktop,WELCOME15,0.0
507014,15044,2025-06-14 15:17:00,Delivered,Credit Card,Mobile Web,,0.0
507015,15055,2025-06-14 15:24:00,Delivered,Debit Card,Desktop,WELCOME15,0.0
507016,15076,2025-06-14 16:52:00,Delivered,UPI,Mobile App,WELCOME15,0.0
507017,15001,2025-06-14 17:13:00,Delivered,Cash on Delivery,Mobile App,,0.0
507018,15100,2025-06-14 18:09:00,Delivered,Credit Card,Mobile App,WELCOME15,0.0
507019,13400,2025-06-14 18:46:00,Delivered,Upi,Mobile App,,0.0
507020,15091,2025-06-14 21:03:00,delivered ,upi,Mobile App,SAVE5,0.0
507021,15084,2025-06-14 22:52:00,Returned,Debit Card,Mobile Web,,0.0
507022,14395,2025-06-14 23:03:00,Delivered,UPI,Mobile App,,0.0
507023,15018,2025-06-14 23:33:00,Returned,UPI,Mobile App,WELCOME15,0.0
507024,15063,2025-06-14 23:33:00,Delivered,UPI,Mobile Web,WELCOME15,0.0
507025,14904,2025-06-14 23:36:00,delivered ,Cash on Delivery,Desktop,,0.0
507026,15037,2025-06-15 07:00:00,Delivered,Cash on Delivery,Mobile App,,0.0
507027,12612,2025-06-15 08:39:00,Delivered,Upi,Mobile Web,,0.0
507028,15127,2025-06-15 09:48:00,Delivered,Cash on Delivery,Mobile Web,,0.0
507029,15114,2025-06-15 10:56:00,Delivered,Cash on Delivery,Mobile App,,0.0
507030,15088,2025-06-15 11:42:00,Delivered,UPI,Mobile App,WELCOME15,0.0
507031,13699,2025-06-15 11:58:00,Delivered,UPI,Mobile App,,0.0
507032,15116,2025-06-15 12:32:00,Delivered,CC,Mobile App,WELCOME15,0.0
507033,14758,2025-06-15 13:27:00,RETURNED,Upi,Desktop,,0.0
507034,13903,2025-06-15 15:48:00,RETURNED,upi,Mobile Web,,0.0
507035,15128,2025-06-15 16:13:00,Delivered,UPI,Desktop,,0.0
507036,15097,2025-06-15 16:34:00,Delivered,UPI,Mobile App,WELCOME15,0.0
507037,14966,2025-06-15 17:28:00,delivered ,Credit Card,Mobile App,WELCOME15,49.0
507038,15006,2025-06-15 18:47:00,Delivered,Debit Card,Mobile App,,0.0
507039,15052,2025-06-15 20:14:00,Delivered,Net Banking,Desktop,WELCOME15,0.0
507040,15125,2025-06-15 20:32:00,CANCELLED,Cash on Delivery,Desktop,,0.0
507041,11597,2025-06-15 21:12:00,Delivered,Debit Card,Mobile Web,,0.0
507042,15024,2025-06-15 22:07:00,Delivered,UPI,Mobile Web,,0.0
507043,15043,2025-06-16 07:58:00,DELIVERED,UPI,Mobile App,,0.0
507044,15149,2025-06-16 08:54:00,Delivered,UPI,Desktop,,0.0
507045,15154,2025-06-16 08:55:00,Returned,Cash on Delivery,Mobile App,,0.0
507046,15065,2025-06-16 12:43:00,Cancelled,Cash on Delivery,Mobile App,WELCOME15,0.0
507047,13545,2025-06-16 12:43:00,Delivered,UPI,Mobile App,,0.0
507048,12309,2025-06-16 13:41:00,delivered ,UPI,Mobile App,,0.0
507049,15112,2025-06-16 14:35:00,Delivered,Credit Card,Mobile App,,0.0
507050,12079,2025-06-16 14:56:00,DELIVERED,UPI,Mobile App,,0.0
507050,12079,2025-06-16 14:56:00,DELIVERED,UPI,Mobile App,,0.0
507051,12511,2025-06-16 15:23:00,Delivered,Cash on Delivery,Mobile App,,0.0
507052,15098,2025-06-16 15:25:00,DELIVERED,UPI,Desktop,WELCOME15,0.0
507053,13835,2025-06-16 15:28:00,Delivered,Credit Card,Mobile App,SAVE5,0.0
507054,15123,2025-06-16 16:31:00,Delivered,Cash on Delivery,Mobile Web,WELCOME15,0.0
507055,14387,2025-06-16 16:34:00,Cancelled,Upi,Desktop,,0.0
507056,15061,2025-06-16 18:50:00,Returned,Net Banking,Mobile Web,WELCOME15,0.0
507057,15095,2025-06-16 18:50:00,Delivered,COD,Mobile Web,,0.0
507058,11775,2025-06-16 19:12:00,Cancelled,Debit Card,Mobile App,,0.0
507059,13715,2025-06-16 19:29:00,Delivered,Credit Card,Mobile App,,0.0
507060,15068,2025-06-16 19:53:00,Cancelled,Cash on Delivery,Mobile App,SAVE5,0.0
507061,15124,2025-06-16 19:56:00,Delivered,upi,Mobile App,,0.0
507062,15150,2025-06-16 19:58:00,Delivered,Net Banking,Desktop,,0.0
507063,14329,2025-06-16 20:09:00,Delivered,UPI,Desktop,,0.0
507064,14963,2025-06-16 20:14:00,Delivered,Net Banking,Mobile Web,WELCOME15,0.0
507065,15130,2025-06-16 20:35:00,Delivered,credit card,Mobile App,WELCOME15,0.0
507066,12349,2025-06-16 21:31:00,Delivered,UPI,Desktop,,49.0
507067,15099,2025-06-16 23:37:00,Delivered,Cash on Delivery,Mobile Web,,0.0
507068,12293,2025-06-16 23:46:00,Delivered,UPI,Mobile App,,0.0
507069,14210,2025-06-17 07:37:00,Delivered,UPI,Mobile App,,0.0
507070,15115,2025-06-17 07:51:00,Delivered,Cash on Delivery,Mobile App,WELCOME15,0.0
507071,15134,2025-06-17 08:25:00,Delivered,UPI,Mobile Web,WELCOME15,49.0
507072,12873,2025-06-17 08:42:00,Cancelled,Credit Card,Mobile App,,0.0
507073,15144,2025-06-17 09:26:00,Returned,Debit Card,Mobile App,,0.0
507074,13761,2025-06-17 09:39:00,RETURNED,UPI,Mobile Web,,0.0
507075,12218,2025-06-17 09:57:00,Delivered,UPI,Mobile App,,0.0
507076,15087,2025-06-17 11:25:00,RETURNED,UPI,Mobile Web,,0.0
507077,12210,2025-06-17 14:28:00,Delivered,UPI,Mobile Web,,0.0
507078,10356,2025-06-17 15:39:00,Delivered,Net Banking,Mobile App,,0.0
507079,13908,2025-06-17 15:50:00,Delivered,Cash on Delivery,Mobile App,,0.0
507080,15109,2025-06-17 17:12:00,Returned,Net Banking,Mobile App,,49.0
507081,15032,2025-06-17 18:20:00,Delivered,Credit Card,Mobile Web,WELCOME15,0.0
507082,15161,2025-06-17 19:04:00,Delivered,UPI,Mobile Web,WELCOME15,0.0
507083,15131,2025-06-17 19:11:00,Cancelled,Debit Card,Mobile App,,0.0
507084,13781,2025-06-17 19:13:00,Delivered,CC,Desktop,,0.0
507085,15012,2025-06-17 19:31:00,Delivered,upi,Mobile Web,,0.0
507086,14116,2025-06-17 19:52:00,Delivered,UPI,Desktop,SAVE5,0.0
507087,15003,2025-06-17 20:16:00,delivered ,UPI,Desktop,,0.0
507088,15139,2025-06-17 22:11:00,Delivered,Net Banking,Mobile App,,0.0
507089,14637,2025-06-17 22:12:00,CANCELLED,Cash on Delivery,Mobile Web,,0.0
507090,14979,2025-06-17 22:16:00,Delivered,Debit Card,Mobile Web,WELCOME15,0.0
507091,10958,2025-06-17 22:17:00,Delivered,UPI,Desktop,,0.0
507092,15072,2025-06-17 22:51:00,Delivered,UPI,Mobile Web,,0.0
507093,15092,2025-06-17 23:05:00,Delivered,UPI,Mobile Web,WELCOME15,49.0
507094,14882,2025-06-17 23:30:00,Delivered,UPI,Desktop,,0.0
507095,15117,2025-06-18 12:43:00,Cancelled,Cash on Delivery,Mobile Web,WELCOME15,0.0
507096,12130,2025-06-18 12:53:00,RETURNED,Cash on Delivery,Mobile App,,0.0
507097,12777,2025-06-18 12:57:00,Delivered,UPI,Desktop,,49.0
507098,15152,2025-06-18 13:39:00,Delivered,Cash on Delivery,Mobile Web,WELCOME15,0.0
507099,15083,2025-06-18 13:45:00,Delivered,UPI,Mobile Web,WELCOME15,0.0
507100,15156,2025-06-18 15:03:00,Delivered,Net Banking,Mobile App,,49.0
507101,14434,2025-06-18 15:05:00,Delivered,UPI,Mobile App,,0.0
507102,15137,2025-06-18 15:08:00,Delivered,UPI,Mobile Web,WELCOME15,0.0
507103,13775,2025-06-18 15:43:00,Cancelled,UPI,Mobile Web,,0.0
507104,13691,2025-06-18 16:26:00,DELIVERED,Cash on Delivery,Mobile App,,0.0
507105,15047,2025-06-18 17:23:00,Delivered,credit card,Mobile Web,WELCOME15,49.0
507106,15049,2025-06-18 17:27:00,Delivered,UPI,Desktop,,0.0
507107,12960,2025-06-18 17:34:00,Delivered,UPI,Desktop,,49.0
507108,15133,2025-06-18 17:37:00,Delivered,UPI,Desktop,,0.0
507109,15176,2025-06-18 19:05:00,Delivered,Cash on Delivery,Mobile Web,,0.0
507109,15176,2025-06-18 19:05:00,Delivered,Cash on Delivery,Mobile Web,,0.0
507110,15174,2025-06-18 20:59:00,Delivered,COD,Mobile Web,,0.0
507111,15147,2025-06-18 21:15:00,DELIVERED,credit card,Mobile Web,WELCOME15,0.0
507112,15148,2025-06-18 23:22:00,DELIVERED,Debit Card,Mobile Web,WELCOME15,0.0
507113,12672,2025-06-18 23:48:00,Delivered,Upi,Mobile Web,,0.0
507114,13650,2025-06-19 07:12:00,Delivered,Debit Card,Desktop,,0.0
507115,15186,2025-06-19 07:23:00,Delivered,UPI,Mobile App,WELCOME15,0.0
507116,14788,2025-06-19 08:27:00,Delivered,UPI,Desktop,,0.0
507117,15110,2025-06-19 11:22:00,Returned,Cash on Delivery,Mobile Web,WELCOME15,0.0
507118,15121,2025-06-19 11:27:00,Delivered,UPI,Desktop,,0.0
507119,15170,2025-06-19 11:44:00,cancelled ,credit card,Mobile Web,,0.0
507120,15184,2025-06-19 14:37:00,Delivered,UPI,Mobile App,WELCOME15,0.0
507121,15118,2025-06-19 16:22:00,Delivered,UPI,Mobile App,,0.0
507122,15178,2025-06-19 16:55:00,delivered ,Credit Card,Mobile App,WELCOME15,0.0
507123,15059,2025-06-19 17:11:00,Delivered,UPI,Mobile App,,0.0
507124,15145,2025-06-19 19:52:00,delivered ,UPI,Mobile App,WELCOME15,0.0
507125,15166,2025-06-19 19:59:00,Delivered,Upi,Desktop,,0.0
507126,14177,2025-06-19 20:43:00,returned ,UPI,Desktop,,0.0
507127,15077,2025-06-19 21:12:00,Delivered,Credit Card,Mobile App,,0.0
507128,15113,2025-06-19 22:40:00,Delivered,UPI,Mobile Web,,0.0
507129,15122,2025-06-19 23:04:00,cancelled ,Cash on Delivery,Mobile App,SAVE5,49.0
507130,13926,2025-06-19 23:21:00,Delivered,Debit Card,Mobile App,,0.0
507131,15157,2025-06-19 23:36:00,Returned,upi,Desktop,WELCOME15,0.0
507132,15108,2025-06-20 07:20:00,Delivered,Net Banking,Mobile App,,49.0
507133,14083,2025-06-20 08:05:00,Delivered,UPI,Desktop,,0.0
507134,11989,2025-06-20 08:53:00,Cancelled,Cash on Delivery,Mobile Web,,0.0
507135,11063,2025-06-20 08:58:00,Delivered,UPI,Mobile Web,,0.0
507136,15159,2025-06-20 10:07:00,Delivered,UPI,Mobile Web,,0.0
507137,13700,2025-06-20 10:39:00,Delivered,Credit Card,Desktop,,49.0
507138,15120,2025-06-20 11:25:00,DELIVERED,Net Banking,Mobile App,WELCOME15,0.0
507139,13024,2025-06-20 11:39:00,DELIVERED,Cash on Delivery,Mobile App,,0.0
507140,13927,2025-06-20 11:50:00,delivered ,Cash on Delivery,Mobile App,,0.0
507141,15136,2025-06-20 11:57:00,Delivered,Cash on Delivery,Desktop,,0.0
507142,15185,2025-06-20 12:50:00,Delivered,UPI,Mobile App,WELCOME15,0.0
507143,15180,2025-06-20 15:03:00,Cancelled,UPI,Desktop,,0.0
507144,14861,2025-06-20 15:15:00,Delivered,UPI,Mobile Web,,0.0
507145,14847,2025-06-20 15:25:00,Cancelled,UPI,Mobile App,,0.0
507146,13029,2025-06-20 16:41:00,Delivered,Cash on Delivery,Mobile App,,0.0
507147,14671,2025-06-20 19:53:00,Delivered,Net Banking,Mobile App,,0.0
507148,12420,2025-06-20 20:19:00,delivered ,UPI,Mobile Web,,0.0
507149,15175,2025-06-20 21:05:00,Delivered,credit card,Desktop,WELCOME15,49.0
507150,14827,2025-06-20 21:33:00,Delivered,UPI,Mobile App,,0.0
507151,15182,2025-06-20 22:13:00,Delivered,Credit Card,Mobile Web,WELCOME15,49.0
507152,14291,2025-06-20 22:21:00,returned ,Cash on Delivery,Mobile App,,0.0
507153,15008,2025-06-20 22:45:00,Returned,UPI,Desktop,,0.0
507154,15183,2025-06-21 08:27:00,Cancelled,COD,Mobile App,WELCOME15,0.0
507155,13049,2025-06-21 09:49:00,DELIVERED,Net Banking,Mobile Web,,0.0
507156,15107,2025-06-21 11:03:00,Returned,UPI,Mobile Web,,0.0
507157,13882,2025-06-21 12:05:00,DELIVERED,UPI,Mobile Web,,0.0
507158,15049,2025-06-21 14:12:00,Delivered,Credit Card,Mobile App,,0.0
507159,15104,2025-06-21 16:40:00,Delivered,UPI,Mobile Web,,0.0
507160,15142,2025-06-21 17:18:00,Delivered,Cash on Delivery,Mobile App,,0.0
507161,14801,2025-06-21 17:55:00,Delivered,UPI,Mobile App,,0.0
507162,15195,2025-06-21 18:49:00,Delivered,UPI,Desktop,WELCOME15,0.0
507163,10884,2025-06-21 19:26:00,Delivered,Net Banking,Mobile App,,0.0
507164,13541,2025-06-21 20:13:00,delivered ,credit card,Desktop,,0.0
507165,12689,2025-06-21 20:25:00,Delivered,UPI,Desktop,,0.0
507166,13353,2025-06-21 21:58:00,Delivered,UPI,Mobile Web,,0.0
507167,14735,2025-06-21 22:08:00,Delivered,Cash on Delivery,Desktop,,0.0
507168,15207,2025-06-22 07:37:00,Delivered,Upi,Mobile App,,0.0
507169,15160,2025-06-22 08:00:00,Delivered,UPI,Mobile Web,WELCOME15,0.0
507170,13650,2025-06-22 08:36:00,Delivered,Net Banking,Mobile Web,SAVE5,0.0
507171,13134,2025-06-22 08:58:00,Returned,Cash on Delivery,Mobile App,,0.0
507172,15093,2025-06-22 09:10:00,Returned,UPI,Mobile App,WELCOME15,0.0
507173,15132,2025-06-22 09:21:00,Delivered,Debit Card,Desktop,,0.0
507173,15132,2025-06-22 09:21:00,Delivered,Debit Card,Desktop,,0.0
507174,14739,2025-06-22 10:33:00,Delivered,Debit Card,Mobile Web,,49.0
507175,12008,2025-06-22 12:31:00,Returned,Debit Card,Mobile App,,0.0
507176,14103,2025-06-22 12:47:00,Delivered,UPI,Mobile App,,49.0
507177,15205,2025-06-22 13:03:00,delivered ,UPI,Mobile Web,,49.0
507178,15199,2025-06-22 13:14:00,delivered ,Credit Card,Desktop,,49.0
507179,15217,2025-06-22 13:35:00,cancelled ,cod,Mobile App,,0.0
507180,13367,2025-06-22 19:16:00,Returned,cod,Mobile Web,,0.0
507181,14539,2025-06-22 19:52:00,Delivered,UPI,Mobile App,,0.0
507182,15198,2025-06-22 21:27:00,Cancelled,UPI,Mobile Web,,49.0
507183,15101,2025-06-22 21:37:00,Delivered,UPI,Mobile App,WELCOME15,0.0
507184,15128,2025-06-22 21:44:00,DELIVERED,Cash on Delivery,Mobile App,SAVE5,0.0
507185,15208,2025-06-22 22:32:00,Delivered,Net Banking,Mobile Web,,0.0
507186,15105,2025-06-23 07:34:00,Returned,CC,Mobile App,,0.0
507187,15139,2025-06-23 08:22:00,DELIVERED,UPI,Mobile App,,0.0
507188,15129,2025-06-23 11:12:00,Cancelled,UPI,Mobile App,,0.0
507189,14589,2025-06-23 11:35:00,Delivered,upi,Mobile App,,0.0
507190,15191,2025-06-23 11:36:00,Delivered,UPI,Mobile Web,,0.0
507191,15171,2025-06-23 11:53:00,delivered ,UPI,Mobile App,,0.0
507192,11775,2025-06-23 12:24:00,DELIVERED,Upi,Mobile App,SAVE5,0.0
507193,13902,2025-06-23 13:01:00,Returned,Net Banking,Mobile App,,0.0
507194,15226,2025-06-23 13:14:00,Delivered,Net Banking,Mobile App,WELCOME15,0.0
507195,13773,2025-06-23 15:57:00,DELIVERED,debit card,Mobile App,,0.0
507196,10243,2025-06-23 16:15:00,Delivered,Cash on Delivery,Mobile App,,0.0
507197,15196,2025-06-23 16:22:00,DELIVERED,upi,Mobile Web,WELCOME15,49.0
507198,15141,2025-06-23 16:40:00,Delivered,Upi,Mobile App,WELCOME15,0.0
507199,15096,2025-06-23 17:00:00,DELIVERED,Net Banking,Mobile Web,,0.0
507200,14758,2025-06-23 18:16:00,delivered ,UPI,Mobile Web,,0.0
507201,11323,2025-06-23 19:29:00,delivered ,Cash on Delivery,Desktop,,0.0
507202,15225,2025-06-23 21:10:00,delivered ,UPI,Mobile App,,0.0
507203,13105,2025-06-23 21:32:00,Delivered,UPI,Desktop,,0.0
507204,15158,2025-06-23 22:22:00,Delivered,Cash on Delivery,Desktop,,0.0
507204,15158,2025-06-23 22:22:00,Delivered,Cash on Delivery,Desktop,,0.0
507205,11552,2025-06-23 23:07:00,Delivered,Net Banking,Mobile Web,,0.0
507205,11552,2025-06-23 23:07:00,Delivered,Net Banking,Mobile Web,,0.0
507206,10878,2025-06-24 09:24:00,CANCELLED,Credit Card,Mobile Web,,0.0
507207,12868,2025-06-24 09:41:00,DELIVERED,UPI,Mobile App,,0.0
507208,13260,2025-06-24 09:58:00,Delivered,UPI,Mobile Web,,0.0
507209,12659,2025-06-24 10:30:00,Delivered,UPI,Mobile App,,0.0
507210,14704,2025-06-24 11:20:00,returned ,Upi,Mobile App,,0.0
507211,15108,2025-06-24 11:55:00,delivered ,UPI,Mobile App,,0.0
507212,13916,2025-06-24 12:08:00,Delivered,UPI,Mobile App,,0.0
507213,12511,2025-06-24 12:47:00,Delivered,Debit Card,Mobile App,,49.0
507214,15194,2025-06-24 12:48:00,Delivered,UPI,Mobile App,,0.0
507215,15221,2025-06-24 13:30:00,Delivered,Credit Card,Mobile Web,WELCOME15,0.0
507216,14847,2025-06-24 14:05:00,DELIVERED,upi,Mobile App,,0.0
507217,15181,2025-06-24 14:12:00,Returned,UPI,Mobile Web,,0.0
507218,14849,2025-06-24 15:14:00,Delivered,Credit Card,Mobile App,,0.0
507219,13295,2025-06-24 15:38:00,DELIVERED,UPI,Desktop,,0.0
507220,15219,2025-06-24 16:10:00,Delivered,Debit Card,Mobile App,,0.0
507221,15229,2025-06-24 16:18:00,Delivered,Debit Card,Desktop,SAVE5,49.0
507222,12435,2025-06-24 16:55:00,Delivered,Upi,Mobile App,SAVE5,0.0
507223,15211,2025-06-24 17:57:00,Returned,credit card,Mobile Web,,0.0
507224,14715,2025-06-24 19:08:00,Returned,UPI,Mobile App,,0.0
507225,15238,2025-06-24 19:21:00,Delivered,UPI,Mobile Web,,0.0
507226,12891,2025-06-24 20:28:00,RETURNED,Cash on Delivery,Desktop,,0.0
507227,15231,2025-06-24 20:53:00,Delivered,UPI,Mobile App,WELCOME15,0.0
507228,14470,2025-06-24 21:26:00,DELIVERED,Net Banking,Mobile Web,,49.0
507229,14071,2025-06-24 21:34:00,Delivered,UPI,Mobile App,,0.0
507230,15224,2025-06-24 21:58:00,Returned,Cash on Delivery,Mobile App,,0.0
507231,15202,2025-06-24 21:58:00,Delivered,Cash on Delivery,Mobile Web,SAVE5,0.0
507232,15239,2025-06-24 22:54:00,Cancelled,Cash on Delivery,Mobile App,WELCOME15,0.0
507233,15216,2025-06-25 07:06:00,delivered ,UPI,Desktop,,49.0
507234,15230,2025-06-25 07:46:00,Returned,UPI,Mobile App,,0.0
507235,14675,2025-06-25 07:47:00,Cancelled,Cash On Delivery,Mobile Web,,0.0
507236,11967,2025-06-25 08:13:00,Delivered,Credit Card,Mobile Web,,0.0
507237,15244,2025-06-25 08:16:00,Delivered,UPI,Mobile App,SAVE5,0.0
507238,15247,2025-06-25 08:39:00,Delivered,UPI,Desktop,WELCOME15,49.0
507239,15056,2025-06-25 09:37:00,delivered ,Upi,Mobile Web,WELCOME15,0.0
507240,12562,2025-06-25 11:37:00,Cancelled,UPI,Desktop,,0.0
507241,12978,2025-06-25 12:19:00,Delivered,UPI,Mobile App,SAVE5,0.0
507242,15106,2025-06-25 14:04:00,Delivered,Net Banking,Desktop,,0.0
507243,15126,2025-06-25 14:08:00,Delivered,Credit Card,Mobile App,WELCOME15,0.0
507244,13089,2025-06-25 16:05:00,RETURNED,UPI,Mobile Web,,0.0
507245,12218,2025-06-25 17:36:00,Delivered,UPI,Desktop,,0.0
507246,15146,2025-06-25 19:09:00,Delivered,upi,Desktop,,49.0
507247,11973,2025-06-25 19:13:00,delivered ,Credit Card,Mobile Web,,0.0
507248,15237,2025-06-25 23:04:00,DELIVERED,Credit Card,Mobile Web,WELCOME15,0.0
507249,13744,2025-06-26 07:51:00,Delivered,UPI,Mobile App,,0.0
507250,14680,2025-06-26 08:49:00,DELIVERED,UPI,Mobile Web,,0.0
507251,14232,2025-06-26 10:19:00,Delivered,UPI,Mobile Web,,0.0
507252,15252,2025-06-26 10:21:00,DELIVERED,debit card,Desktop,,0.0
507253,15236,2025-06-26 10:27:00,Delivered,Upi,Mobile Web,WELCOME15,0.0
507254,14169,2025-06-26 11:35:00,Delivered,UPI,Mobile App,,0.0
507255,14390,2025-06-26 11:55:00,Delivered,UPI,Desktop,,49.0
507256,15200,2025-06-26 12:13:00,DELIVERED,Cash on Delivery,Mobile Web,,0.0
507257,15241,2025-06-26 14:42:00,Delivered,UPI,Mobile Web,WELCOME15,0.0
507258,14786,2025-06-26 15:08:00,Delivered,Cash on Delivery,Desktop,SAVE5,0.0
507259,15243,2025-06-26 16:25:00,delivered ,Debit Card,Mobile Web,WELCOME15,0.0
507260,15218,2025-06-26 17:17:00,Returned,UPI,Mobile App,WELCOME15,0.0
507261,11960,2025-06-26 18:15:00,DELIVERED,upi,Mobile App,,0.0
507262,15234,2025-06-26 18:57:00,DELIVERED,Upi,Desktop,,0.0
507263,10057,2025-06-26 21:39:00,returned ,Cash on Delivery,Mobile Web,,49.0
507264,12781,2025-06-26 23:34:00,Delivered,UPI,Mobile App,,0.0
507265,14848,2025-06-26 23:36:00,Returned,UPI,Mobile Web,,0.0
507266,15189,2025-06-26 23:56:00,delivered ,Cash on Delivery,Desktop,WELCOME15,0.0
507267,13378,2025-06-27 07:23:00,delivered ,Cash on Delivery,Desktop,,0.0
507268,14737,2025-06-27 10:27:00,Delivered,UPI,Mobile App,,0.0
507269,14667,2025-06-27 11:06:00,DELIVERED,UPI,Mobile App,,0.0
507269,14667,2025-06-27 11:06:00,DELIVERED,UPI,Mobile App,,0.0
507270,14986,2025-06-27 11:51:00,Delivered,UPI,Mobile Web,,0.0
507271,15263,2025-06-27 12:23:00,Delivered,Debit Card,Mobile App,,0.0
507272,15187,2025-06-27 12:51:00,Delivered,Cash on Delivery,Mobile Web,,0.0
507273,13504,2025-06-27 13:44:00,Delivered,Debit Card,Desktop,,0.0
507274,11927,2025-06-27 14:07:00,Delivered,Cash on Delivery,Mobile Web,,0.0
507275,14934,2025-06-27 16:10:00,Delivered,Cash on Delivery,Desktop,,0.0
507276,15227,2025-06-27 18:42:00,Delivered,Credit Card,Mobile App,,0.0
507277,15098,2025-06-27 19:01:00,Returned,COD,Mobile App,,0.0
507278,15108,2025-06-27 19:49:00,Delivered,upi,Mobile App,,0.0
507279,13479,2025-06-27 20:46:00,Delivered,Debit Card,Desktop,,49.0
507280,14716,2025-06-27 20:59:00,Cancelled,Cash on Delivery,Mobile App,,0.0
507281,10782,2025-06-27 21:17:00,Delivered,Cash on Delivery,Mobile App,,0.0
507282,15206,2025-06-27 21:19:00,Returned,Cash On Delivery,Mobile App,SAVE5,0.0
507283,14293,2025-06-27 21:57:00,Returned,Debit Card,Mobile Web,,0.0
507284,15259,2025-06-27 22:00:00,Delivered,Credit Card,Mobile App,,0.0
507285,15164,2025-06-27 23:24:00,Delivered,UPI,Mobile Web,WELCOME15,0.0
507286,15270,2025-06-27 23:28:00,Delivered,Credit Card,Mobile App,SAVE5,0.0
507287,14165,2025-06-27 23:41:00,Returned,UPI,Mobile Web,,0.0
507288,15277,2025-06-28 09:54:00,Delivered,UPI,Mobile Web,,0.0
507289,13362,2025-06-28 10:01:00,DELIVERED,Credit Card,Desktop,SAVE5,0.0
507290,13194,2025-06-28 10:23:00,Delivered,UPI,Desktop,,0.0
507291,15272,2025-06-28 10:53:00,Delivered,Cash on Delivery,Mobile Web,,0.0
507292,15022,2025-06-28 13:20:00,Delivered,UPI,Mobile Web,,0.0
507293,12261,2025-06-28 13:21:00,Cancelled,UPI,Mobile App,SAVE5,0.0
507294,12562,2025-06-28 15:15:00,Delivered,UPI,Mobile App,,0.0
507295,14617,2025-06-28 16:05:00,Delivered,UPI,Desktop,,0.0
507296,15105,2025-06-28 16:44:00,Delivered,Cash on Delivery,Mobile Web,,0.0
507297,12940,2025-06-28 17:55:00,DELIVERED,Cash on Delivery,Mobile Web,,0.0
507298,14357,2025-06-28 20:02:00,DELIVERED,CC,Mobile App,,0.0
507299,14774,2025-06-28 20:18:00,Returned,credit card,Mobile App,,0.0
507300,14512,2025-06-28 22:49:00,Delivered,Debit Card,Mobile App,SAVE5,49.0
507301,15269,2025-06-28 23:05:00,Delivered,UPI,Mobile App,,49.0
507302,13515,2025-06-28 23:15:00,DELIVERED,DC,Mobile Web,,0.0
507303,14485,2025-06-28 23:38:00,delivered ,Credit Card,Mobile App,,0.0
507304,15291,2025-06-29 08:11:00,DELIVERED,Credit Card,Mobile App,WELCOME15,0.0
507305,15232,2025-06-29 09:05:00,Delivered,Debit Card,Mobile App,,0.0
507306,15246,2025-06-29 09:59:00,Delivered,UPI,Mobile Web,WELCOME15,0.0
507307,15292,2025-06-29 10:29:00,Delivered,Credit Card,Desktop,,0.0
507308,10440,2025-06-29 10:35:00,Delivered,upi,Mobile App,,0.0
507309,15284,2025-06-29 11:18:00,Delivered,Credit Card,Mobile App,,0.0
507310,15261,2025-06-29 12:37:00,Delivered,Credit Card,Mobile App,,0.0
507311,15075,2025-06-29 13:15:00,delivered ,Cash on Delivery,Mobile App,,0.0
507312,12491,2025-06-29 13:25:00,DELIVERED,Net Banking,Mobile Web,,0.0
507313,12412,2025-06-29 13:43:00,Delivered,UPI,Mobile Web,,0.0
507314,15245,2025-06-29 15:04:00,Returned,Cash on Delivery,Mobile Web,,0.0
507315,10179,2025-06-29 15:46:00,Delivered,upi,Mobile App,,0.0
507316,15041,2025-06-29 16:36:00,DELIVERED,Credit Card,Mobile App,,0.0
507317,13577,2025-06-29 17:58:00,delivered ,UPI,Mobile Web,,0.0
507318,14140,2025-06-29 19:04:00,Cancelled,Cash on Delivery,Mobile App,,0.0
507319,15092,2025-06-29 19:14:00,Delivered,Upi,Mobile App,,0.0
507320,15287,2025-06-29 19:19:00,Delivered,Credit Card,Mobile App,,0.0
507321,15290,2025-06-29 20:32:00,Cancelled,UPI,Desktop,,0.0
507322,15118,2025-06-29 20:50:00,Delivered,Credit Card,Mobile Web,,0.0
507323,12378,2025-06-29 20:58:00,Delivered,Upi,Mobile App,,0.0
507324,15278,2025-06-29 21:00:00,Delivered,upi,Mobile App,,0.0
507325,12282,2025-06-29 21:23:00,DELIVERED,UPI,Mobile Web,,0.0
507326,14494,2025-06-29 21:38:00,Cancelled,Net Banking,Desktop,,0.0
507327,15280,2025-06-29 21:43:00,delivered ,Net Banking,Mobile App,SAVE5,0.0
507328,15266,2025-06-29 23:02:00,DELIVERED,Net Banking,Desktop,,0.0
507329,15214,2025-06-30 07:31:00,Delivered,UPI,Mobile App,,0.0
507330,15254,2025-06-30 09:12:00,Delivered,Net Banking,Mobile App,WELCOME15,0.0
507331,13521,2025-06-30 10:19:00,Cancelled,UPI,Mobile Web,,0.0
507332,15313,2025-06-30 11:07:00,Delivered,UPI,Mobile Web,,49.0
507333,15000,2025-06-30 11:24:00,Delivered,Credit Card,Mobile App,,0.0
507334,11453,2025-06-30 12:42:00,Delivered,credit card,Mobile App,,0.0
507335,15306,2025-06-30 13:31:00,Delivered,Debit Card,Desktop,,0.0
507336,15187,2025-06-30 13:42:00,CANCELLED,Debit Card,Mobile App,,0.0
507337,15256,2025-06-30 15:10:00,Delivered,UPI,Mobile App,WELCOME15,0.0
507338,15279,2025-06-30 16:28:00,Delivered,UPI,Mobile App,SAVE5,0.0
507339,15220,2025-06-30 16:52:00,Delivered,UPI,Desktop,,0.0
507340,14302,2025-06-30 17:12:00,Returned,Credit Card,Desktop,,0.0
507341,14516,2025-06-30 17:15:00,Delivered,UPI,Mobile Web,,0.0
507342,15296,2025-06-30 17:40:00,delivered ,Upi,Mobile App,,0.0
507343,14100,2025-06-30 18:40:00,CANCELLED,Debit Card,Mobile App,,0.0
507344,13007,2025-06-30 19:03:00,DELIVERED,UPI,Desktop,,0.0
507345,15257,2025-06-30 19:51:00,Delivered,Cash on Delivery,Mobile Web,,0.0
507346,14866,2025-06-30 20:45:00,Delivered,UPI,Mobile Web,,49.0
507347,15268,2025-06-30 21:07:00,DELIVERED,Net Banking,Mobile App,,0.0
507348,13720,2025-06-30 21:33:00,Delivered,Cash on Delivery,Desktop,,0.0
507349,15240,2025-06-30 21:46:00,Delivered,Credit Card,Mobile App,WELCOME15,0.0
507350,15215,2025-06-30 21:56:00,Delivered,Debit Card,Mobile App,WELCOME15,0.0
507351,14758,2025-06-30 23:38:00,Delivered,UPI,Desktop,,0.0
507352,15301,2025-07-01 07:45:00,Cancelled,Net Banking,Mobile App,WELCOME15,0.0
507353,15013,2025-07-01 08:42:00,Delivered,debit card,Mobile App,,0.0
507354,12755,2025-07-01 09:47:00,delivered ,upi,Mobile App,,0.0
507355,15293,2025-07-01 10:06:00,Delivered,Cash on Delivery,Mobile Web,WELCOME15,0.0
507356,15308,2025-07-01 10:06:00,DELIVERED,UPI,Mobile Web,WELCOME15,0.0
507357,14858,2025-07-01 10:53:00,DELIVERED,Net Banking,Mobile App,SAVE5,0.0
507358,12668,2025-07-01 12:27:00,Delivered,UPI,Mobile App,,0.0
507359,11346,2025-07-01 12:28:00,Delivered,upi,Mobile Web,,0.0
507360,15288,2025-07-01 12:35:00,Delivered,Upi,Mobile Web,,0.0
507361,12829,2025-07-01 12:57:00,Cancelled,Credit Card,Mobile Web,SAVE5,0.0
507362,14782,2025-07-01 13:57:00,Delivered,UPI,Desktop,,0.0
507363,14440,2025-07-01 14:22:00,Delivered,UPI,Mobile Web,,0.0
507364,11053,2025-07-01 15:09:00,Delivered,Credit Card,Desktop,,0.0
507365,15255,2025-07-01 15:48:00,Delivered,UPI,Mobile App,,0.0
507366,11550,2025-07-01 16:06:00,Delivered,UPI,Mobile App,,0.0
507367,14716,2025-07-01 16:40:00,DELIVERED,Cash on Delivery,Mobile Web,,0.0
507368,13869,2025-07-01 17:58:00,Delivered,UPI,Mobile App,,0.0
507369,15320,2025-07-01 18:13:00,Returned,Credit Card,Mobile App,WELCOME15,0.0
507370,14674,2025-07-01 18:46:00,Delivered,UPI,Desktop,SAVE5,0.0
507371,10861,2025-07-01 19:19:00,Delivered,Upi,Mobile Web,,0.0
507372,15233,2025-07-01 19:41:00,Delivered,UPI,Mobile Web,,0.0
507373,13476,2025-07-01 20:12:00,Returned,UPI,Desktop,,0.0
507374,11902,2025-07-01 21:12:00,returned ,Credit Card,Desktop,,0.0
507375,15264,2025-07-01 21:31:00,Delivered,UPI,Desktop,WELCOME15,0.0
507376,14605,2025-07-01 21:46:00,Delivered,UPI,Mobile App,,0.0
507377,12891,2025-07-01 21:55:00,delivered ,Upi,Mobile App,,0.0
507378,14374,2025-07-02 07:52:00,DELIVERED,credit card,Mobile App,,0.0
507379,13902,2025-07-02 07:54:00,Delivered,DC,Desktop,,0.0
507380,15339,2025-07-02 07:55:00,Delivered,Credit Card,Mobile Web,,0.0
507381,15223,2025-07-02 08:33:00,Delivered,Cash On Delivery,Mobile App,,0.0
507382,13095,2025-07-02 08:42:00,Returned,UPI,Mobile App,,0.0
507383,14704,2025-07-02 09:05:00,Delivered,Upi,Mobile Web,,0.0
507384,15300,2025-07-02 09:44:00,delivered ,Credit Card,Mobile App,,0.0
507385,13133,2025-07-02 10:04:00,delivered ,Cash on Delivery,Desktop,,0.0
507386,12089,2025-07-02 10:43:00,Delivered,UPI,Desktop,,0.0
507387,15237,2025-07-02 13:35:00,DELIVERED,CC,Mobile Web,SAVE5,0.0
507388,15274,2025-07-02 14:37:00,Returned,upi,Mobile App,,0.0
507389,13983,2025-07-02 15:52:00,delivered ,Debit Card,Mobile App,,0.0
507390,14358,2025-07-02 18:12:00,Delivered,Upi,Mobile App,,0.0
507391,15222,2025-07-02 18:53:00,Delivered,upi,Mobile Web,WELCOME15,0.0
507392,15302,2025-07-02 20:01:00,Delivered,UPI,Mobile Web,SAVE5,0.0
507392,15302,2025-07-02 20:01:00,Delivered,UPI,Mobile Web,SAVE5,0.0
507393,15330,2025-07-02 21:57:00,Delivered,Credit Card,Mobile App,WELCOME15,0.0
507394,12746,2025-07-02 22:21:00,Delivered,Credit Card,Mobile App,,0.0
507395,15249,2025-07-02 23:34:00,Delivered,UPI,Desktop,,0.0
507396,13588,2025-07-02 23:38:00,Delivered,UPI,Mobile Web,,0.0
507397,13366,2025-07-02 23:47:00,Delivered,UPI,Mobile Web,SAVE5,0.0
507398,15319,2025-07-03 09:48:00,Delivered,UPI,Mobile App,,0.0
507399,14985,2025-07-03 10:20:00,Delivered,Net Banking,Mobile Web,SAVE5,0.0
507400,15251,2025-07-03 10:24:00,DELIVERED,Net Banking,Mobile Web,WELCOME15,0.0
507401,13067,2025-07-03 11:30:00,delivered ,DC,Mobile Web,,0.0
507402,15299,2025-07-03 12:46:00,Delivered,Cash on Delivery,Mobile Web,,0.0
507403,15314,2025-07-03 13:49:00,Delivered,Net Banking,Mobile App,WELCOME15,0.0
507404,15295,2025-07-03 15:43:00,Delivered,Cash on Delivery,Mobile App,WELCOME15,0.0
507405,13917,2025-07-03 16:12:00,DELIVERED,UPI,Mobile App,,0.0
507406,12559,2025-07-03 18:10:00,Delivered,UPI,Mobile Web,,49.0
507407,15349,2025-07-03 18:43:00,DELIVERED,upi,Mobile Web,,0.0
507408,15305,2025-07-03 20:11:00,Delivered,Credit Card,Mobile App,WELCOME15,0.0
507409,12782,2025-07-03 21:18:00,Delivered,CC,Mobile App,,0.0
507410,14840,2025-07-03 21:43:00,DELIVERED,UPI,Mobile Web,,0.0
507411,15325,2025-07-04 08:45:00,Delivered,Upi,Mobile App,WELCOME15,0.0
507412,15203,2025-07-04 10:12:00,delivered ,UPI,Desktop,WELCOME15,0.0
507413,15303,2025-07-04 10:31:00,Delivered,UPI,Mobile App,WELCOME15,0.0
507414,15338,2025-07-04 11:16:00,Delivered,UPI,Mobile Web,,0.0
507415,15253,2025-07-04 12:43:00,DELIVERED,UPI,Mobile App,,0.0
507416,13315,2025-07-04 13:00:00,Delivered,UPI,Mobile App,,0.0
507417,15294,2025-07-04 13:01:00,delivered ,Cash on Delivery,Mobile Web,,0.0
507418,15298,2025-07-04 13:07:00,Delivered,Debit Card,Desktop,,0.0
507419,14251,2025-07-04 13:09:00,delivered ,UPI,Mobile Web,,0.0
507420,15297,2025-07-04 13:15:00,Delivered,Debit Card,Mobile App,,0.0
507421,15315,2025-07-04 14:17:00,Delivered,Cash on Delivery,Mobile Web,WELCOME15,0.0
507422,14528,2025-07-04 14:19:00,Delivered,DC,Mobile Web,,0.0
507423,15332,2025-07-04 14:30:00,Delivered,UPI,Mobile Web,WELCOME15,0.0
507424,13348,2025-07-04 14:57:00,Delivered,Net Banking,Desktop,,0.0
507425,15360,2025-07-04 15:33:00,Returned,upi,Mobile Web,,0.0
507426,12960,2025-07-04 17:08:00,Delivered,upi,Mobile App,,0.0
507427,10994,2025-07-04 20:00:00,Delivered,UPI,Mobile App,,0.0
507428,15201,2025-07-04 21:09:00,Delivered,cod,Mobile App,WELCOME15,0.0
507429,15358,2025-07-04 21:15:00,Delivered,Cash on Delivery,Mobile App,WELCOME15,0.0
507430,15075,2025-07-04 21:59:00,Delivered,UPI,Mobile App,,0.0
507431,15263,2025-07-04 22:00:00,Delivered,UPI,Desktop,,0.0
507432,15141,2025-07-04 22:13:00,Delivered,UPI,Desktop,,49.0
507433,15275,2025-07-04 22:22:00,Delivered,Cash On Delivery,Mobile App,,49.0
507434,15228,2025-07-04 22:47:00,DELIVERED,Net Banking,Mobile App,,49.0
507435,13903,2025-07-04 23:40:00,Delivered,Debit Card,Mobile App,SAVE5,49.0
507436,12301,2025-07-05 07:01:00,Returned,Debit Card,Desktop,,0.0
507437,15371,2025-07-05 08:06:00,Returned,UPI,Desktop,,0.0
507438,11550,2025-07-05 08:14:00,Cancelled,Cash on Delivery,Mobile App,SAVE5,0.0
507439,15206,2025-07-05 08:30:00,Delivered,UPI,Mobile App,,0.0
507440,15153,2025-07-05 08:46:00,cancelled ,Cash on Delivery,Mobile Web,WELCOME15,0.0
507441,15373,2025-07-05 09:04:00,Delivered,Debit Card,Mobile App,,0.0
507442,14059,2025-07-05 09:29:00,DELIVERED,Debit Card,Mobile Web,,0.0
507443,15342,2025-07-05 10:01:00,Delivered,UPI,Mobile App,,0.0
507444,14514,2025-07-05 11:15:00,Delivered,UPI,Mobile App,,0.0
507445,15331,2025-07-05 12:11:00,returned ,Cash on Delivery,Mobile Web,WELCOME15,0.0
507446,15359,2025-07-05 12:24:00,Returned,Cash on Delivery,Mobile Web,WELCOME15,0.0
507447,15327,2025-07-05 13:27:00,Returned,upi,Mobile App,,0.0
507448,11872,2025-07-05 14:09:00,Delivered,Debit Card,Mobile App,,0.0
507449,15363,2025-07-05 16:00:00,Delivered,DC,Mobile App,,0.0
507450,15352,2025-07-05 18:12:00,Cancelled,Cash on Delivery,Mobile App,WELCOME15,0.0
507451,15355,2025-07-05 18:15:00,Delivered,Credit Card,Mobile App,WELCOME15,0.0
507452,14635,2025-07-05 18:35:00,Delivered,UPI,Mobile App,,0.0
507453,15376,2025-07-05 19:05:00,Returned,Cash on Delivery,Desktop,WELCOME15,0.0
507454,14485,2025-07-05 20:38:00,Cancelled,Credit Card,Mobile Web,,0.0
507455,15311,2025-07-05 21:04:00,delivered ,Upi,Mobile App,,0.0
507456,15282,2025-07-05 23:20:00,Delivered,Cash on Delivery,Desktop,,0.0
507457,15312,2025-07-05 23:54:00,Delivered,Upi,Mobile Web,WELCOME15,0.0
507458,12516,2025-07-06 07:40:00,Delivered,Cash on Delivery,Desktop,,0.0
507459,15048,2025-07-06 08:22:00,Delivered,UPI,Mobile App,,0.0
507460,14184,2025-07-06 08:26:00,Delivered,Credit Card,Mobile App,,49.0
507461,14479,2025-07-06 09:06:00,Delivered,Upi,Mobile Web,,0.0
507462,15391,2025-07-06 09:31:00,Cancelled,debit card,Mobile App,,0.0
507463,12237,2025-07-06 09:33:00,Delivered,UPI,Mobile Web,,0.0
507464,14852,2025-07-06 10:23:00,delivered ,Net Banking,Desktop,,0.0
507465,15392,2025-07-06 10:52:00,returned ,UPI,Mobile App,,0.0
507466,15348,2025-07-06 11:21:00,delivered ,COD,Mobile App,WELCOME15,0.0
507467,15121,2025-07-06 11:54:00,DELIVERED,Upi,Mobile App,,0.0
507468,11775,2025-07-06 14:00:00,DELIVERED,UPI,Mobile App,,0.0
507469,12711,2025-07-06 16:40:00,delivered ,Debit Card,Mobile App,,0.0
507470,15328,2025-07-06 17:15:00,DELIVERED,UPI,Mobile App,,0.0
507471,15380,2025-07-06 17:37:00,DELIVERED,upi,Desktop,WELCOME15,0.0
507472,14421,2025-07-06 20:21:00,Delivered,Credit Card,Mobile Web,,0.0
507473,15283,2025-07-06 20:28:00,Delivered,credit card,Desktop,,0.0
507474,11602,2025-07-06 21:03:00,Delivered,Credit Card,Mobile App,,0.0
507475,15247,2025-07-06 21:31:00,DELIVERED,Debit Card,Mobile App,,0.0
507476,14761,2025-07-06 22:06:00,DELIVERED,Cash On Delivery,Desktop,,0.0
507477,15366,2025-07-06 22:41:00,Delivered,Net Banking,Mobile Web,WELCOME15,0.0
507478,15227,2025-07-06 22:42:00,Delivered,DC,Desktop,,0.0
507479,13590,2025-07-06 23:33:00,DELIVERED,UPI,Mobile App,,49.0
507480,14114,2025-07-07 07:08:00,Delivered,UPI,Mobile App,,0.0
507481,15134,2025-07-07 10:04:00,Delivered,UPI,Mobile App,,0.0
507482,15402,2025-07-07 10:06:00,Delivered,UPI,Mobile Web,,0.0
507483,14435,2025-07-07 10:20:00,returned ,UPI,Desktop,,0.0
507484,14670,2025-07-07 10:35:00,Delivered,Cash on Delivery,Desktop,,0.0
507485,15385,2025-07-07 11:21:00,Delivered,Debit Card,Mobile App,SAVE5,0.0
507486,15389,2025-07-07 11:29:00,Delivered,CC,Desktop,WELCOME15,0.0
507487,15400,2025-07-07 11:50:00,DELIVERED,Cash on Delivery,Mobile Web,WELCOME15,0.0
507488,13275,2025-07-07 12:02:00,delivered ,credit card,Mobile App,,0.0
507488,13275,2025-07-07 12:02:00,delivered ,credit card,Mobile App,,0.0
507489,14190,2025-07-07 14:06:00,Delivered,UPI,Mobile App,,0.0
507490,15388,2025-07-07 14:10:00,Delivered,Cash on Delivery,Mobile App,,0.0
507491,14374,2025-07-07 14:50:00,Cancelled,Cash on Delivery,Mobile App,,0.0
507492,15307,2025-07-07 16:36:00,Delivered,UPI,Mobile App,,0.0
507493,15383,2025-07-07 17:27:00,Delivered,UPI,Desktop,SAVE5,0.0
507494,15028,2025-07-07 18:55:00,Delivered,Credit Card,Mobile App,,49.0
507495,15381,2025-07-07 19:00:00,Delivered,Cash on Delivery,Mobile Web,,0.0
507496,10582,2025-07-07 19:20:00,Delivered,Debit Card,Mobile App,,0.0
507497,15375,2025-07-07 20:36:00,Delivered,UPI,Mobile Web,WELCOME15,0.0
507498,13294,2025-07-07 21:47:00,Delivered,Cash on Delivery,Mobile App,,0.0
507499,14084,2025-07-07 22:28:00,Returned,Upi,Mobile Web,,0.0
507500,14317,2025-07-07 22:54:00,Delivered,Cash on Delivery,Mobile App,,0.0
507501,13153,2025-07-07 23:20:00,Delivered,Credit Card,Mobile Web,,0.0
507502,15417,2025-07-08 07:03:00,Delivered,Cash on Delivery,Mobile Web,WELCOME15,0.0
507503,14704,2025-07-08 07:32:00,Delivered,Upi,Mobile App,,0.0
507504,15414,2025-07-08 08:14:00,Returned,Debit Card,Mobile App,,0.0
507505,13669,2025-07-08 08:20:00,Returned,debit card,Mobile Web,,0.0
507506,15260,2025-07-08 10:31:00,Delivered,Cash on Delivery,Mobile App,,0.0
507507,14599,2025-07-08 10:34:00,DELIVERED,Cash on Delivery,Desktop,,0.0
507508,14921,2025-07-08 10:59:00,Delivered,CC,Mobile App,,0.0
507509,15357,2025-07-08 11:32:00,Returned,CC,Mobile App,WELCOME15,0.0
507510,14740,2025-07-08 12:29:00,Delivered,Cash on Delivery,Mobile App,,0.0
507511,15401,2025-07-08 12:36:00,Delivered,Credit Card,Mobile App,,49.0
507512,13374,2025-07-08 13:34:00,Delivered,UPI,Desktop,SAVE5,0.0
507513,13105,2025-07-08 14:22:00,Delivered,upi,Mobile App,,0.0
507514,15399,2025-07-08 14:47:00,DELIVERED,UPI,Mobile App,WELCOME15,0.0
507515,15419,2025-07-08 15:02:00,Delivered,UPI,Mobile Web,,0.0
507516,15386,2025-07-08 16:45:00,DELIVERED,UPI,Mobile App,WELCOME15,0.0
507517,15335,2025-07-08 17:49:00,Delivered,credit card,Mobile Web,WELCOME15,0.0
507518,14473,2025-07-08 17:56:00,Delivered,Cash on Delivery,Mobile App,,0.0
507519,15316,2025-07-08 18:50:00,Cancelled,Cash on Delivery,Mobile App,WELCOME15,0.0
507520,15422,2025-07-08 19:13:00,DELIVERED,UPI,Mobile App,,0.0
507521,14095,2025-07-08 19:26:00,Delivered,credit card,Desktop,,0.0
507522,15329,2025-07-08 21:22:00,Delivered,Net Banking,Desktop,,0.0
507523,15346,2025-07-08 23:11:00,Delivered,Debit Card,Mobile App,,0.0
507524,13111,2025-07-09 07:06:00,Delivered,Cash on Delivery,Mobile Web,,0.0
507525,13163,2025-07-09 07:24:00,DELIVERED,UPI,Mobile App,,0.0
507526,14300,2025-07-09 08:15:00,delivered ,Upi,Mobile App,SAVE5,0.0
507527,14890,2025-07-09 09:22:00,Returned,Debit Card,Mobile App,,0.0
507528,14915,2025-07-09 09:23:00,Delivered,Cash on Delivery,Mobile App,,0.0
507529,12589,2025-07-09 11:06:00,Delivered,Credit Card,Desktop,,0.0
507530,13361,2025-07-09 11:47:00,Delivered,UPI,Mobile Web,,49.0
507531,15411,2025-07-09 12:19:00,Cancelled,Debit Card,Desktop,WELCOME15,0.0
507532,15372,2025-07-09 12:42:00,delivered ,Cash on Delivery,Mobile App,SAVE5,0.0
507533,15208,2025-07-09 13:05:00,Delivered,Net Banking,Mobile Web,SAVE5,0.0
507534,10713,2025-07-09 13:23:00,Delivered,UPI,Mobile App,,0.0
507535,15397,2025-07-09 13:44:00,Delivered,COD,Desktop,,0.0
507536,15049,2025-07-09 16:22:00,returned ,UPI,Mobile Web,,0.0
507537,15369,2025-07-09 17:24:00,Returned,Credit Card,Desktop,,0.0
507538,15378,2025-07-09 19:33:00,RETURNED,UPI,Desktop,WELCOME15,0.0
507539,15341,2025-07-09 20:53:00,Delivered,debit card,Mobile App,WELCOME15,0.0
507540,15398,2025-07-09 20:58:00,Delivered,Debit Card,Mobile Web,WELCOME15,0.0
507541,14231,2025-07-09 21:31:00,Delivered,Net Banking,Mobile App,,0.0
507542,12458,2025-07-09 21:57:00,Cancelled,Cash on Delivery,Mobile App,,0.0
507543,13411,2025-07-09 23:45:00,delivered ,Cash on Delivery,Mobile Web,,0.0
507544,14295,2025-07-10 07:35:00,Delivered,Cash on Delivery,Mobile Web,,49.0
507545,15418,2025-07-10 08:03:00,Delivered,UPI,Mobile App,,0.0
507546,15393,2025-07-10 08:38:00,DELIVERED,Cash on Delivery,Mobile App,WELCOME15,0.0
507547,15429,2025-07-10 09:19:00,delivered ,UPI,Mobile App,WELCOME15,0.0
507548,14770,2025-07-10 11:56:00,Delivered,Cash on Delivery,Mobile App,,0.0
507549,15436,2025-07-10 12:06:00,Delivered,Net Banking,Mobile Web,,0.0
507550,15334,2025-07-10 13:13:00,Delivered,CC,Mobile App,WELCOME15,0.0
507551,14461,2025-07-10 13:44:00,delivered ,Cash on Delivery,Mobile Web,SAVE5,0.0
507552,15272,2025-07-10 15:58:00,Delivered,UPI,Mobile App,,0.0
507553,15444,2025-07-10 16:04:00,Delivered,UPI,Mobile Web,,0.0
507554,15351,2025-07-10 16:21:00,Delivered,Debit Card,Mobile App,SAVE5,0.0
507555,14594,2025-07-10 16:40:00,Returned,UPI,Desktop,,0.0
507556,15093,2025-07-10 16:42:00,delivered ,credit card,Mobile App,SAVE5,0.0
507557,15354,2025-07-10 18:43:00,Delivered,COD,Mobile App,,0.0
507558,12141,2025-07-10 19:23:00,Delivered,Cash on Delivery,Mobile Web,SAVE5,0.0
507559,15350,2025-07-10 20:23:00,DELIVERED,Credit Card,Mobile App,,0.0
507560,15420,2025-07-10 20:54:00,Delivered,UPI,Mobile App,WELCOME15,0.0
507561,15317,2025-07-10 20:59:00,DELIVERED,Cash on Delivery,Desktop,,0.0
507562,14754,2025-07-10 22:09:00,Returned,Debit Card,Mobile App,,0.0
507563,13590,2025-07-10 23:20:00,DELIVERED,upi,Mobile Web,,0.0
507564,15286,2025-07-11 07:26:00,Returned,UPI,Mobile App,WELCOME15,0.0
507565,14430,2025-07-11 08:14:00,Returned,UPI,Mobile App,,0.0
507566,12500,2025-07-11 09:08:00,Returned,Cash on Delivery,Desktop,,0.0
507567,15449,2025-07-11 09:47:00,DELIVERED,Credit Card,Mobile Web,,0.0
507568,15221,2025-07-11 10:04:00,Delivered,UPI,Desktop,,0.0
507569,15451,2025-07-11 10:22:00,Delivered,Cash on Delivery,Mobile App,,0.0
507570,14259,2025-07-11 11:23:00,Delivered,UPI,Desktop,,0.0
507571,15408,2025-07-11 13:55:00,Delivered,UPI,Mobile Web,,0.0
507572,15459,2025-07-11 14:16:00,Delivered,UPI,Mobile App,WELCOME15,0.0
507573,15281,2025-07-11 14:47:00,Delivered,UPI,Desktop,,0.0
507574,15467,2025-07-11 15:14:00,Delivered,Cash on Delivery,Desktop,,0.0
507575,15415,2025-07-11 15:33:00,delivered ,UPI,Mobile Web,,0.0
507576,12746,2025-07-11 15:55:00,Delivered,UPI,Mobile Web,SAVE5,0.0
507577,14210,2025-07-11 16:19:00,Delivered,UPI,Mobile App,,0.0
507578,13815,2025-07-11 16:22:00,Returned,CC,Mobile App,,0.0
507579,12215,2025-07-11 17:08:00,Returned,Cash on Delivery,Desktop,,0.0
507580,14912,2025-07-11 17:18:00,Delivered,Credit Card,Mobile App,,0.0
507581,13958,2025-07-11 18:20:00,Delivered,Debit Card,Desktop,,0.0
507582,13902,2025-07-11 21:31:00,delivered ,UPI,Mobile Web,,0.0
507583,15457,2025-07-11 22:14:00,Delivered,UPI,Mobile App,,0.0
507584,15435,2025-07-11 22:21:00,Delivered,Cash on Delivery,Mobile App,WELCOME15,0.0
507585,15216,2025-07-11 22:55:00,Delivered,Cash on Delivery,Mobile App,,0.0
507586,15456,2025-07-11 22:59:00,Delivered,Debit Card,Mobile App,WELCOME15,0.0
507587,13617,2025-07-11 22:59:00,Delivered,credit card,Mobile App,SAVE5,0.0
507588,14599,2025-07-11 23:15:00,Delivered,Debit Card,Mobile Web,SAVE5,0.0
507589,15481,2025-07-12 07:31:00,Delivered,CC,Desktop,WELCOME15,49.0
507590,12809,2025-07-12 08:16:00,DELIVERED,UPI,Mobile Web,,0.0
507591,15076,2025-07-12 10:43:00,DELIVERED,Credit Card,Mobile Web,,0.0
507592,15480,2025-07-12 11:53:00,Delivered,Credit Card,Mobile Web,WELCOME15,0.0
507593,14614,2025-07-12 11:56:00,Delivered,upi,Mobile App,,0.0
507594,15362,2025-07-12 12:23:00,Delivered,Cash on Delivery,Mobile App,,0.0
507595,15426,2025-07-12 13:45:00,Delivered,Credit Card,Desktop,,0.0
507596,14758,2025-07-12 15:43:00,Delivered,UPI,Mobile App,,0.0
507597,15460,2025-07-12 17:34:00,Delivered,UPI,Mobile Web,WELCOME15,0.0
507598,14169,2025-07-12 18:10:00,Delivered,Credit Card,Mobile Web,,0.0
507599,13207,2025-07-12 19:09:00,Delivered,Upi,Desktop,,0.0
507600,13783,2025-07-12 19:34:00,Delivered,Net Banking,Desktop,SAVE5,0.0
507601,12521,2025-07-12 21:05:00,Returned,UPI,Desktop,,0.0
507602,14814,2025-07-12 21:38:00,DELIVERED,Upi,Mobile App,,0.0
507602,14814,2025-07-12 21:38:00,DELIVERED,Upi,Mobile App,,0.0
507603,15430,2025-07-12 21:48:00,Delivered,UPI,Mobile App,,49.0
507604,15440,2025-07-12 22:11:00,Delivered,Upi,Mobile Web,WELCOME15,0.0
507605,13188,2025-07-12 22:48:00,CANCELLED,Credit Card,Mobile App,,0.0
507606,10345,2025-07-12 23:47:00,DELIVERED,Cash on Delivery,Desktop,,0.0
507607,10761,2025-07-13 07:18:00,Delivered,Debit Card,Mobile App,,0.0
507608,15382,2025-07-13 07:45:00,Delivered,UPI,Mobile Web,,0.0
507609,14182,2025-07-13 08:50:00,delivered ,Credit Card,Mobile App,,0.0
507610,14170,2025-07-13 09:39:00,Delivered,Cash on Delivery,Mobile App,,0.0
507611,15424,2025-07-13 10:23:00,Delivered,upi,Mobile App,,0.0
507612,15115,2025-07-13 11:25:00,Delivered,UPI,Mobile App,,0.0
507613,15478,2025-07-13 11:28:00,delivered ,Credit Card,Mobile App,,0.0
507614,15404,2025-07-13 11:46:00,Returned,Credit Card,Mobile Web,WELCOME15,0.0
507615,13998,2025-07-13 12:09:00,Delivered,upi,Mobile Web,SAVE5,0.0
507616,15406,2025-07-13 12:23:00,Delivered,Debit Card,Mobile Web,,0.0
507617,15442,2025-07-13 12:37:00,Delivered,Credit Card,Mobile Web,,0.0
507618,15477,2025-07-13 12:48:00,DELIVERED,credit card,Desktop,,49.0
507619,14866,2025-07-13 14:56:00,delivered ,UPI,Mobile App,,0.0
507620,14090,2025-07-13 15:05:00,Delivered,upi,Desktop,SAVE5,0.0
507621,15211,2025-07-13 15:38:00,Delivered,Credit Card,Mobile App,,0.0
507622,15441,2025-07-13 16:53:00,Delivered,UPI,Desktop,,49.0
507623,14924,2025-07-13 20:52:00,Delivered,UPI,Mobile App,,0.0
507624,13515,2025-07-13 21:22:00,Returned,UPI,Mobile App,,0.0
507625,15387,2025-07-13 22:27:00,Delivered,Credit Card,Mobile Web,WELCOME15,0.0
507626,13108,2025-07-13 22:29:00,Delivered,Credit Card,Mobile App,,49.0
507627,15183,2025-07-13 22:44:00,Delivered,UPI,Desktop,,0.0
507628,15473,2025-07-13 23:47:00,Delivered,CC,Mobile Web,,0.0
507629,12902,2025-07-14 07:09:00,Delivered,Debit Card,Desktop,,49.0
507630,15359,2025-07-14 07:18:00,delivered ,Cash on Delivery,Mobile Web,,0.0
507631,12768,2025-07-14 07:39:00,DELIVERED,UPI,Mobile App,,0.0
507632,11629,2025-07-14 09:13:00,DELIVERED,Upi,Mobile App,,49.0
507633,13182,2025-07-14 09:27:00,Delivered,UPI,Desktop,,0.0
507634,15502,2025-07-14 11:05:00,Returned,Upi,Mobile App,WELCOME15,49.0
507635,14051,2025-07-14 12:28:00,Delivered,UPI,Mobile App,,0.0
507636,15447,2025-07-14 12:48:00,delivered ,Upi,Mobile Web,,0.0
507637,13307,2025-07-14 13:14:00,returned ,UPI,Desktop,,0.0
507638,14671,2025-07-14 14:15:00,Delivered,UPI,Mobile Web,,0.0
507638,14671,2025-07-14 14:15:00,Delivered,UPI,Mobile Web,,0.0
507639,15423,2025-07-14 14:34:00,Cancelled,Net Banking,Mobile Web,WELCOME15,0.0
507640,12057,2025-07-14 14:48:00,Delivered,Cash on Delivery,Mobile App,,0.0
507641,15470,2025-07-14 15:50:00,Delivered,Credit Card,Mobile App,WELCOME15,0.0
507642,11007,2025-07-14 16:36:00,Delivered,UPI,Desktop,,0.0
507643,15487,2025-07-14 17:05:00,Delivered,UPI,Mobile App,SAVE5,0.0
507644,13975,2025-07-14 17:12:00,Delivered,Upi,Mobile App,,0.0
507645,15452,2025-07-14 17:46:00,Delivered,UPI,Mobile Web,WELCOME15,0.0
507646,13634,2025-07-14 18:54:00,Delivered,Cash on Delivery,Desktop,,0.0
507647,15494,2025-07-14 18:55:00,Delivered,UPI,Mobile Web,,0.0
507648,14300,2025-07-14 23:21:00,DELIVERED,Net Banking,Mobile App,,0.0
507649,12516,2025-07-15 07:01:00,Delivered,UPI,Mobile App,SAVE5,0.0
507650,15512,2025-07-15 07:55:00,Delivered,Credit Card,Desktop,WELCOME15,0.0
507651,15377,2025-07-15 08:21:00,Returned,upi,Desktop,,0.0
507652,15337,2025-07-15 08:54:00,Cancelled,Credit Card,Mobile Web,WELCOME15,0.0
507653,15386,2025-07-15 09:28:00,delivered ,UPI,Mobile Web,,0.0
507654,12345,2025-07-15 09:59:00,Delivered,UPI,Mobile App,,0.0
507655,15469,2025-07-15 10:13:00,Delivered,UPI,Mobile App,WELCOME15,0.0
507656,14292,2025-07-15 12:09:00,Delivered,UPI,Desktop,,0.0
507657,15384,2025-07-15 12:56:00,Returned,UPI,Mobile Web,,0.0
507658,13935,2025-07-15 13:21:00,Delivered,DC,Mobile App,,0.0
507659,15458,2025-07-15 15:46:00,Delivered,Cash on Delivery,Mobile App,SAVE5,0.0
507659,15458,2025-07-15 15:46:00,Delivered,Cash on Delivery,Mobile App,SAVE5,0.0
507660,15438,2025-07-15 18:05:00,Delivered,Net Banking,Desktop,WELCOME15,0.0
507661,12731,2025-07-15 18:57:00,Delivered,cod,Mobile App,,0.0
507662,14906,2025-07-15 19:58:00,Delivered,CC,Mobile App,,0.0
507663,15466,2025-07-15 20:10:00,Delivered,UPI,Mobile App,WELCOME15,49.0
507664,15481,2025-07-15 20:14:00,Returned,Debit Card,Mobile App,,0.0
507665,15501,2025-07-15 21:11:00,Delivered,UPI,Mobile Web,WELCOME15,0.0
507666,15499,2025-07-15 21:35:00,Returned,Cash on Delivery,Mobile Web,WELCOME15,0.0
507667,10387,2025-07-15 22:02:00,Delivered,debit card,Mobile Web,,0.0
507668,15492,2025-07-15 22:18:00,Delivered,UPI,Mobile App,WELCOME15,0.0
507669,10409,2025-07-15 22:33:00,Delivered,Cash on Delivery,Mobile App,,0.0
507670,15486,2025-07-15 22:45:00,Delivered,UPI,Mobile Web,,0.0
507671,15491,2025-07-15 22:52:00,delivered ,cod,Desktop,WELCOME15,0.0
507671,15491,2025-07-15 22:52:00,delivered ,cod,Desktop,WELCOME15,0.0
507672,15160,2025-07-16 09:31:00,Delivered,upi,Desktop,,0.0
507673,15493,2025-07-16 09:56:00,Delivered,CC,Mobile Web,,0.0
507674,15514,2025-07-16 11:24:00,Delivered,Credit Card,Mobile Web,WELCOME15,0.0
507675,15471,2025-07-16 11:52:00,DELIVERED,Cash on Delivery,Mobile App,,0.0
507676,15445,2025-07-16 12:57:00,Delivered,cod,Mobile Web,WELCOME15,0.0
507677,15432,2025-07-16 14:24:00,Returned,UPI,Mobile App,,0.0
507678,14952,2025-07-16 14:56:00,Delivered,Credit Card,Mobile App,,0.0
507679,15519,2025-07-16 15:18:00,Delivered,Credit Card,Mobile App,WELCOME15,0.0
507680,15484,2025-07-16 15:31:00,Delivered,Cash on Delivery,Mobile Web,,49.0
507681,13896,2025-07-16 15:42:00,Delivered,Debit Card,Desktop,,0.0
507682,15496,2025-07-16 17:48:00,RETURNED,UPI,Mobile App,WELCOME15,0.0
507683,15498,2025-07-16 17:51:00,Returned,Debit Card,Desktop,WELCOME15,0.0
507684,15509,2025-07-16 18:09:00,Delivered,Credit Card,Mobile Web,,0.0
507685,13442,2025-07-16 19:31:00,Delivered,Credit Card,Mobile Web,,0.0
507686,15379,2025-07-16 20:04:00,Returned,Net Banking,Desktop,,0.0
507687,13998,2025-07-16 20:47:00,Delivered,UPI,Mobile Web,,0.0
507688,13567,2025-07-16 21:05:00,DELIVERED,UPI,Mobile Web,,0.0
507689,15482,2025-07-16 21:19:00,Delivered,DC,Mobile App,,0.0
507690,14539,2025-07-16 23:01:00,Cancelled,Cash on Delivery,Mobile Web,,0.0
507691,15134,2025-07-16 23:29:00,Delivered,UPI,Mobile Web,,0.0
507692,15055,2025-07-17 08:45:00,Delivered,UPI,Mobile Web,,0.0
507693,14471,2025-07-17 09:44:00,Returned,credit card,Mobile Web,,0.0
507694,15276,2025-07-17 10:28:00,Delivered,Credit Card,Desktop,SAVE5,0.0
507695,15506,2025-07-17 14:37:00,Delivered,credit card,Mobile Web,,0.0
507696,15144,2025-07-17 15:41:00,Delivered,Cash on Delivery,Mobile App,,0.0
507697,15365,2025-07-17 17:14:00,Delivered,COD,Mobile Web,WELCOME15,0.0
507698,14506,2025-07-17 17:15:00,Delivered,Cash on Delivery,Mobile Web,,0.0
507699,15523,2025-07-17 17:50:00,DELIVERED,CC,Mobile App,WELCOME15,49.0
507700,15405,2025-07-17 18:15:00,Delivered,debit card,Mobile App,WELCOME15,0.0
507701,15086,2025-07-17 18:40:00,Delivered,upi,Mobile Web,,49.0
507702,12282,2025-07-17 19:33:00,Returned,UPI,Desktop,,0.0
507703,15522,2025-07-17 20:08:00,Delivered,Credit Card,Mobile App,WELCOME15,0.0
507704,14478,2025-07-17 20:11:00,DELIVERED,Cash on Delivery,Mobile App,,0.0
507705,15511,2025-07-17 21:12:00,delivered ,Upi,Mobile Web,WELCOME15,49.0
507706,15479,2025-07-17 22:33:00,Delivered,Debit Card,Mobile Web,,0.0
507707,14532,2025-07-17 22:50:00,Delivered,Net Banking,Mobile Web,,0.0
507708,15495,2025-07-17 23:05:00,Cancelled,UPI,Mobile App,,0.0
507709,15403,2025-07-18 08:46:00,DELIVERED,Cash on Delivery,Mobile App,WELCOME15,0.0
507710,15515,2025-07-18 09:03:00,Delivered,UPI,Desktop,WELCOME15,0.0
507711,12935,2025-07-18 09:25:00,Delivered,Cash on Delivery,Desktop,,0.0
507712,11938,2025-07-18 10:14:00,Delivered,UPI,Mobile Web,,0.0
507713,15542,2025-07-18 10:25:00,delivered ,Upi,Mobile Web,WELCOME15,0.0
507714,14860,2025-07-18 11:25:00,Delivered,Net Banking,Mobile App,,0.0
507715,15488,2025-07-18 11:30:00,Delivered,UPI,Mobile App,WELCOME15,0.0
507716,15483,2025-07-18 12:42:00,Delivered,Cash on Delivery,Mobile Web,WELCOME15,0.0
507717,14440,2025-07-18 13:10:00,DELIVERED,Credit Card,Mobile Web,,0.0
507718,15533,2025-07-18 15:52:00,CANCELLED,UPI,Mobile Web,,0.0
507719,12943,2025-07-18 16:00:00,Delivered,Credit Card,Mobile App,,0.0
507720,15198,2025-07-18 16:11:00,Delivered,Cash on Delivery,Mobile Web,,0.0
507721,13730,2025-07-18 18:03:00,Delivered,Credit Card,Mobile App,,0.0
507722,15468,2025-07-18 19:17:00,Delivered,UPI,Mobile App,SAVE5,0.0
507723,11235,2025-07-18 20:57:00,Delivered,Credit Card,Desktop,,49.0
507724,15463,2025-07-18 22:42:00,delivered ,Net Banking,Mobile App,WELCOME15,0.0
507725,15378,2025-07-18 23:06:00,Delivered,UPI,Mobile App,,0.0
507726,15548,2025-07-19 08:14:00,DELIVERED,UPI,Mobile App,,0.0
507727,15418,2025-07-19 08:15:00,Delivered,UPI,Mobile Web,,0.0
507728,10120,2025-07-19 10:58:00,Returned,upi,Desktop,,0.0
507729,15516,2025-07-19 11:32:00,delivered ,UPI,Desktop,,0.0
507730,12447,2025-07-19 12:25:00,delivered ,UPI,Mobile Web,,0.0
507731,15549,2025-07-19 13:06:00,Delivered,UPI,Mobile App,WELCOME15,0.0
507732,15417,2025-07-19 14:41:00,Delivered,Debit Card,Desktop,,0.0
507733,15556,2025-07-19 18:03:00,delivered ,UPI,Desktop,WELCOME15,0.0
507734,15416,2025-07-19 18:14:00,delivered ,UPI,Mobile App,,0.0
507735,15525,2025-07-19 19:10:00,Delivered,Cash on Delivery,Desktop,WELCOME15,0.0
507736,12496,2025-07-19 19:49:00,Delivered,UPI,Desktop,,0.0
507737,15561,2025-07-19 21:26:00,Delivered,Cash on Delivery,Mobile Web,,49.0
507738,11804,2025-07-19 23:32:00,RETURNED,debit card,Mobile App,SAVE5,0.0
507739,15532,2025-07-19 23:33:00,delivered ,UPI,Mobile App,WELCOME15,0.0
507740,15433,2025-07-20 07:44:00,Returned,Credit Card,Mobile Web,,0.0
507741,15539,2025-07-20 08:30:00,Delivered,Debit Card,Mobile App,,0.0
507742,15467,2025-07-20 09:17:00,Cancelled,Cash on Delivery,Mobile Web,,0.0
507743,15470,2025-07-20 10:38:00,delivered ,Cash on Delivery,Mobile App,,0.0
507744,12978,2025-07-20 12:34:00,DELIVERED,UPI,Desktop,,0.0
507745,15524,2025-07-20 13:29:00,delivered ,UPI,Mobile App,WELCOME15,0.0
507746,15546,2025-07-20 14:00:00,RETURNED,upi,Mobile Web,WELCOME15,0.0
507747,14725,2025-07-20 14:12:00,RETURNED,Credit Card,Mobile Web,SAVE5,0.0
507748,15558,2025-07-20 14:24:00,delivered ,UPI,Mobile Web,,0.0
507749,15568,2025-07-20 15:22:00,Delivered,Debit Card,Mobile App,,0.0
507750,15314,2025-07-20 16:06:00,Delivered,Net Banking,Desktop,,49.0
507751,12803,2025-07-20 17:13:00,delivered ,UPI,Mobile App,,0.0
507752,15520,2025-07-20 18:15:00,Delivered,UPI,Mobile App,WELCOME15,0.0
507753,15573,2025-07-20 18:22:00,DELIVERED,upi,Mobile Web,WELCOME15,0.0
507754,12553,2025-07-20 19:04:00,Delivered,Net Banking,Mobile Web,,0.0
507755,15522,2025-07-20 20:56:00,DELIVERED,Cash on Delivery,Desktop,,49.0
507756,15562,2025-07-20 21:28:00,Cancelled,Upi,Mobile App,,0.0
507757,15489,2025-07-20 21:29:00,Delivered,UPI,Mobile App,,0.0
507758,15570,2025-07-20 22:50:00,Delivered,Debit Card,Mobile App,,0.0
507759,15254,2025-07-20 23:37:00,Delivered,UPI,Desktop,,0.0
507760,15118,2025-07-20 23:49:00,Delivered,UPI,Mobile App,,0.0
507761,15304,2025-07-21 08:54:00,Delivered,Upi,Mobile Web,WELCOME15,0.0
507762,15572,2025-07-21 09:20:00,Returned,Debit Card,Mobile Web,,0.0
507763,15566,2025-07-21 09:21:00,Delivered,debit card,Mobile App,WELCOME15,0.0
507764,13466,2025-07-21 10:11:00,Delivered,UPI,Mobile App,,0.0
507765,14062,2025-07-21 14:53:00,Delivered,Net Banking,Mobile Web,,0.0
507766,11850,2025-07-21 15:11:00,Delivered,Credit Card,Mobile App,,0.0
507767,15576,2025-07-21 15:54:00,Delivered,debit card,Mobile App,,49.0
507768,15517,2025-07-21 16:38:00,Delivered,UPI,Mobile App,WELCOME15,49.0
507769,15526,2025-07-21 18:44:00,Delivered,UPI,Mobile Web,,0.0
507770,13641,2025-07-21 18:53:00,Delivered,UPI,Mobile Web,,0.0
507771,12309,2025-07-21 21:19:00,Delivered,Cash on Delivery,Mobile App,SAVE5,0.0
507772,15555,2025-07-21 22:34:00,Returned,Net Banking,Mobile App,,0.0
507773,15536,2025-07-21 22:49:00,Delivered,Debit Card,Mobile Web,,0.0
507774,15580,2025-07-21 22:55:00,Delivered,UPI,Mobile App,WELCOME15,0.0
507775,14475,2025-07-21 23:39:00,Delivered,Credit Card,Desktop,,0.0
507776,14187,2025-07-21 23:45:00,Delivered,Upi,Mobile App,,0.0
507777,15563,2025-07-22 07:59:00,Delivered,Debit Card,Desktop,,0.0
507778,14317,2025-07-22 08:38:00,delivered ,UPI,Desktop,,0.0
507779,14587,2025-07-22 08:55:00,Delivered,UPI,Mobile App,,0.0
507780,15595,2025-07-22 09:22:00,Delivered,CC,Mobile Web,,0.0
507781,13896,2025-07-22 09:31:00,Delivered,Debit Card,Mobile Web,,0.0
507782,15472,2025-07-22 10:06:00,Delivered,UPI,Desktop,WELCOME15,0.0
507783,11635,2025-07-22 10:12:00,Delivered,Credit Card,Mobile App,,0.0
507784,15557,2025-07-22 12:06:00,Cancelled,UPI,Desktop,WELCOME15,0.0
507785,14511,2025-07-22 12:49:00,Delivered,upi,Mobile Web,,0.0
507786,15574,2025-07-22 12:51:00,Delivered,Debit Card,Desktop,WELCOME15,0.0
507787,14834,2025-07-22 13:12:00,Delivered,Cash on Delivery,Mobile App,,0.0
507788,14875,2025-07-22 13:51:00,Delivered,Credit Card,Mobile App,,49.0
507789,15126,2025-07-22 14:41:00,DELIVERED,UPI,Desktop,,0.0
507790,15548,2025-07-22 16:09:00,delivered ,credit card,Desktop,,0.0
507791,15446,2025-07-22 16:42:00,Delivered,UPI,Mobile App,,0.0
507792,15583,2025-07-22 19:53:00,Delivered,cod,Mobile App,,0.0
507793,15560,2025-07-22 19:54:00,cancelled ,UPI,Desktop,,0.0
507794,13803,2025-07-22 20:17:00,Delivered,Credit Card,Mobile Web,,0.0
507795,15553,2025-07-22 20:21:00,Delivered,UPI,Mobile Web,,0.0
507796,14672,2025-07-22 21:39:00,Delivered,Cash on Delivery,Mobile App,,0.0
507797,10345,2025-07-22 22:10:00,Delivered,Credit Card,Mobile Web,,0.0
507798,12572,2025-07-22 22:15:00,DELIVERED,UPI,Mobile Web,,0.0
507799,15527,2025-07-22 23:09:00,Delivered,UPI,Mobile Web,,0.0
507800,15485,2025-07-23 07:15:00,DELIVERED,UPI,Mobile App,,0.0
507801,15589,2025-07-23 07:50:00,Delivered,CC,Mobile Web,WELCOME15,0.0
507802,15233,2025-07-23 08:02:00,Delivered,UPI,Desktop,,0.0
507803,15554,2025-07-23 08:10:00,Delivered,Cash on Delivery,Mobile App,WELCOME15,0.0
507804,15603,2025-07-23 08:27:00,DELIVERED,UPI,Desktop,WELCOME15,0.0
507805,15593,2025-07-23 09:15:00,Delivered,Credit Card,Mobile Web,,0.0
507806,15547,2025-07-23 10:09:00,Delivered,upi,Mobile App,WELCOME15,0.0
507807,12450,2025-07-23 13:15:00,Cancelled,Cash on Delivery,Mobile App,,0.0
507808,13248,2025-07-23 13:24:00,Delivered,UPI,Mobile App,,0.0
507809,13348,2025-07-23 13:43:00,Delivered,COD,Mobile App,,0.0
507810,14140,2025-07-23 14:39:00,Delivered,Upi,Mobile App,,0.0
507811,14895,2025-07-23 15:17:00,Delivered,UPI,Desktop,,0.0
507812,15587,2025-07-23 19:26:00,Delivered,Debit Card,Desktop,WELCOME15,0.0
507813,15591,2025-07-23 21:14:00,Delivered,upi,Mobile App,WELCOME15,0.0
507814,15582,2025-07-23 21:17:00,Delivered,COD,Mobile Web,,0.0
507815,15538,2025-07-23 23:29:00,Delivered,Cash on Delivery,Desktop,SAVE5,49.0
507816,15592,2025-07-23 23:46:00,Delivered,UPI,Mobile Web,,0.0
507817,15425,2025-07-24 07:31:00,DELIVERED,Debit Card,Mobile App,,0.0
507818,15601,2025-07-24 07:38:00,Delivered,Credit Card,Mobile App,,0.0
507819,15621,2025-07-24 08:07:00,DELIVERED,Net Banking,Mobile App,WELCOME15,0.0
507820,15631,2025-07-24 08:19:00,Delivered,UPI,Desktop,,0.0
507821,15612,2025-07-24 09:05:00,Delivered,Upi,Mobile Web,WELCOME15,0.0
507822,13344,2025-07-24 09:40:00,Delivered,UPI,Desktop,SAVE5,0.0
507823,15540,2025-07-24 09:49:00,Delivered,UPI,Mobile App,WELCOME15,0.0
507824,14486,2025-07-24 09:49:00,DELIVERED,Cash on Delivery,Mobile Web,,0.0
507825,12089,2025-07-24 10:38:00,Cancelled,UPI,Mobile App,,49.0
507826,13587,2025-07-24 13:16:00,DELIVERED,Cash on Delivery,Mobile App,,0.0
507827,13997,2025-07-24 14:16:00,Delivered,Upi,Mobile App,,0.0
507828,14983,2025-07-24 15:15:00,Delivered,Credit Card,Mobile Web,,0.0
507829,15566,2025-07-24 15:36:00,DELIVERED,Debit Card,Mobile App,,0.0
507830,15435,2025-07-24 16:45:00,delivered ,UPI,Mobile App,,0.0
507831,15623,2025-07-24 17:25:00,delivered ,Cash on Delivery,Desktop,SAVE5,0.0
507832,15619,2025-07-24 18:20:00,Delivered,Upi,Mobile Web,WELCOME15,0.0
507833,15567,2025-07-24 18:21:00,Delivered,DC,Mobile App,WELCOME15,0.0
507834,14650,2025-07-24 19:23:00,Delivered,UPI,Desktop,,0.0
507835,14255,2025-07-24 19:44:00,delivered ,credit card,Mobile Web,,0.0
507836,15586,2025-07-24 20:57:00,Delivered,Debit Card,Desktop,,0.0
507837,15241,2025-07-24 23:06:00,Delivered,Net Banking,Mobile Web,,49.0
507838,15600,2025-07-25 07:09:00,Returned,Net Banking,Mobile App,,0.0
507839,15202,2025-07-25 07:30:00,Delivered,UPI,Mobile App,,0.0
507840,14675,2025-07-25 07:46:00,Delivered,UPI,Mobile App,,0.0
507841,15633,2025-07-25 08:11:00,Delivered,UPI,Mobile App,WELCOME15,0.0
507842,15530,2025-07-25 08:52:00,Cancelled,UPI,Desktop,WELCOME15,0.0
507843,15012,2025-07-25 08:58:00,Cancelled,upi,Desktop,,0.0
507844,15432,2025-07-25 09:29:00,Delivered,Cash on Delivery,Mobile App,,0.0
507845,15614,2025-07-25 10:16:00,DELIVERED,cod,Mobile Web,,49.0
507846,15579,2025-07-25 10:22:00,Delivered,UPI,Mobile App,WELCOME15,0.0
507847,15577,2025-07-25 10:52:00,Delivered,Credit Card,Mobile Web,,0.0
507848,11594,2025-07-25 11:50:00,Delivered,Credit Card,Mobile App,,0.0
507849,12701,2025-07-25 12:11:00,DELIVERED,UPI,Mobile Web,,0.0
507850,13715,2025-07-25 14:22:00,Delivered,Cash on Delivery,Desktop,,0.0
507851,15428,2025-07-25 14:37:00,Delivered,UPI,Mobile App,,0.0
507852,10602,2025-07-25 14:54:00,DELIVERED,Cash On Delivery,Mobile Web,,0.0
507853,12478,2025-07-25 15:31:00,Delivered,UPI,Mobile App,,49.0
507854,15625,2025-07-25 16:45:00,DELIVERED,Upi,Desktop,WELCOME15,0.0
507855,15588,2025-07-25 16:54:00,DELIVERED,CC,Mobile Web,WELCOME15,0.0
507856,15446,2025-07-25 19:35:00,Delivered,UPI,Mobile App,,0.0
507857,15363,2025-07-25 22:11:00,Returned,Credit Card,Mobile App,,0.0
507858,15639,2025-07-25 22:22:00,Delivered,UPI,Desktop,WELCOME15,0.0
507859,13223,2025-07-25 23:12:00,Delivered,Debit Card,Mobile App,,0.0
507860,11385,2025-07-26 07:01:00,Returned,upi,Mobile App,,0.0
507861,15640,2025-07-26 07:58:00,Delivered,UPI,Mobile App,SAVE5,0.0
507862,15544,2025-07-26 08:38:00,Returned,UPI,Mobile Web,WELCOME15,0.0
507863,15394,2025-07-26 09:16:00,DELIVERED,Debit Card,Mobile App,SAVE5,0.0
507864,13882,2025-07-26 09:30:00,Delivered,Credit Card,Mobile App,,0.0
507865,15656,2025-07-26 11:09:00,Delivered,UPI,Mobile App,WELCOME15,0.0
507866,14600,2025-07-26 11:53:00,Cancelled,UPI,Mobile App,,0.0
507867,15564,2025-07-26 11:56:00,Delivered,UPI,Mobile App,WELCOME15,0.0
507868,15624,2025-07-26 12:24:00,Delivered,UPI,Desktop,,0.0
507869,12500,2025-07-26 13:15:00,Delivered,upi,Mobile Web,,0.0
507870,15646,2025-07-26 14:55:00,Delivered,Credit Card,Mobile App,WELCOME15,0.0
507871,13261,2025-07-26 15:18:00,delivered ,Upi,Mobile Web,,0.0
507872,15626,2025-07-26 16:03:00,Returned,Cash on Delivery,Mobile App,,0.0
507873,15518,2025-07-26 16:25:00,Cancelled,Cash on Delivery,Desktop,,0.0
507874,15641,2025-07-26 16:35:00,delivered ,Credit Card,Desktop,SAVE5,0.0
507875,14387,2025-07-26 16:48:00,returned ,UPI,Mobile App,,0.0
507876,14155,2025-07-26 17:54:00,DELIVERED,Cash on Delivery,Mobile App,,49.0
507877,15559,2025-07-26 18:30:00,Delivered,Cash on Delivery,Mobile App,,0.0
507878,11705,2025-07-26 19:49:00,DELIVERED,Credit Card,Desktop,,0.0
507879,15654,2025-07-26 21:28:00,Delivered,Debit Card,Mobile App,WELCOME15,0.0
507880,15609,2025-07-26 21:52:00,delivered ,debit card,Desktop,WELCOME15,0.0
507881,13783,2025-07-26 22:00:00,DELIVERED,UPI,Desktop,,0.0
507882,15637,2025-07-26 22:37:00,delivered ,upi,Desktop,,0.0
507883,12491,2025-07-26 23:21:00,Delivered,Credit Card,Desktop,,0.0
507884,13994,2025-07-26 23:36:00,Delivered,UPI,Mobile App,,0.0
507885,15608,2025-07-27 07:38:00,Delivered,CC,Mobile Web,WELCOME15,0.0
507886,15635,2025-07-27 09:10:00,Delivered,CC,Mobile App,WELCOME15,49.0
507887,15360,2025-07-27 09:36:00,Delivered,UPI,Mobile Web,,0.0
507888,14965,2025-07-27 13:38:00,delivered ,Debit Card,Mobile App,,0.0
507889,15575,2025-07-27 13:50:00,Delivered,Debit Card,Mobile Web,,49.0
507890,15454,2025-07-27 14:50:00,Delivered,debit card,Mobile App,,0.0
507891,15673,2025-07-27 16:55:00,Delivered,Debit Card,Mobile Web,WELCOME15,0.0
507892,14704,2025-07-27 17:44:00,Delivered,Credit Card,Desktop,,0.0
507893,15056,2025-07-27 18:05:00,Delivered,UPI,Mobile Web,,0.0
507894,15610,2025-07-27 18:47:00,Delivered,Debit Card,Mobile Web,,0.0
507895,13588,2025-07-27 22:55:00,Delivered,UPI,Mobile App,,0.0
507896,14189,2025-07-27 23:21:00,Returned,Credit Card,Mobile App,SAVE5,0.0
507897,11597,2025-07-27 23:54:00,Delivered,upi,Mobile Web,,0.0
507898,15660,2025-07-28 07:59:00,Delivered,UPI,Mobile App,,0.0
507899,15602,2025-07-28 08:16:00,Delivered,UPI,Desktop,WELCOME15,0.0
507900,15170,2025-07-28 09:04:00,Delivered,upi,Mobile Web,SAVE5,0.0
507901,14329,2025-07-28 09:13:00,Delivered,Upi,Desktop,,0.0
507902,15597,2025-07-28 09:48:00,Delivered,UPI,Mobile Web,,0.0
507903,15674,2025-07-28 14:35:00,DELIVERED,Credit Card,Desktop,WELCOME15,0.0
507904,12370,2025-07-28 15:28:00,Delivered,UPI,Desktop,,0.0
507905,15571,2025-07-28 15:48:00,Delivered,UPI,Mobile App,,0.0
507906,15678,2025-07-28 16:45:00,delivered ,UPI,Mobile App,SAVE5,0.0
507907,15647,2025-07-28 16:51:00,Delivered,UPI,Mobile App,,0.0
507908,15240,2025-07-28 17:56:00,Delivered,Credit Card,Mobile App,,49.0
507909,13727,2025-07-28 18:22:00,delivered ,Upi,Mobile App,,49.0
507910,15205,2025-07-28 18:33:00,RETURNED,Cash on Delivery,Mobile App,,0.0
507911,13080,2025-07-28 19:52:00,RETURNED,Debit Card,Mobile App,SAVE5,0.0
507911,13080,2025-07-28 19:52:00,RETURNED,Debit Card,Mobile App,SAVE5,0.0
507912,13008,2025-07-28 20:09:00,Delivered,upi,Desktop,,0.0
507913,15616,2025-07-28 20:40:00,Delivered,UPI,Desktop,,0.0
507914,15440,2025-07-28 20:47:00,delivered ,upi,Mobile App,,0.0
507915,15655,2025-07-28 21:37:00,Delivered,UPI,Mobile App,WELCOME15,0.0
507916,15283,2025-07-28 21:37:00,delivered ,Cash on Delivery,Desktop,,0.0
507917,11490,2025-07-28 23:14:00,Delivered,Net Banking,Mobile App,,0.0
507918,15672,2025-07-29 07:33:00,Returned,Credit Card,Mobile App,,0.0
507919,15359,2025-07-29 09:06:00,Delivered,Upi,Mobile Web,SAVE5,0.0
507920,15555,2025-07-29 10:56:00,Delivered,UPI,Desktop,,0.0
507921,12731,2025-07-29 11:39:00,Delivered,Cash on Delivery,Desktop,SAVE5,0.0
507922,15669,2025-07-29 12:04:00,Returned,UPI,Mobile Web,,0.0
507923,15695,2025-07-29 14:57:00,Delivered,upi,Mobile App,SAVE5,0.0
507924,15694,2025-07-29 15:16:00,Cancelled,Cash On Delivery,Mobile App,WELCOME15,0.0
507925,15680,2025-07-29 15:29:00,DELIVERED,Net Banking,Mobile App,,0.0
507926,15685,2025-07-29 16:38:00,Delivered,UPI,Mobile App,WELCOME15,0.0
507927,14689,2025-07-29 18:29:00,delivered ,Net Banking,Mobile Web,,0.0
507928,15368,2025-07-29 19:57:00,Delivered,Cash On Delivery,Mobile App,WELCOME15,0.0
507929,15598,2025-07-29 21:41:00,RETURNED,Cash on Delivery,Mobile Web,,0.0
507930,15636,2025-07-29 22:10:00,cancelled ,UPI,Mobile App,WELCOME15,0.0
507931,11550,2025-07-29 22:26:00,Returned,UPI,Mobile App,,0.0
507932,14890,2025-07-30 07:23:00,delivered ,credit card,Mobile App,,0.0
507933,14279,2025-07-30 07:35:00,Delivered,UPI,Mobile App,,0.0
507934,15414,2025-07-30 07:54:00,Delivered,UPI,Mobile App,,49.0
507935,15605,2025-07-30 08:29:00,Cancelled,Credit Card,Mobile App,WELCOME15,0.0
507936,13111,2025-07-30 09:39:00,Delivered,upi,Mobile App,,0.0
507937,12569,2025-07-30 10:03:00,Delivered,Cash on Delivery,Mobile Web,,0.0
507938,15689,2025-07-30 11:25:00,Delivered,credit card,Desktop,WELCOME15,0.0
507939,14685,2025-07-30 11:29:00,Delivered,UPI,Mobile App,,0.0
507940,14551,2025-07-30 12:40:00,DELIVERED,credit card,Mobile App,,0.0
507941,15679,2025-07-30 13:11:00,Delivered,UPI,Mobile App,,0.0
507942,15676,2025-07-30 15:02:00,Delivered,Cash on Delivery,Mobile App,WELCOME15,0.0
507943,15671,2025-07-30 15:44:00,DELIVERED,UPI,Mobile App,,0.0
507944,13207,2025-07-30 17:47:00,Delivered,UPI,Mobile Web,,0.0
507945,13106,2025-07-30 18:12:00,Delivered,Cash On Delivery,Mobile App,,0.0
507946,15684,2025-07-30 18:27:00,Delivered,UPI,Desktop,,0.0
507947,14924,2025-07-30 18:53:00,DELIVERED,Credit Card,Mobile App,,0.0
507948,15428,2025-07-30 19:16:00,Cancelled,Debit Card,Mobile App,,0.0
507949,15584,2025-07-30 19:33:00,Cancelled,cod,Mobile App,,0.0
507950,14269,2025-07-30 21:27:00,Delivered,UPI,Mobile Web,,0.0
507951,14955,2025-07-30 22:49:00,Delivered,cod,Desktop,,0.0
507952,15652,2025-07-30 22:54:00,Delivered,upi,Mobile App,WELCOME15,0.0
507953,15577,2025-07-31 08:40:00,DELIVERED,UPI,Mobile App,,0.0
507954,13695,2025-07-31 09:09:00,DELIVERED,Cash on Delivery,Desktop,,0.0
507955,13848,2025-07-31 09:26:00,DELIVERED,Credit Card,Desktop,,49.0
507956,15629,2025-07-31 10:27:00,Delivered,UPI,Desktop,WELCOME15,0.0
507957,13870,2025-07-31 10:28:00,Delivered,Credit Card,Desktop,,0.0
507958,15545,2025-07-31 10:52:00,Delivered,UPI,Mobile Web,WELCOME15,0.0
507959,15596,2025-07-31 11:29:00,delivered ,UPI,Mobile App,WELCOME15,0.0
507960,13180,2025-07-31 12:09:00,Delivered,UPI,Mobile App,,0.0
507961,15697,2025-07-31 14:44:00,DELIVERED,UPI,Mobile App,WELCOME15,0.0
507962,15693,2025-07-31 14:50:00,DELIVERED,UPI,Desktop,,0.0
507963,15651,2025-07-31 15:06:00,Delivered,Credit Card,Mobile Web,,0.0
507964,15728,2025-07-31 16:09:00,Delivered,Upi,Mobile App,SAVE5,0.0
507965,15487,2025-07-31 16:29:00,Delivered,UPI,Mobile Web,,0.0
507966,13089,2025-07-31 16:50:00,Delivered,Net Banking,Mobile App,,0.0
507967,15704,2025-07-31 17:05:00,returned ,Upi,Mobile Web,,0.0
507968,14856,2025-07-31 17:27:00,delivered ,Cash on Delivery,Mobile App,,0.0
507969,15722,2025-07-31 17:41:00,Returned,UPI,Mobile App,,0.0
507970,15686,2025-07-31 17:57:00,Delivered,UPI,Desktop,WELCOME15,0.0
507971,15709,2025-07-31 18:27:00,Delivered,UPI,Mobile App,,0.0
507972,14710,2025-07-31 19:43:00,DELIVERED,Credit Card,Mobile Web,,0.0
507973,15613,2025-07-31 20:34:00,Returned,Cash on Delivery,Mobile App,WELCOME15,0.0
507974,15715,2025-07-31 21:13:00,CANCELLED,Net Banking,Mobile App,WELCOME15,49.0
507975,15710,2025-07-31 21:15:00,Delivered,UPI,Mobile Web,WELCOME15,0.0
507976,15717,2025-07-31 22:35:00,delivered ,Cash on Delivery,Mobile App,,0.0
507977,15716,2025-08-01 07:43:00,Returned,DC,Desktop,SAVE5,0.0
507978,15624,2025-08-01 08:14:00,Delivered,UPI,Desktop,,0.0
507979,15634,2025-08-01 09:39:00,Delivered,Cash on Delivery,Mobile Web,,0.0
507980,15700,2025-08-01 10:39:00,Delivered,Upi,Mobile App,WELCOME15,0.0
507981,15712,2025-08-01 10:42:00,DELIVERED,Cash on Delivery,Mobile Web,,0.0
507982,15540,2025-08-01 10:43:00,Delivered,Cash on Delivery,Mobile App,,0.0
507983,14876,2025-08-01 10:48:00,Cancelled,Cash on Delivery,Mobile Web,,0.0
507984,15723,2025-08-01 10:50:00,Delivered,Debit Card,Mobile App,WELCOME15,0.0
507985,15106,2025-08-01 15:16:00,Delivered,DC,Mobile Web,,0.0
507986,15481,2025-08-01 15:58:00,DELIVERED,Cash on Delivery,Mobile App,,0.0
507987,15708,2025-08-01 16:59:00,Returned,UPI,Desktop,WELCOME15,0.0
507988,14547,2025-08-01 17:50:00,Delivered,UPI,Mobile App,,49.0
507989,15719,2025-08-01 19:07:00,delivered ,UPI,Mobile Web,WELCOME15,0.0
507990,12460,2025-08-01 21:48:00,Delivered,UPI,Mobile Web,,49.0
507991,15504,2025-08-01 21:54:00,Returned,Credit Card,Mobile App,,0.0
507992,14805,2025-08-01 23:12:00,Delivered,Credit Card,Mobile App,,0.0
507993,15536,2025-08-01 23:33:00,DELIVERED,UPI,Mobile App,,0.0
507994,14736,2025-08-01 23:34:00,Delivered,UPI,Mobile App,,0.0
507995,15042,2025-08-01 23:38:00,Delivered,UPI,Mobile Web,SAVE5,0.0
507996,15750,2025-08-02 07:06:00,Delivered,Credit Card,Mobile Web,,49.0
507997,15751,2025-08-02 07:19:00,RETURNED,UPI,Desktop,,0.0
507998,15598,2025-08-02 08:17:00,Returned,COD,Mobile Web,,0.0
507999,15752,2025-08-02 08:20:00,Delivered,credit card,Desktop,,0.0
508000,15753,2025-08-02 09:28:00,Delivered,debit card,Mobile Web,,0.0
508001,15731,2025-08-02 09:52:00,DELIVERED,upi,Mobile App,WELCOME15,0.0
508002,13112,2025-08-02 11:38:00,Delivered,Cash on Delivery,Mobile App,,0.0
508003,15538,2025-08-02 12:39:00,DELIVERED,UPI,Mobile Web,,0.0
508004,15617,2025-08-02 13:25:00,Delivered,Debit Card,Mobile App,WELCOME15,0.0
508005,14232,2025-08-02 14:03:00,delivered ,Credit Card,Mobile App,,0.0
508006,11927,2025-08-02 14:30:00,Delivered,Net Banking,Mobile Web,SAVE5,0.0
508007,15707,2025-08-02 14:48:00,delivered ,UPI,Mobile App,,0.0
508008,15740,2025-08-02 16:06:00,Delivered,Net Banking,Mobile App,,0.0
508009,15743,2025-08-02 16:17:00,Delivered,UPI,Mobile App,,0.0
508010,15611,2025-08-02 16:29:00,Delivered,UPI,Mobile Web,,0.0
508011,14028,2025-08-02 16:52:00,Delivered,Debit Card,Mobile App,SAVE5,0.0
508012,15633,2025-08-02 17:26:00,DELIVERED,Upi,Mobile App,,0.0
508013,15732,2025-08-02 18:14:00,Delivered,Cash on Delivery,Mobile App,WELCOME15,0.0
508014,13083,2025-08-02 19:48:00,Delivered,UPI,Mobile App,,0.0
508015,14815,2025-08-02 21:38:00,Delivered,UPI,Mobile Web,,0.0
508016,14121,2025-08-02 22:21:00,Delivered,Cash on Delivery,Desktop,,0.0
508017,14840,2025-08-02 23:25:00,Delivered,UPI,Mobile App,,0.0
508018,13784,2025-08-03 07:12:00,DELIVERED,Credit Card,Mobile Web,,0.0
508019,15736,2025-08-03 07:23:00,Delivered,UPI,Mobile App,WELCOME15,49.0
508020,15677,2025-08-03 07:57:00,Delivered,Net Banking,Mobile Web,WELCOME15,0.0
508021,11626,2025-08-03 08:35:00,Delivered,Debit Card,Mobile App,,0.0
508022,13972,2025-08-03 09:26:00,Delivered,credit card,Mobile Web,,0.0
508023,15758,2025-08-03 09:30:00,delivered ,UPI,Mobile Web,,0.0
508024,13777,2025-08-03 09:56:00,Returned,Credit Card,Mobile App,,0.0
508025,15382,2025-08-03 10:00:00,Delivered,Cash on Delivery,Mobile App,,0.0
508026,13167,2025-08-03 10:25:00,Delivered,Net Banking,Mobile App,,0.0
508027,13416,2025-08-03 11:03:00,Delivered,cod,Mobile Web,,0.0
508028,15744,2025-08-03 11:44:00,Delivered,Debit Card,Desktop,SAVE5,0.0
508029,14705,2025-08-03 12:00:00,Cancelled,UPI,Mobile App,,49.0
508030,15627,2025-08-03 12:32:00,Delivered,upi,Desktop,,0.0
508031,14883,2025-08-03 12:55:00,Delivered,Credit Card,Mobile Web,,0.0
508031,14883,2025-08-03 12:55:00,Delivered,Credit Card,Mobile Web,,0.0
508032,14843,2025-08-03 13:41:00,Delivered,UPI,Mobile App,,0.0
508033,15760,2025-08-03 15:14:00,Delivered,UPI,Mobile Web,,0.0
508034,15730,2025-08-03 15:18:00,delivered ,debit card,Mobile App,,0.0
508035,15607,2025-08-03 16:37:00,Returned,Cash on Delivery,Desktop,,0.0
508036,15438,2025-08-03 18:36:00,DELIVERED,Credit Card,Desktop,,0.0
508037,15748,2025-08-03 18:55:00,Delivered,Cash on Delivery,Mobile App,WELCOME15,0.0
508038,12562,2025-08-03 19:19:00,delivered ,Net Banking,Desktop,,0.0
508039,15471,2025-08-03 20:32:00,delivered ,Cash on Delivery,Mobile App,,0.0
508040,13663,2025-08-03 20:50:00,Delivered,Upi,Mobile App,,0.0
508041,13994,2025-08-03 22:04:00,delivered ,Net Banking,Mobile App,,0.0
508042,15762,2025-08-03 22:32:00,Returned,Cash on Delivery,Mobile Web,,0.0
508043,15737,2025-08-03 23:30:00,DELIVERED,UPI,Desktop,,0.0
508044,15714,2025-08-04 08:13:00,DELIVERED,UPI,Mobile Web,WELCOME15,0.0
508045,15670,2025-08-04 08:26:00,Delivered,upi,Mobile App,WELCOME15,0.0
508046,15727,2025-08-04 11:03:00,Delivered,Debit Card,Mobile Web,,0.0
508047,10275,2025-08-04 12:24:00,Delivered,Credit Card,Desktop,,49.0
508048,15718,2025-08-04 13:09:00,Delivered,UPI,Desktop,,0.0
508049,13068,2025-08-04 14:08:00,delivered ,UPI,Mobile App,,0.0
508050,15706,2025-08-04 14:27:00,Returned,Debit Card,Mobile App,,0.0
508051,15763,2025-08-04 14:43:00,Delivered,Cash on Delivery,Mobile App,WELCOME15,0.0
508052,15745,2025-08-04 14:45:00,Delivered,Cash on Delivery,Desktop,WELCOME15,0.0
508053,15567,2025-08-04 15:18:00,delivered ,upi,Desktop,,0.0
508054,15691,2025-08-04 16:19:00,DELIVERED,Cash on Delivery,Mobile App,,0.0
508055,15650,2025-08-04 16:52:00,DELIVERED,UPI,Mobile App,WELCOME15,0.0
508056,12589,2025-08-04 19:30:00,Delivered,UPI,Mobile App,,0.0
508057,15298,2025-08-04 19:58:00,DELIVERED,UPI,Mobile Web,,0.0
508058,15653,2025-08-04 20:12:00,DELIVERED,Debit Card,Mobile App,WELCOME15,0.0
508059,15663,2025-08-04 20:29:00,Delivered,Credit Card,Mobile App,,0.0
508060,12496,2025-08-04 21:38:00,Delivered,UPI,Mobile App,,0.0
508061,15630,2025-08-04 21:43:00,Delivered,UPI,Mobile Web,SAVE5,0.0
508062,15681,2025-08-04 21:48:00,Delivered,UPI,Mobile Web,,0.0
508063,13934,2025-08-04 21:57:00,Delivered,Credit Card,Mobile Web,,0.0
508064,15729,2025-08-04 23:18:00,Delivered,Cash on Delivery,Mobile Web,,0.0
508065,15638,2025-08-05 07:45:00,Delivered,Cash on Delivery,Desktop,WELCOME15,0.0
508066,15735,2025-08-05 07:49:00,DELIVERED,debit card,Mobile App,,0.0
508067,15618,2025-08-05 07:58:00,Delivered,Cash on Delivery,Mobile Web,,0.0
508068,13599,2025-08-05 08:06:00,Delivered,Credit Card,Mobile App,,0.0
508069,15110,2025-08-05 08:11:00,Delivered,Debit Card,Mobile App,,0.0
508070,14745,2025-08-05 08:56:00,Delivered,UPI,Mobile App,,0.0
508071,11563,2025-08-05 09:05:00,Returned,credit card,Mobile Web,,0.0
508072,15757,2025-08-05 09:32:00,Delivered,Credit Card,Mobile Web,WELCOME15,49.0
508073,13835,2025-08-05 11:02:00,Delivered,UPI,Mobile App,,0.0
508074,14713,2025-08-05 12:43:00,Delivered,Upi,Mobile App,,0.0
508075,12829,2025-08-05 13:39:00,Delivered,Debit Card,Desktop,,49.0
508076,14269,2025-08-05 14:16:00,Delivered,UPI,Mobile App,,0.0
508077,15779,2025-08-05 14:23:00,delivered ,CC,Mobile App,,0.0
508078,15685,2025-08-05 18:34:00,Delivered,Credit Card,Mobile App,,49.0
508079,15780,2025-08-05 19:34:00,Delivered,Credit Card,Mobile App,WELCOME15,0.0
508080,13179,2025-08-05 20:30:00,Delivered,UPI,Mobile App,,0.0
508081,13727,2025-08-05 20:49:00,delivered ,cod,Mobile Web,,0.0
508082,15756,2025-08-05 20:50:00,Delivered,Debit Card,Mobile App,WELCOME15,0.0
508083,15746,2025-08-05 21:13:00,Delivered,Debit Card,Mobile Web,WELCOME15,0.0
508084,15095,2025-08-05 21:49:00,Delivered,Credit Card,Mobile Web,SAVE5,0.0
508085,15108,2025-08-05 23:52:00,RETURNED,Debit Card,Mobile Web,,0.0
508086,14533,2025-08-06 07:28:00,Delivered,CC,Mobile Web,,0.0
508087,15770,2025-08-06 10:07:00,Delivered,COD,Desktop,WELCOME15,0.0
508088,15622,2025-08-06 15:10:00,delivered ,Debit Card,Mobile Web,,0.0
508089,14960,2025-08-06 15:26:00,Returned,UPI,Mobile App,,0.0
508090,13038,2025-08-06 16:30:00,DELIVERED,UPI,Desktop,,0.0
508091,15786,2025-08-06 17:25:00,Delivered,UPI,Mobile App,,0.0
508092,15717,2025-08-06 17:30:00,Delivered,cod,Mobile App,SAVE5,0.0
508093,15759,2025-08-06 19:13:00,Delivered,UPI,Mobile App,,0.0
508094,15556,2025-08-06 19:14:00,delivered ,Credit Card,Mobile App,,0.0
508095,14155,2025-08-06 20:46:00,Delivered,Net Banking,Mobile App,,0.0
508096,15704,2025-08-06 22:17:00,delivered ,Upi,Mobile App,,0.0
508097,14961,2025-08-06 22:24:00,Delivered,Debit Card,Mobile Web,,0.0
508098,15802,2025-08-07 07:42:00,Delivered,Credit Card,Desktop,WELCOME15,0.0
508099,15792,2025-08-07 07:59:00,DELIVERED,Cash On Delivery,Mobile Web,WELCOME15,49.0
508100,15766,2025-08-07 08:12:00,DELIVERED,Credit Card,Mobile App,WELCOME15,0.0
508101,15789,2025-08-07 08:29:00,Returned,Credit Card,Desktop,WELCOME15,0.0
508102,14473,2025-08-07 12:02:00,Delivered,UPI,Desktop,,0.0
508103,15803,2025-08-07 12:17:00,Delivered,UPI,Mobile App,WELCOME15,0.0
508104,15776,2025-08-07 12:58:00,DELIVERED,Debit Card,Mobile App,,0.0
508105,14057,2025-08-07 16:05:00,DELIVERED,Cash on Delivery,Mobile App,,0.0
508106,14393,2025-08-07 16:15:00,cancelled ,Credit Card,Mobile App,,0.0
508107,15775,2025-08-07 16:53:00,Delivered,UPI,Mobile App,WELCOME15,0.0
508108,15398,2025-08-07 16:59:00,Delivered,UPI,Mobile Web,,0.0
508109,15725,2025-08-07 17:10:00,Delivered,UPI,Mobile Web,,0.0
508110,15771,2025-08-07 20:18:00,Delivered,UPI,Mobile App,WELCOME15,0.0
508111,11490,2025-08-07 21:33:00,Delivered,Debit Card,Mobile App,SAVE5,0.0
508112,15807,2025-08-07 22:25:00,Cancelled,Cash on Delivery,Mobile App,,0.0
508113,14979,2025-08-07 22:34:00,Delivered,Cash on Delivery,Mobile App,SAVE5,0.0
508114,13416,2025-08-07 23:57:00,RETURNED,Net Banking,Mobile App,,0.0
508115,15371,2025-08-08 08:38:00,Delivered,COD,Desktop,,0.0
508116,15768,2025-08-08 10:48:00,Returned,Cash On Delivery,Mobile Web,,0.0
508117,15578,2025-08-08 10:56:00,Delivered,Debit Card,Mobile App,,49.0
508118,14745,2025-08-08 12:06:00,Delivered,UPI,Mobile App,,0.0
508119,13253,2025-08-08 12:44:00,RETURNED,UPI,Mobile App,,0.0
508120,13488,2025-08-08 13:47:00,Delivered,Cash on Delivery,Mobile Web,,0.0
508121,13294,2025-08-08 14:05:00,Cancelled,COD,Desktop,,0.0
508122,15808,2025-08-08 14:35:00,Delivered,Net Banking,Mobile App,,0.0
508123,15153,2025-08-08 15:32:00,Delivered,debit card,Mobile App,,0.0
508124,13194,2025-08-08 17:17:00,delivered ,Cash on Delivery,Mobile App,,49.0
508125,13465,2025-08-08 17:19:00,RETURNED,Credit Card,Mobile App,,0.0
508126,15754,2025-08-08 17:56:00,Delivered,Credit Card,Mobile App,,0.0
508127,15809,2025-08-08 17:57:00,Delivered,Credit Card,Desktop,WELCOME15,0.0
508128,15815,2025-08-08 19:51:00,DELIVERED,Net Banking,Mobile Web,SAVE5,0.0
508129,11528,2025-08-08 21:43:00,DELIVERED,UPI,Mobile App,,0.0
508130,14167,2025-08-08 22:29:00,Delivered,Credit Card,Desktop,,0.0
508131,15278,2025-08-08 22:34:00,Delivered,Net Banking,Mobile Web,,0.0
508132,12562,2025-08-09 07:51:00,Delivered,Credit Card,Mobile App,,49.0
508133,15797,2025-08-09 07:51:00,Cancelled,Cash on Delivery,Mobile Web,,0.0
508134,15767,2025-08-09 09:03:00,Delivered,Cash on Delivery,Desktop,WELCOME15,0.0
508135,15658,2025-08-09 09:58:00,DELIVERED,UPI,Desktop,WELCOME15,0.0
508136,14627,2025-08-09 10:56:00,Delivered,Upi,Mobile App,,0.0
508137,15236,2025-08-09 11:29:00,Delivered,UPI,Desktop,,0.0
508138,14118,2025-08-09 13:10:00,Delivered,Net Banking,Desktop,,0.0
508139,15781,2025-08-09 15:07:00,Delivered,UPI,Mobile App,,49.0
508140,12141,2025-08-09 15:24:00,Delivered,Credit Card,Mobile Web,,0.0
508141,15778,2025-08-09 15:31:00,Delivered,Cash On Delivery,Mobile App,WELCOME15,49.0
508142,15739,2025-08-09 16:10:00,RETURNED,Net Banking,Mobile App,WELCOME15,0.0
508143,15665,2025-08-09 16:29:00,Delivered,Debit Card,Mobile App,,49.0
508143,15665,2025-08-09 16:29:00,Delivered,Debit Card,Mobile App,,49.0
508144,15824,2025-08-09 17:44:00,Returned,Credit Card,Mobile App,WELCOME15,0.0
508145,12269,2025-08-09 17:45:00,Delivered,UPI,Mobile App,,49.0
508146,15755,2025-08-09 17:45:00,RETURNED,UPI,Desktop,WELCOME15,0.0
508147,14140,2025-08-09 17:51:00,Delivered,Credit Card,Mobile App,,0.0
508148,15813,2025-08-09 18:04:00,Delivered,UPI,Desktop,WELCOME15,0.0
508148,15813,2025-08-09 18:04:00,Delivered,UPI,Desktop,WELCOME15,0.0
508149,15724,2025-08-09 19:11:00,Delivered,UPI,Mobile App,WELCOME15,0.0
508150,15747,2025-08-09 19:23:00,Delivered,Upi,Mobile App,WELCOME15,0.0
508151,15790,2025-08-09 21:27:00,Delivered,UPI,Mobile App,WELCOME15,0.0
508152,15664,2025-08-09 21:41:00,Delivered,Cash on Delivery,Mobile App,,0.0
508153,15003,2025-08-09 22:20:00,Delivered,Credit Card,Mobile Web,,0.0
508154,12668,2025-08-09 22:32:00,Delivered,UPI,Mobile Web,,0.0
508155,14340,2025-08-09 23:07:00,Delivered,credit card,Mobile App,,49.0
508156,14420,2025-08-10 07:25:00,Delivered,Credit Card,Mobile App,,0.0
508157,15777,2025-08-10 07:38:00,Delivered,UPI,Desktop,,0.0
508158,15818,2025-08-10 08:11:00,Delivered,upi,Mobile Web,WELCOME15,0.0
508159,15845,2025-08-10 11:09:00,Delivered,CC,Mobile Web,,0.0
508160,15741,2025-08-10 11:44:00,Delivered,Debit Card,Mobile Web,,0.0
508161,15620,2025-08-10 12:12:00,Delivered,cod,Mobile App,WELCOME15,0.0
508162,15834,2025-08-10 12:42:00,Delivered,UPI,Mobile App,,0.0
508163,13592,2025-08-10 13:46:00,Delivered,UPI,Mobile App,,0.0
508164,15830,2025-08-10 13:55:00,Delivered,Upi,Mobile Web,WELCOME15,0.0
508165,15846,2025-08-10 13:56:00,Cancelled,UPI,Mobile Web,,0.0
508166,15440,2025-08-10 15:48:00,Delivered,Cash on Delivery,Mobile App,,0.0
508167,15774,2025-08-10 15:52:00,Returned,credit card,Mobile Web,,0.0
508168,15796,2025-08-10 16:24:00,Delivered,Cash on Delivery,Mobile Web,WELCOME15,0.0
508169,14051,2025-08-10 17:15:00,DELIVERED,Cash on Delivery,Mobile App,,0.0
508170,15641,2025-08-10 17:27:00,Returned,Upi,Mobile App,,0.0
508171,15738,2025-08-10 17:39:00,Delivered,UPI,Mobile App,,49.0
508172,14258,2025-08-10 18:35:00,Delivered,Credit Card,Mobile App,,0.0
508173,15820,2025-08-10 19:12:00,Delivered,UPI,Mobile App,WELCOME15,49.0
508174,14158,2025-08-10 20:21:00,DELIVERED,Credit Card,Mobile App,,0.0
508175,15829,2025-08-10 23:28:00,Delivered,debit card,Desktop,,0.0
508176,15839,2025-08-10 23:31:00,DELIVERED,Credit Card,Desktop,WELCOME15,49.0
508177,14189,2025-08-10 23:43:00,Delivered,upi,Mobile App,,0.0
508178,14860,2025-08-10 23:54:00,Returned,debit card,Mobile Web,,0.0
508179,15804,2025-08-11 07:26:00,returned ,Net Banking,Mobile App,WELCOME15,0.0
508180,12768,2025-08-11 08:42:00,Delivered,Upi,Mobile Web,,0.0
508181,15731,2025-08-11 09:17:00,DELIVERED,Credit Card,Desktop,,0.0
508182,15854,2025-08-11 10:04:00,Delivered,Cash on Delivery,Mobile App,WELCOME15,0.0
508183,15857,2025-08-11 10:17:00,DELIVERED,UPI,Mobile App,SAVE5,0.0
508184,15816,2025-08-11 10:19:00,Delivered,UPI,Mobile Web,WELCOME15,0.0
508185,15856,2025-08-11 10:51:00,Delivered,Credit Card,Mobile App,WELCOME15,0.0
508186,15749,2025-08-11 11:20:00,Delivered,Cash on Delivery,Mobile App,,0.0
508187,15827,2025-08-11 11:37:00,Delivered,Net Banking,Desktop,,0.0
508188,14395,2025-08-11 11:58:00,Cancelled,UPI,Mobile App,,0.0
508189,15810,2025-08-11 12:45:00,delivered ,Credit Card,Desktop,,0.0
508190,15765,2025-08-11 12:55:00,Delivered,Credit Card,Mobile App,SAVE5,0.0
508191,15653,2025-08-11 14:02:00,Delivered,UPI,Mobile App,,0.0
508192,15861,2025-08-11 15:22:00,Delivered,Debit Card,Mobile Web,,0.0
508193,13803,2025-08-11 16:55:00,Delivered,upi,Mobile Web,,0.0
508194,15231,2025-08-11 17:20:00,Delivered,CC,Desktop,,0.0
508195,14547,2025-08-11 19:34:00,Delivered,Cash on Delivery,Mobile App,,0.0
508196,10602,2025-08-11 20:13:00,DELIVERED,Debit Card,Mobile App,,0.0
508197,15784,2025-08-11 20:38:00,Delivered,UPI,Desktop,,0.0
508198,15776,2025-08-11 23:27:00,Delivered,Cash on Delivery,Mobile Web,,0.0
508199,11804,2025-08-11 23:32:00,Delivered,UPI,Mobile Web,,0.0
508200,13833,2025-08-12 07:33:00,Delivered,UPI,Desktop,,0.0
508201,15739,2025-08-12 08:05:00,Delivered,Cash on Delivery,Mobile App,,0.0
508202,15360,2025-08-12 09:34:00,delivered ,UPI,Mobile App,,0.0
508203,13207,2025-08-12 09:58:00,Delivered,UPI,Mobile Web,,0.0
508204,15858,2025-08-12 10:19:00,delivered ,Upi,Mobile App,WELCOME15,0.0
508205,14705,2025-08-12 10:47:00,Delivered,Cash on Delivery,Mobile Web,,49.0
508206,14080,2025-08-12 10:55:00,Delivered,cod,Mobile App,,0.0
508207,15840,2025-08-12 11:44:00,Delivered,Credit Card,Mobile Web,WELCOME15,0.0
508208,15228,2025-08-12 11:54:00,Delivered,UPI,Mobile App,,0.0
508209,15382,2025-08-12 12:32:00,Delivered,Cash On Delivery,Mobile App,,0.0
508210,15692,2025-08-12 12:37:00,Delivered,UPI,Desktop,,0.0
508211,15847,2025-08-12 13:48:00,Delivered,Debit Card,Mobile App,,0.0
508212,13854,2025-08-12 14:44:00,Delivered,Cash on Delivery,Mobile App,,0.0
508213,13340,2025-08-12 15:18:00,Delivered,UPI,Mobile App,SAVE5,0.0
508214,15838,2025-08-12 15:42:00,DELIVERED,UPI,Mobile Web,WELCOME15,0.0
508215,14408,2025-08-12 15:56:00,Delivered,Cash on Delivery,Desktop,,0.0
508216,14279,2025-08-12 16:17:00,DELIVERED,UPI,Mobile App,,49.0
508217,15837,2025-08-12 16:47:00,delivered ,Credit Card,Mobile App,,0.0
508218,15867,2025-08-12 17:05:00,Delivered,cod,Mobile App,,0.0
508218,15867,2025-08-12 17:05:00,Delivered,cod,Mobile App,,0.0
508219,15868,2025-08-12 17:36:00,Delivered,UPI,Mobile Web,WELCOME15,0.0
508220,15726,2025-08-12 19:09:00,Delivered,Debit Card,Mobile App,WELCOME15,49.0
508221,13864,2025-08-12 20:14:00,Delivered,Debit Card,Mobile App,,0.0
508222,14026,2025-08-12 21:00:00,Delivered,Credit Card,Mobile App,,0.0
508223,15795,2025-08-12 21:22:00,DELIVERED,Debit Card,Desktop,WELCOME15,0.0
508224,12797,2025-08-12 22:53:00,Delivered,Debit Card,Mobile App,,0.0
508225,13659,2025-08-13 07:50:00,Returned,Credit Card,Mobile Web,,0.0
508226,15844,2025-08-13 09:12:00,Returned,UPI,Mobile Web,WELCOME15,0.0
508227,15799,2025-08-13 10:55:00,DELIVERED,COD,Mobile Web,,0.0
508228,15884,2025-08-13 11:32:00,Delivered,Credit Card,Mobile App,,0.0
508229,15593,2025-08-13 11:40:00,Delivered,COD,Mobile App,,0.0
508230,15879,2025-08-13 12:55:00,delivered ,UPI,Mobile Web,SAVE5,0.0
508231,13120,2025-08-13 15:05:00,Delivered,CC,Mobile App,,0.0
508232,12579,2025-08-13 16:15:00,Delivered,Upi,Mobile Web,,0.0
508233,15806,2025-08-13 16:36:00,Delivered,UPI,Mobile App,SAVE5,49.0
508234,14512,2025-08-13 17:45:00,Delivered,Net Banking,Mobile App,SAVE5,0.0
508235,15872,2025-08-13 18:24:00,Delivered,Debit Card,Mobile App,,0.0
508236,15863,2025-08-13 18:50:00,Delivered,Credit Card,Mobile App,WELCOME15,0.0
508237,15041,2025-08-13 19:14:00,Delivered,Debit Card,Mobile App,,0.0
508238,15848,2025-08-13 20:31:00,Delivered,credit card,Mobile Web,WELCOME15,0.0
508239,12182,2025-08-13 21:49:00,DELIVERED,UPI,Mobile App,,0.0
508240,15773,2025-08-13 22:40:00,Delivered,Credit Card,Mobile App,,0.0
508241,15878,2025-08-14 07:05:00,Cancelled,Net Banking,Mobile App,,0.0
508242,15869,2025-08-14 07:17:00,DELIVERED,UPI,Mobile App,WELCOME15,0.0
508243,15783,2025-08-14 07:41:00,Delivered,Credit Card,Desktop,WELCOME15,0.0
508244,14177,2025-08-14 08:43:00,Delivered,Net Banking,Mobile Web,SAVE5,0.0
508245,13685,2025-08-14 09:37:00,Delivered,Upi,Desktop,,0.0
508246,15885,2025-08-14 11:04:00,delivered ,Debit Card,Desktop,,49.0
508247,15888,2025-08-14 12:16:00,Delivered,Credit Card,Mobile Web,SAVE5,0.0
508248,15852,2025-08-14 13:13:00,returned ,Credit Card,Desktop,,0.0
508249,11405,2025-08-14 15:33:00,Delivered,Cash on Delivery,Mobile App,,0.0
508250,15821,2025-08-14 16:05:00,Delivered,Debit Card,Mobile App,WELCOME15,0.0
508251,15886,2025-08-14 17:07:00,Delivered,Debit Card,Mobile App,,0.0
508252,15299,2025-08-14 19:14:00,Delivered,UPI,Mobile Web,,0.0
508253,15141,2025-08-14 19:15:00,Delivered,Cash on Delivery,Mobile App,,49.0
508254,14245,2025-08-14 21:41:00,Delivered,Debit Card,Mobile Web,,0.0
508255,11812,2025-08-14 22:05:00,Delivered,UPI,Desktop,,0.0
508256,15850,2025-08-14 22:40:00,Delivered,Credit Card,Mobile App,,0.0
508257,15859,2025-08-14 23:45:00,delivered ,COD,Mobile Web,,0.0
508258,15822,2025-08-15 07:46:00,Delivered,upi,Mobile App,WELCOME15,49.0
508259,15899,2025-08-15 08:06:00,Delivered,UPI,Mobile App,WELCOME15,0.0
508260,14300,2025-08-15 08:49:00,Delivered,Credit Card,Mobile App,,0.0
508261,15862,2025-08-15 09:25:00,Delivered,UPI,Mobile Web,WELCOME15,0.0
508262,13717,2025-08-15 10:14:00,DELIVERED,UPI,Mobile App,,0.0
508263,15843,2025-08-15 12:39:00,Delivered,Credit Card,Desktop,,0.0
508264,15826,2025-08-15 13:11:00,Delivered,upi,Mobile App,WELCOME15,0.0
508265,15887,2025-08-15 14:31:00,Delivered,Credit Card,Mobile App,,0.0
508266,14923,2025-08-15 14:36:00,returned ,Debit Card,Mobile App,,0.0
508267,11177,2025-08-15 14:44:00,Delivered,upi,Mobile Web,,0.0
508268,13587,2025-08-15 15:04:00,Delivered,Cash on Delivery,Mobile App,,0.0
508269,15894,2025-08-15 17:40:00,Delivered,UPI,Mobile Web,,0.0
508270,15864,2025-08-15 17:56:00,Delivered,Credit Card,Mobile App,,0.0
508271,15489,2025-08-15 18:31:00,Delivered,Debit Card,Mobile App,,0.0
508272,15876,2025-08-15 18:37:00,Delivered,Cash on Delivery,Mobile App,,0.0
508273,15865,2025-08-15 20:31:00,Delivered,UPI,Mobile App,WELCOME15,0.0
508274,15835,2025-08-15 20:52:00,Delivered,UPI,Mobile App,WELCOME15,0.0
508275,15812,2025-08-15 21:51:00,Delivered,UPI,Mobile Web,WELCOME15,0.0
508276,11552,2025-08-15 23:05:00,Delivered,upi,Mobile Web,,0.0
508277,15823,2025-08-15 23:49:00,Delivered,UPI,Mobile App,WELCOME15,0.0
508278,15870,2025-08-15 23:59:00,Delivered,UPI,Desktop,WELCOME15,49.0
508279,15906,2025-08-16 09:34:00,Delivered,DC,Mobile Web,WELCOME15,0.0
508280,15875,2025-08-16 09:56:00,Delivered,Debit Card,Mobile App,WELCOME15,0.0
508281,14295,2025-08-16 10:37:00,Delivered,UPI,Mobile Web,SAVE5,0.0
508282,15880,2025-08-16 11:31:00,Delivered,Credit Card,Mobile App,WELCOME15,0.0
508283,13385,2025-08-16 11:44:00,Delivered,UPI,Mobile Web,,0.0
508284,15902,2025-08-16 12:06:00,Delivered,UPI,Mobile Web,,0.0
508285,15854,2025-08-16 13:29:00,Delivered,Cash on Delivery,Mobile Web,,0.0
508286,15833,2025-08-16 15:45:00,Delivered,Credit Card,Mobile Web,SAVE5,0.0
508287,13274,2025-08-16 16:39:00,Delivered,UPI,Mobile App,,0.0
508288,15860,2025-08-16 17:22:00,Delivered,Cash on Delivery,Desktop,,0.0
508289,13315,2025-08-16 17:35:00,DELIVERED,Cash on Delivery,Mobile App,,0.0
508290,14666,2025-08-16 17:54:00,Delivered,Cash on Delivery,Desktop,,49.0
508291,14116,2025-08-16 18:05:00,DELIVERED,Cash on Delivery,Mobile App,,0.0
508292,15761,2025-08-16 18:58:00,delivered ,DC,Mobile App,WELCOME15,49.0
508293,15481,2025-08-16 19:55:00,Delivered,Cash on Delivery,Mobile App,,0.0
508294,15805,2025-08-16 20:23:00,Returned,Cash on Delivery,Mobile App,,49.0
508295,15920,2025-08-16 21:00:00,delivered ,Net Banking,Mobile Web,,0.0
508296,15639,2025-08-16 22:02:00,Delivered,Upi,Mobile App,,0.0
508297,15883,2025-08-16 22:05:00,Delivered,UPI,Mobile App,WELCOME15,0.0
508298,15942,2025-08-17 07:18:00,Delivered,Credit Card,Mobile App,,0.0
508299,13038,2025-08-17 08:02:00,Delivered,DC,Mobile App,,0.0
508300,15101,2025-08-17 08:30:00,Delivered,Cash on Delivery,Desktop,,0.0
508301,13699,2025-08-17 09:00:00,Delivered,UPI,Desktop,,0.0
508302,13999,2025-08-17 09:44:00,delivered ,UPI,Mobile App,,0.0
508303,15935,2025-08-17 09:51:00,Delivered,UPI,Mobile Web,,0.0
508304,15078,2025-08-17 10:35:00,delivered ,Credit Card,Desktop,SAVE5,49.0
508305,15900,2025-08-17 12:07:00,DELIVERED,UPI,Mobile App,,0.0
508306,15921,2025-08-17 12:39:00,delivered ,UPI,Desktop,WELCOME15,0.0
508307,15814,2025-08-17 13:56:00,Delivered,Cash on Delivery,Mobile App,,0.0
508308,15819,2025-08-17 14:00:00,Delivered,cod,Mobile App,WELCOME15,0.0
508309,15849,2025-08-17 14:28:00,Delivered,UPI,Mobile App,WELCOME15,0.0
508310,15041,2025-08-17 15:11:00,Returned,UPI,Mobile App,,0.0
508311,13545,2025-08-17 15:18:00,Delivered,UPI,Mobile App,SAVE5,0.0
508312,15904,2025-08-17 15:57:00,Delivered,UPI,Mobile App,WELCOME15,0.0
508313,13378,2025-08-17 16:05:00,DELIVERED,CC,Mobile App,,0.0
508314,15752,2025-08-17 16:12:00,Delivered,UPI,Mobile App,,0.0
508315,12601,2025-08-17 16:25:00,Delivered,Cash on Delivery,Mobile App,,0.0
508316,15794,2025-08-17 16:46:00,Delivered,UPI,Desktop,WELCOME15,0.0
508317,13903,2025-08-17 16:46:00,Delivered,cod,Desktop,,0.0
508318,15903,2025-08-17 20:59:00,Delivered,credit card,Mobile App,,0.0
508319,13001,2025-08-17 21:48:00,Cancelled,UPI,Desktop,,0.0
508320,14934,2025-08-17 21:49:00,Delivered,UPI,Mobile Web,,0.0
508321,15352,2025-08-17 22:30:00,Delivered,Credit Card,Mobile Web,SAVE5,0.0
508322,15607,2025-08-17 22:43:00,Delivered,Debit Card,Mobile Web,,0.0
508323,15646,2025-08-17 23:29:00,Delivered,debit card,Mobile Web,,0.0
508324,11063,2025-08-17 23:34:00,Cancelled,UPI,Desktop,,0.0
508325,15184,2025-08-18 08:08:00,Delivered,Net Banking,Desktop,,0.0
508326,15939,2025-08-18 09:23:00,delivered ,UPI,Mobile App,WELCOME15,0.0
508327,15836,2025-08-18 09:43:00,Delivered,UPI,Mobile Web,,49.0
508328,13479,2025-08-18 10:57:00,Delivered,credit card,Mobile App,,0.0
508329,15897,2025-08-18 11:24:00,Delivered,UPI,Mobile App,WELCOME15,0.0
508330,14555,2025-08-18 13:56:00,RETURNED,UPI,Mobile App,,0.0
508331,15800,2025-08-18 17:38:00,Delivered,Cash on Delivery,Mobile Web,,0.0
508332,15934,2025-08-18 17:59:00,Returned,UPI,Mobile App,,0.0
508333,15793,2025-08-18 18:07:00,Delivered,UPI,Mobile Web,,0.0
508334,15919,2025-08-18 19:06:00,Delivered,UPI,Mobile Web,WELCOME15,0.0
508335,15817,2025-08-18 20:06:00,Delivered,DC,Mobile App,WELCOME15,0.0
508336,15469,2025-08-18 21:14:00,Delivered,Credit Card,Mobile App,,0.0
508337,15742,2025-08-18 22:45:00,Delivered,credit card,Mobile Web,,0.0
508338,15488,2025-08-18 23:11:00,Delivered,UPI,Mobile App,,0.0
508339,15932,2025-08-18 23:52:00,Returned,Upi,Desktop,,0.0
508340,15936,2025-08-19 07:58:00,DELIVERED,Cash on Delivery,Mobile App,,0.0
508341,15961,2025-08-19 09:03:00,Delivered,UPI,Mobile Web,WELCOME15,0.0
508342,13295,2025-08-19 09:20:00,Returned,UPI,Desktop,,0.0
508343,15915,2025-08-19 10:30:00,Delivered,Credit Card,Mobile App,WELCOME15,0.0
508344,12339,2025-08-19 12:03:00,Delivered,UPI,Mobile Web,,0.0
508345,15958,2025-08-19 13:19:00,Delivered,upi,Mobile App,,0.0
508346,15953,2025-08-19 14:02:00,Delivered,Debit Card,Mobile App,WELCOME15,0.0
508347,15034,2025-08-19 14:27:00,DELIVERED,UPI,Mobile Web,,0.0
508348,15963,2025-08-19 14:49:00,Delivered,UPI,Mobile App,WELCOME15,0.0
508349,13187,2025-08-19 15:36:00,Delivered,UPI,Mobile App,,0.0
508350,15952,2025-08-19 16:41:00,Delivered,credit card,Mobile App,,0.0
508351,10345,2025-08-19 17:01:00,Delivered,UPI,Desktop,,0.0
508352,13887,2025-08-19 18:15:00,Delivered,Cash on Delivery,Desktop,,0.0
508353,14770,2025-08-19 18:34:00,Delivered,UPI,Desktop,,0.0
508354,15959,2025-08-19 18:50:00,Delivered,Cash on Delivery,Desktop,,0.0
508355,15948,2025-08-19 19:02:00,DELIVERED,UPI,Desktop,,0.0
508356,15957,2025-08-19 19:19:00,returned ,UPI,Mobile App,WELCOME15,0.0
508357,15924,2025-08-19 20:25:00,DELIVERED,Credit Card,Mobile Web,WELCOME15,0.0
508358,12348,2025-08-19 20:29:00,Delivered,Credit Card,Mobile App,,0.0
508359,11177,2025-08-19 20:31:00,Delivered,Cash on Delivery,Mobile Web,SAVE5,0.0
508360,15392,2025-08-19 21:04:00,Delivered,UPI,Mobile App,,0.0
508361,15962,2025-08-19 22:12:00,Returned,cod,Mobile App,,0.0
508362,14678,2025-08-19 22:30:00,Delivered,UPI,Mobile App,,0.0
508363,15968,2025-08-19 23:18:00,Delivered,UPI,Mobile App,WELCOME15,0.0
508364,15954,2025-08-19 23:20:00,DELIVERED,UPI,Mobile App,,0.0
508365,15965,2025-08-20 07:06:00,Delivered,UPI,Mobile App,,0.0
508366,15712,2025-08-20 07:53:00,Delivered,upi,Mobile App,,0.0
508367,14833,2025-08-20 08:11:00,Delivered,UPI,Mobile App,,0.0
508368,15870,2025-08-20 09:21:00,Delivered,UPI,Desktop,,0.0
508369,15607,2025-08-20 09:48:00,Returned,UPI,Mobile App,,0.0
508370,15881,2025-08-20 13:16:00,Delivered,UPI,Mobile Web,,0.0
508371,15951,2025-08-20 14:17:00,DELIVERED,UPI,Mobile App,WELCOME15,0.0
508372,15832,2025-08-20 14:32:00,Delivered,UPI,Mobile App,,0.0
508373,13094,2025-08-20 14:35:00,Delivered,Cash on Delivery,Desktop,,0.0
508374,15947,2025-08-20 14:58:00,Delivered,UPI,Desktop,,0.0
508375,15973,2025-08-20 15:09:00,Returned,Cash on Delivery,Mobile Web,WELCOME15,0.0
508376,15523,2025-08-20 15:25:00,returned ,Net Banking,Mobile Web,SAVE5,0.0
508377,15855,2025-08-20 15:42:00,Delivered,Debit Card,Mobile App,WELCOME15,0.0
508378,15941,2025-08-20 16:34:00,Delivered,Debit Card,Mobile App,WELCOME15,49.0
508379,14251,2025-08-20 16:57:00,Returned,UPI,Desktop,,0.0
508380,14142,2025-08-20 16:58:00,DELIVERED,UPI,Mobile App,,0.0
508381,15981,2025-08-20 20:28:00,Delivered,UPI,Mobile App,,0.0
508382,15914,2025-08-20 22:21:00,Returned,upi,Mobile App,WELCOME15,0.0
508383,14808,2025-08-20 22:40:00,Delivered,Debit Card,Mobile App,,0.0
508384,15538,2025-08-20 22:47:00,Delivered,Cash On Delivery,Mobile App,SAVE5,0.0
508385,13160,2025-08-20 23:33:00,delivered ,UPI,Desktop,,0.0
508386,11463,2025-08-21 08:32:00,delivered ,Credit Card,Mobile Web,,0.0
508387,15362,2025-08-21 09:11:00,Delivered,UPI,Mobile App,,0.0
508388,14934,2025-08-21 09:22:00,Delivered,Debit Card,Mobile App,,0.0
508389,15913,2025-08-21 09:25:00,Returned,UPI,Desktop,WELCOME15,0.0
508390,15976,2025-08-21 11:44:00,Delivered,Cash on Delivery,Desktop,,49.0
508391,13540,2025-08-21 12:29:00,Delivered,UPI,Mobile App,,0.0
508392,15908,2025-08-21 12:59:00,Returned,upi,Mobile App,WELCOME15,0.0
508393,14952,2025-08-21 15:42:00,Delivered,UPI,Mobile Web,SAVE5,0.0
508394,12755,2025-08-21 16:19:00,Delivered,credit card,Mobile App,,0.0
508395,15999,2025-08-21 16:29:00,Delivered,UPI,Mobile App,WELCOME15,0.0
508396,14709,2025-08-21 17:03:00,Delivered,UPI,Mobile Web,,0.0
508397,15988,2025-08-21 18:35:00,Delivered,Credit Card,Mobile App,,0.0
508398,15438,2025-08-21 19:47:00,Delivered,UPI,Mobile App,,0.0
508399,14061,2025-08-21 21:05:00,Delivered,UPI,Mobile App,,0.0
508400,15996,2025-08-21 21:14:00,DELIVERED,Upi,Mobile App,,0.0
508401,13353,2025-08-21 22:19:00,Delivered,UPI,Mobile App,,0.0
508402,15980,2025-08-21 23:22:00,Delivered,UPI,Mobile Web,,0.0
508403,12836,2025-08-22 07:55:00,Delivered,UPI,Mobile App,,0.0
508404,15928,2025-08-22 08:03:00,delivered ,Cash on Delivery,Desktop,,0.0
508405,15989,2025-08-22 08:10:00,delivered ,UPI,Desktop,,0.0
508406,16008,2025-08-22 09:26:00,delivered ,UPI,Desktop,,0.0
508407,16012,2025-08-22 10:42:00,DELIVERED,Cash on Delivery,Mobile Web,,0.0
508408,15975,2025-08-22 11:36:00,DELIVERED,credit card,Desktop,SAVE5,0.0
508409,13024,2025-08-22 12:27:00,Delivered,Credit Card,Mobile App,,0.0
508410,15917,2025-08-22 12:29:00,DELIVERED,Credit Card,Mobile App,,0.0
508411,15984,2025-08-22 12:38:00,delivered ,Credit Card,Mobile App,WELCOME15,0.0
508412,15853,2025-08-22 12:43:00,Delivered,Debit Card,Desktop,WELCOME15,0.0
508413,15923,2025-08-22 12:46:00,Delivered,Credit Card,Mobile App,WELCOME15,0.0
508414,15997,2025-08-22 13:02:00,Delivered,UPI,Desktop,,0.0
508415,15533,2025-08-22 13:33:00,Returned,Debit Card,Mobile App,,0.0
508416,12842,2025-08-22 14:38:00,Delivered,Cash on Delivery,Mobile App,,0.0
508417,15076,2025-08-22 14:38:00,Delivered,UPI,Desktop,,0.0
508418,16009,2025-08-22 16:19:00,Delivered,Credit Card,Mobile App,WELCOME15,49.0
508419,16006,2025-08-22 18:07:00,Delivered,UPI,Desktop,,0.0
508420,15801,2025-08-22 19:51:00,DELIVERED,Net Banking,Mobile App,,49.0
508421,13685,2025-08-22 21:34:00,delivered ,CC,Desktop,,0.0
508422,12089,2025-08-22 21:42:00,Delivered,upi,Mobile Web,,0.0
508423,15943,2025-08-22 21:50:00,Delivered,Net Banking,Mobile Web,,0.0
508424,15471,2025-08-22 22:09:00,delivered ,Cash on Delivery,Mobile Web,,0.0
508425,15281,2025-08-22 22:48:00,Delivered,Credit Card,Mobile App,,0.0
508426,13311,2025-08-22 22:56:00,Delivered,CC,Mobile Web,,0.0
508427,15992,2025-08-23 07:27:00,Delivered,UPI,Mobile App,,0.0
508428,16005,2025-08-23 07:51:00,Delivered,UPI,Mobile App,,0.0
508429,15977,2025-08-23 07:58:00,DELIVERED,UPI,Mobile Web,,0.0
508430,15519,2025-08-23 08:01:00,Delivered,credit card,Desktop,,0.0
508431,15484,2025-08-23 09:43:00,Delivered,UPI,Mobile Web,,0.0
508432,12491,2025-08-23 09:50:00,Delivered,UPI,Mobile App,,0.0
508433,16021,2025-08-23 10:31:00,delivered ,Cash on Delivery,Mobile App,WELCOME15,0.0
508434,14358,2025-08-23 10:51:00,Delivered,Credit Card,Mobile Web,,0.0
508435,15995,2025-08-23 10:56:00,Returned,Credit Card,Mobile Web,WELCOME15,0.0
508436,15929,2025-08-23 12:43:00,Delivered,UPI,Mobile App,,0.0
508437,11859,2025-08-23 14:18:00,Delivered,Credit Card,Mobile Web,,0.0
508438,16014,2025-08-23 14:42:00,Delivered,UPI,Desktop,,49.0
508439,15663,2025-08-23 15:05:00,Delivered,UPI,Desktop,,0.0
508440,13741,2025-08-23 15:15:00,Delivered,Upi,Mobile App,,0.0
508441,13309,2025-08-23 15:46:00,Delivered,Cash on Delivery,Mobile Web,,0.0
508442,15964,2025-08-23 17:00:00,DELIVERED,DC,Mobile Web,WELCOME15,49.0
508443,15991,2025-08-23 18:00:00,Delivered,UPI,Mobile Web,WELCOME15,0.0
508444,15820,2025-08-23 18:01:00,Delivered,Credit Card,Mobile App,,0.0
508445,15932,2025-08-23 18:33:00,Delivered,Credit Card,Mobile Web,,0.0
508446,16011,2025-08-23 18:43:00,Delivered,UPI,Mobile Web,WELCOME15,0.0
508447,15442,2025-08-23 19:15:00,DELIVERED,Cash on Delivery,Mobile App,,0.0
508448,16013,2025-08-23 19:34:00,Cancelled,Cash on Delivery,Mobile Web,WELCOME15,0.0
508449,16022,2025-08-23 19:59:00,Delivered,cod,Mobile App,,0.0
508450,13730,2025-08-23 20:08:00,Delivered,Credit Card,Mobile App,,0.0
508451,15742,2025-08-23 20:10:00,Delivered,UPI,Mobile Web,,0.0
508452,16020,2025-08-23 21:21:00,Delivered,credit card,Mobile Web,,0.0
508453,14539,2025-08-23 21:34:00,Returned,Credit Card,Mobile Web,,0.0
508454,16018,2025-08-23 22:22:00,Delivered,upi,Mobile App,,0.0
508455,14858,2025-08-24 07:12:00,Delivered,UPI,Mobile App,,0.0
508456,15132,2025-08-24 07:55:00,Delivered,upi,Mobile App,,0.0
508457,16000,2025-08-24 08:23:00,Delivered,upi,Mobile App,WELCOME15,0.0
508458,13727,2025-08-24 08:45:00,Delivered,Upi,Mobile Web,,0.0
508459,16030,2025-08-24 09:11:00,Delivered,UPI,Mobile App,WELCOME15,0.0
508460,16024,2025-08-24 10:55:00,Delivered,UPI,Desktop,,0.0
508461,15967,2025-08-24 11:15:00,DELIVERED,UPI,Mobile Web,,0.0
508462,15863,2025-08-24 11:24:00,Delivered,Credit Card,Mobile App,SAVE5,49.0
508463,15955,2025-08-24 11:33:00,Delivered,Credit Card,Mobile App,WELCOME15,0.0
508464,15930,2025-08-24 12:01:00,Delivered,UPI,Mobile App,WELCOME15,0.0
508465,12616,2025-08-24 12:34:00,Delivered,Credit Card,Mobile Web,,0.0
508466,16015,2025-08-24 14:18:00,Delivered,Cash on Delivery,Mobile App,WELCOME15,0.0
508467,15048,2025-08-24 16:53:00,Delivered,Debit Card,Mobile App,,0.0
508468,16016,2025-08-24 19:30:00,Delivered,UPI,Desktop,WELCOME15,0.0
508469,15568,2025-08-24 20:08:00,Delivered,UPI,Mobile Web,,0.0
508470,14884,2025-08-24 20:31:00,Delivered,UPI,Mobile Web,,0.0
508471,12301,2025-08-24 20:33:00,Delivered,UPI,Desktop,,49.0
508472,10069,2025-08-24 20:50:00,Cancelled,cod,Mobile Web,,0.0
508473,14189,2025-08-24 21:44:00,Delivered,Cash on Delivery,Mobile Web,,0.0
508474,14245,2025-08-24 21:52:00,Delivered,UPI,Desktop,SAVE5,0.0
508475,15907,2025-08-24 22:53:00,Delivered,UPI,Mobile App,WELCOME15,0.0
508476,12873,2025-08-24 23:10:00,Delivered,UPI,Mobile Web,,0.0
508477,16002,2025-08-25 07:51:00,Delivered,CC,Desktop,,0.0
508478,15221,2025-08-25 07:54:00,Delivered,Credit Card,Mobile App,,49.0
508479,15982,2025-08-25 09:04:00,Delivered,upi,Mobile App,WELCOME15,0.0
508480,16010,2025-08-25 09:07:00,Delivered,UPI,Mobile App,WELCOME15,0.0
508481,16003,2025-08-25 10:00:00,Cancelled,UPI,Mobile Web,,0.0
508482,14167,2025-08-25 11:56:00,Returned,upi,Mobile Web,,0.0
508483,15871,2025-08-25 13:05:00,Delivered,Upi,Mobile App,WELCOME15,0.0
508484,15922,2025-08-25 15:22:00,Delivered,Net Banking,Desktop,WELCOME15,0.0
508485,16004,2025-08-25 16:20:00,Delivered,Credit Card,Mobile Web,,0.0
508486,12448,2025-08-25 18:27:00,Cancelled,Cash on Delivery,Mobile App,,0.0
508487,14409,2025-08-25 18:50:00,DELIVERED,Debit Card,Mobile App,,0.0
508488,14662,2025-08-25 19:28:00,CANCELLED,Net Banking,Mobile App,,49.0
508489,16019,2025-08-25 19:53:00,cancelled ,cod,Mobile App,,0.0
508490,15620,2025-08-25 20:05:00,Delivered,Upi,Mobile Web,,0.0
508491,14737,2025-08-25 20:05:00,Delivered,UPI,Mobile App,,0.0
508492,15233,2025-08-25 21:25:00,delivered ,Upi,Desktop,,0.0
508493,14781,2025-08-25 21:41:00,Delivered,Net Banking,Desktop,,0.0
508494,13326,2025-08-25 21:42:00,Delivered,Cash On Delivery,Mobile Web,,0.0
508495,15960,2025-08-25 22:02:00,Delivered,COD,Mobile App,WELCOME15,0.0
508496,15998,2025-08-25 22:59:00,Delivered,UPI,Mobile Web,WELCOME15,0.0
508497,16040,2025-08-25 23:35:00,Delivered,Cash On Delivery,Desktop,,49.0
508498,16026,2025-08-25 23:40:00,Returned,UPI,Mobile App,,0.0
508499,15809,2025-08-25 23:54:00,delivered ,UPI,Desktop,,49.0
508500,11463,2025-08-26 07:35:00,Delivered,Credit Card,Mobile Web,SAVE5,0.0
508501,13306,2025-08-26 10:10:00,Delivered,UPI,Desktop,,0.0
508502,12952,2025-08-26 11:14:00,Delivered,Cash on Delivery,Mobile App,,0.0
508503,16053,2025-08-26 11:36:00,Cancelled,Credit Card,Desktop,,0.0
508504,15308,2025-08-26 11:54:00,Delivered,Debit Card,Mobile App,,0.0
508505,15983,2025-08-26 13:41:00,Delivered,UPI,Mobile App,WELCOME15,0.0
508506,16052,2025-08-26 13:47:00,Cancelled,Cash on Delivery,Desktop,WELCOME15,0.0
508507,15471,2025-08-26 13:52:00,Delivered,UPI,Desktop,,49.0
508508,15469,2025-08-26 13:58:00,returned ,UPI,Desktop,SAVE5,0.0
508509,16017,2025-08-26 14:02:00,Delivered,Debit Card,Desktop,WELCOME15,0.0
508510,13769,2025-08-26 14:35:00,Cancelled,Cash on Delivery,Mobile App,,0.0
508511,15705,2025-08-26 16:10:00,Returned,Debit Card,Mobile Web,WELCOME15,0.0
508512,16007,2025-08-26 17:00:00,Delivered,UPI,Mobile Web,,0.0
508513,15436,2025-08-26 17:08:00,Delivered,UPI,Mobile Web,,0.0
508514,14534,2025-08-26 17:51:00,Returned,UPI,Mobile App,,0.0
508515,14258,2025-08-26 19:24:00,Delivered,UPI,Mobile App,,0.0
508516,13783,2025-08-26 19:35:00,Delivered,Net Banking,Desktop,,0.0
508517,15990,2025-08-26 19:43:00,Delivered,DC,Mobile App,WELCOME15,0.0
508518,14881,2025-08-26 20:16:00,RETURNED,Debit Card,Mobile App,,0.0
508519,15082,2025-08-26 20:57:00,DELIVERED,Debit Card,Mobile App,,0.0
508520,15956,2025-08-26 21:27:00,Delivered,upi,Mobile App,,0.0
508521,15994,2025-08-26 22:05:00,Returned,Cash on Delivery,Desktop,SAVE5,0.0
508522,14483,2025-08-26 23:46:00,Delivered,Debit Card,Desktop,,0.0
508523,15726,2025-08-27 07:20:00,DELIVERED,UPI,Mobile Web,,0.0
508524,14793,2025-08-27 07:49:00,Delivered,UPI,Desktop,,0.0
508525,15423,2025-08-27 08:18:00,delivered ,debit card,Mobile App,,0.0
508526,14715,2025-08-27 08:56:00,DELIVERED,UPI,Mobile App,,0.0
508527,14562,2025-08-27 09:38:00,Delivered,Cash on Delivery,Mobile App,,0.0
508528,13663,2025-08-27 11:09:00,Delivered,Debit Card,Mobile Web,SAVE5,0.0
508529,16051,2025-08-27 11:38:00,Delivered,Cash on Delivery,Desktop,,0.0
508530,15978,2025-08-27 13:38:00,DELIVERED,Upi,Mobile App,WELCOME15,0.0
508531,10458,2025-08-27 15:37:00,Delivered,UPI,Mobile Web,,0.0
508532,14133,2025-08-27 15:38:00,Delivered,credit card,Mobile App,,0.0
508533,15974,2025-08-27 15:38:00,Delivered,Cash on Delivery,Mobile Web,WELCOME15,0.0
508534,13374,2025-08-27 15:56:00,DELIVERED,Cash on Delivery,Mobile Web,,0.0
508535,14291,2025-08-27 16:22:00,Delivered,UPI,Mobile App,,0.0
508536,15107,2025-08-27 16:52:00,Delivered,UPI,Mobile App,,49.0
508537,15710,2025-08-27 17:31:00,delivered ,Credit Card,Mobile App,,0.0
508538,15222,2025-08-27 18:54:00,Delivered,Cash on Delivery,Mobile App,,0.0
508539,15986,2025-08-27 19:42:00,Delivered,COD,Desktop,WELCOME15,0.0
508540,14279,2025-08-27 21:39:00,Delivered,upi,Mobile App,,0.0
508541,15564,2025-08-27 23:31:00,Delivered,UPI,Mobile Web,,0.0
508542,15940,2025-08-27 23:58:00,Delivered,Debit Card,Mobile Web,,0.0
508543,16037,2025-08-28 07:09:00,Delivered,UPI,Mobile App,WELCOME15,0.0
508544,16045,2025-08-28 07:56:00,Delivered,UPI,Mobile App,,0.0
508545,15905,2025-08-28 09:02:00,Delivered,UPI,Desktop,,0.0
508546,16070,2025-08-28 09:44:00,Delivered,Debit Card,Mobile Web,,0.0
508547,15783,2025-08-28 09:50:00,DELIVERED,Cash on Delivery,Mobile App,,49.0
508548,16034,2025-08-28 11:56:00,DELIVERED,Cash on Delivery,Mobile App,,0.0
508549,15187,2025-08-28 12:47:00,Cancelled,UPI,Mobile App,,49.0
508550,12925,2025-08-28 13:18:00,Delivered,Net Banking,Mobile App,,0.0
508551,15653,2025-08-28 13:29:00,Cancelled,Cash on Delivery,Desktop,,49.0
508552,14189,2025-08-28 13:55:00,Delivered,UPI,Mobile App,,0.0
508553,15298,2025-08-28 14:49:00,Returned,UPI,Mobile Web,,0.0
508554,13068,2025-08-28 15:35:00,Delivered,cod,Desktop,,49.0
508555,16035,2025-08-28 16:37:00,Returned,Credit Card,Mobile App,,0.0
508556,16023,2025-08-28 17:24:00,Delivered,COD,Mobile App,WELCOME15,0.0
508557,16039,2025-08-28 17:44:00,DELIVERED,UPI,Mobile App,,0.0
508558,13586,2025-08-28 20:13:00,Delivered,Upi,Mobile App,,0.0
508559,11550,2025-08-28 20:20:00,Returned,Debit Card,Desktop,,0.0
508560,15945,2025-08-28 21:11:00,Delivered,UPI,Mobile Web,SAVE5,0.0
508561,15931,2025-08-28 21:11:00,DELIVERED,UPI,Desktop,WELCOME15,0.0
508562,16048,2025-08-28 21:32:00,DELIVERED,Cash on Delivery,Mobile App,,0.0
508563,13007,2025-08-28 22:17:00,delivered ,Upi,Mobile App,,49.0
508564,16057,2025-08-29 07:07:00,Delivered,UPI,Mobile App,,0.0
508565,16064,2025-08-29 07:09:00,Delivered,Debit Card,Mobile App,WELCOME15,0.0
508566,13311,2025-08-29 07:10:00,delivered ,Cash on Delivery,Mobile Web,,0.0
508567,16087,2025-08-29 07:37:00,Delivered,Debit Card,Mobile App,WELCOME15,0.0
508568,16078,2025-08-29 08:23:00,Delivered,UPI,Mobile Web,WELCOME15,49.0
508569,16072,2025-08-29 08:35:00,Delivered,Cash On Delivery,Mobile Web,,49.0
508570,16093,2025-08-29 09:15:00,Delivered,Credit Card,Mobile App,WELCOME15,0.0
508571,14293,2025-08-29 09:59:00,Delivered,debit card,Mobile Web,,0.0
508572,14678,2025-08-29 10:40:00,Delivered,UPI,Desktop,,0.0
508573,13038,2025-08-29 11:20:00,Delivered,Cash on Delivery,Desktop,,0.0
508574,16031,2025-08-29 11:24:00,Delivered,credit card,Mobile App,WELCOME15,0.0
508575,15966,2025-08-29 12:07:00,Returned,Cash on Delivery,Mobile App,WELCOME15,0.0
508576,16047,2025-08-29 12:12:00,Delivered,credit card,Mobile App,WELCOME15,0.0
508577,13769,2025-08-29 12:20:00,DELIVERED,Credit Card,Mobile App,,0.0
508578,15950,2025-08-29 14:30:00,Delivered,UPI,Mobile Web,,0.0
508579,15776,2025-08-29 14:33:00,Returned,UPI,Mobile App,,0.0
508580,16065,2025-08-29 15:16:00,Delivered,Cash on Delivery,Mobile App,,49.0
508581,15926,2025-08-29 15:22:00,Delivered,UPI,Mobile App,,0.0
508582,16054,2025-08-29 15:30:00,Delivered,UPI,Mobile App,,0.0
508583,13803,2025-08-29 16:03:00,Delivered,DC,Mobile App,SAVE5,0.0
508584,16077,2025-08-29 16:55:00,Delivered,Debit Card,Desktop,,0.0
508585,14167,2025-08-29 18:11:00,Delivered,UPI,Desktop,,0.0
508586,15293,2025-08-29 18:39:00,Delivered,UPI,Desktop,,0.0
508587,12672,2025-08-29 18:59:00,Delivered,Cash on Delivery,Mobile App,,0.0
508588,15970,2025-08-29 22:06:00,Delivered,upi,Mobile App,WELCOME15,0.0
508589,13378,2025-08-30 07:18:00,Delivered,UPI,Mobile Web,,0.0
508590,16080,2025-08-30 07:32:00,Delivered,upi,Mobile App,,0.0
508591,13083,2025-08-30 07:39:00,Cancelled,Cash on Delivery,Mobile Web,,0.0
508592,12972,2025-08-30 08:08:00,Delivered,Cash on Delivery,Mobile App,,0.0
508593,15912,2025-08-30 08:20:00,Delivered,Upi,Desktop,,0.0
508594,12179,2025-08-30 08:23:00,Delivered,Debit Card,Mobile App,,0.0
508595,15738,2025-08-30 08:40:00,Delivered,UPI,Mobile App,,0.0
508596,16063,2025-08-30 08:41:00,Delivered,Credit Card,Mobile Web,,0.0
508597,16075,2025-08-30 11:26:00,Delivered,Debit Card,Mobile Web,,0.0
508598,16059,2025-08-30 11:42:00,Delivered,UPI,Mobile App,WELCOME15,49.0
508599,16094,2025-08-30 11:44:00,DELIVERED,Net Banking,Mobile App,,0.0
508600,16081,2025-08-30 13:34:00,Delivered,UPI,Mobile Web,WELCOME15,49.0
508601,16083,2025-08-30 13:44:00,Returned,UPI,Mobile Web,,0.0
508602,16105,2025-08-30 14:48:00,Delivered,UPI,Mobile Web,,0.0
508603,15228,2025-08-30 15:15:00,delivered ,upi,Desktop,,0.0
508604,15949,2025-08-30 15:18:00,Delivered,UPI,Mobile Web,,0.0
508605,15240,2025-08-30 15:27:00,Returned,UPI,Mobile App,,0.0
508606,16088,2025-08-30 15:52:00,Delivered,UPI,Mobile App,WELCOME15,0.0
508607,14043,2025-08-30 16:43:00,Delivered,UPI,Desktop,SAVE5,0.0
508608,15360,2025-08-30 16:44:00,Delivered,UPI,Mobile Web,,0.0
508609,15028,2025-08-30 16:47:00,Delivered,Debit Card,Mobile App,,49.0
508610,16106,2025-08-30 16:58:00,Cancelled,Cash on Delivery,Mobile Web,WELCOME15,0.0
508611,16089,2025-08-30 19:24:00,Delivered,CC,Mobile Web,,49.0
508612,13374,2025-08-30 19:41:00,Delivered,Cash on Delivery,Mobile Web,,0.0
508613,16092,2025-08-30 21:01:00,Delivered,debit card,Mobile App,,0.0
508614,14276,2025-08-30 21:34:00,returned ,UPI,Mobile App,SAVE5,0.0
508615,14820,2025-08-30 21:50:00,delivered ,UPI,Mobile Web,,0.0
508616,16108,2025-08-30 22:41:00,Returned,Credit Card,Desktop,WELCOME15,0.0
508617,16029,2025-08-30 23:00:00,Delivered,UPI,Mobile App,,0.0
508618,16084,2025-08-31 10:07:00,Delivered,Cash on Delivery,Mobile Web,WELCOME15,0.0
508619,12536,2025-08-31 10:14:00,Delivered,UPI,Mobile App,,0.0
508620,16073,2025-08-31 10:35:00,Delivered,Cash on Delivery,Mobile App,,0.0
508621,16123,2025-08-31 11:34:00,Delivered,Debit Card,Mobile Web,WELCOME15,0.0
508622,15958,2025-08-31 12:23:00,Delivered,DC,Mobile App,,49.0
508623,16124,2025-08-31 12:25:00,DELIVERED,Credit Card,Mobile App,WELCOME15,49.0
508624,12627,2025-08-31 13:03:00,Delivered,Net Banking,Mobile App,,0.0
508625,15907,2025-08-31 13:09:00,Returned,Cash on Delivery,Mobile Web,,49.0
508626,15971,2025-08-31 13:13:00,Cancelled,Credit Card,Mobile App,,0.0
508627,12929,2025-08-31 14:06:00,Delivered,Cash on Delivery,Mobile App,,0.0
508628,14074,2025-08-31 14:08:00,Delivered,Cash on Delivery,Mobile App,,0.0
508629,16107,2025-08-31 14:29:00,Delivered,UPI,Mobile Web,WELCOME15,49.0
508630,13309,2025-08-31 14:43:00,Delivered,Credit Card,Mobile Web,,0.0
508631,14627,2025-08-31 14:48:00,Delivered,UPI,Mobile Web,,0.0
508632,15989,2025-08-31 17:47:00,DELIVERED,upi,Mobile App,,0.0
508633,16119,2025-08-31 18:23:00,DELIVERED,UPI,Mobile App,WELCOME15,0.0
508634,11705,2025-08-31 18:54:00,Delivered,UPI,Mobile Web,,0.0
508635,14286,2025-08-31 19:46:00,Delivered,upi,Mobile Web,,0.0
508636,16076,2025-08-31 21:00:00,Delivered,Credit Card,Mobile App,,0.0
508637,15120,2025-08-31 22:09:00,Returned,Cash On Delivery,Mobile App,,0.0
508638,16049,2025-08-31 23:14:00,Delivered,UPI,Mobile App,WELCOME15,49.0
508639,16111,2025-08-31 23:23:00,delivered ,UPI,Desktop,WELCOME15,0.0
508640,12185,2025-08-31 23:39:00,Delivered,UPI,Mobile Web,,0.0
508641,14186,2025-09-01 07:54:00,DELIVERED,Credit Card,Mobile Web,,0.0
508642,13951,2025-09-01 08:19:00,DELIVERED,Net Banking,Mobile Web,,49.0
508643,14669,2025-09-01 08:27:00,Delivered,Upi,Mobile App,,0.0
508644,12206,2025-09-01 08:53:00,Delivered,Cash on Delivery,Mobile App,SAVE5,0.0
508645,16134,2025-09-01 09:40:00,Delivered,Credit Card,Mobile Web,,0.0
508646,16055,2025-09-01 10:11:00,Delivered,UPI,Mobile App,WELCOME15,0.0
508647,14890,2025-09-01 12:06:00,Delivered,UPI,Mobile App,,0.0
508648,16069,2025-09-01 12:32:00,DELIVERED,Cash on Delivery,Mobile App,WELCOME15,0.0
508649,14928,2025-09-01 14:07:00,Delivered,UPI,Mobile App,,49.0
508650,15998,2025-09-01 15:28:00,Delivered,UPI,Mobile App,,49.0
508651,14526,2025-09-01 16:06:00,Delivered,CC,Mobile App,,0.0
508652,13620,2025-09-01 16:19:00,Delivered,Credit Card,Mobile App,,0.0
508653,14251,2025-09-01 16:48:00,Delivered,UPI,Mobile App,,0.0
508654,16028,2025-09-01 17:16:00,Delivered,UPI,Desktop,WELCOME15,49.0
508655,16056,2025-09-01 17:25:00,Delivered,Debit Card,Desktop,WELCOME15,0.0
508656,16038,2025-09-01 19:16:00,Delivered,UPI,Desktop,,0.0
508657,16117,2025-09-01 19:17:00,Delivered,CC,Mobile Web,,0.0
508658,16046,2025-09-01 20:09:00,DELIVERED,Cash on Delivery,Mobile Web,,49.0
508659,16061,2025-09-01 21:23:00,Delivered,CC,Mobile App,,0.0
508660,16062,2025-09-01 22:29:00,Delivered,Credit Card,Desktop,,0.0
508661,16118,2025-09-01 23:48:00,Delivered,upi,Mobile Web,,0.0
508662,16109,2025-09-02 07:56:00,DELIVERED,UPI,Mobile Web,,49.0
508663,16113,2025-09-02 08:05:00,Delivered,Credit Card,Mobile Web,WELCOME15,0.0
508664,14598,2025-09-02 08:19:00,DELIVERED,Debit Card,Mobile App,,0.0
508665,16085,2025-09-02 09:44:00,Delivered,Credit Card,Desktop,,0.0
508666,16098,2025-09-02 11:47:00,Delivered,UPI,Desktop,WELCOME15,0.0
508667,14587,2025-09-02 11:50:00,DELIVERED,UPI,Desktop,,0.0
508668,16122,2025-09-02 11:54:00,Delivered,credit card,Mobile Web,WELCOME15,0.0
508669,14276,2025-09-02 12:01:00,Delivered,Credit Card,Mobile Web,SAVE5,0.0
508670,16099,2025-09-02 12:11:00,DELIVERED,UPI,Mobile App,SAVE5,0.0
508671,16131,2025-09-02 12:36:00,Delivered,UPI,Mobile App,WELCOME15,0.0
508672,16138,2025-09-02 12:45:00,DELIVERED,Cash on Delivery,Mobile Web,,0.0
508673,16079,2025-09-02 13:00:00,Returned,UPI,Mobile App,WELCOME15,0.0
508674,16151,2025-09-02 13:17:00,Delivered,UPI,Mobile Web,,0.0
508675,16074,2025-09-02 14:20:00,Delivered,credit card,Mobile App,,0.0
508676,16114,2025-09-02 14:35:00,Returned,Upi,Desktop,,0.0
508677,16068,2025-09-02 14:49:00,Delivered,Cash on Delivery,Mobile Web,,49.0
508678,16126,2025-09-02 15:34:00,Delivered,UPI,Mobile Web,,0.0
508679,13466,2025-09-02 16:14:00,Delivered,UPI,Mobile App,,0.0
508680,15139,2025-09-02 17:28:00,Delivered,Credit Card,Mobile App,,0.0
508681,14370,2025-09-02 18:55:00,Delivered,UPI,Mobile App,,0.0
508682,15288,2025-09-02 21:31:00,delivered ,Debit Card,Mobile Web,,0.0
508683,13545,2025-09-02 22:17:00,Delivered,Upi,Mobile App,,0.0
508684,15150,2025-09-02 22:45:00,Delivered,UPI,Mobile App,,0.0
508685,12869,2025-09-02 23:00:00,Delivered,UPI,Desktop,,49.0
508686,12742,2025-09-02 23:23:00,Cancelled,UPI,Mobile Web,,0.0
508687,16128,2025-09-03 07:06:00,Delivered,Debit Card,Mobile App,,0.0
508688,14534,2025-09-03 07:29:00,Delivered,Upi,Mobile Web,,0.0
508689,16163,2025-09-03 12:52:00,delivered ,Debit Card,Mobile Web,,0.0
508690,16165,2025-09-03 13:39:00,Delivered,DC,Mobile Web,WELCOME15,0.0
508691,16159,2025-09-03 14:21:00,Returned,UPI,Mobile App,,0.0
508692,14043,2025-09-03 15:18:00,Delivered,UPI,Mobile App,SAVE5,0.0
508693,15691,2025-09-03 16:41:00,CANCELLED,UPI,Mobile App,,0.0
508694,16036,2025-09-03 17:16:00,Delivered,Credit Card,Mobile Web,WELCOME15,0.0
508695,16167,2025-09-03 18:21:00,delivered ,UPI,Mobile App,WELCOME15,0.0
508696,15946,2025-09-03 18:43:00,returned ,UPI,Mobile App,WELCOME15,0.0
508697,15477,2025-09-03 19:07:00,DELIVERED,UPI,Mobile App,,0.0
508698,11597,2025-09-03 20:36:00,Delivered,Upi,Mobile Web,,0.0
508699,13335,2025-09-03 20:45:00,Delivered,Credit Card,Mobile App,,0.0
508700,16071,2025-09-03 21:01:00,Delivered,UPI,Mobile Web,WELCOME15,49.0
508701,13641,2025-09-03 21:10:00,DELIVERED,Net Banking,Mobile App,,0.0
508702,16136,2025-09-03 22:08:00,Delivered,UPI,Mobile App,WELCOME15,0.0
508703,13008,2025-09-03 22:45:00,Delivered,Debit Card,Mobile Web,,0.0
508704,12958,2025-09-03 23:51:00,Delivered,Debit Card,Mobile App,SAVE5,0.0
508705,16168,2025-09-04 07:01:00,Delivered,UPI,Mobile Web,,0.0
508706,15708,2025-09-04 07:11:00,Delivered,Credit Card,Mobile App,,0.0
508707,16169,2025-09-04 07:27:00,Delivered,UPI,Mobile App,WELCOME15,0.0
508708,16023,2025-09-04 07:27:00,delivered ,UPI,Mobile Web,,0.0
508709,13951,2025-09-04 10:02:00,Delivered,Cash on Delivery,Mobile App,,49.0
508710,11311,2025-09-04 10:24:00,Delivered,CC,Mobile App,,0.0
508711,16135,2025-09-04 10:29:00,DELIVERED,Upi,Mobile App,WELCOME15,0.0
508712,12768,2025-09-04 12:53:00,Cancelled,Cash on Delivery,Mobile App,,0.0
508713,16084,2025-09-04 15:32:00,Delivered,UPI,Mobile Web,SAVE5,49.0
508714,16086,2025-09-04 15:40:00,Cancelled,Debit Card,Mobile Web,WELCOME15,0.0
508715,15029,2025-09-04 16:33:00,Delivered,Credit Card,Desktop,,49.0
508716,16133,2025-09-04 17:41:00,Delivered,Debit Card,Mobile Web,,0.0
508717,16148,2025-09-04 18:35:00,Returned,Debit Card,Mobile App,,0.0
508718,15402,2025-09-04 18:41:00,Returned,Cash on Delivery,Mobile App,,0.0
508719,16160,2025-09-04 18:46:00,Delivered,Credit Card,Desktop,WELCOME15,0.0
508720,14295,2025-09-04 20:18:00,Delivered,DC,Desktop,,0.0
508721,15920,2025-09-04 23:12:00,Delivered,UPI,Mobile Web,,0.0
508722,14465,2025-09-04 23:19:00,Delivered,UPI,Mobile App,,0.0
508723,15120,2025-09-05 07:03:00,Delivered,UPI,Desktop,,0.0
508724,16140,2025-09-05 07:22:00,Delivered,UPI,Mobile App,,0.0
508725,14231,2025-09-05 08:32:00,Delivered,COD,Mobile App,SAVE5,0.0
508726,16194,2025-09-05 08:35:00,Delivered,debit card,Mobile Web,,0.0
508727,15298,2025-09-05 09:17:00,Delivered,UPI,Mobile Web,,0.0
508728,16141,2025-09-05 10:50:00,Delivered,Cash on Delivery,Mobile Web,WELCOME15,0.0
508729,16146,2025-09-05 10:58:00,Returned,Credit Card,Mobile App,,0.0
508730,13360,2025-09-05 12:22:00,Delivered,Credit Card,Mobile Web,,0.0
508731,16132,2025-09-05 13:07:00,DELIVERED,UPI,Mobile App,WELCOME15,0.0
508732,16171,2025-09-05 14:55:00,Delivered,Credit Card,Mobile Web,WELCOME15,0.0
508733,16189,2025-09-05 14:59:00,Delivered,Net Banking,Desktop,,0.0
508734,12357,2025-09-05 16:18:00,Delivered,UPI,Mobile App,,0.0
508735,15571,2025-09-05 19:22:00,returned ,UPI,Mobile App,,0.0
508736,16195,2025-09-05 19:55:00,Delivered,UPI,Mobile Web,WELCOME15,0.0
508737,16025,2025-09-05 23:05:00,Returned,Net Banking,Mobile App,,0.0
508738,16212,2025-09-06 07:55:00,Delivered,Credit Card,Mobile App,,0.0
508739,15820,2025-09-06 08:07:00,Delivered,Debit Card,Mobile App,,0.0
508740,16130,2025-09-06 08:16:00,DELIVERED,Debit Card,Mobile App,SAVE5,0.0
508741,14871,2025-09-06 08:47:00,Delivered,UPI,Mobile Web,,0.0
508742,15457,2025-09-06 08:50:00,delivered ,UPI,Mobile App,,0.0
508743,16215,2025-09-06 09:53:00,Delivered,Cash on Delivery,Desktop,WELCOME15,0.0
508744,16175,2025-09-06 10:05:00,Delivered,Cash on Delivery,Mobile App,WELCOME15,0.0
508745,15492,2025-09-06 10:10:00,Delivered,Cash on Delivery,Mobile Web,,0.0
508746,16164,2025-09-06 11:28:00,delivered ,Cash on Delivery,Mobile App,WELCOME15,0.0
508747,16174,2025-09-06 12:26:00,Delivered,Cash on Delivery,Desktop,WELCOME15,0.0
508748,14663,2025-09-06 13:09:00,Returned,Upi,Desktop,,0.0
508749,16201,2025-09-06 15:07:00,Delivered,credit card,Mobile Web,,49.0
508750,16114,2025-09-06 15:24:00,DELIVERED,Credit Card,Mobile App,,0.0
508751,15044,2025-09-06 15:50:00,Returned,Credit Card,Mobile App,,0.0
508752,16181,2025-09-06 16:03:00,Returned,UPI,Mobile Web,,0.0
508753,16197,2025-09-06 16:40:00,Delivered,Cash on Delivery,Mobile Web,,0.0
508754,16204,2025-09-06 18:05:00,Delivered,UPI,Mobile App,,0.0
508755,15839,2025-09-06 18:51:00,Delivered,Credit Card,Mobile Web,,0.0
508756,15816,2025-09-06 19:15:00,Returned,Cash on Delivery,Mobile Web,,0.0
508757,14753,2025-09-06 19:59:00,Delivered,Cash on Delivery,Mobile App,,0.0
508758,14751,2025-09-06 20:17:00,DELIVERED,UPI,Desktop,,49.0
508759,16152,2025-09-06 20:40:00,Delivered,UPI,Mobile App,,0.0
508760,15641,2025-09-06 21:11:00,Delivered,UPI,Mobile Web,,0.0
508761,14279,2025-09-06 22:41:00,Delivered,Credit Card,Mobile Web,,0.0
508762,14843,2025-09-06 23:16:00,delivered ,Credit Card,Mobile App,,0.0
508763,16184,2025-09-06 23:35:00,delivered ,UPI,Mobile Web,WELCOME15,0.0
508764,16210,2025-09-06 23:54:00,Delivered,UPI,Mobile Web,,0.0
508765,16121,2025-09-07 07:19:00,Delivered,Cash on Delivery,Desktop,WELCOME15,0.0
508766,16199,2025-09-07 09:09:00,Delivered,UPI,Mobile App,,0.0
508767,13466,2025-09-07 10:20:00,Delivered,Cash on Delivery,Desktop,,0.0
508768,15834,2025-09-07 12:17:00,Delivered,Credit Card,Mobile App,,0.0
508769,16180,2025-09-07 14:12:00,Delivered,UPI,Mobile App,,0.0
508770,16166,2025-09-07 14:24:00,Delivered,Cash on Delivery,Mobile App,SAVE5,0.0
508771,16182,2025-09-07 14:55:00,RETURNED,upi,Mobile App,,0.0
508772,16203,2025-09-07 15:10:00,Cancelled,UPI,Mobile App,,0.0
508773,15355,2025-09-07 15:34:00,Delivered,upi,Desktop,,49.0
508774,13443,2025-09-07 16:13:00,Delivered,UPI,Mobile App,SAVE5,49.0
508775,15952,2025-09-07 17:45:00,Delivered,DC,Mobile App,,0.0
508776,15999,2025-09-07 18:48:00,Returned,Upi,Mobile App,,0.0
508777,14849,2025-09-07 19:22:00,Delivered,Credit Card,Mobile App,,0.0
508777,14849,2025-09-07 19:22:00,Delivered,Credit Card,Mobile App,,0.0
508778,14587,2025-09-07 19:27:00,Delivered,UPI,Mobile Web,,0.0
508779,15253,2025-09-07 20:48:00,Delivered,Cash on Delivery,Mobile App,,0.0
508780,16187,2025-09-07 22:25:00,Returned,UPI,Mobile Web,WELCOME15,0.0
508781,13951,2025-09-07 22:34:00,Returned,Upi,Mobile App,,0.0
508782,14954,2025-09-07 22:59:00,Cancelled,UPI,Desktop,,0.0
508783,16194,2025-09-08 07:11:00,Delivered,upi,Desktop,,0.0
508784,16173,2025-09-08 07:12:00,Delivered,Cash on Delivery,Mobile App,,0.0
508785,14178,2025-09-08 07:50:00,Delivered,UPI,Mobile Web,,0.0
508785,14178,2025-09-08 07:50:00,Delivered,UPI,Mobile Web,,0.0
508786,16222,2025-09-08 08:12:00,Delivered,Cash on Delivery,Mobile Web,SAVE5,0.0
508787,16228,2025-09-08 08:26:00,Delivered,Debit Card,Desktop,WELCOME15,49.0
508788,16208,2025-09-08 10:32:00,Delivered,Credit Card,Mobile App,WELCOME15,0.0
508789,16229,2025-09-08 11:00:00,Delivered,Credit Card,Mobile App,,0.0
508790,16155,2025-09-08 11:00:00,DELIVERED,Cash on Delivery,Mobile Web,,0.0
508791,14449,2025-09-08 11:28:00,Delivered,upi,Mobile Web,,0.0
508792,16172,2025-09-08 11:48:00,Delivered,UPI,Mobile App,,0.0
508793,15901,2025-09-08 13:39:00,Returned,Debit Card,Desktop,WELCOME15,0.0
508794,16240,2025-09-08 13:51:00,Delivered,UPI,Mobile Web,WELCOME15,0.0
508795,16162,2025-09-08 15:07:00,DELIVERED,Net Banking,Mobile Web,WELCOME15,49.0
508796,12450,2025-09-08 15:14:00,Delivered,UPI,Desktop,,0.0
508797,16193,2025-09-08 15:27:00,Delivered,Cash on Delivery,Mobile App,,0.0
508798,15664,2025-09-08 15:39:00,Delivered,UPI,Desktop,,0.0
508799,16097,2025-09-08 15:53:00,Cancelled,UPI,Desktop,,0.0
508800,10057,2025-09-08 15:55:00,Delivered,Cash on Delivery,Mobile App,,49.0
508801,13789,2025-09-08 16:01:00,Delivered,Net Banking,Mobile Web,,0.0
508802,16202,2025-09-08 17:42:00,Delivered,Net Banking,Mobile App,WELCOME15,49.0
508803,14718,2025-09-08 18:51:00,Delivered,Cash on Delivery,Desktop,,0.0
508804,16206,2025-09-08 19:45:00,delivered ,credit card,Mobile Web,,0.0
508805,14277,2025-09-08 19:54:00,RETURNED,Net Banking,Mobile App,,0.0
508806,15579,2025-09-08 21:25:00,DELIVERED,CC,Mobile App,,0.0
508807,16231,2025-09-08 21:43:00,Delivered,UPI,Mobile Web,WELCOME15,0.0
508808,16223,2025-09-08 22:41:00,Returned,Cash on Delivery,Mobile App,WELCOME15,0.0
508809,16129,2025-09-08 23:50:00,Delivered,upi,Desktop,,0.0
508810,13652,2025-09-09 07:15:00,Delivered,UPI,Mobile App,,0.0
508811,16221,2025-09-09 07:21:00,Delivered,Debit Card,Mobile App,,0.0
508812,15891,2025-09-09 07:27:00,Delivered,Credit Card,Mobile Web,,0.0
508813,16183,2025-09-09 08:56:00,Delivered,Cash On Delivery,Mobile Web,WELCOME15,0.0
508814,15371,2025-09-09 09:06:00,Delivered,Cash on Delivery,Mobile App,,0.0
508815,16125,2025-09-09 09:17:00,Cancelled,Cash On Delivery,Mobile App,,0.0
508816,15726,2025-09-09 11:11:00,CANCELLED,UPI,Mobile App,,0.0
508817,16245,2025-09-09 12:10:00,Delivered,UPI,Mobile App,,0.0
508818,16198,2025-09-09 12:48:00,Delivered,Net Banking,Desktop,,49.0
508819,14766,2025-09-09 13:08:00,delivered ,Credit Card,Mobile Web,,0.0
508820,16220,2025-09-09 13:10:00,Delivered,Cash on Delivery,Mobile App,WELCOME15,0.0
508821,14895,2025-09-09 13:23:00,delivered ,UPI,Desktop,,0.0
508822,14245,2025-09-09 13:36:00,Delivered,CC,Mobile App,,0.0
508823,15401,2025-09-09 13:39:00,Delivered,Cash on Delivery,Mobile App,,49.0
508824,16259,2025-09-09 13:59:00,Delivered,Cash on Delivery,Mobile Web,,0.0
508825,16179,2025-09-09 14:22:00,Delivered,UPI,Mobile App,,0.0
508826,16253,2025-09-09 15:13:00,CANCELLED,Credit Card,Desktop,,0.0
508827,16251,2025-09-09 15:15:00,returned ,Cash on Delivery,Mobile App,,0.0
508828,14257,2025-09-09 15:18:00,DELIVERED,Cash on Delivery,Mobile Web,,0.0
508829,14699,2025-09-09 15:37:00,Returned,Credit Card,Desktop,,0.0
508830,16247,2025-09-09 16:24:00,delivered ,UPI,Mobile Web,,0.0
508831,14860,2025-09-09 16:46:00,Delivered,Credit Card,Desktop,,0.0
508832,16256,2025-09-09 17:04:00,delivered ,Cash on Delivery,Mobile App,,0.0
508833,16192,2025-09-09 17:15:00,Delivered,UPI,Mobile Web,,0.0
508834,16242,2025-09-09 17:43:00,Delivered,UPI,Mobile App,WELCOME15,0.0
508835,14614,2025-09-09 17:48:00,Delivered,UPI,Mobile App,,0.0
508836,16249,2025-09-09 18:08:00,Delivered,UPI,Mobile App,WELCOME15,0.0
508837,15092,2025-09-09 18:32:00,Delivered,upi,Mobile Web,,0.0
508838,16196,2025-09-09 18:39:00,Delivered,Debit Card,Mobile Web,WELCOME15,0.0
508839,16145,2025-09-09 20:24:00,Delivered,Net Banking,Mobile App,,0.0
508840,16218,2025-09-09 21:30:00,Delivered,Credit Card,Mobile Web,,0.0
508841,15375,2025-09-09 22:50:00,Delivered,Net Banking,Mobile Web,,0.0
508842,16185,2025-09-10 07:11:00,Delivered,UPI,Mobile Web,,0.0
508843,16243,2025-09-10 08:08:00,Delivered,Cash on Delivery,Desktop,,0.0
508844,16255,2025-09-10 08:53:00,Returned,UPI,Mobile Web,WELCOME15,0.0
508845,16269,2025-09-10 09:01:00,Returned,UPI,Mobile App,,0.0
508846,14407,2025-09-10 09:03:00,DELIVERED,Upi,Mobile App,,0.0
508847,16214,2025-09-10 09:13:00,DELIVERED,Cash on Delivery,Mobile App,,0.0
508848,15392,2025-09-10 09:19:00,DELIVERED,Cash on Delivery,Mobile Web,SAVE5,0.0
508849,16227,2025-09-10 09:43:00,Delivered,UPI,Mobile Web,WELCOME15,0.0
508850,14867,2025-09-10 12:28:00,RETURNED,UPI,Mobile App,,0.0
508851,16235,2025-09-10 12:38:00,Returned,Credit Card,Desktop,,0.0
508852,15549,2025-09-10 13:26:00,DELIVERED,Debit Card,Mobile Web,,0.0
508853,16191,2025-09-10 14:08:00,Delivered,UPI,Mobile App,SAVE5,0.0
508854,16170,2025-09-10 14:12:00,Delivered,UPI,Mobile App,,0.0
508855,15091,2025-09-10 16:13:00,DELIVERED,Credit Card,Mobile App,,49.0
508856,15801,2025-09-10 18:22:00,Delivered,Credit Card,Desktop,SAVE5,0.0
508857,13367,2025-09-10 18:36:00,Delivered,Debit Card,Desktop,,0.0
508858,13038,2025-09-10 18:57:00,Delivered,upi,Mobile Web,,0.0
508859,13002,2025-09-10 22:53:00,delivered ,credit card,Mobile Web,,0.0
508860,16177,2025-09-10 23:17:00,delivered ,Cash on Delivery,Mobile App,,0.0
508861,16283,2025-09-11 07:00:00,Delivered,Credit Card,Mobile App,WELCOME15,0.0
508862,16248,2025-09-11 07:27:00,Delivered,Net Banking,Mobile App,WELCOME15,0.0
508863,15220,2025-09-11 07:43:00,DELIVERED,Upi,Mobile Web,,0.0
508864,16276,2025-09-11 08:46:00,Delivered,Cash On Delivery,Mobile App,,0.0
508865,16258,2025-09-11 08:49:00,Delivered,upi,Desktop,,0.0
508866,16219,2025-09-11 09:02:00,Delivered,Debit Card,Mobile Web,,0.0
508867,15488,2025-09-11 09:04:00,Delivered,Cash on Delivery,Mobile Web,,0.0
508868,13773,2025-09-11 10:05:00,Delivered,UPI,Mobile App,,0.0
508869,16270,2025-09-11 10:07:00,DELIVERED,CC,Mobile App,WELCOME15,0.0
508870,16226,2025-09-11 10:12:00,Delivered,Net Banking,Mobile App,WELCOME15,0.0
508871,12635,2025-09-11 10:33:00,Delivered,Cash on Delivery,Mobile App,,0.0
508872,14764,2025-09-11 10:48:00,Delivered,Credit Card,Mobile App,,0.0
508873,14871,2025-09-11 11:07:00,Delivered,upi,Mobile App,,49.0
508874,14855,2025-09-11 12:37:00,Delivered,UPI,Mobile Web,,0.0
508875,16264,2025-09-11 13:35:00,Delivered,Net Banking,Mobile App,,0.0
508876,16127,2025-09-11 14:53:00,DELIVERED,UPI,Mobile App,,49.0
508877,16230,2025-09-11 15:40:00,Delivered,upi,Mobile Web,WELCOME15,0.0
508878,16272,2025-09-11 16:38:00,Returned,UPI,Mobile Web,WELCOME15,0.0
508879,16275,2025-09-11 16:45:00,DELIVERED,UPI,Mobile App,WELCOME15,0.0
508879,16275,2025-09-11 16:45:00,DELIVERED,UPI,Mobile App,WELCOME15,0.0
508880,16287,2025-09-11 17:37:00,Delivered,CC,Mobile App,,0.0
508881,16278,2025-09-11 18:19:00,Delivered,upi,Desktop,WELCOME15,0.0
508882,13167,2025-09-11 18:21:00,delivered ,upi,Mobile Web,,0.0
508883,16262,2025-09-11 19:01:00,Delivered,UPI,Mobile App,,0.0
508884,12345,2025-09-11 20:17:00,Delivered,UPI,Mobile App,,0.0
508885,14514,2025-09-11 23:01:00,Delivered,UPI,Mobile App,,0.0
508886,16176,2025-09-11 23:58:00,Delivered,Net Banking,Mobile App,WELCOME15,49.0
508887,16299,2025-09-12 07:24:00,DELIVERED,Credit Card,Mobile App,,0.0
508888,16116,2025-09-12 09:54:00,Returned,UPI,Mobile App,,0.0
508889,16257,2025-09-12 10:04:00,Delivered,UPI,Mobile Web,,0.0
508890,12627,2025-09-12 10:31:00,DELIVERED,Cash on Delivery,Desktop,,0.0
508891,13727,2025-09-12 11:18:00,DELIVERED,COD,Mobile Web,,0.0
508892,14658,2025-09-12 11:19:00,delivered ,UPI,Mobile Web,,0.0
508893,16295,2025-09-12 12:10:00,Delivered,Cash on Delivery,Mobile Web,WELCOME15,49.0
508894,16297,2025-09-12 14:02:00,Delivered,UPI,Mobile App,WELCOME15,0.0
508895,15368,2025-09-12 14:24:00,Delivered,Credit Card,Mobile App,,0.0
508896,16303,2025-09-12 15:09:00,DELIVERED,cod,Mobile Web,,0.0
508897,14061,2025-09-12 18:05:00,Delivered,Credit Card,Mobile Web,,0.0
508898,16152,2025-09-12 22:08:00,Delivered,credit card,Mobile App,,49.0
508899,16263,2025-09-12 23:01:00,Delivered,Credit Card,Mobile App,WELCOME15,0.0
508900,16225,2025-09-12 23:22:00,Delivered,Cash on Delivery,Mobile App,,0.0
508901,13998,2025-09-12 23:25:00,RETURNED,Cash on Delivery,Mobile App,SAVE5,0.0
508902,14923,2025-09-13 07:22:00,Delivered,Debit Card,Mobile App,,0.0
508903,16302,2025-09-13 07:24:00,Delivered,Cash on Delivery,Mobile App,WELCOME15,0.0
508904,16266,2025-09-13 07:38:00,DELIVERED,Cash on Delivery,Mobile App,WELCOME15,0.0
508905,15844,2025-09-13 08:08:00,Delivered,Credit Card,Desktop,,0.0
508906,13754,2025-09-13 08:27:00,Cancelled,upi,Desktop,,0.0
508907,16232,2025-09-13 08:39:00,delivered ,debit card,Desktop,WELCOME15,0.0
508908,16224,2025-09-13 09:08:00,Delivered,Cash on Delivery,Mobile Web,,0.0
508909,16291,2025-09-13 10:20:00,delivered ,UPI,Mobile Web,,0.0
508910,16186,2025-09-13 10:23:00,Delivered,UPI,Desktop,WELCOME15,0.0
508911,16274,2025-09-13 10:51:00,Delivered,UPI,Desktop,,49.0
508912,16265,2025-09-13 11:05:00,delivered ,Upi,Mobile App,WELCOME15,0.0
508913,14318,2025-09-13 11:14:00,Delivered,UPI,Mobile App,,0.0
508914,16307,2025-09-13 11:17:00,Delivered,Credit Card,Mobile App,WELCOME15,0.0
508915,16009,2025-09-13 11:30:00,Cancelled,UPI,Mobile Web,,0.0
508916,16289,2025-09-13 13:49:00,Delivered,Debit Card,Mobile App,WELCOME15,0.0
508917,16318,2025-09-13 14:07:00,Delivered,UPI,Mobile App,,49.0
508918,16313,2025-09-13 14:35:00,Delivered,UPI,Mobile Web,,0.0
508919,13294,2025-09-13 14:49:00,Delivered,CC,Mobile Web,,0.0
508920,15921,2025-09-13 15:11:00,Delivered,UPI,Mobile Web,,49.0
508921,14395,2025-09-13 16:26:00,Delivered,Net Banking,Mobile App,SAVE5,0.0
508922,15519,2025-09-13 17:15:00,Delivered,UPI,Mobile Web,,0.0
508923,16304,2025-09-13 18:57:00,Cancelled,COD,Desktop,WELCOME15,0.0
508924,15222,2025-09-13 19:22:00,Delivered,UPI,Mobile App,,0.0
508925,13769,2025-09-13 21:47:00,Delivered,UPI,Mobile App,,0.0
508926,16239,2025-09-13 22:50:00,Delivered,UPI,Mobile Web,WELCOME15,49.0
508927,16067,2025-09-13 23:24:00,Delivered,Debit Card,Desktop,,0.0
508928,16217,2025-09-13 23:25:00,Delivered,UPI,Mobile Web,SAVE5,49.0
508929,13315,2025-09-13 23:44:00,Delivered,UPI,Mobile App,SAVE5,0.0
508930,15577,2025-09-14 07:11:00,Returned,UPI,Mobile App,,0.0
508931,15392,2025-09-14 08:51:00,Returned,UPI,Mobile App,,0.0
508932,16004,2025-09-14 09:23:00,Delivered,Credit Card,Mobile App,,0.0
508933,13825,2025-09-14 10:51:00,Returned,UPI,Mobile Web,,0.0
508934,16335,2025-09-14 10:54:00,returned ,UPI,Mobile App,,49.0
508935,16323,2025-09-14 11:08:00,delivered ,DC,Mobile App,WELCOME15,0.0
508936,14255,2025-09-14 13:15:00,Delivered,Debit Card,Mobile Web,,0.0
508937,16314,2025-09-14 13:19:00,Cancelled,Cash on Delivery,Desktop,WELCOME15,0.0
508938,16063,2025-09-14 13:38:00,Delivered,UPI,Desktop,,0.0
508939,13465,2025-09-14 14:28:00,Delivered,Debit Card,Mobile App,SAVE5,0.0
508939,13465,2025-09-14 14:28:00,Delivered,Debit Card,Mobile App,SAVE5,0.0
508940,16334,2025-09-14 14:52:00,delivered ,upi,Mobile App,WELCOME15,0.0
508941,16329,2025-09-14 16:37:00,Delivered,UPI,Mobile Web,WELCOME15,0.0
508942,11007,2025-09-14 17:00:00,DELIVERED,Cash on Delivery,Mobile Web,,49.0
508943,14209,2025-09-14 18:27:00,Delivered,Cash on Delivery,Mobile App,,0.0
508944,16330,2025-09-14 19:55:00,Delivered,upi,Mobile App,,0.0
508945,15485,2025-09-14 20:20:00,Delivered,Upi,Desktop,,0.0
508946,15808,2025-09-14 21:32:00,Delivered,UPI,Mobile Web,,49.0
508947,14434,2025-09-14 22:54:00,Delivered,UPI,Mobile App,,0.0
508948,14912,2025-09-14 23:27:00,Delivered,Credit Card,Mobile App,,0.0
508949,16118,2025-09-15 07:34:00,CANCELLED,Cash on Delivery,Mobile Web,,0.0
508950,16306,2025-09-15 07:41:00,Delivered,upi,Mobile App,WELCOME15,0.0
508951,12100,2025-09-15 07:42:00,Returned,upi,Desktop,,0.0
508952,16324,2025-09-15 08:52:00,delivered ,UPI,Mobile App,WELCOME15,0.0
508953,15397,2025-09-15 09:18:00,Delivered,Net Banking,Mobile App,,49.0
508954,15580,2025-09-15 10:05:00,Delivered,UPI,Mobile Web,,49.0
508955,14525,2025-09-15 10:19:00,Delivered,UPI,Mobile Web,,0.0
508956,15442,2025-09-15 10:20:00,Delivered,Debit Card,Mobile App,,0.0
508957,15013,2025-09-15 13:33:00,Delivered,UPI,Mobile Web,,0.0
508958,16290,2025-09-15 14:46:00,Delivered,Upi,Desktop,WELCOME15,0.0
508959,16235,2025-09-15 16:31:00,CANCELLED,COD,Desktop,,0.0
508960,16336,2025-09-15 17:43:00,cancelled ,Cash on Delivery,Mobile Web,,0.0
508961,16284,2025-09-15 18:27:00,Delivered,Credit Card,Mobile App,WELCOME15,0.0
508962,16298,2025-09-15 18:44:00,Delivered,Cash on Delivery,Mobile Web,WELCOME15,0.0
508963,16350,2025-09-15 21:00:00,Delivered,Credit Card,Desktop,,0.0
508964,16356,2025-09-15 21:27:00,Delivered,UPI,Desktop,WELCOME15,0.0
508965,16322,2025-09-15 22:02:00,Delivered,UPI,Mobile App,,0.0
508966,16347,2025-09-15 22:10:00,Returned,Cash on Delivery,Mobile App,,0.0
508967,16349,2025-09-15 22:22:00,Delivered,UPI,Desktop,,0.0
508968,14922,2025-09-15 23:03:00,Delivered,Net Banking,Mobile App,,0.0
508969,16144,2025-09-15 23:06:00,Delivered,Credit Card,Mobile App,SAVE5,0.0
508970,15327,2025-09-15 23:43:00,Delivered,Net Banking,Desktop,,0.0
508971,16362,2025-09-16 07:17:00,Delivered,Cash on Delivery,Mobile App,WELCOME15,0.0
508972,16340,2025-09-16 07:57:00,delivered ,Net Banking,Mobile App,WELCOME15,0.0
508973,14486,2025-09-16 09:16:00,DELIVERED,UPI,Mobile App,,0.0
508974,14062,2025-09-16 10:12:00,Cancelled,Cash on Delivery,Mobile App,,0.0
508975,16316,2025-09-16 11:08:00,delivered ,Debit Card,Mobile App,,0.0
508976,15498,2025-09-16 12:15:00,DELIVERED,Upi,Mobile Web,,0.0
508977,14558,2025-09-16 13:11:00,Delivered,UPI,Mobile Web,,0.0
508978,13332,2025-09-16 14:30:00,delivered ,Credit Card,Mobile Web,,0.0
508979,14197,2025-09-16 15:55:00,Delivered,UPI,Mobile Web,,0.0
508980,16359,2025-09-16 16:44:00,Delivered,debit card,Mobile App,,0.0
508981,13167,2025-09-16 16:55:00,DELIVERED,UPI,Mobile App,,0.0
508982,12627,2025-09-16 18:02:00,delivered ,Upi,Mobile App,,49.0
508983,16360,2025-09-16 18:23:00,Delivered,Cash on Delivery,Desktop,WELCOME15,49.0
508984,15625,2025-09-16 18:28:00,Delivered,Debit Card,Mobile Web,,0.0
508985,14074,2025-09-16 20:32:00,DELIVERED,Credit Card,Mobile App,,0.0
508986,12989,2025-09-16 20:54:00,Delivered,Credit Card,Mobile App,SAVE5,0.0
508987,16099,2025-09-16 21:29:00,Delivered,Cash on Delivery,Mobile App,,49.0
508988,15371,2025-09-17 07:59:00,DELIVERED,UPI,Desktop,,0.0
508989,11053,2025-09-17 10:15:00,Cancelled,Cash on Delivery,Mobile App,,0.0
508990,15352,2025-09-17 10:41:00,Delivered,Credit Card,Mobile Web,,49.0
508991,16348,2025-09-17 11:39:00,Delivered,UPI,Mobile App,,0.0
508992,16351,2025-09-17 11:45:00,DELIVERED,upi,Desktop,,49.0
508993,15813,2025-09-17 13:51:00,Delivered,UPI,Mobile App,,0.0
508994,16365,2025-09-17 14:07:00,DELIVERED,Cash on Delivery,Mobile Web,WELCOME15,49.0
508995,16361,2025-09-17 14:38:00,RETURNED,CC,Mobile App,,0.0
508996,16367,2025-09-17 15:26:00,DELIVERED,UPI,Mobile Web,WELCOME15,0.0
508997,13408,2025-09-17 16:03:00,delivered ,Net Banking,Mobile App,,0.0
508998,16042,2025-09-17 16:16:00,Delivered,Net Banking,Mobile Web,WELCOME15,0.0
508999,16352,2025-09-17 16:43:00,Delivered,Upi,Mobile Web,WELCOME15,0.0
509000,15206,2025-09-17 17:39:00,Delivered,Credit Card,Mobile Web,,0.0
509001,16281,2025-09-17 17:45:00,Delivered,Credit Card,Mobile Web,,0.0
509002,16310,2025-09-17 17:56:00,Returned,upi,Mobile Web,WELCOME15,0.0
509003,15616,2025-09-17 18:37:00,Delivered,Upi,Mobile App,,0.0
509004,13841,2025-09-17 18:59:00,Returned,debit card,Mobile App,,0.0
509005,14960,2025-09-17 20:54:00,Delivered,Net Banking,Mobile Web,,0.0
509006,16161,2025-09-17 20:59:00,Delivered,Credit Card,Mobile App,,0.0
509007,16377,2025-09-17 21:36:00,Delivered,Cash on Delivery,Mobile App,,0.0
509008,16358,2025-09-17 23:01:00,Delivered,upi,Mobile Web,,0.0
509009,16233,2025-09-17 23:42:00,Delivered,UPI,Mobile App,,49.0
509010,16195,2025-09-18 07:47:00,Returned,Upi,Desktop,,0.0
509011,16353,2025-09-18 09:10:00,Delivered,UPI,Mobile App,,0.0
509012,14868,2025-09-18 09:14:00,Delivered,Cash on Delivery,Mobile Web,,49.0
509013,16154,2025-09-18 09:27:00,DELIVERED,Cash on Delivery,Mobile App,WELCOME15,0.0
509014,16093,2025-09-18 10:03:00,Delivered,UPI,Mobile Web,,0.0
509015,16342,2025-09-18 10:51:00,Delivered,upi,Mobile Web,,0.0
509016,16157,2025-09-18 11:43:00,Delivered,Cash On Delivery,Mobile App,WELCOME15,0.0
509017,12527,2025-09-18 12:59:00,Delivered,UPI,Desktop,,0.0
509018,15991,2025-09-18 13:53:00,DELIVERED,Credit Card,Mobile Web,,0.0
509019,16339,2025-09-18 13:56:00,Delivered,Debit Card,Mobile Web,,0.0
509020,15222,2025-09-18 16:11:00,Delivered,Credit Card,Mobile App,,0.0
509021,16391,2025-09-18 18:05:00,Delivered,Credit Card,Mobile App,WELCOME15,0.0
509022,16040,2025-09-18 19:21:00,Delivered,Credit Card,Desktop,,0.0
509023,14959,2025-09-18 19:26:00,cancelled ,UPI,Desktop,SAVE5,0.0
509024,16333,2025-09-18 19:27:00,Delivered,Credit Card,Mobile App,WELCOME15,0.0
509025,16145,2025-09-18 21:16:00,Delivered,Cash on Delivery,Mobile Web,,0.0
509026,16386,2025-09-18 22:03:00,Delivered,Debit Card,Mobile App,WELCOME15,0.0
509027,12803,2025-09-19 08:23:00,DELIVERED,Debit Card,Mobile App,,0.0
509028,11550,2025-09-19 10:43:00,Cancelled,DC,Mobile Web,,0.0
509029,16392,2025-09-19 11:05:00,DELIVERED,UPI,Mobile App,,0.0
509030,16317,2025-09-19 11:43:00,Delivered,Cash on Delivery,Mobile Web,,0.0
509031,13402,2025-09-19 12:04:00,DELIVERED,Credit Card,Mobile App,,0.0
509032,16402,2025-09-19 12:21:00,delivered ,Cash on Delivery,Desktop,WELCOME15,49.0
509033,16173,2025-09-19 12:26:00,delivered ,UPI,Mobile App,,0.0
509034,16389,2025-09-19 13:13:00,Delivered,Debit Card,Mobile App,,0.0
509035,14320,2025-09-19 13:48:00,Delivered,Cash on Delivery,Mobile Web,,0.0
509036,16288,2025-09-19 14:06:00,Delivered,Upi,Mobile App,WELCOME15,0.0
509037,11552,2025-09-19 14:42:00,delivered ,UPI,Mobile Web,,49.0
509038,16401,2025-09-19 15:07:00,Delivered,UPI,Mobile App,,0.0
509039,15477,2025-09-19 15:17:00,Delivered,Upi,Mobile Web,SAVE5,0.0
509040,13727,2025-09-19 15:20:00,DELIVERED,Cash on Delivery,Desktop,,0.0
509041,12635,2025-09-19 15:27:00,Delivered,Net Banking,Mobile Web,,0.0
509042,13634,2025-09-19 15:58:00,Delivered,upi,Mobile App,,49.0
509043,15763,2025-09-19 16:07:00,delivered ,Debit Card,Mobile App,,0.0
509044,15373,2025-09-19 16:34:00,Delivered,Credit Card,Mobile App,,0.0
509045,16309,2025-09-19 17:14:00,delivered ,UPI,Mobile App,,0.0
509046,16385,2025-09-19 17:52:00,delivered ,UPI,Mobile App,WELCOME15,0.0
509047,15470,2025-09-19 18:46:00,DELIVERED,upi,Mobile App,,0.0
509048,16384,2025-09-19 19:23:00,Delivered,UPI,Desktop,WELCOME15,0.0
509049,16370,2025-09-19 19:52:00,Delivered,Cash on Delivery,Desktop,SAVE5,0.0
509050,16188,2025-09-19 20:05:00,DELIVERED,Cash on Delivery,Desktop,,0.0
509051,16366,2025-09-19 20:17:00,Delivered,Credit Card,Mobile App,,0.0
509052,16387,2025-09-19 20:30:00,Delivered,Debit Card,Mobile App,,0.0
509053,16223,2025-09-19 21:38:00,Delivered,UPI,Desktop,,0.0
509054,15715,2025-09-19 23:12:00,Delivered,UPI,Mobile Web,SAVE5,0.0
509055,16311,2025-09-19 23:34:00,Delivered,Net Banking,Mobile App,SAVE5,0.0
509056,16417,2025-09-20 07:13:00,delivered ,CC,Mobile Web,WELCOME15,0.0
509057,14514,2025-09-20 07:50:00,Delivered,UPI,Mobile App,SAVE5,0.0
509058,15797,2025-09-20 10:16:00,delivered ,Credit Card,Mobile App,,0.0
509059,16327,2025-09-20 10:17:00,Delivered,UPI,Mobile Web,WELCOME15,0.0
509060,14473,2025-09-20 12:12:00,Delivered,cod,Desktop,SAVE5,0.0
509061,16375,2025-09-20 12:38:00,Delivered,UPI,Mobile App,WELCOME15,0.0
509062,16373,2025-09-20 13:17:00,Delivered,Upi,Mobile App,,49.0
509063,15493,2025-09-20 16:12:00,delivered ,Cash on Delivery,Mobile App,,0.0
509064,16396,2025-09-20 16:25:00,Delivered,Upi,Mobile Web,,0.0
509065,16341,2025-09-20 17:34:00,Delivered,Credit Card,Desktop,,0.0
509066,16406,2025-09-20 18:04:00,Delivered,upi,Mobile App,WELCOME15,0.0
509067,16314,2025-09-20 19:14:00,DELIVERED,Cash on Delivery,Mobile Web,,0.0
509068,13286,2025-09-20 19:40:00,Delivered,Credit Card,Mobile App,,0.0
509069,16361,2025-09-20 19:45:00,Delivered,UPI,Mobile App,SAVE5,0.0
509070,16419,2025-09-20 20:30:00,DELIVERED,COD,Mobile App,WELCOME15,0.0
509071,16426,2025-09-20 20:54:00,delivered ,Cash on Delivery,Desktop,,0.0
509072,12668,2025-09-20 22:25:00,Delivered,Credit Card,Desktop,,0.0
509073,16414,2025-09-20 22:26:00,Delivered,Debit Card,Mobile Web,WELCOME15,0.0
509074,16030,2025-09-20 22:57:00,Delivered,UPI,Desktop,,0.0
509075,13699,2025-09-20 23:13:00,Delivered,Debit Card,Mobile App,,0.0
509076,16369,2025-09-20 23:38:00,Returned,Cash on Delivery,Desktop,WELCOME15,0.0
509077,12960,2025-09-20 23:45:00,Delivered,Net Banking,Mobile App,,49.0
509078,14709,2025-09-21 07:10:00,Returned,Net Banking,Mobile App,,0.0
509079,16380,2025-09-21 08:33:00,Returned,Credit Card,Mobile Web,WELCOME15,0.0
509080,15406,2025-09-21 09:20:00,Delivered,Credit Card,Mobile Web,,0.0
509081,16433,2025-09-21 09:58:00,delivered ,Cash on Delivery,Mobile Web,SAVE5,0.0
509082,16413,2025-09-21 10:04:00,DELIVERED,Upi,Mobile App,WELCOME15,0.0
509083,16123,2025-09-21 10:24:00,Delivered,Cash on Delivery,Desktop,,0.0
509084,14712,2025-09-21 11:58:00,delivered ,UPI,Mobile App,,49.0
509085,14629,2025-09-21 13:22:00,Delivered,Credit Card,Mobile Web,,0.0
509086,13340,2025-09-21 15:49:00,Delivered,UPI,Mobile Web,,0.0
509087,16331,2025-09-21 15:53:00,delivered ,Cash on Delivery,Mobile Web,WELCOME15,0.0
509088,16403,2025-09-21 16:02:00,delivered ,Net Banking,Mobile App,SAVE5,0.0
509089,16378,2025-09-21 17:42:00,RETURNED,upi,Mobile App,,0.0
509090,16404,2025-09-21 19:05:00,Delivered,Cash on Delivery,Mobile Web,,0.0
509091,12813,2025-09-21 19:09:00,DELIVERED,Cash on Delivery,Mobile App,,0.0
509092,16418,2025-09-21 19:21:00,DELIVERED,upi,Desktop,WELCOME15,0.0
509093,16091,2025-09-21 19:22:00,DELIVERED,Cash on Delivery,Mobile Web,,0.0
509094,14672,2025-09-21 20:53:00,Returned,Credit Card,Mobile App,,0.0
509095,16337,2025-09-21 21:14:00,Delivered,UPI,Mobile App,,0.0
509096,16439,2025-09-21 23:28:00,Delivered,UPI,Mobile App,,0.0
509097,16355,2025-09-22 07:33:00,Delivered,UPI,Desktop,WELCOME15,0.0
509098,16453,2025-09-22 09:36:00,Delivered,Debit Card,Desktop,,0.0
509099,15114,2025-09-22 10:18:00,Delivered,UPI,Mobile App,,0.0
509100,16431,2025-09-22 10:36:00,RETURNED,Credit Card,Mobile Web,,0.0
509101,10908,2025-09-22 10:54:00,delivered ,Cash on Delivery,Mobile App,,0.0
509102,16318,2025-09-22 11:06:00,Delivered,Credit Card,Mobile App,,0.0
509103,16427,2025-09-22 12:37:00,Delivered,UPI,Mobile App,WELCOME15,0.0
509104,15060,2025-09-22 13:49:00,DELIVERED,upi,Desktop,,0.0
509105,15498,2025-09-22 14:27:00,Delivered,credit card,Mobile Web,,49.0
509106,11563,2025-09-22 15:52:00,Delivered,Credit Card,Mobile App,,0.0
509107,16289,2025-09-22 16:46:00,Delivered,Cash on Delivery,Desktop,,0.0
509108,15228,2025-09-22 17:04:00,Delivered,Debit Card,Desktop,,0.0
509109,15897,2025-09-22 17:15:00,Delivered,UPI,Mobile Web,,0.0
509110,16394,2025-09-22 17:22:00,Delivered,Cash on Delivery,Desktop,WELCOME15,0.0
509111,16438,2025-09-22 17:32:00,Delivered,UPI,Mobile Web,,0.0
509112,11140,2025-09-22 18:21:00,Delivered,UPI,Mobile App,,0.0
509113,16388,2025-09-22 18:24:00,Delivered,Credit Card,Mobile Web,,0.0
509113,16388,2025-09-22 18:24:00,Delivered,Credit Card,Mobile Web,,0.0
509114,11311,2025-09-22 18:33:00,returned ,Credit Card,Mobile Web,SAVE5,0.0
509115,16379,2025-09-22 19:17:00,delivered ,credit card,Mobile App,WELCOME15,49.0
509116,16451,2025-09-22 20:31:00,Delivered,Credit Card,Mobile Web,,0.0
509117,16308,2025-09-22 20:52:00,Delivered,debit card,Desktop,WELCOME15,0.0
509118,16435,2025-09-22 21:34:00,DELIVERED,UPI,Mobile App,,0.0
509119,16268,2025-09-22 21:56:00,Delivered,Cash on Delivery,Mobile App,SAVE5,0.0
509120,16430,2025-09-22 22:35:00,Delivered,UPI,Mobile App,,0.0
509121,16386,2025-09-22 22:56:00,Delivered,Cash on Delivery,Mobile Web,,0.0
509122,16434,2025-09-22 23:32:00,Delivered,DC,Desktop,WELCOME15,0.0
509123,14961,2025-09-22 23:35:00,Delivered,Credit Card,Mobile App,,0.0
509124,16455,2025-09-23 07:27:00,Delivered,Debit Card,Mobile App,WELCOME15,0.0
509125,14553,2025-09-23 07:45:00,Returned,Net Banking,Mobile App,,0.0
509126,13358,2025-09-23 08:04:00,delivered ,UPI,Mobile Web,,49.0
509127,16409,2025-09-23 10:15:00,Delivered,Credit Card,Mobile App,WELCOME15,49.0
509128,13659,2025-09-23 10:38:00,Delivered,Net Banking,Mobile Web,,49.0
509129,13699,2025-09-23 10:45:00,DELIVERED,Net Banking,Desktop,,0.0
509130,16357,2025-09-23 11:32:00,Delivered,Cash on Delivery,Mobile App,WELCOME15,0.0
509131,16321,2025-09-23 16:58:00,Delivered,upi,Mobile App,WELCOME15,0.0
509132,16343,2025-09-23 18:40:00,Delivered,Debit Card,Mobile App,WELCOME15,0.0
509133,16285,2025-09-23 18:43:00,Delivered,Cash on Delivery,Mobile App,,0.0
509134,16365,2025-09-23 18:46:00,Delivered,Debit Card,Mobile App,,0.0
509135,13302,2025-09-23 19:12:00,Returned,Cash on Delivery,Desktop,,0.0
509136,15773,2025-09-23 20:43:00,Delivered,UPI,Desktop,,0.0
509137,14860,2025-09-23 21:37:00,Delivered,Debit Card,Mobile App,,0.0
509138,16458,2025-09-23 23:16:00,Delivered,UPI,Mobile Web,WELCOME15,0.0
509139,16346,2025-09-23 23:30:00,RETURNED,Cash on Delivery,Mobile Web,WELCOME15,0.0
509140,14374,2025-09-24 07:07:00,Delivered,DC,Mobile App,,0.0
509141,16416,2025-09-24 07:17:00,Delivered,Net Banking,Desktop,SAVE5,0.0
509142,14190,2025-09-24 08:12:00,Delivered,Cash on Delivery,Mobile App,,0.0
509143,16263,2025-09-24 08:13:00,Delivered,Upi,Mobile App,,0.0
509144,15224,2025-09-24 08:53:00,Delivered,Upi,Mobile Web,,0.0
509145,16466,2025-09-24 09:49:00,Delivered,UPI,Desktop,WELCOME15,0.0
509146,12661,2025-09-24 11:58:00,Delivered,UPI,Mobile Web,,0.0
509147,16022,2025-09-24 12:41:00,Delivered,UPI,Mobile Web,,0.0
509148,16305,2025-09-24 12:47:00,Delivered,Upi,Desktop,,0.0
509149,14498,2025-09-24 13:37:00,Delivered,UPI,Mobile App,,0.0
509150,16422,2025-09-24 14:21:00,Delivered,UPI,Desktop,,0.0
509151,15953,2025-09-24 16:07:00,DELIVERED,UPI,Mobile App,,0.0
509152,14311,2025-09-24 16:19:00,Cancelled,UPI,Mobile App,,0.0
509153,16424,2025-09-24 17:03:00,DELIVERED,UPI,Mobile App,WELCOME15,0.0
509154,16459,2025-09-24 18:23:00,DELIVERED,Cash on Delivery,Mobile App,WELCOME15,49.0
509155,16319,2025-09-24 18:41:00,Delivered,Debit Card,Mobile Web,,49.0
509156,16400,2025-09-24 19:11:00,DELIVERED,UPI,Mobile Web,,0.0
509157,12141,2025-09-24 20:08:00,Delivered,UPI,Mobile App,SAVE5,0.0
509158,16236,2025-09-24 20:25:00,Delivered,credit card,Mobile App,WELCOME15,0.0
509159,15901,2025-09-24 20:30:00,Delivered,Credit Card,Mobile App,,0.0
509160,14011,2025-09-24 21:53:00,Delivered,UPI,Mobile Web,,0.0
509161,14670,2025-09-24 21:55:00,Delivered,UPI,Mobile Web,,0.0
509162,16244,2025-09-24 22:43:00,Delivered,Net Banking,Mobile App,WELCOME15,0.0
509163,16412,2025-09-24 23:24:00,Delivered,Debit Card,Mobile App,,0.0
509164,14448,2025-09-25 07:07:00,Delivered,Credit Card,Desktop,,0.0
509165,16493,2025-09-25 07:26:00,Returned,Debit Card,Desktop,,0.0
509166,16048,2025-09-25 07:27:00,Delivered,Cash on Delivery,Mobile App,,49.0
509167,16479,2025-09-25 09:08:00,Delivered,UPI,Mobile App,,49.0
509168,16452,2025-09-25 10:30:00,DELIVERED,UPI,Mobile App,SAVE5,0.0
509169,13577,2025-09-25 10:52:00,Delivered,Credit Card,Mobile App,,0.0
509170,16368,2025-09-25 12:02:00,delivered ,UPI,Mobile App,,49.0
509171,16460,2025-09-25 12:19:00,delivered ,Debit Card,Mobile App,,0.0
509172,14672,2025-09-25 13:16:00,Cancelled,Cash on Delivery,Mobile App,,0.0
509173,16382,2025-09-25 13:17:00,Delivered,Upi,Mobile Web,,0.0
509174,16440,2025-09-25 13:17:00,Returned,Upi,Mobile App,,0.0
509175,14095,2025-09-25 14:57:00,Delivered,Cash on Delivery,Mobile Web,,49.0
509176,16472,2025-09-25 16:32:00,Delivered,Net Banking,Mobile Web,,0.0
509177,16363,2025-09-25 16:44:00,returned ,Cash on Delivery,Mobile App,SAVE5,0.0
509178,16456,2025-09-25 18:44:00,Delivered,Credit Card,Desktop,,0.0
509179,15512,2025-09-25 19:19:00,Delivered,UPI,Mobile App,,0.0
509180,15056,2025-09-25 20:52:00,Delivered,Cash on Delivery,Mobile App,,0.0
509181,10761,2025-09-25 22:48:00,Delivered,Cash on Delivery,Desktop,,0.0
509182,16483,2025-09-25 23:06:00,DELIVERED,Cash on Delivery,Mobile App,,0.0
509183,13638,2025-09-25 23:50:00,Delivered,Net Banking,Mobile Web,,0.0
509184,16491,2025-09-26 07:24:00,Delivered,UPI,Mobile Web,WELCOME15,0.0
509185,16444,2025-09-26 10:06:00,Delivered,upi,Mobile Web,WELCOME15,0.0
509186,13371,2025-09-26 10:24:00,Delivered,UPI,Mobile Web,,0.0
509187,14782,2025-09-26 10:31:00,Delivered,Cash on Delivery,Mobile App,,0.0
509188,16468,2025-09-26 10:38:00,DELIVERED,Credit Card,Desktop,WELCOME15,0.0
509189,15912,2025-09-26 11:23:00,Delivered,Upi,Mobile Web,,49.0
509190,13378,2025-09-26 12:30:00,CANCELLED,Cash on Delivery,Mobile Web,,0.0
509191,16390,2025-09-26 12:56:00,Delivered,Cash on Delivery,Mobile App,WELCOME15,0.0
509192,14814,2025-09-26 12:57:00,delivered ,UPI,Mobile App,,0.0
509193,16505,2025-09-26 14:29:00,Delivered,Net Banking,Mobile App,WELCOME15,0.0
509194,16501,2025-09-26 14:41:00,Delivered,Debit Card,Desktop,WELCOME15,49.0
509194,16501,2025-09-26 14:41:00,Delivered,Debit Card,Desktop,WELCOME15,49.0
509195,16514,2025-09-26 14:53:00,Delivered,Credit Card,Mobile App,WELCOME15,0.0
509196,16489,2025-09-26 17:09:00,Delivered,upi,Mobile App,WELCOME15,0.0
509197,16445,2025-09-26 18:42:00,Delivered,Credit Card,Mobile Web,WELCOME15,0.0
509198,16504,2025-09-26 19:12:00,DELIVERED,Credit Card,Mobile App,,0.0
509199,16013,2025-09-26 19:43:00,Delivered,Cash on Delivery,Desktop,,0.0
509200,16473,2025-09-26 19:44:00,DELIVERED,UPI,Desktop,,0.0
509201,16024,2025-09-26 20:23:00,DELIVERED,Net Banking,Mobile App,,0.0
509202,16435,2025-09-26 22:36:00,Delivered,Cash on Delivery,Mobile App,,0.0
509203,15538,2025-09-26 23:33:00,Delivered,Debit Card,Mobile App,,0.0
509204,16133,2025-09-26 23:45:00,DELIVERED,Upi,Mobile App,SAVE5,49.0
509205,14311,2025-09-27 08:07:00,Delivered,Cash on Delivery,Mobile Web,,0.0
509206,14026,2025-09-27 08:29:00,RETURNED,Cash on Delivery,Mobile App,,0.0
509207,16518,2025-09-27 09:27:00,Delivered,Net Banking,Mobile App,,49.0
509208,14764,2025-09-27 11:37:00,Delivered,Credit Card,Mobile App,,49.0
509209,12451,2025-09-27 11:41:00,DELIVERED,debit card,Desktop,,0.0
509210,16510,2025-09-27 11:55:00,Delivered,upi,Mobile App,,0.0
509211,16486,2025-09-27 12:37:00,Delivered,UPI,Mobile App,,0.0
509212,16488,2025-09-27 12:40:00,Delivered,UPI,Mobile Web,,0.0
509213,15914,2025-09-27 12:50:00,cancelled ,Credit Card,Mobile App,,0.0
509214,16485,2025-09-27 12:57:00,Delivered,Credit Card,Desktop,,0.0
509215,14915,2025-09-27 14:16:00,Delivered,Debit Card,Desktop,,49.0
509216,15060,2025-09-27 14:37:00,Delivered,Net Banking,Mobile Web,,0.0
509217,16432,2025-09-27 15:06:00,Delivered,Cash on Delivery,Desktop,,0.0
509218,16512,2025-09-27 15:08:00,Delivered,Cash on Delivery,Mobile App,WELCOME15,0.0
509219,10275,2025-09-27 16:49:00,DELIVERED,Debit Card,Desktop,,0.0
509220,16534,2025-09-27 17:21:00,Delivered,Upi,Mobile Web,WELCOME15,0.0
509221,12051,2025-09-27 18:55:00,Delivered,UPI,Mobile Web,,0.0
509222,16441,2025-09-27 19:10:00,Delivered,UPI,Mobile Web,WELCOME15,0.0
509223,16481,2025-09-27 19:42:00,Delivered,Credit Card,Desktop,WELCOME15,0.0
509224,16457,2025-09-27 20:38:00,delivered ,upi,Mobile App,WELCOME15,0.0
509225,16474,2025-09-27 22:09:00,Delivered,upi,Mobile Web,,0.0
509226,11177,2025-09-27 22:49:00,DELIVERED,Debit Card,Mobile Web,,0.0
509227,16411,2025-09-28 07:43:00,returned ,Credit Card,Mobile App,,0.0
509228,16423,2025-09-28 08:02:00,Delivered,Debit Card,Mobile App,WELCOME15,0.0
509229,16381,2025-09-28 08:03:00,Delivered,Credit Card,Mobile App,WELCOME15,49.0
509230,16511,2025-09-28 08:07:00,Delivered,Cash on Delivery,Desktop,,49.0
509231,16507,2025-09-28 08:57:00,Cancelled,Debit Card,Mobile App,WELCOME15,0.0
509232,15835,2025-09-28 09:31:00,Delivered,UPI,Desktop,,0.0
509233,14612,2025-09-28 09:46:00,Delivered,Cash on Delivery,Mobile App,,0.0
509234,16410,2025-09-28 10:29:00,Delivered,Debit Card,Mobile Web,WELCOME15,49.0
509235,16508,2025-09-28 11:00:00,Cancelled,Credit Card,Mobile App,,0.0
509236,16538,2025-09-28 11:49:00,Returned,UPI,Mobile App,,0.0
509237,16428,2025-09-28 12:35:00,Delivered,Credit Card,Mobile App,WELCOME15,0.0
509238,15077,2025-09-28 13:17:00,Delivered,Cash on Delivery,Mobile Web,,0.0
509239,16425,2025-09-28 15:03:00,Delivered,UPI,Desktop,,0.0
509240,14666,2025-09-28 15:09:00,Delivered,Credit Card,Desktop,,0.0
509241,13348,2025-09-28 15:49:00,delivered ,UPI,Mobile Web,,49.0
509242,15223,2025-09-28 17:33:00,Delivered,Debit Card,Desktop,SAVE5,0.0
509243,10602,2025-09-28 18:03:00,Delivered,Cash on Delivery,Desktop,,0.0
509244,16484,2025-09-28 18:13:00,Delivered,UPI,Mobile Web,WELCOME15,0.0
509245,15780,2025-09-28 19:12:00,Delivered,UPI,Mobile Web,,0.0
509246,13306,2025-09-28 20:29:00,Delivered,UPI,Desktop,,0.0
509247,16499,2025-09-28 20:38:00,Delivered,upi,Mobile Web,,0.0
509248,16523,2025-09-28 21:41:00,DELIVERED,DC,Mobile Web,,0.0
509249,14189,2025-09-28 21:52:00,cancelled ,Net Banking,Mobile Web,SAVE5,0.0
509250,12179,2025-09-28 22:22:00,delivered ,CC,Desktop,,0.0
509251,16470,2025-09-28 23:20:00,Delivered,Cash on Delivery,Mobile App,WELCOME15,0.0
509252,16533,2025-09-28 23:20:00,delivered ,Credit Card,Mobile Web,,0.0
509253,15071,2025-09-28 23:27:00,Delivered,Credit Card,Mobile App,,49.0
509254,11597,2025-09-28 23:43:00,RETURNED,UPI,Mobile Web,,0.0
509255,16503,2025-09-28 23:53:00,Returned,Cash on Delivery,Mobile Web,,0.0
509256,16547,2025-09-29 07:41:00,Cancelled,Cash on Delivery,Mobile App,SAVE5,0.0
509257,11927,2025-09-29 08:33:00,Delivered,upi,Mobile Web,,49.0
509258,15765,2025-09-29 08:58:00,Delivered,debit card,Mobile App,,0.0
509259,15817,2025-09-29 09:43:00,delivered ,UPI,Mobile App,,0.0
509260,11859,2025-09-29 11:21:00,Delivered,Credit Card,Mobile App,,0.0
509261,15488,2025-09-29 12:19:00,Delivered,cod,Mobile Web,,0.0
509262,16509,2025-09-29 12:24:00,Delivered,Net Banking,Mobile App,,49.0
509263,15801,2025-09-29 12:53:00,Delivered,credit card,Mobile App,,0.0
509264,16553,2025-09-29 13:01:00,Delivered,Credit Card,Mobile App,WELCOME15,0.0
509265,16554,2025-09-29 13:14:00,Delivered,Cash on Delivery,Mobile App,,0.0
509266,16132,2025-09-29 14:46:00,Delivered,CC,Desktop,,0.0
509267,16537,2025-09-29 15:24:00,Returned,upi,Desktop,WELCOME15,0.0
509268,15921,2025-09-29 16:24:00,delivered ,Upi,Mobile App,,0.0
509269,14808,2025-09-29 17:30:00,Delivered,Credit Card,Mobile App,,0.0
509270,16403,2025-09-29 17:52:00,Delivered,UPI,Mobile App,,49.0
509271,14482,2025-09-29 19:05:00,Delivered,UPI,Mobile Web,,0.0
509272,16536,2025-09-29 19:32:00,Delivered,UPI,Mobile Web,,0.0
509273,16469,2025-09-29 19:35:00,DELIVERED,UPI,Mobile Web,WELCOME15,0.0
509274,16447,2025-09-29 19:53:00,delivered ,Debit Card,Mobile App,WELCOME15,0.0
509275,14054,2025-09-29 23:21:00,Delivered,UPI,Mobile App,SAVE5,0.0
509276,16478,2025-09-30 07:23:00,Returned,credit card,Mobile App,,0.0
509277,14629,2025-09-30 07:41:00,Returned,Credit Card,Mobile Web,,0.0
509278,16541,2025-09-30 08:16:00,DELIVERED,debit card,Mobile App,SAVE5,0.0
509279,14628,2025-09-30 09:07:00,Delivered,Debit Card,Desktop,,0.0
509280,16479,2025-09-30 10:39:00,Delivered,Cash on Delivery,Mobile Web,,0.0
509281,12579,2025-09-30 10:39:00,Delivered,Cash on Delivery,Desktop,,0.0
509282,14056,2025-09-30 11:55:00,Delivered,Credit Card,Mobile App,,0.0
509283,16390,2025-09-30 12:06:00,Delivered,Cash on Delivery,Mobile App,,49.0
509284,15397,2025-09-30 13:00:00,delivered ,Credit Card,Mobile Web,,0.0
509285,10356,2025-09-30 13:10:00,Delivered,Credit Card,Mobile App,,0.0
509286,16482,2025-09-30 13:41:00,Delivered,UPI,Mobile App,WELCOME15,0.0
509287,16446,2025-09-30 13:51:00,Delivered,Credit Card,Mobile App,WELCOME15,0.0
509288,12806,2025-09-30 14:20:00,DELIVERED,UPI,Mobile Web,,0.0
509289,15261,2025-09-30 15:10:00,Delivered,Cash on Delivery,Mobile Web,,0.0
509290,16546,2025-09-30 15:40:00,Cancelled,Net Banking,Mobile Web,,0.0
509291,15947,2025-09-30 15:59:00,Delivered,Cash on Delivery,Desktop,,49.0
509292,16496,2025-09-30 16:06:00,DELIVERED,Credit Card,Mobile App,WELCOME15,49.0
509293,16494,2025-09-30 17:52:00,delivered ,UPI,Mobile Web,WELCOME15,49.0
509294,16480,2025-09-30 18:00:00,Returned,Credit Card,Mobile App,WELCOME15,0.0
509295,10057,2025-09-30 19:16:00,Delivered,UPI,Mobile Web,,0.0
509296,16429,2025-09-30 19:25:00,Delivered,Debit Card,Mobile App,WELCOME15,49.0
509297,13141,2025-09-30 19:32:00,Delivered,UPI,Mobile Web,,0.0
509298,13326,2025-09-30 19:53:00,Returned,Credit Card,Mobile Web,,0.0
509299,16558,2025-09-30 20:06:00,Delivered,Cash On Delivery,Desktop,,0.0
509300,15108,2025-09-30 20:17:00,DELIVERED,UPI,Mobile App,,49.0
509301,16515,2025-09-30 20:39:00,Returned,Debit Card,Desktop,WELCOME15,0.0
509302,16528,2025-09-30 20:40:00,Returned,Net Banking,Mobile App,,0.0
509303,15879,2025-09-30 21:16:00,Delivered,Debit Card,Mobile App,,0.0
509304,16513,2025-09-30 23:53:00,Delivered,UPI,Desktop,WELCOME15,0.0
509305,16376,2025-10-01 07:46:00,Delivered,UPI,Mobile App,,0.0
509306,16561,2025-10-01 07:56:00,Cancelled,Credit Card,Mobile Web,WELCOME15,0.0
509307,15029,2025-10-01 09:20:00,delivered ,UPI,Desktop,,0.0
509308,16563,2025-10-01 10:32:00,DELIVERED,UPI,Mobile Web,,0.0
509309,14305,2025-10-01 10:36:00,delivered ,credit card,Mobile Web,,0.0
509310,16572,2025-10-01 10:37:00,Delivered,Net Banking,Desktop,,0.0
509311,14615,2025-10-01 10:49:00,Delivered,Net Banking,Mobile App,,0.0
509312,16551,2025-10-01 11:13:00,DELIVERED,upi,Desktop,,0.0
509313,16522,2025-10-01 11:46:00,Delivered,UPI,Desktop,,0.0
509314,13111,2025-10-01 11:50:00,Delivered,UPI,Mobile App,,0.0
509315,16579,2025-10-01 12:23:00,DELIVERED,Credit Card,Mobile App,WELCOME15,0.0
509316,16306,2025-10-01 12:25:00,delivered ,Credit Card,Mobile Web,,0.0
509317,16495,2025-10-01 12:28:00,Delivered,UPI,Mobile App,,0.0
509318,16543,2025-10-01 12:37:00,Returned,Debit Card,Desktop,WELCOME15,0.0
509319,14548,2025-10-01 13:17:00,delivered ,Net Banking,Mobile Web,,0.0
509320,16532,2025-10-01 13:43:00,Delivered,UPI,Mobile App,,49.0
509321,11573,2025-10-01 15:16:00,Delivered,Cash on Delivery,Mobile App,,0.0
509322,16521,2025-10-01 16:14:00,Returned,UPI,Mobile App,,0.0
509323,11402,2025-10-01 16:51:00,DELIVERED,UPI,Mobile App,,0.0
509324,14140,2025-10-01 16:55:00,Delivered,Cash on Delivery,Mobile App,,0.0
509325,16506,2025-10-01 17:39:00,DELIVERED,Credit Card,Desktop,WELCOME15,0.0
509326,16476,2025-10-01 18:09:00,delivered ,Cash on Delivery,Mobile Web,SAVE5,0.0
509327,16575,2025-10-01 18:48:00,Delivered,UPI,Mobile Web,WELCOME15,0.0
509328,15816,2025-10-01 19:19:00,Delivered,UPI,Mobile App,,0.0
509328,15816,2025-10-01 19:19:00,Delivered,UPI,Mobile App,,0.0
509329,16517,2025-10-01 19:37:00,Delivered,credit card,Mobile Web,,0.0
509330,15988,2025-10-01 19:46:00,Delivered,Credit Card,Mobile App,,0.0
509331,15978,2025-10-01 20:42:00,delivered ,UPI,Mobile Web,,0.0
509332,15857,2025-10-01 20:55:00,Delivered,UPI,Desktop,,0.0
509333,14890,2025-10-02 07:25:00,Delivered,Credit Card,Mobile Web,,0.0
509334,16136,2025-10-02 09:03:00,DELIVERED,Cash on Delivery,Mobile App,,0.0
509335,14133,2025-10-02 09:04:00,Delivered,Cash on Delivery,Mobile Web,,0.0
509336,13869,2025-10-02 10:07:00,Delivered,Upi,Mobile App,,0.0
509337,16564,2025-10-02 10:47:00,Delivered,debit card,Mobile App,,0.0
509338,14958,2025-10-02 11:38:00,delivered ,Cash on Delivery,Mobile Web,,0.0
509339,13007,2025-10-02 12:44:00,Delivered,Cash On Delivery,Mobile App,,0.0
509340,15304,2025-10-02 13:31:00,Delivered,upi,Desktop,,0.0
509341,16570,2025-10-02 14:43:00,DELIVERED,Cash on Delivery,Desktop,,49.0
509342,16194,2025-10-02 15:10:00,DELIVERED,Net Banking,Mobile Web,,0.0
509343,15253,2025-10-02 16:14:00,Delivered,UPI,Mobile App,,0.0
509344,16550,2025-10-02 16:27:00,Delivered,UPI,Mobile Web,WELCOME15,0.0
509345,13506,2025-10-02 17:19:00,DELIVERED,UPI,Mobile App,,0.0
509346,16334,2025-10-02 17:23:00,Delivered,COD,Mobile App,,0.0
509347,13962,2025-10-02 17:28:00,Delivered,Upi,Mobile App,,0.0
509348,16039,2025-10-02 17:59:00,Delivered,Cash on Delivery,Mobile Web,,0.0
509349,16589,2025-10-02 18:56:00,Returned,Net Banking,Mobile Web,,0.0
509350,16236,2025-10-02 20:43:00,Delivered,UPI,Mobile Web,,0.0
509351,16475,2025-10-02 22:53:00,Delivered,UPI,Mobile Web,,49.0
509352,14662,2025-10-02 23:13:00,Delivered,Credit Card,Mobile App,SAVE5,0.0
509353,16565,2025-10-02 23:32:00,Cancelled,Cash on Delivery,Mobile App,,0.0
509354,16377,2025-10-03 07:19:00,Delivered,UPI,Mobile App,,0.0
509355,16600,2025-10-03 08:14:00,DELIVERED,Upi,Desktop,,0.0
509356,16604,2025-10-03 09:08:00,Delivered,COD,Mobile Web,WELCOME15,49.0
509357,16449,2025-10-03 10:20:00,Delivered,Debit Card,Mobile Web,,0.0
509358,16577,2025-10-03 11:51:00,Delivered,UPI,Mobile App,,0.0
509359,16478,2025-10-03 12:15:00,Delivered,Credit Card,Mobile App,,0.0
509360,16576,2025-10-03 12:46:00,Delivered,Debit Card,Mobile App,SAVE5,0.0
509361,12269,2025-10-03 13:11:00,returned ,Upi,Desktop,,0.0
509362,16590,2025-10-03 14:37:00,delivered ,UPI,Mobile App,,0.0
509363,16586,2025-10-03 15:27:00,Delivered,Upi,Mobile App,,0.0
509364,12279,2025-10-03 16:53:00,Returned,Upi,Mobile Web,,0.0
509365,16592,2025-10-03 17:05:00,Delivered,UPI,Mobile Web,,0.0
509366,16599,2025-10-03 17:29:00,Delivered,Debit Card,Desktop,SAVE5,0.0
509367,16130,2025-10-03 18:13:00,DELIVERED,UPI,Mobile Web,,0.0
509368,16526,2025-10-03 18:38:00,Cancelled,Cash on Delivery,Mobile App,,49.0
509369,13620,2025-10-03 18:59:00,delivered ,UPI,Mobile App,,0.0
509370,16594,2025-10-03 19:04:00,Delivered,UPI,Mobile App,WELCOME15,49.0
509371,16548,2025-10-03 19:06:00,Delivered,Net Banking,Mobile App,,0.0
509372,16454,2025-10-03 19:47:00,DELIVERED,Credit Card,Mobile Web,WELCOME15,49.0
509373,13773,2025-10-03 20:05:00,Delivered,upi,Mobile Web,,0.0
509374,12868,2025-10-03 21:52:00,DELIVERED,UPI,Mobile App,,0.0
509375,16549,2025-10-03 23:07:00,Delivered,Debit Card,Mobile App,,0.0
509376,16487,2025-10-03 23:34:00,DELIVERED,Credit Card,Mobile App,WELCOME15,0.0
509377,14912,2025-10-04 08:05:00,Delivered,UPI,Desktop,,49.0
509378,16530,2025-10-04 11:27:00,Cancelled,UPI,Mobile Web,WELCOME15,0.0
509379,15062,2025-10-04 12:13:00,Delivered,UPI,Desktop,,49.0
509380,16574,2025-10-04 13:08:00,delivered ,Credit Card,Desktop,WELCOME15,0.0
509381,16593,2025-10-04 14:32:00,Returned,Cash on Delivery,Mobile Web,,0.0
509382,11263,2025-10-04 14:32:00,Delivered,Cash on Delivery,Mobile Web,,0.0
509383,16281,2025-10-04 15:13:00,Delivered,UPI,Mobile Web,,0.0
509384,16618,2025-10-04 15:29:00,Delivered,Cash on Delivery,Mobile App,WELCOME15,49.0
509385,16328,2025-10-04 16:37:00,Delivered,Cash on Delivery,Desktop,,0.0
509386,15214,2025-10-04 17:26:00,Delivered,upi,Mobile Web,,49.0
509387,16571,2025-10-04 17:43:00,delivered ,CC,Mobile Web,WELCOME15,0.0
509388,16562,2025-10-04 18:19:00,Delivered,Upi,Mobile Web,WELCOME15,0.0
509389,13378,2025-10-04 18:28:00,Delivered,Credit Card,Mobile App,,0.0
509390,16622,2025-10-04 18:33:00,Delivered,cod,Mobile Web,,0.0
509391,15110,2025-10-04 18:48:00,delivered ,Cash On Delivery,Mobile Web,,0.0
509392,13144,2025-10-04 19:30:00,delivered ,Cash on Delivery,Mobile App,,0.0
509393,16605,2025-10-04 19:58:00,DELIVERED,Credit Card,Mobile Web,WELCOME15,0.0
509394,14289,2025-10-04 20:13:00,Delivered,Credit Card,Mobile App,,0.0
509395,16581,2025-10-04 20:20:00,Delivered,DC,Mobile App,,0.0
509396,13587,2025-10-04 20:41:00,Delivered,Cash on Delivery,Mobile App,,0.0
509397,14971,2025-10-04 21:30:00,DELIVERED,cod,Mobile App,,0.0
509398,14118,2025-10-04 22:00:00,Delivered,Cash on Delivery,Mobile App,,49.0
509399,14666,2025-10-04 22:43:00,Delivered,UPI,Mobile Web,,0.0
509400,16621,2025-10-04 23:10:00,Delivered,UPI,Desktop,WELCOME15,49.0
509401,14814,2025-10-04 23:22:00,CANCELLED,Credit Card,Desktop,,0.0
509402,13002,2025-10-04 23:30:00,Delivered,UPI,Desktop,,0.0
509403,16607,2025-10-05 07:04:00,Cancelled,Cash on Delivery,Mobile Web,FEST10,0.0
509404,16128,2025-10-05 07:33:00,delivered ,credit card,Mobile App,FEST10,49.0
509405,14438,2025-10-05 07:35:00,Delivered,UPI,Desktop,FEST10,0.0
509406,13307,2025-10-05 08:06:00,Delivered,upi,Mobile App,FEST10,49.0
509407,10335,2025-10-05 08:24:00,Delivered,Net Banking,Mobile App,,0.0
509408,16624,2025-10-05 08:32:00,Delivered,UPI,Mobile Web,SAVE5,0.0
509409,14133,2025-10-05 08:37:00,Returned,Credit Card,Mobile Web,FEST10,0.0
509410,12521,2025-10-05 08:47:00,DELIVERED,Cash on Delivery,Mobile App,,0.0
509411,11895,2025-10-05 09:14:00,Delivered,Debit Card,Mobile Web,,0.0
509412,16297,2025-10-05 09:26:00,Delivered,UPI,Desktop,FEST10,0.0
509413,12746,2025-10-05 09:41:00,Returned,UPI,Mobile Web,SAVE5,0.0
509414,11819,2025-10-05 09:55:00,Delivered,Debit Card,Mobile Web,,0.0
509415,11941,2025-10-05 10:09:00,Delivered,UPI,Mobile App,FEST10,0.0
509416,15686,2025-10-05 10:38:00,delivered ,COD,Mobile Web,FEST10,0.0
509417,13210,2025-10-05 10:38:00,Delivered,UPI,Mobile App,FEST10,0.0
509418,16055,2025-10-05 10:44:00,Delivered,UPI,Mobile App,,0.0
509419,11413,2025-10-05 10:58:00,DELIVERED,UPI,Desktop,FEST10,0.0
509420,14791,2025-10-05 10:59:00,Delivered,upi,Mobile Web,FEST10,0.0
509421,16463,2025-10-05 11:12:00,delivered ,Credit Card,Mobile App,WELCOME15,0.0
509422,13025,2025-10-05 11:20:00,Delivered,UPI,Mobile App,SAVE5,0.0
509423,15888,2025-10-05 11:48:00,Returned,Debit Card,Desktop,,0.0
509424,13389,2025-10-05 11:53:00,Delivered,UPI,Desktop,FEST10,0.0
509425,16336,2025-10-05 12:05:00,Delivered,UPI,Desktop,FEST10,0.0
509426,16223,2025-10-05 12:28:00,Delivered,credit card,Mobile Web,,0.0
509427,11096,2025-10-05 12:36:00,Delivered,Cash on Delivery,Mobile App,FEST10,0.0
509428,13000,2025-10-05 12:43:00,Delivered,Credit Card,Mobile App,,0.0
509429,16003,2025-10-05 13:06:00,Cancelled,UPI,Mobile App,FEST10,0.0
509430,12824,2025-10-05 13:37:00,Delivered,Debit Card,Mobile Web,FEST10,0.0
509431,11140,2025-10-05 13:41:00,Cancelled,DC,Mobile App,FEST10,0.0
509432,10366,2025-10-05 14:00:00,Delivered,UPI,Mobile App,SAVE5,0.0
509433,14878,2025-10-05 14:08:00,DELIVERED,Cash on Delivery,Mobile App,FEST10,0.0
509434,13767,2025-10-05 14:12:00,Delivered,UPI,Desktop,FEST10,0.0
509435,16606,2025-10-05 15:07:00,DELIVERED,Net Banking,Mobile Web,FEST10,0.0
509436,13151,2025-10-05 15:50:00,Delivered,Debit Card,Mobile App,FEST10,0.0
509437,13206,2025-10-05 16:21:00,Delivered,COD,Desktop,FEST10,0.0
509438,12627,2025-10-05 16:23:00,Delivered,UPI,Mobile App,FEST10,0.0
509439,16602,2025-10-05 16:29:00,DELIVERED,Credit Card,Mobile App,WELCOME15,0.0
509440,15705,2025-10-05 16:32:00,returned ,CC,Desktop,,0.0
509441,10582,2025-10-05 16:32:00,Delivered,UPI,Mobile App,FEST10,0.0
509442,11789,2025-10-05 16:55:00,delivered ,Net Banking,Mobile App,,0.0
509443,10286,2025-10-05 17:29:00,DELIVERED,Cash on Delivery,Desktop,FEST10,49.0
509444,11950,2025-10-05 17:35:00,Delivered,DC,Mobile Web,FEST10,0.0
509445,10634,2025-10-05 17:37:00,Delivered,UPI,Desktop,,0.0
509446,16612,2025-10-05 17:39:00,Delivered,upi,Mobile Web,FEST10,0.0
509447,15730,2025-10-05 17:42:00,Delivered,Net Banking,Mobile App,FEST10,0.0
509448,13681,2025-10-05 17:42:00,returned ,UPI,Mobile App,,0.0
509449,15850,2025-10-05 20:00:00,Cancelled,cod,Desktop,FEST10,0.0
509450,13754,2025-10-05 21:46:00,Delivered,upi,Mobile App,,49.0
509451,10536,2025-10-05 21:57:00,Returned,UPI,Desktop,FEST10,0.0
509452,15795,2025-10-05 22:56:00,Delivered,UPI,Mobile Web,FEST10,0.0
509453,15789,2025-10-05 23:13:00,Delivered,UPI,Mobile Web,,0.0
509454,13802,2025-10-05 23:29:00,Returned,Net Banking,Desktop,,0.0
509455,11680,2025-10-06 07:05:00,DELIVERED,UPI,Mobile App,FEST10,0.0
509456,16605,2025-10-06 08:03:00,Delivered,Debit Card,Mobile Web,FEST10,0.0
509457,15960,2025-10-06 08:51:00,Delivered,UPI,Mobile App,FEST10,0.0
509458,16122,2025-10-06 09:32:00,Returned,Net Banking,Mobile Web,FEST10,0.0
509459,13923,2025-10-06 09:42:00,Delivered,Net Banking,Mobile App,,0.0
509460,16124,2025-10-06 09:45:00,Delivered,UPI,Mobile Web,,0.0
509461,16566,2025-10-06 09:56:00,Delivered,UPI,Mobile App,FEST10,0.0
509462,13665,2025-10-06 10:03:00,DELIVERED,UPI,Desktop,FEST10,0.0
509463,15639,2025-10-06 10:28:00,cancelled ,Cash on Delivery,Mobile App,,0.0
509464,16646,2025-10-06 10:43:00,DELIVERED,Cash on Delivery,Mobile Web,WELCOME15,0.0
509465,15968,2025-10-06 10:44:00,delivered ,Cash on Delivery,Mobile Web,FEST10,0.0
509466,16567,2025-10-06 10:46:00,DELIVERED,DC,Desktop,WELCOME15,0.0
509467,15298,2025-10-06 10:51:00,Cancelled,Cash on Delivery,Mobile Web,FEST10,49.0
509468,16197,2025-10-06 11:07:00,Delivered,UPI,Mobile Web,,0.0
509469,12787,2025-10-06 11:08:00,Delivered,UPI,Mobile Web,FEST10,0.0
509470,16616,2025-10-06 11:34:00,RETURNED,UPI,Mobile App,,0.0
509471,14295,2025-10-06 11:36:00,Delivered,Credit Card,Mobile App,,0.0
509472,10159,2025-10-06 11:38:00,Delivered,Cash on Delivery,Mobile Web,,49.0
509473,16656,2025-10-06 12:11:00,RETURNED,Credit Card,Mobile App,WELCOME15,0.0
509474,14634,2025-10-06 13:52:00,Delivered,Net Banking,Mobile Web,FEST10,0.0
509475,15808,2025-10-06 13:59:00,Delivered,Credit Card,Mobile App,FEST10,0.0
509476,15920,2025-10-06 14:01:00,delivered ,cod,Desktop,,0.0
509477,11188,2025-10-06 14:05:00,Delivered,CC,Mobile App,FEST10,0.0
509478,16464,2025-10-06 14:10:00,Delivered,UPI,Mobile App,WELCOME15,0.0
509479,10345,2025-10-06 14:29:00,Delivered,Upi,Desktop,,0.0
509480,12143,2025-10-06 14:43:00,Delivered,Cash on Delivery,Mobile Web,FEST10,0.0
509481,16427,2025-10-06 14:44:00,Delivered,Cash on Delivery,Mobile App,FEST10,0.0
509482,16563,2025-10-06 16:27:00,Delivered,Debit Card,Mobile App,FEST10,49.0
509483,16435,2025-10-06 16:42:00,DELIVERED,UPI,Desktop,,0.0
509484,16665,2025-10-06 16:59:00,DELIVERED,Net Banking,Mobile App,WELCOME15,0.0
509485,16585,2025-10-06 17:25:00,Delivered,Cash on Delivery,Mobile App,WELCOME15,49.0
509486,15595,2025-10-06 18:20:00,Delivered,Upi,Mobile Web,,0.0
509487,16141,2025-10-06 19:26:00,Delivered,Cash On Delivery,Mobile App,,0.0
509488,16508,2025-10-06 19:29:00,DELIVERED,UPI,Mobile Web,FEST10,0.0
509489,16073,2025-10-06 19:31:00,Returned,UPI,Mobile Web,FEST10,0.0
509490,16609,2025-10-06 20:28:00,Delivered,UPI,Desktop,WELCOME15,0.0
509491,14870,2025-10-06 20:34:00,Delivered,UPI,Mobile App,,0.0
509492,11889,2025-10-06 20:49:00,Delivered,UPI,Mobile App,FEST10,0.0
509493,16120,2025-10-06 21:42:00,Delivered,Credit Card,Mobile App,FEST10,0.0
509494,15758,2025-10-06 22:08:00,Delivered,UPI,Mobile Web,,0.0
509495,16611,2025-10-06 22:48:00,Delivered,UPI,Mobile App,FEST10,0.0
509496,10813,2025-10-06 23:16:00,Delivered,Cash on Delivery,Mobile Web,FEST10,49.0
509497,16658,2025-10-06 23:31:00,DELIVERED,cod,Mobile App,WELCOME15,0.0
509498,16555,2025-10-06 23:32:00,Delivered,UPI,Mobile Web,,0.0
509499,12410,2025-10-06 23:56:00,DELIVERED,UPI,Mobile Web,FEST10,0.0
509500,16683,2025-10-07 07:04:00,Delivered,upi,Mobile Web,WELCOME15,0.0
509501,12299,2025-10-07 07:22:00,Delivered,UPI,Mobile App,,0.0
509502,12692,2025-10-07 07:33:00,Delivered,Cash on Delivery,Desktop,FEST10,0.0
509503,15148,2025-10-07 07:36:00,delivered ,Credit Card,Mobile Web,FEST10,0.0
509504,16647,2025-10-07 08:08:00,Delivered,Debit Card,Desktop,FEST10,0.0
509505,15805,2025-10-07 08:14:00,DELIVERED,UPI,Mobile Web,FEST10,0.0
509506,16445,2025-10-07 08:44:00,Delivered,UPI,Mobile App,,0.0
509507,11589,2025-10-07 09:18:00,DELIVERED,UPI,Mobile App,,0.0
509508,16159,2025-10-07 09:19:00,Delivered,UPI,Mobile App,FEST10,0.0
509509,14511,2025-10-07 09:58:00,Returned,Cash on Delivery,Mobile Web,,0.0
509510,16630,2025-10-07 10:15:00,Delivered,UPI,Mobile Web,FEST10,0.0
509511,10083,2025-10-07 10:34:00,Delivered,UPI,Mobile App,,49.0
509512,13268,2025-10-07 10:48:00,Delivered,Cash on Delivery,Mobile App,,0.0
509513,16629,2025-10-07 10:49:00,Delivered,Debit Card,Mobile App,,0.0
509514,16097,2025-10-07 11:07:00,Delivered,UPI,Mobile App,FEST10,0.0
509515,14286,2025-10-07 11:09:00,Delivered,Debit Card,Mobile App,,0.0
509516,16596,2025-10-07 11:26:00,RETURNED,Credit Card,Mobile Web,WELCOME15,0.0
509517,13091,2025-10-07 11:45:00,Delivered,Credit Card,Desktop,,0.0
509518,16385,2025-10-07 12:18:00,Delivered,UPI,Desktop,,0.0
509519,13557,2025-10-07 12:26:00,delivered ,UPI,Mobile App,,0.0
509520,16551,2025-10-07 12:39:00,Cancelled,Upi,Mobile App,,0.0
509521,12002,2025-10-07 13:48:00,Delivered,Credit Card,Desktop,,0.0
509522,15574,2025-10-07 14:11:00,Delivered,DC,Mobile Web,FEST10,0.0
509523,15158,2025-10-07 14:57:00,Delivered,Debit Card,Mobile Web,,0.0
509524,16685,2025-10-07 15:07:00,Delivered,cod,Mobile App,,49.0
509525,14135,2025-10-07 16:03:00,Cancelled,UPI,Desktop,FEST10,0.0
509526,10831,2025-10-07 16:08:00,Delivered,Cash on Delivery,Desktop,FEST10,0.0
509527,16405,2025-10-07 16:50:00,Delivered,UPI,Mobile App,,0.0
509528,16497,2025-10-07 16:50:00,Delivered,UPI,Mobile App,WELCOME15,0.0
509529,16669,2025-10-07 17:05:00,Delivered,Upi,Mobile App,WELCOME15,0.0
509530,10195,2025-10-07 17:05:00,Delivered,Upi,Desktop,FEST10,0.0
509531,16597,2025-10-07 17:16:00,Delivered,Cash on Delivery,Mobile Web,WELCOME15,0.0
509532,12652,2025-10-07 17:26:00,Delivered,Debit Card,Desktop,FEST10,0.0
509533,16661,2025-10-07 17:48:00,Delivered,UPI,Mobile App,FEST10,0.0
509534,16165,2025-10-07 18:05:00,cancelled ,Cash on Delivery,Mobile App,FEST10,0.0
509535,11468,2025-10-07 18:08:00,Delivered,UPI,Mobile Web,SAVE5,0.0
509536,14614,2025-10-07 18:12:00,DELIVERED,Debit Card,Mobile App,FEST10,0.0
509537,16651,2025-10-07 18:33:00,Delivered,UPI,Mobile App,FEST10,0.0
509538,16680,2025-10-07 19:32:00,Delivered,CC,Desktop,FEST10,49.0
509539,12623,2025-10-07 20:27:00,Delivered,Credit Card,Mobile App,FEST10,0.0
509540,12660,2025-10-07 20:42:00,delivered ,UPI,Mobile App,FEST10,0.0
509541,16595,2025-10-07 21:02:00,Delivered,UPI,Mobile App,FEST10,0.0
509542,16641,2025-10-07 21:43:00,DELIVERED,Credit Card,Desktop,,0.0
509543,14753,2025-10-07 22:23:00,DELIVERED,UPI,Mobile App,FEST10,0.0
509544,16601,2025-10-07 22:31:00,delivered ,upi,Mobile App,FEST10,0.0
509545,14244,2025-10-07 22:44:00,Delivered,Cash on Delivery,Mobile App,FEST10,0.0
509546,14910,2025-10-07 22:58:00,DELIVERED,UPI,Mobile App,SAVE5,49.0
509547,12133,2025-10-07 23:12:00,delivered ,Cash on Delivery,Mobile App,,0.0
509548,15091,2025-10-07 23:14:00,Delivered,COD,Mobile Web,FEST10,0.0
509549,10415,2025-10-08 07:04:00,DELIVERED,UPI,Mobile App,,0.0
509550,16610,2025-10-08 07:32:00,Delivered,UPI,Mobile Web,FEST10,0.0
509551,16705,2025-10-08 07:44:00,Delivered,Cash on Delivery,Mobile Web,WELCOME15,0.0
509552,16554,2025-10-08 07:45:00,Delivered,UPI,Desktop,FEST10,0.0
509553,11861,2025-10-08 07:49:00,cancelled ,cod,Mobile Web,FEST10,0.0
509554,10902,2025-10-08 08:07:00,Delivered,UPI,Mobile App,FEST10,0.0
509555,16690,2025-10-08 08:41:00,Delivered,UPI,Mobile App,FEST10,0.0
509556,16639,2025-10-08 09:19:00,Delivered,upi,Desktop,FEST10,0.0
509557,16598,2025-10-08 09:47:00,Delivered,UPI,Mobile App,WELCOME15,0.0
509558,16491,2025-10-08 09:57:00,Delivered,Debit Card,Mobile App,,0.0
509559,16531,2025-10-08 10:05:00,Delivered,UPI,Desktop,FEST10,49.0
509560,15377,2025-10-08 10:20:00,Delivered,UPI,Mobile App,FEST10,0.0
509561,14839,2025-10-08 10:28:00,Delivered,UPI,Desktop,FEST10,0.0
509561,14839,2025-10-08 10:28:00,Delivered,UPI,Desktop,FEST10,0.0
509562,16016,2025-10-08 10:36:00,Delivered,Cash on Delivery,Desktop,FEST10,0.0
509563,15793,2025-10-08 12:12:00,Delivered,Cash on Delivery,Mobile Web,FEST10,0.0
509564,16626,2025-10-08 12:27:00,DELIVERED,upi,Mobile Web,WELCOME15,0.0
509565,13937,2025-10-08 12:34:00,DELIVERED,Credit Card,Mobile Web,,0.0
509566,12559,2025-10-08 12:41:00,Delivered,Credit Card,Mobile App,SAVE5,0.0
509567,11789,2025-10-08 13:18:00,Delivered,credit card,Mobile App,,0.0
509568,15975,2025-10-08 13:20:00,Delivered,UPI,Mobile App,FEST10,0.0
509569,14611,2025-10-08 13:45:00,Delivered,COD,Mobile Web,FEST10,0.0
509570,16664,2025-10-08 13:46:00,Delivered,UPI,Mobile Web,WELCOME15,0.0
509571,16710,2025-10-08 13:52:00,Delivered,UPI,Mobile App,,0.0
509572,16520,2025-10-08 13:59:00,Delivered,UPI,Mobile App,,0.0
509573,15121,2025-10-08 14:10:00,DELIVERED,Net Banking,Mobile App,,0.0
509574,16496,2025-10-08 14:46:00,Delivered,Credit Card,Mobile App,FEST10,0.0
509575,16619,2025-10-08 15:01:00,Delivered,Cash on Delivery,Mobile App,WELCOME15,0.0
509576,11331,2025-10-08 15:15:00,DELIVERED,UPI,Mobile App,,0.0
509577,11926,2025-10-08 15:47:00,Delivered,Cash on Delivery,Mobile Web,,0.0
509578,16687,2025-10-08 16:29:00,Delivered,upi,Mobile App,FEST10,0.0
509579,15709,2025-10-08 16:32:00,RETURNED,UPI,Mobile App,,0.0
509580,15755,2025-10-08 16:43:00,Returned,Credit Card,Mobile App,FEST10,0.0
509581,13248,2025-10-08 17:05:00,DELIVERED,Upi,Desktop,,0.0
509582,15928,2025-10-08 17:20:00,Delivered,Cash on Delivery,Mobile App,FEST10,0.0
509583,16701,2025-10-08 17:24:00,Delivered,UPI,Mobile App,,0.0
509584,10460,2025-10-08 17:59:00,Delivered,UPI,Desktop,,0.0
509585,10271,2025-10-08 17:59:00,DELIVERED,Cash on Delivery,Mobile App,FEST10,0.0
509586,12025,2025-10-08 18:40:00,delivered ,Debit Card,Mobile App,FEST10,0.0
509587,16166,2025-10-08 18:45:00,Delivered,Cash on Delivery,Mobile App,,0.0
509588,15254,2025-10-08 18:57:00,delivered ,UPI,Mobile App,FEST10,0.0
509589,10730,2025-10-08 19:00:00,Delivered,UPI,Mobile App,FEST10,0.0
509590,14983,2025-10-08 19:13:00,Delivered,Cash on Delivery,Mobile App,,0.0
509591,16340,2025-10-08 19:22:00,delivered ,UPI,Mobile App,FEST10,0.0
509592,11484,2025-10-08 19:43:00,returned ,UPI,Mobile App,FEST10,0.0
509593,14906,2025-10-08 19:43:00,Delivered,Credit Card,Mobile Web,,0.0
509594,11141,2025-10-08 20:10:00,Delivered,UPI,Mobile App,,0.0
509595,16525,2025-10-08 21:05:00,Delivered,Cash on Delivery,Mobile Web,FEST10,0.0
509596,15384,2025-10-08 21:33:00,CANCELLED,Cash on Delivery,Mobile App,FEST10,0.0
509597,16370,2025-10-08 21:45:00,Delivered,UPI,Desktop,FEST10,0.0
509598,12750,2025-10-08 22:14:00,Delivered,UPI,Desktop,FEST10,0.0
509599,10069,2025-10-08 23:15:00,Delivered,Cash on Delivery,Mobile Web,FEST10,0.0
509600,15487,2025-10-08 23:50:00,Cancelled,Cash on Delivery,Mobile App,,49.0
509601,15039,2025-10-08 23:59:00,Delivered,Cash On Delivery,Mobile App,FEST10,0.0
509602,14079,2025-10-09 07:19:00,Delivered,Upi,Mobile Web,FEST10,0.0
509603,16652,2025-10-09 07:20:00,Cancelled,Cash on Delivery,Mobile App,SAVE5,0.0
509604,13515,2025-10-09 08:04:00,delivered ,UPI,Mobile App,FEST10,0.0
509605,16614,2025-10-09 08:06:00,Delivered,Net Banking,Desktop,WELCOME15,0.0
509606,16718,2025-10-09 08:10:00,Delivered,Cash on Delivery,Desktop,WELCOME15,49.0
509607,13522,2025-10-09 08:13:00,DELIVERED,UPI,Mobile Web,FEST10,0.0
509608,15514,2025-10-09 09:02:00,Delivered,UPI,Mobile App,,0.0
509609,10761,2025-10-09 09:05:00,Delivered,Debit Card,Mobile App,FEST10,0.0
509610,12781,2025-10-09 09:13:00,Delivered,Cash On Delivery,Desktop,,0.0
509611,16668,2025-10-09 09:19:00,Delivered,Cash on Delivery,Mobile App,FEST10,0.0
509612,13833,2025-10-09 09:50:00,Delivered,UPI,Mobile Web,,0.0
509613,15633,2025-10-09 09:52:00,Delivered,UPI,Mobile App,FEST10,0.0
509614,11402,2025-10-09 10:09:00,delivered ,UPI,Mobile App,,0.0
509615,14205,2025-10-09 10:11:00,Delivered,upi,Mobile App,,0.0
509616,11181,2025-10-09 10:15:00,Delivered,UPI,Desktop,,0.0
509617,11030,2025-10-09 10:27:00,Delivered,Credit Card,Desktop,FEST10,49.0
509617,11030,2025-10-09 10:27:00,Delivered,Credit Card,Desktop,FEST10,49.0
509618,15976,2025-10-09 10:30:00,DELIVERED,UPI,Mobile App,,0.0
509619,16743,2025-10-09 10:58:00,DELIVERED,Cash on Delivery,Mobile Web,WELCOME15,0.0
509620,12255,2025-10-09 10:58:00,Returned,Cash on Delivery,Mobile Web,,0.0
509621,14370,2025-10-09 10:59:00,Returned,Credit Card,Mobile Web,FEST10,0.0
509622,16737,2025-10-09 11:02:00,Delivered,Credit Card,Desktop,WELCOME15,0.0
509623,16673,2025-10-09 11:17:00,Delivered,UPI,Mobile Web,WELCOME15,0.0
509624,15225,2025-10-09 13:09:00,Delivered,UPI,Mobile Web,,49.0
509625,13952,2025-10-09 13:44:00,Delivered,UPI,Mobile App,,0.0
509626,16628,2025-10-09 14:15:00,Delivered,upi,Mobile App,,0.0
509627,15899,2025-10-09 14:22:00,delivered ,Credit Card,Desktop,SAVE5,0.0
509628,13988,2025-10-09 15:57:00,DELIVERED,UPI,Mobile App,,0.0
509629,14545,2025-10-09 16:06:00,DELIVERED,Debit Card,Mobile App,FEST10,0.0
509630,10289,2025-10-09 16:17:00,Delivered,upi,Desktop,,0.0
509631,12928,2025-10-09 16:20:00,Delivered,Cash on Delivery,Mobile App,FEST10,49.0
509632,15950,2025-10-09 17:22:00,Delivered,Debit Card,Desktop,,0.0
509633,16689,2025-10-09 17:29:00,Delivered,UPI,Mobile App,WELCOME15,0.0
509634,16663,2025-10-09 17:36:00,Delivered,Cash on Delivery,Mobile App,WELCOME15,0.0
509635,16653,2025-10-09 18:20:00,Returned,UPI,Mobile Web,FEST10,0.0
509636,16723,2025-10-09 18:26:00,delivered ,CC,Mobile App,,49.0
509637,16617,2025-10-09 18:27:00,Delivered,UPI,Mobile Web,WELCOME15,0.0
509638,16343,2025-10-09 19:29:00,Delivered,Cash on Delivery,Mobile Web,FEST10,0.0
509639,15810,2025-10-09 19:32:00,Cancelled,UPI,Mobile Web,,0.0
509640,15562,2025-10-09 19:49:00,Delivered,Credit Card,Mobile Web,FEST10,0.0
509641,14242,2025-10-09 20:53:00,DELIVERED,UPI,Mobile Web,,0.0
509642,15221,2025-10-09 20:56:00,Returned,Credit Card,Mobile App,FEST10,0.0
509643,15186,2025-10-09 21:02:00,Delivered,Cash on Delivery,Mobile Web,,0.0
509644,16635,2025-10-09 21:15:00,Delivered,DC,Mobile Web,FEST10,0.0
509645,15044,2025-10-09 21:34:00,Delivered,Cash on Delivery,Mobile App,FEST10,0.0
509646,12187,2025-10-09 22:06:00,Delivered,Credit Card,Desktop,FEST10,0.0
509647,15587,2025-10-09 22:15:00,Delivered,Credit Card,Mobile App,FEST10,0.0
509648,10070,2025-10-09 22:38:00,Delivered,upi,Desktop,FEST10,0.0
509649,15232,2025-10-09 23:26:00,Delivered,UPI,Desktop,FEST10,0.0
509650,16704,2025-10-09 23:31:00,delivered ,upi,Mobile App,,0.0
509651,15290,2025-10-09 23:42:00,delivered ,UPI,Mobile App,,0.0
509652,14651,2025-10-09 23:59:00,Delivered,Cash on Delivery,Mobile Web,FEST10,0.0
509653,14238,2025-10-10 07:21:00,Cancelled,Credit Card,Mobile App,,0.0
509654,14860,2025-10-10 07:26:00,RETURNED,Cash on Delivery,Mobile App,,0.0
509655,16709,2025-10-10 09:02:00,Delivered,Cash on Delivery,Desktop,,49.0
509656,16649,2025-10-10 09:14:00,Delivered,COD,Mobile App,,0.0
509657,15484,2025-10-10 09:35:00,RETURNED,Credit Card,Desktop,FEST10,0.0
509658,14493,2025-10-10 09:49:00,Cancelled,Debit Card,Desktop,,0.0
509659,16659,2025-10-10 11:17:00,Delivered,credit card,Mobile Web,WELCOME15,0.0
509660,10754,2025-10-10 11:42:00,delivered ,UPI,Mobile Web,FEST10,0.0
509661,14879,2025-10-10 11:50:00,Delivered,Debit Card,Mobile App,FEST10,0.0
509662,16634,2025-10-10 12:28:00,DELIVERED,Credit Card,Mobile App,,0.0
509663,16588,2025-10-10 12:53:00,cancelled ,UPI,Mobile Web,FEST10,0.0
509664,15159,2025-10-10 13:40:00,Delivered,UPI,Mobile App,FEST10,0.0
509665,16749,2025-10-10 13:47:00,Delivered,UPI,Mobile App,FEST10,0.0
509666,16736,2025-10-10 14:36:00,DELIVERED,Cash On Delivery,Mobile App,FEST10,0.0
509667,16584,2025-10-10 14:45:00,DELIVERED,upi,Desktop,WELCOME15,0.0
509668,14847,2025-10-10 15:00:00,delivered ,UPI,Mobile Web,,0.0
509669,15066,2025-10-10 15:00:00,DELIVERED,UPI,Desktop,FEST10,0.0
509670,11850,2025-10-10 15:08:00,cancelled ,Cash on Delivery,Desktop,,0.0
509671,16695,2025-10-10 15:23:00,Delivered,Credit Card,Mobile Web,,0.0
509672,16389,2025-10-10 15:37:00,Delivered,Credit Card,Mobile App,,0.0
509673,14666,2025-10-10 15:47:00,delivered ,Net Banking,Mobile Web,,0.0
509674,16655,2025-10-10 16:17:00,Delivered,Cash on Delivery,Mobile App,FEST10,0.0
509675,16756,2025-10-10 16:25:00,Delivered,UPI,Mobile App,,0.0
509676,16585,2025-10-10 16:44:00,Delivered,UPI,Mobile App,FEST10,0.0
509677,16714,2025-10-10 16:55:00,delivered ,upi,Mobile App,FEST10,0.0
509678,12319,2025-10-10 17:00:00,Cancelled,UPI,Desktop,FEST10,0.0
509679,16712,2025-10-10 17:02:00,RETURNED,Cash on Delivery,Mobile Web,FEST10,0.0
509680,16637,2025-10-10 17:03:00,Delivered,upi,Mobile Web,,0.0
509681,16685,2025-10-10 17:06:00,Delivered,Net Banking,Mobile Web,,0.0
509682,11139,2025-10-10 17:07:00,Delivered,Cash on Delivery,Mobile App,,0.0
509683,13194,2025-10-10 17:32:00,DELIVERED,UPI,Mobile Web,,0.0
509684,16337,2025-10-10 17:38:00,DELIVERED,Credit Card,Desktop,FEST10,0.0
509685,16662,2025-10-10 17:40:00,Cancelled,upi,Mobile App,WELCOME15,0.0
509686,16682,2025-10-10 17:45:00,Delivered,Cash on Delivery,Mobile App,,0.0
509687,16657,2025-10-10 17:51:00,Delivered,UPI,Mobile App,FEST10,0.0
509688,11053,2025-10-10 17:54:00,Returned,Net Banking,Mobile App,FEST10,0.0
509689,16729,2025-10-10 18:11:00,Delivered,Credit Card,Desktop,FEST10,0.0
509690,16608,2025-10-10 18:28:00,Delivered,Credit Card,Mobile Web,WELCOME15,0.0
509691,16692,2025-10-10 18:28:00,Delivered,UPI,Mobile Web,FEST10,0.0
509692,12469,2025-10-10 18:42:00,Delivered,UPI,Desktop,,0.0
509693,16700,2025-10-10 19:02:00,DELIVERED,upi,Desktop,,0.0
509694,12185,2025-10-10 19:23:00,Delivered,upi,Mobile App,FEST10,0.0
509695,16650,2025-10-10 19:34:00,Delivered,Cash On Delivery,Mobile App,WELCOME15,0.0
509696,16688,2025-10-10 19:45:00,DELIVERED,Upi,Desktop,FEST10,0.0
509697,16764,2025-10-10 19:46:00,Cancelled,Cash on Delivery,Mobile App,,0.0
509698,16762,2025-10-10 20:18:00,delivered ,UPI,Mobile App,WELCOME15,0.0
509699,16056,2025-10-10 21:36:00,Delivered,UPI,Mobile App,,0.0
509700,12665,2025-10-10 21:38:00,Returned,DC,Mobile App,,0.0
509701,16732,2025-10-10 21:39:00,DELIVERED,Net Banking,Mobile App,WELCOME15,49.0
509702,16679,2025-10-10 21:42:00,Delivered,Credit Card,Desktop,FEST10,49.0
509703,14351,2025-10-10 21:49:00,Delivered,UPI,Desktop,,0.0
509704,14058,2025-10-10 21:55:00,DELIVERED,Upi,Mobile App,FEST10,0.0
509705,13306,2025-10-10 22:16:00,DELIVERED,credit card,Mobile Web,,0.0
509706,16418,2025-10-10 22:28:00,Returned,Credit Card,Mobile App,FEST10,0.0
509707,13649,2025-10-10 22:33:00,Returned,Credit Card,Mobile App,FEST10,0.0
509708,16698,2025-10-10 22:34:00,Delivered,UPI,Desktop,WELCOME15,0.0
509709,16706,2025-10-10 23:23:00,DELIVERED,Upi,Mobile App,FEST10,49.0
509710,14691,2025-10-10 23:35:00,DELIVERED,upi,Desktop,,0.0
509711,16484,2025-10-11 07:07:00,Delivered,UPI,Mobile App,,0.0
509712,10084,2025-10-11 07:18:00,delivered ,Net Banking,Mobile App,,0.0
509713,16746,2025-10-11 07:46:00,Delivered,Credit Card,Mobile Web,FEST10,0.0
509714,16237,2025-10-11 07:47:00,Delivered,Net Banking,Mobile Web,FEST10,0.0
509715,16578,2025-10-11 08:02:00,Delivered,Credit Card,Mobile Web,WELCOME15,0.0
509716,15953,2025-10-11 08:07:00,DELIVERED,UPI,Mobile App,,0.0
509717,16722,2025-10-11 08:10:00,Delivered,Cash On Delivery,Mobile Web,FEST10,0.0
509718,16042,2025-10-11 08:28:00,Delivered,cod,Mobile Web,,0.0
509719,16742,2025-10-11 09:27:00,cancelled ,Cash on Delivery,Mobile Web,FEST10,0.0
509720,15584,2025-10-11 10:00:00,Delivered,upi,Mobile App,,0.0
509721,16020,2025-10-11 10:01:00,Delivered,UPI,Mobile Web,FEST10,0.0
509722,12393,2025-10-11 10:03:00,Delivered,COD,Mobile Web,,0.0
509723,16632,2025-10-11 10:13:00,Delivered,UPI,Desktop,WELCOME15,0.0
509724,16379,2025-10-11 10:36:00,Delivered,UPI,Mobile Web,,0.0
509725,16109,2025-10-11 10:51:00,Returned,UPI,Desktop,,0.0
509726,11552,2025-10-11 10:59:00,Delivered,Credit Card,Mobile App,,0.0
509727,16223,2025-10-11 11:06:00,DELIVERED,UPI,Mobile Web,FEST10,0.0
509728,16469,2025-10-11 11:17:00,Delivered,UPI,Desktop,,0.0
509729,15704,2025-10-11 11:46:00,Delivered,Cash on Delivery,Mobile App,FEST10,0.0
509730,14245,2025-10-11 12:13:00,DELIVERED,Cash on Delivery,Mobile App,,0.0
509731,15334,2025-10-11 12:17:00,Delivered,UPI,Mobile App,FEST10,0.0
509732,14735,2025-10-11 12:53:00,delivered ,Credit Card,Mobile App,,0.0
509733,15693,2025-10-11 12:57:00,Delivered,credit card,Mobile App,FEST10,0.0
509734,16755,2025-10-11 13:29:00,Delivered,Net Banking,Mobile Web,FEST10,0.0
509735,16761,2025-10-11 13:42:00,Delivered,Debit Card,Desktop,FEST10,0.0
509736,10211,2025-10-11 13:58:00,Delivered,Cash On Delivery,Mobile Web,FEST10,0.0
509737,15184,2025-10-11 14:18:00,DELIVERED,UPI,Mobile Web,,0.0
509738,14858,2025-10-11 14:31:00,Delivered,UPI,Mobile App,FEST10,0.0
509739,10107,2025-10-11 14:47:00,Delivered,UPI,Desktop,,0.0
509740,16681,2025-10-11 15:05:00,Delivered,UPI,Mobile App,WELCOME15,0.0
509741,16644,2025-10-11 15:38:00,DELIVERED,UPI,Desktop,,0.0
509742,16084,2025-10-11 16:16:00,RETURNED,upi,Mobile App,FEST10,0.0
509743,12850,2025-10-11 16:50:00,DELIVERED,Debit Card,Mobile App,FEST10,49.0
509744,15991,2025-10-11 16:56:00,Delivered,Credit Card,Mobile App,FEST10,0.0
509745,16569,2025-10-11 16:59:00,Delivered,UPI,Mobile Web,FEST10,0.0
509746,16422,2025-10-11 17:07:00,Delivered,UPI,Mobile App,FEST10,0.0
509747,16485,2025-10-11 17:10:00,Delivered,Net Banking,Mobile App,FEST10,0.0
509748,15538,2025-10-11 17:14:00,DELIVERED,Credit Card,Mobile App,,0.0
509749,16530,2025-10-11 17:23:00,Delivered,Cash on Delivery,Desktop,FEST10,0.0
509750,16439,2025-10-11 17:27:00,Delivered,UPI,Mobile Web,,0.0
509751,16696,2025-10-11 17:29:00,Delivered,UPI,Mobile Web,FEST10,0.0
509752,16740,2025-10-11 17:47:00,DELIVERED,Credit Card,Mobile App,,0.0
509753,15110,2025-10-11 18:02:00,CANCELLED,Credit Card,Desktop,FEST10,0.0
509754,15481,2025-10-11 18:08:00,Delivered,UPI,Mobile Web,FEST10,0.0
509755,16752,2025-10-11 20:01:00,CANCELLED,Cash on Delivery,Mobile App,WELCOME15,0.0
509756,16640,2025-10-11 20:37:00,Delivered,CC,Mobile App,WELCOME15,0.0
509757,15260,2025-10-11 21:43:00,DELIVERED,Cash on Delivery,Mobile App,FEST10,49.0
509758,16643,2025-10-11 21:44:00,Delivered,Credit Card,Mobile App,WELCOME15,0.0
509759,12282,2025-10-11 22:22:00,Delivered,UPI,Desktop,FEST10,0.0
509760,16515,2025-10-11 22:56:00,Delivered,UPI,Desktop,,0.0
509761,14072,2025-10-12 07:02:00,Delivered,Credit Card,Desktop,,0.0
509762,16521,2025-10-12 07:07:00,Delivered,debit card,Desktop,FEST10,0.0
509763,13967,2025-10-12 07:15:00,Delivered,Net Banking,Mobile App,FEST10,0.0
509764,16774,2025-10-12 07:18:00,Delivered,Net Banking,Mobile App,WELCOME15,0.0
509765,16589,2025-10-12 08:02:00,Delivered,upi,Mobile App,FEST10,0.0
509766,14738,2025-10-12 08:29:00,Delivered,UPI,Mobile App,,0.0
509767,16765,2025-10-12 08:33:00,Delivered,UPI,Mobile App,WELCOME15,0.0
509768,10901,2025-10-12 08:45:00,Delivered,Cash on Delivery,Mobile App,,0.0
509769,16708,2025-10-12 09:24:00,Delivered,Cash on Delivery,Mobile Web,FEST10,0.0
509770,12279,2025-10-12 10:10:00,DELIVERED,Cash on Delivery,Mobile App,,0.0
509771,16771,2025-10-12 10:23:00,DELIVERED,UPI,Desktop,WELCOME15,0.0
509772,16591,2025-10-12 10:39:00,DELIVERED,Cash on Delivery,Mobile Web,WELCOME15,0.0
509773,12597,2025-10-12 12:06:00,Delivered,Cash on Delivery,Desktop,FEST10,0.0
509774,14193,2025-10-12 13:01:00,Delivered,Cash on Delivery,Mobile App,,0.0
509775,13055,2025-10-12 13:22:00,Delivered,UPI,Mobile App,FEST10,0.0
509776,16613,2025-10-12 14:01:00,CANCELLED,UPI,Desktop,WELCOME15,0.0
509777,16758,2025-10-12 14:03:00,Delivered,UPI,Mobile App,WELCOME15,0.0
509778,16560,2025-10-12 14:12:00,Returned,Cash on Delivery,Desktop,WELCOME15,0.0
509779,16094,2025-10-12 14:17:00,Delivered,UPI,Mobile App,FEST10,0.0
509780,11986,2025-10-12 14:52:00,Delivered,UPI,Desktop,FEST10,0.0
509781,11569,2025-10-12 15:39:00,Delivered,UPI,Mobile Web,FEST10,0.0
509782,13617,2025-10-12 16:32:00,DELIVERED,UPI,Mobile App,FEST10,0.0
509783,16737,2025-10-12 16:34:00,Delivered,UPI,Mobile App,FEST10,0.0
509784,10264,2025-10-12 16:50:00,delivered ,UPI,Mobile App,,0.0
509785,15905,2025-10-12 17:48:00,Cancelled,UPI,Mobile App,FEST10,0.0
509786,16684,2025-10-12 18:03:00,Delivered,UPI,Desktop,WELCOME15,0.0
509787,16734,2025-10-12 18:26:00,Delivered,Cash on Delivery,Desktop,,0.0
509788,16674,2025-10-12 18:40:00,Returned,Cash on Delivery,Mobile Web,FEST10,0.0
509789,12399,2025-10-12 18:41:00,Delivered,Cash on Delivery,Mobile App,FEST10,0.0
509790,16790,2025-10-12 18:57:00,CANCELLED,Cash on Delivery,Mobile Web,FEST10,0.0
509791,16728,2025-10-12 19:08:00,Returned,Debit Card,Desktop,WELCOME15,0.0
509792,10283,2025-10-12 19:15:00,Delivered,Net Banking,Mobile Web,FEST10,49.0
509793,10097,2025-10-12 19:31:00,Delivered,Debit Card,Desktop,,0.0
509794,16781,2025-10-12 19:45:00,Returned,upi,Desktop,WELCOME15,0.0
509795,12747,2025-10-12 20:03:00,Delivered,UPI,Mobile App,,0.0
509796,16748,2025-10-12 20:08:00,DELIVERED,UPI,Mobile Web,WELCOME15,0.0
509797,16654,2025-10-12 20:49:00,Returned,Credit Card,Mobile Web,,0.0
509798,12770,2025-10-12 20:58:00,Delivered,Cash on Delivery,Mobile App,FEST10,0.0
509799,10364,2025-10-12 21:51:00,DELIVERED,Credit Card,Mobile App,,0.0
509800,16793,2025-10-12 22:08:00,Delivered,Net Banking,Mobile Web,FEST10,49.0
509801,16779,2025-10-12 22:10:00,Delivered,Cash on Delivery,Mobile Web,FEST10,0.0
509802,16314,2025-10-12 22:34:00,delivered ,Cash on Delivery,Mobile App,,0.0
509803,16775,2025-10-12 22:39:00,delivered ,upi,Mobile Web,WELCOME15,0.0
509804,12960,2025-10-12 22:56:00,Delivered,UPI,Mobile App,,0.0
509805,11939,2025-10-12 23:22:00,Delivered,UPI,Mobile Web,,0.0
509806,16356,2025-10-12 23:23:00,DELIVERED,cod,Mobile App,,0.0
509807,16786,2025-10-12 23:33:00,Delivered,Cash on Delivery,Mobile Web,WELCOME15,49.0
509808,10068,2025-10-13 07:09:00,Delivered,UPI,Mobile App,FEST10,0.0
509809,15942,2025-10-13 07:17:00,Delivered,UPI,Mobile Web,,0.0
509810,16203,2025-10-13 08:18:00,Returned,UPI,Desktop,FEST10,0.0
509811,15697,2025-10-13 08:36:00,DELIVERED,Credit Card,Desktop,,0.0
509812,16024,2025-10-13 08:36:00,Delivered,Cash on Delivery,Mobile App,FEST10,0.0
509813,15611,2025-10-13 08:58:00,Delivered,Credit Card,Mobile Web,FEST10,0.0
509814,15327,2025-10-13 09:16:00,delivered ,CC,Mobile Web,,0.0
509815,16767,2025-10-13 09:46:00,DELIVERED,UPI,Mobile Web,,0.0
509816,16799,2025-10-13 09:49:00,Delivered,Cash on Delivery,Desktop,,0.0
509817,10713,2025-10-13 10:21:00,DELIVERED,UPI,Mobile App,FEST10,0.0
509818,10971,2025-10-13 10:49:00,Returned,UPI,Mobile App,,0.0
509819,16788,2025-10-13 10:53:00,Delivered,UPI,Mobile App,WELCOME15,0.0
509820,13773,2025-10-13 11:08:00,DELIVERED,UPI,Mobile Web,FEST10,0.0
509821,16794,2025-10-13 11:29:00,Delivered,DC,Mobile Web,FEST10,0.0
509822,14566,2025-10-13 11:48:00,delivered ,Net Banking,Mobile App,FEST10,0.0
509823,13903,2025-10-13 11:52:00,Delivered,UPI,Mobile App,FEST10,0.0
509824,16741,2025-10-13 12:02:00,Delivered,UPI,Desktop,WELCOME15,0.0
509825,16623,2025-10-13 12:04:00,Cancelled,Cash on Delivery,Mobile App,WELCOME15,49.0
509826,13465,2025-10-13 13:00:00,Delivered,UPI,Mobile Web,FEST10,0.0
509827,16726,2025-10-13 14:08:00,Delivered,Credit Card,Mobile Web,,0.0
509828,13923,2025-10-13 14:27:00,DELIVERED,Cash on Delivery,Mobile App,,0.0
509829,12802,2025-10-13 14:33:00,Delivered,UPI,Mobile App,,0.0
509830,16796,2025-10-13 14:33:00,Delivered,Debit Card,Mobile App,WELCOME15,0.0
509831,13179,2025-10-13 14:37:00,Returned,UPI,Mobile App,,0.0
509832,12133,2025-10-13 14:48:00,Delivered,COD,Mobile Web,FEST10,0.0
509833,13919,2025-10-13 15:04:00,Delivered,Cash on Delivery,Desktop,,0.0
509834,16506,2025-10-13 15:31:00,Delivered,Credit Card,Desktop,FEST10,0.0
509835,16772,2025-10-13 15:41:00,Delivered,Credit Card,Mobile App,FEST10,0.0
509836,13650,2025-10-13 15:51:00,Delivered,Upi,Desktop,FEST10,0.0
509837,11311,2025-10-13 16:10:00,DELIVERED,Net Banking,Mobile App,FEST10,0.0
509838,15821,2025-10-13 16:15:00,Cancelled,UPI,Desktop,,0.0
509839,14590,2025-10-13 16:30:00,delivered ,UPI,Mobile Web,FEST10,0.0
509840,13604,2025-10-13 16:46:00,Delivered,Debit Card,Desktop,FEST10,0.0
509841,14663,2025-10-13 17:47:00,DELIVERED,UPI,Mobile App,FEST10,0.0
509842,15544,2025-10-13 19:08:00,Returned,CC,Mobile App,FEST10,0.0
509843,16804,2025-10-13 19:16:00,Delivered,Net Banking,Mobile Web,WELCOME15,0.0
509844,13000,2025-10-13 19:23:00,Delivered,Upi,Mobile App,,0.0
509845,16783,2025-10-13 19:55:00,CANCELLED,Credit Card,Mobile App,WELCOME15,0.0
509846,16333,2025-10-13 19:57:00,Delivered,UPI,Mobile App,FEST10,0.0
509847,11844,2025-10-13 20:18:00,Delivered,UPI,Mobile Web,,0.0
509848,10011,2025-10-13 21:26:00,Delivered,Credit Card,Mobile App,FEST10,0.0
509849,16766,2025-10-13 21:57:00,delivered ,Cash on Delivery,Mobile App,WELCOME15,0.0
509850,12666,2025-10-13 22:39:00,DELIVERED,Cash on Delivery,Mobile Web,FEST10,0.0
509851,15469,2025-10-13 22:51:00,Delivered,Credit Card,Desktop,FEST10,0.0
509852,15646,2025-10-13 23:22:00,DELIVERED,CC,Mobile App,FEST10,0.0
509853,16747,2025-10-14 07:07:00,Delivered,UPI,Mobile App,FEST10,0.0
509854,16263,2025-10-14 07:23:00,Delivered,Cash on Delivery,Mobile App,FEST10,0.0
509855,16754,2025-10-14 07:26:00,Delivered,DC,Mobile App,,0.0
509856,14051,2025-10-14 07:51:00,Delivered,UPI,Mobile App,,49.0
509857,16809,2025-10-14 07:54:00,Delivered,Cash on Delivery,Desktop,WELCOME15,0.0
509858,14822,2025-10-14 07:56:00,Delivered,UPI,Mobile App,FEST10,0.0
509859,11488,2025-10-14 07:56:00,Delivered,Cash on Delivery,Desktop,FEST10,0.0
509860,14343,2025-10-14 08:00:00,Cancelled,UPI,Mobile Web,,0.0
509861,10781,2025-10-14 08:05:00,Delivered,Cash on Delivery,Mobile App,FEST10,0.0
509862,11134,2025-10-14 09:03:00,DELIVERED,cod,Mobile Web,,0.0
509863,16327,2025-10-14 09:47:00,Delivered,Upi,Mobile App,FEST10,0.0
509864,14810,2025-10-14 09:50:00,Delivered,UPI,Mobile App,FEST10,0.0
509865,16785,2025-10-14 09:54:00,DELIVERED,Credit Card,Mobile App,FEST10,0.0
509866,12536,2025-10-14 10:01:00,Delivered,Upi,Desktop,,0.0
509867,15516,2025-10-14 10:12:00,delivered ,UPI,Mobile App,,0.0
509868,13953,2025-10-14 10:56:00,Returned,UPI,Mobile App,SAVE5,0.0
509869,11594,2025-10-14 11:01:00,Delivered,UPI,Mobile App,,0.0
509870,16812,2025-10-14 11:44:00,Delivered,UPI,Mobile Web,,0.0
509871,16426,2025-10-14 11:52:00,Delivered,UPI,Mobile Web,,0.0
509872,13748,2025-10-14 12:18:00,returned ,Debit Card,Mobile App,FEST10,49.0
509873,16198,2025-10-14 12:21:00,Delivered,UPI,Mobile App,,0.0
509874,14992,2025-10-14 12:45:00,delivered ,Credit Card,Mobile App,FEST10,0.0
509875,16676,2025-10-14 13:23:00,Delivered,Net Banking,Mobile Web,FEST10,0.0
509876,14863,2025-10-14 13:57:00,Delivered,UPI,Mobile App,FEST10,0.0
509877,16806,2025-10-14 14:01:00,Cancelled,UPI,Desktop,,49.0
509878,10440,2025-10-14 14:28:00,Delivered,UPI,Mobile App,FEST10,0.0
509879,16577,2025-10-14 14:38:00,DELIVERED,Credit Card,Desktop,FEST10,0.0
509880,16738,2025-10-14 14:40:00,Delivered,UPI,Mobile App,WELCOME15,0.0
509881,16571,2025-10-14 15:20:00,Delivered,Cash on Delivery,Mobile App,,49.0
509882,15738,2025-10-14 15:35:00,Delivered,UPI,Mobile Web,,0.0
509883,13326,2025-10-14 15:41:00,Delivered,CC,Mobile App,FEST10,0.0
509884,12367,2025-10-14 16:28:00,Delivered,credit card,Mobile App,FEST10,0.0
509885,13926,2025-10-14 17:04:00,Returned,UPI,Mobile App,FEST10,0.0
509886,16677,2025-10-14 17:20:00,Delivered,Credit Card,Desktop,,0.0
509887,15362,2025-10-14 17:22:00,Delivered,Cash on Delivery,Mobile App,,0.0
509888,16777,2025-10-14 17:26:00,Delivered,UPI,Mobile App,FEST10,0.0
509889,15441,2025-10-14 18:10:00,Delivered,Debit Card,Mobile Web,FEST10,0.0
509890,10007,2025-10-14 18:56:00,Delivered,Credit Card,Desktop,,0.0
509891,11604,2025-10-14 19:34:00,delivered ,UPI,Mobile App,FEST10,0.0
509892,12286,2025-10-14 20:08:00,Delivered,UPI,Desktop,FEST10,0.0
509893,14577,2025-10-14 20:16:00,Delivered,UPI,Mobile Web,,0.0
509894,14712,2025-10-14 21:14:00,Delivered,Credit Card,Mobile Web,FEST10,0.0
509895,11967,2025-10-14 21:23:00,Delivered,UPI,Mobile Web,,0.0
509896,16805,2025-10-14 22:02:00,Returned,Cash on Delivery,Mobile App,FEST10,0.0
509897,16814,2025-10-14 22:30:00,delivered ,upi,Mobile App,FEST10,0.0
509897,16814,2025-10-14 22:30:00,delivered ,upi,Mobile App,FEST10,0.0
509898,15919,2025-10-14 22:55:00,Delivered,UPI,Mobile Web,FEST10,0.0
509899,16757,2025-10-14 23:08:00,Delivered,Upi,Mobile App,WELCOME15,0.0
509900,16697,2025-10-14 23:17:00,Delivered,Credit Card,Mobile App,,0.0
509901,16703,2025-10-14 23:31:00,Delivered,UPI,Desktop,,0.0
509902,11707,2025-10-15 07:04:00,cancelled ,Credit Card,Mobile App,FEST10,0.0
509903,14697,2025-10-15 07:36:00,Delivered,Debit Card,Mobile Web,FEST10,0.0
509904,14471,2025-10-15 08:11:00,DELIVERED,Debit Card,Mobile App,,0.0
509905,13443,2025-10-15 09:33:00,Delivered,CC,Mobile Web,,0.0
509906,16567,2025-10-15 09:36:00,Delivered,CC,Mobile App,,0.0
509907,15401,2025-10-15 10:16:00,Delivered,Cash on Delivery,Mobile Web,FEST10,0.0
509908,12946,2025-10-15 10:32:00,Delivered,Credit Card,Mobile App,,49.0
509909,16504,2025-10-15 10:58:00,Delivered,UPI,Mobile Web,,0.0
509910,16134,2025-10-15 11:32:00,delivered ,Cash on Delivery,Mobile Web,FEST10,0.0
509911,16776,2025-10-15 12:23:00,Delivered,UPI,Desktop,FEST10,0.0
509912,16841,2025-10-15 13:11:00,Delivered,cod,Mobile App,,0.0
509913,12484,2025-10-15 13:26:00,delivered ,Cash on Delivery,Mobile App,,0.0
509914,12495,2025-10-15 13:32:00,Delivered,Cash on Delivery,Desktop,FEST10,0.0
509915,15549,2025-10-15 13:41:00,DELIVERED,UPI,Mobile Web,,0.0
509916,16643,2025-10-15 14:23:00,DELIVERED,UPI,Mobile App,,0.0
509917,12491,2025-10-15 14:45:00,Delivered,UPI,Desktop,,0.0
509918,16844,2025-10-15 14:47:00,delivered ,UPI,Mobile App,FEST10,0.0
509919,11512,2025-10-15 15:21:00,delivered ,UPI,Mobile App,,0.0
509920,11957,2025-10-15 15:53:00,Delivered,Cash on Delivery,Mobile App,FEST10,0.0
509921,16800,2025-10-15 16:13:00,Delivered,Credit Card,Mobile App,WELCOME15,0.0
509922,15809,2025-10-15 16:19:00,delivered ,UPI,Desktop,FEST10,0.0
509923,16705,2025-10-15 16:50:00,delivered ,Upi,Mobile App,,0.0
509924,16828,2025-10-15 16:54:00,DELIVERED,DC,Mobile Web,WELCOME15,49.0
509925,12920,2025-10-15 17:06:00,Returned,UPI,Mobile App,,0.0
509926,15691,2025-10-15 17:16:00,Returned,Debit Card,Mobile Web,FEST10,0.0
509927,14291,2025-10-15 17:41:00,Delivered,Cash on Delivery,Desktop,FEST10,0.0
509928,16394,2025-10-15 18:56:00,Returned,Net Banking,Mobile Web,FEST10,0.0
509929,12663,2025-10-15 19:05:00,Delivered,upi,Mobile App,FEST10,49.0
509930,12601,2025-10-15 19:10:00,Delivered,Credit Card,Mobile App,,0.0
509931,16821,2025-10-15 19:30:00,Returned,Debit Card,Mobile Web,FEST10,0.0
509932,16840,2025-10-15 19:46:00,Delivered,UPI,Mobile Web,,0.0
509933,16328,2025-10-15 19:47:00,delivered ,Debit Card,Mobile Web,,0.0
509934,16824,2025-10-15 20:18:00,Delivered,Credit Card,Desktop,WELCOME15,0.0
509935,12543,2025-10-15 20:18:00,Returned,UPI,Mobile App,FEST10,0.0
509936,16837,2025-10-15 20:26:00,Delivered,Cash on Delivery,Mobile Web,WELCOME15,0.0
509937,11881,2025-10-15 20:42:00,delivered ,UPI,Mobile App,SAVE5,49.0
509938,12493,2025-10-15 21:04:00,Delivered,DC,Mobile Web,,0.0
509939,16780,2025-10-15 21:45:00,Delivered,Upi,Mobile App,FEST10,0.0
509940,13854,2025-10-15 21:56:00,DELIVERED,Cash on Delivery,Mobile App,FEST10,0.0
509941,15992,2025-10-15 22:02:00,Returned,Cash on Delivery,Mobile App,,0.0
509942,16784,2025-10-15 22:02:00,Delivered,UPI,Mobile App,WELCOME15,0.0
509943,15477,2025-10-15 22:10:00,Delivered,Credit Card,Mobile App,,0.0
509944,15525,2025-10-15 22:22:00,Delivered,Credit Card,Mobile App,SAVE5,0.0
509945,16633,2025-10-15 22:26:00,Delivered,UPI,Mobile App,WELCOME15,0.0
509945,16633,2025-10-15 22:26:00,Delivered,UPI,Mobile App,WELCOME15,0.0
509946,16753,2025-10-15 22:40:00,Delivered,UPI,Mobile App,,0.0
509947,16787,2025-10-15 22:49:00,Returned,COD,Mobile App,,0.0
509948,15329,2025-10-15 23:20:00,Delivered,UPI,Mobile App,FEST10,0.0
509949,16768,2025-10-16 07:45:00,returned ,Net Banking,Mobile App,,0.0
509950,13545,2025-10-16 07:51:00,Delivered,Cash on Delivery,Mobile App,,0.0
509951,15744,2025-10-16 07:58:00,Delivered,UPI,Mobile App,FEST10,0.0
509952,15498,2025-10-16 08:01:00,Delivered,Credit Card,Mobile Web,FEST10,0.0
509953,16724,2025-10-16 08:04:00,Delivered,Debit Card,Mobile App,FEST10,0.0
509954,12285,2025-10-16 08:34:00,Cancelled,Credit Card,Mobile App,,0.0
509955,16791,2025-10-16 08:37:00,DELIVERED,Debit Card,Mobile Web,WELCOME15,0.0
509956,15763,2025-10-16 08:56:00,DELIVERED,Upi,Mobile App,FEST10,0.0
509957,11652,2025-10-16 09:13:00,Delivered,Debit Card,Mobile App,,0.0
509958,16825,2025-10-16 09:39:00,delivered ,UPI,Mobile App,WELCOME15,0.0
509959,16422,2025-10-16 11:05:00,Returned,Cash on Delivery,Desktop,,0.0
509960,15602,2025-10-16 11:32:00,DELIVERED,Net Banking,Mobile Web,SAVE5,49.0
509961,12100,2025-10-16 11:46:00,Delivered,Credit Card,Mobile App,,49.0
509962,15970,2025-10-16 11:53:00,Delivered,UPI,Desktop,FEST10,0.0
509963,14556,2025-10-16 13:13:00,RETURNED,Cash On Delivery,Mobile Web,FEST10,0.0
509964,16798,2025-10-16 13:34:00,Delivered,Cash on Delivery,Desktop,WELCOME15,0.0
509965,14897,2025-10-16 14:04:00,Delivered,UPI,Mobile App,FEST10,0.0
509966,15355,2025-10-16 14:06:00,Delivered,UPI,Mobile Web,FEST10,0.0
509967,16778,2025-10-16 14:10:00,Delivered,UPI,Mobile Web,FEST10,0.0
509968,11198,2025-10-16 14:44:00,Delivered,UPI,Mobile App,FEST10,0.0
509969,11565,2025-10-16 14:53:00,Delivered,Upi,Mobile App,FEST10,0.0
509970,11394,2025-10-16 15:42:00,DELIVERED,Credit Card,Mobile App,,0.0
509971,16666,2025-10-16 15:52:00,DELIVERED,Cash on Delivery,Mobile App,WELCOME15,0.0
509972,12808,2025-10-16 16:16:00,DELIVERED,UPI,Mobile Web,,0.0
509973,13468,2025-10-16 17:38:00,Delivered,credit card,Mobile Web,,0.0
509974,12633,2025-10-16 17:44:00,Delivered,UPI,Mobile App,FEST10,0.0
509975,16713,2025-10-16 18:48:00,Delivered,UPI,Desktop,WELCOME15,0.0
509976,14927,2025-10-16 18:50:00,Delivered,Cash on Delivery,Mobile Web,,0.0
509977,14983,2025-10-16 19:00:00,Delivered,Cash on Delivery,Mobile App,,0.0
509978,16505,2025-10-16 19:03:00,delivered ,UPI,Mobile Web,FEST10,0.0
509979,15704,2025-10-16 19:21:00,Delivered,Credit Card,Mobile App,FEST10,0.0
509980,15729,2025-10-16 19:55:00,Returned,UPI,Mobile App,SAVE5,0.0
509981,16428,2025-10-16 19:56:00,Cancelled,Cash on Delivery,Mobile App,,0.0
509982,15400,2025-10-16 20:02:00,Delivered,Credit Card,Mobile App,,0.0
509983,12043,2025-10-16 20:44:00,Delivered,Cash on Delivery,Mobile App,,0.0
509984,13896,2025-10-16 21:03:00,Delivered,UPI,Mobile App,FEST10,0.0
509985,14295,2025-10-16 22:32:00,Delivered,upi,Mobile App,,0.0
509986,10110,2025-10-16 23:36:00,Delivered,Cash on Delivery,Desktop,,0.0
509987,12158,2025-10-16 23:44:00,Delivered,UPI,Desktop,FEST10,0.0
509988,12560,2025-10-16 23:45:00,DELIVERED,UPI,Mobile Web,FEST10,0.0
509989,12450,2025-10-16 23:50:00,Delivered,UPI,Desktop,FEST10,0.0
509990,13717,2025-10-16 23:58:00,DELIVERED,UPI,Mobile App,FEST10,49.0
509991,13263,2025-10-17 07:08:00,Delivered,Credit Card,Mobile Web,FEST10,0.0
509992,10442,2025-10-17 07:11:00,Delivered,upi,Mobile App,,49.0
509993,16852,2025-10-17 07:20:00,Delivered,UPI,Mobile App,,0.0
509994,16846,2025-10-17 07:30:00,Delivered,Debit Card,Mobile App,SAVE5,0.0
509995,16847,2025-10-17 07:47:00,DELIVERED,Debit Card,Mobile App,WELCOME15,0.0
509996,14473,2025-10-17 08:09:00,DELIVERED,Upi,Mobile Web,FEST10,0.0
509997,14489,2025-10-17 09:11:00,Delivered,Credit Card,Desktop,FEST10,0.0
509998,15980,2025-10-17 09:21:00,Delivered,upi,Mobile App,FEST10,0.0
509999,16159,2025-10-17 09:23:00,Delivered,Debit Card,Mobile App,,0.0
510000,14516,2025-10-17 09:41:00,Delivered,Credit Card,Mobile App,FEST10,0.0
510001,12810,2025-10-17 09:52:00,Returned,UPI,Mobile App,FEST10,0.0
510002,16070,2025-10-17 09:59:00,Delivered,Cash On Delivery,Mobile App,FEST10,0.0
510003,16867,2025-10-17 10:08:00,Delivered,Credit Card,Mobile App,,0.0
510004,16194,2025-10-17 10:25:00,Delivered,Cash on Delivery,Mobile Web,FEST10,49.0
510005,12638,2025-10-17 10:27:00,Delivered,Credit Card,Mobile Web,FEST10,0.0
510006,14547,2025-10-17 10:28:00,Delivered,Cash on Delivery,Mobile App,FEST10,0.0
510007,11588,2025-10-17 10:44:00,CANCELLED,upi,Mobile Web,,0.0
510008,10481,2025-10-17 11:21:00,DELIVERED,Cash on Delivery,Mobile App,FEST10,0.0
510009,10788,2025-10-17 11:28:00,DELIVERED,UPI,Mobile App,,0.0
510010,16874,2025-10-17 11:31:00,Delivered,UPI,Mobile App,WELCOME15,0.0
510011,14796,2025-10-17 12:03:00,Delivered,UPI,Mobile Web,FEST10,0.0
510012,10146,2025-10-17 12:11:00,Delivered,Debit Card,Mobile App,,0.0
510013,16569,2025-10-17 12:23:00,Delivered,UPI,Mobile Web,,0.0
510014,15481,2025-10-17 12:44:00,Cancelled,UPI,Mobile Web,FEST10,0.0
510015,15817,2025-10-17 12:54:00,delivered ,Credit Card,Mobile Web,FEST10,0.0
510016,10791,2025-10-17 12:56:00,Delivered,Cash on Delivery,Mobile App,FEST10,0.0
510017,12057,2025-10-17 13:34:00,Delivered,Credit Card,Mobile App,,0.0
510018,13873,2025-10-17 13:49:00,Delivered,Cash on Delivery,Desktop,FEST10,0.0
510019,11852,2025-10-17 14:14:00,Delivered,UPI,Mobile Web,,0.0
510020,14491,2025-10-17 14:27:00,Delivered,UPI,Desktop,FEST10,0.0
510021,16822,2025-10-17 14:36:00,Delivered,UPI,Mobile App,,0.0
510022,16009,2025-10-17 15:02:00,Delivered,UPI,Mobile App,,0.0
510023,14680,2025-10-17 15:04:00,Delivered,UPI,Mobile App,,0.0
510024,14737,2025-10-17 15:22:00,Delivered,UPI,Mobile App,FEST10,0.0
510025,12146,2025-10-17 15:41:00,Delivered,UPI,Mobile App,,0.0
510026,14968,2025-10-17 16:06:00,DELIVERED,UPI,Desktop,FEST10,0.0
510027,16451,2025-10-17 16:07:00,Delivered,UPI,Mobile Web,,0.0
510028,16792,2025-10-17 16:14:00,Delivered,Cash on Delivery,Mobile App,,0.0
510029,16834,2025-10-17 16:41:00,DELIVERED,Cash on Delivery,Mobile App,WELCOME15,0.0
510030,13315,2025-10-17 16:48:00,Delivered,Credit Card,Mobile App,FEST10,0.0
510031,14189,2025-10-17 17:00:00,Delivered,UPI,Desktop,FEST10,0.0
510032,13075,2025-10-17 17:07:00,Delivered,Cash on Delivery,Desktop,,0.0
510033,16873,2025-10-17 17:25:00,DELIVERED,Cash on Delivery,Mobile App,,0.0
510034,15560,2025-10-17 17:50:00,DELIVERED,UPI,Mobile App,FEST10,0.0
510035,15567,2025-10-17 17:54:00,Delivered,Upi,Mobile App,FEST10,0.0
510036,16853,2025-10-17 18:16:00,Delivered,UPI,Desktop,FEST10,0.0
510037,12915,2025-10-17 18:20:00,Delivered,CC,Mobile App,,0.0
510038,14448,2025-10-17 18:27:00,Cancelled,Cash on Delivery,Desktop,,0.0
510039,16678,2025-10-17 18:38:00,Delivered,Credit Card,Desktop,WELCOME15,0.0
510040,16716,2025-10-17 19:25:00,Delivered,Debit Card,Mobile App,,0.0
510041,11670,2025-10-17 19:46:00,Delivered,UPI,Mobile App,,0.0
510042,16882,2025-10-17 19:56:00,Delivered,UPI,Mobile App,,0.0
510043,13736,2025-10-17 20:24:00,delivered ,Credit Card,Mobile App,FEST10,0.0
510044,12465,2025-10-17 20:46:00,Delivered,UPI,Mobile App,,0.0
510045,16849,2025-10-17 20:47:00,Delivered,UPI,Mobile App,,0.0
510046,11639,2025-10-17 20:51:00,Delivered,Cash on Delivery,Mobile Web,,0.0
510047,16612,2025-10-17 21:02:00,Delivered,COD,Mobile App,FEST10,0.0
510048,16886,2025-10-17 21:10:00,delivered ,UPI,Mobile Web,WELCOME15,0.0
510049,16507,2025-10-17 21:19:00,Delivered,UPI,Mobile App,FEST10,0.0
510050,16035,2025-10-17 22:01:00,DELIVERED,upi,Desktop,FEST10,0.0
510051,10063,2025-10-17 22:14:00,Delivered,UPI,Mobile Web,FEST10,0.0
510052,14922,2025-10-17 22:29:00,Delivered,UPI,Mobile App,,0.0
510053,10946,2025-10-17 23:22:00,Delivered,UPI,Mobile App,FEST10,0.0
510054,16883,2025-10-17 23:31:00,Delivered,Upi,Mobile Web,,0.0
510055,11826,2025-10-17 23:37:00,Delivered,UPI,Mobile Web,SAVE5,0.0
510056,14395,2025-10-17 23:48:00,delivered ,Credit Card,Mobile Web,,0.0
510057,16865,2025-10-17 23:53:00,delivered ,Cash on Delivery,Mobile App,,0.0
510058,12668,2025-10-17 23:54:00,Delivered,UPI,Mobile App,,0.0
510059,16745,2025-10-17 23:59:00,Delivered,UPI,Desktop,WELCOME15,0.0
510060,13619,2025-10-18 07:25:00,Delivered,Credit Card,Desktop,,0.0
510061,10742,2025-10-18 08:17:00,delivered ,Credit Card,Mobile App,,0.0
510062,15484,2025-10-18 08:55:00,Delivered,Credit Card,Mobile App,,0.0
510063,16429,2025-10-18 09:02:00,Delivered,UPI,Desktop,,0.0
510064,16808,2025-10-18 09:04:00,Delivered,Upi,Desktop,,0.0
510065,16836,2025-10-18 09:23:00,Delivered,UPI,Mobile Web,FEST10,0.0
510066,16067,2025-10-18 09:29:00,Delivered,Cash on Delivery,Mobile Web,,0.0
510067,16214,2025-10-18 10:45:00,delivered ,UPI,Desktop,FEST10,0.0
510068,15268,2025-10-18 10:59:00,Delivered,UPI,Mobile App,,0.0
510069,14600,2025-10-18 11:07:00,delivered ,UPI,Mobile App,FEST10,0.0
510070,16888,2025-10-18 11:19:00,Returned,Cash on Delivery,Mobile App,FEST10,0.0
510071,11781,2025-10-18 11:33:00,Delivered,UPI,Mobile App,FEST10,49.0
510072,16854,2025-10-18 12:21:00,Delivered,UPI,Mobile App,WELCOME15,0.0
510073,11647,2025-10-18 14:15:00,delivered ,UPI,Mobile Web,FEST10,0.0
510074,10928,2025-10-18 14:36:00,Delivered,cod,Mobile Web,SAVE5,49.0
510075,11034,2025-10-18 15:20:00,DELIVERED,UPI,Mobile App,,0.0
510076,13659,2025-10-18 15:46:00,Delivered,Net Banking,Mobile App,,0.0
510077,16895,2025-10-18 16:16:00,Delivered,Credit Card,Mobile App,WELCOME15,0.0
510078,16485,2025-10-18 17:03:00,Cancelled,Credit Card,Mobile App,,0.0
510079,16871,2025-10-18 17:08:00,DELIVERED,Debit Card,Mobile Web,FEST10,0.0
510080,10657,2025-10-18 17:21:00,Delivered,UPI,Mobile App,FEST10,0.0
510081,16829,2025-10-18 17:30:00,Delivered,Debit Card,Mobile App,WELCOME15,0.0
510082,16837,2025-10-18 17:57:00,Delivered,Cash on Delivery,Mobile Web,,0.0
510083,16842,2025-10-18 19:36:00,Delivered,UPI,Mobile App,WELCOME15,0.0
510084,11145,2025-10-18 19:57:00,Delivered,Upi,Mobile App,,0.0
510085,15392,2025-10-18 20:37:00,Delivered,Credit Card,Desktop,FEST10,0.0
510086,16342,2025-10-18 21:06:00,Returned,cod,Mobile Web,FEST10,0.0
510087,16876,2025-10-18 21:21:00,cancelled ,Cash on Delivery,Desktop,WELCOME15,0.0
510088,15379,2025-10-18 21:43:00,Delivered,Cash on Delivery,Mobile App,,0.0
510089,16816,2025-10-18 22:04:00,Delivered,Upi,Desktop,,0.0
510090,14167,2025-10-18 22:30:00,Delivered,upi,Mobile App,FEST10,0.0
510091,16201,2025-10-18 22:37:00,RETURNED,UPI,Mobile Web,FEST10,0.0
510092,12341,2025-10-18 22:39:00,Cancelled,Debit Card,Mobile App,FEST10,0.0
510093,15561,2025-10-18 23:09:00,Delivered,Cash on Delivery,Mobile App,FEST10,0.0
510094,16432,2025-10-19 07:27:00,Delivered,Credit Card,Mobile Web,,0.0
510095,11719,2025-10-19 07:35:00,DELIVERED,Credit Card,Mobile App,,0.0
510096,15950,2025-10-19 07:37:00,Delivered,UPI,Mobile App,,0.0
510097,11683,2025-10-19 07:58:00,Cancelled,UPI,Mobile Web,FEST10,0.0
510098,16919,2025-10-19 08:49:00,delivered ,Cash on Delivery,Desktop,WELCOME15,0.0
510099,16911,2025-10-19 09:19:00,Delivered,Debit Card,Mobile App,FEST10,0.0
510100,13366,2025-10-19 10:03:00,DELIVERED,UPI,Mobile App,FEST10,0.0
510101,14418,2025-10-19 10:03:00,Delivered,UPI,Desktop,FEST10,0.0
510102,16660,2025-10-19 10:10:00,Delivered,Net Banking,Mobile App,,0.0
510103,15765,2025-10-19 10:11:00,RETURNED,UPI,Desktop,FEST10,0.0
510104,16892,2025-10-19 10:18:00,Delivered,upi,Mobile Web,WELCOME15,0.0
510105,16872,2025-10-19 10:33:00,Delivered,CC,Mobile App,FEST10,0.0
510106,14940,2025-10-19 10:35:00,Delivered,Cash on Delivery,Mobile App,,0.0
510107,13000,2025-10-19 10:43:00,Delivered,Credit Card,Mobile Web,FEST10,0.0
510108,16861,2025-10-19 11:17:00,delivered ,Debit Card,Mobile App,WELCOME15,0.0
510109,12008,2025-10-19 11:20:00,Delivered,Credit Card,Mobile App,FEST10,0.0
510110,13281,2025-10-19 11:25:00,cancelled ,Cash on Delivery,Desktop,SAVE5,0.0
510111,15760,2025-10-19 12:26:00,Delivered,upi,Desktop,,0.0
510112,16832,2025-10-19 13:04:00,Delivered,UPI,Desktop,WELCOME15,0.0
510113,10262,2025-10-19 13:22:00,Delivered,Debit Card,Mobile App,FEST10,0.0
510114,16773,2025-10-19 13:36:00,Delivered,Credit Card,Mobile Web,WELCOME15,0.0
510115,16862,2025-10-19 14:19:00,Delivered,Debit Card,Mobile Web,,0.0
510116,12960,2025-10-19 14:33:00,Delivered,UPI,Mobile App,FEST10,0.0
510117,15579,2025-10-19 14:48:00,Delivered,UPI,Mobile App,FEST10,49.0
510118,16827,2025-10-19 15:00:00,Delivered,UPI,Mobile Web,,0.0
510119,16593,2025-10-19 15:17:00,Delivered,Upi,Mobile App,FEST10,0.0
510120,16914,2025-10-19 16:26:00,delivered ,UPI,Desktop,FEST10,0.0
510121,15589,2025-10-19 16:33:00,Returned,Net Banking,Mobile Web,FEST10,49.0
510122,13144,2025-10-19 17:18:00,Delivered,UPI,Mobile App,FEST10,49.0
510123,14434,2025-10-19 17:25:00,Delivered,UPI,Desktop,FEST10,0.0
510124,13186,2025-10-19 17:30:00,DELIVERED,Credit Card,Mobile App,,0.0
510125,13134,2025-10-19 18:06:00,Delivered,Net Banking,Mobile Web,,0.0
510126,16878,2025-10-19 18:12:00,DELIVERED,credit card,Mobile Web,,0.0
510127,11076,2025-10-19 18:39:00,DELIVERED,UPI,Mobile App,FEST10,49.0
510128,16870,2025-10-19 18:41:00,Delivered,UPI,Mobile App,WELCOME15,0.0
510129,15266,2025-10-19 18:46:00,Delivered,UPI,Desktop,FEST10,0.0
510130,12576,2025-10-19 19:00:00,Delivered,Cash on Delivery,Mobile App,,0.0
510131,16905,2025-10-19 19:24:00,Delivered,Credit Card,Mobile App,SAVE5,0.0
510132,12537,2025-10-19 19:40:00,Delivered,Net Banking,Mobile App,,0.0
510133,16705,2025-10-19 19:46:00,Delivered,Upi,Mobile App,FEST10,0.0
510134,16446,2025-10-19 19:55:00,DELIVERED,Credit Card,Mobile Web,FEST10,0.0
510135,11953,2025-10-19 20:15:00,DELIVERED,Cash on Delivery,Mobile Web,FEST10,0.0
510136,11276,2025-10-19 20:30:00,Returned,Cash on Delivery,Mobile Web,FEST10,0.0
510137,15616,2025-10-19 20:35:00,Delivered,UPI,Mobile Web,FEST10,0.0
510138,15405,2025-10-19 21:02:00,RETURNED,UPI,Mobile Web,FEST10,0.0
510139,14875,2025-10-19 21:06:00,Delivered,Cash on Delivery,Mobile Web,,0.0
510140,13089,2025-10-19 21:33:00,Delivered,UPI,Desktop,FEST10,0.0
510141,16880,2025-10-19 21:45:00,DELIVERED,Debit Card,Mobile Web,FEST10,0.0
510142,16789,2025-10-19 21:49:00,Delivered,Debit Card,Mobile Web,WELCOME15,0.0
510143,14958,2025-10-19 22:18:00,Delivered,UPI,Desktop,,0.0
510144,14062,2025-10-19 23:25:00,delivered ,Cash on Delivery,Mobile Web,,0.0
510145,13980,2025-10-20 07:02:00,DELIVERED,Cash on Delivery,Mobile App,,0.0
510146,15700,2025-10-20 07:13:00,Cancelled,UPI,Mobile App,,0.0
510147,16000,2025-10-20 07:22:00,Delivered,Cash on Delivery,Mobile App,FEST10,0.0
510148,16891,2025-10-20 08:12:00,Delivered,DC,Mobile App,WELCOME15,0.0
510149,15355,2025-10-20 08:50:00,Delivered,Net Banking,Mobile Web,FEST10,0.0
510150,15222,2025-10-20 08:53:00,Delivered,Cash on Delivery,Mobile Web,FEST10,0.0
510151,12632,2025-10-20 09:00:00,Delivered,Upi,Mobile App,,0.0
510152,16901,2025-10-20 09:15:00,Delivered,credit card,Mobile Web,,0.0
510153,12459,2025-10-20 09:22:00,Delivered,Cash on Delivery,Mobile App,FEST10,0.0
510154,15083,2025-10-20 09:31:00,Delivered,credit card,Mobile Web,FEST10,0.0
510155,16689,2025-10-20 09:33:00,Delivered,Upi,Desktop,,0.0
510156,10762,2025-10-20 09:55:00,returned ,Credit Card,Desktop,FEST10,0.0
510157,16845,2025-10-20 10:05:00,Cancelled,UPI,Mobile Web,FEST10,0.0
510158,16923,2025-10-20 10:11:00,Delivered,UPI,Desktop,FEST10,0.0
510158,16923,2025-10-20 10:11:00,Delivered,UPI,Desktop,FEST10,0.0
510159,11022,2025-10-20 10:11:00,returned ,Net Banking,Mobile Web,,0.0
510160,15681,2025-10-20 10:16:00,Delivered,Cash on Delivery,Mobile App,FEST10,0.0
510161,13097,2025-10-20 11:23:00,DELIVERED,UPI,Desktop,,0.0
510162,16813,2025-10-20 11:23:00,DELIVERED,upi,Mobile App,,0.0
510163,12042,2025-10-20 12:04:00,Delivered,UPI,Desktop,FEST10,0.0
510164,16864,2025-10-20 12:28:00,Delivered,Debit Card,Mobile Web,,0.0
510165,16935,2025-10-20 12:42:00,Delivered,Credit Card,Mobile App,,0.0
510166,15727,2025-10-20 12:57:00,Returned,Upi,Mobile App,FEST10,0.0
510167,14927,2025-10-20 13:19:00,Delivered,UPI,Mobile Web,FEST10,0.0
510168,13272,2025-10-20 14:33:00,Delivered,Credit Card,Mobile App,FEST10,0.0
510169,15153,2025-10-20 15:01:00,Returned,DC,Mobile Web,,0.0
510170,10219,2025-10-20 16:02:00,Delivered,upi,Mobile Web,,0.0
510171,13403,2025-10-20 16:24:00,Delivered,credit card,Mobile Web,FEST10,0.0
510172,10440,2025-10-20 16:25:00,delivered ,Debit Card,Mobile App,FEST10,0.0
510173,12898,2025-10-20 16:26:00,Delivered,Debit Card,Mobile App,,0.0
510174,16072,2025-10-20 16:58:00,Returned,Cash on Delivery,Mobile App,FEST10,0.0
510175,12786,2025-10-20 17:21:00,DELIVERED,Net Banking,Desktop,FEST10,0.0
510176,14071,2025-10-20 17:28:00,Delivered,UPI,Mobile App,SAVE5,0.0
510177,14703,2025-10-20 17:42:00,Delivered,COD,Mobile Web,FEST10,0.0
510178,16579,2025-10-20 17:43:00,Delivered,UPI,Desktop,,0.0
510179,16454,2025-10-20 18:01:00,Delivered,Credit Card,Desktop,FEST10,0.0
510180,15088,2025-10-20 18:39:00,Cancelled,UPI,Mobile App,FEST10,0.0
510181,11727,2025-10-20 18:45:00,Delivered,upi,Mobile App,,0.0
510182,16941,2025-10-20 19:12:00,Delivered,Debit Card,Mobile App,,49.0
510183,16942,2025-10-20 19:17:00,Delivered,DC,Mobile App,WELCOME15,0.0
510184,14498,2025-10-20 19:42:00,DELIVERED,Debit Card,Desktop,FEST10,0.0
510185,16576,2025-10-20 19:52:00,delivered ,Net Banking,Mobile App,,0.0
510186,16692,2025-10-20 20:11:00,Cancelled,COD,Mobile App,FEST10,0.0
510187,11550,2025-10-20 20:11:00,Delivered,Credit Card,Mobile App,FEST10,49.0
510188,10867,2025-10-20 21:00:00,Delivered,upi,Desktop,,0.0
510189,13651,2025-10-20 21:09:00,DELIVERED,Debit Card,Mobile App,,0.0
510190,16916,2025-10-20 21:24:00,Delivered,Credit Card,Mobile Web,WELCOME15,0.0
510191,11228,2025-10-20 21:40:00,DELIVERED,UPI,Mobile App,FEST10,0.0
510192,11850,2025-10-20 21:56:00,Delivered,UPI,Desktop,,0.0
510193,13511,2025-10-20 22:12:00,delivered ,Debit Card,Mobile Web,FEST10,0.0
510194,16762,2025-10-20 22:20:00,Delivered,Credit Card,Mobile Web,FEST10,0.0
510195,16744,2025-10-20 22:21:00,DELIVERED,UPI,Mobile App,WELCOME15,0.0
510196,16484,2025-10-20 22:26:00,Returned,Cash on Delivery,Desktop,,0.0
510197,11945,2025-10-20 22:51:00,Delivered,Cash on Delivery,Mobile Web,FEST10,0.0
510198,16879,2025-10-20 23:28:00,Delivered,upi,Mobile App,WELCOME15,0.0
510199,11575,2025-10-21 07:55:00,Delivered,Cash on Delivery,Mobile App,,0.0
510200,10378,2025-10-21 08:11:00,delivered ,Debit Card,Desktop,FEST10,0.0
510201,11441,2025-10-21 08:30:00,Delivered,UPI,Desktop,FEST10,49.0
510202,16809,2025-10-21 09:54:00,Delivered,Credit Card,Desktop,FEST10,0.0
510203,15132,2025-10-21 10:32:00,DELIVERED,UPI,Mobile App,FEST10,0.0
510204,11994,2025-10-21 10:43:00,Delivered,UPI,Mobile App,,0.0
510205,16389,2025-10-21 11:22:00,Delivered,UPI,Mobile App,FEST10,0.0
510206,12087,2025-10-21 12:02:00,Delivered,Debit Card,Mobile Web,FEST10,0.0
510207,16795,2025-10-21 12:59:00,DELIVERED,UPI,Mobile App,,0.0
510208,16958,2025-10-21 13:37:00,Cancelled,Net Banking,Mobile App,WELCOME15,0.0
510209,13586,2025-10-21 13:43:00,Delivered,Debit Card,Desktop,,0.0
510210,14627,2025-10-21 13:59:00,Delivered,Upi,Desktop,SAVE5,0.0
510211,10351,2025-10-21 15:02:00,DELIVERED,UPI,Mobile Web,FEST10,0.0
510212,14861,2025-10-21 15:51:00,Delivered,UPI,Mobile App,FEST10,0.0
510213,14213,2025-10-21 16:36:00,Delivered,UPI,Mobile App,FEST10,0.0
510214,14628,2025-10-21 16:51:00,Delivered,UPI,Mobile App,,0.0
510215,14763,2025-10-21 16:51:00,Delivered,UPI,Mobile App,FEST10,0.0
510216,14116,2025-10-21 17:01:00,Returned,Upi,Mobile App,FEST10,0.0
510217,16251,2025-10-21 17:03:00,Delivered,Credit Card,Mobile Web,FEST10,0.0
510218,11677,2025-10-21 17:50:00,Delivered,Debit Card,Desktop,,0.0
510219,16860,2025-10-21 17:51:00,Delivered,Cash on Delivery,Mobile App,WELCOME15,0.0
510220,11888,2025-10-21 18:05:00,Returned,UPI,Mobile App,,0.0
510221,16959,2025-10-21 18:21:00,Delivered,UPI,Mobile App,FEST10,0.0
510222,16330,2025-10-21 19:44:00,delivered ,UPI,Mobile App,FEST10,0.0
510223,16835,2025-10-21 20:44:00,Returned,Cash on Delivery,Mobile Web,FEST10,0.0
510224,14646,2025-10-21 20:55:00,Delivered,credit card,Mobile Web,FEST10,0.0
510225,15530,2025-10-21 21:22:00,Delivered,Credit Card,Mobile Web,,0.0
510226,12579,2025-10-21 21:40:00,delivered ,credit card,Desktop,,0.0
510227,14715,2025-10-21 21:46:00,Delivered,UPI,Desktop,FEST10,0.0
510228,14295,2025-10-21 21:56:00,Delivered,upi,Mobile Web,FEST10,0.0
510229,15480,2025-10-21 22:12:00,Delivered,UPI,Mobile App,FEST10,0.0
510230,16928,2025-10-21 22:20:00,Delivered,Debit Card,Mobile App,FEST10,0.0
510231,16505,2025-10-21 23:49:00,Delivered,UPI,Mobile App,,0.0
510232,12600,2025-10-22 07:09:00,Delivered,UPI,Mobile Web,,0.0
510233,13928,2025-10-22 07:12:00,Returned,Debit Card,Mobile App,FEST10,0.0
510234,12499,2025-10-22 07:57:00,Cancelled,Debit Card,Desktop,,0.0
510235,15919,2025-10-22 08:39:00,Delivered,UPI,Desktop,FEST10,0.0
510236,16617,2025-10-22 08:57:00,Delivered,UPI,Mobile App,FEST10,0.0
510237,11480,2025-10-22 09:06:00,Delivered,UPI,Mobile Web,FEST10,0.0
510238,13353,2025-10-22 10:19:00,Delivered,Cash on Delivery,Mobile App,FEST10,0.0
510239,11197,2025-10-22 10:56:00,Delivered,UPI,Mobile Web,FEST10,0.0
510240,12478,2025-10-22 11:08:00,DELIVERED,Cash on Delivery,Desktop,,0.0
510241,15807,2025-10-22 11:33:00,Delivered,Net Banking,Mobile Web,FEST10,0.0
510242,15620,2025-10-22 12:36:00,Delivered,Net Banking,Mobile Web,,0.0
510243,16898,2025-10-22 13:17:00,Delivered,UPI,Mobile App,,0.0
510244,15186,2025-10-22 15:05:00,DELIVERED,Net Banking,Desktop,FEST10,0.0
510245,16927,2025-10-22 15:20:00,DELIVERED,Cash on Delivery,Mobile Web,FEST10,0.0
510246,16770,2025-10-22 15:31:00,Delivered,Upi,Mobile Web,,0.0
510247,16850,2025-10-22 15:42:00,Delivered,UPI,Desktop,WELCOME15,0.0
510248,16848,2025-10-22 16:03:00,Delivered,UPI,Mobile Web,,0.0
510249,16889,2025-10-22 17:37:00,DELIVERED,cod,Mobile App,FEST10,0.0
510250,16179,2025-10-22 17:58:00,Delivered,upi,Mobile Web,FEST10,0.0
510251,15108,2025-10-22 18:21:00,DELIVERED,Upi,Mobile Web,FEST10,0.0
510252,15773,2025-10-22 18:35:00,DELIVERED,Credit Card,Mobile App,FEST10,0.0
510253,16581,2025-10-22 18:53:00,Cancelled,DC,Desktop,FEST10,0.0
510254,10805,2025-10-22 18:54:00,DELIVERED,Credit Card,Mobile App,FEST10,0.0
510255,16818,2025-10-22 19:29:00,Delivered,upi,Desktop,WELCOME15,0.0
510256,10333,2025-10-22 19:46:00,Delivered,UPI,Mobile Web,FEST10,0.0
510257,16134,2025-10-22 20:57:00,Delivered,UPI,Mobile App,FEST10,0.0
510258,14232,2025-10-22 21:19:00,Delivered,debit card,Mobile App,,0.0
510259,13825,2025-10-22 21:25:00,Delivered,UPI,Mobile Web,,0.0
510260,15442,2025-10-22 22:10:00,Delivered,UPI,Mobile App,,0.0
510261,16021,2025-10-22 22:52:00,Delivered,Credit Card,Mobile Web,,0.0
510262,16971,2025-10-22 23:07:00,Delivered,upi,Desktop,,0.0
510263,15739,2025-10-22 23:16:00,Delivered,UPI,Mobile Web,FEST10,0.0
510264,16856,2025-10-22 23:39:00,Delivered,UPI,Mobile Web,,0.0
510265,16866,2025-10-22 23:44:00,Delivered,UPI,Desktop,FEST10,0.0
510266,15992,2025-10-22 23:52:00,Returned,upi,Mobile Web,FEST10,0.0
510267,16146,2025-10-22 23:54:00,Delivered,Credit Card,Mobile App,,0.0
510268,13715,2025-10-23 07:05:00,Delivered,debit card,Desktop,FEST10,0.0
510269,13312,2025-10-23 07:17:00,delivered ,UPI,Desktop,,0.0
510270,16968,2025-10-23 07:50:00,Delivered,Upi,Desktop,WELCOME15,0.0
510271,11339,2025-10-23 08:38:00,Delivered,Net Banking,Mobile App,FEST10,0.0
510272,10281,2025-10-23 08:56:00,Delivered,Cash on Delivery,Mobile Web,FEST10,0.0
510273,16128,2025-10-23 10:05:00,Delivered,UPI,Mobile Web,FEST10,0.0
510274,12738,2025-10-23 10:13:00,Delivered,Credit Card,Mobile Web,FEST10,0.0
510275,11331,2025-10-23 10:31:00,Delivered,UPI,Mobile Web,,0.0
510276,16961,2025-10-23 10:42:00,Delivered,UPI,Mobile App,FEST10,0.0
510277,16429,2025-10-23 11:10:00,Delivered,Credit Card,Mobile App,FEST10,0.0
510278,16705,2025-10-23 11:13:00,Delivered,UPI,Desktop,FEST10,0.0
510278,16705,2025-10-23 11:13:00,Delivered,UPI,Desktop,FEST10,0.0
510279,10235,2025-10-23 11:19:00,Delivered,UPI,Mobile App,FEST10,0.0
510280,14225,2025-10-23 11:20:00,Delivered,Debit Card,Mobile Web,FEST10,0.0
510281,15997,2025-10-23 11:21:00,Delivered,UPI,Mobile Web,FEST10,0.0
510282,16711,2025-10-23 12:53:00,delivered ,cod,Desktop,FEST10,0.0
510283,12357,2025-10-23 14:10:00,Returned,Net Banking,Desktop,FEST10,0.0
510284,13002,2025-10-23 14:17:00,Cancelled,COD,Mobile App,FEST10,0.0
510285,16937,2025-10-23 14:19:00,Delivered,Debit Card,Mobile App,FEST10,0.0
510286,16940,2025-10-23 14:51:00,Delivered,Cash on Delivery,Mobile Web,WELCOME15,0.0
510287,10440,2025-10-23 15:55:00,delivered ,Cash on Delivery,Desktop,FEST10,49.0
510288,11198,2025-10-23 16:29:00,Returned,UPI,Mobile Web,FEST10,0.0
510289,15738,2025-10-23 17:01:00,Delivered,UPI,Mobile App,FEST10,0.0
510290,12536,2025-10-23 17:24:00,Delivered,Credit Card,Mobile App,,0.0
510291,11051,2025-10-23 17:26:00,Cancelled,upi,Mobile Web,FEST10,0.0
510292,16982,2025-10-23 17:32:00,Delivered,UPI,Mobile Web,FEST10,0.0
510293,16969,2025-10-23 18:40:00,Delivered,Net Banking,Mobile App,,0.0
510294,16851,2025-10-23 18:45:00,Delivered,Net Banking,Mobile Web,WELCOME15,0.0
510295,16973,2025-10-23 19:19:00,DELIVERED,UPI,Mobile App,FEST10,0.0
510296,16965,2025-10-23 19:33:00,DELIVERED,Cash on Delivery,Mobile App,,0.0
510296,16965,2025-10-23 19:33:00,DELIVERED,Cash on Delivery,Mobile App,,0.0
510297,16984,2025-10-23 19:44:00,delivered ,Debit Card,Desktop,,0.0
510298,16953,2025-10-23 19:44:00,delivered ,UPI,Mobile App,,0.0
510299,15660,2025-10-23 19:47:00,delivered ,Credit Card,Mobile App,FEST10,0.0
510300,15847,2025-10-23 20:13:00,delivered ,Cash on Delivery,Mobile Web,FEST10,0.0
510301,11812,2025-10-23 20:42:00,DELIVERED,Net Banking,Mobile App,,0.0
510302,16735,2025-10-23 21:16:00,DELIVERED,Credit Card,Mobile App,WELCOME15,49.0
510303,16031,2025-10-23 21:25:00,Cancelled,COD,Mobile App,FEST10,49.0
510304,16989,2025-10-23 21:44:00,Delivered,Cash on Delivery,Desktop,FEST10,0.0
510305,16917,2025-10-23 22:49:00,Delivered,upi,Mobile App,,0.0
510306,15880,2025-10-23 22:56:00,Delivered,UPI,Mobile App,FEST10,0.0
510307,16988,2025-10-23 23:00:00,Delivered,UPI,Mobile App,FEST10,0.0
510308,16637,2025-10-23 23:08:00,CANCELLED,Credit Card,Mobile App,FEST10,0.0
510309,16910,2025-10-23 23:18:00,Returned,Net Banking,Desktop,WELCOME15,0.0
510310,16944,2025-10-23 23:23:00,DELIVERED,Cash on Delivery,Desktop,FEST10,0.0
510311,15680,2025-10-23 23:24:00,RETURNED,Credit Card,Mobile Web,,0.0
510312,11062,2025-10-23 23:29:00,Delivered,Credit Card,Mobile Web,,0.0
510313,14667,2025-10-24 07:06:00,Delivered,debit card,Mobile App,FEST10,0.0
510314,16675,2025-10-24 07:13:00,Delivered,UPI,Mobile Web,,49.0
510315,13587,2025-10-24 07:14:00,Delivered,UPI,Mobile App,FEST10,0.0
510316,15567,2025-10-24 07:25:00,RETURNED,COD,Desktop,,49.0
510316,15567,2025-10-24 07:25:00,RETURNED,COD,Desktop,,49.0
510317,13019,2025-10-24 07:56:00,DELIVERED,Cash on Delivery,Mobile App,,0.0
510318,17004,2025-10-24 09:06:00,Delivered,UPI,Desktop,FEST10,0.0
510319,16906,2025-10-24 09:10:00,Delivered,Debit Card,Mobile App,FEST10,0.0
510320,15137,2025-10-24 09:16:00,Delivered,UPI,Mobile Web,FEST10,49.0
510321,15743,2025-10-24 09:27:00,Delivered,Debit Card,Mobile App,SAVE5,0.0
510322,10276,2025-10-24 09:30:00,Delivered,Net Banking,Mobile Web,FEST10,0.0
510323,15512,2025-10-24 10:32:00,delivered ,credit card,Mobile Web,,0.0
510324,16963,2025-10-24 10:48:00,Delivered,UPI,Desktop,FEST10,0.0
510325,16699,2025-10-24 11:18:00,Delivered,Debit Card,Mobile App,FEST10,49.0
510326,16288,2025-10-24 11:35:00,Delivered,Upi,Mobile App,,0.0
510327,13707,2025-10-24 11:39:00,DELIVERED,credit card,Mobile Web,FEST10,0.0
510328,17003,2025-10-24 11:48:00,Delivered,Upi,Mobile App,,0.0
510329,14486,2025-10-24 11:52:00,Delivered,UPI,Mobile Web,,0.0
510330,12518,2025-10-24 12:05:00,Delivered,Cash on Delivery,Desktop,FEST10,0.0
510331,16986,2025-10-24 12:33:00,CANCELLED,credit card,Desktop,,0.0
510332,13586,2025-10-24 12:42:00,Delivered,UPI,Mobile Web,FEST10,0.0
510333,12978,2025-10-24 12:57:00,Delivered,Credit Card,Desktop,,0.0
510334,13626,2025-10-24 13:00:00,Delivered,DC,Mobile Web,FEST10,0.0
510335,15226,2025-10-24 14:41:00,Delivered,upi,Desktop,FEST10,0.0
510336,15452,2025-10-24 14:43:00,delivered ,Upi,Desktop,,0.0
510337,11133,2025-10-24 15:09:00,Returned,UPI,Mobile App,FEST10,0.0
510338,16555,2025-10-24 15:24:00,Delivered,Credit Card,Desktop,FEST10,0.0
510339,16309,2025-10-24 15:34:00,Delivered,UPI,Desktop,,0.0
510340,15899,2025-10-24 15:44:00,Delivered,UPI,Desktop,,0.0
510341,16885,2025-10-24 16:07:00,Delivered,Upi,Mobile App,WELCOME15,0.0
510342,14735,2025-10-24 16:25:00,Delivered,Credit Card,Mobile App,FEST10,0.0
510343,16967,2025-10-24 16:54:00,Delivered,UPI,Mobile Web,WELCOME15,0.0
510344,11212,2025-10-24 18:01:00,Returned,upi,Desktop,FEST10,0.0
510345,16983,2025-10-24 19:38:00,DELIVERED,Upi,Mobile Web,,0.0
510346,10314,2025-10-24 19:59:00,Delivered,Upi,Mobile App,,0.0
510347,14814,2025-10-24 20:07:00,delivered ,Credit Card,Mobile App,,0.0
510348,11897,2025-10-24 20:24:00,DELIVERED,UPI,Mobile Web,,0.0
510349,12571,2025-10-24 20:27:00,Delivered,UPI,Mobile App,,0.0
510350,16890,2025-10-24 20:35:00,Delivered,Credit Card,Mobile App,FEST10,0.0
510351,16059,2025-10-24 20:40:00,Delivered,Net Banking,Desktop,,0.0
510352,16951,2025-10-24 21:17:00,Delivered,Cash on Delivery,Desktop,,0.0
510353,10121,2025-10-24 21:39:00,DELIVERED,Cash on Delivery,Mobile App,,0.0
510354,16966,2025-10-24 22:46:00,Cancelled,UPI,Mobile App,,0.0
510355,13479,2025-10-24 22:47:00,delivered ,UPI,Mobile App,FEST10,0.0
510356,17009,2025-10-24 22:59:00,Delivered,Credit Card,Mobile App,WELCOME15,0.0
510356,17009,2025-10-24 22:59:00,Delivered,Credit Card,Mobile App,WELCOME15,0.0
510357,13286,2025-10-24 23:00:00,DELIVERED,UPI,Mobile App,FEST10,0.0
510358,15071,2025-10-24 23:09:00,Delivered,UPI,Mobile App,FEST10,49.0
510359,16981,2025-10-24 23:32:00,Returned,Net Banking,Mobile App,WELCOME15,0.0
510360,16990,2025-10-25 07:01:00,Cancelled,UPI,Mobile Web,WELCOME15,0.0
510361,16993,2025-10-25 07:05:00,DELIVERED,UPI,Desktop,WELCOME15,0.0
510362,16945,2025-10-25 07:19:00,Delivered,Cash on Delivery,Mobile Web,WELCOME15,0.0
510363,16962,2025-10-25 07:56:00,Delivered,UPI,Mobile Web,SAVE5,0.0
510364,16545,2025-10-25 09:00:00,Delivered,UPI,Mobile Web,FEST10,0.0
510365,16950,2025-10-25 12:07:00,Delivered,UPI,Desktop,WELCOME15,0.0
510366,16830,2025-10-25 12:33:00,Delivered,Debit Card,Desktop,FEST10,0.0
510367,16858,2025-10-25 13:37:00,Delivered,Upi,Mobile App,WELCOME15,0.0
510368,15861,2025-10-25 14:02:00,delivered ,UPI,Mobile App,SAVE5,0.0
510369,16341,2025-10-25 14:33:00,Delivered,upi,Mobile Web,FEST10,0.0
510370,15808,2025-10-25 15:00:00,Delivered,Cash on Delivery,Mobile App,FEST10,0.0
510371,17025,2025-10-25 15:32:00,Returned,Credit Card,Mobile App,WELCOME15,0.0
510372,15560,2025-10-25 16:08:00,Delivered,Credit Card,Mobile App,FEST10,0.0
510373,16977,2025-10-25 18:11:00,Delivered,DC,Desktop,FEST10,0.0
510374,16994,2025-10-25 19:41:00,Delivered,UPI,Desktop,FEST10,0.0
510375,16948,2025-10-25 19:58:00,Delivered,Net Banking,Mobile Web,WELCOME15,0.0
510376,15947,2025-10-25 20:00:00,Returned,COD,Mobile App,FEST10,0.0
510377,16863,2025-10-25 20:05:00,DELIVERED,Debit Card,Desktop,FEST10,0.0
510378,16976,2025-10-25 20:33:00,Delivered,UPI,Mobile App,WELCOME15,0.0
510379,17030,2025-10-25 20:55:00,DELIVERED,cod,Mobile App,FEST10,0.0
510380,13685,2025-10-25 21:09:00,Delivered,UPI,Mobile App,FEST10,0.0
510381,13263,2025-10-25 21:21:00,Delivered,UPI,Mobile App,,0.0
510382,13378,2025-10-25 21:27:00,delivered ,UPI,Mobile App,,0.0
510383,17016,2025-10-25 22:09:00,Delivered,Net Banking,Mobile App,,0.0
510384,16084,2025-10-25 22:19:00,DELIVERED,DC,Mobile App,FEST10,0.0
510385,16807,2025-10-26 07:25:00,returned ,UPI,Mobile Web,,0.0
510386,17010,2025-10-26 07:48:00,Delivered,Cash on Delivery,Mobile Web,,0.0
510387,16954,2025-10-26 08:16:00,Delivered,UPI,Mobile App,WELCOME15,0.0
510388,17024,2025-10-26 09:08:00,Delivered,UPI,Mobile Web,WELCOME15,0.0
510389,16949,2025-10-26 10:00:00,Delivered,Net Banking,Mobile Web,,0.0
510390,16776,2025-10-26 11:13:00,DELIVERED,UPI,Mobile Web,SAVE5,0.0
510391,13940,2025-10-26 12:19:00,Delivered,debit card,Mobile App,,0.0
510392,10696,2025-10-26 13:11:00,DELIVERED,UPI,Mobile App,,0.0
510393,14573,2025-10-26 13:43:00,Delivered,UPI,Mobile Web,,0.0
510394,16719,2025-10-26 14:07:00,Delivered,Debit Card,Mobile App,,0.0
510395,17014,2025-10-26 14:12:00,Delivered,UPI,Desktop,,0.0
510396,16857,2025-10-26 14:13:00,Delivered,Credit Card,Mobile App,WELCOME15,0.0
510397,16313,2025-10-26 14:27:00,Delivered,UPI,Mobile App,,0.0
510398,16455,2025-10-26 14:47:00,DELIVERED,Net Banking,Mobile App,,0.0
510399,17029,2025-10-26 15:30:00,Returned,UPI,Mobile App,,0.0
510400,16918,2025-10-26 17:01:00,Delivered,UPI,Desktop,,0.0
510401,11257,2025-10-26 17:08:00,Delivered,Credit Card,Mobile App,,0.0
510402,16133,2025-10-26 17:13:00,DELIVERED,Credit Card,Mobile Web,,0.0
510403,15888,2025-10-26 17:28:00,Delivered,UPI,Mobile App,,0.0
510404,13094,2025-10-26 17:59:00,Delivered,Upi,Mobile App,,49.0
510405,16907,2025-10-26 18:09:00,Returned,UPI,Mobile App,WELCOME15,49.0
510406,17048,2025-10-26 18:09:00,Delivered,UPI,Mobile App,WELCOME15,0.0
510407,16912,2025-10-26 19:16:00,Delivered,Net Banking,Mobile Web,WELCOME15,0.0
510408,16435,2025-10-26 19:57:00,Delivered,Cash on Delivery,Mobile App,,0.0
510409,13668,2025-10-26 20:27:00,Delivered,Net Banking,Mobile App,,0.0
510410,15564,2025-10-26 20:31:00,Delivered,UPI,Mobile App,,0.0
510411,16979,2025-10-26 20:31:00,Returned,CC,Mobile App,,0.0
510411,16979,2025-10-26 20:31:00,Returned,CC,Mobile App,,0.0
510412,15058,2025-10-26 21:59:00,Delivered,UPI,Mobile App,,0.0
510413,10275,2025-10-26 23:21:00,Delivered,UPI,Mobile Web,,0.0
510414,15950,2025-10-26 23:25:00,Delivered,Credit Card,Mobile Web,,0.0
510415,16802,2025-10-26 23:50:00,DELIVERED,UPI,Mobile App,,0.0
510416,16259,2025-10-27 07:07:00,Delivered,Debit Card,Mobile App,,49.0
510417,17036,2025-10-27 07:48:00,Delivered,Net Banking,Mobile Web,WELCOME15,0.0
510418,13008,2025-10-27 08:55:00,Delivered,UPI,Desktop,,0.0
510419,16608,2025-10-27 09:27:00,Delivered,CC,Desktop,,0.0
510420,16913,2025-10-27 09:30:00,Delivered,Debit Card,Desktop,,0.0
510421,16922,2025-10-27 11:27:00,DELIVERED,Debit Card,Mobile App,WELCOME15,49.0
510422,17042,2025-10-27 11:36:00,Delivered,UPI,Mobile Web,,0.0
510423,16036,2025-10-27 11:55:00,DELIVERED,Debit Card,Mobile Web,,49.0
510424,17044,2025-10-27 12:29:00,Delivered,Cash on Delivery,Mobile App,,0.0
510425,12516,2025-10-27 13:34:00,Delivered,cod,Mobile App,,0.0
510426,16743,2025-10-27 14:08:00,Returned,UPI,Mobile App,,0.0
510427,16960,2025-10-27 14:29:00,Delivered,Cash on Delivery,Desktop,WELCOME15,0.0
510428,17052,2025-10-27 14:59:00,Delivered,cod,Mobile App,WELCOME15,0.0
510429,16957,2025-10-27 15:34:00,Returned,cod,Mobile App,,0.0
510430,17057,2025-10-27 16:04:00,Delivered,upi,Desktop,,0.0
510431,17067,2025-10-27 16:14:00,Cancelled,Debit Card,Mobile Web,,0.0
510432,16921,2025-10-27 16:48:00,Delivered,upi,Mobile App,WELCOME15,0.0
510433,17040,2025-10-27 17:00:00,Delivered,debit card,Mobile App,,0.0
510434,16995,2025-10-27 17:54:00,Delivered,CC,Mobile Web,,49.0
510435,17001,2025-10-27 18:07:00,Delivered,UPI,Mobile App,,49.0
510436,15894,2025-10-27 18:43:00,delivered ,Credit Card,Mobile Web,,0.0
510437,17032,2025-10-27 18:46:00,Delivered,upi,Mobile App,WELCOME15,0.0
510438,16991,2025-10-27 20:04:00,Delivered,Cash on Delivery,Mobile App,WELCOME15,0.0
510439,13402,2025-10-27 20:32:00,Delivered,UPI,Mobile App,,0.0
510440,16908,2025-10-27 21:05:00,Delivered,UPI,Mobile App,,0.0
510441,16929,2025-10-27 21:05:00,Delivered,UPI,Desktop,WELCOME15,0.0
510442,14960,2025-10-27 21:12:00,DELIVERED,UPI,Mobile App,,0.0
510443,16182,2025-10-27 22:17:00,Delivered,UPI,Desktop,,0.0
510444,16938,2025-10-27 23:31:00,Returned,credit card,Desktop,WELCOME15,0.0
510445,17013,2025-10-27 23:52:00,delivered ,UPI,Mobile App,WELCOME15,49.0
510446,16176,2025-10-28 07:47:00,Delivered,Credit Card,Mobile App,,0.0
510447,17015,2025-10-28 08:48:00,Delivered,UPI,Desktop,WELCOME15,0.0
510448,16985,2025-10-28 09:24:00,Delivered,UPI,Desktop,,0.0
510449,17075,2025-10-28 09:54:00,delivered ,Debit Card,Mobile App,,0.0
510450,17072,2025-10-28 11:08:00,Delivered,Upi,Mobile Web,,0.0
510451,16590,2025-10-28 11:15:00,Delivered,UPI,Mobile App,,0.0
510452,16952,2025-10-28 11:16:00,Delivered,credit card,Mobile App,WELCOME15,0.0
510453,16684,2025-10-28 13:06:00,Delivered,Credit Card,Mobile Web,,0.0
510454,17020,2025-10-28 15:09:00,Delivered,Cash On Delivery,Mobile Web,SAVE5,0.0
510455,17050,2025-10-28 16:15:00,Delivered,UPI,Mobile App,,0.0
510456,17069,2025-10-28 18:41:00,cancelled ,Cash on Delivery,Mobile Web,,0.0
510457,17079,2025-10-28 21:17:00,Delivered,upi,Desktop,,0.0
510458,16693,2025-10-28 21:23:00,Delivered,Debit Card,Mobile App,,0.0
510459,16843,2025-10-28 22:04:00,delivered ,Cash on Delivery,Mobile Web,WELCOME15,0.0
510460,17077,2025-10-28 23:25:00,DELIVERED,Cash on Delivery,Mobile App,,0.0
510461,16730,2025-10-29 07:00:00,Returned,Net Banking,Mobile App,WELCOME15,0.0
510462,15444,2025-10-29 07:20:00,Delivered,Credit Card,Mobile App,,0.0
510463,17045,2025-10-29 09:39:00,Delivered,Credit Card,Mobile Web,WELCOME15,0.0
510464,16978,2025-10-29 09:55:00,Cancelled,UPI,Mobile App,WELCOME15,0.0
510465,17023,2025-10-29 11:37:00,Returned,UPI,Mobile App,,0.0
510466,15181,2025-10-29 12:27:00,Delivered,UPI,Mobile App,,0.0
510467,11967,2025-10-29 13:28:00,Delivered,Cash on Delivery,Mobile App,,0.0
510468,17005,2025-10-29 13:51:00,Delivered,Debit Card,Mobile Web,WELCOME15,0.0
510469,17059,2025-10-29 14:28:00,Delivered,Credit Card,Mobile App,WELCOME15,49.0
510470,17095,2025-10-29 15:23:00,Delivered,COD,Mobile App,,49.0
510471,17041,2025-10-29 17:58:00,Delivered,UPI,Mobile App,WELCOME15,0.0
510472,17038,2025-10-29 18:11:00,delivered ,Cash on Delivery,Mobile App,WELCOME15,0.0
510473,17051,2025-10-29 19:32:00,Delivered,Credit Card,Mobile Web,WELCOME15,49.0
510474,14291,2025-10-29 20:00:00,Delivered,credit card,Mobile App,,0.0
510475,17018,2025-10-29 20:44:00,Delivered,COD,Mobile App,,0.0
510476,17076,2025-10-29 23:20:00,DELIVERED,UPI,Mobile App,,0.0
510477,16999,2025-10-29 23:48:00,Returned,UPI,Desktop,WELCOME15,0.0
510478,17034,2025-10-30 07:04:00,DELIVERED,upi,Mobile App,WELCOME15,0.0
510479,17043,2025-10-30 07:06:00,DELIVERED,UPI,Desktop,WELCOME15,0.0
510480,15773,2025-10-30 07:59:00,Returned,UPI,Mobile Web,,0.0
510481,15157,2025-10-30 08:44:00,Delivered,Cash on Delivery,Mobile App,,0.0
510482,16936,2025-10-30 10:29:00,Delivered,UPI,Mobile Web,WELCOME15,49.0
510483,16924,2025-10-30 11:28:00,Delivered,UPI,Mobile App,,0.0
510484,16972,2025-10-30 12:11:00,Delivered,UPI,Mobile App,WELCOME15,0.0
510485,17056,2025-10-30 12:35:00,delivered ,UPI,Mobile Web,,0.0
510486,17035,2025-10-30 12:50:00,Delivered,UPI,Desktop,WELCOME15,0.0
510487,16036,2025-10-30 13:00:00,Delivered,UPI,Mobile App,,0.0
510488,15184,2025-10-30 13:12:00,Delivered,Upi,Desktop,,0.0
510489,16598,2025-10-30 14:42:00,Delivered,Credit Card,Mobile App,,0.0
510490,17006,2025-10-30 14:50:00,Delivered,Cash on Delivery,Mobile Web,WELCOME15,49.0
510491,16359,2025-10-30 15:03:00,DELIVERED,UPI,Mobile App,,0.0
510492,17054,2025-10-30 15:48:00,DELIVERED,UPI,Mobile Web,WELCOME15,0.0
510493,17078,2025-10-30 16:02:00,Delivered,UPI,Mobile App,WELCOME15,0.0
510494,12661,2025-10-30 16:39:00,Returned,UPI,Mobile App,,0.0
510495,17106,2025-10-30 16:58:00,DELIVERED,UPI,Mobile App,WELCOME15,0.0
510496,17094,2025-10-30 18:42:00,Delivered,Credit Card,Mobile App,,0.0
510497,16593,2025-10-30 19:52:00,Delivered,UPI,Mobile App,,0.0
510498,16821,2025-10-30 19:56:00,Delivered,UPI,Mobile Web,,0.0
510499,17099,2025-10-30 19:58:00,delivered ,UPI,Mobile App,WELCOME15,0.0
510500,17031,2025-10-30 20:08:00,returned ,UPI,Mobile App,,0.0
510501,17089,2025-10-30 21:34:00,Delivered,Debit Card,Mobile Web,WELCOME15,0.0
510502,15392,2025-10-30 22:55:00,Cancelled,UPI,Mobile Web,,0.0
510503,12191,2025-10-30 23:43:00,Delivered,Cash on Delivery,Mobile App,,0.0
510504,16822,2025-10-31 08:37:00,DELIVERED,UPI,Mobile App,,0.0
510505,17022,2025-10-31 09:05:00,DELIVERED,UPI,Mobile App,,0.0
510506,17104,2025-10-31 10:14:00,Delivered,Cash on Delivery,Mobile App,WELCOME15,0.0
510507,13700,2025-10-31 11:01:00,Cancelled,DC,Mobile Web,,0.0
510508,15921,2025-10-31 11:08:00,Delivered,UPI,Mobile App,,0.0
510509,17021,2025-10-31 11:31:00,Delivered,UPI,Mobile App,SAVE5,0.0
510510,17081,2025-10-31 11:51:00,Delivered,Credit Card,Mobile App,,0.0
510511,17082,2025-10-31 12:25:00,CANCELLED,Credit Card,Mobile Web,WELCOME15,49.0
510512,17091,2025-10-31 12:39:00,Delivered,UPI,Mobile Web,WELCOME15,0.0
510513,15807,2025-10-31 14:11:00,DELIVERED,UPI,Mobile App,,0.0
510514,17073,2025-10-31 14:16:00,Delivered,Cash on Delivery,Mobile App,WELCOME15,0.0
510515,16810,2025-10-31 14:30:00,DELIVERED,Net Banking,Mobile Web,WELCOME15,0.0
510516,17047,2025-10-31 15:40:00,returned ,Debit Card,Mobile Web,,0.0
510517,16927,2025-10-31 18:03:00,Delivered,Cash on Delivery,Mobile App,,49.0
510518,17086,2025-10-31 18:14:00,Cancelled,CC,Mobile App,,0.0
510519,16011,2025-10-31 18:34:00,Delivered,Net Banking,Mobile Web,,0.0
510520,17096,2025-10-31 19:43:00,DELIVERED,upi,Mobile App,,0.0
510521,12309,2025-10-31 21:25:00,Delivered,UPI,Mobile Web,,0.0
510522,17118,2025-10-31 21:46:00,DELIVERED,UPI,Mobile Web,WELCOME15,0.0
510523,14778,2025-10-31 21:56:00,Delivered,Cash on Delivery,Mobile Web,,0.0
510524,16757,2025-10-31 22:35:00,Delivered,Cash on Delivery,Desktop,,0.0
510525,17111,2025-10-31 22:52:00,Delivered,Credit Card,Mobile App,,0.0
510526,17092,2025-11-01 07:14:00,Delivered,UPI,Mobile App,,0.0
510527,12503,2025-11-01 09:02:00,Returned,COD,Desktop,,0.0
510528,15379,2025-11-01 10:31:00,Delivered,UPI,Mobile App,,0.0
510529,17064,2025-11-01 11:20:00,Delivered,Cash on Delivery,Mobile App,,0.0
510530,17071,2025-11-01 12:04:00,Delivered,UPI,Mobile App,,0.0
510531,17134,2025-11-01 13:11:00,Delivered,Credit Card,Mobile App,WELCOME15,0.0
510532,17068,2025-11-01 14:06:00,Cancelled,UPI,Mobile App,WELCOME15,0.0
510533,17131,2025-11-01 14:14:00,RETURNED,Credit Card,Mobile App,WELCOME15,0.0
510534,16826,2025-11-01 14:34:00,Delivered,Credit Card,Mobile Web,SAVE5,0.0
510535,17116,2025-11-01 16:20:00,DELIVERED,upi,Mobile Web,WELCOME15,0.0
510536,16596,2025-11-01 16:27:00,Delivered,Cash on Delivery,Mobile App,,0.0
510537,16695,2025-11-01 22:16:00,Delivered,Credit Card,Desktop,,0.0
510538,15626,2025-11-01 22:29:00,Returned,UPI,Mobile Web,,0.0
510539,17061,2025-11-01 22:34:00,DELIVERED,Cash on Delivery,Mobile Web,WELCOME15,0.0
510540,17107,2025-11-01 22:43:00,DELIVERED,UPI,Desktop,WELCOME15,0.0
510541,14568,2025-11-01 23:38:00,Delivered,UPI,Mobile App,,0.0
510542,17074,2025-11-01 23:48:00,Delivered,Cash on Delivery,Desktop,,0.0
510543,17127,2025-11-01 23:59:00,delivered ,Credit Card,Mobile App,WELCOME15,0.0
510544,16168,2025-11-02 08:08:00,Delivered,UPI,Mobile Web,,0.0
510545,17097,2025-11-02 08:14:00,Delivered,Cash on Delivery,Mobile Web,,0.0
510546,17110,2025-11-02 08:40:00,Delivered,DC,Desktop,WELCOME15,49.0
510547,17128,2025-11-02 08:51:00,DELIVERED,Net Banking,Desktop,,0.0
510548,16227,2025-11-02 09:04:00,Delivered,COD,Mobile App,,0.0
510549,15858,2025-11-02 09:45:00,CANCELLED,Cash on Delivery,Mobile App,SAVE5,0.0
510550,17062,2025-11-02 09:58:00,Delivered,Cash on Delivery,Mobile App,,49.0
510551,17113,2025-11-02 11:05:00,Delivered,Credit Card,Mobile App,SAVE5,0.0
510552,15705,2025-11-02 11:22:00,Cancelled,Cash on Delivery,Mobile App,,0.0
510553,15405,2025-11-02 11:52:00,Delivered,UPI,Desktop,,0.0
510554,16375,2025-11-02 12:27:00,Delivered,Cash on Delivery,Mobile App,,0.0
510555,17150,2025-11-02 12:35:00,Delivered,UPI,Mobile App,SAVE5,0.0
510556,13588,2025-11-02 12:55:00,Delivered,upi,Mobile Web,,0.0
510557,17063,2025-11-02 13:21:00,CANCELLED,Cash on Delivery,Mobile App,,0.0
510558,17115,2025-11-02 15:05:00,Delivered,UPI,Mobile App,WELCOME15,0.0
510559,17144,2025-11-02 16:29:00,DELIVERED,Cash on Delivery,Mobile App,SAVE5,0.0
510560,17155,2025-11-02 17:36:00,Delivered,DC,Mobile App,,0.0
510561,13506,2025-11-02 19:02:00,Delivered,UPI,Mobile App,,0.0
510562,17011,2025-11-02 20:54:00,Delivered,Cash on Delivery,Mobile App,,0.0
510563,16682,2025-11-02 21:14:00,DELIVERED,UPI,Mobile App,,0.0
510564,15922,2025-11-02 21:42:00,Delivered,UPI,Mobile Web,,0.0
510565,14329,2025-11-02 22:55:00,Delivered,Net Banking,Desktop,,0.0
510566,17012,2025-11-02 23:10:00,Delivered,Cash on Delivery,Desktop,WELCOME15,0.0
510567,17151,2025-11-02 23:22:00,DELIVERED,Net Banking,Mobile App,,0.0
510568,17157,2025-11-03 07:09:00,delivered ,Cash on Delivery,Desktop,,49.0
510569,17149,2025-11-03 07:17:00,Delivered,Credit Card,Mobile Web,WELCOME15,0.0
510570,17101,2025-11-03 07:27:00,DELIVERED,Cash On Delivery,Mobile App,,0.0
510571,17109,2025-11-03 08:32:00,RETURNED,CC,Mobile App,,0.0
510572,16081,2025-11-03 11:09:00,Delivered,UPI,Mobile App,,0.0
510573,15801,2025-11-03 11:14:00,Delivered,Debit Card,Mobile Web,,0.0
510574,17002,2025-11-03 12:13:00,returned ,UPI,Mobile App,WELCOME15,0.0
510575,16163,2025-11-03 13:00:00,Delivered,UPI,Mobile App,,0.0
510576,15186,2025-11-03 13:38:00,CANCELLED,Debit Card,Mobile Web,,0.0
510577,17058,2025-11-03 14:36:00,Returned,credit card,Mobile App,WELCOME15,0.0
510578,17173,2025-11-03 15:35:00,Delivered,Upi,Mobile Web,WELCOME15,0.0
510579,14056,2025-11-03 16:12:00,Delivered,UPI,Mobile App,,0.0
510580,16934,2025-11-03 16:18:00,Delivered,Upi,Mobile App,,0.0
510581,17171,2025-11-03 16:53:00,Delivered,UPI,Mobile App,WELCOME15,0.0
510582,16473,2025-11-03 17:10:00,Returned,UPI,Mobile App,,0.0
510582,16473,2025-11-03 17:10:00,Returned,UPI,Mobile App,,0.0
510583,14486,2025-11-03 17:57:00,Delivered,Credit Card,Mobile Web,,0.0
510584,17089,2025-11-03 18:30:00,Delivered,UPI,Mobile App,,49.0
510585,17126,2025-11-03 19:13:00,delivered ,Cash on Delivery,Mobile Web,,0.0
510586,17117,2025-11-03 20:50:00,Delivered,Net Banking,Mobile App,,49.0
510587,17166,2025-11-03 21:02:00,Cancelled,UPI,Desktop,,0.0
510588,16422,2025-11-03 22:00:00,delivered ,UPI,Desktop,,49.0
510589,12579,2025-11-03 22:15:00,Cancelled,UPI,Desktop,,0.0
510590,15977,2025-11-04 07:19:00,DELIVERED,Debit Card,Mobile App,,0.0
510591,17145,2025-11-04 07:58:00,Delivered,Cash on Delivery,Mobile Web,WELCOME15,0.0
510592,17037,2025-11-04 08:38:00,DELIVERED,CC,Mobile App,,0.0
510593,17087,2025-11-04 09:19:00,Delivered,UPI,Mobile Web,,49.0
510594,17114,2025-11-04 09:34:00,Delivered,upi,Mobile App,,0.0
510595,17161,2025-11-04 09:40:00,Delivered,UPI,Mobile Web,,0.0
510596,16608,2025-11-04 10:14:00,delivered ,Upi,Desktop,SAVE5,0.0
510597,16396,2025-11-04 10:25:00,Delivered,UPI,Mobile Web,,0.0
510598,17179,2025-11-04 10:26:00,RETURNED,UPI,Mobile App,WELCOME15,0.0
510599,16777,2025-11-04 10:37:00,delivered ,UPI,Desktop,,0.0
510600,13167,2025-11-04 10:52:00,Delivered,UPI,Mobile App,,0.0
510601,17093,2025-11-04 11:12:00,Delivered,UPI,Mobile Web,,0.0
510602,12008,2025-11-04 11:18:00,Delivered,Credit Card,Desktop,,0.0
510603,17065,2025-11-04 11:44:00,Delivered,Cash on Delivery,Mobile App,,0.0
510604,16505,2025-11-04 12:57:00,CANCELLED,Cash on Delivery,Desktop,,0.0
510605,16677,2025-11-04 15:17:00,DELIVERED,Credit Card,Mobile App,,0.0
510606,17152,2025-11-04 15:30:00,Cancelled,UPI,Mobile App,WELCOME15,0.0
510607,17083,2025-11-04 15:46:00,DELIVERED,Net Banking,Mobile Web,WELCOME15,0.0
510608,17182,2025-11-04 15:50:00,Delivered,Cash on Delivery,Mobile App,,49.0
510609,17154,2025-11-04 17:29:00,delivered ,UPI,Desktop,,0.0
510610,13348,2025-11-04 18:31:00,Delivered,Credit Card,Desktop,,0.0
510610,13348,2025-11-04 18:31:00,Delivered,Credit Card,Desktop,,0.0
510611,17146,2025-11-04 18:44:00,DELIVERED,Cash on Delivery,Mobile App,SAVE5,0.0
510612,17133,2025-11-04 20:32:00,Delivered,UPI,Mobile App,WELCOME15,0.0
510613,17176,2025-11-04 21:00:00,Delivered,upi,Mobile App,,0.0
510614,10075,2025-11-04 21:17:00,Delivered,UPI,Mobile Web,,0.0
510615,13476,2025-11-04 22:01:00,Returned,Credit Card,Mobile App,SAVE5,0.0
510616,17185,2025-11-04 22:55:00,Delivered,Credit Card,Desktop,,0.0
510617,17102,2025-11-05 09:48:00,Delivered,Cash on Delivery,Mobile Web,SAVE5,0.0
510618,17193,2025-11-05 09:55:00,Delivered,UPI,Mobile Web,,0.0
510619,17142,2025-11-05 10:11:00,Delivered,UPI,Mobile Web,,0.0
510620,17105,2025-11-05 10:51:00,Delivered,Cash on Delivery,Mobile App,,0.0
510621,17004,2025-11-05 13:29:00,returned ,UPI,Mobile Web,,0.0
510622,17178,2025-11-05 14:17:00,delivered ,UPI,Mobile Web,WELCOME15,0.0
510623,17200,2025-11-05 14:46:00,DELIVERED,Cash on Delivery,Mobile App,,0.0
510624,17130,2025-11-05 14:59:00,DELIVERED,Net Banking,Mobile Web,WELCOME15,0.0
510625,17181,2025-11-05 16:00:00,Delivered,Net Banking,Mobile App,,0.0
510626,16029,2025-11-05 16:42:00,Delivered,UPI,Mobile App,,0.0
510627,17183,2025-11-05 17:10:00,delivered ,UPI,Mobile App,WELCOME15,0.0
510628,16729,2025-11-05 17:19:00,delivered ,UPI,Mobile App,,0.0
510629,15763,2025-11-05 17:34:00,Delivered,Net Banking,Mobile Web,,0.0
510630,16860,2025-11-05 17:55:00,Delivered,Upi,Mobile Web,SAVE5,0.0
510631,17153,2025-11-05 18:27:00,Returned,Credit Card,Mobile Web,,0.0
510632,15577,2025-11-05 19:27:00,Delivered,UPI,Mobile App,,0.0
510633,15945,2025-11-05 19:55:00,Delivered,UPI,Desktop,,0.0
510634,16318,2025-11-05 20:23:00,Delivered,Credit Card,Mobile App,,0.0
510635,14666,2025-11-05 20:37:00,delivered ,Credit Card,Mobile App,,49.0
510636,17158,2025-11-05 22:43:00,Delivered,Net Banking,Mobile App,WELCOME15,0.0
510637,17170,2025-11-05 22:48:00,Delivered,Net Banking,Mobile Web,,0.0
510638,17169,2025-11-05 22:57:00,Delivered,Cash on Delivery,Desktop,WELCOME15,0.0
510639,17188,2025-11-05 23:45:00,Delivered,Credit Card,Mobile App,,0.0
510640,17156,2025-11-05 23:47:00,Delivered,Cash On Delivery,Mobile App,WELCOME15,0.0
510641,17213,2025-11-06 07:45:00,Delivered,Credit Card,Desktop,WELCOME15,49.0
510642,16380,2025-11-06 08:44:00,Delivered,upi,Mobile App,,0.0
510643,17174,2025-11-06 12:38:00,RETURNED,UPI,Desktop,WELCOME15,49.0
510644,17148,2025-11-06 13:46:00,Delivered,UPI,Mobile App,,0.0
510645,15224,2025-11-06 13:46:00,Delivered,UPI,Mobile App,,0.0
510646,17194,2025-11-06 14:46:00,Delivered,Cash on Delivery,Desktop,WELCOME15,0.0
510647,17198,2025-11-06 15:50:00,Delivered,Cash on Delivery,Desktop,,0.0
510648,14860,2025-11-06 16:18:00,Delivered,UPI,Mobile App,,0.0
510649,16026,2025-11-06 17:28:00,Delivered,Credit Card,Desktop,,0.0
510650,14781,2025-11-06 18:48:00,Delivered,Cash on Delivery,Mobile App,,0.0
510651,17201,2025-11-06 19:50:00,Delivered,UPI,Mobile Web,SAVE5,0.0
510652,16936,2025-11-06 19:54:00,DELIVERED,UPI,Mobile App,,0.0
510653,17191,2025-11-06 20:41:00,Delivered,UPI,Mobile Web,,0.0
510654,17157,2025-11-06 20:47:00,DELIVERED,Cash on Delivery,Desktop,,0.0
510655,17189,2025-11-06 20:55:00,Delivered,UPI,Mobile App,,0.0
510656,16928,2025-11-06 22:18:00,delivered ,Upi,Mobile App,SAVE5,0.0
510657,15316,2025-11-06 23:36:00,Delivered,UPI,Desktop,,49.0
510658,17139,2025-11-06 23:56:00,Delivered,Upi,Mobile App,WELCOME15,0.0
510659,16899,2025-11-07 07:14:00,Delivered,Credit Card,Mobile Web,,0.0
510660,14251,2025-11-07 07:51:00,Delivered,UPI,Mobile App,,0.0
510661,16014,2025-11-07 09:04:00,Delivered,upi,Desktop,,0.0
510662,17206,2025-11-07 09:15:00,DELIVERED,Net Banking,Mobile App,,0.0
510663,17225,2025-11-07 09:50:00,DELIVERED,UPI,Mobile Web,WELCOME15,0.0
510664,11967,2025-11-07 11:08:00,Returned,Cash on Delivery,Mobile Web,,0.0
510665,17124,2025-11-07 11:51:00,DELIVERED,Net Banking,Mobile Web,,49.0
510666,17216,2025-11-07 12:04:00,DELIVERED,Cash on Delivery,Mobile Web,WELCOME15,0.0
510667,17227,2025-11-07 12:28:00,Delivered,UPI,Mobile App,SAVE5,49.0
510668,17226,2025-11-07 12:33:00,Delivered,Upi,Mobile Web,,49.0
510669,15964,2025-11-07 12:43:00,Delivered,Net Banking,Mobile App,,0.0
510670,17214,2025-11-07 12:55:00,Delivered,UPI,Mobile App,,0.0
510671,17209,2025-11-07 13:08:00,Delivered,UPI,Mobile App,WELCOME15,0.0
510672,12808,2025-11-07 14:54:00,Delivered,Net Banking,Mobile App,,0.0
510673,16989,2025-11-07 15:18:00,Delivered,cod,Mobile App,,0.0
510674,17103,2025-11-07 15:36:00,delivered ,UPI,Mobile Web,,0.0
510675,17203,2025-11-07 16:02:00,delivered ,Upi,Mobile Web,,0.0
510676,14968,2025-11-07 17:26:00,Delivered,Credit Card,Mobile Web,,0.0
510677,17026,2025-11-07 17:41:00,Delivered,UPI,Mobile Web,,0.0
510678,17184,2025-11-07 19:52:00,Delivered,COD,Mobile App,,0.0
510679,14197,2025-11-07 20:29:00,Delivered,Credit Card,Desktop,,0.0
510680,17192,2025-11-07 22:31:00,Delivered,Debit Card,Mobile App,SAVE5,0.0
510681,17029,2025-11-08 07:13:00,Delivered,Cash on Delivery,Desktop,,0.0
510682,17218,2025-11-08 07:24:00,Delivered,Cash on Delivery,Mobile App,,0.0
510683,17220,2025-11-08 07:28:00,Delivered,UPI,Desktop,,0.0
510684,16708,2025-11-08 07:39:00,Delivered,UPI,Mobile Web,,0.0
510685,13309,2025-11-08 07:48:00,Delivered,Cash On Delivery,Mobile Web,,0.0
510686,17247,2025-11-08 07:49:00,Delivered,Net Banking,Mobile App,,0.0
510687,10861,2025-11-08 07:56:00,Cancelled,UPI,Mobile App,,0.0
510688,16926,2025-11-08 08:21:00,DELIVERED,Net Banking,Mobile App,WELCOME15,0.0
510689,17135,2025-11-08 08:57:00,Returned,Cash on Delivery,Mobile App,WELCOME15,0.0
510690,17229,2025-11-08 09:33:00,Delivered,UPI,Mobile App,,0.0
510691,14505,2025-11-08 09:53:00,Delivered,Debit Card,Mobile App,,0.0
510692,17180,2025-11-08 09:54:00,Delivered,UPI,Mobile App,WELCOME15,49.0
510693,17196,2025-11-08 10:38:00,Delivered,UPI,Mobile App,SAVE5,49.0
510694,15747,2025-11-08 11:09:00,delivered ,Cash on Delivery,Mobile Web,,0.0
510695,17234,2025-11-08 11:35:00,DELIVERED,upi,Mobile Web,WELCOME15,0.0
510696,17248,2025-11-08 13:12:00,Delivered,upi,Desktop,WELCOME15,0.0
510697,10602,2025-11-08 14:02:00,Delivered,UPI,Mobile App,,0.0
510698,16785,2025-11-08 14:21:00,returned ,UPI,Mobile App,,0.0
510699,17172,2025-11-08 16:57:00,DELIVERED,Net Banking,Mobile App,WELCOME15,0.0
510700,15018,2025-11-08 18:38:00,Delivered,Upi,Mobile Web,,0.0
510701,17235,2025-11-08 19:15:00,Delivered,upi,Desktop,WELCOME15,0.0
510702,17163,2025-11-08 21:30:00,Delivered,UPI,Desktop,WELCOME15,0.0
510703,16214,2025-11-08 22:11:00,DELIVERED,Upi,Desktop,,0.0
510704,17202,2025-11-08 22:41:00,Returned,Upi,Desktop,,0.0
510705,17238,2025-11-08 22:44:00,Delivered,cod,Mobile Web,,0.0
510706,17167,2025-11-08 22:57:00,Delivered,Net Banking,Desktop,SAVE5,0.0
510707,14487,2025-11-08 23:10:00,Delivered,UPI,Mobile App,SAVE5,0.0
510708,17112,2025-11-08 23:19:00,Delivered,Credit Card,Mobile Web,WELCOME15,0.0
510709,17164,2025-11-08 23:51:00,Delivered,DC,Mobile Web,WELCOME15,0.0
510710,15633,2025-11-09 07:07:00,Delivered,Cash on Delivery,Mobile App,,0.0
510711,16460,2025-11-09 07:19:00,Delivered,UPI,Mobile Web,,0.0
510712,17251,2025-11-09 08:06:00,DELIVERED,UPI,Mobile Web,WELCOME15,0.0
510713,17122,2025-11-09 09:45:00,delivered ,COD,Mobile App,WELCOME15,0.0
510714,17260,2025-11-09 10:05:00,Delivered,UPI,Desktop,WELCOME15,49.0
510715,17254,2025-11-09 10:28:00,Returned,credit card,Mobile Web,WELCOME15,0.0
510716,17177,2025-11-09 13:48:00,Delivered,cod,Mobile App,SAVE5,0.0
510717,15876,2025-11-09 13:57:00,Delivered,Credit Card,Mobile App,,0.0
510718,12022,2025-11-09 14:36:00,Delivered,Net Banking,Mobile Web,,0.0
510719,17141,2025-11-09 15:19:00,Delivered,credit card,Mobile App,,0.0
510720,17143,2025-11-09 15:26:00,DELIVERED,UPI,Desktop,,0.0
510721,14939,2025-11-09 16:34:00,Delivered,cod,Mobile App,,0.0
510722,13486,2025-11-09 17:45:00,Delivered,Cash on Delivery,Mobile App,,0.0
510723,17256,2025-11-09 18:50:00,Delivered,credit card,Mobile Web,,0.0
510724,17119,2025-11-09 20:51:00,DELIVERED,UPI,Mobile Web,,0.0
510725,17232,2025-11-09 21:12:00,Delivered,UPI,Mobile App,WELCOME15,0.0
510726,13294,2025-11-09 21:19:00,Delivered,Cash on Delivery,Mobile App,,0.0
510727,17137,2025-11-09 21:19:00,Delivered,UPI,Mobile Web,,0.0
510728,17160,2025-11-09 21:33:00,Delivered,credit card,Mobile App,WELCOME15,0.0
510729,17032,2025-11-09 21:36:00,Delivered,upi,Mobile Web,,0.0
510730,17138,2025-11-09 22:19:00,Delivered,Cash on Delivery,Mobile App,,0.0
510731,16974,2025-11-09 22:46:00,Delivered,UPI,Desktop,WELCOME15,0.0
510732,17217,2025-11-09 23:29:00,Delivered,Net Banking,Mobile App,,0.0
510733,17243,2025-11-09 23:40:00,Delivered,Cash on Delivery,Mobile Web,WELCOME15,0.0
510734,17178,2025-11-10 07:32:00,Returned,UPI,Mobile App,,0.0
510735,17275,2025-11-10 07:47:00,DELIVERED,COD,Mobile App,,0.0
510736,16681,2025-11-10 13:36:00,Cancelled,UPI,Desktop,,0.0
510737,16505,2025-11-10 14:06:00,CANCELLED,UPI,Mobile App,,0.0
510738,17230,2025-11-10 15:31:00,Delivered,Upi,Mobile App,,49.0
510739,15999,2025-11-10 15:39:00,DELIVERED,upi,Desktop,SAVE5,0.0
510740,14927,2025-11-10 16:01:00,Delivered,UPI,Mobile App,,0.0
510741,12227,2025-11-10 16:11:00,Returned,UPI,Mobile App,,0.0
510742,17255,2025-11-10 16:11:00,Delivered,upi,Mobile App,SAVE5,0.0
510743,12572,2025-11-10 17:18:00,Delivered,UPI,Mobile App,SAVE5,0.0
510744,17269,2025-11-10 17:55:00,Delivered,Debit Card,Mobile App,WELCOME15,0.0
510745,16444,2025-11-10 18:37:00,Delivered,Cash On Delivery,Mobile App,,0.0
510746,17088,2025-11-10 18:59:00,Delivered,Net Banking,Mobile Web,,49.0
510747,13515,2025-11-10 22:11:00,delivered ,UPI,Desktop,,0.0
510748,17237,2025-11-10 22:12:00,Delivered,UPI,Mobile App,,0.0
510749,16422,2025-11-10 23:21:00,DELIVERED,UPI,Mobile App,,0.0
510750,17085,2025-11-11 07:19:00,Delivered,UPI,Mobile Web,WELCOME15,49.0
510751,14904,2025-11-11 09:04:00,Delivered,UPI,Mobile App,,0.0
510752,16778,2025-11-11 09:40:00,Delivered,upi,Mobile App,,49.0
510753,13180,2025-11-11 10:14:00,Delivered,DC,Desktop,,0.0
510754,14300,2025-11-11 10:21:00,Delivered,UPI,Mobile App,,49.0
510755,17261,2025-11-11 11:19:00,Delivered,Credit Card,Mobile App,,0.0
510756,17148,2025-11-11 11:25:00,Delivered,Net Banking,Mobile Web,,0.0
510757,14556,2025-11-11 12:49:00,Delivered,Debit Card,Desktop,,0.0
510758,16549,2025-11-11 13:05:00,Delivered,Upi,Mobile App,,49.0
510759,17228,2025-11-11 13:34:00,Delivered,UPI,Desktop,,0.0
510760,17239,2025-11-11 15:08:00,Delivered,Debit Card,Mobile Web,WELCOME15,0.0
510761,15580,2025-11-11 15:22:00,Delivered,Cash on Delivery,Mobile App,,0.0
510762,17285,2025-11-11 15:26:00,Delivered,Credit Card,Mobile Web,,0.0
510763,17253,2025-11-11 15:41:00,DELIVERED,Cash on Delivery,Desktop,,0.0
510764,16905,2025-11-11 16:51:00,delivered ,Upi,Mobile App,,0.0
510765,17132,2025-11-11 17:26:00,DELIVERED,UPI,Mobile App,,0.0
510766,13133,2025-11-11 17:31:00,Delivered,Debit Card,Desktop,,0.0
510767,16773,2025-11-11 18:33:00,DELIVERED,Upi,Desktop,,0.0
510768,17283,2025-11-11 19:36:00,Delivered,UPI,Mobile App,WELCOME15,0.0
510769,17165,2025-11-11 20:26:00,Delivered,Cash on Delivery,Mobile App,,0.0
510770,17242,2025-11-11 23:19:00,Delivered,Credit Card,Desktop,,49.0
510771,16134,2025-11-11 23:42:00,DELIVERED,UPI,Mobile Web,,0.0
510772,16091,2025-11-12 07:46:00,delivered ,Upi,Mobile App,,0.0
510773,16473,2025-11-12 08:51:00,Delivered,upi,Mobile App,,0.0
510774,15283,2025-11-12 09:54:00,Delivered,Net Banking,Desktop,,0.0
510775,10992,2025-11-12 10:33:00,Delivered,Debit Card,Desktop,,0.0
510776,14695,2025-11-12 11:01:00,Cancelled,cod,Mobile App,,0.0
510777,14753,2025-11-12 11:59:00,Delivered,cod,Mobile App,,0.0
510778,17265,2025-11-12 12:27:00,Delivered,Upi,Mobile App,,0.0
510779,12731,2025-11-12 14:20:00,Returned,Cash on Delivery,Mobile App,SAVE5,0.0
510780,15049,2025-11-12 15:12:00,Delivered,UPI,Mobile App,,0.0
510781,16011,2025-11-12 17:55:00,Cancelled,Credit Card,Mobile Web,,0.0
510782,17268,2025-11-12 18:20:00,Returned,Credit Card,Mobile Web,,0.0
510783,17223,2025-11-12 18:37:00,DELIVERED,Credit Card,Mobile App,,0.0
510784,13842,2025-11-12 18:54:00,returned ,Credit Card,Mobile App,,49.0
510785,16764,2025-11-12 20:02:00,Delivered,UPI,Desktop,,0.0
510786,13778,2025-11-12 20:14:00,Delivered,Cash on Delivery,Mobile App,,49.0
510787,17284,2025-11-12 20:24:00,Delivered,Cash on Delivery,Mobile App,,0.0
510788,17241,2025-11-12 21:51:00,Returned,Debit Card,Desktop,WELCOME15,0.0
510789,17199,2025-11-12 22:32:00,Delivered,Cash on Delivery,Mobile Web,,0.0
510790,17027,2025-11-12 23:56:00,Delivered,COD,Mobile App,,0.0
510791,16083,2025-11-13 07:22:00,Delivered,UPI,Desktop,SAVE5,0.0
510792,17329,2025-11-13 07:31:00,Returned,Cash on Delivery,Desktop,,0.0
510793,13999,2025-11-13 07:41:00,delivered ,Upi,Mobile Web,,0.0
510794,17309,2025-11-13 10:15:00,Delivered,Cash On Delivery,Mobile App,SAVE5,0.0
510795,14588,2025-11-13 11:10:00,Delivered,UPI,Mobile App,,0.0
510796,17300,2025-11-13 11:11:00,Delivered,Cash on Delivery,Mobile App,,0.0
510797,14340,2025-11-13 11:21:00,Delivered,Credit Card,Mobile App,,0.0
510798,17314,2025-11-13 12:29:00,Delivered,UPI,Mobile App,WELCOME15,0.0
510799,16394,2025-11-13 13:03:00,returned ,Cash on Delivery,Mobile Web,,0.0
510800,17240,2025-11-13 13:05:00,DELIVERED,Cash on Delivery,Desktop,,0.0
510801,13650,2025-11-13 13:22:00,Delivered,Credit Card,Desktop,,0.0
510802,17308,2025-11-13 13:32:00,DELIVERED,Cash on Delivery,Mobile Web,WELCOME15,0.0
510803,17289,2025-11-13 13:37:00,delivered ,Net Banking,Mobile App,WELCOME15,0.0
510804,15807,2025-11-13 14:12:00,Delivered,UPI,Desktop,,0.0
510805,16617,2025-11-13 14:34:00,Cancelled,Cash on Delivery,Mobile App,,0.0
510806,17325,2025-11-13 15:09:00,Delivered,UPI,Mobile App,,0.0
510807,17169,2025-11-13 15:24:00,returned ,UPI,Desktop,,0.0
510808,16116,2025-11-13 16:24:00,Delivered,UPI,Mobile Web,,0.0
510809,16767,2025-11-13 16:48:00,Delivered,Credit Card,Mobile Web,,0.0
510810,17303,2025-11-13 17:21:00,Delivered,Credit Card,Mobile App,WELCOME15,0.0
510811,13754,2025-11-13 17:56:00,Delivered,credit card,Desktop,,0.0
510812,17304,2025-11-13 18:14:00,Delivered,Debit Card,Mobile App,,0.0
510813,17320,2025-11-13 18:37:00,Delivered,Upi,Mobile App,WELCOME15,0.0
510814,17280,2025-11-13 18:38:00,Delivered,UPI,Mobile Web,,0.0
510815,17219,2025-11-13 19:06:00,Delivered,Credit Card,Mobile Web,,49.0
510816,17310,2025-11-13 19:09:00,Delivered,UPI,Desktop,WELCOME15,0.0
510817,16643,2025-11-13 19:36:00,delivered ,Debit Card,Mobile App,,0.0
510818,17271,2025-11-13 20:11:00,Delivered,Credit Card,Mobile App,,0.0
510819,14158,2025-11-13 21:00:00,Delivered,UPI,Desktop,,0.0
510820,17295,2025-11-13 22:11:00,Delivered,UPI,Mobile App,,0.0
510821,14808,2025-11-13 22:26:00,Delivered,Cash on Delivery,Mobile App,,0.0
510822,17252,2025-11-13 22:26:00,CANCELLED,Cash on Delivery,Mobile App,,0.0
510823,17318,2025-11-13 23:05:00,Returned,Credit Card,Mobile App,WELCOME15,0.0
510824,17276,2025-11-13 23:29:00,Delivered,UPI,Mobile App,WELCOME15,0.0
510825,17301,2025-11-13 23:45:00,Delivered,Credit Card,Mobile Web,,0.0
510826,17317,2025-11-14 07:04:00,Delivered,Cash on Delivery,Mobile App,WELCOME15,0.0
510827,17246,2025-11-14 08:27:00,Cancelled,Cash On Delivery,Mobile App,WELCOME15,0.0
510828,17207,2025-11-14 09:02:00,Delivered,Debit Card,Desktop,,0.0
510829,17298,2025-11-14 09:04:00,Delivered,UPI,Mobile App,WELCOME15,0.0
510830,17328,2025-11-14 10:33:00,Delivered,UPI,Mobile App,,0.0
510831,16222,2025-11-14 11:10:00,Delivered,UPI,Mobile App,,0.0
510832,14231,2025-11-14 11:22:00,Delivered,Cash on Delivery,Mobile App,,0.0
510833,15727,2025-11-14 12:53:00,Delivered,credit card,Desktop,,0.0
510834,17293,2025-11-14 13:34:00,Delivered,UPI,Mobile App,WELCOME15,0.0
510835,17344,2025-11-14 14:18:00,delivered ,Cash on Delivery,Mobile App,SAVE5,0.0
510836,17302,2025-11-14 14:42:00,Delivered,UPI,Mobile App,,0.0
510837,16245,2025-11-14 14:55:00,Delivered,UPI,Mobile App,,0.0
510838,17332,2025-11-14 15:17:00,Delivered,Debit Card,Mobile Web,,0.0
510839,17299,2025-11-14 16:22:00,Delivered,UPI,Mobile Web,WELCOME15,0.0
510840,17217,2025-11-14 16:28:00,Delivered,Cash on Delivery,Desktop,,0.0
510841,17313,2025-11-14 16:42:00,Delivered,Net Banking,Mobile Web,WELCOME15,0.0
510842,17322,2025-11-14 17:53:00,Delivered,UPI,Desktop,,0.0
510843,17190,2025-11-14 18:52:00,delivered ,UPI,Mobile Web,WELCOME15,49.0
510843,17190,2025-11-14 18:52:00,delivered ,UPI,Mobile Web,WELCOME15,49.0
510844,17307,2025-11-14 19:00:00,Delivered,UPI,Mobile App,WELCOME15,0.0
510845,17259,2025-11-14 19:06:00,returned ,Upi,Mobile Web,,0.0
510846,17286,2025-11-14 19:07:00,Delivered,Credit Card,Mobile App,,0.0
510847,16974,2025-11-14 19:08:00,RETURNED,Cash on Delivery,Desktop,,0.0
510848,17111,2025-11-14 19:18:00,DELIVERED,CC,Desktop,,0.0
510849,17266,2025-11-14 19:42:00,Delivered,UPI,Mobile Web,WELCOME15,0.0
510850,16396,2025-11-14 19:59:00,delivered ,UPI,Desktop,,0.0
510851,15738,2025-11-15 08:51:00,delivered ,UPI,Desktop,,0.0
510852,17277,2025-11-15 09:06:00,DELIVERED,Cash on Delivery,Mobile Web,WELCOME15,0.0
510853,17331,2025-11-15 09:11:00,DELIVERED,Upi,Desktop,WELCOME15,49.0
510854,17222,2025-11-15 09:24:00,Returned,Upi,Mobile App,WELCOME15,0.0
510855,17316,2025-11-15 09:31:00,Delivered,UPI,Mobile App,,0.0
510856,17249,2025-11-15 12:03:00,Cancelled,Cash on Delivery,Mobile App,,0.0
510857,12612,2025-11-15 12:08:00,DELIVERED,CC,Desktop,SAVE5,49.0
510858,17255,2025-11-15 12:38:00,cancelled ,Cash on Delivery,Mobile Web,,0.0
510859,16423,2025-11-15 13:42:00,Delivered,Debit Card,Mobile Web,,0.0
510859,16423,2025-11-15 13:42:00,Delivered,Debit Card,Mobile Web,,0.0
510860,17156,2025-11-15 13:53:00,Delivered,Cash on Delivery,Mobile Web,,0.0
510861,15859,2025-11-15 14:19:00,Delivered,UPI,Mobile Web,,0.0
510862,16460,2025-11-15 14:42:00,Delivered,Upi,Mobile App,,0.0
510863,10908,2025-11-15 14:52:00,Cancelled,Cash on Delivery,Mobile Web,,0.0
510864,17297,2025-11-15 14:56:00,Cancelled,Credit Card,Mobile Web,,49.0
510865,17343,2025-11-15 17:37:00,Delivered,UPI,Desktop,,49.0
510866,17296,2025-11-15 17:45:00,Delivered,UPI,Mobile App,WELCOME15,0.0
510867,16009,2025-11-15 17:56:00,Delivered,Upi,Mobile App,,0.0
510868,16713,2025-11-15 19:00:00,Delivered,UPI,Mobile App,,49.0
510869,17281,2025-11-15 20:00:00,Delivered,DC,Desktop,,0.0
510870,15485,2025-11-15 20:34:00,Cancelled,Credit Card,Mobile App,,0.0
510871,17342,2025-11-15 20:42:00,Delivered,Debit Card,Mobile App,WELCOME15,49.0
510872,16770,2025-11-15 21:11:00,Delivered,Credit Card,Mobile App,,49.0
510873,15392,2025-11-15 21:39:00,Delivered,Net Banking,Mobile App,,0.0
510874,17351,2025-11-15 21:44:00,Delivered,CC,Mobile Web,,0.0
510875,17064,2025-11-15 22:00:00,Delivered,Debit Card,Mobile App,,0.0
510876,16882,2025-11-15 22:01:00,Delivered,UPI,Mobile App,,0.0
510877,17350,2025-11-15 22:17:00,delivered ,Cash on Delivery,Mobile App,WELCOME15,0.0
510878,17348,2025-11-15 23:09:00,DELIVERED,Credit Card,Mobile App,,49.0
510879,17353,2025-11-16 07:18:00,Returned,Net Banking,Mobile App,,0.0
510880,17360,2025-11-16 07:30:00,DELIVERED,credit card,Mobile App,WELCOME15,0.0
510881,17305,2025-11-16 10:15:00,Cancelled,Cash on Delivery,Mobile Web,,0.0
510882,17326,2025-11-16 10:46:00,Returned,UPI,Desktop,,0.0
510883,17122,2025-11-16 11:56:00,Delivered,UPI,Mobile App,,49.0
510884,16045,2025-11-16 14:43:00,Returned,upi,Mobile Web,,0.0
510885,17311,2025-11-16 16:23:00,delivered ,UPI,Desktop,WELCOME15,0.0
510886,15691,2025-11-16 16:32:00,DELIVERED,Cash on Delivery,Mobile App,,0.0
510887,17274,2025-11-16 17:02:00,DELIVERED,cod,Mobile Web,WELCOME15,0.0
510888,15184,2025-11-16 17:43:00,DELIVERED,Net Banking,Mobile App,,0.0
510889,17335,2025-11-16 17:57:00,Delivered,UPI,Mobile App,,0.0
510890,16699,2025-11-16 18:50:00,DELIVERED,UPI,Mobile Web,,0.0
510890,16699,2025-11-16 18:50:00,DELIVERED,UPI,Mobile Web,,0.0
510891,17363,2025-11-16 22:45:00,Delivered,DC,Mobile App,,0.0
510892,15375,2025-11-16 23:42:00,Delivered,Net Banking,Mobile App,,0.0
510893,16949,2025-11-16 23:52:00,Delivered,Debit Card,Mobile Web,,0.0
510894,17356,2025-11-17 08:34:00,Delivered,Cash on Delivery,Desktop,,0.0
510895,14493,2025-11-17 10:02:00,Delivered,UPI,Mobile App,,0.0
510896,17371,2025-11-17 10:51:00,DELIVERED,Credit Card,Desktop,,0.0
510897,13588,2025-11-17 17:14:00,DELIVERED,CC,Mobile App,,0.0
510898,17354,2025-11-17 17:23:00,Delivered,Debit Card,Mobile App,,0.0
510899,13923,2025-11-17 19:36:00,Delivered,UPI,Mobile App,,0.0
510900,17372,2025-11-17 22:48:00,Delivered,debit card,Mobile App,WELCOME15,0.0
510901,12589,2025-11-17 23:04:00,Delivered,Debit Card,Mobile Web,,0.0
510902,17231,2025-11-17 23:43:00,Cancelled,Net Banking,Mobile App,WELCOME15,0.0
510903,17390,2025-11-18 07:39:00,Delivered,Debit Card,Desktop,SAVE5,0.0
510904,14952,2025-11-18 07:57:00,Cancelled,UPI,Desktop,,0.0
510905,15352,2025-11-18 08:26:00,delivered ,Upi,Mobile Web,,49.0
510906,17349,2025-11-18 08:29:00,Delivered,UPI,Mobile App,WELCOME15,0.0
510907,17282,2025-11-18 09:31:00,Delivered,UPI,Desktop,,0.0
510908,14483,2025-11-18 10:06:00,delivered ,UPI,Mobile Web,,0.0
510909,17339,2025-11-18 11:50:00,DELIVERED,Debit Card,Mobile App,,0.0
510910,15949,2025-11-18 12:22:00,Delivered,Credit Card,Mobile App,,0.0
510911,17396,2025-11-18 12:56:00,Delivered,Debit Card,Desktop,WELCOME15,0.0
510912,17367,2025-11-18 15:00:00,delivered ,upi,Mobile Web,,0.0
510913,13154,2025-11-18 15:09:00,Delivered,Cash on Delivery,Mobile App,SAVE5,0.0
510914,17358,2025-11-18 16:23:00,Delivered,UPI,Desktop,WELCOME15,0.0
510915,15959,2025-11-18 17:07:00,Returned,Debit Card,Mobile App,SAVE5,0.0
510916,14505,2025-11-18 17:15:00,Returned,upi,Mobile App,,0.0
510917,16837,2025-11-18 19:13:00,delivered ,Debit Card,Mobile App,,49.0
510918,17386,2025-11-18 19:20:00,DELIVERED,CC,Desktop,,0.0
510919,16616,2025-11-18 21:10:00,Delivered,UPI,Mobile Web,,0.0
510920,17364,2025-11-18 21:11:00,Delivered,UPI,Mobile App,WELCOME15,49.0
510921,17391,2025-11-18 21:29:00,Delivered,Cash on Delivery,Mobile Web,WELCOME15,0.0
510922,16646,2025-11-18 22:07:00,Delivered,UPI,Mobile Web,,0.0
510923,17210,2025-11-18 23:01:00,Cancelled,Cash on Delivery,Desktop,WELCOME15,49.0
510924,16990,2025-11-18 23:02:00,Delivered,Credit Card,Mobile App,,0.0
510925,12663,2025-11-18 23:05:00,Delivered,UPI,Mobile App,,49.0
510926,17279,2025-11-19 07:05:00,Delivered,Net Banking,Mobile App,WELCOME15,0.0
510927,17031,2025-11-19 08:18:00,Delivered,Upi,Mobile Web,,0.0
510928,15567,2025-11-19 09:09:00,DELIVERED,UPI,Mobile App,,0.0
510929,16746,2025-11-19 10:08:00,returned ,Credit Card,Mobile Web,,0.0
510930,17381,2025-11-19 10:38:00,CANCELLED,Cash On Delivery,Mobile Web,WELCOME15,0.0
510931,17340,2025-11-19 12:01:00,RETURNED,Credit Card,Desktop,WELCOME15,0.0
510932,17370,2025-11-19 12:21:00,delivered ,Upi,Mobile App,SAVE5,0.0
510933,17389,2025-11-19 13:05:00,DELIVERED,credit card,Mobile Web,WELCOME15,49.0
510934,17245,2025-11-19 14:18:00,Delivered,COD,Mobile App,,0.0
510935,10286,2025-11-19 14:32:00,Delivered,Upi,Mobile Web,,0.0
510936,16656,2025-11-19 16:20:00,delivered ,UPI,Mobile App,,0.0
510937,17411,2025-11-19 18:27:00,Delivered,upi,Mobile App,,0.0
510938,15731,2025-11-19 18:44:00,Delivered,UPI,Desktop,,0.0
510939,17336,2025-11-19 18:49:00,Delivered,Debit Card,Mobile App,WELCOME15,0.0
510940,15751,2025-11-19 20:05:00,Delivered,Credit Card,Mobile App,SAVE5,0.0
510941,17383,2025-11-19 20:16:00,Delivered,Net Banking,Mobile App,,0.0
510942,15945,2025-11-19 20:55:00,Delivered,DC,Desktop,,0.0
510943,17034,2025-11-19 21:10:00,Delivered,Net Banking,Mobile App,,49.0
510944,11902,2025-11-19 21:12:00,DELIVERED,Net Banking,Mobile Web,,49.0
510945,13307,2025-11-19 21:27:00,Delivered,UPI,Mobile Web,,0.0
510946,17344,2025-11-19 21:32:00,Delivered,UPI,Desktop,,0.0
510947,17374,2025-11-19 23:30:00,Delivered,Net Banking,Mobile Web,,0.0
510948,17413,2025-11-19 23:59:00,Delivered,UPI,Desktop,WELCOME15,0.0
510949,17425,2025-11-20 07:30:00,Delivered,upi,Mobile App,,0.0
510950,17345,2025-11-20 07:33:00,Delivered,UPI,Desktop,WELCOME15,0.0
510951,17420,2025-11-20 08:24:00,Delivered,UPI,Mobile App,,49.0
510952,17373,2025-11-20 09:15:00,Delivered,DC,Mobile Web,WELCOME15,0.0
510953,17366,2025-11-20 10:16:00,Delivered,Debit Card,Mobile Web,,0.0
510954,15574,2025-11-20 11:29:00,Delivered,Debit Card,Desktop,,0.0
510955,17399,2025-11-20 12:21:00,Delivered,Cash on Delivery,Mobile App,SAVE5,0.0
510956,15929,2025-11-20 13:24:00,DELIVERED,UPI,Mobile Web,,49.0
510957,14381,2025-11-20 14:21:00,Delivered,upi,Mobile App,,0.0
510958,17379,2025-11-20 14:43:00,Delivered,credit card,Mobile App,,0.0
510959,17423,2025-11-20 16:31:00,delivered ,UPI,Mobile App,WELCOME15,0.0
510960,17230,2025-11-20 17:39:00,Delivered,UPI,Mobile App,,0.0
510961,17270,2025-11-20 17:40:00,Delivered,UPI,Mobile App,,0.0
510962,12450,2025-11-20 18:08:00,DELIVERED,UPI,Desktop,,0.0
510963,16654,2025-11-20 20:03:00,delivered ,Credit Card,Mobile App,,0.0
510964,17338,2025-11-20 20:35:00,Delivered,UPI,Mobile App,,0.0
510965,17415,2025-11-20 20:47:00,Delivered,Cash on Delivery,Mobile App,WELCOME15,0.0
510966,16377,2025-11-20 20:52:00,Delivered,Cash on Delivery,Mobile App,,0.0
510967,17407,2025-11-20 22:03:00,Delivered,Net Banking,Mobile App,,0.0
510968,17397,2025-11-20 22:06:00,Delivered,Credit Card,Mobile Web,WELCOME15,0.0
510969,17292,2025-11-20 23:19:00,Delivered,Credit Card,Mobile Web,SAVE5,49.0
510970,15254,2025-11-20 23:36:00,Delivered,CC,Desktop,,0.0
510971,17291,2025-11-20 23:43:00,Delivered,UPI,Mobile Web,,0.0
510972,16993,2025-11-20 23:52:00,Delivered,Debit Card,Mobile Web,,0.0
510973,17323,2025-11-21 07:10:00,Delivered,Credit Card,Mobile App,,49.0
510974,17428,2025-11-21 07:29:00,Delivered,Credit Card,Mobile Web,,0.0
510975,17100,2025-11-21 07:32:00,DELIVERED,UPI,Desktop,WELCOME15,49.0
510976,13833,2025-11-21 07:56:00,delivered ,Cash on Delivery,Mobile App,,0.0
510977,15880,2025-11-21 09:07:00,CANCELLED,UPI,Desktop,,0.0
510978,14340,2025-11-21 09:27:00,Delivered,Debit Card,Mobile App,SAVE5,0.0
510979,13882,2025-11-21 10:34:00,Returned,upi,Mobile Web,,0.0
510980,10878,2025-11-21 12:01:00,Delivered,Cash on Delivery,Mobile Web,,0.0
510981,16128,2025-11-21 12:11:00,Delivered,Cash on Delivery,Mobile App,,0.0
510982,17203,2025-11-21 13:13:00,Delivered,Net Banking,Mobile Web,,0.0
510983,15186,2025-11-21 13:26:00,Delivered,Credit Card,Mobile App,,0.0
510984,16288,2025-11-21 14:54:00,Returned,UPI,Mobile App,,0.0
510984,16288,2025-11-21 14:54:00,Returned,UPI,Mobile App,,0.0
510985,16114,2025-11-21 15:28:00,Delivered,COD,Mobile App,,0.0
510986,15623,2025-11-21 15:33:00,Delivered,CC,Mobile App,,0.0
510987,17186,2025-11-21 16:13:00,Delivered,UPI,Mobile Web,,0.0
510988,13366,2025-11-21 16:14:00,Delivered,UPI,Mobile Web,,0.0
510989,16713,2025-11-21 18:15:00,DELIVERED,UPI,Desktop,SAVE5,0.0
510990,15922,2025-11-21 18:48:00,delivered ,credit card,Mobile Web,,0.0
510991,17385,2025-11-21 19:00:00,Delivered,upi,Mobile App,WELCOME15,0.0
510992,16865,2025-11-21 19:10:00,Delivered,Cash on Delivery,Mobile App,,0.0
510993,17430,2025-11-21 19:13:00,Delivered,UPI,Mobile App,WELCOME15,49.0
510994,17438,2025-11-21 21:01:00,Delivered,UPI,Mobile App,,0.0
510995,17073,2025-11-21 21:50:00,Delivered,UPI,Mobile Web,,0.0
510996,17412,2025-11-21 22:25:00,cancelled ,Cash on Delivery,Mobile Web,,0.0
510997,16378,2025-11-21 23:04:00,DELIVERED,UPI,Mobile App,,0.0
510998,14113,2025-11-22 09:23:00,DELIVERED,Debit Card,Desktop,SAVE5,0.0
510999,15049,2025-11-22 10:00:00,DELIVERED,UPI,Mobile Web,,0.0
511000,16425,2025-11-22 10:24:00,Delivered,UPI,Mobile App,,0.0
511001,17437,2025-11-22 10:35:00,DELIVERED,Credit Card,Desktop,,0.0
511002,14205,2025-11-22 11:09:00,delivered ,Credit Card,Mobile Web,SAVE5,0.0
511003,16168,2025-11-22 11:21:00,DELIVERED,upi,Mobile App,,0.0
511004,17417,2025-11-22 12:30:00,Delivered,upi,Mobile Web,WELCOME15,0.0
511005,14755,2025-11-22 13:53:00,Delivered,Net Banking,Mobile App,,0.0
511006,17443,2025-11-22 14:01:00,Delivered,UPI,Mobile Web,WELCOME15,0.0
511007,16002,2025-11-22 16:15:00,Delivered,UPI,Mobile Web,,0.0
511008,17446,2025-11-22 17:39:00,DELIVERED,Cash on Delivery,Mobile App,,0.0
511009,17414,2025-11-22 17:56:00,Delivered,Cash On Delivery,Mobile Web,,0.0
511010,17442,2025-11-22 18:24:00,Delivered,UPI,Mobile Web,WELCOME15,0.0
511011,16434,2025-11-22 18:27:00,delivered ,credit card,Desktop,,0.0
511012,16703,2025-11-22 18:58:00,Delivered,Cash on Delivery,Mobile App,,0.0
511013,16015,2025-11-22 21:02:00,Delivered,upi,Desktop,,0.0
511014,17445,2025-11-22 21:33:00,Delivered,Debit Card,Desktop,,0.0
511015,14896,2025-11-22 23:31:00,Delivered,DC,Desktop,,0.0
511016,17459,2025-11-23 07:05:00,delivered ,UPI,Desktop,WELCOME15,0.0
511017,16916,2025-11-23 07:34:00,Returned,Debit Card,Mobile App,,0.0
511018,15157,2025-11-23 08:06:00,Delivered,UPI,Mobile App,SAVE5,0.0
511019,17368,2025-11-23 09:32:00,Delivered,DC,Desktop,WELCOME15,0.0
511020,17434,2025-11-23 11:46:00,Delivered,UPI,Mobile App,,49.0
511021,17461,2025-11-23 11:59:00,Delivered,UPI,Mobile App,WELCOME15,0.0
511022,16470,2025-11-23 12:47:00,delivered ,Debit Card,Mobile Web,,0.0
511023,17473,2025-11-23 13:20:00,delivered ,UPI,Mobile App,WELCOME15,0.0
511024,15960,2025-11-23 13:58:00,Delivered,UPI,Desktop,,0.0
511025,16616,2025-11-23 15:26:00,Returned,Debit Card,Mobile Web,,0.0
511026,17393,2025-11-23 19:43:00,Delivered,Credit Card,Mobile App,,0.0
511027,15801,2025-11-23 20:24:00,Delivered,Cash on Delivery,Mobile App,,0.0
511028,17382,2025-11-23 20:42:00,DELIVERED,Credit Card,Mobile Web,WELCOME15,0.0
511029,17406,2025-11-23 20:48:00,DELIVERED,Cash on Delivery,Mobile App,,0.0
511030,17214,2025-11-23 21:30:00,DELIVERED,UPI,Mobile Web,,0.0
511031,17357,2025-11-23 21:36:00,Returned,upi,Mobile Web,WELCOME15,0.0
511032,17464,2025-11-23 21:37:00,DELIVERED,Net Banking,Mobile App,,0.0
511033,17467,2025-11-23 22:52:00,Cancelled,Cash on Delivery,Mobile App,,0.0
511034,13854,2025-11-23 23:19:00,Delivered,UPI,Desktop,,0.0
511035,17470,2025-11-23 23:41:00,Delivered,Net Banking,Mobile App,WELCOME15,0.0
511036,13796,2025-11-23 23:55:00,Delivered,Credit Card,Mobile App,,0.0
511037,15679,2025-11-24 08:01:00,Delivered,Net Banking,Mobile App,,0.0
511038,17169,2025-11-24 08:45:00,Delivered,UPI,Mobile App,,0.0
511039,15907,2025-11-24 09:22:00,delivered ,UPI,Mobile App,,0.0
511040,16742,2025-11-24 10:05:00,Delivered,UPI,Desktop,SAVE5,0.0
511041,17386,2025-11-24 12:26:00,delivered ,Debit Card,Mobile App,,0.0
511042,17410,2025-11-24 13:03:00,returned ,Upi,Mobile Web,WELCOME15,0.0
511043,14056,2025-11-24 13:12:00,RETURNED,upi,Mobile App,,0.0
511044,17451,2025-11-24 13:33:00,Delivered,Cash on Delivery,Desktop,,0.0
511045,17427,2025-11-24 15:06:00,Returned,Credit Card,Mobile App,WELCOME15,0.0
511046,17392,2025-11-24 16:24:00,DELIVERED,UPI,Mobile App,WELCOME15,0.0
511047,17485,2025-11-24 17:27:00,Delivered,UPI,Desktop,WELCOME15,0.0
511048,16405,2025-11-24 18:37:00,Delivered,Credit Card,Mobile App,,0.0
511049,17378,2025-11-24 19:27:00,Delivered,Debit Card,Mobile App,WELCOME15,0.0
511050,17441,2025-11-24 20:00:00,Delivered,UPI,Mobile Web,,0.0
511051,16800,2025-11-24 20:39:00,DELIVERED,Net Banking,Mobile App,,0.0
511052,17346,2025-11-24 20:56:00,Delivered,Cash on Delivery,Mobile App,,0.0
511053,17482,2025-11-24 20:59:00,Delivered,UPI,Mobile Web,WELCOME15,0.0
511054,16922,2025-11-24 21:19:00,delivered ,upi,Mobile App,,49.0
511055,17456,2025-11-24 22:50:00,Cancelled,Upi,Mobile App,WELCOME15,0.0
511056,16365,2025-11-24 23:03:00,Delivered,UPI,Mobile App,,0.0
511057,12458,2025-11-24 23:04:00,delivered ,Cash on Delivery,Mobile App,,0.0
511058,16682,2025-11-24 23:24:00,Delivered,Cash on Delivery,Mobile App,,0.0
511059,17337,2025-11-25 07:05:00,delivered ,UPI,Mobile Web,,0.0
511060,12357,2025-11-25 07:11:00,Delivered,Cash on Delivery,Mobile App,,0.0
511061,14167,2025-11-25 07:20:00,DELIVERED,upi,Mobile App,,0.0
511062,15850,2025-11-25 07:49:00,Delivered,Upi,Mobile App,,0.0
511063,17453,2025-11-25 08:11:00,DELIVERED,Cash on Delivery,Mobile App,,0.0
511064,17476,2025-11-25 09:05:00,Delivered,UPI,Mobile Web,,0.0
511065,17460,2025-11-25 11:11:00,Delivered,Upi,Mobile App,,0.0
511066,17418,2025-11-25 11:19:00,Delivered,UPI,Desktop,,0.0
511067,15674,2025-11-25 11:41:00,Returned,UPI,Mobile Web,,0.0
511068,14878,2025-11-25 12:00:00,DELIVERED,UPI,Mobile Web,,0.0
511069,17468,2025-11-25 15:04:00,Delivered,UPI,Mobile App,WELCOME15,0.0
511070,17457,2025-11-25 15:10:00,Delivered,UPI,Mobile App,WELCOME15,0.0
511071,17479,2025-11-25 16:50:00,delivered ,UPI,Mobile Web,SAVE5,0.0
511072,17075,2025-11-25 18:10:00,Delivered,Cash on Delivery,Desktop,,0.0
511073,17431,2025-11-25 18:18:00,Delivered,cod,Mobile App,WELCOME15,0.0
511074,17077,2025-11-25 18:25:00,delivered ,UPI,Mobile App,,0.0
511075,17490,2025-11-25 19:06:00,Delivered,upi,Mobile App,WELCOME15,49.0
511076,17334,2025-11-25 19:50:00,Cancelled,UPI,Mobile Web,WELCOME15,0.0
511077,17424,2025-11-25 20:01:00,Delivered,UPI,Mobile Web,,0.0
511078,17450,2025-11-25 20:33:00,Delivered,UPI,Mobile App,,0.0
511079,17501,2025-11-25 21:39:00,DELIVERED,Debit Card,Desktop,WELCOME15,0.0
511080,17402,2025-11-25 21:55:00,Delivered,Cash on Delivery,Mobile App,,0.0
511081,17474,2025-11-25 22:11:00,Delivered,Cash on Delivery,Mobile App,WELCOME15,0.0
511082,14057,2025-11-26 08:02:00,DELIVERED,CC,Mobile App,SAVE5,0.0
511083,17495,2025-11-26 08:26:00,delivered ,upi,Mobile Web,,0.0
511084,17512,2025-11-26 09:30:00,delivered ,UPI,Mobile Web,SAVE5,0.0
511085,17487,2025-11-26 10:14:00,Returned,Credit Card,Mobile Web,WELCOME15,0.0
511086,17405,2025-11-26 13:04:00,DELIVERED,Debit Card,Mobile Web,WELCOME15,0.0
511087,17514,2025-11-26 13:36:00,CANCELLED,UPI,Mobile Web,WELCOME15,49.0
511088,16785,2025-11-26 13:38:00,Delivered,UPI,Desktop,,0.0
511089,15221,2025-11-26 13:41:00,Delivered,Credit Card,Mobile App,,0.0
511090,17137,2025-11-26 14:58:00,Delivered,Cash on Delivery,Mobile App,SAVE5,0.0
511091,17510,2025-11-26 15:27:00,delivered ,UPI,Mobile App,,0.0
511092,15677,2025-11-26 15:39:00,Delivered,UPI,Mobile Web,,0.0
511093,17520,2025-11-26 15:40:00,Delivered,UPI,Mobile Web,WELCOME15,0.0
511094,13089,2025-11-26 15:47:00,Delivered,upi,Mobile App,,0.0
511095,17480,2025-11-26 17:29:00,DELIVERED,Credit Card,Desktop,WELCOME15,0.0
511096,17497,2025-11-26 18:13:00,Delivered,Cash on Delivery,Mobile App,WELCOME15,0.0
511097,17436,2025-11-26 18:25:00,DELIVERED,Credit Card,Mobile Web,,0.0
511098,17361,2025-11-26 18:27:00,delivered ,Net Banking,Mobile App,WELCOME15,49.0
511099,17125,2025-11-26 18:27:00,Cancelled,Cash on Delivery,Mobile Web,WELCOME15,0.0
511100,17365,2025-11-26 18:47:00,Delivered,Credit Card,Mobile App,WELCOME15,0.0
511101,17454,2025-11-26 18:52:00,DELIVERED,Debit Card,Mobile App,,0.0
511102,15485,2025-11-26 19:29:00,DELIVERED,Cash on Delivery,Mobile App,,0.0
511103,15457,2025-11-26 20:38:00,Delivered,COD,Desktop,,0.0
511104,14262,2025-11-26 21:43:00,Delivered,UPI,Mobile App,,0.0
511105,17504,2025-11-26 22:33:00,Delivered,upi,Mobile App,,0.0
511106,17421,2025-11-26 22:37:00,Delivered,UPI,Mobile App,,0.0
511107,15216,2025-11-27 07:09:00,Delivered,Cash on Delivery,Mobile App,,0.0
511108,17387,2025-11-27 08:58:00,Delivered,UPI,Desktop,,0.0
511109,17499,2025-11-27 11:25:00,DELIVERED,UPI,Mobile Web,WELCOME15,0.0
511110,17426,2025-11-27 11:40:00,Delivered,Credit Card,Mobile App,WELCOME15,0.0
511111,17448,2025-11-27 12:27:00,Delivered,Debit Card,Mobile App,,0.0
511112,17107,2025-11-27 12:59:00,Delivered,UPI,Mobile Web,,0.0
511113,17505,2025-11-27 13:40:00,RETURNED,Debit Card,Mobile App,WELCOME15,0.0
511114,17463,2025-11-27 14:06:00,Delivered,Credit Card,Mobile App,,0.0
511114,17463,2025-11-27 14:06:00,Delivered,Credit Card,Mobile App,,0.0
511115,15316,2025-11-27 14:22:00,Delivered,Upi,Desktop,,0.0
511116,17489,2025-11-27 14:27:00,Delivered,Cash on Delivery,Mobile App,WELCOME15,0.0
511117,17375,2025-11-27 14:44:00,Delivered,Credit Card,Mobile Web,,49.0
511118,17267,2025-11-27 14:50:00,delivered ,Credit Card,Mobile Web,,0.0
511119,17434,2025-11-27 15:12:00,Delivered,Cash on Delivery,Desktop,,0.0
511120,15153,2025-11-27 16:42:00,Delivered,UPI,Mobile App,,0.0
511121,17529,2025-11-27 18:11:00,delivered ,Cash on Delivery,Desktop,WELCOME15,0.0
511122,17491,2025-11-27 18:31:00,Delivered,UPI,Mobile App,WELCOME15,0.0
511123,17523,2025-11-27 19:29:00,Delivered,Cash on Delivery,Mobile Web,,0.0
511124,17215,2025-11-27 20:02:00,Delivered,DC,Desktop,,0.0
511125,17508,2025-11-27 20:42:00,Delivered,UPI,Mobile Web,WELCOME15,0.0
511126,16170,2025-11-27 22:06:00,Delivered,UPI,Mobile Web,,0.0
511127,16949,2025-11-27 22:13:00,Returned,Cash on Delivery,Mobile Web,,0.0
511128,17429,2025-11-27 22:23:00,DELIVERED,Cash on Delivery,Mobile Web,WELCOME15,0.0
511129,17502,2025-11-27 22:33:00,DELIVERED,Debit Card,Mobile App,,0.0
511130,17059,2025-11-27 23:00:00,Delivered,UPI,Mobile App,,49.0
511131,15864,2025-11-27 23:36:00,Delivered,UPI,Mobile App,,0.0
511132,17534,2025-11-28 09:43:00,DELIVERED,Upi,Desktop,WELCOME15,0.0
511133,17538,2025-11-28 10:42:00,DELIVERED,UPI,Desktop,,0.0
511134,12746,2025-11-28 11:06:00,Cancelled,UPI,Mobile Web,SAVE5,0.0
511135,15362,2025-11-28 11:08:00,Delivered,COD,Desktop,,0.0
511136,15401,2025-11-28 11:20:00,delivered ,Debit Card,Desktop,,0.0
511137,14074,2025-11-28 12:23:00,Delivered,COD,Mobile App,,0.0
511138,17526,2025-11-28 13:54:00,Delivered,CC,Desktop,WELCOME15,0.0
511139,17483,2025-11-28 14:49:00,Delivered,UPI,Mobile App,WELCOME15,0.0
511140,17045,2025-11-28 15:00:00,Delivered,Upi,Mobile App,,0.0
511141,17484,2025-11-28 15:33:00,DELIVERED,UPI,Mobile App,,0.0
511142,13402,2025-11-28 16:11:00,Delivered,UPI,Mobile Web,,0.0
511143,16873,2025-11-28 16:30:00,Delivered,UPI,Mobile App,,0.0
511144,16927,2025-11-28 16:52:00,returned ,Cash On Delivery,Mobile App,,0.0
511145,17530,2025-11-28 21:55:00,cancelled ,Cash on Delivery,Mobile App,SAVE5,0.0
511146,17539,2025-11-28 23:19:00,delivered ,UPI,Mobile App,WELCOME15,0.0
511147,11007,2025-11-29 07:44:00,Delivered,Net Banking,Mobile App,,0.0
511148,17517,2025-11-29 09:46:00,Delivered,UPI,Mobile App,WELCOME15,0.0
511149,17544,2025-11-29 10:48:00,Delivered,Credit Card,Mobile App,WELCOME15,49.0
511150,17432,2025-11-29 11:15:00,Delivered,Cash on Delivery,Mobile App,WELCOME15,0.0
511151,17525,2025-11-29 12:23:00,DELIVERED,Credit Card,Mobile App,WELCOME15,0.0
511152,17006,2025-11-29 12:48:00,DELIVERED,Debit Card,Desktop,,0.0
511153,13727,2025-11-29 13:36:00,RETURNED,CC,Mobile Web,,0.0
511154,15233,2025-11-29 13:45:00,delivered ,Credit Card,Desktop,,0.0
511155,17554,2025-11-29 15:48:00,DELIVERED,UPI,Desktop,WELCOME15,0.0
511156,17478,2025-11-29 17:04:00,Delivered,Credit Card,Desktop,WELCOME15,0.0
511157,14478,2025-11-29 17:51:00,DELIVERED,Credit Card,Mobile Web,SAVE5,0.0
511158,17494,2025-11-29 18:33:00,Delivered,CC,Desktop,WELCOME15,0.0
511159,17500,2025-11-29 19:28:00,Delivered,UPI,Mobile Web,,0.0
511160,17528,2025-11-29 20:17:00,Delivered,Debit Card,Mobile Web,WELCOME15,0.0
511161,16646,2025-11-29 20:28:00,Delivered,UPI,Mobile App,,0.0
511162,16705,2025-11-29 22:58:00,Delivered,Cash on Delivery,Mobile App,SAVE5,49.0
511163,17471,2025-11-29 23:43:00,RETURNED,cod,Mobile App,WELCOME15,0.0
511164,17422,2025-11-30 08:36:00,DELIVERED,UPI,Mobile App,,0.0
511165,17346,2025-11-30 10:00:00,DELIVERED,UPI,Mobile App,,49.0
511166,14781,2025-11-30 10:02:00,Cancelled,Cash on Delivery,Mobile Web,,0.0
511167,17475,2025-11-30 11:14:00,delivered ,Cash on Delivery,Mobile App,SAVE5,0.0
511168,17394,2025-11-30 12:25:00,Delivered,Credit Card,Mobile App,WELCOME15,0.0
511169,16676,2025-11-30 12:44:00,Delivered,Cash on Delivery,Mobile App,,0.0
511170,17548,2025-11-30 12:58:00,Cancelled,Credit Card,Mobile App,WELCOME15,0.0
511171,17493,2025-11-30 14:07:00,delivered ,upi,Mobile App,,0.0
511172,17540,2025-11-30 14:22:00,Cancelled,Cash on Delivery,Mobile Web,WELCOME15,0.0
511173,16690,2025-11-30 14:23:00,Delivered,Cash on Delivery,Mobile Web,,0.0
511174,17567,2025-11-30 14:39:00,Delivered,UPI,Mobile App,WELCOME15,0.0
511175,16068,2025-11-30 14:41:00,Delivered,COD,Desktop,,0.0
511176,17395,2025-11-30 16:07:00,delivered ,Net Banking,Mobile App,,0.0
511177,17505,2025-11-30 16:19:00,Delivered,DC,Mobile Web,,0.0
511178,16736,2025-11-30 16:19:00,Returned,UPI,Mobile Web,,0.0
511179,17536,2025-11-30 17:13:00,Delivered,upi,Mobile App,,0.0
511180,17521,2025-11-30 17:32:00,Delivered,Credit Card,Desktop,,0.0
511181,17543,2025-11-30 17:49:00,DELIVERED,Credit Card,Mobile App,,0.0
511182,17516,2025-11-30 19:26:00,Delivered,Credit Card,Mobile Web,WELCOME15,0.0
511183,14864,2025-11-30 21:24:00,Returned,UPI,Mobile App,,0.0
511184,16434,2025-11-30 21:29:00,Returned,UPI,Mobile App,,0.0
511185,16513,2025-11-30 22:07:00,delivered ,Cash on Delivery,Desktop,,0.0
511186,15629,2025-11-30 23:26:00,DELIVERED,UPI,Mobile Web,,0.0
511187,16952,2025-11-30 23:37:00,Delivered,Cash on Delivery,Mobile App,,49.0
511188,17546,2025-12-01 07:02:00,DELIVERED,upi,Desktop,,0.0
511189,17519,2025-12-01 08:45:00,Returned,Credit Card,Mobile Web,WELCOME15,0.0
511190,16983,2025-12-01 09:10:00,Delivered,UPI,Desktop,,0.0
511191,17558,2025-12-01 11:07:00,Delivered,Cash on Delivery,Mobile Web,,0.0
511192,17452,2025-12-01 11:38:00,Delivered,UPI,Desktop,,0.0
511193,13937,2025-12-01 12:41:00,Returned,credit card,Mobile App,,0.0
511194,17572,2025-12-01 14:17:00,Delivered,UPI,Mobile Web,,49.0
511195,14755,2025-12-01 14:17:00,Delivered,Debit Card,Desktop,SAVE5,0.0
511196,16709,2025-12-01 16:12:00,delivered ,UPI,Mobile App,,0.0
511197,17574,2025-12-01 17:33:00,Returned,Credit Card,Mobile App,,0.0
511198,17561,2025-12-01 17:55:00,Delivered,Net Banking,Mobile App,,0.0
511199,17564,2025-12-01 18:34:00,Delivered,Credit Card,Mobile App,WELCOME15,0.0
511200,17369,2025-12-01 19:11:00,Delivered,CC,Mobile App,WELCOME15,0.0
511201,14279,2025-12-01 19:14:00,Delivered,Credit Card,Mobile App,,0.0
511202,17575,2025-12-01 19:16:00,Delivered,UPI,Mobile App,,0.0
511203,17578,2025-12-01 20:37:00,Delivered,Debit Card,Mobile App,,0.0
511204,17552,2025-12-01 20:47:00,Returned,Cash on Delivery,Mobile App,WELCOME15,0.0
511205,17550,2025-12-01 23:40:00,Delivered,Credit Card,Mobile Web,SAVE5,49.0
511206,17583,2025-12-01 23:45:00,Delivered,Debit Card,Mobile App,,0.0
511207,17506,2025-12-02 07:36:00,CANCELLED,Cash on Delivery,Mobile App,,0.0
511208,16347,2025-12-02 09:28:00,Delivered,Net Banking,Mobile App,SAVE5,0.0
511209,16644,2025-12-02 13:49:00,Delivered,UPI,Mobile Web,,0.0
511210,17593,2025-12-02 14:21:00,Delivered,cod,Mobile App,,0.0
511211,11850,2025-12-02 15:34:00,DELIVERED,Credit Card,Mobile App,,0.0
511212,14486,2025-12-02 15:37:00,Delivered,Credit Card,Mobile App,SAVE5,0.0
511213,15360,2025-12-02 15:41:00,Delivered,UPI,Mobile App,,0.0
511214,17557,2025-12-02 18:20:00,delivered ,UPI,Mobile App,SAVE5,0.0
511215,16742,2025-12-02 19:20:00,Delivered,UPI,Desktop,,0.0
511216,17568,2025-12-02 20:02:00,Cancelled,Cash on Delivery,Mobile Web,,0.0
511217,17576,2025-12-02 20:53:00,Delivered,UPI,Mobile App,WELCOME15,49.0
511218,12589,2025-12-02 21:37:00,Delivered,UPI,Mobile App,,0.0
511219,14189,2025-12-02 22:15:00,Delivered,Net Banking,Mobile App,,0.0
511220,16713,2025-12-03 09:17:00,Delivered,Debit Card,Mobile App,,0.0
511221,17597,2025-12-03 09:49:00,returned ,UPI,Mobile Web,WELCOME15,0.0
511222,17565,2025-12-03 10:09:00,Delivered,UPI,Mobile App,,0.0
511223,17615,2025-12-03 12:10:00,Delivered,Cash on Delivery,Desktop,WELCOME15,0.0
511224,17604,2025-12-03 12:23:00,Delivered,Debit Card,Mobile App,,0.0
511225,17577,2025-12-03 13:10:00,Delivered,Cash on Delivery,Mobile App,,0.0
511226,17457,2025-12-03 14:45:00,Delivered,Debit Card,Mobile Web,,0.0
511227,16412,2025-12-03 14:52:00,Delivered,Cash on Delivery,Mobile Web,,0.0
511228,17605,2025-12-03 15:00:00,Delivered,Cash On Delivery,Mobile App,WELCOME15,0.0
511229,17531,2025-12-03 15:18:00,Delivered,Cash on Delivery,Desktop,,0.0
511230,17309,2025-12-03 15:53:00,Delivered,cod,Mobile Web,,0.0
511231,17298,2025-12-03 15:56:00,Delivered,Credit Card,Mobile App,,0.0
511232,17469,2025-12-03 16:15:00,DELIVERED,Cash on Delivery,Mobile App,WELCOME15,0.0
511233,17036,2025-12-03 17:09:00,Delivered,UPI,Mobile App,,0.0
511234,17580,2025-12-03 18:24:00,Delivered,Cash on Delivery,Mobile App,WELCOME15,0.0
511235,17587,2025-12-03 18:36:00,Delivered,Net Banking,Mobile App,,0.0
511236,12659,2025-12-03 19:15:00,DELIVERED,Net Banking,Mobile Web,,0.0
511237,15048,2025-12-03 19:24:00,DELIVERED,UPI,Mobile App,SAVE5,0.0
511238,17042,2025-12-03 20:21:00,DELIVERED,Credit Card,Mobile App,,49.0
511239,17527,2025-12-03 20:40:00,Delivered,UPI,Mobile App,,0.0
511240,17571,2025-12-03 21:22:00,Delivered,UPI,Mobile App,,0.0
511241,16223,2025-12-03 21:31:00,Delivered,UPI,Mobile App,,0.0
511242,17455,2025-12-03 21:58:00,Delivered,Credit Card,Desktop,WELCOME15,0.0
511243,17606,2025-12-03 23:20:00,Delivered,UPI,Mobile Web,,0.0
511244,17560,2025-12-03 23:41:00,Delivered,Debit Card,Mobile App,,0.0
511245,17582,2025-12-03 23:58:00,Returned,Credit Card,Mobile App,,0.0
511246,17591,2025-12-04 07:16:00,Delivered,Debit Card,Mobile App,WELCOME15,0.0
511247,17609,2025-12-04 08:08:00,Delivered,Credit Card,Mobile Web,WELCOME15,49.0
511248,15727,2025-12-04 10:33:00,DELIVERED,upi,Mobile App,,49.0
511249,17594,2025-12-04 11:20:00,delivered ,UPI,Mobile Web,WELCOME15,0.0
511250,17552,2025-12-04 12:23:00,Delivered,UPI,Desktop,,0.0
511251,17537,2025-12-04 14:40:00,delivered ,Credit Card,Mobile App,,0.0
511252,17621,2025-12-04 15:17:00,Delivered,Credit Card,Mobile Web,,0.0
511253,17424,2025-12-04 16:15:00,Returned,Debit Card,Mobile Web,,0.0
511254,15795,2025-12-04 16:45:00,Delivered,Cash on Delivery,Mobile Web,,0.0
511255,17202,2025-12-04 16:45:00,Delivered,Cash on Delivery,Mobile App,,0.0
511256,17595,2025-12-04 18:14:00,Delivered,Debit Card,Mobile Web,,0.0
511257,16784,2025-12-04 19:37:00,Delivered,UPI,Mobile Web,,0.0
511258,14483,2025-12-04 20:11:00,returned ,debit card,Mobile Web,,0.0
511259,15856,2025-12-04 20:33:00,Delivered,Net Banking,Mobile Web,,0.0
511260,17541,2025-12-04 21:13:00,Returned,Net Banking,Mobile App,WELCOME15,0.0
511261,17511,2025-12-04 22:42:00,Delivered,Cash on Delivery,Desktop,WELCOME15,0.0
511262,17449,2025-12-04 23:06:00,Returned,upi,Desktop,WELCOME15,0.0
511263,17589,2025-12-04 23:10:00,Delivered,upi,Mobile App,WELCOME15,0.0
511264,17614,2025-12-04 23:13:00,Delivered,UPI,Desktop,WELCOME15,0.0
511265,17598,2025-12-05 07:02:00,RETURNED,UPI,Mobile App,WELCOME15,0.0
511266,17616,2025-12-05 09:41:00,Delivered,UPI,Mobile Web,,0.0
511267,17444,2025-12-05 10:24:00,delivered ,Credit Card,Desktop,WELCOME15,0.0
511268,17465,2025-12-05 10:28:00,Delivered,credit card,Mobile Web,WELCOME15,0.0
511269,17631,2025-12-05 12:58:00,Delivered,UPI,Mobile App,,0.0
511270,17607,2025-12-05 14:43:00,Delivered,UPI,Mobile App,WELCOME15,0.0
511271,15640,2025-12-05 15:10:00,Delivered,Cash On Delivery,Mobile Web,SAVE5,0.0
511272,14814,2025-12-05 16:00:00,Returned,UPI,Mobile App,,0.0
511273,17579,2025-12-05 16:56:00,Delivered,UPI,Mobile App,,0.0
511274,10761,2025-12-05 17:09:00,Delivered,UPI,Mobile App,,0.0
511275,17573,2025-12-05 17:09:00,Delivered,UPI,Desktop,WELCOME15,0.0
511276,17600,2025-12-05 19:21:00,Delivered,UPI,Mobile Web,WELCOME15,0.0
511277,17608,2025-12-05 19:31:00,Delivered,UPI,Mobile App,,0.0
511278,17641,2025-12-05 19:43:00,DELIVERED,Cash On Delivery,Mobile App,WELCOME15,0.0
511279,17613,2025-12-05 20:10:00,Returned,UPI,Mobile App,WELCOME15,0.0
511280,17050,2025-12-05 21:03:00,Delivered,Cash on Delivery,Mobile App,,0.0
511281,17619,2025-12-05 21:08:00,delivered ,UPI,Mobile Web,WELCOME15,0.0
511282,17581,2025-12-05 21:08:00,Delivered,UPI,Mobile Web,,0.0
511283,17630,2025-12-05 21:29:00,Delivered,UPI,Desktop,,0.0
511284,13652,2025-12-05 22:19:00,Delivered,UPI,Desktop,,0.0
511285,16709,2025-12-05 22:51:00,delivered ,UPI,Desktop,,0.0
511286,17024,2025-12-06 08:12:00,Delivered,Cash on Delivery,Mobile App,,0.0
511287,15274,2025-12-06 08:35:00,Cancelled,Cash on Delivery,Mobile Web,,0.0
511288,17648,2025-12-06 08:43:00,Delivered,Credit Card,Mobile App,,0.0
511289,15442,2025-12-06 10:12:00,Delivered,UPI,Mobile App,,0.0
511290,17644,2025-12-06 11:39:00,Delivered,UPI,Desktop,,0.0
511291,14715,2025-12-06 11:57:00,Cancelled,Cash on Delivery,Mobile Web,,0.0
511292,17201,2025-12-06 14:28:00,Delivered,Credit Card,Desktop,SAVE5,0.0
511293,17183,2025-12-06 14:32:00,Delivered,UPI,Mobile Web,,0.0
511294,17074,2025-12-06 16:10:00,Cancelled,Cash on Delivery,Desktop,,0.0
511295,15652,2025-12-06 17:22:00,Delivered,UPI,Mobile App,,0.0
511296,17650,2025-12-06 18:35:00,Delivered,Credit Card,Desktop,WELCOME15,0.0
511297,17483,2025-12-06 19:02:00,Delivered,Upi,Desktop,,0.0
511298,17535,2025-12-06 20:16:00,DELIVERED,UPI,Desktop,WELCOME15,0.0
511299,17620,2025-12-06 21:35:00,CANCELLED,UPI,Desktop,,0.0
511300,17550,2025-12-06 21:49:00,Delivered,Upi,Mobile App,,49.0
511301,17635,2025-12-06 22:49:00,Delivered,Debit Card,Mobile Web,WELCOME15,0.0
511302,17645,2025-12-06 23:04:00,Delivered,Cash on Delivery,Desktop,,0.0
511303,16458,2025-12-06 23:59:00,Delivered,Net Banking,Mobile App,,0.0
511304,17658,2025-12-07 07:22:00,Delivered,DC,Mobile Web,,0.0
511305,17570,2025-12-07 07:31:00,Delivered,Cash on Delivery,Desktop,WELCOME15,0.0
511306,16754,2025-12-07 10:03:00,Delivered,Credit Card,Desktop,,0.0
511307,17507,2025-12-07 10:22:00,Delivered,Cash on Delivery,Mobile Web,WELCOME15,0.0
511308,17611,2025-12-07 11:06:00,Delivered,upi,Mobile App,,0.0
511309,17661,2025-12-07 12:19:00,Delivered,Debit Card,Mobile Web,,0.0
511310,13858,2025-12-07 13:04:00,RETURNED,Net Banking,Desktop,,0.0
511311,16961,2025-12-07 14:26:00,Delivered,UPI,Desktop,,0.0
511312,17626,2025-12-07 16:00:00,Delivered,Credit Card,Desktop,,0.0
511313,15401,2025-12-07 16:28:00,Delivered,upi,Mobile App,,0.0
511314,17629,2025-12-07 18:07:00,Delivered,UPI,Mobile Web,,49.0
511315,16018,2025-12-07 19:14:00,Delivered,UPI,Mobile App,,0.0
511316,17633,2025-12-07 19:54:00,Cancelled,Cash on Delivery,Mobile Web,WELCOME15,0.0
511317,13958,2025-12-07 20:30:00,delivered ,UPI,Desktop,,0.0
511318,13854,2025-12-07 22:00:00,Delivered,UPI,Mobile Web,,49.0
511319,10351,2025-12-07 23:25:00,Delivered,Cash on Delivery,Mobile App,,0.0
511320,16052,2025-12-07 23:57:00,Delivered,Credit Card,Mobile App,SAVE5,0.0
511321,17230,2025-12-08 07:27:00,Delivered,Credit Card,Mobile App,,0.0
511322,16937,2025-12-08 08:30:00,DELIVERED,Credit Card,Mobile App,,0.0
511323,17119,2025-12-08 09:21:00,Delivered,Debit Card,Mobile Web,,0.0
511324,17532,2025-12-08 11:42:00,Delivered,cod,Desktop,,0.0
511325,14204,2025-12-08 13:00:00,Delivered,Credit Card,Mobile Web,,49.0
511326,17628,2025-12-08 15:08:00,Delivered,UPI,Mobile Web,,0.0
511327,17533,2025-12-08 15:27:00,Returned,Credit Card,Mobile App,WELCOME15,0.0
511328,17524,2025-12-08 15:36:00,Delivered,Credit Card,Mobile App,,0.0
511329,11847,2025-12-08 17:06:00,Delivered,Upi,Mobile App,,0.0
511330,14300,2025-12-08 17:48:00,Delivered,Cash on Delivery,Mobile Web,,0.0
511331,16825,2025-12-08 18:54:00,Delivered,UPI,Mobile App,,0.0
511332,17498,2025-12-08 19:04:00,Returned,Cash on Delivery,Mobile App,WELCOME15,0.0
511333,17656,2025-12-08 19:34:00,DELIVERED,Debit Card,Mobile App,WELCOME15,0.0
511334,17669,2025-12-08 21:06:00,DELIVERED,UPI,Mobile Web,,0.0
511335,17606,2025-12-08 22:00:00,Delivered,debit card,Desktop,,0.0
511336,14205,2025-12-09 07:13:00,returned ,Cash on Delivery,Mobile App,,0.0
511337,17670,2025-12-09 07:27:00,Delivered,Debit Card,Mobile Web,,49.0
511338,17685,2025-12-09 07:47:00,Returned,UPI,Mobile App,WELCOME15,0.0
511339,17585,2025-12-09 10:53:00,Delivered,upi,Desktop,,0.0
511340,17201,2025-12-09 11:06:00,DELIVERED,Cash On Delivery,Mobile App,SAVE5,0.0
511341,14189,2025-12-09 11:44:00,Returned,Credit Card,Desktop,SAVE5,0.0
511342,17627,2025-12-09 13:12:00,Delivered,Credit Card,Mobile Web,WELCOME15,0.0
511343,14915,2025-12-09 13:23:00,delivered ,Cash on Delivery,Mobile App,,0.0
511344,17557,2025-12-09 13:45:00,Delivered,cod,Mobile Web,,49.0
511345,16005,2025-12-09 13:56:00,Delivered,UPI,Mobile Web,,0.0
511346,15369,2025-12-09 14:00:00,Delivered,UPI,Mobile Web,,0.0
511347,17642,2025-12-09 15:37:00,cancelled ,Cash on Delivery,Mobile App,WELCOME15,0.0
511348,15568,2025-12-09 17:18:00,Delivered,Cash On Delivery,Mobile App,,0.0
511349,17203,2025-12-09 19:56:00,Delivered,Cash on Delivery,Mobile App,,0.0
511350,17652,2025-12-09 20:10:00,DELIVERED,UPI,Mobile App,,0.0
511351,14028,2025-12-09 20:14:00,Delivered,UPI,Mobile App,,0.0
511352,17188,2025-12-09 20:22:00,delivered ,UPI,Mobile App,,49.0
511353,17469,2025-12-09 20:40:00,Delivered,Cash on Delivery,Mobile Web,,0.0
511354,16071,2025-12-09 21:40:00,Delivered,Net Banking,Desktop,,0.0
511355,17194,2025-12-09 21:53:00,delivered ,Credit Card,Mobile Web,,0.0
511356,15488,2025-12-09 22:08:00,Delivered,Upi,Mobile Web,,0.0
511357,17663,2025-12-09 22:15:00,DELIVERED,UPI,Desktop,,0.0
511358,17553,2025-12-10 07:02:00,Cancelled,UPI,Mobile Web,,0.0
511359,14554,2025-12-10 09:58:00,Delivered,Cash on Delivery,Mobile Web,,0.0
511360,12042,2025-12-10 10:14:00,Delivered,Net Banking,Mobile App,,49.0
511361,17665,2025-12-10 11:31:00,Returned,UPI,Mobile Web,WELCOME15,0.0
511362,14628,2025-12-10 12:10:00,DELIVERED,CC,Mobile App,,0.0
511363,17621,2025-12-10 12:29:00,Delivered,Cash On Delivery,Mobile App,,0.0
511364,17646,2025-12-10 13:27:00,DELIVERED,UPI,Desktop,,0.0
511365,15793,2025-12-10 14:30:00,Delivered,DC,Mobile App,,0.0
511366,15736,2025-12-10 15:21:00,Delivered,COD,Mobile App,,49.0
511367,17518,2025-12-10 15:52:00,Returned,UPI,Mobile Web,,0.0
511368,17612,2025-12-10 17:54:00,Delivered,upi,Mobile App,WELCOME15,0.0
511369,17651,2025-12-10 18:19:00,Returned,Cash on Delivery,Mobile Web,,49.0
511370,17578,2025-12-10 18:20:00,Delivered,Cash on Delivery,Mobile App,,0.0
511371,17085,2025-12-10 19:33:00,Delivered,Credit Card,Mobile App,,0.0
511372,17551,2025-12-10 19:50:00,delivered ,Credit Card,Desktop,WELCOME15,0.0
511373,13141,2025-12-10 20:08:00,DELIVERED,UPI,Mobile Web,,0.0
511374,17667,2025-12-10 20:35:00,delivered ,Cash on Delivery,Mobile Web,,0.0
511375,17706,2025-12-10 21:19:00,Delivered,Credit Card,Mobile App,,0.0
511376,17686,2025-12-10 21:26:00,DELIVERED,UPI,Mobile App,WELCOME15,0.0
511377,17698,2025-12-10 21:39:00,Delivered,UPI,Mobile Web,,0.0
511378,17653,2025-12-10 22:05:00,delivered ,UPI,Desktop,,0.0
511379,17708,2025-12-10 22:05:00,Delivered,Net Banking,Mobile Web,,0.0
511379,17708,2025-12-10 22:05:00,Delivered,Net Banking,Mobile Web,,0.0
511380,17087,2025-12-10 22:23:00,Delivered,UPI,Mobile Web,,0.0
511381,14750,2025-12-10 23:48:00,DELIVERED,Net Banking,Mobile Web,,0.0
511382,16290,2025-12-10 23:54:00,Delivered,Net Banking,Mobile App,,0.0
511383,17728,2025-12-11 07:06:00,returned ,upi,Mobile Web,WELCOME15,0.0
511384,17420,2025-12-11 07:57:00,DELIVERED,UPI,Desktop,,0.0
511385,17624,2025-12-11 08:02:00,Cancelled,UPI,Mobile App,,0.0
511386,17110,2025-12-11 08:55:00,Delivered,Upi,Mobile App,,0.0
511387,16889,2025-12-11 09:42:00,Delivered,upi,Mobile Web,,0.0
511388,17143,2025-12-11 10:16:00,Cancelled,UPI,Desktop,,0.0
511389,17695,2025-12-11 10:17:00,Returned,UPI,Mobile Web,,0.0
511390,17725,2025-12-11 10:42:00,Delivered,UPI,Mobile App,WELCOME15,0.0
511391,17731,2025-12-11 10:46:00,delivered ,Net Banking,Mobile Web,WELCOME15,0.0
511392,12388,2025-12-11 12:29:00,DELIVERED,UPI,Mobile Web,,0.0
511393,17699,2025-12-11 13:36:00,Returned,UPI,Mobile Web,,0.0
511394,17335,2025-12-11 15:02:00,Delivered,UPI,Mobile Web,,0.0
511395,17696,2025-12-11 15:41:00,delivered ,Credit Card,Mobile App,,0.0
511396,17733,2025-12-11 15:53:00,RETURNED,COD,Mobile Web,WELCOME15,0.0
511397,14308,2025-12-11 16:00:00,Cancelled,Credit Card,Mobile App,,0.0
511398,17726,2025-12-11 19:00:00,DELIVERED,Debit Card,Mobile App,WELCOME15,0.0
511399,17020,2025-12-11 20:03:00,DELIVERED,upi,Desktop,,0.0
511400,14979,2025-12-11 20:36:00,delivered ,Debit Card,Mobile App,,0.0
511401,17703,2025-12-11 23:49:00,Delivered,Upi,Mobile Web,,0.0
511402,16594,2025-12-12 07:29:00,Delivered,Credit Card,Desktop,,0.0
511403,16999,2025-12-12 07:40:00,Delivered,UPI,Mobile App,,0.0
511404,17592,2025-12-12 07:43:00,Delivered,UPI,Desktop,WELCOME15,0.0
511405,17225,2025-12-12 08:09:00,Delivered,UPI,Mobile App,,0.0
511406,17744,2025-12-12 08:16:00,Returned,COD,Mobile App,,0.0
511407,15056,2025-12-12 08:18:00,Delivered,upi,Mobile Web,SAVE5,0.0
511408,17513,2025-12-12 09:07:00,Cancelled,Credit Card,Mobile Web,WELCOME15,0.0
511409,14261,2025-12-12 10:40:00,delivered ,Credit Card,Mobile App,,0.0
511410,17722,2025-12-12 11:15:00,Delivered,UPI,Mobile App,,0.0
511411,16128,2025-12-12 11:16:00,Cancelled,debit card,Mobile App,,49.0
511412,16428,2025-12-12 11:46:00,Delivered,upi,Mobile App,,0.0
511413,17659,2025-12-12 13:04:00,Delivered,COD,Mobile App,SAVE5,0.0
511414,15625,2025-12-12 13:18:00,Delivered,Credit Card,Mobile App,,0.0
511415,17701,2025-12-12 14:13:00,Returned,UPI,Mobile App,WELCOME15,0.0
511416,17150,2025-12-12 14:19:00,Delivered,UPI,Desktop,,0.0
511417,16832,2025-12-12 15:22:00,Returned,UPI,Mobile Web,,0.0
511418,17677,2025-12-12 15:25:00,Returned,Cash On Delivery,Mobile App,,0.0
511419,17679,2025-12-12 16:34:00,Delivered,UPI,Mobile App,,0.0
511420,17720,2025-12-12 17:55:00,Delivered,upi,Desktop,,0.0
511421,17724,2025-12-12 18:00:00,Delivered,credit card,Desktop,WELCOME15,0.0
511422,17749,2025-12-12 18:26:00,Delivered,Cash on Delivery,Mobile Web,WELCOME15,0.0
511423,17215,2025-12-12 21:15:00,Delivered,Credit Card,Desktop,,0.0
511424,17705,2025-12-12 21:31:00,Delivered,Credit Card,Desktop,WELCOME15,0.0
511425,17690,2025-12-12 21:33:00,Delivered,Credit Card,Mobile Web,WELCOME15,0.0
511426,17697,2025-12-12 21:43:00,Delivered,Credit Card,Mobile App,WELCOME15,0.0
511427,17700,2025-12-12 21:47:00,delivered ,UPI,Mobile App,WELCOME15,0.0
511428,14422,2025-12-12 21:50:00,Delivered,Cash on Delivery,Mobile App,,0.0
511429,17709,2025-12-12 22:13:00,Delivered,debit card,Mobile App,WELCOME15,0.0
511430,17710,2025-12-12 22:52:00,Delivered,UPI,Mobile App,,0.0
511431,17732,2025-12-12 23:12:00,Delivered,upi,Mobile App,,0.0
511432,17689,2025-12-12 23:26:00,DELIVERED,Cash on Delivery,Mobile App,WELCOME15,0.0
511433,17177,2025-12-13 07:03:00,DELIVERED,UPI,Mobile App,SAVE5,0.0
511434,17758,2025-12-13 07:52:00,Returned,UPI,Mobile Web,WELCOME15,0.0
511435,17737,2025-12-13 08:42:00,Delivered,UPI,Mobile Web,SAVE5,0.0
511436,14300,2025-12-13 08:49:00,Delivered,Net Banking,Mobile App,,0.0
511437,17688,2025-12-13 09:15:00,Delivered,Debit Card,Mobile Web,,0.0
511438,16994,2025-12-13 09:43:00,Delivered,upi,Desktop,,0.0
511439,17664,2025-12-13 10:30:00,Delivered,Debit Card,Mobile App,,49.0
511440,17621,2025-12-13 12:38:00,Delivered,Credit Card,Mobile Web,,0.0
511441,15847,2025-12-13 13:35:00,Delivered,DC,Mobile Web,,0.0
511442,17029,2025-12-13 13:43:00,Delivered,UPI,Mobile Web,,0.0
511443,17727,2025-12-13 14:32:00,Delivered,credit card,Mobile App,,0.0
511444,17735,2025-12-13 16:38:00,Delivered,upi,Mobile App,WELCOME15,0.0
511445,17618,2025-12-13 17:05:00,Delivered,UPI,Desktop,WELCOME15,0.0
511446,16773,2025-12-13 17:05:00,Delivered,upi,Desktop,,0.0
511447,17566,2025-12-13 18:11:00,Delivered,Credit Card,Mobile App,,0.0
511448,13041,2025-12-13 18:22:00,DELIVERED,UPI,Mobile Web,,0.0
511449,16570,2025-12-13 18:23:00,Delivered,Credit Card,Mobile App,,0.0
511450,16531,2025-12-13 19:50:00,Delivered,UPI,Desktop,,0.0
511451,17014,2025-12-13 20:42:00,Delivered,UPI,Mobile App,,0.0
511452,17713,2025-12-13 22:02:00,Delivered,upi,Desktop,WELCOME15,0.0
511453,16968,2025-12-13 22:23:00,Delivered,Cash On Delivery,Mobile Web,,0.0
511454,13577,2025-12-13 22:23:00,Delivered,UPI,Mobile App,,0.0
511455,16215,2025-12-13 23:06:00,Delivered,Debit Card,Mobile App,,0.0
511456,17654,2025-12-13 23:14:00,Delivered,UPI,Desktop,,0.0
511457,17704,2025-12-13 23:52:00,delivered ,UPI,Mobile Web,WELCOME15,0.0
511458,17760,2025-12-14 07:19:00,Delivered,debit card,Mobile App,,0.0
511459,17761,2025-12-14 07:53:00,Delivered,Cash on Delivery,Mobile App,,0.0
511460,17674,2025-12-14 08:17:00,DELIVERED,UPI,Mobile Web,WELCOME15,0.0
511461,17637,2025-12-14 08:37:00,Returned,Cash on Delivery,Mobile App,WELCOME15,0.0
511462,17673,2025-12-14 09:55:00,Delivered,UPI,Mobile App,,49.0
511463,17718,2025-12-14 10:02:00,Delivered,Upi,Mobile App,,0.0
511464,17498,2025-12-14 11:07:00,Delivered,Upi,Mobile App,,0.0
511465,17767,2025-12-14 11:44:00,Delivered,Upi,Desktop,WELCOME15,49.0
511466,17773,2025-12-14 11:55:00,Delivered,Net Banking,Mobile App,SAVE5,49.0
511467,17506,2025-12-14 11:57:00,Delivered,Net Banking,Desktop,,0.0
511468,14205,2025-12-14 12:15:00,Delivered,UPI,Mobile App,,0.0
511469,16475,2025-12-14 12:20:00,DELIVERED,UPI,Mobile App,,0.0
511470,17682,2025-12-14 13:05:00,Delivered,UPI,Mobile App,,0.0
511471,15256,2025-12-14 13:57:00,Delivered,Cash On Delivery,Mobile Web,,0.0
511472,16890,2025-12-14 14:06:00,Returned,Cash on Delivery,Mobile Web,,0.0
511473,16487,2025-12-14 14:07:00,Delivered,Credit Card,Mobile Web,,0.0
511474,17716,2025-12-14 14:07:00,DELIVERED,Credit Card,Desktop,,0.0
511475,17714,2025-12-14 14:49:00,Delivered,Debit Card,Mobile App,,0.0
511476,16081,2025-12-14 16:20:00,delivered ,upi,Mobile App,,0.0
511477,17692,2025-12-14 17:38:00,Delivered,upi,Mobile App,WELCOME15,0.0
511478,17602,2025-12-14 17:55:00,Delivered,Cash on Delivery,Mobile App,,0.0
511479,17759,2025-12-14 18:34:00,Delivered,UPI,Mobile App,,0.0
511480,17763,2025-12-14 18:52:00,Returned,credit card,Mobile App,SAVE5,0.0
511481,17775,2025-12-14 18:57:00,Delivered,UPI,Mobile App,WELCOME15,0.0
511482,17751,2025-12-14 19:46:00,Delivered,UPI,Mobile App,WELCOME15,0.0
511483,17333,2025-12-14 20:35:00,Delivered,Net Banking,Desktop,WELCOME15,0.0
511484,17756,2025-12-14 21:00:00,Delivered,Net Banking,Mobile App,WELCOME15,0.0
511485,14167,2025-12-14 21:01:00,returned ,upi,Mobile App,,0.0
511486,17766,2025-12-14 21:44:00,Returned,UPI,Mobile App,,0.0
511487,17707,2025-12-14 21:48:00,Delivered,UPI,Mobile Web,WELCOME15,0.0
511488,14553,2025-12-14 22:53:00,Delivered,UPI,Mobile App,,49.0
511489,17632,2025-12-15 07:15:00,Delivered,UPI,Mobile App,WELCOME15,0.0
511490,10861,2025-12-15 07:54:00,Returned,UPI,Mobile Web,,0.0
511491,17689,2025-12-15 07:55:00,Delivered,UPI,Mobile App,,0.0
511492,17097,2025-12-15 09:23:00,Returned,UPI,Mobile App,,0.0
511493,14628,2025-12-15 09:31:00,Delivered,Debit Card,Mobile Web,,0.0
511494,17620,2025-12-15 10:30:00,delivered ,Upi,Mobile Web,,0.0
511494,17620,2025-12-15 10:30:00,delivered ,Upi,Mobile Web,,0.0
511495,16940,2025-12-15 10:33:00,Delivered,UPI,Mobile App,,0.0
511496,17220,2025-12-15 10:42:00,Delivered,upi,Mobile App,,0.0
511497,15839,2025-12-15 10:45:00,DELIVERED,UPI,Mobile Web,,0.0
511498,17788,2025-12-15 11:11:00,Delivered,upi,Mobile Web,,0.0
511499,17643,2025-12-15 11:34:00,Delivered,upi,Mobile Web,WELCOME15,0.0
511500,17702,2025-12-15 13:12:00,delivered ,UPI,Mobile App,,0.0
511501,17745,2025-12-15 13:26:00,Returned,UPI,Desktop,WELCOME15,0.0
511502,14100,2025-12-15 13:30:00,Cancelled,Credit Card,Mobile App,,0.0
511503,17729,2025-12-15 13:47:00,Delivered,UPI,Desktop,WELCOME15,0.0
511504,15499,2025-12-15 14:06:00,Delivered,UPI,Mobile Web,,0.0
511505,17719,2025-12-15 15:35:00,Returned,UPI,Mobile App,WELCOME15,0.0
511506,14261,2025-12-15 16:54:00,Delivered,credit card,Mobile App,,0.0
511507,16849,2025-12-15 17:21:00,Delivered,Credit Card,Mobile Web,,0.0
511508,15726,2025-12-15 18:22:00,Delivered,cod,Mobile App,,0.0
511509,13848,2025-12-15 18:32:00,Delivered,UPI,Mobile Web,,0.0
511510,17299,2025-12-15 18:46:00,Delivered,UPI,Desktop,,0.0
511511,14534,2025-12-15 20:14:00,DELIVERED,Credit Card,Mobile App,,0.0
511512,17774,2025-12-15 20:46:00,Delivered,Credit Card,Mobile App,WELCOME15,0.0
511513,17249,2025-12-15 21:35:00,Delivered,Debit Card,Desktop,,0.0
511514,15281,2025-12-15 23:03:00,DELIVERED,UPI,Mobile App,,49.0
511515,17754,2025-12-15 23:44:00,Delivered,UPI,Desktop,,0.0
511516,12185,2025-12-16 08:14:00,Delivered,UPI,Mobile Web,,0.0
511517,16676,2025-12-16 08:47:00,Cancelled,Cash on Delivery,Mobile Web,,0.0
511518,17510,2025-12-16 09:25:00,Delivered,Credit Card,Mobile App,,0.0
511519,12978,2025-12-16 09:34:00,DELIVERED,UPI,Mobile App,,0.0
511520,17765,2025-12-16 09:38:00,Delivered,UPI,Mobile App,WELCOME15,0.0
511521,15679,2025-12-16 10:19:00,Delivered,UPI,Mobile Web,,0.0
511522,12594,2025-12-16 10:20:00,Delivered,UPI,Desktop,,0.0
511523,17739,2025-12-16 10:33:00,Delivered,Net Banking,Mobile App,WELCOME15,0.0
511524,17753,2025-12-16 10:43:00,Delivered,Upi,Mobile App,,0.0
511525,17785,2025-12-16 11:03:00,Delivered,UPI,Mobile Web,WELCOME15,0.0
511526,14820,2025-12-16 12:16:00,Delivered,UPI,Mobile Web,,0.0
511527,17610,2025-12-16 12:20:00,Delivered,COD,Mobile App,,0.0
511528,17636,2025-12-16 13:11:00,Returned,UPI,Mobile App,,0.0
511529,16906,2025-12-16 13:13:00,Delivered,UPI,Mobile App,,49.0
511530,16885,2025-12-16 13:20:00,Delivered,Credit Card,Mobile App,,0.0
511531,15473,2025-12-16 14:06:00,Delivered,Debit Card,Mobile App,,49.0
511532,17778,2025-12-16 14:18:00,Delivered,Debit Card,Mobile Web,,0.0
511533,17764,2025-12-16 14:19:00,Delivered,Upi,Desktop,,0.0
511534,15834,2025-12-16 15:04:00,Delivered,Net Banking,Desktop,,0.0
511535,16009,2025-12-16 16:06:00,DELIVERED,Cash on Delivery,Mobile Web,,49.0
511536,17762,2025-12-16 16:44:00,Delivered,Credit Card,Desktop,WELCOME15,0.0
511537,14074,2025-12-16 17:23:00,delivered ,Credit Card,Mobile Web,,0.0
511538,15658,2025-12-16 17:53:00,delivered ,UPI,Mobile Web,,49.0
511539,17777,2025-12-16 19:40:00,Delivered,UPI,Mobile App,WELCOME15,0.0
511540,17784,2025-12-16 20:26:00,Delivered,Debit Card,Mobile App,WELCOME15,0.0
511541,17781,2025-12-16 20:41:00,DELIVERED,Debit Card,Mobile App,WELCOME15,0.0
511542,17648,2025-12-16 20:47:00,Returned,UPI,Mobile App,,0.0
511543,17742,2025-12-16 20:59:00,Delivered,Upi,Mobile App,,0.0
511544,17782,2025-12-16 22:28:00,Delivered,UPI,Mobile App,WELCOME15,0.0
511545,17780,2025-12-16 22:37:00,Delivered,Debit Card,Mobile App,WELCOME15,0.0
511546,13111,2025-12-17 07:07:00,Delivered,UPI,Desktop,,0.0
511547,14883,2025-12-17 08:25:00,Delivered,UPI,Mobile App,,0.0
511548,17391,2025-12-17 08:31:00,Delivered,Net Banking,Mobile Web,,0.0
511549,17243,2025-12-17 11:03:00,Returned,UPI,Mobile App,,0.0
511550,17675,2025-12-17 11:52:00,Delivered,UPI,Desktop,WELCOME15,0.0
511551,17802,2025-12-17 11:52:00,Delivered,Cash on Delivery,Mobile App,,0.0
511552,17798,2025-12-17 12:36:00,Delivered,Cash on Delivery,Mobile App,,0.0
511553,17549,2025-12-17 14:12:00,Delivered,Debit Card,Mobile App,,0.0
511554,17513,2025-12-17 18:12:00,Delivered,Credit Card,Mobile App,,0.0
511555,15574,2025-12-17 21:43:00,Delivered,Upi,Mobile App,,0.0
511556,17501,2025-12-17 21:51:00,Cancelled,Debit Card,Mobile App,,0.0
511557,16206,2025-12-17 23:37:00,Delivered,upi,Desktop,,0.0
511558,12553,2025-12-18 08:35:00,Delivered,UPI,Desktop,,0.0
511559,15567,2025-12-18 08:51:00,Delivered,Cash On Delivery,Mobile App,,0.0
511560,17820,2025-12-18 09:08:00,Delivered,Net Banking,Mobile App,WELCOME15,0.0
511561,17768,2025-12-18 09:09:00,Delivered,Cash on Delivery,Mobile Web,,0.0
511562,15426,2025-12-18 09:38:00,DELIVERED,UPI,Mobile Web,,0.0
511563,17552,2025-12-18 10:41:00,Returned,upi,Mobile App,SAVE5,0.0
511564,17812,2025-12-18 11:31:00,delivered ,Cash on Delivery,Mobile App,WELCOME15,0.0
511565,11789,2025-12-18 12:24:00,Delivered,Upi,Mobile App,,0.0
511566,17810,2025-12-18 12:41:00,Delivered,Cash on Delivery,Mobile App,WELCOME15,0.0
511567,11902,2025-12-18 13:14:00,Delivered,Debit Card,Desktop,,0.0
511568,15281,2025-12-18 13:17:00,Delivered,Credit Card,Mobile App,,0.0
511569,17799,2025-12-18 13:28:00,DELIVERED,Debit Card,Mobile Web,WELCOME15,0.0
511570,15445,2025-12-18 13:44:00,Delivered,Net Banking,Desktop,,0.0
511571,16919,2025-12-18 14:52:00,returned ,UPI,Mobile App,,0.0
511572,15202,2025-12-18 14:52:00,Delivered,UPI,Desktop,SAVE5,49.0
511573,17779,2025-12-18 15:05:00,Delivered,UPI,Desktop,WELCOME15,0.0
511574,17238,2025-12-18 15:46:00,Delivered,Cash on Delivery,Mobile App,,0.0
511575,17666,2025-12-18 15:47:00,Delivered,UPI,Mobile Web,,0.0
511576,16222,2025-12-18 17:46:00,cancelled ,Credit Card,Mobile App,,0.0
511577,15736,2025-12-18 18:21:00,DELIVERED,UPI,Mobile App,,0.0
511578,16255,2025-12-18 18:32:00,Delivered,Upi,Mobile Web,,0.0
511579,16469,2025-12-18 19:16:00,Delivered,Debit Card,Mobile App,,49.0
511580,17693,2025-12-18 19:20:00,Delivered,UPI,Mobile Web,,0.0
511581,15400,2025-12-18 21:37:00,RETURNED,UPI,Mobile Web,,0.0
511582,17805,2025-12-18 23:04:00,delivered ,Upi,Mobile App,WELCOME15,0.0
511583,17813,2025-12-19 07:35:00,Delivered,Cash on Delivery,Mobile App,,0.0
511584,16611,2025-12-19 07:37:00,Delivered,UPI,Mobile Web,,0.0
511585,17823,2025-12-19 07:45:00,Returned,Cash On Delivery,Mobile Web,,0.0
511586,10409,2025-12-19 08:14:00,Delivered,upi,Mobile App,,0.0
511587,17062,2025-12-19 10:07:00,Delivered,UPI,Mobile App,,0.0
511588,17706,2025-12-19 10:18:00,Delivered,Debit Card,Mobile App,,0.0
511589,17750,2025-12-19 12:05:00,delivered ,UPI,Mobile Web,WELCOME15,0.0
511590,17304,2025-12-19 12:14:00,DELIVERED,CC,Mobile Web,,0.0
511591,17756,2025-12-19 12:32:00,Delivered,UPI,Mobile App,,0.0
511592,14082,2025-12-19 17:29:00,Returned,cod,Desktop,,0.0
511593,17807,2025-12-19 17:32:00,Delivered,UPI,Mobile App,,0.0
511594,16463,2025-12-19 17:52:00,Delivered,CC,Mobile App,,0.0
511595,17819,2025-12-19 18:04:00,Cancelled,UPI,Desktop,WELCOME15,49.0
511596,17801,2025-12-19 18:28:00,Delivered,UPI,Desktop,WELCOME15,49.0
511597,17678,2025-12-19 18:32:00,DELIVERED,Cash on Delivery,Mobile App,,0.0
511598,15053,2025-12-19 18:50:00,Delivered,Cash on Delivery,Mobile App,,0.0
511599,14587,2025-12-19 19:23:00,Delivered,UPI,Mobile App,,0.0
511600,13132,2025-12-19 19:25:00,DELIVERED,UPI,Mobile App,SAVE5,0.0
511601,17831,2025-12-19 19:49:00,RETURNED,UPI,Mobile App,,0.0
511602,16266,2025-12-19 20:10:00,returned ,UPI,Desktop,,0.0
511603,17225,2025-12-19 20:19:00,delivered ,UPI,Mobile Web,,0.0
511604,14117,2025-12-19 20:39:00,DELIVERED,UPI,Mobile App,,0.0
511605,17808,2025-12-19 20:55:00,Delivered,UPI,Mobile Web,WELCOME15,0.0
511606,16854,2025-12-19 21:07:00,Returned,Cash on Delivery,Mobile Web,,0.0
511607,17825,2025-12-19 21:31:00,DELIVERED,UPI,Mobile Web,WELCOME15,0.0
511608,16035,2025-12-19 22:10:00,Delivered,Debit Card,Mobile App,,0.0
511609,12329,2025-12-19 22:31:00,delivered ,Upi,Mobile Web,SAVE5,0.0
511610,17753,2025-12-19 22:35:00,DELIVERED,UPI,Mobile App,,0.0
511611,16791,2025-12-19 23:18:00,Delivered,credit card,Mobile Web,SAVE5,0.0
511612,17822,2025-12-19 23:49:00,Delivered,DC,Mobile Web,,0.0
511613,17617,2025-12-20 07:21:00,Delivered,Credit Card,Desktop,,49.0
511614,17736,2025-12-20 07:28:00,Delivered,credit card,Mobile App,WELCOME15,49.0
511615,14141,2025-12-20 08:50:00,Delivered,upi,Mobile App,,0.0
511616,17842,2025-12-20 09:41:00,DELIVERED,UPI,Mobile App,,0.0
511617,16708,2025-12-20 09:49:00,Delivered,UPI,Desktop,,0.0
511618,14486,2025-12-20 10:13:00,Returned,Debit Card,Mobile Web,,0.0
511619,13080,2025-12-20 10:25:00,Cancelled,Cash on Delivery,Mobile Web,,0.0
511620,17701,2025-12-20 12:19:00,RETURNED,Debit Card,Mobile Web,SAVE5,0.0
511621,17833,2025-12-20 13:27:00,Delivered,Debit Card,Mobile App,WELCOME15,0.0
511622,17771,2025-12-20 13:46:00,DELIVERED,UPI,Desktop,,0.0
511623,17671,2025-12-20 14:52:00,Cancelled,Cash On Delivery,Mobile App,WELCOME15,49.0
511624,16687,2025-12-20 14:56:00,Delivered,upi,Desktop,,0.0
511625,17818,2025-12-20 18:24:00,Delivered,Upi,Desktop,,0.0
511626,17848,2025-12-20 20:09:00,Delivered,Credit Card,Desktop,,0.0
511627,17746,2025-12-20 21:22:00,DELIVERED,Cash on Delivery,Mobile Web,WELCOME15,0.0
511628,17770,2025-12-20 22:26:00,Delivered,upi,Desktop,,0.0
511628,17770,2025-12-20 22:26:00,Delivered,upi,Desktop,,0.0
511629,17050,2025-12-20 22:26:00,Delivered,Upi,Mobile App,,0.0
511630,17752,2025-12-20 22:34:00,Delivered,UPI,Mobile Web,WELCOME15,0.0
511631,17787,2025-12-20 23:00:00,Delivered,Cash on Delivery,Mobile App,,0.0
511632,17587,2025-12-20 23:08:00,delivered ,UPI,Desktop,,0.0
511633,17837,2025-12-21 07:13:00,Delivered,Debit Card,Mobile Web,WELCOME15,0.0
511634,17856,2025-12-21 08:08:00,Delivered,UPI,Mobile Web,SAVE5,0.0
511635,15679,2025-12-21 08:20:00,Delivered,Credit Card,Desktop,SAVE5,0.0
511636,17757,2025-12-21 09:40:00,Delivered,Credit Card,Desktop,WELCOME15,0.0
511637,17858,2025-12-21 10:08:00,Delivered,UPI,Mobile App,,0.0
511638,16662,2025-12-21 10:55:00,delivered ,DC,Desktop,,0.0
511639,13854,2025-12-21 10:59:00,Delivered,Upi,Desktop,,49.0
511640,16172,2025-12-21 11:00:00,DELIVERED,UPI,Mobile App,,0.0
511641,16062,2025-12-21 11:14:00,Delivered,CC,Mobile App,,0.0
511642,17867,2025-12-21 11:19:00,delivered ,debit card,Mobile App,,0.0
511643,17854,2025-12-21 11:55:00,Delivered,UPI,Desktop,,0.0
511644,17174,2025-12-21 14:00:00,Delivered,Debit Card,Mobile App,,0.0
511645,17734,2025-12-21 15:37:00,returned ,Credit Card,Mobile Web,,0.0
511646,17821,2025-12-21 15:50:00,Delivered,Credit Card,Mobile App,,0.0
511647,14927,2025-12-21 16:51:00,Delivered,Cash on Delivery,Mobile Web,,0.0
511648,17826,2025-12-21 17:31:00,Cancelled,Cash on Delivery,Mobile Web,,0.0
511649,17525,2025-12-21 17:37:00,Delivered,UPI,Mobile App,,0.0
511650,17748,2025-12-21 17:56:00,Delivered,Debit Card,Mobile App,,0.0
511651,17846,2025-12-21 18:35:00,Returned,Debit Card,Mobile App,WELCOME15,0.0
511652,14986,2025-12-21 21:27:00,Delivered,Debit Card,Desktop,,0.0
511653,17829,2025-12-21 22:03:00,RETURNED,UPI,Mobile App,WELCOME15,0.0
511654,17783,2025-12-21 23:51:00,Delivered,Cash on Delivery,Mobile Web,WELCOME15,0.0
511655,17793,2025-12-22 07:15:00,Delivered,Debit Card,Mobile App,WELCOME15,49.0
511656,17809,2025-12-22 07:36:00,Delivered,Cash on Delivery,Mobile App,,0.0
511657,17838,2025-12-22 07:55:00,delivered ,Credit Card,Mobile Web,,0.0
511658,17844,2025-12-22 08:05:00,Delivered,Credit Card,Mobile Web,,0.0
511659,17839,2025-12-22 08:59:00,Delivered,UPI,Mobile Web,WELCOME15,49.0
511660,17062,2025-12-22 09:04:00,Delivered,Cash on Delivery,Mobile Web,,0.0
511661,11487,2025-12-22 16:18:00,Delivered,Cash on Delivery,Mobile Web,,0.0
511662,15371,2025-12-22 16:36:00,DELIVERED,UPI,Desktop,,0.0
511663,17804,2025-12-22 17:16:00,Delivered,Debit Card,Mobile App,,0.0
511664,17789,2025-12-22 17:23:00,Cancelled,Upi,Mobile App,WELCOME15,0.0
511665,17853,2025-12-22 17:44:00,DELIVERED,Credit Card,Mobile App,WELCOME15,49.0
511666,17824,2025-12-22 17:47:00,Delivered,debit card,Mobile Web,,0.0
511667,17061,2025-12-22 18:04:00,Delivered,Net Banking,Desktop,,0.0
511668,17862,2025-12-22 18:17:00,DELIVERED,Net Banking,Mobile Web,,0.0
511669,17825,2025-12-22 18:42:00,Delivered,Cash on Delivery,Mobile App,,0.0
511670,17872,2025-12-22 19:22:00,Delivered,Net Banking,Mobile App,WELCOME15,0.0
511671,17552,2025-12-22 20:42:00,Delivered,Debit Card,Mobile App,,0.0
511672,17871,2025-12-22 21:45:00,Delivered,UPI,Mobile Web,WELCOME15,0.0
511673,12797,2025-12-22 21:52:00,DELIVERED,Net Banking,Mobile Web,,0.0
511674,17860,2025-12-22 22:21:00,DELIVERED,DC,Mobile App,,0.0
511675,13882,2025-12-22 22:42:00,Delivered,UPI,Mobile App,,0.0
511676,17406,2025-12-22 22:58:00,DELIVERED,Credit Card,Mobile App,,0.0
511677,17601,2025-12-22 23:10:00,Delivered,Credit Card,Mobile App,,0.0
511678,15860,2025-12-23 07:20:00,delivered ,Credit Card,Mobile App,,0.0
511679,17817,2025-12-23 07:27:00,DELIVERED,UPI,Mobile App,WELCOME15,0.0
511680,17864,2025-12-23 09:24:00,Delivered,Debit Card,Mobile App,WELCOME15,0.0
511681,15616,2025-12-23 09:49:00,CANCELLED,Net Banking,Mobile App,,49.0
511682,17841,2025-12-23 11:08:00,Delivered,UPI,Mobile Web,WELCOME15,0.0
511683,17881,2025-12-23 11:09:00,Delivered,UPI,Mobile App,WELCOME15,0.0
511684,16431,2025-12-23 12:00:00,Delivered,UPI,Desktop,,0.0
511685,16549,2025-12-23 12:20:00,delivered ,Credit Card,Mobile App,,0.0
511686,17694,2025-12-23 12:30:00,Delivered,Cash on Delivery,Mobile App,WELCOME15,0.0
511687,17333,2025-12-23 13:18:00,Delivered,Debit Card,Mobile Web,,0.0
511688,11889,2025-12-23 14:10:00,Delivered,UPI,Mobile Web,,0.0
511689,16898,2025-12-23 14:44:00,Delivered,UPI,Mobile Web,,0.0
511690,14856,2025-12-23 14:51:00,delivered ,Cash on Delivery,Mobile App,,0.0
511691,17668,2025-12-23 14:53:00,DELIVERED,UPI,Mobile Web,SAVE5,0.0
511692,16913,2025-12-23 15:29:00,DELIVERED,Credit Card,Desktop,,0.0
511692,16913,2025-12-23 15:29:00,DELIVERED,Credit Card,Desktop,,0.0
511693,17891,2025-12-23 15:42:00,Returned,UPI,Mobile Web,WELCOME15,0.0
511694,15839,2025-12-23 15:46:00,Returned,Cash on Delivery,Mobile Web,,0.0
511695,15034,2025-12-23 15:46:00,RETURNED,UPI,Mobile App,,0.0
511696,13468,2025-12-23 16:45:00,Returned,UPI,Mobile App,,0.0
511697,11563,2025-12-23 16:51:00,Delivered,Credit Card,Mobile Web,,0.0
511698,17893,2025-12-23 17:24:00,Delivered,Credit Card,Desktop,WELCOME15,0.0
511699,17896,2025-12-23 17:25:00,DELIVERED,Credit Card,Mobile Web,,0.0
511700,13335,2025-12-23 18:32:00,DELIVERED,Debit Card,Mobile App,SAVE5,0.0
511701,16945,2025-12-23 19:24:00,Delivered,Credit Card,Mobile App,,0.0
511702,16071,2025-12-23 19:58:00,Delivered,Credit Card,Mobile App,,0.0
511703,17358,2025-12-23 20:10:00,Delivered,upi,Desktop,,0.0
511704,16081,2025-12-23 22:06:00,Delivered,upi,Mobile App,,0.0
511705,17886,2025-12-23 22:55:00,Delivered,Debit Card,Mobile App,WELCOME15,0.0
511706,15568,2025-12-23 23:54:00,Delivered,UPI,Mobile App,,0.0
511707,17889,2025-12-24 07:13:00,Delivered,UPI,Mobile App,,0.0
511708,17509,2025-12-24 09:09:00,Delivered,Credit Card,Mobile App,,0.0
511709,17863,2025-12-24 09:49:00,delivered ,Debit Card,Mobile App,,0.0
511710,17297,2025-12-24 11:24:00,Delivered,UPI,Mobile App,,0.0
511711,12635,2025-12-24 12:09:00,Delivered,Upi,Mobile Web,,0.0
511712,15134,2025-12-24 13:06:00,Delivered,UPI,Mobile Web,,0.0
511713,14757,2025-12-24 14:00:00,Delivered,UPI,Mobile App,,0.0
511714,17898,2025-12-24 15:38:00,Delivered,Cash on Delivery,Mobile Web,SAVE5,0.0
511715,17874,2025-12-24 16:59:00,Delivered,UPI,Mobile Web,,0.0
511716,17101,2025-12-24 17:12:00,Delivered,UPI,Mobile Web,,0.0
511717,17907,2025-12-24 18:51:00,Delivered,upi,Mobile App,WELCOME15,0.0
511718,13590,2025-12-24 21:17:00,Delivered,UPI,Mobile App,,0.0
511719,12008,2025-12-24 21:53:00,Delivered,Debit Card,Desktop,SAVE5,0.0
511720,16957,2025-12-24 22:05:00,Delivered,UPI,Mobile App,,0.0
511721,16754,2025-12-24 22:22:00,delivered ,Cash On Delivery,Mobile App,,0.0
511722,15153,2025-12-24 22:41:00,DELIVERED,UPI,Mobile App,,49.0
511723,16953,2025-12-25 07:29:00,Delivered,Debit Card,Mobile App,,49.0
511724,17845,2025-12-25 07:58:00,Delivered,Debit Card,Mobile App,,0.0
511725,17902,2025-12-25 08:17:00,Delivered,UPI,Mobile Web,,0.0
511726,17557,2025-12-25 09:13:00,Returned,Cash on Delivery,Mobile Web,SAVE5,0.0
511727,17916,2025-12-25 09:35:00,DELIVERED,Credit Card,Mobile Web,,0.0
511728,15053,2025-12-25 10:07:00,Delivered,Credit Card,Mobile App,,0.0
511729,17636,2025-12-25 10:33:00,Delivered,Cash on Delivery,Mobile App,,0.0
511730,17877,2025-12-25 10:47:00,DELIVERED,UPI,Mobile App,,0.0
511731,16643,2025-12-25 11:03:00,Cancelled,Upi,Mobile App,,0.0
511732,17870,2025-12-25 11:21:00,Delivered,UPI,Mobile App,,0.0
511733,14782,2025-12-25 11:22:00,Delivered,credit card,Mobile App,,0.0
511734,17884,2025-12-25 11:34:00,Delivered,UPI,Mobile App,WELCOME15,0.0
511735,17850,2025-12-25 12:23:00,returned ,UPI,Desktop,WELCOME15,0.0
511736,16604,2025-12-25 13:30:00,Delivered,CC,Mobile App,,0.0
511737,17914,2025-12-25 14:25:00,RETURNED,UPI,Mobile App,WELCOME15,0.0
511738,14555,2025-12-25 15:19:00,Delivered,Credit Card,Mobile Web,,0.0
511739,17223,2025-12-25 16:32:00,DELIVERED,Credit Card,Mobile Web,,0.0
511740,16318,2025-12-25 17:05:00,DELIVERED,UPI,Mobile App,,0.0
511741,14440,2025-12-25 17:41:00,DELIVERED,Upi,Desktop,SAVE5,0.0
511742,14189,2025-12-25 20:26:00,delivered ,Cash on Delivery,Mobile App,,0.0
511743,17713,2025-12-25 22:54:00,Delivered,Debit Card,Mobile App,SAVE5,0.0
511744,16973,2025-12-26 07:12:00,Cancelled,Cash on Delivery,Mobile Web,,0.0
511745,17895,2025-12-26 09:34:00,Delivered,UPI,Mobile App,,0.0
511746,16441,2025-12-26 09:39:00,Delivered,Upi,Mobile App,,0.0
511747,17674,2025-12-26 12:34:00,Delivered,Credit Card,Mobile Web,,0.0
511748,16513,2025-12-26 12:39:00,Delivered,debit card,Desktop,,0.0
511749,17925,2025-12-26 13:28:00,DELIVERED,Upi,Mobile Web,WELCOME15,0.0
511750,17909,2025-12-26 14:06:00,Delivered,Cash on Delivery,Desktop,WELCOME15,0.0
511751,17922,2025-12-26 15:10:00,Delivered,UPI,Mobile App,,0.0
511752,17924,2025-12-26 15:41:00,DELIVERED,UPI,Mobile App,WELCOME15,0.0
511753,16558,2025-12-26 16:00:00,Delivered,Net Banking,Mobile App,,0.0
511754,17878,2025-12-26 16:55:00,Delivered,Credit Card,Mobile Web,WELCOME15,0.0
511755,16805,2025-12-26 17:06:00,delivered ,Upi,Mobile App,,0.0
511756,17868,2025-12-26 18:03:00,Delivered,Credit Card,Mobile App,,0.0
511757,17882,2025-12-26 18:33:00,Delivered,UPI,Mobile App,,0.0
511758,16126,2025-12-26 18:43:00,Delivered,Debit Card,Mobile Web,,49.0
511759,17875,2025-12-26 19:14:00,Returned,Debit Card,Mobile Web,WELCOME15,0.0
511760,17834,2025-12-26 20:14:00,Returned,Cash on Delivery,Mobile App,,0.0
511761,17883,2025-12-26 20:56:00,Returned,UPI,Desktop,WELCOME15,0.0
511762,17903,2025-12-26 21:15:00,Delivered,UPI,Desktop,WELCOME15,0.0
511763,17894,2025-12-26 22:00:00,Delivered,UPI,Mobile App,,0.0
511764,15747,2025-12-26 22:25:00,Delivered,Credit Card,Desktop,,0.0
511765,17802,2025-12-26 22:30:00,Delivered,UPI,Mobile App,,0.0
511766,17415,2025-12-26 22:50:00,CANCELLED,Cash on Delivery,Mobile App,,49.0
511767,15738,2025-12-26 23:10:00,Cancelled,Debit Card,Mobile Web,,49.0
511768,17209,2025-12-27 08:11:00,Shipped,UPI,Mobile App,,49.0
511769,16883,2025-12-27 10:18:00,SHIPPED,Cash on Delivery,Desktop,,0.0
511770,14227,2025-12-27 15:10:00,SHIPPED,Cash on Delivery,Desktop,,0.0
511771,17930,2025-12-27 16:32:00,SHIPPED,Credit Card,Desktop,WELCOME15,0.0
511772,17933,2025-12-27 18:08:00,SHIPPED,COD,Desktop,,0.0
511773,14737,2025-12-27 19:19:00,Shipped,Cash on Delivery,Mobile App,,0.0
511774,17843,2025-12-27 19:31:00,Shipped,UPI,Mobile App,,0.0
511775,17919,2025-12-27 19:36:00,Shipped,Credit Card,Mobile Web,WELCOME15,0.0
511775,17919,2025-12-27 19:36:00,Shipped,Credit Card,Mobile Web,WELCOME15,0.0
511776,16470,2025-12-27 20:17:00,Shipped,UPI,Mobile Web,,0.0
511777,12348,2025-12-27 20:41:00,Shipped,Debit Card,Mobile Web,,0.0
511778,11850,2025-12-27 21:04:00,Shipped,Cash on Delivery,Mobile Web,,0.0
511779,15676,2025-12-27 22:55:00,SHIPPED,Debit Card,Desktop,,49.0
511780,17286,2025-12-27 23:08:00,Shipped,upi,Mobile App,,0.0
511781,14074,2025-12-28 09:58:00,Shipped,UPI,Desktop,,49.0
511782,16401,2025-12-28 10:22:00,shipped ,Cash on Delivery,Mobile App,,0.0
511783,17657,2025-12-28 10:56:00,Shipped,Debit Card,Desktop,WELCOME15,0.0
511784,16994,2025-12-28 12:07:00,Shipped,UPI,Desktop,,0.0
511785,17176,2025-12-28 12:16:00,Shipped,Cash on Delivery,Desktop,,0.0
511786,17806,2025-12-28 12:22:00,Shipped,UPI,Mobile Web,WELCOME15,0.0
511787,17828,2025-12-28 13:14:00,Shipped,Cash on Delivery,Desktop,WELCOME15,0.0
511788,15602,2025-12-28 14:13:00,Shipped,upi,Mobile Web,,0.0
511789,17950,2025-12-28 14:16:00,Shipped,Net Banking,Mobile App,WELCOME15,0.0
511790,17688,2025-12-28 15:15:00,cancelled ,Cash on Delivery,Mobile Web,,49.0
511791,15458,2025-12-28 15:28:00,SHIPPED,UPI,Mobile Web,,0.0
511792,15792,2025-12-28 15:42:00,Shipped,Credit Card,Mobile App,,0.0
511793,16255,2025-12-28 15:57:00,Shipped,Debit Card,Desktop,,49.0
511794,15914,2025-12-28 18:04:00,shipped ,Credit Card,Desktop,,49.0
511795,14770,2025-12-28 19:33:00,Shipped,Credit Card,Mobile Web,,49.0
511796,17890,2025-12-28 19:53:00,Shipped,UPI,Mobile App,,0.0
511797,15181,2025-12-28 20:00:00,Shipped,Debit Card,Mobile App,,0.0
511798,17941,2025-12-28 20:10:00,shipped ,Cash on Delivery,Mobile Web,WELCOME15,0.0
511799,15960,2025-12-28 20:41:00,Shipped,credit card,Mobile Web,,0.0
511800,17920,2025-12-28 21:17:00,Shipped,UPI,Desktop,WELCOME15,0.0
511801,17936,2025-12-28 22:04:00,Shipped,Cash on Delivery,Mobile Web,WELCOME15,0.0
511802,17953,2025-12-28 23:28:00,shipped ,UPI,Mobile App,SAVE5,49.0
511803,16075,2025-12-28 23:53:00,Shipped,UPI,Mobile Web,,0.0
511804,17190,2025-12-29 07:31:00,Shipped,UPI,Mobile App,,0.0
511805,17861,2025-12-29 07:48:00,Shipped,upi,Mobile Web,WELCOME15,0.0
511806,16842,2025-12-29 07:56:00,Shipped,UPI,Mobile Web,,0.0
511807,17947,2025-12-29 08:00:00,Shipped,Credit Card,Mobile App,,0.0
511808,16579,2025-12-29 08:01:00,SHIPPED,Credit Card,Mobile App,,0.0
511809,17957,2025-12-29 08:14:00,Shipped,Cash on Delivery,Mobile App,,0.0
511809,17957,2025-12-29 08:14:00,Shipped,Cash on Delivery,Mobile App,,0.0
511810,11994,2025-12-29 08:14:00,Shipped,Cash on Delivery,Desktop,,0.0
511811,17502,2025-12-29 09:22:00,Shipped,cod,Mobile Web,,0.0
511812,17921,2025-12-29 09:37:00,Shipped,UPI,Desktop,WELCOME15,0.0
511813,16479,2025-12-29 09:56:00,Cancelled,Cash on Delivery,Mobile Web,,0.0
511814,16208,2025-12-29 10:20:00,Shipped,Cash on Delivery,Desktop,,0.0
511814,16208,2025-12-29 10:20:00,Shipped,Cash on Delivery,Desktop,,0.0
511815,17879,2025-12-29 10:23:00,Shipped,UPI,Desktop,,49.0
511816,14116,2025-12-29 10:23:00,Shipped,Net Banking,Mobile App,,49.0
511817,17714,2025-12-29 11:12:00,Shipped,UPI,Mobile Web,SAVE5,0.0
511818,14514,2025-12-29 11:28:00,Shipped,Debit Card,Desktop,,0.0
511819,17199,2025-12-29 12:07:00,Shipped,Credit Card,Mobile Web,,0.0
511820,17900,2025-12-29 12:31:00,shipped ,Cash on Delivery,Mobile App,WELCOME15,0.0
511821,17937,2025-12-29 15:10:00,Shipped,Cash on Delivery,Mobile App,WELCOME15,49.0
511822,17923,2025-12-29 16:05:00,Shipped,Cash On Delivery,Mobile App,WELCOME15,0.0
511823,17689,2025-12-29 16:27:00,Shipped,UPI,Desktop,,0.0
511824,17948,2025-12-29 16:37:00,Shipped,Upi,Desktop,WELCOME15,0.0
511825,17962,2025-12-29 17:02:00,Shipped,Debit Card,Mobile App,WELCOME15,0.0
511826,15303,2025-12-29 17:41:00,SHIPPED,UPI,Mobile Web,,0.0
511827,13358,2025-12-29 17:58:00,SHIPPED,COD,Mobile Web,,49.0
511828,17795,2025-12-29 18:17:00,Shipped,CC,Mobile App,WELCOME15,0.0
511829,17955,2025-12-29 18:17:00,Shipped,UPI,Mobile Web,,49.0
511830,14340,2025-12-29 20:36:00,SHIPPED,Debit Card,Mobile App,,0.0
511831,17460,2025-12-29 21:03:00,Shipped,cod,Desktop,,0.0
511832,17907,2025-12-29 21:05:00,Shipped,credit card,Mobile App,,0.0
511833,17928,2025-12-29 21:52:00,Shipped,Debit Card,Mobile App,WELCOME15,0.0
511834,16029,2025-12-29 22:05:00,Shipped,UPI,Mobile App,,0.0
511835,17934,2025-12-29 22:10:00,shipped ,Credit Card,Desktop,WELCOME15,0.0
511836,17993,2025-12-30 07:07:00,Shipped,UPI,Mobile App,,0.0
511837,15049,2025-12-30 07:23:00,Shipped,UPI,Mobile App,,0.0
511838,17938,2025-12-30 07:41:00,Shipped,Cash on Delivery,Desktop,,0.0
511839,17968,2025-12-30 08:03:00,Shipped,Debit Card,Mobile App,,0.0
511840,17366,2025-12-30 09:53:00,Shipped,UPI,Mobile Web,,0.0
511841,15029,2025-12-30 09:56:00,SHIPPED,Credit Card,Mobile Web,,0.0
511842,17762,2025-12-30 11:19:00,Shipped,credit card,Desktop,,0.0
511843,13786,2025-12-30 11:53:00,Shipped,Cash on Delivery,Mobile App,,0.0
511844,16822,2025-12-30 13:08:00,Shipped,Credit Card,Mobile App,,0.0
511845,16708,2025-12-30 18:06:00,Shipped,UPI,Mobile Web,,0.0
511846,15401,2025-12-30 19:51:00,shipped ,UPI,Mobile App,,0.0
511847,17852,2025-12-30 20:14:00,Cancelled,Cash on Delivery,Mobile App,,0.0
511848,17768,2025-12-30 20:23:00,Shipped,cod,Mobile Web,,0.0
511849,16660,2025-12-30 20:36:00,SHIPPED,UPI,Mobile App,,0.0
511850,17357,2025-12-30 20:38:00,Shipped,Upi,Mobile Web,SAVE5,0.0
511851,16867,2025-12-30 21:41:00,Shipped,Credit Card,Mobile App,SAVE5,0.0
511852,17927,2025-12-30 22:06:00,Shipped,Credit Card,Mobile App,WELCOME15,0.0
511853,17951,2025-12-30 23:11:00,Shipped,UPI,Mobile App,WELCOME15,0.0
511854,17915,2025-12-30 23:33:00,Shipped,Cash on Delivery,Mobile App,,0.0
511855,17944,2025-12-31 07:02:00,Shipped,UPI,Mobile App,WELCOME15,49.0
511856,17904,2025-12-31 08:27:00,SHIPPED,UPI,Desktop,,0.0
511857,17888,2025-12-31 08:52:00,Shipped,UPI,Mobile App,WELCOME15,0.0
511858,17954,2025-12-31 08:57:00,Shipped,Credit Card,Mobile App,,0.0
511859,13638,2025-12-31 09:03:00,SHIPPED,UPI,Mobile Web,,0.0
511860,15281,2025-12-31 09:34:00,Cancelled,UPI,Mobile App,,0.0
511861,17198,2025-12-31 10:34:00,Shipped,Net Banking,Mobile App,,49.0
511862,17266,2025-12-31 11:33:00,SHIPPED,Cash on Delivery,Mobile App,,0.0
511863,17781,2025-12-31 11:41:00,shipped ,DC,Desktop,,0.0
511864,17965,2025-12-31 12:32:00,Shipped,Debit Card,Mobile Web,WELCOME15,0.0
511865,17511,2025-12-31 13:02:00,SHIPPED,Cash on Delivery,Mobile Web,,0.0
511866,16176,2025-12-31 14:35:00,Shipped,Credit Card,Mobile Web,,0.0
511867,17998,2025-12-31 14:51:00,Shipped,Credit Card,Mobile App,,0.0
511868,17943,2025-12-31 15:21:00,shipped ,UPI,Mobile Web,WELCOME15,0.0
511869,17997,2025-12-31 16:47:00,Shipped,upi,Mobile App,,0.0
511870,15652,2025-12-31 17:27:00,Shipped,UPI,Mobile App,,0.0
511871,17961,2025-12-31 18:01:00,Shipped,UPI,Mobile App,WELCOME15,0.0
511872,17772,2025-12-31 18:02:00,Shipped,Credit Card,Mobile Web,WELCOME15,49.0
511873,17985,2025-12-31 18:06:00,Shipped,Cash on Delivery,Mobile Web,,49.0
511874,17855,2025-12-31 18:18:00,Cancelled,Cash on Delivery,Mobile Web,,0.0
511875,17030,2025-12-31 18:51:00,Shipped,UPI,Desktop,,49.0
511876,16768,2025-12-31 18:57:00,Shipped,credit card,Mobile App,,49.0
511877,15761,2025-12-31 19:01:00,Shipped,UPI,Desktop,,0.0
511878,17064,2025-12-31 19:02:00,Shipped,UPI,Mobile Web,SAVE5,0.0
511879,15125,2025-12-31 19:41:00,Shipped,UPI,Mobile App,,0.0
511880,15287,2025-12-31 19:55:00,Shipped,UPI,Mobile App,,0.0
511881,13248,2025-12-31 20:14:00,Shipped,UPI,Mobile App,SAVE5,0.0
511882,16389,2025-12-31 21:05:00,Shipped,Cash on Delivery,Desktop,,0.0
511883,17618,2025-12-31 21:06:00,SHIPPED,UPI,Mobile App,,0.0
511884,17972,2025-12-31 22:35:00,Cancelled,DC,Desktop,WELCOME15,49.0
511885,17908,2025-12-31 23:39:00,shipped ,Cash on Delivery,Mobile Web,WELCOME15,0.0
